timestamp_utc,trip_id,tren,fecha_tren,estado,retraso_seg,retraso_min
2026-05-27T02:30:37Z,1044X20203C4a,1044X,,SCHEDULED,-120,-2.0
2026-05-27T02:35:23Z,1044X20203C4a,1044X,,SCHEDULED,-120,-2.0
2026-05-27T02:40:28Z,1044X20203C4a,1044X,,SCHEDULED,-120,-2.0
2026-05-27T02:45:29Z,1044X20203C4a,1044X,,SCHEDULED,-120,-2.0
2026-05-27T02:50:27Z,5144X78280R2,5144X,,SCHEDULED,120,2.0
2026-05-27T03:00:44Z,5144X28400R2N,5144X,,SCHEDULED,60,1.0
2026-05-27T03:00:44Z,5144X78280R2,5144X,,SCHEDULED,240,4.0
2026-05-27T03:00:44Z,1044X21603C2,1044X,,SCHEDULED,-120,-2.0
2026-05-27T03:00:44Z,1044X21601C2,1044X,,SCHEDULED,60,1.0
2026-05-27T03:00:44Z,1044X20203C4a,1044X,,SCHEDULED,180,3.0
2026-05-27T03:05:23Z,5144X77502R4,5144X,,SCHEDULED,60,1.0
2026-05-27T03:05:23Z,5144X78280R2,5144X,,SCHEDULED,180,3.0
2026-05-27T03:05:23Z,5144X25602R1,5144X,,SCHEDULED,120,2.0
2026-05-27T03:05:23Z,1044X21603C2,1044X,,SCHEDULED,-120,-2.0
2026-05-27T03:05:23Z,1044X20203C4a,1044X,,SCHEDULED,180,3.0
2026-05-27T03:05:23Z,1044X21500C2,1044X,,SCHEDULED,60,1.0
2026-05-27T03:10:29Z,3044X23500C1,3044X,,SCHEDULED,-60,-1.0
2026-05-27T03:10:29Z,5144X28400R2N,5144X,,SCHEDULED,240,4.0
2026-05-27T03:10:29Z,5144X78280R2,5144X,,SCHEDULED,240,4.0
2026-05-27T03:10:29Z,5144X28557R2N,5144X,,SCHEDULED,-60,-1.0
2026-05-27T03:10:29Z,5144X25602R1,5144X,,SCHEDULED,120,2.0
2026-05-27T03:10:29Z,1044X20403C4b,1044X,,SCHEDULED,240,4.0
2026-05-27T03:10:29Z,1044X20205C4a,1044X,,SCHEDULED,180,3.0
2026-05-27T03:10:29Z,1044X21500C2,1044X,,SCHEDULED,60,1.0
2026-05-27T03:10:29Z,1044X21703C2,1044X,,SCHEDULED,120,2.0
2026-05-27T03:10:29Z,1044X21603C2,1044X,,SCHEDULED,-120,-2.0
2026-05-27T03:10:29Z,1044X21601C2,1044X,,SCHEDULED,60,1.0
2026-05-27T03:15:29Z,5144X28400R2N,5144X,,SCHEDULED,240,4.0
2026-05-27T03:15:29Z,5144X78280R2,5144X,,SCHEDULED,180,3.0
2026-05-27T03:15:29Z,6044X26000C2,6044X,,SCHEDULED,180,3.0
2026-05-27T03:15:29Z,1044X21700C7,1044X,,SCHEDULED,60,1.0
2026-05-27T03:15:29Z,1044X21603C2,1044X,,SCHEDULED,-120,-2.0
2026-05-27T03:15:29Z,1044X78002C3,1044X,,SCHEDULED,180,3.0
2026-05-27T03:15:29Z,1044X21601C2,1044X,,SCHEDULED,60,1.0
2026-05-27T03:15:29Z,1044X20403C4b,1044X,,SCHEDULED,300,5.0
2026-05-27T03:15:29Z,1044X20205C4a,1044X,,SCHEDULED,300,5.0
2026-05-27T03:15:29Z,1044X20203C4a,1044X,,SCHEDULED,240,4.0
2026-05-27T03:15:29Z,1044X21500C2,1044X,,SCHEDULED,120,2.0
2026-05-27T03:15:29Z,1044X21703C2,1044X,,SCHEDULED,120,2.0
2026-05-27T03:25:24Z,5144X28400R2N,5144X,,SCHEDULED,480,8.0
2026-05-27T03:25:24Z,5144X77400R4,5144X,,SCHEDULED,120,2.0
2026-05-27T03:25:24Z,5144X25604R1,5144X,,SCHEDULED,-60,-1.0
2026-05-27T03:25:24Z,5144X25702R1,5144X,,SCHEDULED,120,2.0
2026-05-27T03:25:24Z,5144X25602R1,5144X,,SCHEDULED,180,3.0
2026-05-27T03:25:24Z,1044X78003C3,1044X,,SCHEDULED,180,3.0
2026-05-27T03:25:24Z,1044X20203C4a,1044X,,SCHEDULED,240,4.0
2026-05-27T03:25:24Z,1044X19799C1,1044X,,SCHEDULED,120,2.0
2026-05-27T03:25:24Z,1044X21303C10,1044X,,SCHEDULED,-60,-1.0
2026-05-27T03:25:24Z,1044X21703C2,1044X,,SCHEDULED,60,1.0
2026-05-27T03:25:24Z,1044X20403C4b,1044X,,SCHEDULED,120,2.0
2026-05-27T03:30:38Z,3244X23303C1,3244X,,SCHEDULED,60,1.0
2026-05-27T03:30:38Z,5144X28400R2N,5144X,,SCHEDULED,420,7.0
2026-05-27T03:30:38Z,5144X77400R4,5144X,,SCHEDULED,60,1.0
2026-05-27T03:30:38Z,5144X78288R2,5144X,,SCHEDULED,120,2.0
2026-05-27T03:30:38Z,5144X77200R2S,5144X,,SCHEDULED,120,2.0
2026-05-27T03:30:38Z,5144X78280R2,5144X,,SCHEDULED,180,3.0
2026-05-27T03:30:38Z,5144X25602R1,5144X,,SCHEDULED,180,3.0
2026-05-27T03:30:38Z,5144X25604R1,5144X,,SCHEDULED,120,2.0
2026-05-27T03:30:38Z,6044X26000C2,6044X,,SCHEDULED,180,3.0
2026-05-27T03:30:38Z,6044X26502C3,6044X,,SCHEDULED,60,1.0
2026-05-27T03:30:38Z,6144X32770C1,6144X,,SCHEDULED,-60,-1.0
2026-05-27T03:30:38Z,1044X21603C2,1044X,,SCHEDULED,60,1.0
2026-05-27T03:30:38Z,1044X21601C2,1044X,,SCHEDULED,120,2.0
2026-05-27T03:30:38Z,1044X78003C3,1044X,,SCHEDULED,240,4.0
2026-05-27T03:30:38Z,1044X20405C4b,1044X,,SCHEDULED,120,2.0
2026-05-27T03:30:38Z,1044X20403C4b,1044X,,SCHEDULED,300,5.0
2026-05-27T03:30:38Z,1044X20203C4a,1044X,,SCHEDULED,300,5.0
2026-05-27T03:30:38Z,1044X20407C4b,1044X,,SCHEDULED,60,1.0
2026-05-27T03:30:38Z,1044X21501C2,1044X,,SCHEDULED,120,2.0
2026-05-27T03:30:38Z,1044X21303C10,1044X,,SCHEDULED,-60,-1.0
2026-05-27T03:30:38Z,1044X21500C2,1044X,,SCHEDULED,240,4.0
2026-05-27T03:35:26Z,3044X23500C1,3044X,,SCHEDULED,120,2.0
2026-05-27T03:35:26Z,3244X23303C1,3244X,,SCHEDULED,180,3.0
2026-05-27T03:35:26Z,5144X28402R2N,5144X,,SCHEDULED,60,1.0
2026-05-27T03:35:26Z,5144X78288R2,5144X,,SCHEDULED,120,2.0
2026-05-27T03:35:26Z,5144X77201R2S,5144X,,SCHEDULED,-60,-1.0
2026-05-27T03:35:26Z,5144X77400R4,5144X,,SCHEDULED,60,1.0
2026-05-27T03:35:26Z,5144X77200R2S,5144X,,SCHEDULED,300,5.0
2026-05-27T03:35:26Z,5144X77506R4,5144X,,SCHEDULED,120,2.0
2026-05-27T03:35:26Z,5144X25602R1,5144X,,SCHEDULED,240,4.0
2026-05-27T03:35:26Z,6044X26002C2,6044X,,SCHEDULED,60,1.0
2026-05-27T03:35:26Z,6144X32769C1,6144X,,SCHEDULED,60,1.0
2026-05-27T03:35:26Z,1044X78003C3,1044X,,SCHEDULED,240,4.0
2026-05-27T03:35:26Z,1044X21601C2,1044X,,SCHEDULED,60,1.0
2026-05-27T03:35:26Z,1044X21501C2,1044X,,SCHEDULED,180,3.0
2026-05-27T03:35:26Z,1044X21303C10,1044X,,SCHEDULED,-60,-1.0
2026-05-27T03:35:26Z,1044X20405C4b,1044X,,SCHEDULED,120,2.0
2026-05-27T03:35:26Z,1044X21500C2,1044X,,SCHEDULED,240,4.0
2026-05-27T03:35:26Z,1044X20212C4a,1044X,,SCHEDULED,-60,-1.0
2026-05-27T03:35:26Z,1044X20205C4a,1044X,,SCHEDULED,300,5.0
2026-05-27T03:35:26Z,1044X21100C10,1044X,,SCHEDULED,60,1.0
2026-05-27T03:35:26Z,1044X78002C3,1044X,,SCHEDULED,60,1.0
2026-05-27T03:35:26Z,1044X78004C3,1044X,,SCHEDULED,120,2.0
2026-05-27T03:40:27Z,4044X24000C2,4044X,,SCHEDULED,360,6.0
2026-05-27T03:40:27Z,5144X28402R2N,5144X,,SCHEDULED,180,3.0
2026-05-27T03:40:27Z,5144X25604R1,5144X,,SCHEDULED,300,5.0
2026-05-27T03:40:27Z,5144X78288R2,5144X,,SCHEDULED,180,3.0
2026-05-27T03:40:27Z,5144X77200R2S,5144X,,SCHEDULED,300,5.0
2026-05-27T03:40:27Z,6044X26001C2,6044X,,SCHEDULED,60,1.0
2026-05-27T03:40:27Z,6044X26002C2,6044X,,SCHEDULED,60,1.0
2026-05-27T03:40:27Z,1044X21500C2,1044X,,SCHEDULED,300,5.0
2026-05-27T03:40:27Z,1044X21504C2,1044X,,SCHEDULED,360,6.0
2026-05-27T03:40:27Z,1044X21503C2,1044X,,SCHEDULED,240,4.0
2026-05-27T03:40:27Z,1044X78002C3,1044X,,SCHEDULED,300,5.0
2026-05-27T03:40:27Z,1044X78004C3,1044X,,SCHEDULED,180,3.0
2026-05-27T03:40:27Z,1044X78003C3,1044X,,SCHEDULED,360,6.0
2026-05-27T03:40:27Z,1044X20205C4a,1044X,,SCHEDULED,180,3.0
2026-05-27T03:40:27Z,1044X35973C2,1044X,,SCHEDULED,120,2.0
2026-05-27T03:40:27Z,1044X21303C10,1044X,,SCHEDULED,-60,-1.0
2026-05-27T03:40:27Z,1044X20212C4a,1044X,,SCHEDULED,-60,-1.0
2026-05-27T03:40:27Z,1044X21605C2,1044X,,SCHEDULED,-60,-1.0
2026-05-27T03:40:27Z,1044X21603C2,1044X,,SCHEDULED,60,1.0
2026-05-27T03:40:27Z,1044X21601C2,1044X,,SCHEDULED,60,1.0
2026-05-27T03:45:26Z,3244X23303C1,3244X,,SCHEDULED,180,3.0
2026-05-27T03:45:26Z,5144X28400R2N,5144X,,SCHEDULED,480,8.0
2026-05-27T03:45:26Z,5144X77400R4,5144X,,SCHEDULED,180,3.0
2026-05-27T03:45:26Z,5144X77504R4,5144X,,SCHEDULED,60,1.0
2026-05-27T03:45:26Z,5144X77200R2S,5144X,,SCHEDULED,300,5.0
2026-05-27T03:45:26Z,6044X26001C2,6044X,,SCHEDULED,180,3.0
2026-05-27T03:45:26Z,6044X26502C3,6044X,,SCHEDULED,60,1.0
2026-05-27T03:45:26Z,6044X26002C2,6044X,,SCHEDULED,120,2.0
2026-05-27T03:45:26Z,6144X32769C1,6144X,,SCHEDULED,60,1.0
2026-05-27T03:45:26Z,1044X21500C2,1044X,,SCHEDULED,180,3.0
2026-05-27T03:45:26Z,1044X21100C10,1044X,,SCHEDULED,60,1.0
2026-05-27T03:45:26Z,1044X21504C2,1044X,,SCHEDULED,180,3.0
2026-05-27T03:45:26Z,1044X21503C2,1044X,,SCHEDULED,240,4.0
2026-05-27T03:45:26Z,1044X78002C3,1044X,,SCHEDULED,300,5.0
2026-05-27T03:45:26Z,1044X78003C3,1044X,,SCHEDULED,420,7.0
2026-05-27T03:45:26Z,1044X78005C3,1044X,,SCHEDULED,60,1.0
2026-05-27T03:45:26Z,1044X20209C4a,1044X,,SCHEDULED,480,8.0
2026-05-27T03:45:26Z,1044X35973C2,1044X,,SCHEDULED,120,2.0
2026-05-27T03:45:26Z,1044X19803C1,1044X,,SCHEDULED,-60,-1.0
2026-05-27T03:45:26Z,1044X20409C4b,1044X,,SCHEDULED,-60,-1.0
2026-05-27T03:45:26Z,1044X20405C4b,1044X,,SCHEDULED,120,2.0
2026-05-27T03:45:26Z,1044X20402C4b,1044X,,SCHEDULED,60,1.0
2026-05-27T03:45:26Z,1044X21501C2,1044X,,SCHEDULED,240,4.0
2026-05-27T03:45:26Z,1044X21605C2,1044X,,SCHEDULED,-60,-1.0
2026-05-27T03:45:26Z,1044X21303C10,1044X,,SCHEDULED,180,3.0
2026-05-27T03:45:26Z,1044X20212C4a,1044X,,SCHEDULED,60,1.0
2026-05-27T03:50:28Z,3044X23500C1,3044X,,SCHEDULED,-60,-1.0
2026-05-27T03:50:28Z,3044X23501C1,3044X,,SCHEDULED,60,1.0
2026-05-27T03:50:28Z,3244X23303C1,3244X,,SCHEDULED,120,2.0
2026-05-27T03:50:28Z,4044X24000C2,4044X,,SCHEDULED,180,3.0
2026-05-27T03:50:28Z,5144X25604R1,5144X,,SCHEDULED,360,6.0
2026-05-27T03:50:28Z,5144X77402R4,5144X,,SCHEDULED,180,3.0
2026-05-27T03:50:28Z,5144X25702R1,5144X,,SCHEDULED,60,1.0
2026-05-27T03:50:28Z,5144X77600R4,5144X,,SCHEDULED,60,1.0
2026-05-27T03:50:28Z,5144X77506R4,5144X,,SCHEDULED,60,1.0
2026-05-27T03:50:28Z,5144X78288R2,5144X,,SCHEDULED,240,4.0
2026-05-27T03:50:28Z,5144X77602R4,5144X,,SCHEDULED,180,3.0
2026-05-27T03:50:28Z,5144X77702R4,5144X,,SCHEDULED,60,1.0
2026-05-27T03:50:28Z,6044X26103C1,6044X,,SCHEDULED,60,1.0
2026-05-27T03:50:28Z,6044X26102C1,6044X,,SCHEDULED,60,1.0
2026-05-27T03:50:28Z,6144X32770C1,6144X,,SCHEDULED,-60,-1.0
2026-05-27T03:50:28Z,6244X71150C2,6244X,,SCHEDULED,300,5.0
2026-05-27T03:50:28Z,1044X21000C8a,1044X,,SCHEDULED,60,1.0
2026-05-27T03:50:28Z,1044X21104C10,1044X,,SCHEDULED,-120,-2.0
2026-05-27T03:50:28Z,1044X21500C2,1044X,,SCHEDULED,360,6.0
2026-05-27T03:50:28Z,1044X21100C10,1044X,,SCHEDULED,120,2.0
2026-05-27T03:50:28Z,1044X21506C2,1044X,,SCHEDULED,120,2.0
2026-05-27T03:50:28Z,1044X21505C2,1044X,,SCHEDULED,-120,-2.0
2026-05-27T03:50:28Z,1044X20209C4a,1044X,,SCHEDULED,780,13.0
2026-05-27T03:50:28Z,1044X21504C2,1044X,,SCHEDULED,240,4.0
2026-05-27T03:50:28Z,1044X21503C2,1044X,,SCHEDULED,180,3.0
2026-05-27T03:50:28Z,1044X78002C3,1044X,,SCHEDULED,600,10.0
2026-05-27T03:50:28Z,1044X78003C3,1044X,,SCHEDULED,480,8.0
2026-05-27T03:50:28Z,1044X20205C4a,1044X,,SCHEDULED,300,5.0
2026-05-27T03:50:28Z,1044X78005C3,1044X,,SCHEDULED,180,3.0
2026-05-27T03:50:28Z,1044X19803C1,1044X,,SCHEDULED,-60,-1.0
2026-05-27T03:50:28Z,1044X21501C2,1044X,,SCHEDULED,240,4.0
2026-05-27T03:50:28Z,1044X20409C4b,1044X,,SCHEDULED,-60,-1.0
2026-05-27T03:50:28Z,1044X20407C4b,1044X,,SCHEDULED,120,2.0
2026-05-27T03:50:28Z,1044X20405C4b,1044X,,SCHEDULED,120,2.0
2026-05-27T03:50:28Z,1044X21703C2,1044X,,SCHEDULED,120,2.0
2026-05-27T03:50:28Z,1044X20216C4a,1044X,,SCHEDULED,-120,-2.0
2026-05-27T03:50:28Z,1044X20402C4b,1044X,,SCHEDULED,120,2.0
2026-05-27T03:50:28Z,1044X21605C2,1044X,,SCHEDULED,-60,-1.0
2026-05-27T03:50:28Z,1044X35973C2,1044X,,SCHEDULED,120,2.0
2026-05-27T03:55:24Z,3244X23303C1,3244X,,SCHEDULED,60,1.0
2026-05-27T03:55:24Z,5144X28402R2N,5144X,,SCHEDULED,420,7.0
2026-05-27T03:55:24Z,5144X77402R4,5144X,,SCHEDULED,180,3.0
2026-05-27T03:55:24Z,5144X77506R4,5144X,,SCHEDULED,120,2.0
2026-05-27T03:55:24Z,5144X77202R2S,5144X,,SCHEDULED,120,2.0
2026-05-27T03:55:24Z,5144X78201R2S,5144X,,SCHEDULED,-60,-1.0
2026-05-27T03:55:24Z,5144X77600R4,5144X,,SCHEDULED,180,3.0
2026-05-27T03:55:24Z,5144X78802R11,5144X,,SCHEDULED,60,1.0
2026-05-27T03:55:24Z,5144X77200R2S,5144X,,SCHEDULED,300,5.0
2026-05-27T03:55:24Z,5144X78280R2,5144X,,SCHEDULED,360,6.0
2026-05-27T03:55:24Z,5144X28556R2N,5144X,,SCHEDULED,-60,-1.0
2026-05-27T03:55:24Z,6044X26004C2,6044X,,SCHEDULED,60,1.0
2026-05-27T03:55:24Z,6144X32700C1,6144X,,SCHEDULED,-60,-1.0
2026-05-27T03:55:24Z,6244X71100C2,6244X,,SCHEDULED,180,3.0
2026-05-27T03:55:24Z,6244X71150C2,6244X,,SCHEDULED,360,6.0
2026-05-27T03:55:24Z,1044X21000C8a,1044X,,SCHEDULED,60,1.0
2026-05-27T03:55:24Z,1044X78005C3,1044X,,SCHEDULED,180,3.0
2026-05-27T03:55:24Z,1044X20209C4a,1044X,,SCHEDULED,720,12.0
2026-05-27T03:55:24Z,1044X20207C4a,1044X,,SCHEDULED,180,3.0
2026-05-27T03:55:24Z,1044X78007C3,1044X,,SCHEDULED,120,2.0
2026-05-27T03:55:24Z,1044X20205C4a,1044X,,SCHEDULED,120,2.0
2026-05-27T03:55:24Z,1044X20411C4b,1044X,,SCHEDULED,120,2.0
2026-05-27T03:55:24Z,1044X21500C2,1044X,,SCHEDULED,120,2.0
2026-05-27T03:55:24Z,1044X21809C7,1044X,,SCHEDULED,-60,-1.0
2026-05-27T03:55:24Z,1044X21505C2,1044X,,SCHEDULED,-120,-2.0
2026-05-27T03:55:24Z,1044X21504C2,1044X,,SCHEDULED,420,7.0
2026-05-27T03:55:24Z,1044X21503C2,1044X,,SCHEDULED,180,3.0
2026-05-27T03:55:24Z,1044X21501C2,1044X,,SCHEDULED,300,5.0
2026-05-27T03:55:24Z,1044X21104C10,1044X,,SCHEDULED,-120,-2.0
2026-05-27T03:55:24Z,1044X78002C3,1044X,,SCHEDULED,360,6.0
2026-05-27T03:55:24Z,1044X78004C3,1044X,,SCHEDULED,240,4.0
2026-05-27T03:55:24Z,1044X21703C2,1044X,,SCHEDULED,180,3.0
2026-05-27T03:55:24Z,1044X20216C4a,1044X,,SCHEDULED,-120,-2.0
2026-05-27T03:55:24Z,1044X20409C4b,1044X,,SCHEDULED,-60,-1.0
2026-05-27T03:55:24Z,1044X20407C4b,1044X,,SCHEDULED,240,4.0
2026-05-27T03:55:24Z,1044X20405C4b,1044X,,SCHEDULED,180,3.0
2026-05-27T03:55:24Z,1044X20402C4b,1044X,,SCHEDULED,60,1.0
2026-05-27T03:55:24Z,1044X21605C2,1044X,,SCHEDULED,-60,-1.0
2026-05-27T03:55:24Z,1044X21603C2,1044X,,SCHEDULED,120,2.0
2026-05-27T03:55:24Z,1044X21601C2,1044X,,SCHEDULED,60,1.0
2026-05-27T03:55:24Z,1044X35973C2,1044X,,SCHEDULED,120,2.0
2026-05-27T03:55:24Z,1044X19800C1,1044X,,SCHEDULED,60,1.0
2026-05-27T03:55:24Z,1044X19803C1,1044X,,SCHEDULED,-60,-1.0
2026-05-27T04:00:45Z,3044X23501C1,3044X,,SCHEDULED,180,3.0
2026-05-27T04:00:45Z,3044X23601C4,3044X,,SCHEDULED,1680,28.0
2026-05-27T04:00:45Z,3244X23305C1,3244X,,SCHEDULED,60,1.0
2026-05-27T04:00:45Z,3244X23303C1,3244X,,SCHEDULED,120,2.0
2026-05-27T04:00:45Z,4044X76200C1,4044X,,SCHEDULED,120,2.0
2026-05-27T04:00:45Z,4044X24301C6,4044X,,SCHEDULED,60,1.0
2026-05-27T04:00:45Z,5144X28404R2N,5144X,,SCHEDULED,900,15.0
2026-05-27T04:00:45Z,5144X78288R2,5144X,,SCHEDULED,180,3.0
2026-05-27T04:00:45Z,5144X77310R3,5144X,,SCHEDULED,60,1.0
2026-05-27T04:00:45Z,5144X77510R4,5144X,,SCHEDULED,-60,-1.0
2026-05-27T04:00:45Z,5144X28402R2N,5144X,,SCHEDULED,420,7.0
2026-05-27T04:00:45Z,5144X77200R2S,5144X,,SCHEDULED,240,4.0
2026-05-27T04:00:45Z,5144X77402R4,5144X,,SCHEDULED,120,2.0
2026-05-27T04:00:45Z,5144X77502R4,5144X,,SCHEDULED,60,1.0
2026-05-27T04:00:45Z,5144X77602R4,5144X,,SCHEDULED,180,3.0
2026-05-27T04:00:45Z,5144X25602R1,5144X,,SCHEDULED,180,3.0
2026-05-27T04:00:45Z,6044X26103C1,6044X,,SCHEDULED,60,1.0
2026-05-27T04:00:45Z,6044X26003C2,6044X,,SCHEDULED,120,2.0
2026-05-27T04:00:45Z,6044X26104C1,6044X,,SCHEDULED,60,1.0
2026-05-27T04:00:45Z,6044X26005C2,6044X,,SCHEDULED,120,2.0
2026-05-27T04:00:45Z,6244X71152C2,6244X,,SCHEDULED,120,2.0
2026-05-27T04:00:45Z,1044X21500C2,1044X,,SCHEDULED,360,6.0
2026-05-27T04:00:45Z,1044X21506C2,1044X,,SCHEDULED,120,2.0
2026-05-27T04:00:45Z,1044X21505C2,1044X,,SCHEDULED,-120,-2.0
2026-05-27T04:00:45Z,1044X21504C2,1044X,,SCHEDULED,360,6.0
2026-05-27T04:00:45Z,1044X78002C3,1044X,,SCHEDULED,600,10.0
2026-05-27T04:00:45Z,1044X78004C3,1044X,,SCHEDULED,240,4.0
2026-05-27T04:00:45Z,1044X78005C3,1044X,,SCHEDULED,180,3.0
2026-05-27T04:00:45Z,1044X78007C3,1044X,,SCHEDULED,180,3.0
2026-05-27T04:00:45Z,1044X21000C8a,1044X,,SCHEDULED,120,2.0
2026-05-27T04:00:45Z,1044X21605C2,1044X,,SCHEDULED,60,1.0
2026-05-27T04:00:45Z,1044X21603C2,1044X,,SCHEDULED,300,5.0
2026-05-27T04:00:45Z,1044X21800C7,1044X,,SCHEDULED,180,3.0
2026-05-27T04:00:45Z,1044X20209C4a,1044X,,SCHEDULED,840,14.0
2026-05-27T04:00:45Z,1044X19803C1,1044X,,SCHEDULED,60,1.0
2026-05-27T04:00:45Z,1044X20207C4a,1044X,,SCHEDULED,120,2.0
2026-05-27T04:00:45Z,1044X20409C4b,1044X,,SCHEDULED,120,2.0
2026-05-27T04:00:45Z,1044X20407C4b,1044X,,SCHEDULED,240,4.0
2026-05-27T04:00:45Z,1044X20205C4a,1044X,,SCHEDULED,240,4.0
2026-05-27T04:00:45Z,1044X20405C4b,1044X,,SCHEDULED,300,5.0
2026-05-27T04:00:45Z,1044X20600C8b,1044X,,SCHEDULED,60,1.0
2026-05-27T04:00:45Z,1044X20402C4b,1044X,,SCHEDULED,60,1.0
2026-05-27T04:00:45Z,1044X21809C7,1044X,,SCHEDULED,-60,-1.0
2026-05-27T04:00:45Z,1044X21501C2,1044X,,SCHEDULED,180,3.0
2026-05-27T04:00:45Z,1044X21104C10,1044X,,SCHEDULED,-120,-2.0
2026-05-27T04:00:45Z,1044X20411C4b,1044X,,SCHEDULED,180,3.0
2026-05-27T04:00:45Z,1044X20216C4a,1044X,,SCHEDULED,-120,-2.0
2026-05-27T04:05:28Z,3044X23601C4,3044X,,SCHEDULED,360,6.0
2026-05-27T04:05:28Z,3244X23305C1,3244X,,SCHEDULED,60,1.0
2026-05-27T04:05:28Z,5144X77506R4,5144X,,SCHEDULED,180,3.0
2026-05-27T04:05:28Z,5144X25704R1,5144X,,SCHEDULED,60,1.0
2026-05-27T04:05:28Z,5144X25701R1,5144X,,SCHEDULED,180,3.0
2026-05-27T04:05:28Z,5144X77202R2S,5144X,,SCHEDULED,6900,115.0
2026-05-27T04:05:28Z,5144X25604R1,5144X,,SCHEDULED,2160,36.0
2026-05-27T04:05:28Z,5144X77402R4,5144X,,SCHEDULED,3120,52.0
2026-05-27T04:05:28Z,5144X28404R2N,5144X,,SCHEDULED,900,15.0
2026-05-27T04:05:28Z,6044X26602C3,6044X,,SCHEDULED,60,1.0
2026-05-27T04:05:28Z,6044X26005C2,6044X,,SCHEDULED,60,1.0
2026-05-27T04:05:28Z,6244X71102C2,6244X,,SCHEDULED,300,5.0
2026-05-27T04:05:28Z,1044X21001C8a,1044X,,SCHEDULED,60,1.0
2026-05-27T04:05:28Z,1044X78005C3,1044X,,SCHEDULED,360,6.0
2026-05-27T04:05:28Z,1044X78007C3,1044X,,SCHEDULED,60,1.0
2026-05-27T04:05:28Z,1044X21800C7,1044X,,SCHEDULED,180,3.0
2026-05-27T04:05:28Z,1044X20207C4a,1044X,,SCHEDULED,420,7.0
2026-05-27T04:05:28Z,1044X20407C4b,1044X,,SCHEDULED,420,7.0
2026-05-27T04:05:28Z,1044X20205C4a,1044X,,SCHEDULED,300,5.0
2026-05-27T04:05:28Z,1044X20600C8b,1044X,,SCHEDULED,60,1.0
2026-05-27T04:05:28Z,1044X20402C4b,1044X,,SCHEDULED,120,2.0
2026-05-27T04:05:28Z,1044X21809C7,1044X,,SCHEDULED,60,1.0
2026-05-27T04:05:28Z,1044X21501C2,1044X,,SCHEDULED,60,1.0
2026-05-27T04:05:28Z,1044X21104C10,1044X,,SCHEDULED,-120,-2.0
2026-05-27T04:05:28Z,1044X20411C4b,1044X,,SCHEDULED,360,6.0
2026-05-27T04:05:28Z,1044X21500C2,1044X,,SCHEDULED,480,8.0
2026-05-27T04:05:28Z,1044X21605C2,1044X,,SCHEDULED,60,1.0
2026-05-27T04:05:28Z,1044X21603C2,1044X,,SCHEDULED,120,2.0
2026-05-27T04:05:28Z,1044X21601C2,1044X,,SCHEDULED,180,3.0
2026-05-27T04:05:28Z,1044X20211C4a,1044X,,SCHEDULED,180,3.0
2026-05-27T04:05:28Z,1044X35975C2,1044X,,SCHEDULED,60,1.0
2026-05-27T04:05:28Z,1044X20216C4a,1044X,,SCHEDULED,-120,-2.0
2026-05-27T04:05:28Z,1044X19512C5,1044X,,SCHEDULED,180,3.0
2026-05-27T04:05:28Z,1044X21506C2,1044X,,SCHEDULED,300,5.0
2026-05-27T04:05:28Z,1044X21505C2,1044X,,SCHEDULED,-120,-2.0
2026-05-27T04:05:28Z,1044X21504C2,1044X,,SCHEDULED,480,8.0
2026-05-27T04:05:28Z,1044X78002C3,1044X,,SCHEDULED,600,10.0
2026-05-27T04:05:28Z,1044X78004C3,1044X,,SCHEDULED,480,8.0
2026-05-27T04:05:28Z,1044X78003C3,1044X,,SCHEDULED,120,2.0
2026-05-27T04:10:29Z,3044X23601C4,3044X,,SCHEDULED,300,5.0
2026-05-27T04:10:29Z,4044X76600C3,4044X,,SCHEDULED,240,4.0
2026-05-27T04:10:29Z,4044X24000C2,4044X,,SCHEDULED,60,1.0
2026-05-27T04:10:29Z,5144X25602R1,5144X,,SCHEDULED,60,1.0
2026-05-27T04:10:29Z,5144X77506R4,5144X,,SCHEDULED,180,3.0
2026-05-27T04:10:29Z,5144X25701R1,5144X,,SCHEDULED,180,3.0
2026-05-27T04:10:29Z,5144X25604R1,5144X,,SCHEDULED,480,8.0
2026-05-27T04:10:29Z,6044X26003C2,6044X,,SCHEDULED,180,3.0
2026-05-27T04:10:29Z,6044X26004C2,6044X,,SCHEDULED,60,1.0
2026-05-27T04:10:29Z,6244X71152C2,6244X,,SCHEDULED,240,4.0
2026-05-27T04:10:29Z,6244X71351C3,6244X,,SCHEDULED,60,1.0
2026-05-27T04:10:29Z,4744X71080C1,4744X,,SCHEDULED,-60,-1.0
2026-05-27T04:10:29Z,2044X80851C6,2044X,,SCHEDULED,1740,29.0
2026-05-27T04:10:29Z,1044X21001C8a,1044X,,SCHEDULED,180,3.0
2026-05-27T04:10:29Z,1044X21000C8a,1044X,,SCHEDULED,60,1.0
2026-05-27T04:10:29Z,1044X78005C3,1044X,,SCHEDULED,60,1.0
2026-05-27T04:10:29Z,1044X21804C7,1044X,,SCHEDULED,60,1.0
2026-05-27T04:10:29Z,1044X21802C7,1044X,,SCHEDULED,-60,-1.0
2026-05-27T04:10:29Z,1044X78007C3,1044X,,SCHEDULED,60,1.0
2026-05-27T04:10:29Z,1044X21800C7,1044X,,SCHEDULED,180,3.0
2026-05-27T04:10:29Z,1044X20208C4,1044X,,SCHEDULED,60,1.0
2026-05-27T04:10:29Z,1044X20207C4a,1044X,,SCHEDULED,360,6.0
2026-05-27T04:10:29Z,1044X20206C4,1044X,,SCHEDULED,60,1.0
2026-05-27T04:10:29Z,1044X20600C8b,1044X,,SCHEDULED,60,1.0
2026-05-27T04:10:29Z,1044X20408C4b,1044X,,SCHEDULED,-60,-1.0
2026-05-27T04:10:29Z,1044X20407C4b,1044X,,SCHEDULED,360,6.0
2026-05-27T04:10:29Z,1044X20402C4b,1044X,,SCHEDULED,180,3.0
2026-05-27T04:10:29Z,1044X21809C7,1044X,,SCHEDULED,120,2.0
2026-05-27T04:10:29Z,1044X21500C2,1044X,,SCHEDULED,600,10.0
2026-05-27T04:10:29Z,1044X20211C4a,1044X,,SCHEDULED,240,4.0
2026-05-27T04:10:29Z,1044X21200C10,1044X,,SCHEDULED,60,1.0
2026-05-27T04:10:29Z,1044X20218C4a,1044X,,SCHEDULED,-60,-1.0
2026-05-27T04:10:29Z,1044X21603C2,1044X,,SCHEDULED,180,3.0
2026-05-27T04:10:29Z,1044X21601C2,1044X,,SCHEDULED,180,3.0
2026-05-27T04:10:29Z,1044X35975C2,1044X,,SCHEDULED,60,1.0
2026-05-27T04:10:29Z,1044X19527C5,1044X,,SCHEDULED,120,2.0
2026-05-27T04:10:29Z,1044X19512C5,1044X,,SCHEDULED,240,4.0
2026-05-27T04:10:29Z,1044X21506C2,1044X,,SCHEDULED,240,4.0
2026-05-27T04:10:29Z,1044X21504C2,1044X,,SCHEDULED,360,6.0
2026-05-27T04:10:29Z,1044X21503C2,1044X,,SCHEDULED,120,2.0
2026-05-27T04:10:29Z,1044X78004C3,1044X,,SCHEDULED,420,7.0
2026-05-27T04:10:29Z,1044X78003C3,1044X,,SCHEDULED,300,5.0
2026-05-27T04:15:28Z,3044X23502C1,3044X,,SCHEDULED,120,2.0
2026-05-27T04:15:28Z,4044X76600C3,4044X,,SCHEDULED,240,4.0
2026-05-27T04:15:28Z,5144X77502R4,5144X,,SCHEDULED,60,1.0
2026-05-27T04:15:28Z,5144X77506R4,5144X,,SCHEDULED,60,1.0
2026-05-27T04:15:28Z,5144X77200R2S,5144X,,SCHEDULED,120,2.0
2026-05-27T04:15:28Z,5144X25606R1,5144X,,SCHEDULED,1020,17.0
2026-05-27T04:15:28Z,5144X25604R1,5144X,,SCHEDULED,480,8.0
2026-05-27T04:15:28Z,5144X77203R2S,5144X,,SCHEDULED,180,3.0
2026-05-27T04:15:28Z,5144X78280R2,5144X,,SCHEDULED,180,3.0
2026-05-27T04:15:28Z,5144X77202R2S,5144X,,SCHEDULED,180,3.0
2026-05-27T04:15:28Z,5144X77402R4,5144X,,SCHEDULED,240,4.0
2026-05-27T04:15:28Z,5144X78288R2,5144X,,SCHEDULED,300,5.0
2026-05-27T04:15:28Z,5144X28404R2N,5144X,,SCHEDULED,720,12.0
2026-05-27T04:15:28Z,5144X28406R2N,5144X,,SCHEDULED,60,1.0
2026-05-27T04:15:28Z,6044X26504C3,6044X,,SCHEDULED,180,3.0
2026-05-27T04:15:28Z,6044X26104C1,6044X,,SCHEDULED,60,1.0
2026-05-27T04:15:28Z,6044X26005C2,6044X,,SCHEDULED,180,3.0
2026-05-27T04:15:28Z,6044X26601C3,6044X,,SCHEDULED,120,2.0
2026-05-27T04:15:28Z,2044X80851C6,2044X,,SCHEDULED,2040,34.0
2026-05-27T04:15:28Z,2044X70502C7,2044X,,SCHEDULED,300,5.0
2026-05-27T04:15:28Z,1044X21804C7,1044X,,SCHEDULED,60,1.0
2026-05-27T04:15:28Z,1044X78007C3,1044X,,SCHEDULED,300,5.0
2026-05-27T04:15:28Z,1044X21802C7,1044X,,SCHEDULED,-60,-1.0
2026-05-27T04:15:28Z,1044X20202C4,1044X,,SCHEDULED,2220,37.0
2026-05-27T04:15:28Z,1044X21510C2,1044X,,SCHEDULED,240,4.0
2026-05-27T04:15:28Z,1044X20209C4a,1044X,,SCHEDULED,960,16.0
2026-05-27T04:15:28Z,1044X20704C5,1044X,,SCHEDULED,540,9.0
2026-05-27T04:15:28Z,1044X20207C4a,1044X,,SCHEDULED,420,7.0
2026-05-27T04:15:28Z,1044X21508C2,1044X,,SCHEDULED,60,1.0
2026-05-27T04:15:28Z,1044X21809C7,1044X,,SCHEDULED,180,3.0
2026-05-27T04:15:28Z,1044X21506C2,1044X,,SCHEDULED,300,5.0
2026-05-27T04:15:28Z,1044X21501C2,1044X,,SCHEDULED,240,4.0
2026-05-27T04:15:28Z,1044X21505C2,1044X,,SCHEDULED,120,2.0
2026-05-27T04:15:28Z,1044X21104C10,1044X,,SCHEDULED,60,1.0
2026-05-27T04:15:28Z,1044X21504C2,1044X,,SCHEDULED,360,6.0
2026-05-27T04:15:28Z,1044X21500C2,1044X,,SCHEDULED,540,9.0
2026-05-27T04:15:28Z,1044X78004C3,1044X,,SCHEDULED,540,9.0
2026-05-27T04:15:28Z,1044X78003C3,1044X,,SCHEDULED,300,5.0
2026-05-27T04:15:28Z,1044X19531C5,1044X,,SCHEDULED,60,1.0
2026-05-27T04:15:28Z,1044X20218C4a,1044X,,SCHEDULED,-60,-1.0
2026-05-27T04:15:28Z,1044X20216C4a,1044X,,SCHEDULED,120,2.0
2026-05-27T04:15:28Z,1044X20408C4b,1044X,,SCHEDULED,-60,-1.0
2026-05-27T04:15:28Z,1044X20407C4b,1044X,,SCHEDULED,120,2.0
2026-05-27T04:15:28Z,1044X20402C4b,1044X,,SCHEDULED,120,2.0
2026-05-27T04:15:28Z,1044X19512C5,1044X,,SCHEDULED,60,1.0
2026-05-27T04:15:28Z,1044X21200C10,1044X,,SCHEDULED,300,5.0
2026-05-27T04:15:28Z,1044X35975C2,1044X,,SCHEDULED,180,3.0
2026-05-27T04:15:28Z,1044X19805C1,1044X,,SCHEDULED,60,1.0
2026-05-27T04:15:28Z,1044X19807C1,1044X,,SCHEDULED,-60,-1.0
2026-05-27T04:20:27Z,3044X23505C1,3044X,,SCHEDULED,120,2.0
2026-05-27T04:20:27Z,3044X23102C3,3044X,,CANCELED,,
2026-05-27T04:20:27Z,3244X23302C1,3244X,,SCHEDULED,60,1.0
2026-05-27T04:20:27Z,4044X24301C6,4044X,,SCHEDULED,-60,-1.0
2026-05-27T04:20:27Z,4044X24380C6,4044X,,SCHEDULED,-60,-1.0
2026-05-27T04:20:27Z,4044X76654C3,4044X,,SCHEDULED,480,8.0
2026-05-27T04:20:27Z,5144X25606R1,5144X,,SCHEDULED,1320,22.0
2026-05-27T04:20:27Z,5144X30590R15,5144X,,SCHEDULED,120,2.0
2026-05-27T04:20:27Z,5144X77404R4,5144X,,SCHEDULED,180,3.0
2026-05-27T04:20:27Z,5144X77602R4,5144X,,SCHEDULED,120,2.0
2026-05-27T04:20:27Z,5144X28404R2N,5144X,,SCHEDULED,780,13.0
2026-05-27T04:20:27Z,5144X28406R2N,5144X,,SCHEDULED,60,1.0
2026-05-27T04:20:27Z,5144X78280R2,5144X,,SCHEDULED,240,4.0
2026-05-27T04:20:27Z,5144X77202R2S,5144X,,SCHEDULED,180,3.0
2026-05-27T04:20:27Z,5144X28468R2,5144X,,SCHEDULED,120,2.0
2026-05-27T04:20:27Z,5144X78288R2,5144X,,SCHEDULED,240,4.0
2026-05-27T04:20:27Z,6044X26505C3,6044X,,SCHEDULED,60,1.0
2026-05-27T04:20:27Z,6044X71501C4,6044X,,SCHEDULED,300,5.0
2026-05-27T04:20:27Z,6044X26104C1,6044X,,SCHEDULED,60,1.0
2026-05-27T04:20:27Z,2044X70502C7,2044X,,SCHEDULED,600,10.0
2026-05-27T04:20:27Z,2044X80851C6,2044X,,SCHEDULED,2340,39.0
2026-05-27T04:20:27Z,1044X21100C10,1044X,,SCHEDULED,60,1.0
2026-05-27T04:20:27Z,1044X21506C2,1044X,,SCHEDULED,300,5.0
2026-05-27T04:20:27Z,1044X21505C2,1044X,,SCHEDULED,120,2.0
2026-05-27T04:20:27Z,1044X20415C4b,1044X,,SCHEDULED,60,1.0
2026-05-27T04:20:27Z,1044X21504C2,1044X,,SCHEDULED,420,7.0
2026-05-27T04:20:27Z,1044X20413C4b,1044X,,SCHEDULED,300,5.0
2026-05-27T04:20:27Z,1044X21802C7,1044X,,SCHEDULED,-60,-1.0
2026-05-27T04:20:27Z,1044X78004C3,1044X,,SCHEDULED,480,8.0
2026-05-27T04:20:27Z,1044X78003C3,1044X,,SCHEDULED,240,4.0
2026-05-27T04:20:27Z,1044X21800C7,1044X,,SCHEDULED,120,2.0
2026-05-27T04:20:27Z,1044X78006C3,1044X,,SCHEDULED,120,2.0
2026-05-27T04:20:27Z,1044X20709C5,1044X,,SCHEDULED,60,1.0
2026-05-27T04:20:27Z,1044X20209C4a,1044X,,SCHEDULED,780,13.0
2026-05-27T04:20:27Z,1044X20208C4,1044X,,SCHEDULED,60,1.0
2026-05-27T04:20:27Z,1044X78009C3,1044X,,SCHEDULED,60,1.0
2026-05-27T04:20:27Z,1044X20207C4a,1044X,,SCHEDULED,300,5.0
2026-05-27T04:20:27Z,1044X21512C2,1044X,,SCHEDULED,120,2.0
2026-05-27T04:20:27Z,1044X20704C5,1044X,,SCHEDULED,480,8.0
2026-05-27T04:20:27Z,1044X20601C8b,1044X,,SCHEDULED,120,2.0
2026-05-27T04:20:27Z,1044X21514C2,1044X,,SCHEDULED,-60,-1.0
2026-05-27T04:20:27Z,1044X19531C5,1044X,,SCHEDULED,240,4.0
2026-05-27T04:20:27Z,1044X21809C7,1044X,,SCHEDULED,240,4.0
2026-05-27T04:20:27Z,1044X20408C4b,1044X,,SCHEDULED,60,1.0
2026-05-27T04:20:27Z,1044X20407C4b,1044X,,SCHEDULED,240,4.0
2026-05-27T04:20:27Z,1044X20406C4b,1044X,,SCHEDULED,60,1.0
2026-05-27T04:20:27Z,1044X20411C4b,1044X,,SCHEDULED,480,8.0
2026-05-27T04:20:27Z,1044X21500C2,1044X,,SCHEDULED,540,9.0
2026-05-27T04:20:27Z,1044X20210C4,1044X,,SCHEDULED,60,1.0
2026-05-27T04:20:27Z,1044X20218C4a,1044X,,SCHEDULED,-60,-1.0
2026-05-27T04:20:27Z,1044X21200C10,1044X,,SCHEDULED,240,4.0
2026-05-27T04:20:27Z,1044X35975C2,1044X,,SCHEDULED,180,3.0
2026-05-27T04:20:27Z,1044X19807C1,1044X,,SCHEDULED,-60,-1.0
2026-05-27T04:20:27Z,1044X19512C5,1044X,,SCHEDULED,180,3.0
2026-05-27T04:20:27Z,1044X19527C5,1044X,,SCHEDULED,120,2.0
2026-05-27T04:25:24Z,3044X23506C1,3044X,,SCHEDULED,60,1.0
2026-05-27T04:25:24Z,3044X23101C3,3044X,,SCHEDULED,1200,20.0
2026-05-27T04:25:24Z,3044X23102C3,3044X,,CANCELED,,
2026-05-27T04:25:24Z,3044X23504C1,3044X,,SCHEDULED,600,10.0
2026-05-27T04:25:24Z,3044X23801C5,3044X,,SCHEDULED,120,2.0
2026-05-27T04:25:24Z,3144X23201C1,3144X,,SCHEDULED,60,1.0
2026-05-27T04:25:24Z,3244X23302C1,3244X,,SCHEDULED,180,3.0
2026-05-27T04:25:24Z,4044X76600C3,4044X,,SCHEDULED,120,2.0
2026-05-27T04:25:24Z,5144X25608R1,5144X,,SCHEDULED,240,4.0
2026-05-27T04:25:24Z,5144X77200R2S,5144X,,SCHEDULED,60,1.0
2026-05-27T04:25:24Z,5144X28468R2,5144X,,SCHEDULED,180,3.0
2026-05-27T04:25:24Z,5144X77704R4,5144X,,SCHEDULED,180,3.0
2026-05-27T04:25:24Z,5144X33521RL4,5144X,,SCHEDULED,240,4.0
2026-05-27T04:25:24Z,5144X25606R1,5144X,,SCHEDULED,1320,22.0
2026-05-27T04:25:24Z,5144X28402R2N,5144X,,SCHEDULED,360,6.0
2026-05-27T04:25:24Z,5144X78280R2,5144X,,SCHEDULED,360,6.0
2026-05-27T04:25:24Z,5144X77202R2S,5144X,,SCHEDULED,180,3.0
2026-05-27T04:25:24Z,5144X77310R3,5144X,,SCHEDULED,120,2.0
2026-05-27T04:25:24Z,5144X77510R4,5144X,,SCHEDULED,0,0.0
2026-05-27T04:25:24Z,5144X77314R3,5144X,,SCHEDULED,60,1.0
2026-05-27T04:25:24Z,5144X77201R2S,5144X,,SCHEDULED,180,3.0
2026-05-27T04:25:24Z,5144X77400R4,5144X,,SCHEDULED,-120,-2.0
2026-05-27T04:25:24Z,5144X77402R4,5144X,,SCHEDULED,60,1.0
2026-05-27T04:25:24Z,5144X77404R4,5144X,,SCHEDULED,300,5.0
2026-05-27T04:25:24Z,5144X77602R4,5144X,,SCHEDULED,240,4.0
2026-05-27T04:25:24Z,6044X26004C2,6044X,,SCHEDULED,60,1.0
2026-05-27T04:25:24Z,6044X26504C3,6044X,,SCHEDULED,180,3.0
2026-05-27T04:25:24Z,6044X26007C2,6044X,,SCHEDULED,180,3.0
2026-05-27T04:25:24Z,6044X26503C3,6044X,,SCHEDULED,60,1.0
2026-05-27T04:25:24Z,6044X71500C4,6044X,,SCHEDULED,180,3.0
2026-05-27T04:25:24Z,6044X26005C2,6044X,,SCHEDULED,180,3.0
2026-05-27T04:25:24Z,4744X71091C1,4744X,,SCHEDULED,60,1.0
2026-05-27T04:25:24Z,2044X80851C6,2044X,,SCHEDULED,2640,44.0
2026-05-27T04:25:24Z,2044X70900C8,2044X,,SCHEDULED,2640,44.0
2026-05-27T04:25:24Z,1044X78009C3,1044X,,SCHEDULED,60,1.0
2026-05-27T04:25:24Z,1044X21002C8a,1044X,,SCHEDULED,60,1.0
2026-05-27T04:25:24Z,1044X21001C8a,1044X,,SCHEDULED,240,4.0
2026-05-27T04:25:24Z,1044X21510C2,1044X,,SCHEDULED,120,2.0
2026-05-27T04:25:24Z,1044X20704C5,1044X,,SCHEDULED,300,5.0
2026-05-27T04:25:24Z,1044X21804C7,1044X,,SCHEDULED,60,1.0
2026-05-27T04:25:24Z,1044X21514C2,1044X,,SCHEDULED,-60,-1.0
2026-05-27T04:25:24Z,1044X35981C2,1044X,,SCHEDULED,-60,-1.0
2026-05-27T04:25:24Z,1044X19531C5,1044X,,SCHEDULED,120,2.0
2026-05-27T04:25:24Z,1044X21800C7,1044X,,SCHEDULED,300,5.0
2026-05-27T04:25:24Z,1044X20407C4b,1044X,,SCHEDULED,300,5.0
2026-05-27T04:25:24Z,1044X20209C4a,1044X,,SCHEDULED,960,16.0
2026-05-27T04:25:24Z,1044X78011C3,1044X,,SCHEDULED,60,1.0
2026-05-27T04:25:24Z,1044X20600C8b,1044X,,SCHEDULED,120,2.0
2026-05-27T04:25:24Z,1044X21200C10,1044X,,SCHEDULED,180,3.0
2026-05-27T04:25:24Z,1044X21809C7,1044X,,SCHEDULED,240,4.0
2026-05-27T04:25:24Z,1044X21501C2,1044X,,SCHEDULED,120,2.0
2026-05-27T04:25:24Z,1044X21603C2,1044X,,SCHEDULED,60,1.0
2026-05-27T04:25:24Z,1044X21104C10,1044X,,SCHEDULED,60,1.0
2026-05-27T04:25:24Z,1044X20411C4b,1044X,,SCHEDULED,300,5.0
2026-05-27T04:25:24Z,1044X19805C1,1044X,,SCHEDULED,60,1.0
2026-05-27T04:25:24Z,1044X19807C1,1044X,,SCHEDULED,-60,-1.0
2026-05-27T04:25:24Z,1044X19527C5,1044X,,SCHEDULED,60,1.0
2026-05-27T04:25:24Z,1044X20212C4a,1044X,,SCHEDULED,60,1.0
2026-05-27T04:25:24Z,1044X19533C5,1044X,,SCHEDULED,120,2.0
2026-05-27T04:25:24Z,1044X20211C4a,1044X,,SCHEDULED,300,5.0
2026-05-27T04:25:24Z,1044X20218C4a,1044X,,SCHEDULED,300,5.0
2026-05-27T04:25:24Z,1044X21506C2,1044X,,SCHEDULED,240,4.0
2026-05-27T04:25:24Z,1044X21505C2,1044X,,SCHEDULED,240,4.0
2026-05-27T04:25:24Z,1044X20415C4b,1044X,,SCHEDULED,240,4.0
2026-05-27T04:25:24Z,1044X21504C2,1044X,,SCHEDULED,240,4.0
2026-05-27T04:25:24Z,1044X19512C5,1044X,,SCHEDULED,240,4.0
2026-05-27T04:25:24Z,1044X78006C3,1044X,,SCHEDULED,120,2.0
2026-05-27T04:25:24Z,1044X19518C5,1044X,,SCHEDULED,420,7.0
2026-05-27T04:25:24Z,1044X78005C3,1044X,,SCHEDULED,180,3.0
2026-05-27T04:30:37Z,3044X23505C1,3044X,,SCHEDULED,240,4.0
2026-05-27T04:30:37Z,3044X23509C1,3044X,,SCHEDULED,240,4.0
2026-05-27T04:30:37Z,3044X23101C3,3044X,,SCHEDULED,1320,22.0
2026-05-27T04:30:37Z,3044X23506C1,3044X,,SCHEDULED,180,3.0
2026-05-27T04:30:37Z,3044X23102C3,3044X,,CANCELED,,
2026-05-27T04:30:37Z,3044X23603C4,3044X,,SCHEDULED,1680,28.0
2026-05-27T04:30:37Z,3044X23504C1,3044X,,SCHEDULED,660,11.0
2026-05-27T04:30:37Z,3044X23801C5,3044X,,SCHEDULED,180,3.0
2026-05-27T04:30:37Z,3144X23201C1,3144X,,SCHEDULED,120,2.0
2026-05-27T04:30:37Z,4044X76654C3,4044X,,SCHEDULED,420,7.0
2026-05-27T04:30:37Z,4044X76206C1,4044X,,SCHEDULED,60,1.0
2026-05-27T04:30:37Z,4044X76201C1,4044X,,SCHEDULED,120,2.0
2026-05-27T04:30:37Z,5144X25606R1,5144X,,SCHEDULED,1200,20.0
2026-05-27T04:30:37Z,5144X25608R1,5144X,,SCHEDULED,180,3.0
2026-05-27T04:30:37Z,5144X25402R2N,5144X,,SCHEDULED,300,5.0
2026-05-27T04:30:37Z,5144X25604R1,5144X,,SCHEDULED,540,9.0
2026-05-27T04:30:37Z,5144X77201R2S,5144X,,SCHEDULED,240,4.0
2026-05-27T04:30:37Z,5144X28468R2,5144X,,SCHEDULED,240,4.0
2026-05-27T04:30:37Z,5144X77980R4,5144X,,SCHEDULED,360,6.0
2026-05-27T04:30:37Z,5144X77203R2S,5144X,,SCHEDULED,240,4.0
2026-05-27T04:30:37Z,5144X28466R2,5144X,,SCHEDULED,240,4.0
2026-05-27T04:30:37Z,5144X77704R4,5144X,,SCHEDULED,60,1.0
2026-05-27T04:30:37Z,5144X77506R4,5144X,,SCHEDULED,60,1.0
2026-05-27T04:30:37Z,5144X77600R4,5144X,,SCHEDULED,120,2.0
2026-05-27T04:30:37Z,5144X77404R4,5144X,,SCHEDULED,180,3.0
2026-05-27T04:30:37Z,5144X25701R1,5144X,,SCHEDULED,60,1.0
2026-05-27T04:30:37Z,5144X77202R2S,5144X,,SCHEDULED,240,4.0
2026-05-27T04:30:37Z,5144X78288R2,5144X,,SCHEDULED,360,6.0
2026-05-27T04:30:37Z,5144X28404R2N,5144X,,SCHEDULED,840,14.0
2026-05-27T04:30:37Z,5144X77314R3,5144X,,SCHEDULED,60,1.0
2026-05-27T04:30:37Z,6044X26006C2,6044X,,SCHEDULED,240,4.0
2026-05-27T04:30:37Z,6044X26007C2,6044X,,SCHEDULED,120,2.0
2026-05-27T04:30:37Z,6044X71500C4,6044X,,SCHEDULED,180,3.0
2026-05-27T04:30:37Z,6244X71151C2,6244X,,SCHEDULED,180,3.0
2026-05-27T04:30:37Z,4744X71091C1,4744X,,SCHEDULED,180,3.0
2026-05-27T04:30:37Z,2044X22000C1,2044X,,SCHEDULED,2100,35.0
2026-05-27T04:30:37Z,2044X80851C6,2044X,,SCHEDULED,2940,49.0
2026-05-27T04:30:37Z,1044X78009C3,1044X,,SCHEDULED,240,4.0
2026-05-27T04:30:37Z,1044X21512C2,1044X,,SCHEDULED,120,2.0
2026-05-27T04:30:37Z,1044X21510C2,1044X,,SCHEDULED,240,4.0
2026-05-27T04:30:37Z,1044X20704C5,1044X,,SCHEDULED,420,7.0
2026-05-27T04:30:37Z,1044X21514C2,1044X,,SCHEDULED,60,1.0
2026-05-27T04:30:37Z,1044X35981C2,1044X,,SCHEDULED,-60,-1.0
2026-05-27T04:30:37Z,1044X21509C2,1044X,,SCHEDULED,60,1.0
2026-05-27T04:30:37Z,1044X20417C4b,1044X,,SCHEDULED,120,2.0
2026-05-27T04:30:37Z,1044X21506C2,1044X,,SCHEDULED,360,6.0
2026-05-27T04:30:37Z,1044X21505C2,1044X,,SCHEDULED,180,3.0
2026-05-27T04:30:37Z,1044X21504C2,1044X,,SCHEDULED,300,5.0
2026-05-27T04:30:37Z,1044X20413C4b,1044X,,SCHEDULED,180,3.0
2026-05-27T04:30:37Z,1044X78006C3,1044X,,SCHEDULED,300,5.0
2026-05-27T04:30:37Z,1044X78005C3,1044X,,SCHEDULED,240,4.0
2026-05-27T04:30:37Z,1044X19531C5,1044X,,SCHEDULED,240,4.0
2026-05-27T04:30:37Z,1044X20409C4b,1044X,,SCHEDULED,60,1.0
2026-05-27T04:30:37Z,1044X20408C4b,1044X,,SCHEDULED,120,2.0
2026-05-27T04:30:37Z,1044X78011C3,1044X,,SCHEDULED,60,1.0
2026-05-27T04:30:37Z,1044X20402C4b,1044X,,SCHEDULED,60,1.0
2026-05-27T04:30:37Z,1044X19522C5,1044X,,SCHEDULED,240,4.0
2026-05-27T04:30:37Z,1044X21200C10,1044X,,SCHEDULED,180,3.0
2026-05-27T04:30:37Z,1044X21605C2,1044X,,SCHEDULED,120,2.0
2026-05-27T04:30:37Z,1044X19807C1,1044X,,SCHEDULED,60,1.0
2026-05-27T04:30:37Z,1044X19527C5,1044X,,SCHEDULED,120,2.0
2026-05-27T04:30:37Z,1044X19533C5,1044X,,SCHEDULED,60,1.0
2026-05-27T04:30:37Z,1044X21802C7,1044X,,SCHEDULED,120,2.0
2026-05-27T04:30:37Z,1044X21800C7,1044X,,SCHEDULED,60,1.0
2026-05-27T04:30:37Z,1044X20710C5,1044X,,SCHEDULED,60,1.0
2026-05-27T04:30:37Z,1044X20209C4a,1044X,,SCHEDULED,1020,17.0
2026-05-27T04:30:37Z,1044X20211C4a,1044X,,SCHEDULED,180,3.0
2026-05-27T04:30:37Z,1044X21809C7,1044X,,SCHEDULED,180,3.0
2026-05-27T04:30:37Z,1044X20412C4b,1044X,,SCHEDULED,-60,-1.0
2026-05-27T04:30:37Z,1044X20218C4a,1044X,,SCHEDULED,240,4.0
2026-05-27T04:30:37Z,1044X21501C2,1044X,,SCHEDULED,300,5.0
2026-05-27T04:30:37Z,1044X20411C4b,1044X,,SCHEDULED,420,7.0
2026-05-27T04:30:37Z,1044X20410C4b,1044X,,SCHEDULED,60,1.0
2026-05-27T04:30:37Z,1044X19512C5,1044X,,SCHEDULED,300,5.0
2026-05-27T04:30:37Z,1044X21100C10,1044X,,SCHEDULED,180,3.0
2026-05-27T04:30:37Z,1044X19518C5,1044X,,SCHEDULED,780,13.0
2026-05-27T04:30:37Z,1044X21002C8a,1044X,,SCHEDULED,120,2.0
2026-05-27T04:35:23Z,3044X23506C1,3044X,,SCHEDULED,180,3.0
2026-05-27T04:35:23Z,3044X23505C1,3044X,,SCHEDULED,240,4.0
2026-05-27T04:35:23Z,3044X23801C5,3044X,,SCHEDULED,300,5.0
2026-05-27T04:35:23Z,3144X23201C1,3144X,,SCHEDULED,120,2.0
2026-05-27T04:35:23Z,3244X23305C1,3244X,,SCHEDULED,60,1.0
2026-05-27T04:35:23Z,4044X24003C2,4044X,,SCHEDULED,120,2.0
2026-05-27T04:35:23Z,4044X76202C1,4044X,,SCHEDULED,-60,-1.0
2026-05-27T04:35:23Z,5144X25606R1,5144X,,SCHEDULED,1260,21.0
2026-05-27T04:35:23Z,5144X28468R2,5144X,,SCHEDULED,300,5.0
2026-05-27T04:35:23Z,5144X77980R4,5144X,,SCHEDULED,360,6.0
2026-05-27T04:35:23Z,5144X28466R2,5144X,,SCHEDULED,240,4.0
2026-05-27T04:35:23Z,5144X78802R11,5144X,,SCHEDULED,240,4.0
2026-05-27T04:35:23Z,5144X77506R4,5144X,,SCHEDULED,120,2.0
2026-05-27T04:35:23Z,5144X77508R4,5144X,,SCHEDULED,60,1.0
2026-05-27T04:35:23Z,5144X25706R1,5144X,,SCHEDULED,60,1.0
2026-05-27T04:35:23Z,5144X25701R1,5144X,,SCHEDULED,60,1.0
2026-05-27T04:35:23Z,5144X77202R2S,5144X,,SCHEDULED,180,3.0
2026-05-27T04:35:23Z,5144X78288R2,5144X,,SCHEDULED,360,6.0
2026-05-27T04:35:23Z,5144X77201R2S,5144X,,SCHEDULED,300,5.0
2026-05-27T04:35:23Z,5144X77404R4,5144X,,SCHEDULED,240,4.0
2026-05-27T04:35:23Z,6044X26006C2,6044X,,SCHEDULED,120,2.0
2026-05-27T04:35:23Z,6244X71104C2,6244X,,SCHEDULED,-60,-1.0
2026-05-27T04:35:23Z,6244X35903C1,6244X,,SCHEDULED,60,1.0
2026-05-27T04:35:23Z,6244X71301C3,6244X,,SCHEDULED,120,2.0
2026-05-27T04:35:23Z,4744X71091C1,4744X,,SCHEDULED,180,3.0
2026-05-27T04:35:23Z,2044X70400C5,2044X,,SCHEDULED,3960,66.0
2026-05-27T04:35:23Z,2044X70202C4,2044X,,SCHEDULED,300,5.0
2026-05-27T04:35:23Z,2044X80851C6,2044X,,SCHEDULED,3240,54.0
2026-05-27T04:35:23Z,1044X21509C2,1044X,,SCHEDULED,60,1.0
2026-05-27T04:35:23Z,1044X20417C4b,1044X,,SCHEDULED,60,1.0
2026-05-27T04:35:23Z,1044X21504C2,1044X,,SCHEDULED,420,7.0
2026-05-27T04:35:23Z,1044X20414C4b,1044X,,SCHEDULED,-60,-1.0
2026-05-27T04:35:23Z,1044X21800C7,1044X,,SCHEDULED,120,2.0
2026-05-27T04:35:23Z,1044X20710C5,1044X,,SCHEDULED,120,2.0
2026-05-27T04:35:23Z,1044X20709C5,1044X,,SCHEDULED,60,1.0
2026-05-27T04:35:23Z,1044X20413C4b,1044X,,SCHEDULED,240,4.0
2026-05-27T04:35:23Z,1044X20209C4a,1044X,,SCHEDULED,960,16.0
2026-05-27T04:35:23Z,1044X20602C8b,1044X,,SCHEDULED,120,2.0
2026-05-27T04:35:23Z,1044X21811C7,1044X,,SCHEDULED,120,2.0
2026-05-27T04:35:23Z,1044X78006C3,1044X,,SCHEDULED,300,5.0
2026-05-27T04:35:23Z,1044X78005C3,1044X,,SCHEDULED,300,5.0
2026-05-27T04:35:23Z,1044X20600C8b,1044X,,SCHEDULED,60,1.0
2026-05-27T04:35:23Z,1044X78008C3,1044X,,SCHEDULED,60,1.0
2026-05-27T04:35:23Z,1044X21809C7,1044X,,SCHEDULED,120,2.0
2026-05-27T04:35:23Z,1044X78009C3,1044X,,SCHEDULED,120,2.0
2026-05-27T04:35:23Z,1044X21807C7,1044X,,SCHEDULED,1620,27.0
2026-05-27T04:35:23Z,1044X20412C4b,1044X,,SCHEDULED,-60,-1.0
2026-05-27T04:35:23Z,1044X21501C2,1044X,,SCHEDULED,60,1.0
2026-05-27T04:35:23Z,1044X21104C10,1044X,,SCHEDULED,240,4.0
2026-05-27T04:35:23Z,1044X21512C2,1044X,,SCHEDULED,240,4.0
2026-05-27T04:35:23Z,1044X20411C4b,1044X,,SCHEDULED,540,9.0
2026-05-27T04:35:23Z,1044X20410C4b,1044X,,SCHEDULED,60,1.0
2026-05-27T04:35:23Z,1044X21510C2,1044X,,SCHEDULED,300,5.0
2026-05-27T04:35:23Z,1044X20704C5,1044X,,SCHEDULED,540,9.0
2026-05-27T04:35:23Z,1044X21514C2,1044X,,SCHEDULED,180,3.0
2026-05-27T04:35:23Z,1044X35981C2,1044X,,SCHEDULED,120,2.0
2026-05-27T04:35:23Z,1044X20213C4a,1044X,,SCHEDULED,180,3.0
2026-05-27T04:35:23Z,1044X19522C5,1044X,,SCHEDULED,420,7.0
2026-05-27T04:35:23Z,1044X20211C4a,1044X,,SCHEDULED,300,5.0
2026-05-27T04:35:23Z,1044X20218C4a,1044X,,SCHEDULED,180,3.0
2026-05-27T04:35:23Z,1044X20216C4a,1044X,,SCHEDULED,60,1.0
2026-05-27T04:35:23Z,1044X19512C5,1044X,,SCHEDULED,180,3.0
2026-05-27T04:35:23Z,1044X19527C5,1044X,,SCHEDULED,120,2.0
2026-05-27T04:35:23Z,1044X20220C4a,1044X,,SCHEDULED,120,2.0
2026-05-27T04:35:23Z,1044X19531C5,1044X,,SCHEDULED,120,2.0
2026-05-27T04:35:23Z,1044X19518C5,1044X,,SCHEDULED,900,15.0
2026-05-27T04:35:23Z,1044X20408C4b,1044X,,SCHEDULED,120,2.0
2026-05-27T04:35:23Z,1044X20406C4b,1044X,,SCHEDULED,300,5.0
2026-05-27T04:35:23Z,1044X21002C8a,1044X,,SCHEDULED,180,3.0
2026-05-27T04:35:23Z,1044X78011C3,1044X,,SCHEDULED,60,1.0
2026-05-27T04:35:23Z,1044X21001C8a,1044X,,SCHEDULED,60,1.0
2026-05-27T04:35:23Z,1044X21000C8a,1044X,,SCHEDULED,60,1.0
2026-05-27T04:35:23Z,1044X78010C3,1044X,,SCHEDULED,60,1.0
2026-05-27T04:35:23Z,1044X19537C5,1044X,,SCHEDULED,60,1.0
2026-05-27T04:40:29Z,3044X23504C1,3044X,,SCHEDULED,840,14.0
2026-05-27T04:40:29Z,3144X23200C1,3144X,,SCHEDULED,120,2.0
2026-05-27T04:40:29Z,3144X23201C1,3144X,,SCHEDULED,180,3.0
2026-05-27T04:40:29Z,4044X24300C6,4044X,,SCHEDULED,-60,-1.0
2026-05-27T04:40:29Z,4044X24303C6,4044X,,SCHEDULED,60,1.0
2026-05-27T04:40:29Z,5144X15002R15,5144X,,SCHEDULED,60,1.0
2026-05-27T04:40:29Z,5144X25604R1,5144X,,SCHEDULED,480,8.0
2026-05-27T04:40:29Z,5144X78802R11,5144X,,SCHEDULED,360,6.0
2026-05-27T04:40:29Z,5144X77203R2S,5144X,,SCHEDULED,300,5.0
2026-05-27T04:40:29Z,5144X28468R2,5144X,,SCHEDULED,300,5.0
2026-05-27T04:40:29Z,5144X77600R4,5144X,,SCHEDULED,120,2.0
2026-05-27T04:40:29Z,5144X77980R4,5144X,,SCHEDULED,360,6.0
2026-05-27T04:40:29Z,5144X77404R4,5144X,,SCHEDULED,300,5.0
2026-05-27T04:40:29Z,5144X25606R1,5144X,,SCHEDULED,1260,21.0
2026-05-27T04:40:29Z,5144X25701R1,5144X,,SCHEDULED,60,1.0
2026-05-27T04:40:29Z,5144X28408R2N,5144X,,SCHEDULED,180,3.0
2026-05-27T04:40:29Z,5144X25612R1,5144X,,SCHEDULED,60,1.0
2026-05-27T04:40:29Z,5144X77312R3,5144X,,SCHEDULED,180,3.0
2026-05-27T04:40:29Z,5144X78900R11,5144X,,SCHEDULED,600,10.0
2026-05-27T04:40:29Z,6044X26006C2,6044X,,SCHEDULED,60,1.0
2026-05-27T04:40:29Z,6044X26504C3,6044X,,SCHEDULED,180,3.0
2026-05-27T04:40:29Z,6044X26506C3,6044X,,SCHEDULED,-60,-1.0
2026-05-27T04:40:29Z,6044X71581C5,6044X,,SCHEDULED,-240,-4.0
2026-05-27T04:40:29Z,6044X26106C1,6044X,,SCHEDULED,60,1.0
2026-05-27T04:40:29Z,6244X71152C2,6244X,,SCHEDULED,60,1.0
2026-05-27T04:40:29Z,6244X71151C2,6244X,,SCHEDULED,120,2.0
2026-05-27T04:40:29Z,6244X35903C1,6244X,,SCHEDULED,60,1.0
2026-05-27T04:40:29Z,4744X71091C1,4744X,,SCHEDULED,180,3.0
2026-05-27T04:40:29Z,4744X71080C1,4744X,,SCHEDULED,240,4.0
2026-05-27T04:40:29Z,2044X70202C4,2044X,,SCHEDULED,600,10.0
2026-05-27T04:40:29Z,2044X80851C6,2044X,,SCHEDULED,3540,59.0
2026-05-27T04:40:29Z,1044X20419C4b,1044X,,SCHEDULED,60,1.0
2026-05-27T04:40:29Z,1044X21506C2,1044X,,SCHEDULED,180,3.0
2026-05-27T04:40:29Z,1044X21505C2,1044X,,SCHEDULED,60,1.0
2026-05-27T04:40:29Z,1044X21504C2,1044X,,SCHEDULED,360,6.0
2026-05-27T04:40:29Z,1044X20414C4b,1044X,,SCHEDULED,-60,-1.0
2026-05-27T04:40:29Z,1044X20413C4b,1044X,,SCHEDULED,300,5.0
2026-05-27T04:40:29Z,1044X78006C3,1044X,,SCHEDULED,360,6.0
2026-05-27T04:40:29Z,1044X78008C3,1044X,,SCHEDULED,60,1.0
2026-05-27T04:40:29Z,1044X78007C3,1044X,,SCHEDULED,120,2.0
2026-05-27T04:40:29Z,1044X21512C2,1044X,,SCHEDULED,300,5.0
2026-05-27T04:40:29Z,1044X21510C2,1044X,,SCHEDULED,360,6.0
2026-05-27T04:40:29Z,1044X20704C5,1044X,,SCHEDULED,540,9.0
2026-05-27T04:40:29Z,1044X21514C2,1044X,,SCHEDULED,180,3.0
2026-05-27T04:40:29Z,1044X35981C2,1044X,,SCHEDULED,120,2.0
2026-05-27T04:40:29Z,1044X19522C5,1044X,,SCHEDULED,480,8.0
2026-05-27T04:40:29Z,1044X21802C7,1044X,,SCHEDULED,60,1.0
2026-05-27T04:40:29Z,1044X21200C10,1044X,,SCHEDULED,180,3.0
2026-05-27T04:40:29Z,1044X20710C5,1044X,,SCHEDULED,120,2.0
2026-05-27T04:40:29Z,1044X20209C4a,1044X,,SCHEDULED,1020,17.0
2026-05-27T04:40:29Z,1044X19807C1,1044X,,SCHEDULED,60,1.0
2026-05-27T04:40:29Z,1044X20602C8b,1044X,,SCHEDULED,120,2.0
2026-05-27T04:40:29Z,1044X19528C5,1044X,,SCHEDULED,300,5.0
2026-05-27T04:40:29Z,1044X19527C5,1044X,,SCHEDULED,120,2.0
2026-05-27T04:40:29Z,1044X21811C7,1044X,,SCHEDULED,60,1.0
2026-05-27T04:40:29Z,1044X20601C8b,1044X,,SCHEDULED,120,2.0
2026-05-27T04:40:29Z,1044X19533C5,1044X,,SCHEDULED,60,1.0
2026-05-27T04:40:29Z,1044X19531C5,1044X,,SCHEDULED,180,3.0
2026-05-27T04:40:29Z,1044X21809C7,1044X,,SCHEDULED,180,3.0
2026-05-27T04:40:29Z,1044X20408C4b,1044X,,SCHEDULED,120,2.0
2026-05-27T04:40:29Z,1044X20406C4b,1044X,,SCHEDULED,240,4.0
2026-05-27T04:40:29Z,1044X78011C3,1044X,,SCHEDULED,180,3.0
2026-05-27T04:40:29Z,1044X21807C7,1044X,,SCHEDULED,1920,32.0
2026-05-27T04:40:29Z,1044X20412C4b,1044X,,SCHEDULED,-60,-1.0
2026-05-27T04:40:29Z,1044X78010C3,1044X,,SCHEDULED,180,3.0
2026-05-27T04:40:29Z,1044X20411C4b,1044X,,SCHEDULED,480,8.0
2026-05-27T04:40:29Z,1044X19537C5,1044X,,SCHEDULED,180,3.0
2026-05-27T04:40:29Z,1044X20213C4a,1044X,,SCHEDULED,480,8.0
2026-05-27T04:40:29Z,1044X20211C4a,1044X,,SCHEDULED,300,5.0
2026-05-27T04:40:29Z,1044X20218C4a,1044X,,SCHEDULED,360,6.0
2026-05-27T04:40:29Z,1044X19512C5,1044X,,SCHEDULED,120,2.0
2026-05-27T04:40:29Z,1044X20220C4a,1044X,,SCHEDULED,420,7.0
2026-05-27T04:40:29Z,1044X19518C5,1044X,,SCHEDULED,780,13.0
2026-05-27T04:40:29Z,1044X21004C8a,1044X,,SCHEDULED,-60,-1.0
2026-05-27T04:40:29Z,1044X21003C8a,1044X,,SCHEDULED,420,7.0
2026-05-27T04:50:28Z,3044X23505C1,3044X,,SCHEDULED,240,4.0
2026-05-27T04:50:28Z,3044X23701C5,3044X,,SCHEDULED,2280,38.0
2026-05-27T04:50:28Z,3044X23506C1,3044X,,SCHEDULED,420,7.0
2026-05-27T04:50:28Z,3044X23703C5,3044X,,SCHEDULED,420,7.0
2026-05-27T04:50:28Z,3044X23507C1,3044X,,SCHEDULED,240,4.0
2026-05-27T04:50:28Z,3044X23508C1,3044X,,SCHEDULED,120,2.0
2026-05-27T04:50:28Z,3144X23202C1,3144X,,SCHEDULED,120,2.0
2026-05-27T04:50:28Z,4044X24304C6,4044X,,SCHEDULED,-2100,-35.0
2026-05-27T04:50:28Z,4044X76203C1,4044X,,SCHEDULED,120,2.0
2026-05-27T04:50:28Z,5144X28404R2N,5144X,,SCHEDULED,360,6.0
2026-05-27T04:50:28Z,5144X25610R1,5144X,,SCHEDULED,120,2.0
2026-05-27T04:50:28Z,5144X28406R2N,5144X,,SCHEDULED,180,3.0
2026-05-27T04:50:28Z,5144X77203R2S,5144X,,SCHEDULED,360,6.0
2026-05-27T04:50:28Z,5144X77402R4,5144X,,SCHEDULED,60,1.0
2026-05-27T04:50:28Z,5144X77404R4,5144X,,SCHEDULED,420,7.0
2026-05-27T04:50:28Z,5144X77602R4,5144X,,SCHEDULED,60,1.0
2026-05-27T04:50:28Z,5144X77980R4,5144X,,SCHEDULED,360,6.0
2026-05-27T04:50:28Z,5144X25706R1,5144X,,SCHEDULED,60,1.0
2026-05-27T04:50:28Z,5144X77206R2S,5144X,,SCHEDULED,120,2.0
2026-05-27T04:50:28Z,5144X25703R1,5144X,,SCHEDULED,-60,-1.0
2026-05-27T04:50:28Z,5144X28466R2,5144X,,SCHEDULED,60,1.0
2026-05-27T04:50:28Z,5144X77504R4,5144X,,SCHEDULED,120,2.0
2026-05-27T04:50:28Z,5144X78203R2S,5144X,,SCHEDULED,1320,22.0
2026-05-27T04:50:28Z,5144X77706R4,5144X,,SCHEDULED,240,4.0
2026-05-27T04:50:28Z,5144X77314R3,5144X,,SCHEDULED,-120,-2.0
2026-05-27T04:50:28Z,6044X26508C3,6044X,,SCHEDULED,60,1.0
2026-05-27T04:50:28Z,6044X26507C3,6044X,,SCHEDULED,180,3.0
2026-05-27T04:50:28Z,6044X26109C1,6044X,,SCHEDULED,60,1.0
2026-05-27T04:50:28Z,6244X35903C1,6244X,,SCHEDULED,120,2.0
2026-05-27T04:50:28Z,6244X71151C2,6244X,,SCHEDULED,120,2.0
2026-05-27T04:50:28Z,2044X22105C1,2044X,,SCHEDULED,780,13.0
2026-05-27T04:50:28Z,1044X20419C4b,1044X,,SCHEDULED,180,3.0
2026-05-27T04:50:28Z,1044X21506C2,1044X,,SCHEDULED,240,4.0
2026-05-27T04:50:28Z,1044X21505C2,1044X,,SCHEDULED,360,6.0
2026-05-27T04:50:28Z,1044X20414C4b,1044X,,SCHEDULED,-60,-1.0
2026-05-27T04:50:28Z,1044X21106C10,1044X,,SCHEDULED,60,1.0
2026-05-27T04:50:28Z,1044X20413C4b,1044X,,SCHEDULED,180,3.0
2026-05-27T04:50:28Z,1044X21806C7,1044X,,SCHEDULED,120,2.0
2026-05-27T04:50:28Z,1044X78008C3,1044X,,SCHEDULED,60,1.0
2026-05-27T04:50:28Z,1044X20715C5,1044X,,SCHEDULED,60,1.0
2026-05-27T04:50:28Z,1044X20714C5,1044X,,SCHEDULED,120,2.0
2026-05-27T04:50:28Z,1044X21512C2,1044X,,SCHEDULED,540,9.0
2026-05-27T04:50:28Z,1044X21802C7,1044X,,SCHEDULED,240,4.0
2026-05-27T04:50:28Z,1044X20709C5,1044X,,SCHEDULED,60,1.0
2026-05-27T04:50:28Z,1044X21510C2,1044X,,SCHEDULED,540,9.0
2026-05-27T04:50:28Z,1044X20704C5,1044X,,SCHEDULED,420,7.0
2026-05-27T04:50:28Z,1044X21516C2,1044X,,SCHEDULED,180,3.0
2026-05-27T04:50:28Z,1044X21514C2,1044X,,SCHEDULED,60,1.0
2026-05-27T04:50:28Z,1044X20603C8b,1044X,,SCHEDULED,120,2.0
2026-05-27T04:50:28Z,1044X35981C2,1044X,,SCHEDULED,240,4.0
2026-05-27T04:50:28Z,1044X21813C7,1044X,,SCHEDULED,-60,-1.0
2026-05-27T04:50:28Z,1044X20602C8b,1044X,,SCHEDULED,60,1.0
2026-05-27T04:50:28Z,1044X21811C7,1044X,,SCHEDULED,120,2.0
2026-05-27T04:50:28Z,1044X20601C8b,1044X,,SCHEDULED,120,2.0
2026-05-27T04:50:28Z,1044X19522C5,1044X,,SCHEDULED,420,7.0
2026-05-27T04:50:28Z,1044X21200C10,1044X,,SCHEDULED,240,4.0
2026-05-27T04:50:28Z,1044X21809C7,1044X,,SCHEDULED,60,1.0
2026-05-27T04:50:28Z,1044X21607C2,1044X,,SCHEDULED,-60,-1.0
2026-05-27T04:50:28Z,1044X35975C2,1044X,,SCHEDULED,120,2.0
2026-05-27T04:50:28Z,1044X21807C7,1044X,,SCHEDULED,2520,42.0
2026-05-27T04:50:28Z,1044X19528C5,1044X,,SCHEDULED,240,4.0
2026-05-27T04:50:28Z,1044X19527C5,1044X,,SCHEDULED,60,1.0
2026-05-27T04:50:28Z,1044X20411C4b,1044X,,SCHEDULED,420,7.0
2026-05-27T04:50:28Z,1044X20410C4b,1044X,,SCHEDULED,240,4.0
2026-05-27T04:50:28Z,1044X19531C5,1044X,,SCHEDULED,180,3.0
2026-05-27T04:50:28Z,1044X19545C5,1044X,,SCHEDULED,60,1.0
2026-05-27T04:50:28Z,1044X19530C5,1044X,,SCHEDULED,300,5.0
2026-05-27T04:50:28Z,1044X20404C4,1044X,,SCHEDULED,240,4.0
2026-05-27T04:50:28Z,1044X78011C3,1044X,,SCHEDULED,480,8.0
2026-05-27T04:50:28Z,1044X20213C4a,1044X,,SCHEDULED,1080,18.0
2026-05-27T04:50:28Z,1044X78013C3,1044X,,SCHEDULED,300,5.0
2026-05-27T04:50:28Z,1044X78012C3,1044X,,SCHEDULED,180,3.0
2026-05-27T04:50:28Z,1044X20211C4a,1044X,,SCHEDULED,240,4.0
2026-05-27T04:50:28Z,1044X19537C5,1044X,,SCHEDULED,60,1.0
2026-05-27T04:50:28Z,1044X20219C4a,1044X,,SCHEDULED,60,1.0
2026-05-27T04:50:28Z,1044X20218C4a,1044X,,SCHEDULED,120,2.0
2026-05-27T04:50:28Z,1044X20216C4a,1044X,,SCHEDULED,120,2.0
2026-05-27T04:50:28Z,1044X19539C5,1044X,,SCHEDULED,60,1.0
2026-05-27T04:50:28Z,1044X21305C10,1044X,,SCHEDULED,60,1.0
2026-05-27T04:50:28Z,1044X20222C4a,1044X,,SCHEDULED,240,4.0
2026-05-27T04:50:28Z,1044X19512C5,1044X,,SCHEDULED,120,2.0
2026-05-27T04:50:28Z,1044X20220C4a,1044X,,SCHEDULED,240,4.0
2026-05-27T04:50:28Z,1044X19518C5,1044X,,SCHEDULED,840,14.0
2026-05-27T04:50:28Z,1044X21004C8a,1044X,,SCHEDULED,60,1.0
2026-05-27T04:50:28Z,1044X21001C8a,1044X,,SCHEDULED,180,3.0
2026-05-27T04:55:24Z,3044X23506C1,3044X,,SCHEDULED,360,6.0
2026-05-27T04:55:24Z,3044X23508C1,3044X,,SCHEDULED,240,4.0
2026-05-27T04:55:24Z,3044X23504C1,3044X,,SCHEDULED,660,11.0
2026-05-27T04:55:24Z,3044X23801C5,3044X,,SCHEDULED,240,4.0
2026-05-27T04:55:24Z,3044X23505C1,3044X,,SCHEDULED,240,4.0
2026-05-27T04:55:24Z,3144X23202C1,3144X,,SCHEDULED,120,2.0
2026-05-27T04:55:24Z,3244X23307C1,3244X,,SCHEDULED,180,3.0
2026-05-27T04:55:24Z,5144X25608R1,5144X,,SCHEDULED,240,4.0
2026-05-27T04:55:24Z,5144X25607R1,5144X,,SCHEDULED,60,1.0
2026-05-27T04:55:24Z,5144X35503R3,5144X,,SCHEDULED,120,2.0
2026-05-27T04:55:24Z,5144X77982R4,5144X,,SCHEDULED,480,8.0
2026-05-27T04:55:24Z,5144X28466R2,5144X,,SCHEDULED,120,2.0
2026-05-27T04:55:24Z,5144X77504R4,5144X,,SCHEDULED,180,3.0
2026-05-27T04:55:24Z,5144X77706R4,5144X,,SCHEDULED,300,5.0
2026-05-27T04:55:24Z,5144X25706R1,5144X,,SCHEDULED,120,2.0
2026-05-27T04:55:24Z,5144X25701R1,5144X,,SCHEDULED,180,3.0
2026-05-27T04:55:24Z,5144X78288R2,5144X,,SCHEDULED,120,2.0
2026-05-27T04:55:24Z,5144X78204R2S,5144X,,SCHEDULED,60,1.0
2026-05-27T04:55:24Z,5144X77314R3,5144X,,SCHEDULED,-60,-1.0
2026-05-27T04:55:24Z,5144X78844R11,5144X,,SCHEDULED,360,6.0
2026-05-27T04:55:24Z,5144X28404R2N,5144X,,SCHEDULED,420,7.0
2026-05-27T04:55:24Z,5144X77400R4,5144X,,SCHEDULED,240,4.0
2026-05-27T04:55:24Z,6044X26008C2,6044X,,SCHEDULED,240,4.0
2026-05-27T04:55:24Z,6044X26007C2,6044X,,SCHEDULED,300,5.0
2026-05-27T04:55:24Z,6044X26108C1,6044X,,SCHEDULED,60,1.0
2026-05-27T04:55:24Z,6044X26505C3,6044X,,SCHEDULED,-60,-1.0
2026-05-27T04:55:24Z,6244X35901C1,6244X,,SCHEDULED,120,2.0
2026-05-27T04:55:24Z,6244X35903C1,6244X,,SCHEDULED,120,2.0
2026-05-27T04:55:24Z,2044X22105C1,2044X,,SCHEDULED,1080,18.0
2026-05-27T04:55:24Z,4144X84900C2,4144X,,SCHEDULED,3000,50.0
2026-05-27T04:55:24Z,1044X21511C2,1044X,,SCHEDULED,60,1.0
2026-05-27T04:55:24Z,1044X20421C4b,1044X,,SCHEDULED,60,1.0
2026-05-27T04:55:24Z,1044X21510C2,1044X,,SCHEDULED,360,6.0
2026-05-27T04:55:24Z,1044X20704C5,1044X,,SCHEDULED,420,7.0
2026-05-27T04:55:24Z,1044X21516C2,1044X,,SCHEDULED,180,3.0
2026-05-27T04:55:24Z,1044X21514C2,1044X,,SCHEDULED,60,1.0
2026-05-27T04:55:24Z,1044X20714C5,1044X,,SCHEDULED,120,2.0
2026-05-27T04:55:24Z,1044X21802C7,1044X,,SCHEDULED,300,5.0
2026-05-27T04:55:24Z,1044X19522C5,1044X,,SCHEDULED,660,11.0
2026-05-27T04:55:24Z,1044X20710C5,1044X,,SCHEDULED,120,2.0
2026-05-27T04:55:24Z,1044X20709C5,1044X,,SCHEDULED,60,1.0
2026-05-27T04:55:24Z,1044X21508C2,1044X,,SCHEDULED,180,3.0
2026-05-27T04:55:24Z,1044X20720C5,1044X,,SCHEDULED,180,3.0
2026-05-27T04:55:24Z,1044X20603C8b,1044X,,SCHEDULED,180,3.0
2026-05-27T04:55:24Z,1044X21506C2,1044X,,SCHEDULED,360,6.0
2026-05-27T04:55:24Z,1044X21813C7,1044X,,SCHEDULED,-60,-1.0
2026-05-27T04:55:24Z,1044X20602C8b,1044X,,SCHEDULED,120,2.0
2026-05-27T04:55:24Z,1044X21505C2,1044X,,SCHEDULED,300,5.0
2026-05-27T04:55:24Z,1044X20415C4b,1044X,,SCHEDULED,120,2.0
2026-05-27T04:55:24Z,1044X20414C4b,1044X,,SCHEDULED,60,1.0
2026-05-27T04:55:24Z,1044X20601C8b,1044X,,SCHEDULED,120,2.0
2026-05-27T04:55:24Z,1044X21106C10,1044X,,SCHEDULED,120,2.0
2026-05-27T04:55:24Z,1044X20413C4b,1044X,,SCHEDULED,180,3.0
2026-05-27T04:55:24Z,1044X78008C3,1044X,,SCHEDULED,60,1.0
2026-05-27T04:55:24Z,1044X78009C3,1044X,,SCHEDULED,300,5.0
2026-05-27T04:55:24Z,1044X21807C7,1044X,,SCHEDULED,2820,47.0
2026-05-27T04:55:24Z,1044X21512C2,1044X,,SCHEDULED,540,9.0
2026-05-27T04:55:24Z,1044X20406C4b,1044X,,SCHEDULED,60,1.0
2026-05-27T04:55:24Z,1044X21104C10,1044X,,SCHEDULED,60,1.0
2026-05-27T04:55:24Z,1044X20922C5,1044X,,SCHEDULED,-5700,-95.0
2026-05-27T04:55:24Z,1044X20411C4b,1044X,,SCHEDULED,660,11.0
2026-05-27T04:55:24Z,1044X20404C4,1044X,,SCHEDULED,120,2.0
2026-05-27T04:55:24Z,1044X78011C3,1044X,,SCHEDULED,240,4.0
2026-05-27T04:55:24Z,1044X20410C4b,1044X,,SCHEDULED,180,3.0
2026-05-27T04:55:24Z,1044X19545C5,1044X,,SCHEDULED,180,3.0
2026-05-27T04:55:24Z,1044X78013C3,1044X,,SCHEDULED,240,4.0
2026-05-27T04:55:24Z,1044X78012C3,1044X,,SCHEDULED,300,5.0
2026-05-27T04:55:24Z,1044X19537C5,1044X,,SCHEDULED,60,1.0
2026-05-27T04:55:24Z,1044X19541C5,1044X,,SCHEDULED,60,1.0
2026-05-27T04:55:24Z,1044X19539C5,1044X,,SCHEDULED,120,2.0
2026-05-27T04:55:24Z,1044X20213C4a,1044X,,SCHEDULED,1380,23.0
2026-05-27T04:55:24Z,1044X21200C10,1044X,,SCHEDULED,240,4.0
2026-05-27T04:55:24Z,1044X20211C4a,1044X,,SCHEDULED,360,6.0
2026-05-27T04:55:24Z,1044X21706C2,1044X,,SCHEDULED,240,4.0
2026-05-27T04:55:24Z,1044X21607C2,1044X,,SCHEDULED,-60,-1.0
2026-05-27T04:55:24Z,1044X20219C4a,1044X,,SCHEDULED,120,2.0
2026-05-27T04:55:24Z,1044X35975C2,1044X,,SCHEDULED,120,2.0
2026-05-27T04:55:24Z,1044X19809C1,1044X,,SCHEDULED,60,1.0
2026-05-27T04:55:24Z,1044X19528C5,1044X,,SCHEDULED,240,4.0
2026-05-27T04:55:24Z,1044X20222C4a,1044X,,SCHEDULED,660,11.0
2026-05-27T04:55:24Z,1044X19527C5,1044X,,SCHEDULED,180,3.0
2026-05-27T04:55:24Z,1044X19512C5,1044X,,SCHEDULED,300,5.0
2026-05-27T04:55:24Z,1044X20220C4a,1044X,,SCHEDULED,240,4.0
2026-05-27T04:55:24Z,1044X19531C5,1044X,,SCHEDULED,180,3.0
2026-05-27T04:55:24Z,1044X19530C5,1044X,,SCHEDULED,180,3.0
2026-05-27T04:55:24Z,1044X19518C5,1044X,,SCHEDULED,840,14.0
2026-05-27T04:55:24Z,1044X20408C4b,1044X,,SCHEDULED,300,5.0
2026-05-27T04:55:24Z,1044X21006C8a,1044X,,SCHEDULED,-120,-2.0
2026-05-27T04:55:24Z,1044X21004C8a,1044X,,SCHEDULED,60,1.0
2026-05-27T04:55:24Z,1044X20715C5,1044X,,SCHEDULED,180,3.0
2026-05-27T04:55:24Z,1044X21804C7,1044X,,SCHEDULED,180,3.0
2026-05-27T05:00:47Z,3044X23508C1,3044X,,SCHEDULED,240,4.0
2026-05-27T05:00:47Z,3044X23801C5,3044X,,SCHEDULED,180,3.0
2026-05-27T05:00:47Z,3044X23703C5,3044X,,SCHEDULED,660,11.0
2026-05-27T05:00:47Z,3044X23701C5,3044X,,SCHEDULED,2520,42.0
2026-05-27T05:00:47Z,3044X23505C1,3044X,,SCHEDULED,120,2.0
2026-05-27T05:00:47Z,3044X23605C4,3044X,,SCHEDULED,2100,35.0
2026-05-27T05:00:47Z,3144X23203C1,3144X,,SCHEDULED,60,1.0
2026-05-27T05:00:47Z,3144X23200C1,3144X,,SCHEDULED,240,4.0
2026-05-27T05:00:47Z,3244X23307C1,3244X,,SCHEDULED,180,3.0
2026-05-27T05:00:47Z,4044X24301C6,4044X,,SCHEDULED,240,4.0
2026-05-27T05:00:47Z,4044X24006C2,4044X,,SCHEDULED,120,2.0
2026-05-27T05:00:47Z,4044X24303C6,4044X,,SCHEDULED,-60,-1.0
2026-05-27T05:00:47Z,4044X24007C2,4044X,,SCHEDULED,240,4.0
2026-05-27T05:00:47Z,4044X24381C6,4044X,,SCHEDULED,60,1.0
2026-05-27T05:00:47Z,5144X25606R1,5144X,,SCHEDULED,1320,22.0
2026-05-27T05:00:47Z,5144X78900R11,5144X,,SCHEDULED,780,13.0
2026-05-27T05:00:47Z,5144X25608R1,5144X,,SCHEDULED,120,2.0
2026-05-27T05:00:47Z,5144X35503R3,5144X,,SCHEDULED,480,8.0
2026-05-27T05:00:47Z,5144X77502R4,5144X,,SCHEDULED,600,10.0
2026-05-27T05:00:47Z,5144X77504R4,5144X,,SCHEDULED,120,2.0
2026-05-27T05:00:47Z,5144X33521RL4,5144X,,SCHEDULED,540,9.0
2026-05-27T05:00:47Z,5144X77506R4,5144X,,SCHEDULED,240,4.0
2026-05-27T05:00:47Z,5144X25607R1,5144X,,SCHEDULED,120,2.0
2026-05-27T05:00:47Z,5144X77706R4,5144X,,SCHEDULED,120,2.0
2026-05-27T05:00:47Z,5144X77206R2S,5144X,,SCHEDULED,300,5.0
2026-05-27T05:00:47Z,5144X25402R2N,5144X,,SCHEDULED,120,2.0
2026-05-27T05:00:47Z,5144X78288R2,5144X,,SCHEDULED,240,4.0
2026-05-27T05:00:47Z,5144X25404R2N,5144X,,SCHEDULED,300,5.0
2026-05-27T05:00:47Z,5144X78204R2S,5144X,,SCHEDULED,120,2.0
2026-05-27T05:00:47Z,5144X77312R3,5144X,,SCHEDULED,360,6.0
2026-05-27T05:00:47Z,5144X25603R1,5144X,,SCHEDULED,-60,-1.0
2026-05-27T05:00:47Z,5144X78203R2S,5144X,,SCHEDULED,1380,23.0
2026-05-27T05:00:47Z,5144X28470R2,5144X,,SCHEDULED,360,6.0
2026-05-27T05:00:47Z,5144X77512R4,5144X,,SCHEDULED,-60,-1.0
2026-05-27T05:00:47Z,5144X18120R16,5144X,,SCHEDULED,120,2.0
2026-05-27T05:00:47Z,5144X78205R2S,5144X,,SCHEDULED,180,3.0
2026-05-27T05:00:47Z,5144X18121R16,5144X,,SCHEDULED,120,2.0
2026-05-27T05:00:47Z,5144X25610R1,5144X,,SCHEDULED,60,1.0
2026-05-27T05:00:47Z,5144X28408R2N,5144X,,SCHEDULED,180,3.0
2026-05-27T05:00:47Z,5144X77203R2S,5144X,,SCHEDULED,360,6.0
2026-05-27T05:00:47Z,5144X77402R4,5144X,,SCHEDULED,180,3.0
2026-05-27T05:00:47Z,5144X77404R4,5144X,,SCHEDULED,300,5.0
2026-05-27T05:00:47Z,6044X26008C2,6044X,,SCHEDULED,300,5.0
2026-05-27T05:00:47Z,6044X71571C4,6044X,,SCHEDULED,180,3.0
2026-05-27T05:00:47Z,6044X26508C3,6044X,,SCHEDULED,60,1.0
2026-05-27T05:00:47Z,6044X26507C3,6044X,,SCHEDULED,240,4.0
2026-05-27T05:00:47Z,6044X26108C1,6044X,,SCHEDULED,120,2.0
2026-05-27T05:00:47Z,6144X32700C1,6144X,,SCHEDULED,-60,-1.0
2026-05-27T05:00:47Z,6144X32701C1,6144X,,SCHEDULED,60,1.0
2026-05-27T05:00:47Z,2044X22105C1,2044X,,SCHEDULED,1380,23.0
2026-05-27T05:00:47Z,2044X70902C8,2044X,,SCHEDULED,960,16.0
2026-05-27T05:00:47Z,4144X84900C2,4144X,,SCHEDULED,3300,55.0
2026-05-27T05:00:47Z,1044X21509C2,1044X,,SCHEDULED,180,3.0
2026-05-27T05:00:47Z,1044X21508C2,1044X,,SCHEDULED,180,3.0
2026-05-27T05:00:47Z,1044X21506C2,1044X,,SCHEDULED,360,6.0
2026-05-27T05:00:47Z,1044X21505C2,1044X,,SCHEDULED,180,3.0
2026-05-27T05:00:47Z,1044X21106C10,1044X,,SCHEDULED,180,3.0
2026-05-27T05:00:47Z,1044X20413C4b,1044X,,SCHEDULED,60,1.0
2026-05-27T05:00:47Z,1044X36202C10,1044X,,SCHEDULED,120,2.0
2026-05-27T05:00:47Z,1044X78009C3,1044X,,SCHEDULED,60,1.0
2026-05-27T05:00:47Z,1044X21512C2,1044X,,SCHEDULED,360,6.0
2026-05-27T05:00:47Z,1044X21511C2,1044X,,SCHEDULED,60,1.0
2026-05-27T05:00:47Z,1044X20421C4b,1044X,,SCHEDULED,60,1.0
2026-05-27T05:00:47Z,1044X21510C2,1044X,,SCHEDULED,420,7.0
2026-05-27T05:00:47Z,1044X35980C2,1044X,,SCHEDULED,300,5.0
2026-05-27T05:00:47Z,1044X20704C5,1044X,,SCHEDULED,360,6.0
2026-05-27T05:00:47Z,1044X21802C7,1044X,,SCHEDULED,480,8.0
2026-05-27T05:00:47Z,1044X21516C2,1044X,,SCHEDULED,240,4.0
2026-05-27T05:00:47Z,1044X20710C5,1044X,,SCHEDULED,120,2.0
2026-05-27T05:00:47Z,1044X21514C2,1044X,,SCHEDULED,180,3.0
2026-05-27T05:00:47Z,1044X20726C5,1044X,,SCHEDULED,180,3.0
2026-05-27T05:00:47Z,1044X20604C8b,1044X,,SCHEDULED,60,1.0
2026-05-27T05:00:47Z,1044X21813C7,1044X,,SCHEDULED,180,3.0
2026-05-27T05:00:47Z,1044X20602C8b,1044X,,SCHEDULED,120,2.0
2026-05-27T05:00:47Z,1044X19522C5,1044X,,SCHEDULED,600,10.0
2026-05-27T05:00:47Z,1044X21200C10,1044X,,SCHEDULED,300,5.0
2026-05-27T05:00:47Z,1044X21607C2,1044X,,SCHEDULED,60,1.0
2026-05-27T05:00:47Z,1044X20600C8b,1044X,,SCHEDULED,120,2.0
2026-05-27T05:00:47Z,1044X21807C7,1044X,,SCHEDULED,3120,52.0
2026-05-27T05:00:47Z,1044X19528C5,1044X,,SCHEDULED,240,4.0
2026-05-27T05:00:47Z,1044X19527C5,1044X,,SCHEDULED,180,3.0
2026-05-27T05:00:47Z,1044X21104C10,1044X,,SCHEDULED,60,1.0
2026-05-27T05:00:47Z,1044X20410C4b,1044X,,SCHEDULED,240,4.0
2026-05-27T05:00:47Z,1044X19545C5,1044X,,SCHEDULED,180,3.0
2026-05-27T05:00:47Z,1044X19531C5,1044X,,SCHEDULED,180,3.0
2026-05-27T05:00:47Z,1044X19530C5,1044X,,SCHEDULED,180,3.0
2026-05-27T05:00:47Z,1044X20406C4b,1044X,,SCHEDULED,120,2.0
2026-05-27T05:00:47Z,1044X20922C5,1044X,,SCHEDULED,-5640,-94.0
2026-05-27T05:00:47Z,1044X20213C4a,1044X,,SCHEDULED,1680,28.0
2026-05-27T05:00:47Z,1044X21706C2,1044X,,SCHEDULED,120,2.0
2026-05-27T05:00:47Z,1044X78013C3,1044X,,SCHEDULED,300,5.0
2026-05-27T05:00:47Z,1044X78015C3,1044X,,SCHEDULED,60,1.0
2026-05-27T05:00:47Z,1044X19537C5,1044X,,SCHEDULED,60,1.0
2026-05-27T05:00:47Z,1044X19811C1,1044X,,SCHEDULED,60,1.0
2026-05-27T05:00:47Z,1044X20217C4a,1044X,,SCHEDULED,120,2.0
2026-05-27T05:00:47Z,1044X20216C4a,1044X,,SCHEDULED,120,2.0
2026-05-27T05:00:47Z,1044X19539C5,1044X,,SCHEDULED,120,2.0
2026-05-27T05:00:47Z,1044X20224C4a,1044X,,SCHEDULED,240,4.0
2026-05-27T05:00:47Z,1044X19538C5,1044X,,SCHEDULED,120,2.0
2026-05-27T05:00:47Z,1044X20222C4a,1044X,,SCHEDULED,600,10.0
2026-05-27T05:00:47Z,1044X19512C5,1044X,,SCHEDULED,120,2.0
2026-05-27T05:00:47Z,1044X20221C4a,1044X,,SCHEDULED,60,1.0
2026-05-27T05:00:47Z,1044X20220C4a,1044X,,SCHEDULED,240,4.0
2026-05-27T05:00:47Z,1044X19518C5,1044X,,SCHEDULED,840,14.0
2026-05-27T05:00:47Z,1044X21006C8a,1044X,,SCHEDULED,-120,-2.0
2026-05-27T05:00:47Z,1044X21004C8a,1044X,,SCHEDULED,60,1.0
2026-05-27T05:00:47Z,1044X21003C8a,1044X,,SCHEDULED,240,4.0
2026-05-27T05:00:47Z,1044X20715C5,1044X,,SCHEDULED,60,1.0
2026-05-27T05:10:29Z,3044X23701C5,3044X,,SCHEDULED,2700,45.0
2026-05-27T05:10:29Z,3044X23506C1,3044X,,SCHEDULED,60,1.0
2026-05-27T05:10:29Z,3044X23508C1,3044X,,SCHEDULED,300,5.0
2026-05-27T05:10:29Z,3044X23510C1,3044X,,SCHEDULED,120,2.0
2026-05-27T05:10:29Z,3144X23202C1,3144X,,SCHEDULED,360,6.0
2026-05-27T05:10:29Z,3244X23307C1,3244X,,SCHEDULED,180,3.0
2026-05-27T05:10:29Z,4044X24008C2,4044X,,SCHEDULED,420,7.0
2026-05-27T05:10:29Z,5144X25608R1,5144X,,SCHEDULED,180,3.0
2026-05-27T05:10:29Z,5144X25609R1,5144X,,SCHEDULED,60,1.0
2026-05-27T05:10:29Z,5144X25601R1,5144X,,SCHEDULED,120,2.0
2026-05-27T05:10:29Z,5144X77316R3,5144X,,SCHEDULED,60,1.0
2026-05-27T05:10:29Z,5144X77205R2S,5144X,,SCHEDULED,1200,20.0
2026-05-27T05:10:29Z,5144X25710R1,5144X,,SCHEDULED,120,2.0
2026-05-27T05:10:29Z,5144X28468R2,5144X,,SCHEDULED,120,2.0
2026-05-27T05:10:29Z,5144X77982R4,5144X,,SCHEDULED,420,7.0
2026-05-27T05:10:29Z,5144X25707R1,5144X,,SCHEDULED,60,1.0
2026-05-27T05:10:29Z,5144X77206R2S,5144X,,SCHEDULED,360,6.0
2026-05-27T05:10:29Z,5144X28466R2,5144X,,SCHEDULED,240,4.0
2026-05-27T05:10:29Z,5144X78204R2S,5144X,,SCHEDULED,180,3.0
2026-05-27T05:10:29Z,6044X26009C2,6044X,,SCHEDULED,180,3.0
2026-05-27T05:10:29Z,6044X26008C2,6044X,,SCHEDULED,120,2.0
2026-05-27T05:10:29Z,6144X30600C1,6144X,,SCHEDULED,180,3.0
2026-05-27T05:10:29Z,4744X71080C1,4744X,,SCHEDULED,120,2.0
2026-05-27T05:10:29Z,2044X70902C8,2044X,,SCHEDULED,1560,26.0
2026-05-27T05:10:29Z,2044X70504C7,2044X,,SCHEDULED,480,8.0
2026-05-27T05:10:29Z,4144X84900C2,4144X,,SCHEDULED,3900,65.0
2026-05-27T05:10:29Z,4544X71603C1,4544X,,SCHEDULED,480,8.0
2026-05-27T05:10:29Z,1044X21510C2,1044X,,SCHEDULED,480,8.0
2026-05-27T05:10:29Z,1044X19551C5,1044X,,SCHEDULED,180,3.0
2026-05-27T05:10:29Z,1044X21514C2,1044X,,SCHEDULED,60,1.0
2026-05-27T05:10:29Z,1044X20714C5,1044X,,SCHEDULED,120,2.0
2026-05-27T05:10:29Z,1044X35981C2,1044X,,SCHEDULED,300,5.0
2026-05-27T05:10:29Z,1044X21802C7,1044X,,SCHEDULED,300,5.0
2026-05-27T05:10:29Z,1044X20710C5,1044X,,SCHEDULED,240,4.0
2026-05-27T05:10:29Z,1044X21600C2,1044X,,SCHEDULED,240,4.0
2026-05-27T05:10:29Z,1044X20709C5,1044X,,SCHEDULED,120,2.0
2026-05-27T05:10:29Z,1044X20720C5,1044X,,SCHEDULED,180,3.0
2026-05-27T05:10:29Z,1044X21204C10,1044X,,SCHEDULED,240,4.0
2026-05-27T05:10:29Z,1044X21817C7,1044X,,SCHEDULED,60,1.0
2026-05-27T05:10:29Z,1044X19522C5,1044X,,SCHEDULED,540,9.0
2026-05-27T05:10:29Z,1044X21508C2,1044X,,SCHEDULED,120,2.0
2026-05-27T05:10:29Z,1044X20726C5,1044X,,SCHEDULED,120,2.0
2026-05-27T05:10:29Z,1044X20604C8b,1044X,,SCHEDULED,120,2.0
2026-05-27T05:10:29Z,1044X20603C8b,1044X,,SCHEDULED,120,2.0
2026-05-27T05:10:29Z,1044X20416C4b,1044X,,SCHEDULED,60,1.0
2026-05-27T05:10:29Z,1044X21813C7,1044X,,SCHEDULED,240,4.0
2026-05-27T05:10:29Z,1044X21505C2,1044X,,SCHEDULED,180,3.0
2026-05-27T05:10:29Z,1044X20414C4b,1044X,,SCHEDULED,120,2.0
2026-05-27T05:10:29Z,1044X21106C10,1044X,,SCHEDULED,300,5.0
2026-05-27T05:10:29Z,1044X20601C8b,1044X,,SCHEDULED,180,3.0
2026-05-27T05:10:29Z,1044X21809C7,1044X,,SCHEDULED,420,7.0
2026-05-27T05:10:29Z,1044X21808C7,1044X,,SCHEDULED,60,1.0
2026-05-27T05:10:29Z,1044X20719C5,1044X,,SCHEDULED,60,1.0
2026-05-27T05:10:29Z,1044X20423C4b,1044X,,SCHEDULED,120,2.0
2026-05-27T05:10:29Z,1044X21512C2,1044X,,SCHEDULED,300,5.0
2026-05-27T05:10:29Z,1044X21511C2,1044X,,SCHEDULED,180,3.0
2026-05-27T05:10:29Z,1044X21104C10,1044X,,SCHEDULED,60,1.0
2026-05-27T05:10:29Z,1044X20920C5,1044X,,SCHEDULED,-5400,-90.0
2026-05-27T05:10:29Z,1044X78011C3,1044X,,SCHEDULED,60,1.0
2026-05-27T05:10:29Z,1044X78012C3,1044X,,SCHEDULED,180,3.0
2026-05-27T05:10:29Z,1044X78015C3,1044X,,SCHEDULED,240,4.0
2026-05-27T05:10:29Z,1044X78014C3,1044X,,SCHEDULED,120,2.0
2026-05-27T05:10:29Z,1044X78017C3,1044X,,SCHEDULED,60,1.0
2026-05-27T05:10:29Z,1044X20918C5,1044X,,SCHEDULED,-5340,-89.0
2026-05-27T05:10:29Z,1044X19545C5,1044X,,SCHEDULED,300,5.0
2026-05-27T05:10:29Z,1044X19537C5,1044X,,SCHEDULED,180,3.0
2026-05-27T05:10:29Z,1044X19811C1,1044X,,SCHEDULED,120,2.0
2026-05-27T05:10:29Z,1044X19539C5,1044X,,SCHEDULED,120,2.0
2026-05-27T05:10:29Z,1044X19538C5,1044X,,SCHEDULED,300,5.0
2026-05-27T05:10:29Z,1044X20730C5,1044X,,SCHEDULED,240,4.0
2026-05-27T05:10:29Z,1044X21706C2,1044X,,SCHEDULED,300,5.0
2026-05-27T05:10:29Z,1044X21607C2,1044X,,SCHEDULED,60,1.0
2026-05-27T05:10:29Z,1044X20218C4a,1044X,,SCHEDULED,120,2.0
2026-05-27T05:10:29Z,1044X21306C10,1044X,,SCHEDULED,1380,23.0
2026-05-27T05:10:29Z,1044X19808C1,1044X,,SCHEDULED,60,1.0
2026-05-27T05:10:29Z,1044X19528C5,1044X,,SCHEDULED,240,4.0
2026-05-27T05:10:29Z,1044X20224C4a,1044X,,SCHEDULED,360,6.0
2026-05-27T05:10:29Z,1044X19533C5,1044X,,SCHEDULED,60,1.0
2026-05-27T05:10:29Z,1044X20223C4a,1044X,,SCHEDULED,60,1.0
2026-05-27T05:10:29Z,1044X20222C4a,1044X,,SCHEDULED,540,9.0
2026-05-27T05:10:29Z,1044X19530C5,1044X,,SCHEDULED,240,4.0
2026-05-27T05:10:29Z,1044X20408C4b,1044X,,SCHEDULED,180,3.0
2026-05-27T05:10:29Z,1044X20406C4b,1044X,,SCHEDULED,300,5.0
2026-05-27T05:10:29Z,1044X20922C5,1044X,,SCHEDULED,-5640,-94.0
2026-05-27T05:10:29Z,1044X20226C4a,1044X,,SCHEDULED,240,4.0
2026-05-27T05:10:29Z,1044X19518C5,1044X,,SCHEDULED,900,15.0
2026-05-27T05:10:29Z,1044X21006C8a,1044X,,SCHEDULED,-120,-2.0
2026-05-27T05:10:29Z,1044X21003C8a,1044X,,SCHEDULED,240,4.0
2026-05-27T05:10:29Z,1044X21002C8a,1044X,,SCHEDULED,60,1.0
2026-05-27T05:10:29Z,1044X19563C5,1044X,,SCHEDULED,-60,-1.0
2026-05-27T05:10:29Z,1044X20715C5,1044X,,SCHEDULED,60,1.0
2026-05-27T05:15:27Z,3044X23701C5,3044X,,SCHEDULED,2700,45.0
2026-05-27T05:15:27Z,3044X23705C5,3044X,,SCHEDULED,360,6.0
2026-05-27T05:15:27Z,3044X23805C5,3044X,,SCHEDULED,0,0.0
2026-05-27T05:15:27Z,3044X23510C1,3044X,,SCHEDULED,300,5.0
2026-05-27T05:15:27Z,3044X23509C1,3044X,,SCHEDULED,3420,57.0
2026-05-27T05:15:27Z,3044X23504C1,3044X,,SCHEDULED,3300,55.0
2026-05-27T05:15:27Z,3044X23703C5,3044X,,SCHEDULED,12120,202.0
2026-05-27T05:15:27Z,3144X23205C1,3144X,,SCHEDULED,60,1.0
2026-05-27T05:15:27Z,3144X23202C1,3144X,,SCHEDULED,420,7.0
2026-05-27T05:15:27Z,4044X24006C2,4044X,,SCHEDULED,60,1.0
2026-05-27T05:15:27Z,4044X24304C6,4044X,,SCHEDULED,240,4.0
2026-05-27T05:15:27Z,4044X24005C2,4044X,,SCHEDULED,60,1.0
2026-05-27T05:15:27Z,4044X76654C3,4044X,,SCHEDULED,600,10.0
2026-05-27T05:15:27Z,4044X24382C6,4044X,,SCHEDULED,60,1.0
2026-05-27T05:15:27Z,5144X25606R1,5144X,,SCHEDULED,1140,19.0
2026-05-27T05:15:27Z,5144X78900R11,5144X,,SCHEDULED,780,13.0
2026-05-27T05:15:27Z,5144X25609R1,5144X,,SCHEDULED,60,1.0
2026-05-27T05:15:27Z,5144X28468R2,5144X,,SCHEDULED,240,4.0
2026-05-27T05:15:27Z,5144X77980R4,5144X,,SCHEDULED,240,4.0
2026-05-27T05:15:27Z,5144X77982R4,5144X,,SCHEDULED,300,5.0
2026-05-27T05:15:27Z,5144X25402R2N,5144X,,SCHEDULED,120,2.0
2026-05-27T05:15:27Z,5144X18121R16,5144X,,SCHEDULED,180,3.0
2026-05-27T05:15:27Z,5144X28466R2,5144X,,SCHEDULED,240,4.0
2026-05-27T05:15:27Z,5144X77500R4,5144X,,SCHEDULED,120,2.0
2026-05-27T05:15:27Z,5144X77504R4,5144X,,SCHEDULED,240,4.0
2026-05-27T05:15:27Z,5144X25700R1,5144X,,SCHEDULED,-60,-1.0
2026-05-27T05:15:27Z,5144X77205R2S,5144X,,SCHEDULED,1260,21.0
2026-05-27T05:15:27Z,5144X78286R2N,5144X,,SCHEDULED,120,2.0
2026-05-27T05:15:27Z,5144X77602R4,5144X,,SCHEDULED,60,1.0
2026-05-27T05:15:27Z,5144X77604R4,5144X,,SCHEDULED,120,2.0
2026-05-27T05:15:27Z,5144X78204R2S,5144X,,SCHEDULED,60,1.0
2026-05-27T05:15:27Z,5144X78203R2S,5144X,,SCHEDULED,1500,25.0
2026-05-27T05:15:27Z,5144X28408R2N,5144X,,SCHEDULED,240,4.0
2026-05-27T05:15:27Z,5144X77314R3,5144X,,SCHEDULED,60,1.0
2026-05-27T05:15:27Z,5144X25612R1,5144X,,SCHEDULED,120,2.0
2026-05-27T05:15:27Z,5144X77203R2S,5144X,,SCHEDULED,600,10.0
2026-05-27T05:15:27Z,6044X26508C3,6044X,,SCHEDULED,360,6.0
2026-05-27T05:15:27Z,6044X71502C4,6044X,,SCHEDULED,480,8.0
2026-05-27T05:15:27Z,6144X32702C1,6144X,,SCHEDULED,60,1.0
2026-05-27T05:15:27Z,6244X71840C3,6244X,,SCHEDULED,-120,-2.0
2026-05-27T05:15:27Z,4744X71051C1,4744X,,SCHEDULED,-60,-1.0
2026-05-27T05:15:27Z,2044X22307C3,2044X,,SCHEDULED,1140,19.0
2026-05-27T05:15:27Z,2044X70902C8,2044X,,SCHEDULED,1860,31.0
2026-05-27T05:15:27Z,2044X70504C7,2044X,,SCHEDULED,780,13.0
2026-05-27T05:15:27Z,4144X84900C2,4144X,,SCHEDULED,4200,70.0
2026-05-27T05:15:27Z,1044X21108C10,1044X,,SCHEDULED,60,1.0
2026-05-27T05:15:27Z,1044X20415C4b,1044X,,SCHEDULED,180,3.0
2026-05-27T05:15:27Z,1044X20414C4b,1044X,,SCHEDULED,60,1.0
2026-05-27T05:15:27Z,1044X20715C5,1044X,,SCHEDULED,60,1.0
2026-05-27T05:15:27Z,1044X36202C10,1044X,,SCHEDULED,60,1.0
2026-05-27T05:15:27Z,1044X20714C5,1044X,,SCHEDULED,120,2.0
2026-05-27T05:15:27Z,1044X21512C2,1044X,,SCHEDULED,480,8.0
2026-05-27T05:15:27Z,1044X21802C7,1044X,,SCHEDULED,300,5.0
2026-05-27T05:15:27Z,1044X21511C2,1044X,,SCHEDULED,60,1.0
2026-05-27T05:15:27Z,1044X19557C5,1044X,,SCHEDULED,60,1.0
2026-05-27T05:15:27Z,1044X20710C5,1044X,,SCHEDULED,240,4.0
2026-05-27T05:15:27Z,1044X21510C2,1044X,,SCHEDULED,540,9.0
2026-05-27T05:15:27Z,1044X21817C7,1044X,,SCHEDULED,60,1.0
2026-05-27T05:15:27Z,1044X19551C5,1044X,,SCHEDULED,60,1.0
2026-05-27T05:15:27Z,1044X20727C5,1044X,,SCHEDULED,120,2.0
2026-05-27T05:15:27Z,1044X20726C5,1044X,,SCHEDULED,180,3.0
2026-05-27T05:15:27Z,1044X35980C2,1044X,,SCHEDULED,180,3.0
2026-05-27T05:15:27Z,1044X21516C2,1044X,,SCHEDULED,180,3.0
2026-05-27T05:15:27Z,1044X21514C2,1044X,,SCHEDULED,120,2.0
2026-05-27T05:15:27Z,1044X21813C7,1044X,,SCHEDULED,60,1.0
2026-05-27T05:15:27Z,1044X20723C5,1044X,,SCHEDULED,120,2.0
2026-05-27T05:15:27Z,1044X35981C2,1044X,,SCHEDULED,300,5.0
2026-05-27T05:15:27Z,1044X21811C7,1044X,,SCHEDULED,120,2.0
2026-05-27T05:15:27Z,1044X21600C2,1044X,,SCHEDULED,180,3.0
2026-05-27T05:15:27Z,1044X20601C8b,1044X,,SCHEDULED,120,2.0
2026-05-27T05:15:27Z,1044X19522C5,1044X,,SCHEDULED,600,10.0
2026-05-27T05:15:27Z,1044X21808C7,1044X,,SCHEDULED,120,2.0
2026-05-27T05:15:27Z,1044X20230C4a,1044X,,SCHEDULED,-60,-1.0
2026-05-27T05:15:27Z,1044X20922C5,1044X,,SCHEDULED,-5640,-94.0
2026-05-27T05:15:27Z,1044X20719C5,1044X,,SCHEDULED,60,1.0
2026-05-27T05:15:27Z,1044X20920C5,1044X,,SCHEDULED,-5340,-89.0
2026-05-27T05:15:27Z,1044X78012C3,1044X,,SCHEDULED,480,8.0
2026-05-27T05:15:27Z,1044X78015C3,1044X,,SCHEDULED,300,5.0
2026-05-27T05:15:27Z,1044X78014C3,1044X,,SCHEDULED,240,4.0
2026-05-27T05:15:27Z,1044X78017C3,1044X,,SCHEDULED,60,1.0
2026-05-27T05:15:27Z,1044X78016C3,1044X,,SCHEDULED,120,2.0
2026-05-27T05:15:27Z,1044X20918C5,1044X,,SCHEDULED,-5340,-89.0
2026-05-27T05:15:27Z,1044X19545C5,1044X,,SCHEDULED,180,3.0
2026-05-27T05:15:27Z,1044X19539C5,1044X,,SCHEDULED,180,3.0
2026-05-27T05:15:27Z,1044X19813C1,1044X,,SCHEDULED,60,1.0
2026-05-27T05:15:27Z,1044X19540C5,1044X,,SCHEDULED,120,2.0
2026-05-27T05:15:27Z,1044X19538C5,1044X,,SCHEDULED,120,2.0
2026-05-27T05:15:27Z,1044X19541C5,1044X,,SCHEDULED,60,1.0
2026-05-27T05:15:27Z,1044X21607C2,1044X,,SCHEDULED,60,1.0
2026-05-27T05:15:27Z,1044X20730C5,1044X,,SCHEDULED,120,2.0
2026-05-27T05:15:27Z,1044X19528C5,1044X,,SCHEDULED,240,4.0
2026-05-27T05:15:27Z,1044X21706C2,1044X,,SCHEDULED,180,3.0
2026-05-27T05:15:27Z,1044X19533C5,1044X,,SCHEDULED,60,1.0
2026-05-27T05:15:27Z,1044X19530C5,1044X,,SCHEDULED,120,2.0
2026-05-27T05:15:27Z,1044X20408C4b,1044X,,SCHEDULED,240,4.0
2026-05-27T05:15:27Z,1044X20219C4a,1044X,,SCHEDULED,180,3.0
2026-05-27T05:15:27Z,1044X21306C10,1044X,,SCHEDULED,1680,28.0
2026-05-27T05:15:27Z,1044X20217C4a,1044X,,SCHEDULED,60,1.0
2026-05-27T05:15:27Z,1044X20224C4a,1044X,,SCHEDULED,360,6.0
2026-05-27T05:15:27Z,1044X20223C4a,1044X,,SCHEDULED,180,3.0
2026-05-27T05:15:27Z,1044X20222C4a,1044X,,SCHEDULED,420,7.0
2026-05-27T05:15:27Z,1044X20226C4a,1044X,,SCHEDULED,180,3.0
2026-05-27T05:15:27Z,1044X19518C5,1044X,,SCHEDULED,780,13.0
2026-05-27T05:15:27Z,1044X21004C8a,1044X,,SCHEDULED,120,2.0
2026-05-27T05:15:27Z,1044X21002C8a,1044X,,SCHEDULED,60,1.0
2026-05-27T05:15:27Z,1044X19563C5,1044X,,SCHEDULED,-60,-1.0
2026-05-27T05:20:27Z,3044X23507C1,3044X,,SCHEDULED,360,6.0
2026-05-27T05:20:27Z,3044X23805C5,3044X,,SCHEDULED,0,0.0
2026-05-27T05:20:27Z,3044X23703C5,3044X,,SCHEDULED,1020,17.0
2026-05-27T05:20:27Z,3044X23605C4,3044X,,SCHEDULED,240,4.0
2026-05-27T05:20:27Z,3144X23202C1,3144X,,SCHEDULED,360,6.0
2026-05-27T05:20:27Z,4044X24304C6,4044X,,SCHEDULED,300,5.0
2026-05-27T05:20:27Z,5144X25605R1,5144X,,SCHEDULED,-60,-1.0
2026-05-27T05:20:27Z,5144X78900R11,5144X,,SCHEDULED,780,13.0
2026-05-27T05:20:27Z,5144X25608R1,5144X,,SCHEDULED,120,2.0
2026-05-27T05:20:27Z,5144X35503R3,5144X,,SCHEDULED,-60,-1.0
2026-05-27T05:20:27Z,5144X77980R4,5144X,,SCHEDULED,120,2.0
2026-05-27T05:20:27Z,5144X77508R4,5144X,,SCHEDULED,120,2.0
2026-05-27T05:20:27Z,5144X25606R1,5144X,,SCHEDULED,1260,21.0
2026-05-27T05:20:27Z,5144X78846R11,5144X,,SCHEDULED,780,13.0
2026-05-27T05:20:27Z,5144X25708R1,5144X,,SCHEDULED,120,2.0
2026-05-27T05:20:27Z,5144X78286R2N,5144X,,SCHEDULED,120,2.0
2026-05-27T05:20:27Z,5144X25402R2N,5144X,,SCHEDULED,120,2.0
2026-05-27T05:20:27Z,5144X77510R4,5144X,,SCHEDULED,-60,-1.0
2026-05-27T05:20:27Z,5144X25601R1,5144X,,SCHEDULED,180,3.0
2026-05-27T05:20:27Z,5144X78203R2S,5144X,,SCHEDULED,1500,25.0
2026-05-27T05:20:27Z,5144X77208R2S,5144X,,SCHEDULED,180,3.0
2026-05-27T05:20:27Z,5144X77314R3,5144X,,SCHEDULED,120,2.0
2026-05-27T05:20:27Z,5144X18120R16,5144X,,SCHEDULED,420,7.0
2026-05-27T05:20:27Z,5144X78205R2S,5144X,,SCHEDULED,180,3.0
2026-05-27T05:20:27Z,5144X77316R3,5144X,,SCHEDULED,-180,-3.0
2026-05-27T05:20:27Z,5144X25610R1,5144X,,SCHEDULED,420,7.0
2026-05-27T05:20:27Z,5144X28408R2N,5144X,,SCHEDULED,360,6.0
2026-05-27T05:20:27Z,5144X28406R2N,5144X,,SCHEDULED,120,2.0
2026-05-27T05:20:27Z,5144X77402R4,5144X,,SCHEDULED,60,1.0
2026-05-27T05:20:27Z,6044X26110C1,6044X,,SCHEDULED,60,1.0
2026-05-27T05:20:27Z,6044X26507C3,6044X,,SCHEDULED,180,3.0
2026-05-27T05:20:27Z,6044X26509C3,6044X,,SCHEDULED,120,2.0
2026-05-27T05:20:27Z,6144X32702C1,6144X,,SCHEDULED,60,1.0
2026-05-27T05:20:27Z,6144X32771C1,6144X,,SCHEDULED,60,1.0
2026-05-27T05:20:27Z,6244X71840C3,6244X,,SCHEDULED,60,1.0
2026-05-27T05:20:27Z,4744X71090C1,4744X,,SCHEDULED,180,3.0
2026-05-27T05:20:27Z,2044X70902C8,2044X,,SCHEDULED,2160,36.0
2026-05-27T05:20:27Z,2044X22102C1,2044X,,SCHEDULED,120,2.0
2026-05-27T05:20:27Z,4144X84900C2,4144X,,SCHEDULED,4500,75.0
2026-05-27T05:20:27Z,1044X19551C5,1044X,,SCHEDULED,60,1.0
2026-05-27T05:20:27Z,1044X20715C5,1044X,,SCHEDULED,120,2.0
2026-05-27T05:20:27Z,1044X20714C5,1044X,,SCHEDULED,60,1.0
2026-05-27T05:20:27Z,1044X35980C2,1044X,,SCHEDULED,240,4.0
2026-05-27T05:20:27Z,1044X21516C2,1044X,,SCHEDULED,240,4.0
2026-05-27T05:20:27Z,1044X20720C5,1044X,,SCHEDULED,120,2.0
2026-05-27T05:20:27Z,1044X20606C8b,1044X,,SCHEDULED,-60,-1.0
2026-05-27T05:20:27Z,1044X21514C2,1044X,,SCHEDULED,180,3.0
2026-05-27T05:20:27Z,1044X20727C5,1044X,,SCHEDULED,240,4.0
2026-05-27T05:20:27Z,1044X20605C8b,1044X,,SCHEDULED,120,2.0
2026-05-27T05:20:27Z,1044X20604C8b,1044X,,SCHEDULED,120,2.0
2026-05-27T05:20:27Z,1044X20603C8b,1044X,,SCHEDULED,60,1.0
2026-05-27T05:20:27Z,1044X35981C2,1044X,,SCHEDULED,480,8.0
2026-05-27T05:20:27Z,1044X20723C5,1044X,,SCHEDULED,60,1.0
2026-05-27T05:20:27Z,1044X21811C7,1044X,,SCHEDULED,120,2.0
2026-05-27T05:20:27Z,1044X21204C10,1044X,,SCHEDULED,60,1.0
2026-05-27T05:20:27Z,1044X19522C5,1044X,,SCHEDULED,540,9.0
2026-05-27T05:20:27Z,1044X20719C5,1044X,,SCHEDULED,180,3.0
2026-05-27T05:20:27Z,1044X19545C5,1044X,,SCHEDULED,300,5.0
2026-05-27T05:20:27Z,1044X20230C4a,1044X,,SCHEDULED,-60,-1.0
2026-05-27T05:20:27Z,1044X21509C2,1044X,,SCHEDULED,60,1.0
2026-05-27T05:20:27Z,1044X20730C5,1044X,,SCHEDULED,180,3.0
2026-05-27T05:20:27Z,1044X78012C3,1044X,,SCHEDULED,540,9.0
2026-05-27T05:20:27Z,1044X78015C3,1044X,,SCHEDULED,300,5.0
2026-05-27T05:20:27Z,1044X21706C2,1044X,,SCHEDULED,120,2.0
2026-05-27T05:20:27Z,1044X78017C3,1044X,,SCHEDULED,240,4.0
2026-05-27T05:20:27Z,1044X78016C3,1044X,,SCHEDULED,240,4.0
2026-05-27T05:20:27Z,1044X20918C5,1044X,,SCHEDULED,-5340,-89.0
2026-05-27T05:20:27Z,1044X20219C4a,1044X,,SCHEDULED,120,2.0
2026-05-27T05:20:27Z,1044X19537C5,1044X,,SCHEDULED,180,3.0
2026-05-27T05:20:27Z,1044X21306C10,1044X,,SCHEDULED,1980,33.0
2026-05-27T05:20:27Z,1044X20734C5,1044X,,SCHEDULED,180,3.0
2026-05-27T05:20:27Z,1044X20217C4a,1044X,,SCHEDULED,60,1.0
2026-05-27T05:20:27Z,1044X19538C5,1044X,,SCHEDULED,360,6.0
2026-05-27T05:20:27Z,1044X20224C4a,1044X,,SCHEDULED,420,7.0
2026-05-27T05:20:27Z,1044X20223C4a,1044X,,SCHEDULED,240,4.0
2026-05-27T05:20:27Z,1044X20222C4a,1044X,,SCHEDULED,540,9.0
2026-05-27T05:20:27Z,1044X21719C2,1044X,,SCHEDULED,-60,-1.0
2026-05-27T05:20:27Z,1044X19528C5,1044X,,SCHEDULED,120,2.0
2026-05-27T05:20:27Z,1044X20226C4a,1044X,,SCHEDULED,120,2.0
2026-05-27T05:20:27Z,1044X19530C5,1044X,,SCHEDULED,120,2.0
2026-05-27T05:20:27Z,1044X20408C4b,1044X,,SCHEDULED,180,3.0
2026-05-27T05:20:27Z,1044X19518C5,1044X,,SCHEDULED,840,14.0
2026-05-27T05:20:27Z,1044X21006C8a,1044X,,SCHEDULED,60,1.0
2026-05-27T05:20:27Z,1044X20920C5,1044X,,SCHEDULED,-5340,-89.0
2026-05-27T05:20:27Z,1044X21003C8a,1044X,,SCHEDULED,180,3.0
2026-05-27T05:20:27Z,1044X21505C2,1044X,,SCHEDULED,60,1.0
2026-05-27T05:20:27Z,1044X21806C7,1044X,,SCHEDULED,120,2.0
2026-05-27T05:20:27Z,1044X20414C4b,1044X,,SCHEDULED,60,1.0
2026-05-27T05:20:27Z,1044X21106C10,1044X,,SCHEDULED,120,2.0
2026-05-27T05:20:27Z,1044X21512C2,1044X,,SCHEDULED,780,13.0
2026-05-27T05:20:27Z,1044X19557C5,1044X,,SCHEDULED,180,3.0
2026-05-27T05:20:27Z,1044X20421C4b,1044X,,SCHEDULED,240,4.0
2026-05-27T05:20:27Z,1044X21510C2,1044X,,SCHEDULED,540,9.0
2026-05-27T05:20:27Z,1044X20420C4b,1044X,,SCHEDULED,-60,-1.0
2026-05-27T05:25:25Z,3044X23512C1,3044X,,SCHEDULED,120,2.0
2026-05-27T05:25:25Z,3044X23507C1,3044X,,SCHEDULED,300,5.0
2026-05-27T05:25:25Z,3044X23805C5,3044X,,SCHEDULED,0,0.0
2026-05-27T05:25:25Z,3044X23703C5,3044X,,SCHEDULED,840,14.0
2026-05-27T05:25:25Z,3044X23506C1,3044X,,SCHEDULED,180,3.0
2026-05-27T05:25:25Z,3144X23259C1,3144X,,SCHEDULED,120,2.0
2026-05-27T05:25:25Z,3144X23205C1,3144X,,SCHEDULED,120,2.0
2026-05-27T05:25:25Z,4044X24005C2,4044X,,SCHEDULED,-600,-10.0
2026-05-27T05:25:25Z,4044X24302C6,4044X,,SCHEDULED,300,5.0
2026-05-27T05:25:25Z,4044X76208C1,4044X,,SCHEDULED,60,1.0
2026-05-27T05:25:25Z,4044X24007C2,4044X,,SCHEDULED,180,3.0
2026-05-27T05:25:25Z,4044X24305C6,4044X,,SCHEDULED,-60,-1.0
2026-05-27T05:25:25Z,4044X76654C3,4044X,,SCHEDULED,540,9.0
2026-05-27T05:25:25Z,5144X25608R1,5144X,,SCHEDULED,180,3.0
2026-05-27T05:25:25Z,5144X77318R3,5144X,,SCHEDULED,60,1.0
2026-05-27T05:25:25Z,5144X77982R4,5144X,,SCHEDULED,300,5.0
2026-05-27T05:25:25Z,5144X77500R4,5144X,,SCHEDULED,120,2.0
2026-05-27T05:25:25Z,5144X77708R4,5144X,,SCHEDULED,120,2.0
2026-05-27T05:25:25Z,5144X25600R1,5144X,,SCHEDULED,120,2.0
2026-05-27T05:25:25Z,5144X25708R1,5144X,,SCHEDULED,60,1.0
2026-05-27T05:25:25Z,5144X25404R2N,5144X,,SCHEDULED,300,5.0
2026-05-27T05:25:25Z,5144X78286R2N,5144X,,SCHEDULED,60,1.0
2026-05-27T05:25:25Z,5144X25601R1,5144X,,SCHEDULED,240,4.0
2026-05-27T05:25:25Z,5144X78802R11,5144X,,SCHEDULED,240,4.0
2026-05-27T05:25:25Z,5144X77512R4,5144X,,SCHEDULED,60,1.0
2026-05-27T05:25:25Z,5144X77314R3,5144X,,SCHEDULED,120,2.0
2026-05-27T05:25:25Z,5144X25616R1,5144X,,SCHEDULED,120,2.0
2026-05-27T05:25:25Z,5144X28408R2N,5144X,,SCHEDULED,420,7.0
2026-05-27T05:25:25Z,5144X78205R2S,5144X,,SCHEDULED,240,4.0
2026-05-27T05:25:25Z,5144X77316R3,5144X,,SCHEDULED,-60,-1.0
2026-05-27T05:25:25Z,5144X25612R1,5144X,,SCHEDULED,120,2.0
2026-05-27T05:25:25Z,5144X77203R2S,5144X,,SCHEDULED,660,11.0
2026-05-27T05:25:25Z,5144X78207R2S,5144X,,SCHEDULED,-60,-1.0
2026-05-27T05:25:25Z,5144X77402R4,5144X,,SCHEDULED,180,3.0
2026-05-27T05:25:25Z,5144X77205R2S,5144X,,SCHEDULED,1320,22.0
2026-05-27T05:25:25Z,5144X77404R4,5144X,,SCHEDULED,300,5.0
2026-05-27T05:25:25Z,5144X77408R4,5144X,,SCHEDULED,240,4.0
2026-05-27T05:25:25Z,6044X26011C2,6044X,,SCHEDULED,180,3.0
2026-05-27T05:25:25Z,6044X26013C2,6044X,,SCHEDULED,180,3.0
2026-05-27T05:25:25Z,6244X35905C1,6244X,,SCHEDULED,300,5.0
2026-05-27T05:25:25Z,2044X22102C1,2044X,,SCHEDULED,420,7.0
2026-05-27T05:25:25Z,2044X70902C8,2044X,,SCHEDULED,2460,41.0
2026-05-27T05:25:25Z,1044X20417C4b,1044X,,SCHEDULED,120,2.0
2026-05-27T05:25:25Z,1044X21505C2,1044X,,SCHEDULED,120,2.0
2026-05-27T05:25:25Z,1044X21108C10,1044X,,SCHEDULED,120,2.0
2026-05-27T05:25:25Z,1044X20715C5,1044X,,SCHEDULED,120,2.0
2026-05-27T05:25:25Z,1044X20414C4b,1044X,,SCHEDULED,60,1.0
2026-05-27T05:25:25Z,1044X21512C2,1044X,,SCHEDULED,600,10.0
2026-05-27T05:25:25Z,1044X21511C2,1044X,,SCHEDULED,120,2.0
2026-05-27T05:25:25Z,1044X19557C5,1044X,,SCHEDULED,60,1.0
2026-05-27T05:25:25Z,1044X20720C5,1044X,,SCHEDULED,60,1.0
2026-05-27T05:25:25Z,1044X20421C4b,1044X,,SCHEDULED,180,3.0
2026-05-27T05:25:25Z,1044X20606C8b,1044X,,SCHEDULED,-60,-1.0
2026-05-27T05:25:25Z,1044X21510C2,1044X,,SCHEDULED,600,10.0
2026-05-27T05:25:25Z,1044X20727C5,1044X,,SCHEDULED,300,5.0
2026-05-27T05:25:25Z,1044X20605C8b,1044X,,SCHEDULED,180,3.0
2026-05-27T05:25:25Z,1044X20420C4b,1044X,,SCHEDULED,-60,-1.0
2026-05-27T05:25:25Z,1044X19551C5,1044X,,SCHEDULED,60,1.0
2026-05-27T05:25:25Z,1044X21815C7,1044X,,SCHEDULED,180,3.0
2026-05-27T05:25:25Z,1044X20726C5,1044X,,SCHEDULED,120,2.0
2026-05-27T05:25:25Z,1044X20604C8b,1044X,,SCHEDULED,120,2.0
2026-05-27T05:25:25Z,1044X35980C2,1044X,,SCHEDULED,360,6.0
2026-05-27T05:25:25Z,1044X20723C5,1044X,,SCHEDULED,60,1.0
2026-05-27T05:25:25Z,1044X20602C8b,1044X,,SCHEDULED,120,2.0
2026-05-27T05:25:25Z,1044X21516C2,1044X,,SCHEDULED,60,1.0
2026-05-27T05:25:25Z,1044X20425C4b,1044X,,SCHEDULED,240,4.0
2026-05-27T05:25:25Z,1044X21514C2,1044X,,SCHEDULED,120,2.0
2026-05-27T05:25:25Z,1044X21513C2,1044X,,SCHEDULED,60,1.0
2026-05-27T05:25:25Z,1044X35981C2,1044X,,SCHEDULED,480,8.0
2026-05-27T05:25:25Z,1044X20719C5,1044X,,SCHEDULED,180,3.0
2026-05-27T05:25:25Z,1044X19544C5,1044X,,SCHEDULED,120,2.0
2026-05-27T05:25:25Z,1044X20410C4b,1044X,,SCHEDULED,120,2.0
2026-05-27T05:25:25Z,1044X19522C5,1044X,,SCHEDULED,660,11.0
2026-05-27T05:25:25Z,1044X19545C5,1044X,,SCHEDULED,180,3.0
2026-05-27T05:25:25Z,1044X19540C5,1044X,,SCHEDULED,120,2.0
2026-05-27T05:25:25Z,1044X19541C5,1044X,,SCHEDULED,180,3.0
2026-05-27T05:25:25Z,1044X20230C4a,1044X,,SCHEDULED,-60,-1.0
2026-05-27T05:25:25Z,1044X21607C2,1044X,,SCHEDULED,120,2.0
2026-05-27T05:25:25Z,1044X21719C2,1044X,,SCHEDULED,-60,-1.0
2026-05-27T05:25:25Z,1044X19528C5,1044X,,SCHEDULED,120,2.0
2026-05-27T05:25:25Z,1044X19530C5,1044X,,SCHEDULED,120,2.0
2026-05-27T05:25:25Z,1044X20730C5,1044X,,SCHEDULED,240,4.0
2026-05-27T05:25:25Z,1044X20920C5,1044X,,SCHEDULED,-5340,-89.0
2026-05-27T05:25:25Z,1044X21706C2,1044X,,SCHEDULED,180,3.0
2026-05-27T05:25:25Z,1044X78131C3,1044X,,SCHEDULED,180,3.0
2026-05-27T05:25:25Z,1044X21308C10,1044X,,SCHEDULED,60,1.0
2026-05-27T05:25:25Z,1044X78012C3,1044X,,SCHEDULED,600,10.0
2026-05-27T05:25:25Z,1044X78017C3,1044X,,SCHEDULED,300,5.0
2026-05-27T05:25:25Z,1044X78016C3,1044X,,SCHEDULED,240,4.0
2026-05-27T05:25:25Z,1044X21306C10,1044X,,SCHEDULED,2280,38.0
2026-05-27T05:25:25Z,1044X20217C4a,1044X,,SCHEDULED,60,1.0
2026-05-27T05:25:25Z,1044X19539C5,1044X,,SCHEDULED,120,2.0
2026-05-27T05:25:25Z,1044X19813C1,1044X,,SCHEDULED,60,1.0
2026-05-27T05:25:25Z,1044X20225C4a,1044X,,SCHEDULED,300,5.0
2026-05-27T05:25:25Z,1044X19538C5,1044X,,SCHEDULED,360,6.0
2026-05-27T05:25:25Z,1044X20224C4a,1044X,,SCHEDULED,300,5.0
2026-05-27T05:25:25Z,1044X20740C5,1044X,,SCHEDULED,180,3.0
2026-05-27T05:25:25Z,1044X20223C4a,1044X,,SCHEDULED,180,3.0
2026-05-27T05:25:25Z,1044X20221C4a,1044X,,SCHEDULED,120,2.0
2026-05-27T05:25:25Z,1044X19518C5,1044X,,SCHEDULED,780,13.0
2026-05-27T05:25:25Z,1044X21006C8a,1044X,,SCHEDULED,120,2.0
2026-05-27T05:25:25Z,1044X21520C2,1044X,,SCHEDULED,360,6.0
2026-05-27T05:25:25Z,1044X21003C8a,1044X,,SCHEDULED,360,6.0
2026-05-27T05:30:37Z,3044X23507C1,3044X,,SCHEDULED,240,4.0
2026-05-27T05:30:37Z,3044X23805C5,3044X,,SCHEDULED,0,0.0
2026-05-27T05:30:37Z,3044X23510C1,3044X,,SCHEDULED,360,6.0
2026-05-27T05:30:37Z,3044X23511C1,3044X,,SCHEDULED,180,3.0
2026-05-27T05:30:37Z,3044X23705C5,3044X,,SCHEDULED,480,8.0
2026-05-27T05:30:37Z,3044X23512C1,3044X,,SCHEDULED,240,4.0
2026-05-27T05:30:37Z,3144X23259C1,3144X,,SCHEDULED,180,3.0
2026-05-27T05:30:37Z,3144X23202C1,3144X,,SCHEDULED,420,7.0
2026-05-27T05:30:37Z,3244X23309C1,3244X,,SCHEDULED,60,1.0
2026-05-27T05:30:37Z,4044X24005C2,4044X,,SCHEDULED,-540,-9.0
2026-05-27T05:30:37Z,4044X76654C3,4044X,,SCHEDULED,540,9.0
2026-05-27T05:30:37Z,4044X76656C3,4044X,,SCHEDULED,780,13.0
2026-05-27T05:30:37Z,4044X76601C3,4044X,,SCHEDULED,240,4.0
2026-05-27T05:30:37Z,5144X25608R1,5144X,,SCHEDULED,180,3.0
2026-05-27T05:30:37Z,5144X78846R11,5144X,,SCHEDULED,780,13.0
2026-05-27T05:30:37Z,5144X33500R14,5144X,,SCHEDULED,600,10.0
2026-05-27T05:30:37Z,5144X25710R1,5144X,,SCHEDULED,240,4.0
2026-05-27T05:30:37Z,5144X25712R1,5144X,,SCHEDULED,60,1.0
2026-05-27T05:30:37Z,5144X77980R4,5144X,,SCHEDULED,300,5.0
2026-05-27T05:30:37Z,5144X25406R2N,5144X,,SCHEDULED,60,1.0
2026-05-27T05:30:37Z,5144X28466R2,5144X,,SCHEDULED,60,1.0
2026-05-27T05:30:37Z,5144X33521RL4,5144X,,SCHEDULED,300,5.0
2026-05-27T05:30:37Z,5144X77708R4,5144X,,SCHEDULED,120,2.0
2026-05-27T05:30:37Z,5144X77208R2S,5144X,,SCHEDULED,360,6.0
2026-05-27T05:30:37Z,5144X77206R2S,5144X,,SCHEDULED,480,8.0
2026-05-27T05:30:37Z,5144X78286R2N,5144X,,SCHEDULED,60,1.0
2026-05-27T05:30:37Z,5144X28470R2,5144X,,SCHEDULED,540,9.0
2026-05-27T05:30:37Z,5144X25616R1,5144X,,SCHEDULED,180,3.0
2026-05-27T05:30:37Z,5144X78207R2S,5144X,,SCHEDULED,60,1.0
2026-05-27T05:30:37Z,5144X28408R2N,5144X,,SCHEDULED,360,6.0
2026-05-27T05:30:37Z,5144X28564R2,5144X,,SCHEDULED,240,4.0
2026-05-27T05:30:37Z,5144X77404R4,5144X,,SCHEDULED,240,4.0
2026-05-27T05:30:37Z,6044X71502C4,6044X,,SCHEDULED,300,5.0
2026-05-27T05:30:37Z,6044X26013C2,6044X,,SCHEDULED,180,3.0
2026-05-27T05:30:37Z,6044X26010C2,6044X,,SCHEDULED,60,1.0
2026-05-27T05:30:37Z,6044X26012C2,6044X,,SCHEDULED,120,2.0
2026-05-27T05:30:37Z,6044X26011C2,6044X,,SCHEDULED,180,3.0
2026-05-27T05:30:37Z,6144X32702C1,6144X,,SCHEDULED,60,1.0
2026-05-27T05:30:37Z,6144X32771C1,6144X,,SCHEDULED,120,2.0
2026-05-27T05:30:37Z,6244X71153C2,6244X,,SCHEDULED,-60,-1.0
2026-05-27T05:30:37Z,6244X71840C3,6244X,,SCHEDULED,60,1.0
2026-05-27T05:30:37Z,6244X35917C1,6244X,,SCHEDULED,60,1.0
2026-05-27T05:30:37Z,4744X71080C1,4744X,,SCHEDULED,60,1.0
2026-05-27T05:30:37Z,2044X22102C1,2044X,,SCHEDULED,720,12.0
2026-05-27T05:30:37Z,1044X21505C2,1044X,,SCHEDULED,60,1.0
2026-05-27T05:30:37Z,1044X20414C4b,1044X,,SCHEDULED,60,1.0
2026-05-27T05:30:37Z,1044X20720C5,1044X,,SCHEDULED,60,1.0
2026-05-27T05:30:37Z,1044X21106C10,1044X,,SCHEDULED,60,1.0
2026-05-27T05:30:37Z,1044X20727C5,1044X,,SCHEDULED,300,5.0
2026-05-27T05:30:37Z,1044X21182C10,1044X,,SCHEDULED,240,4.0
2026-05-27T05:30:37Z,1044X20726C5,1044X,,SCHEDULED,120,2.0
2026-05-27T05:30:37Z,1044X20604C8b,1044X,,SCHEDULED,180,3.0
2026-05-27T05:30:37Z,1044X21512C2,1044X,,SCHEDULED,660,11.0
2026-05-27T05:30:37Z,1044X20723C5,1044X,,SCHEDULED,60,1.0
2026-05-27T05:30:37Z,1044X20602C8b,1044X,,SCHEDULED,180,3.0
2026-05-27T05:30:37Z,1044X19557C5,1044X,,SCHEDULED,60,1.0
2026-05-27T05:30:37Z,1044X21811C7,1044X,,SCHEDULED,240,4.0
2026-05-27T05:30:37Z,1044X20421C4b,1044X,,SCHEDULED,180,3.0
2026-05-27T05:30:37Z,1044X20420C4b,1044X,,SCHEDULED,-60,-1.0
2026-05-27T05:30:37Z,1044X19551C5,1044X,,SCHEDULED,180,3.0
2026-05-27T05:30:37Z,1044X21809C7,1044X,,SCHEDULED,480,8.0
2026-05-27T05:30:37Z,1044X35980C2,1044X,,SCHEDULED,300,5.0
2026-05-27T05:30:37Z,1044X20427C4b,1044X,,SCHEDULED,240,4.0
2026-05-27T05:30:37Z,1044X21516C2,1044X,,SCHEDULED,120,2.0
2026-05-27T05:30:37Z,1044X19544C5,1044X,,SCHEDULED,120,2.0
2026-05-27T05:30:37Z,1044X21514C2,1044X,,SCHEDULED,300,5.0
2026-05-27T05:30:37Z,1044X20410C4b,1044X,,SCHEDULED,60,1.0
2026-05-27T05:30:37Z,1044X19545C5,1044X,,SCHEDULED,240,4.0
2026-05-27T05:30:37Z,1044X19540C5,1044X,,SCHEDULED,120,2.0
2026-05-27T05:30:37Z,1044X21186C10,1044X,,SCHEDULED,360,6.0
2026-05-27T05:30:37Z,1044X19541C5,1044X,,SCHEDULED,180,3.0
2026-05-27T05:30:37Z,1044X21600C2,1044X,,SCHEDULED,60,1.0
2026-05-27T05:30:37Z,1044X20419C4b,1044X,,SCHEDULED,120,2.0
2026-05-27T05:30:37Z,1044X21204C10,1044X,,SCHEDULED,240,4.0
2026-05-27T05:30:37Z,1044X20417C4b,1044X,,SCHEDULED,120,2.0
2026-05-27T05:30:37Z,1044X19522C5,1044X,,SCHEDULED,660,11.0
2026-05-27T05:30:37Z,1044X20730C5,1044X,,SCHEDULED,240,4.0
2026-05-27T05:30:37Z,1044X20232C4a,1044X,,SCHEDULED,-60,-1.0
2026-05-27T05:30:37Z,1044X20219C4a,1044X,,SCHEDULED,300,5.0
2026-05-27T05:30:37Z,1044X21306C10,1044X,,SCHEDULED,2580,43.0
2026-05-27T05:30:37Z,1044X20734C5,1044X,,SCHEDULED,120,2.0
2026-05-27T05:30:37Z,1044X20920C5,1044X,,SCHEDULED,-5280,-88.0
2026-05-27T05:30:37Z,1044X20225C4a,1044X,,SCHEDULED,300,5.0
2026-05-27T05:30:37Z,1044X20740C5,1044X,,SCHEDULED,180,3.0
2026-05-27T05:30:37Z,1044X20221C4a,1044X,,SCHEDULED,60,1.0
2026-05-27T05:30:37Z,1044X78012C3,1044X,,SCHEDULED,540,9.0
2026-05-27T05:30:37Z,1044X78014C3,1044X,,SCHEDULED,300,5.0
2026-05-27T05:30:37Z,1044X78017C3,1044X,,SCHEDULED,480,8.0
2026-05-27T05:30:37Z,1044X78019C3,1044X,,SCHEDULED,360,6.0
2026-05-27T05:30:37Z,1044X19815C1,1044X,,SCHEDULED,60,1.0
2026-05-27T05:30:37Z,1044X19538C5,1044X,,SCHEDULED,240,4.0
2026-05-27T05:30:37Z,1044X20230C4a,1044X,,SCHEDULED,-60,-1.0
2026-05-27T05:30:37Z,1044X21607C2,1044X,,SCHEDULED,180,3.0
2026-05-27T05:30:37Z,1044X19565C5,1044X,,SCHEDULED,180,3.0
2026-05-27T05:30:37Z,1044X35977C2,1044X,,SCHEDULED,120,2.0
2026-05-27T05:30:37Z,1044X21520C2,1044X,,SCHEDULED,300,5.0
2026-05-27T05:30:37Z,1044X21719C2,1044X,,SCHEDULED,-60,-1.0
2026-05-27T05:30:37Z,1044X21003C8a,1044X,,SCHEDULED,60,1.0
2026-05-27T05:30:37Z,1044X19563C5,1044X,,SCHEDULED,60,1.0
2026-05-27T05:30:37Z,1044X19528C5,1044X,,SCHEDULED,60,1.0
2026-05-27T05:30:37Z,1044X20408C4b,1044X,,SCHEDULED,120,2.0
2026-05-27T05:30:37Z,1044X21804C7,1044X,,SCHEDULED,60,1.0
2026-05-27T05:35:24Z,3044X23805C5,3044X,,SCHEDULED,0,0.0
2026-05-27T05:35:24Z,3044X23509C1,3044X,,SCHEDULED,600,10.0
2026-05-27T05:35:24Z,3044X23512C1,3044X,,SCHEDULED,180,3.0
2026-05-27T05:35:24Z,3044X23701C5,3044X,,SCHEDULED,2460,41.0
2026-05-27T05:35:24Z,3044X23705C5,3044X,,SCHEDULED,420,7.0
2026-05-27T05:35:24Z,3144X23424T1,3144X,,SCHEDULED,60,1.0
2026-05-27T05:35:24Z,3144X23205C1,3144X,,SCHEDULED,240,4.0
2026-05-27T05:35:24Z,3244X23153C2,3244X,,SCHEDULED,240,4.0
2026-05-27T05:35:24Z,3244X23306C1,3244X,,SCHEDULED,60,1.0
2026-05-27T05:35:24Z,4044X24005C2,4044X,,SCHEDULED,-540,-9.0
2026-05-27T05:35:24Z,4044X24382C6,4044X,,SCHEDULED,120,2.0
2026-05-27T05:35:24Z,4044X76604C3,4044X,,SCHEDULED,240,4.0
2026-05-27T05:35:24Z,4044X76208C1,4044X,,SCHEDULED,-180,-3.0
2026-05-27T05:35:24Z,5144X77208R2S,5144X,,SCHEDULED,420,7.0
2026-05-27T05:35:24Z,5144X28476R2,5144X,,SCHEDULED,300,5.0
2026-05-27T05:35:24Z,5144X78844R11,5144X,,SCHEDULED,300,5.0
2026-05-27T05:35:24Z,5144X25710R1,5144X,,SCHEDULED,240,4.0
2026-05-27T05:35:24Z,5144X25712R1,5144X,,SCHEDULED,60,1.0
2026-05-27T05:35:24Z,5144X28564R2,5144X,,SCHEDULED,240,4.0
2026-05-27T05:35:24Z,5144X35503R3,5144X,,SCHEDULED,60,1.0
2026-05-27T05:35:24Z,5144X77982R4,5144X,,SCHEDULED,180,3.0
2026-05-27T05:35:24Z,5144X77205R2S,5144X,,SCHEDULED,1680,28.0
2026-05-27T05:35:24Z,5144X77984R4,5144X,,SCHEDULED,600,10.0
2026-05-27T05:35:24Z,5144X77500R4,5144X,,SCHEDULED,180,3.0
2026-05-27T05:35:24Z,5144X77206R2S,5144X,,SCHEDULED,540,9.0
2026-05-27T05:35:24Z,5144X77404R4,5144X,,SCHEDULED,240,4.0
2026-05-27T05:35:24Z,5144X77406R4,5144X,,SCHEDULED,2640,44.0
2026-05-27T05:35:24Z,5144X77316R3,5144X,,SCHEDULED,-60,-1.0
2026-05-27T05:35:24Z,5144X77408R4,5144X,,SCHEDULED,360,6.0
2026-05-27T05:35:24Z,5144X77402R4,5144X,,SCHEDULED,-60,-1.0
2026-05-27T05:35:24Z,6244X35905C1,6244X,,SCHEDULED,240,4.0
2026-05-27T05:35:24Z,2044X22102C1,2044X,,SCHEDULED,1020,17.0
2026-05-27T05:35:24Z,1044X21106C10,1044X,,SCHEDULED,180,3.0
2026-05-27T05:35:24Z,1044X20423C4b,1044X,,SCHEDULED,60,1.0
2026-05-27T05:35:24Z,1044X20422C4b,1044X,,SCHEDULED,-60,-1.0
2026-05-27T05:35:24Z,1044X19557C5,1044X,,SCHEDULED,180,3.0
2026-05-27T05:35:24Z,1044X20421C4b,1044X,,SCHEDULED,420,7.0
2026-05-27T05:35:24Z,1044X20420C4b,1044X,,SCHEDULED,180,3.0
2026-05-27T05:35:24Z,1044X19551C5,1044X,,SCHEDULED,180,3.0
2026-05-27T05:35:24Z,1044X21008C8a,1044X,,SCHEDULED,-120,-2.0
2026-05-27T05:35:24Z,1044X19550C5,1044X,,SCHEDULED,180,3.0
2026-05-27T05:35:24Z,1044X35980C2,1044X,,SCHEDULED,420,7.0
2026-05-27T05:35:24Z,1044X20720C5,1044X,,SCHEDULED,240,4.0
2026-05-27T05:35:24Z,1044X20427C4b,1044X,,SCHEDULED,300,5.0
2026-05-27T05:35:24Z,1044X21817C7,1044X,,SCHEDULED,120,2.0
2026-05-27T05:35:24Z,1044X21516C2,1044X,,SCHEDULED,180,3.0
2026-05-27T05:35:24Z,1044X21514C2,1044X,,SCHEDULED,240,4.0
2026-05-27T05:35:24Z,1044X20606C8b,1044X,,SCHEDULED,120,2.0
2026-05-27T05:35:24Z,1044X20727C5,1044X,,SCHEDULED,360,6.0
2026-05-27T05:35:24Z,1044X21513C2,1044X,,SCHEDULED,60,1.0
2026-05-27T05:35:24Z,1044X20726C5,1044X,,SCHEDULED,60,1.0
2026-05-27T05:35:24Z,1044X20604C8b,1044X,,SCHEDULED,60,1.0
2026-05-27T05:35:24Z,1044X20603C8b,1044X,,SCHEDULED,300,5.0
2026-05-27T05:35:24Z,1044X20723C5,1044X,,SCHEDULED,180,3.0
2026-05-27T05:35:24Z,1044X21600C2,1044X,,SCHEDULED,60,1.0
2026-05-27T05:35:24Z,1044X21811C7,1044X,,SCHEDULED,300,5.0
2026-05-27T05:35:24Z,1044X21204C10,1044X,,SCHEDULED,180,3.0
2026-05-27T05:35:24Z,1044X19522C5,1044X,,SCHEDULED,360,6.0
2026-05-27T05:35:24Z,1044X21809C7,1044X,,SCHEDULED,480,8.0
2026-05-27T05:35:24Z,1044X20719C5,1044X,,SCHEDULED,120,2.0
2026-05-27T05:35:24Z,1044X20232C4a,1044X,,SCHEDULED,-60,-1.0
2026-05-27T05:35:24Z,1044X19544C5,1044X,,SCHEDULED,120,2.0
2026-05-27T05:35:24Z,1044X21607C2,1044X,,SCHEDULED,60,1.0
2026-05-27T05:35:24Z,1044X19545C5,1044X,,SCHEDULED,240,4.0
2026-05-27T05:35:24Z,1044X19540C5,1044X,,SCHEDULED,180,3.0
2026-05-27T05:35:24Z,1044X21186C10,1044X,,SCHEDULED,300,5.0
2026-05-27T05:35:24Z,1044X21509C2,1044X,,SCHEDULED,240,4.0
2026-05-27T05:35:24Z,1044X20419C4b,1044X,,SCHEDULED,120,2.0
2026-05-27T05:35:24Z,1044X20418C4b,1044X,,SCHEDULED,540,9.0
2026-05-27T05:35:24Z,1044X21108C10,1044X,,SCHEDULED,120,2.0
2026-05-27T05:35:24Z,1044X35977C2,1044X,,SCHEDULED,60,1.0
2026-05-27T05:35:24Z,1044X20730C5,1044X,,SCHEDULED,300,5.0
2026-05-27T05:35:24Z,1044X21719C2,1044X,,SCHEDULED,-60,-1.0
2026-05-27T05:35:24Z,1044X19528C5,1044X,,SCHEDULED,120,2.0
2026-05-27T05:35:24Z,1044X20737C5,1044X,,SCHEDULED,360,6.0
2026-05-27T05:35:24Z,1044X20219C4a,1044X,,SCHEDULED,60,1.0
2026-05-27T05:35:24Z,1044X21306C10,1044X,,SCHEDULED,2880,48.0
2026-05-27T05:35:24Z,1044X20734C5,1044X,,SCHEDULED,180,3.0
2026-05-27T05:35:24Z,1044X21819C7,1044X,,SCHEDULED,-180,-3.0
2026-05-27T05:35:24Z,1044X20920C5,1044X,,SCHEDULED,-5220,-87.0
2026-05-27T05:35:24Z,1044X20225C4a,1044X,,SCHEDULED,360,6.0
2026-05-27T05:35:24Z,1044X78012C3,1044X,,SCHEDULED,540,9.0
2026-05-27T05:35:24Z,1044X20223C4a,1044X,,SCHEDULED,180,3.0
2026-05-27T05:35:24Z,1044X20222C4a,1044X,,SCHEDULED,300,5.0
2026-05-27T05:35:24Z,1044X78014C3,1044X,,SCHEDULED,720,12.0
2026-05-27T05:35:24Z,1044X78017C3,1044X,,SCHEDULED,240,4.0
2026-05-27T05:35:24Z,1044X78019C3,1044X,,SCHEDULED,360,6.0
2026-05-27T05:35:24Z,1044X20748C5,1044X,,SCHEDULED,180,3.0
2026-05-27T05:35:24Z,1044X78018C3,1044X,,SCHEDULED,180,3.0
2026-05-27T05:35:24Z,1044X19538C5,1044X,,SCHEDULED,360,6.0
2026-05-27T05:35:24Z,1044X20226C4a,1044X,,SCHEDULED,120,2.0
2026-05-27T05:35:24Z,1044X19565C5,1044X,,SCHEDULED,300,5.0
2026-05-27T05:35:24Z,1044X21004C8a,1044X,,SCHEDULED,180,3.0
2026-05-27T05:35:24Z,1044X19563C5,1044X,,SCHEDULED,120,2.0
2026-05-27T05:35:24Z,1044X21806C7,1044X,,SCHEDULED,480,8.0
2026-05-27T05:35:24Z,1044X20715C5,1044X,,SCHEDULED,180,3.0
2026-05-27T05:40:28Z,3044X23805C5,3044X,,SCHEDULED,0,0.0
2026-05-27T05:40:28Z,3044X23515C1,3044X,,SCHEDULED,180,3.0
2026-05-27T05:40:28Z,3044X23703C5,3044X,,SCHEDULED,540,9.0
2026-05-27T05:40:28Z,3044X23510C1,3044X,,SCHEDULED,480,8.0
2026-05-27T05:40:28Z,3044X23705C5,3044X,,SCHEDULED,420,7.0
2026-05-27T05:40:28Z,3044X23507C1,3044X,,SCHEDULED,360,6.0
2026-05-27T05:40:28Z,3144X23424T1,3144X,,SCHEDULED,240,4.0
2026-05-27T05:40:28Z,3144X23202C1,3144X,,SCHEDULED,540,9.0
2026-05-27T05:40:28Z,3244X23153C2,3244X,,SCHEDULED,240,4.0
2026-05-27T05:40:28Z,4044X24302C6,4044X,,SCHEDULED,300,5.0
2026-05-27T05:40:28Z,4044X24305C6,4044X,,SCHEDULED,120,2.0
2026-05-27T05:40:28Z,4044X24009C2,4044X,,SCHEDULED,180,3.0
2026-05-27T05:40:28Z,5144X77408R4,5144X,,SCHEDULED,360,6.0
2026-05-27T05:40:28Z,5144X25700R1,5144X,,SCHEDULED,120,2.0
2026-05-27T05:40:28Z,5144X78900R11,5144X,,SCHEDULED,780,13.0
2026-05-27T05:40:28Z,5144X25712R1,5144X,,SCHEDULED,120,2.0
2026-05-27T05:40:28Z,5144X28476R2,5144X,,SCHEDULED,300,5.0
2026-05-27T05:40:28Z,5144X78848R11,5144X,,SCHEDULED,180,3.0
2026-05-27T05:40:28Z,5144X28408R2N,5144X,,SCHEDULED,240,4.0
2026-05-27T05:40:28Z,5144X77207R2S,5144X,,SCHEDULED,120,2.0
2026-05-27T05:40:28Z,5144X77604R4,5144X,,SCHEDULED,240,4.0
2026-05-27T05:40:28Z,5144X25408R2N,5144X,,SCHEDULED,120,2.0
2026-05-27T05:40:28Z,5144X25406R2N,5144X,,SCHEDULED,60,1.0
2026-05-27T05:40:28Z,5144X78286R2N,5144X,,SCHEDULED,120,2.0
2026-05-27T05:40:28Z,5144X77510R4,5144X,,SCHEDULED,60,1.0
2026-05-27T05:40:28Z,5144X77410R4,5144X,,SCHEDULED,60,1.0
2026-05-27T05:40:28Z,5144X78207R2S,5144X,,SCHEDULED,60,1.0
2026-05-27T05:40:28Z,5144X25616R1,5144X,,SCHEDULED,300,5.0
2026-05-27T05:40:28Z,5144X28466R2,5144X,,SCHEDULED,60,1.0
2026-05-27T05:40:28Z,5144X77984R4,5144X,,SCHEDULED,720,12.0
2026-05-27T05:40:28Z,5144X77500R4,5144X,,SCHEDULED,180,3.0
2026-05-27T05:40:28Z,5144X77506R4,5144X,,SCHEDULED,360,6.0
2026-05-27T05:40:28Z,5144X25610R1,5144X,,SCHEDULED,540,9.0
2026-05-27T05:40:28Z,5144X25614R1,5144X,,SCHEDULED,60,1.0
2026-05-27T05:40:28Z,5144X28564R2,5144X,,SCHEDULED,360,6.0
2026-05-27T05:40:28Z,6044X26511C3,6044X,,SCHEDULED,240,4.0
2026-05-27T05:40:28Z,6044X26011C2,6044X,,SCHEDULED,240,4.0
2026-05-27T05:40:28Z,6044X26113C1,6044X,,SCHEDULED,120,2.0
2026-05-27T05:40:28Z,6044X26510C3,6044X,,SCHEDULED,300,5.0
2026-05-27T05:40:28Z,6244X71106C2,6244X,,SCHEDULED,120,2.0
2026-05-27T05:40:28Z,4644X70150C1,4644X,,SCHEDULED,180,3.0
2026-05-27T05:40:28Z,4744X71051C1,4744X,,SCHEDULED,240,4.0
2026-05-27T05:40:28Z,1044X21106C10,1044X,,SCHEDULED,360,6.0
2026-05-27T05:40:28Z,1044X20422C4b,1044X,,SCHEDULED,-60,-1.0
2026-05-27T05:40:28Z,1044X19557C5,1044X,,SCHEDULED,180,3.0
2026-05-27T05:40:28Z,1044X20421C4b,1044X,,SCHEDULED,120,2.0
2026-05-27T05:40:28Z,1044X19556C5,1044X,,SCHEDULED,180,3.0
2026-05-27T05:40:28Z,1044X20420C4b,1044X,,SCHEDULED,60,1.0
2026-05-27T05:40:28Z,1044X19551C5,1044X,,SCHEDULED,180,3.0
2026-05-27T05:40:28Z,1044X21517C2,1044X,,SCHEDULED,120,2.0
2026-05-27T05:40:28Z,1044X20427C4b,1044X,,SCHEDULED,540,9.0
2026-05-27T05:40:28Z,1044X21516C2,1044X,,SCHEDULED,180,3.0
2026-05-27T05:40:28Z,1044X21514C2,1044X,,SCHEDULED,180,3.0
2026-05-27T05:40:28Z,1044X21600C2,1044X,,SCHEDULED,120,2.0
2026-05-27T05:40:28Z,1044X21204C10,1044X,,SCHEDULED,120,2.0
2026-05-27T05:40:28Z,1044X21607C2,1044X,,SCHEDULED,60,1.0
2026-05-27T05:40:28Z,1044X21008C8a,1044X,,SCHEDULED,-120,-2.0
2026-05-27T05:40:28Z,1044X19569C5,1044X,,SCHEDULED,60,1.0
2026-05-27T05:40:28Z,1044X20720C5,1044X,,SCHEDULED,240,4.0
2026-05-27T05:40:28Z,1044X21206C10,1044X,,SCHEDULED,120,2.0
2026-05-27T05:40:28Z,1044X78021C3,1044X,,SCHEDULED,60,1.0
2026-05-27T05:40:28Z,1044X21817C7,1044X,,SCHEDULED,120,2.0
2026-05-27T05:40:28Z,1044X20606C8b,1044X,,SCHEDULED,120,2.0
2026-05-27T05:40:28Z,1044X35977C2,1044X,,SCHEDULED,180,3.0
2026-05-27T05:40:28Z,1044X20727C5,1044X,,SCHEDULED,240,4.0
2026-05-27T05:40:28Z,1044X21719C2,1044X,,SCHEDULED,120,2.0
2026-05-27T05:40:28Z,1044X20605C8b,1044X,,SCHEDULED,300,5.0
2026-05-27T05:40:28Z,1044X20726C5,1044X,,SCHEDULED,60,1.0
2026-05-27T05:40:28Z,1044X20603C8b,1044X,,SCHEDULED,120,2.0
2026-05-27T05:40:28Z,1044X21813C7,1044X,,SCHEDULED,60,1.0
2026-05-27T05:40:28Z,1044X20920C5,1044X,,SCHEDULED,-5220,-87.0
2026-05-27T05:40:28Z,1044X20723C5,1044X,,SCHEDULED,180,3.0
2026-05-27T05:40:28Z,1044X78015C3,1044X,,SCHEDULED,300,5.0
2026-05-27T05:40:28Z,1044X78014C3,1044X,,SCHEDULED,720,12.0
2026-05-27T05:40:28Z,1044X78016C3,1044X,,SCHEDULED,360,6.0
2026-05-27T05:40:28Z,1044X78019C3,1044X,,SCHEDULED,420,7.0
2026-05-27T05:40:28Z,1044X21809C7,1044X,,SCHEDULED,360,6.0
2026-05-27T05:40:28Z,1044X21609C2,1044X,,SCHEDULED,-60,-1.0
2026-05-27T05:40:28Z,1044X78018C3,1044X,,SCHEDULED,240,4.0
2026-05-27T05:40:28Z,1044X19815C1,1044X,,SCHEDULED,120,2.0
2026-05-27T05:40:28Z,1044X21808C7,1044X,,SCHEDULED,60,1.0
2026-05-27T05:40:28Z,1044X19538C5,1044X,,SCHEDULED,420,7.0
2026-05-27T05:40:28Z,1044X20719C5,1044X,,SCHEDULED,120,2.0
2026-05-27T05:40:28Z,1044X20730C5,1044X,,SCHEDULED,180,3.0
2026-05-27T05:40:28Z,1044X19544C5,1044X,,SCHEDULED,120,2.0
2026-05-27T05:40:28Z,1044X20737C5,1044X,,SCHEDULED,240,4.0
2026-05-27T05:40:28Z,1044X20219C4a,1044X,,SCHEDULED,240,4.0
2026-05-27T05:40:28Z,1044X21819C7,1044X,,SCHEDULED,-180,-3.0
2026-05-27T05:40:28Z,1044X19545C5,1044X,,SCHEDULED,360,6.0
2026-05-27T05:40:28Z,1044X20224C4a,1044X,,SCHEDULED,180,3.0
2026-05-27T05:40:28Z,1044X19540C5,1044X,,SCHEDULED,120,2.0
2026-05-27T05:40:28Z,1044X21509C2,1044X,,SCHEDULED,300,5.0
2026-05-27T05:40:28Z,1044X20740C5,1044X,,SCHEDULED,120,2.0
2026-05-27T05:40:28Z,1044X20223C4a,1044X,,SCHEDULED,300,5.0
2026-05-27T05:40:28Z,1044X20222C4a,1044X,,SCHEDULED,480,8.0
2026-05-27T05:40:28Z,1044X20419C4b,1044X,,SCHEDULED,240,4.0
2026-05-27T05:40:28Z,1044X20221C4a,1044X,,SCHEDULED,120,2.0
2026-05-27T05:40:28Z,1044X20748C5,1044X,,SCHEDULED,300,5.0
2026-05-27T05:40:28Z,1044X20418C4b,1044X,,SCHEDULED,660,11.0
2026-05-27T05:40:28Z,1044X20227C4a,1044X,,SCHEDULED,420,7.0
2026-05-27T05:40:28Z,1044X19565C5,1044X,,SCHEDULED,660,11.0
2026-05-27T05:40:28Z,1044X21004C8a,1044X,,SCHEDULED,300,5.0
2026-05-27T05:40:28Z,1044X21520C2,1044X,,SCHEDULED,60,1.0
2026-05-27T05:40:28Z,1044X19563C5,1044X,,SCHEDULED,120,2.0
2026-05-27T05:40:28Z,1044X21806C7,1044X,,SCHEDULED,480,8.0
2026-05-27T05:45:28Z,3044X23512C1,3044X,,SCHEDULED,300,5.0
2026-05-27T05:45:28Z,3044X23707C5,3044X,,CANCELED,,
2026-05-27T05:45:28Z,3044X23509C1,3044X,,SCHEDULED,540,9.0
2026-05-27T05:45:28Z,3144X23424T1,3144X,,SCHEDULED,360,6.0
2026-05-27T05:45:28Z,3144X23254C1,3144X,,SCHEDULED,120,2.0
2026-05-27T05:45:28Z,3244X23153C2,3244X,,SCHEDULED,240,4.0
2026-05-27T05:45:28Z,5144X28412R2N,5144X,,SCHEDULED,60,1.0
2026-05-27T05:45:28Z,5144X25600R1,5144X,,SCHEDULED,60,1.0
2026-05-27T05:45:28Z,5144X77712R4,5144X,,SCHEDULED,60,1.0
2026-05-27T05:45:28Z,5144X25710R1,5144X,,SCHEDULED,240,4.0
2026-05-27T05:45:28Z,5144X25712R1,5144X,,SCHEDULED,120,2.0
2026-05-27T05:45:28Z,5144X25603R1,5144X,,SCHEDULED,300,5.0
2026-05-27T05:45:28Z,5144X28470R2,5144X,,SCHEDULED,720,12.0
2026-05-27T05:45:28Z,5144X77208R2S,5144X,,SCHEDULED,420,7.0
2026-05-27T05:45:28Z,5144X25616R1,5144X,,SCHEDULED,300,5.0
2026-05-27T05:45:28Z,5144X77209R2S,5144X,,SCHEDULED,240,4.0
2026-05-27T05:45:28Z,5144X77606R4,5144X,,SCHEDULED,300,5.0
2026-05-27T05:45:28Z,5144X35503R3,5144X,,SCHEDULED,300,5.0
2026-05-27T05:45:28Z,5144X77708R4,5144X,,SCHEDULED,120,2.0
2026-05-27T05:45:28Z,5144X25612R1,5144X,,SCHEDULED,240,4.0
2026-05-27T05:45:28Z,5144X28564R2,5144X,,SCHEDULED,300,5.0
2026-05-27T05:45:28Z,5144X77514R4,5144X,,SCHEDULED,60,1.0
2026-05-27T05:45:28Z,5144X77980R4,5144X,,SCHEDULED,180,3.0
2026-05-27T05:45:28Z,5144X77982R4,5144X,,SCHEDULED,360,6.0
2026-05-27T05:45:28Z,5144X77406R4,5144X,,SCHEDULED,2640,44.0
2026-05-27T05:45:28Z,5144X77500R4,5144X,,SCHEDULED,60,1.0
2026-05-27T05:45:28Z,5144X77508R4,5144X,,SCHEDULED,60,1.0
2026-05-27T05:45:28Z,6044X26603C3,6044X,,SCHEDULED,60,1.0
2026-05-27T05:45:28Z,6044X26012C2,6044X,,SCHEDULED,240,4.0
2026-05-27T05:45:28Z,6044X26013C2,6044X,,SCHEDULED,240,4.0
2026-05-27T05:45:28Z,6044X26510C3,6044X,,SCHEDULED,300,5.0
2026-05-27T05:45:28Z,6044X71504C4,6044X,,SCHEDULED,180,3.0
2026-05-27T05:45:28Z,6244X71840C3,6244X,,SCHEDULED,240,4.0
2026-05-27T05:45:28Z,6244X71153C2,6244X,,SCHEDULED,-60,-1.0
2026-05-27T05:45:28Z,4744X71081C1,4744X,,SCHEDULED,60,1.0
2026-05-27T05:45:28Z,2044X22311C3,2044X,,SCHEDULED,1140,19.0
2026-05-27T05:45:28Z,1044X21514C2,1044X,,SCHEDULED,180,3.0
2026-05-27T05:45:28Z,1044X20424C4b,1044X,,SCHEDULED,-60,-1.0
2026-05-27T05:45:28Z,1044X35983C2,1044X,,SCHEDULED,180,3.0
2026-05-27T05:45:28Z,1044X21600C2,1044X,,SCHEDULED,60,1.0
2026-05-27T05:45:28Z,1044X21204C10,1044X,,SCHEDULED,180,3.0
2026-05-27T05:45:28Z,1044X21607C2,1044X,,SCHEDULED,180,3.0
2026-05-27T05:45:28Z,1044X21182C10,1044X,,SCHEDULED,480,8.0
2026-05-27T05:45:28Z,1044X20422C4b,1044X,,SCHEDULED,-60,-1.0
2026-05-27T05:45:28Z,1044X19557C5,1044X,,SCHEDULED,180,3.0
2026-05-27T05:45:28Z,1044X20421C4b,1044X,,SCHEDULED,240,4.0
2026-05-27T05:45:28Z,1044X19556C5,1044X,,SCHEDULED,60,1.0
2026-05-27T05:45:28Z,1044X19551C5,1044X,,SCHEDULED,60,1.0
2026-05-27T05:45:28Z,1044X19550C5,1044X,,SCHEDULED,120,2.0
2026-05-27T05:45:28Z,1044X21110C10,1044X,,SCHEDULED,120,2.0
2026-05-27T05:45:28Z,1044X20429C4b,1044X,,SCHEDULED,300,5.0
2026-05-27T05:45:28Z,1044X21517C2,1044X,,SCHEDULED,60,1.0
2026-05-27T05:45:28Z,1044X20427C4b,1044X,,SCHEDULED,360,6.0
2026-05-27T05:45:28Z,1044X21516C2,1044X,,SCHEDULED,300,5.0
2026-05-27T05:45:28Z,1044X20425C4b,1044X,,SCHEDULED,360,6.0
2026-05-27T05:45:28Z,1044X78015C3,1044X,,SCHEDULED,360,6.0
2026-05-27T05:45:28Z,1044X78014C3,1044X,,SCHEDULED,1080,18.0
2026-05-27T05:45:28Z,1044X78016C3,1044X,,SCHEDULED,360,6.0
2026-05-27T05:45:28Z,1044X78019C3,1044X,,SCHEDULED,360,6.0
2026-05-27T05:45:28Z,1044X21609C2,1044X,,SCHEDULED,-60,-1.0
2026-05-27T05:45:28Z,1044X19817C1,1044X,,SCHEDULED,60,1.0
2026-05-27T05:45:28Z,1044X19563C5,1044X,,SCHEDULED,120,2.0
2026-05-27T05:45:28Z,1044X19538C5,1044X,,SCHEDULED,360,6.0
2026-05-27T05:45:28Z,1044X21806C7,1044X,,SCHEDULED,240,4.0
2026-05-27T05:45:28Z,1044X19560C5,1044X,,SCHEDULED,120,2.0
2026-05-27T05:45:28Z,1044X21008C8a,1044X,,SCHEDULED,-120,-2.0
2026-05-27T05:45:28Z,1044X19569C5,1044X,,SCHEDULED,360,6.0
2026-05-27T05:45:28Z,1044X19579C5,1044X,,SCHEDULED,-60,-1.0
2026-05-27T05:45:28Z,1044X21817C7,1044X,,SCHEDULED,180,3.0
2026-05-27T05:45:28Z,1044X20727C5,1044X,,SCHEDULED,300,5.0
2026-05-27T05:45:28Z,1044X20605C8b,1044X,,SCHEDULED,300,5.0
2026-05-27T05:45:28Z,1044X78020C3,1044X,,SCHEDULED,60,1.0
2026-05-27T05:45:28Z,1044X20726C5,1044X,,SCHEDULED,240,4.0
2026-05-27T05:45:28Z,1044X20603C8b,1044X,,SCHEDULED,360,6.0
2026-05-27T05:45:28Z,1044X21723C2,1044X,,SCHEDULED,-120,-2.0
2026-05-27T05:45:28Z,1044X21813C7,1044X,,SCHEDULED,180,3.0
2026-05-27T05:45:28Z,1044X20723C5,1044X,,SCHEDULED,120,2.0
2026-05-27T05:45:28Z,1044X21602C2,1044X,,SCHEDULED,240,4.0
2026-05-27T05:45:28Z,1044X21206C10,1044X,,SCHEDULED,120,2.0
2026-05-27T05:45:28Z,1044X35977C2,1044X,,SCHEDULED,120,2.0
2026-05-27T05:45:28Z,1044X21808C7,1044X,,SCHEDULED,180,3.0
2026-05-27T05:45:28Z,1044X21719C2,1044X,,SCHEDULED,120,2.0
2026-05-27T05:45:28Z,1044X20719C5,1044X,,SCHEDULED,180,3.0
2026-05-27T05:45:28Z,1044X20920C5,1044X,,SCHEDULED,-5220,-87.0
2026-05-27T05:45:28Z,1044X20731C5,1044X,,SCHEDULED,1800,30.0
2026-05-27T05:45:28Z,1044X19540C5,1044X,,SCHEDULED,120,2.0
2026-05-27T05:45:28Z,1044X20730C5,1044X,,SCHEDULED,240,4.0
2026-05-27T05:45:28Z,1044X20418C4b,1044X,,SCHEDULED,720,12.0
2026-05-27T05:45:28Z,1044X21108C10,1044X,,SCHEDULED,300,5.0
2026-05-27T05:45:28Z,1044X20739C5,1044X,,SCHEDULED,540,9.0
2026-05-27T05:45:28Z,1044X21106C10,1044X,,SCHEDULED,120,2.0
2026-05-27T05:45:28Z,1044X20737C5,1044X,,SCHEDULED,300,5.0
2026-05-27T05:45:28Z,1044X21308C10,1044X,,SCHEDULED,180,3.0
2026-05-27T05:45:28Z,1044X20219C4a,1044X,,SCHEDULED,360,6.0
2026-05-27T05:45:28Z,1044X20734C5,1044X,,SCHEDULED,120,2.0
2026-05-27T05:45:28Z,1044X21819C7,1044X,,SCHEDULED,-180,-3.0
2026-05-27T05:45:28Z,1044X20224C4a,1044X,,SCHEDULED,60,1.0
2026-05-27T05:45:28Z,1044X20740C5,1044X,,SCHEDULED,180,3.0
2026-05-27T05:45:28Z,1044X20223C4a,1044X,,SCHEDULED,240,4.0
2026-05-27T05:45:28Z,1044X21310C10,1044X,,SCHEDULED,120,2.0
2026-05-27T05:45:28Z,1044X20221C4a,1044X,,SCHEDULED,120,2.0
2026-05-27T05:45:28Z,1044X20748C5,1044X,,SCHEDULED,240,4.0
2026-05-27T05:45:28Z,1044X20227C4a,1044X,,SCHEDULED,360,6.0
2026-05-27T05:45:28Z,1044X21006C8a,1044X,,SCHEDULED,60,1.0
2026-05-27T05:45:28Z,1044X19565C5,1044X,,SCHEDULED,420,7.0
2026-05-27T05:45:28Z,1044X21520C2,1044X,,SCHEDULED,240,4.0
