timestamp_utc,trip_id,tren,fecha_tren,estado,retraso_seg,retraso_min
2026-10-08T02:16:36Z,5179J77502R4,5179J,,SCHEDULED,0,0.0
2026-10-08T02:21:30Z,5179J77502R4,5179J,,SCHEDULED,0,0.0
2026-10-08T02:26:17Z,5179J77502R4,5179J,,SCHEDULED,0,0.0
2026-10-08T02:26:17Z,6179J80716C1,6179J,,SCHEDULED,0,0.0
2026-10-08T02:26:17Z,1079J20203C4a,1079J,,SCHEDULED,0,0.0
2026-10-08T02:31:58Z,5179J77502R4,5179J,,SCHEDULED,0,0.0
2026-10-08T02:31:58Z,5179J25400R2,5179J,,SCHEDULED,0,0.0
2026-10-08T02:31:58Z,6179J80716C1,6179J,,SCHEDULED,0,0.0
2026-10-08T02:31:58Z,1079J19502C5,1079J,,SCHEDULED,0,0.0
2026-10-08T02:31:58Z,1079J21601C2,1079J,,SCHEDULED,0,0.0
2026-10-08T02:31:58Z,1079J20205C4a,1079J,,SCHEDULED,0,0.0
2026-10-08T02:31:58Z,1079J20203C4a,1079J,,SCHEDULED,0,0.0
2026-10-08T02:31:58Z,1079J21500C2,1079J,,SCHEDULED,0,0.0
2026-10-08T02:36:19Z,5179J77600R4,5179J,,SCHEDULED,0,0.0
2026-10-08T02:36:19Z,5179J25400R2,5179J,,SCHEDULED,0,0.0
2026-10-08T02:36:19Z,6179J80716C1,6179J,,SCHEDULED,0,0.0
2026-10-08T02:36:19Z,1079J20403C4b,1079J,,SCHEDULED,0,0.0
2026-10-08T02:36:19Z,1079J21703C2,1079J,,SCHEDULED,0,0.0
2026-10-08T02:36:19Z,1079J21601C2,1079J,,SCHEDULED,0,0.0
2026-10-08T02:36:19Z,1079J21500C2,1079J,,SCHEDULED,0,0.0
2026-10-08T02:36:19Z,1079J20205C4a,1079J,,SCHEDULED,0,0.0
2026-10-08T02:36:19Z,1079J20203C4a,1079J,,SCHEDULED,0,0.0
2026-10-08T02:36:19Z,1079J19502C5,1079J,,SCHEDULED,0,0.0
2026-10-08T02:41:57Z,5179J77400R4,5179J,,SCHEDULED,0,0.0
2026-10-08T02:41:57Z,5179J25400R2,5179J,,SCHEDULED,0,0.0
2026-10-08T02:41:57Z,6179J80716C1,6179J,,SCHEDULED,0,0.0
2026-10-08T02:41:57Z,1079J35700C7,1079J,,SCHEDULED,0,0.0
2026-10-08T02:41:57Z,1079J21703C2,1079J,,SCHEDULED,0,0.0
2026-10-08T02:41:57Z,1079J19502C5,1079J,,SCHEDULED,300,5.0
2026-10-08T02:41:57Z,1079J20403C4b,1079J,,SCHEDULED,0,0.0
2026-10-08T02:41:57Z,1079J20203C4a,1079J,,SCHEDULED,0,0.0
2026-10-08T02:41:57Z,1079J20205C4a,1079J,,SCHEDULED,0,0.0
2026-10-08T02:41:57Z,1079J21601C2,1079J,,SCHEDULED,0,0.0
2026-10-08T02:41:57Z,1079J21500C2,1079J,,SCHEDULED,0,0.0
2026-10-08T02:46:27Z,5179J77400R4,5179J,,SCHEDULED,0,0.0
2026-10-08T02:46:27Z,5179J25602R1,5179J,,SCHEDULED,0,0.0
2026-10-08T02:46:27Z,5179J77504R4,5179J,,SCHEDULED,0,0.0
2026-10-08T02:46:27Z,6079J26501C3,6079J,,SCHEDULED,0,0.0
2026-10-08T02:46:27Z,6079J26500C3,6079J,,SCHEDULED,0,0.0
2026-10-08T02:46:27Z,6179J35663C1,6179J,,SCHEDULED,0,0.0
2026-10-08T02:46:27Z,1079J19799C1,1079J,,SCHEDULED,0,0.0
2026-10-08T02:46:27Z,1079J21703C2,1079J,,SCHEDULED,0,0.0
2026-10-08T02:46:27Z,1079J19502C5,1079J,,SCHEDULED,600,10.0
2026-10-08T02:46:27Z,1079J20205C4a,1079J,,SCHEDULED,0,0.0
2026-10-08T02:46:27Z,1079J20403C4b,1079J,,SCHEDULED,-60,-1.0
2026-10-08T02:46:27Z,1079J20002C3,1079J,,SCHEDULED,0,0.0
2026-10-08T02:46:27Z,1079J19504C5,1079J,,SCHEDULED,0,0.0
2026-10-08T02:46:27Z,1079J21501C2,1079J,,SCHEDULED,0,0.0
2026-10-08T02:46:27Z,1079J20203C4a,1079J,,SCHEDULED,0,0.0
2026-10-08T02:46:27Z,1079J19503C5,1079J,,SCHEDULED,0,0.0
2026-10-08T02:46:27Z,1079J21601C2,1079J,,SCHEDULED,0,0.0
2026-10-08T02:46:27Z,1079J21500C2,1079J,,SCHEDULED,0,0.0
2026-10-08T02:46:27Z,1079J35700C7,1079J,,SCHEDULED,0,0.0
2026-10-08T02:51:28Z,5179J77600R4,5179J,,SCHEDULED,120,2.0
2026-10-08T02:51:28Z,5179J77400R4,5179J,,SCHEDULED,0,0.0
2026-10-08T02:51:28Z,5179J25400R2,5179J,,SCHEDULED,180,3.0
2026-10-08T02:51:28Z,5179J77504R4,5179J,,SCHEDULED,0,0.0
2026-10-08T02:51:28Z,5179J33520RL4,5179J,,SCHEDULED,0,0.0
2026-10-08T02:51:28Z,6079J26500C3,6079J,,SCHEDULED,0,0.0
2026-10-08T02:51:28Z,6079J26501C3,6079J,,SCHEDULED,0,0.0
2026-10-08T02:51:28Z,6079J26100C1,6079J,,SCHEDULED,0,0.0
2026-10-08T02:51:28Z,6179J35663C1,6179J,,SCHEDULED,0,0.0
2026-10-08T02:51:28Z,6179J35688C1,6179J,,SCHEDULED,0,0.0
2026-10-08T02:51:28Z,2079J22101C1,2079J,,SCHEDULED,0,0.0
2026-10-08T02:51:28Z,1079J21703C2,1079J,,SCHEDULED,0,0.0
2026-10-08T02:51:28Z,1079J20205C4a,1079J,,SCHEDULED,0,0.0
2026-10-08T02:51:28Z,1079J20403C4b,1079J,,SCHEDULED,240,4.0
2026-10-08T02:51:28Z,1079J21601C2,1079J,,SCHEDULED,120,2.0
2026-10-08T02:51:28Z,1079J35700C7,1079J,,SCHEDULED,0,0.0
2026-10-08T02:51:28Z,1079J19504C5,1079J,,SCHEDULED,0,0.0
2026-10-08T02:51:28Z,1079J19503C5,1079J,,SCHEDULED,0,0.0
2026-10-08T02:51:28Z,1079J19505C5,1079J,,SCHEDULED,0,0.0
2026-10-08T02:51:28Z,1079J19799C1,1079J,,SCHEDULED,0,0.0
2026-10-08T02:51:28Z,1079J19502C5,1079J,,SCHEDULED,900,15.0
2026-10-08T02:51:28Z,1079J20002C3,1079J,,SCHEDULED,0,0.0
2026-10-08T02:51:28Z,1079J20407C4b,1079J,,SCHEDULED,0,0.0
2026-10-08T02:51:28Z,1079J21501C2,1079J,,SCHEDULED,0,0.0
2026-10-08T02:51:28Z,1079J20203C4a,1079J,,SCHEDULED,0,0.0
2026-10-08T02:51:28Z,1079J21500C2,1079J,,SCHEDULED,0,0.0
2026-10-08T02:51:28Z,1079J20003C3,1079J,,SCHEDULED,0,0.0
2026-10-08T02:56:17Z,3079J23501C1,3079J,,SCHEDULED,0,0.0
2026-10-08T02:56:17Z,3079J23500C1,3079J,,SCHEDULED,0,0.0
2026-10-08T02:56:17Z,4079J84002C2,4079J,,SCHEDULED,0,0.0
2026-10-08T02:56:17Z,4079J24101C2,4079J,,SCHEDULED,0,0.0
2026-10-08T02:56:17Z,5179J77600R4,5179J,,SCHEDULED,120,2.0
2026-10-08T02:56:17Z,5179J25400R2,5179J,,SCHEDULED,240,4.0
2026-10-08T02:56:17Z,5179J77502R4,5179J,,SCHEDULED,1380,23.0
2026-10-08T02:56:17Z,5179J77400R4,5179J,,SCHEDULED,0,0.0
2026-10-08T02:56:17Z,5179J77504R4,5179J,,SCHEDULED,0,0.0
2026-10-08T02:56:17Z,5179J33520RL4,5179J,,SCHEDULED,0,0.0
2026-10-08T02:56:17Z,6079J26000C2,6079J,,SCHEDULED,0,0.0
2026-10-08T02:56:17Z,6079J26501C3,6079J,,SCHEDULED,0,0.0
2026-10-08T02:56:17Z,6079J26100C1,6079J,,SCHEDULED,0,0.0
2026-10-08T02:56:17Z,6079J26001C2,6079J,,SCHEDULED,0,0.0
2026-10-08T02:56:17Z,6079J26500C3,6079J,,SCHEDULED,0,0.0
2026-10-08T02:56:17Z,6179J35663C1,6179J,,SCHEDULED,0,0.0
2026-10-08T02:56:17Z,6179J35688C1,6179J,,SCHEDULED,0,0.0
2026-10-08T02:56:17Z,2079J70751C6,2079J,,SCHEDULED,0,0.0
2026-10-08T02:56:17Z,2079J22101C1,2079J,,SCHEDULED,0,0.0
2026-10-08T02:56:17Z,2079J70500C7,2079J,,SCHEDULED,0,0.0
2026-10-08T02:56:17Z,1079J20405C4b,1079J,,SCHEDULED,0,0.0
2026-10-08T02:56:17Z,1079J21703C2,1079J,,SCHEDULED,0,0.0
2026-10-08T02:56:17Z,1079J21603C2,1079J,,SCHEDULED,0,0.0
2026-10-08T02:56:17Z,1079J20205C4a,1079J,,SCHEDULED,0,0.0
2026-10-08T02:56:17Z,1079J20403C4b,1079J,,SCHEDULED,480,8.0
2026-10-08T02:56:17Z,1079J19504C5,1079J,,SCHEDULED,0,0.0
2026-10-08T02:56:17Z,1079J19503C5,1079J,,SCHEDULED,0,0.0
2026-10-08T02:56:17Z,1079J19799C1,1079J,,SCHEDULED,0,0.0
2026-10-08T02:56:17Z,1079J19505C5,1079J,,SCHEDULED,0,0.0
2026-10-08T02:56:17Z,1079J20204C4,1079J,,SCHEDULED,0,0.0
2026-10-08T02:56:17Z,1079J19502C5,1079J,,SCHEDULED,1140,19.0
2026-10-08T02:56:17Z,1079J21601C2,1079J,,SCHEDULED,360,6.0
2026-10-08T02:56:17Z,1079J35700C7,1079J,,SCHEDULED,0,0.0
2026-10-08T02:56:17Z,1079J21300C10,1079J,,SCHEDULED,0,0.0
2026-10-08T02:56:17Z,1079J20002C3,1079J,,SCHEDULED,0,0.0
2026-10-08T02:56:17Z,1079J21501C2,1079J,,SCHEDULED,0,0.0
2026-10-08T02:56:17Z,1079J20203C4a,1079J,,SCHEDULED,0,0.0
2026-10-08T02:56:17Z,1079J20202C4,1079J,,SCHEDULED,0,0.0
2026-10-08T02:56:17Z,1079J20407C4b,1079J,,SCHEDULED,0,0.0
2026-10-08T02:56:17Z,1079J21500C2,1079J,,SCHEDULED,0,0.0
2026-10-08T02:56:17Z,1079J20003C3,1079J,,SCHEDULED,0,0.0
2026-10-08T03:01:56Z,3079J23501C1,3079J,,SCHEDULED,0,0.0
2026-10-08T03:01:56Z,3079J23500C1,3079J,,SCHEDULED,0,0.0
2026-10-08T03:01:56Z,4079J84002C2,4079J,,SCHEDULED,0,0.0
2026-10-08T03:01:56Z,4079J24101C2,4079J,,SCHEDULED,0,0.0
2026-10-08T03:01:56Z,5179J25400R2,5179J,,SCHEDULED,300,5.0
2026-10-08T03:01:56Z,5179J77600R4,5179J,,SCHEDULED,-120,-2.0
2026-10-08T03:01:56Z,5179J77504R4,5179J,,SCHEDULED,0,0.0
2026-10-08T03:01:56Z,5179J77502R4,5179J,,SCHEDULED,1380,23.0
2026-10-08T03:01:56Z,5179J28400R2N,5179J,,SCHEDULED,60,1.0
2026-10-08T03:01:56Z,5179J77400R4,5179J,,SCHEDULED,240,4.0
2026-10-08T03:01:56Z,5179J33520RL4,5179J,,SCHEDULED,0,0.0
2026-10-08T03:01:56Z,5179J28557R2N,5179J,,SCHEDULED,60,1.0
2026-10-08T03:01:56Z,5179J25602R1,5179J,,SCHEDULED,60,1.0
2026-10-08T03:01:56Z,6079J26000C2,6079J,,SCHEDULED,0,0.0
2026-10-08T03:01:56Z,6079J26501C3,6079J,,SCHEDULED,0,0.0
2026-10-08T03:01:56Z,6079J26500C3,6079J,,SCHEDULED,60,1.0
2026-10-08T03:01:56Z,6079J26100C1,6079J,,SCHEDULED,0,0.0
2026-10-08T03:01:56Z,6079J26001C2,6079J,,SCHEDULED,0,0.0
2026-10-08T03:01:56Z,6179J35688C1,6179J,,SCHEDULED,0,0.0
2026-10-08T03:01:56Z,6179J35663C1,6179J,,SCHEDULED,0,0.0
2026-10-08T03:01:56Z,6179J35612C1,6179J,,SCHEDULED,0,0.0
2026-10-08T03:01:56Z,6279J71150C2,6279J,,SCHEDULED,0,0.0
2026-10-08T03:01:56Z,2079J70751C6,2079J,,SCHEDULED,0,0.0
2026-10-08T03:01:56Z,2079J22101C1,2079J,,SCHEDULED,0,0.0
2026-10-08T03:01:56Z,2079J70400C5,2079J,,SCHEDULED,0,0.0
2026-10-08T03:01:56Z,2079J70500C7,2079J,,SCHEDULED,0,0.0
2026-10-08T03:01:56Z,1079J20203C4a,1079J,,SCHEDULED,0,0.0
2026-10-08T03:01:56Z,1079J20004C3,1079J,,SCHEDULED,0,0.0
2026-10-08T03:01:56Z,1079J20202C4,1079J,,SCHEDULED,0,0.0
2026-10-08T03:01:56Z,1079J20003C3,1079J,,SCHEDULED,0,0.0
2026-10-08T03:01:56Z,1079J19799C1,1079J,,SCHEDULED,0,0.0
2026-10-08T03:01:56Z,1079J20002C3,1079J,,SCHEDULED,0,0.0
2026-10-08T03:01:56Z,1079J20209C4a,1079J,,SCHEDULED,0,0.0
2026-10-08T03:01:56Z,1079J20407C4b,1079J,,SCHEDULED,0,0.0
2026-10-08T03:01:56Z,1079J20702C5,1079J,,SCHEDULED,0,0.0
2026-10-08T03:01:56Z,1079J20405C4b,1079J,,SCHEDULED,0,0.0
2026-10-08T03:01:56Z,1079J20205C4a,1079J,,SCHEDULED,60,1.0
2026-10-08T03:01:56Z,1079J20403C4b,1079J,,SCHEDULED,840,14.0
2026-10-08T03:01:56Z,1079J20204C4,1079J,,SCHEDULED,0,0.0
2026-10-08T03:01:56Z,1079J35700C7,1079J,,SCHEDULED,0,0.0
2026-10-08T03:01:56Z,1079J21601C2,1079J,,SCHEDULED,0,0.0
2026-10-08T03:01:56Z,1079J35973C2,1079J,,SCHEDULED,0,0.0
2026-10-08T03:01:56Z,1079J19509C5,1079J,,SCHEDULED,0,0.0
2026-10-08T03:01:56Z,1079J19504C5,1079J,,SCHEDULED,0,0.0
2026-10-08T03:01:56Z,1079J19503C5,1079J,,SCHEDULED,0,0.0
2026-10-08T03:01:56Z,1079J19505C5,1079J,,SCHEDULED,0,0.0
2026-10-08T03:01:56Z,1079J21501C2,1079J,,SCHEDULED,0,0.0
2026-10-08T03:01:56Z,1079J21500C2,1079J,,SCHEDULED,60,1.0
2026-10-08T03:01:56Z,1079J19502C5,1079J,,SCHEDULED,60,1.0
2026-10-08T03:01:56Z,1079J21300C10,1079J,,SCHEDULED,0,0.0
2026-10-08T03:01:56Z,1079J21100C10,1079J,,SCHEDULED,0,0.0
2026-10-08T03:01:56Z,1079J21703C2,1079J,,SCHEDULED,0,0.0
2026-10-08T03:01:56Z,1079J21603C2,1079J,,SCHEDULED,0,0.0
2026-10-08T03:06:26Z,3079J23501C1,3079J,,SCHEDULED,0,0.0
2026-10-08T03:06:26Z,3079J23500C1,3079J,,SCHEDULED,5400,90.0
2026-10-08T03:06:26Z,4079J24101C2,4079J,,SCHEDULED,0,0.0
2026-10-08T03:06:26Z,4079J84002C2,4079J,,SCHEDULED,0,0.0
2026-10-08T03:06:26Z,5179J77400R4,5179J,,SCHEDULED,180,3.0
2026-10-08T03:06:26Z,5179J77600R4,5179J,,SCHEDULED,0,0.0
2026-10-08T03:06:26Z,5179J77504R4,5179J,,SCHEDULED,0,0.0
2026-10-08T03:06:26Z,5179J25702R1,5179J,,SCHEDULED,0,0.0
2026-10-08T03:06:26Z,5179J28264R2S,5179J,,SCHEDULED,0,0.0
2026-10-08T03:06:26Z,5179J28400R2N,5179J,,SCHEDULED,0,0.0
2026-10-08T03:06:26Z,5179J33520RL4,5179J,,SCHEDULED,0,0.0
2026-10-08T03:06:26Z,5179J25400R2,5179J,,SCHEDULED,360,6.0
2026-10-08T03:06:26Z,5179J28557R2N,5179J,,SCHEDULED,-180,-3.0
2026-10-08T03:06:26Z,5179J25602R1,5179J,,SCHEDULED,60,1.0
2026-10-08T03:06:26Z,5179J77502R4,5179J,,SCHEDULED,1440,24.0
2026-10-08T03:06:26Z,5179J77602R4,5179J,,SCHEDULED,0,0.0
2026-10-08T03:06:26Z,6079J26500C3,6079J,,SCHEDULED,-60,-1.0
2026-10-08T03:06:26Z,6079J26101C1,6079J,,SCHEDULED,0,0.0
2026-10-08T03:06:26Z,6079J26501C3,6079J,,SCHEDULED,240,4.0
2026-10-08T03:06:26Z,6079J26502C3,6079J,,SCHEDULED,0,0.0
2026-10-08T03:06:26Z,6079J26000C2,6079J,,SCHEDULED,0,0.0
2026-10-08T03:06:26Z,6079J26001C2,6079J,,SCHEDULED,0,0.0
2026-10-08T03:06:26Z,6179J35663C1,6179J,,SCHEDULED,180,3.0
2026-10-08T03:06:26Z,6179J35612C1,6179J,,SCHEDULED,0,0.0
2026-10-08T03:06:26Z,6279J71150C2,6279J,,SCHEDULED,0,0.0
2026-10-08T03:06:26Z,2079J70751C6,2079J,,SCHEDULED,0,0.0
2026-10-08T03:06:26Z,2079J22101C1,2079J,,SCHEDULED,0,0.0
2026-10-08T03:06:26Z,2079J70400C5,2079J,,SCHEDULED,0,0.0
2026-10-08T03:06:26Z,2079J70500C7,2079J,,SCHEDULED,0,0.0
2026-10-08T03:06:26Z,1079J20203C4a,1079J,,SCHEDULED,60,1.0
2026-10-08T03:06:26Z,1079J20004C3,1079J,,SCHEDULED,0,0.0
2026-10-08T03:06:26Z,1079J20202C4,1079J,,SCHEDULED,0,0.0
2026-10-08T03:06:26Z,1079J20003C3,1079J,,SCHEDULED,0,0.0
2026-10-08T03:06:26Z,1079J19799C1,1079J,,SCHEDULED,0,0.0
2026-10-08T03:06:26Z,1079J21603C2,1079J,,SCHEDULED,0,0.0
2026-10-08T03:06:26Z,1079J20002C3,1079J,,SCHEDULED,0,0.0
2026-10-08T03:06:26Z,1079J21503C2,1079J,,SCHEDULED,0,0.0
2026-10-08T03:06:26Z,1079J20403C4b,1079J,,SCHEDULED,0,0.0
2026-10-08T03:06:26Z,1079J21601C2,1079J,,SCHEDULED,60,1.0
2026-10-08T03:06:26Z,1079J35973C2,1079J,,SCHEDULED,0,0.0
2026-10-08T03:06:26Z,1079J20205C4a,1079J,,SCHEDULED,300,5.0
2026-10-08T03:06:26Z,1079J20204C4,1079J,,SCHEDULED,0,0.0
2026-10-08T03:06:26Z,1079J35700C7,1079J,,SCHEDULED,0,0.0
2026-10-08T03:06:26Z,1079J19509C5,1079J,,SCHEDULED,0,0.0
2026-10-08T03:06:26Z,1079J19504C5,1079J,,SCHEDULED,0,0.0
2026-10-08T03:06:26Z,1079J21501C2,1079J,,SCHEDULED,0,0.0
2026-10-08T03:06:26Z,1079J19503C5,1079J,,SCHEDULED,0,0.0
2026-10-08T03:06:26Z,1079J19505C5,1079J,,SCHEDULED,0,0.0
2026-10-08T03:06:26Z,1079J21500C2,1079J,,SCHEDULED,120,2.0
2026-10-08T03:06:26Z,1079J19502C5,1079J,,SCHEDULED,60,1.0
2026-10-08T03:06:26Z,1079J20209C4a,1079J,,SCHEDULED,0,0.0
2026-10-08T03:06:26Z,1079J21300C10,1079J,,SCHEDULED,0,0.0
2026-10-08T03:06:26Z,1079J21100C10,1079J,,SCHEDULED,0,0.0
2026-10-08T03:06:26Z,1079J20407C4b,1079J,,SCHEDULED,0,0.0
2026-10-08T03:06:26Z,1079J21703C2,1079J,,SCHEDULED,0,0.0
2026-10-08T03:06:26Z,1079J20702C5,1079J,,SCHEDULED,0,0.0
2026-10-08T03:06:26Z,1079J20405C4b,1079J,,SCHEDULED,0,0.0
2026-10-08T03:06:26Z,1079J21504C2,1079J,,SCHEDULED,0,0.0
2026-10-08T03:11:29Z,3079J23500C1,3079J,,SCHEDULED,0,0.0
2026-10-08T03:11:29Z,3079J23501C1,3079J,,SCHEDULED,0,0.0
2026-10-08T03:11:29Z,4079J84002C2,4079J,,SCHEDULED,0,0.0
2026-10-08T03:11:29Z,4079J24101C2,4079J,,SCHEDULED,0,0.0
2026-10-08T03:11:29Z,5179J77400R4,5179J,,SCHEDULED,60,1.0
2026-10-08T03:11:29Z,5179J77402R4,5179J,,SCHEDULED,0,0.0
2026-10-08T03:11:29Z,5179J77600R4,5179J,,SCHEDULED,0,0.0
2026-10-08T03:11:29Z,5179J77502R4,5179J,,SCHEDULED,1500,25.0
2026-10-08T03:11:29Z,5179J77602R4,5179J,,SCHEDULED,0,0.0
2026-10-08T03:11:29Z,5179J25702R1,5179J,,SCHEDULED,60,1.0
2026-10-08T03:11:29Z,5179J77504R4,5179J,,SCHEDULED,0,0.0
2026-10-08T03:11:29Z,5179J28400R2N,5179J,,SCHEDULED,180,3.0
2026-10-08T03:11:29Z,5179J25400R2,5179J,,SCHEDULED,360,6.0
2026-10-08T03:11:29Z,5179J33520RL4,5179J,,SCHEDULED,0,0.0
2026-10-08T03:11:29Z,5179J28557R2N,5179J,,SCHEDULED,0,0.0
2026-10-08T03:11:29Z,5179J25602R1,5179J,,SCHEDULED,120,2.0
2026-10-08T03:11:29Z,5179J25604R1,5179J,,SCHEDULED,0,0.0
2026-10-08T03:11:29Z,6079J26500C3,6079J,,SCHEDULED,0,0.0
2026-10-08T03:11:29Z,6079J26101C1,6079J,,SCHEDULED,0,0.0
2026-10-08T03:11:29Z,6079J26501C3,6079J,,SCHEDULED,180,3.0
2026-10-08T03:11:29Z,6079J26502C3,6079J,,SCHEDULED,0,0.0
2026-10-08T03:11:29Z,6079J26100C1,6079J,,SCHEDULED,120,2.0
2026-10-08T03:11:29Z,6079J26000C2,6079J,,SCHEDULED,60,1.0
2026-10-08T03:11:29Z,6079J26001C2,6079J,,SCHEDULED,60,1.0
2026-10-08T03:11:29Z,6179J35688C1,6179J,,SCHEDULED,300,5.0
2026-10-08T03:11:29Z,6179J35663C1,6179J,,SCHEDULED,60,1.0
2026-10-08T03:11:29Z,6179J35612C1,6179J,,SCHEDULED,0,0.0
2026-10-08T03:11:29Z,6279J71150C2,6279J,,SCHEDULED,0,0.0
2026-10-08T03:11:29Z,6279J71100C2,6279J,,SCHEDULED,0,0.0
2026-10-08T03:11:29Z,2079J70751C6,2079J,,SCHEDULED,0,0.0
2026-10-08T03:11:29Z,2079J80851C6,2079J,,SCHEDULED,0,0.0
2026-10-08T03:11:29Z,2079J70900C8,2079J,,SCHEDULED,0,0.0
2026-10-08T03:11:29Z,2079J22101C1,2079J,,SCHEDULED,0,0.0
2026-10-08T03:11:29Z,2079J70750C6,2079J,,SCHEDULED,0,0.0
2026-10-08T03:11:29Z,2079J70400C5,2079J,,SCHEDULED,0,0.0
2026-10-08T03:11:29Z,2079J70500C7,2079J,,SCHEDULED,0,0.0
2026-10-08T03:11:29Z,1079J19505C5,1079J,,SCHEDULED,0,0.0
2026-10-08T03:11:29Z,1079J20005C3,1079J,,SCHEDULED,0,0.0
2026-10-08T03:11:29Z,1079J20203C4a,1079J,,SCHEDULED,240,4.0
2026-10-08T03:11:29Z,1079J20004C3,1079J,,SCHEDULED,0,0.0
2026-10-08T03:11:29Z,1079J20202C4,1079J,,SCHEDULED,0,0.0
2026-10-08T03:11:29Z,1079J19513C5,1079J,,SCHEDULED,0,0.0
2026-10-08T03:11:29Z,1079J20003C3,1079J,,SCHEDULED,0,0.0
2026-10-08T03:11:29Z,1079J19799C1,1079J,,SCHEDULED,0,0.0
2026-10-08T03:11:29Z,1079J20002C3,1079J,,SCHEDULED,0,0.0
2026-10-08T03:11:29Z,1079J20209C4a,1079J,,SCHEDULED,0,0.0
2026-10-08T03:11:29Z,1079J20407C4b,1079J,,SCHEDULED,0,0.0
2026-10-08T03:11:29Z,1079J20702C5,1079J,,SCHEDULED,0,0.0
2026-10-08T03:11:29Z,1079J20405C4b,1079J,,SCHEDULED,0,0.0
2026-10-08T03:11:29Z,1079J20403C4b,1079J,,SCHEDULED,60,1.0
2026-10-08T03:11:29Z,1079J20205C4a,1079J,,SCHEDULED,240,4.0
2026-10-08T03:11:29Z,1079J20204C4,1079J,,SCHEDULED,0,0.0
2026-10-08T03:11:29Z,1079J35700C7,1079J,,SCHEDULED,60,1.0
2026-10-08T03:11:29Z,1079J21603C2,1079J,,SCHEDULED,0,0.0
2026-10-08T03:11:29Z,1079J21303C10,1079J,,SCHEDULED,0,0.0
2026-10-08T03:11:29Z,1079J21503C2,1079J,,SCHEDULED,0,0.0
2026-10-08T03:11:29Z,1079J21601C2,1079J,,SCHEDULED,120,2.0
2026-10-08T03:11:29Z,1079J35973C2,1079J,,SCHEDULED,0,0.0
2026-10-08T03:11:29Z,1079J21501C2,1079J,,SCHEDULED,0,0.0
2026-10-08T03:11:29Z,1079J19508C5,1079J,,SCHEDULED,0,0.0
2026-10-08T03:11:29Z,1079J21500C2,1079J,,SCHEDULED,180,3.0
2026-10-08T03:11:29Z,1079J19509C5,1079J,,SCHEDULED,0,0.0
2026-10-08T03:11:29Z,1079J19502C5,1079J,,SCHEDULED,60,1.0
2026-10-08T03:11:29Z,1079J19504C5,1079J,,SCHEDULED,0,0.0
2026-10-08T03:11:29Z,1079J21300C10,1079J,,SCHEDULED,0,0.0
2026-10-08T03:11:29Z,1079J21100C10,1079J,,SCHEDULED,0,0.0
2026-10-08T03:11:29Z,1079J19503C5,1079J,,SCHEDULED,120,2.0
2026-10-08T03:11:29Z,1079J21506C2,1079J,,SCHEDULED,0,0.0
2026-10-08T03:11:29Z,1079J21703C2,1079J,,SCHEDULED,0,0.0
2026-10-08T03:11:29Z,1079J21504C2,1079J,,SCHEDULED,0,0.0
2026-10-08T03:16:35Z,3079J23501C1,3079J,,SCHEDULED,60,1.0
2026-10-08T03:16:35Z,3079J23500C1,3079J,,SCHEDULED,0,0.0
2026-10-08T03:16:35Z,4079J24101C2,4079J,,SCHEDULED,0,0.0
2026-10-08T03:16:35Z,4079J84002C2,4079J,,SCHEDULED,0,0.0
2026-10-08T03:16:35Z,4079J24000C2,4079J,,SCHEDULED,0,0.0
2026-10-08T03:16:35Z,4079J80015C3,4079J,,SCHEDULED,0,0.0
2026-10-08T03:16:35Z,5179J77400R4,5179J,,SCHEDULED,-60,-1.0
2026-10-08T03:16:35Z,5179J28500R2,5179J,,SCHEDULED,120,2.0
2026-10-08T03:16:35Z,5179J77402R4,5179J,,SCHEDULED,0,0.0
2026-10-08T03:16:35Z,5179J77600R4,5179J,,SCHEDULED,60,1.0
2026-10-08T03:16:35Z,5179J25702R1,5179J,,SCHEDULED,0,0.0
2026-10-08T03:16:35Z,5179J77504R4,5179J,,SCHEDULED,0,0.0
2026-10-08T03:16:35Z,5179J28400R2N,5179J,,SCHEDULED,120,2.0
2026-10-08T03:16:35Z,5179J77506R4,5179J,,SCHEDULED,0,0.0
2026-10-08T03:16:35Z,5179J25400R2,5179J,,SCHEDULED,480,8.0
2026-10-08T03:16:35Z,5179J33520RL4,5179J,,SCHEDULED,60,1.0
2026-10-08T03:16:35Z,5179J28402R2N,5179J,,SCHEDULED,0,0.0
2026-10-08T03:16:35Z,5179J77502R4,5179J,,SCHEDULED,1440,24.0
2026-10-08T03:16:35Z,5179J28557R2N,5179J,,SCHEDULED,60,1.0
2026-10-08T03:16:35Z,5179J25602R1,5179J,,SCHEDULED,300,5.0
2026-10-08T03:16:35Z,6079J26100C1,6079J,,SCHEDULED,120,2.0
2026-10-08T03:16:35Z,6079J26000C2,6079J,,SCHEDULED,120,2.0
2026-10-08T03:16:35Z,6079J26500C3,6079J,,SCHEDULED,0,0.0
2026-10-08T03:16:35Z,6079J26101C1,6079J,,SCHEDULED,0,0.0
2026-10-08T03:16:35Z,6079J26502C3,6079J,,SCHEDULED,0,0.0
2026-10-08T03:16:35Z,6079J71501C4,6079J,,SCHEDULED,0,0.0
2026-10-08T03:16:35Z,6079J26001C2,6079J,,SCHEDULED,60,1.0
2026-10-08T03:16:35Z,6079J26501C3,6079J,,SCHEDULED,180,3.0
2026-10-08T03:16:35Z,6079J26600C3,6079J,,SCHEDULED,0,0.0
2026-10-08T03:16:35Z,6079J26503C3,6079J,,SCHEDULED,0,0.0
2026-10-08T03:16:35Z,6279J71100C2,6279J,,SCHEDULED,0,0.0
2026-10-08T03:16:35Z,6279J71150C2,6279J,,SCHEDULED,0,0.0
2026-10-08T03:16:35Z,6279J71102C2,6279J,,SCHEDULED,0,0.0
2026-10-08T03:16:35Z,2079J70751C6,2079J,,SCHEDULED,0,0.0
2026-10-08T03:16:35Z,2079J22200C2,2079J,,SCHEDULED,0,0.0
2026-10-08T03:16:35Z,2079J22103C1,2079J,,SCHEDULED,0,0.0
2026-10-08T03:16:35Z,2079J70900C8,2079J,,SCHEDULED,0,0.0
2026-10-08T03:16:35Z,2079J22101C1,2079J,,SCHEDULED,0,0.0
2026-10-08T03:16:35Z,2079J70400C5,2079J,,SCHEDULED,0,0.0
2026-10-08T03:16:35Z,2079J80851C6,2079J,,SCHEDULED,0,0.0
2026-10-08T03:16:35Z,2079J70500C7,2079J,,SCHEDULED,0,0.0
2026-10-08T03:16:35Z,2079J70750C6,2079J,,SCHEDULED,0,0.0
2026-10-08T03:16:35Z,4179J24701C1,4179J,,SCHEDULED,0,0.0
2026-10-08T03:16:35Z,4179J24700C1,4179J,,SCHEDULED,0,0.0
2026-10-08T03:16:35Z,1079J19503C5,1079J,,SCHEDULED,0,0.0
2026-10-08T03:16:35Z,1079J19505C5,1079J,,SCHEDULED,0,0.0
2026-10-08T03:16:35Z,1079J20005C3,1079J,,SCHEDULED,0,0.0
2026-10-08T03:16:35Z,1079J20203C4a,1079J,,SCHEDULED,180,3.0
2026-10-08T03:16:35Z,1079J20004C3,1079J,,SCHEDULED,0,0.0
2026-10-08T03:16:35Z,1079J20202C4,1079J,,SCHEDULED,0,0.0
2026-10-08T03:16:35Z,1079J19513C5,1079J,,SCHEDULED,0,0.0
2026-10-08T03:16:35Z,1079J20003C3,1079J,,SCHEDULED,0,0.0
2026-10-08T03:16:35Z,1079J19799C1,1079J,,SCHEDULED,0,0.0
2026-10-08T03:16:35Z,1079J20702C5,1079J,,SCHEDULED,60,1.0
2026-10-08T03:16:35Z,1079J20403C4b,1079J,,SCHEDULED,360,6.0
2026-10-08T03:16:35Z,1079J20205C4a,1079J,,SCHEDULED,0,0.0
2026-10-08T03:16:35Z,1079J20402C4b,1079J,,SCHEDULED,0,0.0
2026-10-08T03:16:35Z,1079J20204C4,1079J,,SCHEDULED,0,0.0
2026-10-08T03:16:35Z,1079J35700C7,1079J,,SCHEDULED,120,2.0
2026-10-08T03:16:35Z,1079J20002C3,1079J,,SCHEDULED,120,2.0
2026-10-08T03:16:35Z,1079J20209C4a,1079J,,SCHEDULED,0,0.0
2026-10-08T03:16:35Z,1079J20407C4b,1079J,,SCHEDULED,0,0.0
2026-10-08T03:16:35Z,1079J20207C4a,1079J,,SCHEDULED,0,0.0
2026-10-08T03:16:35Z,1079J20405C4b,1079J,,SCHEDULED,0,0.0
2026-10-08T03:16:35Z,1079J21703C2,1079J,,SCHEDULED,60,1.0
2026-10-08T03:16:35Z,1079J21501C2,1079J,,SCHEDULED,0,0.0
2026-10-08T03:16:35Z,1079J21504C2,1079J,,SCHEDULED,0,0.0
2026-10-08T03:16:35Z,1079J21303C10,1079J,,SCHEDULED,60,1.0
2026-10-08T03:16:35Z,1079J21603C2,1079J,,SCHEDULED,0,0.0
2026-10-08T03:16:35Z,1079J20411C4b,1079J,,SCHEDULED,0,0.0
2026-10-08T03:16:35Z,1079J21503C2,1079J,,SCHEDULED,0,0.0
2026-10-08T03:16:35Z,1079J21500C2,1079J,,SCHEDULED,60,1.0
2026-10-08T03:16:35Z,1079J21601C2,1079J,,SCHEDULED,180,3.0
2026-10-08T03:16:35Z,1079J35973C2,1079J,,SCHEDULED,0,0.0
2026-10-08T03:16:35Z,1079J20212C4a,1079J,,SCHEDULED,0,0.0
2026-10-08T03:16:35Z,1079J19508C5,1079J,,SCHEDULED,0,0.0
2026-10-08T03:16:35Z,1079J19502C5,1079J,,SCHEDULED,0,0.0
2026-10-08T03:16:35Z,1079J19509C5,1079J,,SCHEDULED,0,0.0
2026-10-08T03:16:35Z,1079J21300C10,1079J,,SCHEDULED,0,0.0
2026-10-08T03:16:35Z,1079J21100C10,1079J,,SCHEDULED,0,0.0
2026-10-08T03:16:35Z,1079J19504C5,1079J,,SCHEDULED,60,1.0
2026-10-08T03:16:35Z,1079J21000C8a,1079J,,SCHEDULED,0,0.0
2026-10-08T03:16:35Z,1079J21506C2,1079J,,SCHEDULED,0,0.0
2026-10-08T03:21:33Z,3079J23101C3,3079J,,SCHEDULED,0,0.0
2026-10-08T03:21:33Z,4079J24001C2,4079J,,SCHEDULED,0,0.0
2026-10-08T03:21:33Z,4079J24000C2,4079J,,SCHEDULED,0,0.0
2026-10-08T03:21:33Z,4079J84002C2,4079J,,SCHEDULED,0,0.0
2026-10-08T03:21:33Z,4079J80015C3,4079J,,SCHEDULED,0,0.0
2026-10-08T03:21:33Z,4079J24103C2,4079J,,SCHEDULED,0,0.0
2026-10-08T03:21:33Z,5179J28400R2N,5179J,,SCHEDULED,360,6.0
2026-10-08T03:21:33Z,5179J77400R4,5179J,,SCHEDULED,0,0.0
2026-10-08T03:21:33Z,5179J28500R2,5179J,,SCHEDULED,180,3.0
2026-10-08T03:21:33Z,5179J77402R4,5179J,,SCHEDULED,-240,-4.0
2026-10-08T03:21:33Z,5179J77600R4,5179J,,SCHEDULED,240,4.0
2026-10-08T03:21:33Z,5179J77502R4,5179J,,SCHEDULED,1680,28.0
2026-10-08T03:21:33Z,5179J77602R4,5179J,,SCHEDULED,60,1.0
2026-10-08T03:21:33Z,5179J77504R4,5179J,,SCHEDULED,60,1.0
2026-10-08T03:21:33Z,5179J25702R1,5179J,,SCHEDULED,0,0.0
2026-10-08T03:21:33Z,5179J77506R4,5179J,,SCHEDULED,0,0.0
2026-10-08T03:21:33Z,5179J15000R15,5179J,,SCHEDULED,0,0.0
2026-10-08T03:21:33Z,5179J33520RL4,5179J,,SCHEDULED,60,1.0
2026-10-08T03:21:33Z,5179J25400R2,5179J,,SCHEDULED,480,8.0
2026-10-08T03:21:33Z,5179J28402R2N,5179J,,SCHEDULED,0,0.0
2026-10-08T03:21:33Z,5179J28557R2N,5179J,,SCHEDULED,60,1.0
2026-10-08T03:21:33Z,5179J25602R1,5179J,,SCHEDULED,300,5.0
2026-10-08T03:21:33Z,6079J26101C1,6079J,,SCHEDULED,0,0.0
2026-10-08T03:21:33Z,6079J26500C3,6079J,,SCHEDULED,0,0.0
2026-10-08T03:21:33Z,6079J26502C3,6079J,,SCHEDULED,120,2.0
2026-10-08T03:21:33Z,6079J26600C3,6079J,,SCHEDULED,0,0.0
2026-10-08T03:21:33Z,6079J26501C3,6079J,,SCHEDULED,240,4.0
2026-10-08T03:21:33Z,6079J26503C3,6079J,,SCHEDULED,0,0.0
2026-10-08T03:21:33Z,6079J26003C2,6079J,,SCHEDULED,0,0.0
2026-10-08T03:21:33Z,6079J26002C2,6079J,,SCHEDULED,0,0.0
2026-10-08T03:21:33Z,6079J71501C4,6079J,,SCHEDULED,0,0.0
2026-10-08T03:21:33Z,6079J26001C2,6079J,,SCHEDULED,0,0.0
2026-10-08T03:21:33Z,6079J26100C1,6079J,,SCHEDULED,120,2.0
2026-10-08T03:21:33Z,6179J35663C1,6179J,,SCHEDULED,0,0.0
2026-10-08T03:21:33Z,6279J71100C2,6279J,,SCHEDULED,0,0.0
2026-10-08T03:21:33Z,6279J71102C2,6279J,,SCHEDULED,0,0.0
2026-10-08T03:21:33Z,2079J70751C6,2079J,,SCHEDULED,300,5.0
2026-10-08T03:21:33Z,2079J22200C2,2079J,,SCHEDULED,0,0.0
2026-10-08T03:21:33Z,2079J70200C4,2079J,,SCHEDULED,0,0.0
2026-10-08T03:21:33Z,2079J70750C6,2079J,,SCHEDULED,0,0.0
2026-10-08T03:21:33Z,2079J80851C6,2079J,,SCHEDULED,0,0.0
2026-10-08T03:21:33Z,2079J70400C5,2079J,,SCHEDULED,0,0.0
2026-10-08T03:21:33Z,2079J22103C1,2079J,,SCHEDULED,0,0.0
2026-10-08T03:21:33Z,2079J70501C7,2079J,,SCHEDULED,0,0.0
2026-10-08T03:21:33Z,2079J70900C8,2079J,,SCHEDULED,0,0.0
2026-10-08T03:21:33Z,2079J22101C1,2079J,,SCHEDULED,60,1.0
2026-10-08T03:21:33Z,2079J70500C7,2079J,,SCHEDULED,0,0.0
2026-10-08T03:21:33Z,4179J24701C1,4179J,,SCHEDULED,0,0.0
2026-10-08T03:21:33Z,4179J24700C1,4179J,,SCHEDULED,0,0.0
2026-10-08T03:21:33Z,1079J20005C3,1079J,,SCHEDULED,0,0.0
2026-10-08T03:21:33Z,1079J21603C2,1079J,,SCHEDULED,0,0.0
2026-10-08T03:21:33Z,1079J20203C4a,1079J,,SCHEDULED,180,3.0
2026-10-08T03:21:33Z,1079J19510C5,1079J,,SCHEDULED,0,0.0
2026-10-08T03:21:33Z,1079J21800C7,1079J,,SCHEDULED,0,0.0
2026-10-08T03:21:33Z,1079J20004C3,1079J,,SCHEDULED,0,0.0
2026-10-08T03:21:33Z,1079J20202C4,1079J,,SCHEDULED,0,0.0
2026-10-08T03:21:33Z,1079J19513C5,1079J,,SCHEDULED,0,0.0
2026-10-08T03:21:33Z,1079J21503C2,1079J,,SCHEDULED,0,0.0
2026-10-08T03:21:33Z,1079J21601C2,1079J,,SCHEDULED,60,1.0
2026-10-08T03:21:33Z,1079J20003C3,1079J,,SCHEDULED,180,3.0
2026-10-08T03:21:33Z,1079J35973C2,1079J,,SCHEDULED,0,0.0
2026-10-08T03:21:33Z,1079J19799C1,1079J,,SCHEDULED,120,2.0
2026-10-08T03:21:33Z,1079J19508C5,1079J,,SCHEDULED,0,0.0
2026-10-08T03:21:33Z,1079J20002C3,1079J,,SCHEDULED,60,1.0
2026-10-08T03:21:33Z,1079J19509C5,1079J,,SCHEDULED,0,0.0
2026-10-08T03:21:33Z,1079J20209C4a,1079J,,SCHEDULED,0,0.0
2026-10-08T03:21:33Z,1079J19504C5,1079J,,SCHEDULED,60,1.0
2026-10-08T03:21:33Z,1079J19800C1,1079J,,SCHEDULED,0,0.0
2026-10-08T03:21:33Z,1079J20407C4b,1079J,,SCHEDULED,60,1.0
2026-10-08T03:21:33Z,1079J20208C4,1079J,,SCHEDULED,0,0.0
2026-10-08T03:21:33Z,1079J19503C5,1079J,,SCHEDULED,0,0.0
2026-10-08T03:21:33Z,1079J20703C5,1079J,,SCHEDULED,0,0.0
2026-10-08T03:21:33Z,1079J19505C5,1079J,,SCHEDULED,120,2.0
2026-10-08T03:21:33Z,1079J20207C4a,1079J,,SCHEDULED,0,0.0
2026-10-08T03:21:33Z,1079J20405C4b,1079J,,SCHEDULED,0,0.0
2026-10-08T03:21:33Z,1079J21501C2,1079J,,SCHEDULED,0,0.0
2026-10-08T03:21:33Z,1079J20702C5,1079J,,SCHEDULED,360,6.0
2026-10-08T03:21:33Z,1079J20007C3,1079J,,SCHEDULED,0,0.0
2026-10-08T03:21:33Z,1079J21303C10,1079J,,SCHEDULED,360,6.0
2026-10-08T03:21:33Z,1079J20403C4b,1079J,,SCHEDULED,180,3.0
2026-10-08T03:21:33Z,1079J20205C4a,1079J,,SCHEDULED,60,1.0
2026-10-08T03:21:33Z,1079J20411C4b,1079J,,SCHEDULED,0,0.0
2026-10-08T03:21:33Z,1079J20402C4b,1079J,,SCHEDULED,0,0.0
2026-10-08T03:21:33Z,1079J20204C4,1079J,,SCHEDULED,0,0.0
2026-10-08T03:21:33Z,1079J35700C7,1079J,,SCHEDULED,180,3.0
2026-10-08T03:21:33Z,1079J20212C4a,1079J,,SCHEDULED,0,0.0
2026-10-08T03:21:33Z,1079J19515C5,1079J,,SCHEDULED,0,0.0
2026-10-08T03:21:33Z,1079J19502C5,1079J,,SCHEDULED,0,0.0
2026-10-08T03:21:33Z,1079J21300C10,1079J,,SCHEDULED,0,0.0
2026-10-08T03:21:33Z,1079J21100C10,1079J,,SCHEDULED,0,0.0
2026-10-08T03:21:33Z,1079J21000C8a,1079J,,SCHEDULED,0,0.0
2026-10-08T03:21:33Z,1079J21506C2,1079J,,SCHEDULED,0,0.0
2026-10-08T03:21:33Z,1079J21703C2,1079J,,SCHEDULED,0,0.0
2026-10-08T03:21:33Z,1079J21504C2,1079J,,SCHEDULED,0,0.0
2026-10-08T03:26:17Z,3079J23501C1,3079J,,SCHEDULED,60,1.0
2026-10-08T03:26:17Z,3079J23101C3,3079J,,SCHEDULED,0,0.0
2026-10-08T03:26:17Z,3279J23303C1,3279J,,SCHEDULED,0,0.0
2026-10-08T03:26:17Z,4079J24001C2,4079J,,SCHEDULED,0,0.0
2026-10-08T03:26:17Z,4079J24301C6,4079J,,SCHEDULED,0,0.0
2026-10-08T03:26:17Z,4079J80015C3,4079J,,SCHEDULED,0,0.0
2026-10-08T03:26:17Z,4079J24000C2,4079J,,SCHEDULED,0,0.0
2026-10-08T03:26:17Z,4079J24103C2,4079J,,SCHEDULED,0,0.0
2026-10-08T03:26:17Z,5179J28400R2N,5179J,,SCHEDULED,600,10.0
2026-10-08T03:26:17Z,5179J77400R4,5179J,,SCHEDULED,-60,-1.0
2026-10-08T03:26:17Z,5179J28500R2,5179J,,SCHEDULED,180,3.0
2026-10-08T03:26:17Z,5179J77402R4,5179J,,SCHEDULED,0,0.0
2026-10-08T03:26:17Z,5179J28557R2N,5179J,,SCHEDULED,60,1.0
2026-10-08T03:26:17Z,5179J25602R1,5179J,,SCHEDULED,360,6.0
2026-10-08T03:26:17Z,5179J77504R4,5179J,,SCHEDULED,240,4.0
2026-10-08T03:26:17Z,5179J25604R1,5179J,,SCHEDULED,-60,-1.0
2026-10-08T03:26:17Z,5179J77506R4,5179J,,SCHEDULED,0,0.0
2026-10-08T03:26:17Z,5179J25702R1,5179J,,SCHEDULED,120,2.0
2026-10-08T03:26:17Z,5179J77600R4,5179J,,SCHEDULED,300,5.0
2026-10-08T03:26:17Z,5179J15000R15,5179J,,SCHEDULED,0,0.0
2026-10-08T03:26:17Z,5179J77502R4,5179J,,SCHEDULED,1620,27.0
2026-10-08T03:26:17Z,5179J77602R4,5179J,,SCHEDULED,60,1.0
2026-10-08T03:26:17Z,5179J28404R2N,5179J,,SCHEDULED,0,0.0
2026-10-08T03:26:17Z,5179J25400R2,5179J,,SCHEDULED,600,10.0
2026-10-08T03:26:17Z,5179J28556R2N,5179J,,SCHEDULED,0,0.0
2026-10-08T03:26:17Z,5179J28402R2N,5179J,,SCHEDULED,0,0.0
2026-10-08T03:26:17Z,6079J26000C2,6079J,,SCHEDULED,120,2.0
2026-10-08T03:26:17Z,6079J26002C2,6079J,,SCHEDULED,0,0.0
2026-10-08T03:26:17Z,6079J26102C1,6079J,,SCHEDULED,0,0.0
2026-10-08T03:26:17Z,6079J26101C1,6079J,,SCHEDULED,60,1.0
2026-10-08T03:26:17Z,6079J26003C2,6079J,,SCHEDULED,0,0.0
2026-10-08T03:26:17Z,6079J71501C4,6079J,,SCHEDULED,0,0.0
2026-10-08T03:26:17Z,6079J26500C3,6079J,,SCHEDULED,0,0.0
2026-10-08T03:26:17Z,6079J26001C2,6079J,,SCHEDULED,60,1.0
2026-10-08T03:26:17Z,6079J26501C3,6079J,,SCHEDULED,180,3.0
2026-10-08T03:26:17Z,6079J26100C1,6079J,,SCHEDULED,120,2.0
2026-10-08T03:26:17Z,6079J26503C3,6079J,,SCHEDULED,0,0.0
2026-10-08T03:26:17Z,6079J26502C3,6079J,,SCHEDULED,60,1.0
2026-10-08T03:26:17Z,6079J26600C3,6079J,,SCHEDULED,0,0.0
2026-10-08T03:26:17Z,6279J71100C2,6279J,,SCHEDULED,0,0.0
2026-10-08T03:26:17Z,6279J71150C2,6279J,,SCHEDULED,0,0.0
2026-10-08T03:26:17Z,6279J71102C2,6279J,,SCHEDULED,0,0.0
2026-10-08T03:26:17Z,2079J22000C1,2079J,,SCHEDULED,0,0.0
2026-10-08T03:26:17Z,2079J22200C2,2079J,,SCHEDULED,0,0.0
2026-10-08T03:26:17Z,2079J22101C1,2079J,,SCHEDULED,180,3.0
2026-10-08T03:26:17Z,2079J80851C6,2079J,,SCHEDULED,0,0.0
2026-10-08T03:26:17Z,2079J70900C8,2079J,,SCHEDULED,0,0.0
2026-10-08T03:26:17Z,2079J22103C1,2079J,,SCHEDULED,0,0.0
2026-10-08T03:26:17Z,2079J22303C3,2079J,,SCHEDULED,0,0.0
2026-10-08T03:26:17Z,2079J70200C4,2079J,,SCHEDULED,0,0.0
2026-10-08T03:26:17Z,2079J70750C6,2079J,,SCHEDULED,0,0.0
2026-10-08T03:26:17Z,2079J70400C5,2079J,,SCHEDULED,0,0.0
2026-10-08T03:26:17Z,2079J70751C6,2079J,,SCHEDULED,120,2.0
2026-10-08T03:26:17Z,2079J70501C7,2079J,,SCHEDULED,0,0.0
2026-10-08T03:26:17Z,2079J70753C6,2079J,,SCHEDULED,0,0.0
2026-10-08T03:26:17Z,2079J70500C7,2079J,,SCHEDULED,60,1.0
2026-10-08T03:26:17Z,4179J24700C1,4179J,,SCHEDULED,0,0.0
2026-10-08T03:26:17Z,4179J24701C1,4179J,,SCHEDULED,0,0.0
2026-10-08T03:26:17Z,1079J35973C2,1079J,,SCHEDULED,0,0.0
2026-10-08T03:26:17Z,1079J19800C1,1079J,,SCHEDULED,0,0.0
2026-10-08T03:26:17Z,1079J20005C3,1079J,,SCHEDULED,0,0.0
2026-10-08T03:26:17Z,1079J20203C4a,1079J,,SCHEDULED,300,5.0
2026-10-08T03:26:17Z,1079J20004C3,1079J,,SCHEDULED,0,0.0
2026-10-08T03:26:17Z,1079J19521C5,1079J,,SCHEDULED,0,0.0
2026-10-08T03:26:17Z,1079J21000C8a,1079J,,SCHEDULED,0,0.0
2026-10-08T03:26:17Z,1079J21605C2,1079J,,SCHEDULED,0,0.0
2026-10-08T03:26:17Z,1079J21603C2,1079J,,SCHEDULED,0,0.0
2026-10-08T03:26:17Z,1079J21800C7,1079J,,SCHEDULED,0,0.0
2026-10-08T03:26:17Z,1079J21601C2,1079J,,SCHEDULED,0,0.0
2026-10-08T03:26:17Z,1079J20207C4a,1079J,,SCHEDULED,0,0.0
2026-10-08T03:26:17Z,1079J20405C4b,1079J,,SCHEDULED,60,1.0
2026-10-08T03:26:17Z,1079J20007C3,1079J,,SCHEDULED,0,0.0
2026-10-08T03:26:17Z,1079J20403C4b,1079J,,SCHEDULED,180,3.0
2026-10-08T03:26:17Z,1079J20205C4a,1079J,,SCHEDULED,360,6.0
2026-10-08T03:26:17Z,1079J20402C4b,1079J,,SCHEDULED,0,0.0
2026-10-08T03:26:17Z,1079J20204C4,1079J,,SCHEDULED,0,0.0
2026-10-08T03:26:17Z,1079J20202C4,1079J,,SCHEDULED,180,3.0
2026-10-08T03:26:17Z,1079J20002C3,1079J,,SCHEDULED,120,2.0
2026-10-08T03:26:17Z,1079J20209C4a,1079J,,SCHEDULED,0,0.0
2026-10-08T03:26:17Z,1079J20407C4b,1079J,,SCHEDULED,360,6.0
2026-10-08T03:26:17Z,1079J20208C4,1079J,,SCHEDULED,0,0.0
2026-10-08T03:26:17Z,1079J21503C2,1079J,,SCHEDULED,0,0.0
2026-10-08T03:26:17Z,1079J19508C5,1079J,,SCHEDULED,0,0.0
2026-10-08T03:26:17Z,1079J19509C5,1079J,,SCHEDULED,0,0.0
2026-10-08T03:26:17Z,1079J19504C5,1079J,,SCHEDULED,0,0.0
2026-10-08T03:26:17Z,1079J19503C5,1079J,,SCHEDULED,0,0.0
2026-10-08T03:26:17Z,1079J19505C5,1079J,,SCHEDULED,0,0.0
2026-10-08T03:26:17Z,1079J19510C5,1079J,,SCHEDULED,0,0.0
2026-10-08T03:26:17Z,1079J19513C5,1079J,,SCHEDULED,0,0.0
2026-10-08T03:26:17Z,1079J19799C1,1079J,,SCHEDULED,0,0.0
2026-10-08T03:26:17Z,1079J20703C5,1079J,,SCHEDULED,0,0.0
2026-10-08T03:26:17Z,1079J20702C5,1079J,,SCHEDULED,660,11.0
2026-10-08T03:26:17Z,1079J19515C5,1079J,,SCHEDULED,0,0.0
2026-10-08T03:26:17Z,1079J21501C2,1079J,,SCHEDULED,120,2.0
2026-10-08T03:26:17Z,1079J21303C10,1079J,,SCHEDULED,600,10.0
2026-10-08T03:26:17Z,1079J20411C4b,1079J,,SCHEDULED,0,0.0
2026-10-08T03:26:17Z,1079J21500C2,1079J,,SCHEDULED,60,1.0
2026-10-08T03:26:17Z,1079J20212C4a,1079J,,SCHEDULED,0,0.0
2026-10-08T03:26:17Z,1079J19502C5,1079J,,SCHEDULED,0,0.0
2026-10-08T03:26:17Z,1079J21300C10,1079J,,SCHEDULED,120,2.0
2026-10-08T03:26:17Z,1079J21100C10,1079J,,SCHEDULED,0,0.0
2026-10-08T03:26:17Z,1079J21508C2,1079J,,SCHEDULED,0,0.0
2026-10-08T03:26:17Z,1079J21506C2,1079J,,SCHEDULED,0,0.0
2026-10-08T03:26:17Z,1079J21703C2,1079J,,SCHEDULED,120,2.0
2026-10-08T03:26:17Z,1079J21504C2,1079J,,SCHEDULED,0,0.0
2026-10-08T03:31:41Z,3079J23501C1,3079J,,SCHEDULED,-60,-1.0
2026-10-08T03:31:41Z,3079J23101C3,3079J,,SCHEDULED,0,0.0
2026-10-08T03:31:41Z,3179J23200C1,3179J,,SCHEDULED,0,0.0
2026-10-08T03:31:41Z,3179J23201C1,3179J,,SCHEDULED,0,0.0
2026-10-08T03:31:41Z,3179J23422T1,3179J,,SCHEDULED,0,0.0
2026-10-08T03:31:41Z,3279J23303C1,3279J,,SCHEDULED,60,1.0
2026-10-08T03:31:41Z,4079J24001C2,4079J,,SCHEDULED,0,0.0
2026-10-08T03:31:41Z,4079J24301C6,4079J,,SCHEDULED,0,0.0
2026-10-08T03:31:41Z,4079J80015C3,4079J,,SCHEDULED,0,0.0
2026-10-08T03:31:41Z,4079J24000C2,4079J,,SCHEDULED,0,0.0
2026-10-08T03:31:41Z,4079J24200C1,4079J,,SCHEDULED,0,0.0
2026-10-08T03:31:41Z,4079J24103C2,4079J,,SCHEDULED,0,0.0
2026-10-08T03:31:41Z,5179J28264R2S,5179J,,SCHEDULED,480,8.0
2026-10-08T03:31:41Z,5179J28263R2S,5179J,,SCHEDULED,60,1.0
2026-10-08T03:31:41Z,5179J28400R2N,5179J,,SCHEDULED,600,10.0
2026-10-08T03:31:41Z,5179J77400R4,5179J,,SCHEDULED,-60,-1.0
2026-10-08T03:31:41Z,5179J28402R2N,5179J,,SCHEDULED,0,0.0
2026-10-08T03:31:41Z,5179J28500R2,5179J,,SCHEDULED,120,2.0
2026-10-08T03:31:41Z,5179J77402R4,5179J,,SCHEDULED,-120,-2.0
2026-10-08T03:31:41Z,5179J28557R2N,5179J,,SCHEDULED,60,1.0
2026-10-08T03:31:41Z,5179J25602R1,5179J,,SCHEDULED,420,7.0
2026-10-08T03:31:41Z,5179J77702R4,5179J,,SCHEDULED,0,0.0
2026-10-08T03:31:41Z,5179J25604R1,5179J,,SCHEDULED,0,0.0
2026-10-08T03:31:41Z,5179J77504R4,5179J,,SCHEDULED,180,3.0
2026-10-08T03:31:41Z,5179J25702R1,5179J,,SCHEDULED,240,4.0
2026-10-08T03:31:41Z,5179J18120R16,5179J,,SCHEDULED,0,0.0
2026-10-08T03:31:41Z,5179J77506R4,5179J,,SCHEDULED,60,1.0
2026-10-08T03:31:41Z,5179J15000R15,5179J,,SCHEDULED,0,0.0
2026-10-08T03:31:41Z,5179J28404R2N,5179J,,SCHEDULED,0,0.0
2026-10-08T03:31:41Z,5179J77600R4,5179J,,SCHEDULED,180,3.0
2026-10-08T03:31:41Z,5179J25400R2,5179J,,SCHEDULED,780,13.0
2026-10-08T03:31:41Z,5179J77502R4,5179J,,SCHEDULED,1800,30.0
2026-10-08T03:31:41Z,6079J26101C1,6079J,,SCHEDULED,60,1.0
2026-10-08T03:31:41Z,6079J26102C1,6079J,,SCHEDULED,0,0.0
2026-10-08T03:31:41Z,6079J26003C2,6079J,,SCHEDULED,0,0.0
2026-10-08T03:31:41Z,6079J26002C2,6079J,,SCHEDULED,0,0.0
2026-10-08T03:31:41Z,6079J26500C3,6079J,,SCHEDULED,120,2.0
2026-10-08T03:31:41Z,6079J71501C4,6079J,,SCHEDULED,0,0.0
2026-10-08T03:31:41Z,6079J26001C2,6079J,,SCHEDULED,120,2.0
2026-10-08T03:31:41Z,6079J26000C2,6079J,,SCHEDULED,60,1.0
2026-10-08T03:31:41Z,6079J26103C1,6079J,,SCHEDULED,0,0.0
2026-10-08T03:31:41Z,6079J26501C3,6079J,,SCHEDULED,-60,-1.0
2026-10-08T03:31:41Z,6079J26502C3,6079J,,SCHEDULED,60,1.0
2026-10-08T03:31:41Z,6079J26503C3,6079J,,SCHEDULED,0,0.0
2026-10-08T03:31:41Z,6079J26600C3,6079J,,SCHEDULED,0,0.0
2026-10-08T03:31:41Z,6179J35612C1,6179J,,SCHEDULED,0,0.0
2026-10-08T03:31:41Z,6179J35663C1,6179J,,SCHEDULED,0,0.0
2026-10-08T03:31:41Z,6179J35688C1,6179J,,SCHEDULED,1080,18.0
2026-10-08T03:31:41Z,6279J71152C2,6279J,,SCHEDULED,0,0.0
2026-10-08T03:31:41Z,6279J71351C3,6279J,,SCHEDULED,0,0.0
2026-10-08T03:31:41Z,6279J71102C2,6279J,,SCHEDULED,0,0.0
2026-10-08T03:31:41Z,4779J71091C1,4779J,,SCHEDULED,0,0.0
2026-10-08T03:31:41Z,2079J22000C1,2079J,,SCHEDULED,0,0.0
2026-10-08T03:31:41Z,2079J22200C2,2079J,,SCHEDULED,0,0.0
2026-10-08T03:31:41Z,2079J22101C1,2079J,,SCHEDULED,300,5.0
2026-10-08T03:31:41Z,2079J80851C6,2079J,,SCHEDULED,0,0.0
2026-10-08T03:31:41Z,2079J70900C8,2079J,,SCHEDULED,0,0.0
2026-10-08T03:31:41Z,2079J22103C1,2079J,,SCHEDULED,0,0.0
2026-10-08T03:31:41Z,2079J22303C3,2079J,,SCHEDULED,0,0.0
2026-10-08T03:31:41Z,2079J70500C7,2079J,,SCHEDULED,360,6.0
2026-10-08T03:31:41Z,2079J70200C4,2079J,,SCHEDULED,0,0.0
2026-10-08T03:31:41Z,2079J70750C6,2079J,,SCHEDULED,0,0.0
2026-10-08T03:31:41Z,2079J70400C5,2079J,,SCHEDULED,60,1.0
2026-10-08T03:31:41Z,2079J70501C7,2079J,,SCHEDULED,0,0.0
2026-10-08T03:31:41Z,2079J70401C5,2079J,,SCHEDULED,0,0.0
2026-10-08T03:31:41Z,2079J70753C6,2079J,,SCHEDULED,0,0.0
2026-10-08T03:31:41Z,4179J84901C2,4179J,,SCHEDULED,0,0.0
2026-10-08T03:31:41Z,4179J24701C1,4179J,,SCHEDULED,0,0.0
2026-10-08T03:31:41Z,4179J24700C1,4179J,,SCHEDULED,0,0.0
2026-10-08T03:31:41Z,1079J21000C8a,1079J,,SCHEDULED,0,0.0
2026-10-08T03:31:41Z,1079J21605C2,1079J,,SCHEDULED,0,0.0
2026-10-08T03:31:41Z,1079J21603C2,1079J,,SCHEDULED,60,1.0
2026-10-08T03:31:41Z,1079J21800C7,1079J,,SCHEDULED,0,0.0
2026-10-08T03:31:41Z,1079J21601C2,1079J,,SCHEDULED,120,2.0
2026-10-08T03:31:41Z,1079J19800C1,1079J,,SCHEDULED,0,0.0
2026-10-08T03:31:41Z,1079J19803C1,1079J,,SCHEDULED,0,0.0
2026-10-08T03:31:41Z,1079J19527C5,1079J,,SCHEDULED,0,0.0
2026-10-08T03:31:41Z,1079J20005C3,1079J,,SCHEDULED,0,0.0
2026-10-08T03:31:41Z,1079J20004C3,1079J,,SCHEDULED,120,2.0
2026-10-08T03:31:41Z,1079J20202C4,1079J,,SCHEDULED,60,1.0
2026-10-08T03:31:41Z,1079J20405C4b,1079J,,SCHEDULED,240,4.0
2026-10-08T03:31:41Z,1079J20007C3,1079J,,SCHEDULED,0,0.0
2026-10-08T03:31:41Z,1079J20403C4b,1079J,,SCHEDULED,540,9.0
2026-10-08T03:31:41Z,1079J20205C4a,1079J,,SCHEDULED,60,1.0
2026-10-08T03:31:41Z,1079J20600C8b,1079J,,SCHEDULED,0,0.0
2026-10-08T03:31:41Z,1079J20006C3,1079J,,SCHEDULED,0,0.0
2026-10-08T03:31:41Z,1079J20402C4b,1079J,,SCHEDULED,0,0.0
2026-10-08T03:31:41Z,1079J20204C4,1079J,,SCHEDULED,60,1.0
2026-10-08T03:31:41Z,1079J20003C3,1079J,,SCHEDULED,240,4.0
2026-10-08T03:31:41Z,1079J20409C4b,1079J,,SCHEDULED,0,0.0
2026-10-08T03:31:41Z,1079J20209C4a,1079J,,SCHEDULED,0,0.0
2026-10-08T03:31:41Z,1079J20407C4b,1079J,,SCHEDULED,660,11.0
2026-10-08T03:31:41Z,1079J20208C4,1079J,,SCHEDULED,0,0.0
2026-10-08T03:31:41Z,1079J20207C4a,1079J,,SCHEDULED,0,0.0
2026-10-08T03:31:41Z,1079J19508C5,1079J,,SCHEDULED,0,0.0
2026-10-08T03:31:41Z,1079J19509C5,1079J,,SCHEDULED,0,0.0
2026-10-08T03:31:41Z,1079J19504C5,1079J,,SCHEDULED,0,0.0
2026-10-08T03:31:41Z,1079J19503C5,1079J,,SCHEDULED,0,0.0
2026-10-08T03:31:41Z,1079J21501C2,1079J,,SCHEDULED,180,3.0
2026-10-08T03:31:41Z,1079J21303C10,1079J,,SCHEDULED,960,16.0
2026-10-08T03:31:41Z,1079J19505C5,1079J,,SCHEDULED,0,0.0
2026-10-08T03:31:41Z,1079J19510C5,1079J,,SCHEDULED,0,0.0
2026-10-08T03:31:41Z,1079J19513C5,1079J,,SCHEDULED,0,0.0
2026-10-08T03:31:41Z,1079J20411C4b,1079J,,SCHEDULED,0,0.0
2026-10-08T03:31:41Z,1079J19799C1,1079J,,SCHEDULED,60,1.0
2026-10-08T03:31:41Z,1079J19512C5,1079J,,SCHEDULED,0,0.0
2026-10-08T03:31:41Z,1079J21500C2,1079J,,SCHEDULED,180,3.0
2026-10-08T03:31:41Z,1079J20703C5,1079J,,SCHEDULED,0,0.0
2026-10-08T03:31:41Z,1079J20212C4a,1079J,,SCHEDULED,-60,-1.0
2026-10-08T03:31:41Z,1079J20702C5,1079J,,SCHEDULED,0,0.0
2026-10-08T03:31:41Z,1079J19515C5,1079J,,SCHEDULED,0,0.0
2026-10-08T03:31:41Z,1079J19521C5,1079J,,SCHEDULED,0,0.0
2026-10-08T03:31:41Z,1079J19502C5,1079J,,SCHEDULED,0,0.0
2026-10-08T03:31:41Z,1079J20211C4a,1079J,,SCHEDULED,0,0.0
2026-10-08T03:31:41Z,1079J21001C8a,1079J,,SCHEDULED,0,0.0
2026-10-08T03:31:41Z,1079J21300C10,1079J,,SCHEDULED,120,2.0
2026-10-08T03:31:41Z,1079J21508C2,1079J,,SCHEDULED,-120,-2.0
2026-10-08T03:31:41Z,1079J21506C2,1079J,,SCHEDULED,0,0.0
2026-10-08T03:31:41Z,1079J21504C2,1079J,,SCHEDULED,0,0.0
2026-10-08T03:31:41Z,1079J21503C2,1079J,,SCHEDULED,0,0.0
2026-10-08T03:31:41Z,1079J20413C4b,1079J,,SCHEDULED,0,0.0
2026-10-08T03:36:20Z,3079J23500C1,3079J,,SCHEDULED,240,4.0
2026-10-08T03:36:20Z,3079J23501C1,3079J,,SCHEDULED,0,0.0
2026-10-08T03:36:20Z,3079J23101C3,3079J,,SCHEDULED,60,1.0
2026-10-08T03:36:20Z,3179J23201C1,3179J,,SCHEDULED,0,0.0
2026-10-08T03:36:20Z,3179J23200C1,3179J,,SCHEDULED,0,0.0
2026-10-08T03:36:20Z,3179J23422T1,3179J,,SCHEDULED,0,0.0
2026-10-08T03:36:20Z,3279J23303C1,3279J,,SCHEDULED,60,1.0
2026-10-08T03:36:20Z,4079J24001C2,4079J,,SCHEDULED,0,0.0
2026-10-08T03:36:20Z,4079J24200C1,4079J,,SCHEDULED,0,0.0
2026-10-08T03:36:20Z,4079J24201C1,4079J,,SCHEDULED,0,0.0
2026-10-08T03:36:20Z,4079J24103C2,4079J,,SCHEDULED,0,0.0
2026-10-08T03:36:20Z,4079J80015C3,4079J,,SCHEDULED,0,0.0
2026-10-08T03:36:20Z,4079J24380C6,4079J,,SCHEDULED,0,0.0
2026-10-08T03:36:20Z,4079J24000C2,4079J,,SCHEDULED,180,3.0
2026-10-08T03:36:20Z,4079J24301C6,4079J,,SCHEDULED,0,0.0
2026-10-08T03:36:20Z,5179J25604R1,5179J,,SCHEDULED,0,0.0
2026-10-08T03:36:20Z,5179J28264R2S,5179J,,SCHEDULED,420,7.0
2026-10-08T03:36:20Z,5179J28263R2S,5179J,,SCHEDULED,-180,-3.0
2026-10-08T03:36:20Z,5179J28400R2N,5179J,,SCHEDULED,600,10.0
2026-10-08T03:36:20Z,5179J77400R4,5179J,,SCHEDULED,0,0.0
2026-10-08T03:36:20Z,5179J28500R2,5179J,,SCHEDULED,120,2.0
2026-10-08T03:36:20Z,5179J77602R4,5179J,,SCHEDULED,0,0.0
2026-10-08T03:36:20Z,5179J77702R4,5179J,,SCHEDULED,0,0.0
2026-10-08T03:36:20Z,5179J77506R4,5179J,,SCHEDULED,-60,-1.0
2026-10-08T03:36:20Z,5179J77402R4,5179J,,SCHEDULED,0,0.0
2026-10-08T03:36:20Z,5179J77600R4,5179J,,SCHEDULED,240,4.0
2026-10-08T03:36:20Z,5179J25702R1,5179J,,SCHEDULED,300,5.0
2026-10-08T03:36:20Z,5179J77502R4,5179J,,SCHEDULED,1800,30.0
2026-10-08T03:36:20Z,5179J15000R15,5179J,,SCHEDULED,0,0.0
2026-10-08T03:36:20Z,5179J18120R16,5179J,,SCHEDULED,0,0.0
2026-10-08T03:36:20Z,5179J25400R2,5179J,,SCHEDULED,780,13.0
2026-10-08T03:36:20Z,5179J25602R1,5179J,,SCHEDULED,360,6.0
2026-10-08T03:36:20Z,5179J28404R2N,5179J,,SCHEDULED,0,0.0
2026-10-08T03:36:20Z,5179J25601R1,5179J,,SCHEDULED,0,0.0
2026-10-08T03:36:20Z,5179J28402R2N,5179J,,SCHEDULED,120,2.0
2026-10-08T03:36:20Z,6079J26502C3,6079J,,SCHEDULED,0,0.0
2026-10-08T03:36:20Z,6079J26503C3,6079J,,SCHEDULED,120,2.0
2026-10-08T03:36:20Z,6079J26600C3,6079J,,SCHEDULED,60,1.0
2026-10-08T03:36:20Z,6079J26001C2,6079J,,SCHEDULED,180,3.0
2026-10-08T03:36:20Z,6079J26501C3,6079J,,SCHEDULED,-60,-1.0
2026-10-08T03:36:20Z,6079J26000C2,6079J,,SCHEDULED,0,0.0
2026-10-08T03:36:20Z,6079J26002C2,6079J,,SCHEDULED,60,1.0
2026-10-08T03:36:20Z,6079J26504C3,6079J,,SCHEDULED,0,0.0
2026-10-08T03:36:20Z,6079J71501C4,6079J,,SCHEDULED,0,0.0
2026-10-08T03:36:20Z,6079J26101C1,6079J,,SCHEDULED,60,1.0
2026-10-08T03:36:20Z,6079J26500C3,6079J,,SCHEDULED,0,0.0
2026-10-08T03:36:20Z,6079J26102C1,6079J,,SCHEDULED,0,0.0
2026-10-08T03:36:20Z,6079J26003C2,6079J,,SCHEDULED,60,1.0
2026-10-08T03:36:20Z,6079J26103C1,6079J,,SCHEDULED,0,0.0
2026-10-08T03:36:20Z,6179J35612C1,6179J,,SCHEDULED,180,3.0
2026-10-08T03:36:20Z,6179J35663C1,6179J,,SCHEDULED,0,0.0
2026-10-08T03:36:20Z,6179J35688C1,6179J,,SCHEDULED,1080,18.0
2026-10-08T03:36:20Z,6279J71152C2,6279J,,SCHEDULED,0,0.0
2026-10-08T03:36:20Z,6279J71351C3,6279J,,SCHEDULED,0,0.0
2026-10-08T03:36:20Z,6279J71100C2,6279J,,SCHEDULED,120,2.0
2026-10-08T03:36:20Z,6279J71102C2,6279J,,SCHEDULED,0,0.0
2026-10-08T03:36:20Z,4779J71091C1,4779J,,SCHEDULED,0,0.0
2026-10-08T03:36:20Z,4779J71080C1,4779J,,SCHEDULED,0,0.0
2026-10-08T03:36:20Z,2079J22200C2,2079J,,SCHEDULED,0,0.0
2026-10-08T03:36:20Z,2079J70400C5,2079J,,SCHEDULED,0,0.0
2026-10-08T03:36:20Z,2079J22000C1,2079J,,SCHEDULED,0,0.0
2026-10-08T03:36:20Z,2079J80851C6,2079J,,SCHEDULED,0,0.0
2026-10-08T03:36:20Z,2079J70900C8,2079J,,SCHEDULED,0,0.0
2026-10-08T03:36:20Z,2079J22103C1,2079J,,SCHEDULED,180,3.0
2026-10-08T03:36:20Z,2079J22303C3,2079J,,SCHEDULED,0,0.0
2026-10-08T03:36:20Z,2079J70500C7,2079J,,SCHEDULED,660,11.0
2026-10-08T03:36:20Z,2079J70200C4,2079J,,SCHEDULED,0,0.0
2026-10-08T03:36:20Z,2079J70501C7,2079J,,SCHEDULED,0,0.0
2026-10-08T03:36:20Z,2079J70750C6,2079J,,SCHEDULED,300,5.0
2026-10-08T03:36:20Z,2079J70401C5,2079J,,SCHEDULED,0,0.0
2026-10-08T03:36:20Z,2079J70752C6,2079J,,SCHEDULED,0,0.0
2026-10-08T03:36:20Z,2079J70753C6,2079J,,SCHEDULED,0,0.0
2026-10-08T03:36:20Z,4179J84901C2,4179J,,SCHEDULED,0,0.0
2026-10-08T03:36:20Z,4179J84900C2,4179J,,SCHEDULED,0,0.0
2026-10-08T03:36:20Z,4179J24701C1,4179J,,SCHEDULED,0,0.0
2026-10-08T03:36:20Z,4179J24700C1,4179J,,SCHEDULED,0,0.0
2026-10-08T03:36:20Z,1079J19800C1,1079J,,SCHEDULED,0,0.0
2026-10-08T03:36:20Z,1079J19508C5,1079J,,SCHEDULED,180,3.0
2026-10-08T03:36:20Z,1079J19803C1,1079J,,SCHEDULED,0,0.0
2026-10-08T03:36:20Z,1079J19527C5,1079J,,SCHEDULED,0,0.0
2026-10-08T03:36:20Z,1079J20005C3,1079J,,SCHEDULED,0,0.0
2026-10-08T03:36:20Z,1079J19509C5,1079J,,SCHEDULED,0,0.0
2026-10-08T03:36:20Z,1079J20004C3,1079J,,SCHEDULED,180,3.0
2026-10-08T03:36:20Z,1079J20202C4,1079J,,SCHEDULED,0,0.0
2026-10-08T03:36:20Z,1079J19504C5,1079J,,SCHEDULED,0,0.0
2026-10-08T03:36:20Z,1079J20003C3,1079J,,SCHEDULED,240,4.0
2026-10-08T03:36:20Z,1079J19503C5,1079J,,SCHEDULED,0,0.0
2026-10-08T03:36:20Z,1079J21001C8a,1079J,,SCHEDULED,0,0.0
2026-10-08T03:36:20Z,1079J19505C5,1079J,,SCHEDULED,0,0.0
2026-10-08T03:36:20Z,1079J19510C5,1079J,,SCHEDULED,0,0.0
2026-10-08T03:36:20Z,1079J21000C8a,1079J,,SCHEDULED,0,0.0
2026-10-08T03:36:20Z,1079J21605C2,1079J,,SCHEDULED,0,0.0
2026-10-08T03:36:20Z,1079J21510C2,1079J,,SCHEDULED,0,0.0
2026-10-08T03:36:20Z,1079J19513C5,1079J,,SCHEDULED,0,0.0
2026-10-08T03:36:20Z,1079J19799C1,1079J,,SCHEDULED,120,2.0
2026-10-08T03:36:20Z,1079J21603C2,1079J,,SCHEDULED,120,2.0
2026-10-08T03:36:20Z,1079J19512C5,1079J,,SCHEDULED,0,0.0
2026-10-08T03:36:20Z,1079J21800C7,1079J,,SCHEDULED,0,0.0
2026-10-08T03:36:20Z,1079J21601C2,1079J,,SCHEDULED,120,2.0
2026-10-08T03:36:20Z,1079J20704C5,1079J,,SCHEDULED,0,0.0
2026-10-08T03:36:20Z,1079J35975C2,1079J,,SCHEDULED,0,0.0
2026-10-08T03:36:20Z,1079J20207C4a,1079J,,SCHEDULED,0,0.0
2026-10-08T03:36:20Z,1079J20703C5,1079J,,SCHEDULED,0,0.0
2026-10-08T03:36:20Z,1079J20405C4b,1079J,,SCHEDULED,180,3.0
2026-10-08T03:36:20Z,1079J20702C5,1079J,,SCHEDULED,60,1.0
2026-10-08T03:36:20Z,1079J20206C4,1079J,,SCHEDULED,0,0.0
2026-10-08T03:36:20Z,1079J19515C5,1079J,,SCHEDULED,0,0.0
2026-10-08T03:36:20Z,1079J20007C3,1079J,,SCHEDULED,0,0.0
2026-10-08T03:36:20Z,1079J19521C5,1079J,,SCHEDULED,0,0.0
2026-10-08T03:36:20Z,1079J20205C4a,1079J,,SCHEDULED,240,4.0
2026-10-08T03:36:20Z,1079J21200C10,1079J,,SCHEDULED,0,0.0
2026-10-08T03:36:20Z,1079J20600C8b,1079J,,SCHEDULED,0,0.0
2026-10-08T03:36:20Z,1079J20006C3,1079J,,SCHEDULED,0,0.0
2026-10-08T03:36:20Z,1079J21303C10,1079J,,SCHEDULED,0,0.0
2026-10-08T03:36:20Z,1079J20402C4b,1079J,,SCHEDULED,120,2.0
2026-10-08T03:36:20Z,1079J20204C4,1079J,,SCHEDULED,0,0.0
2026-10-08T03:36:20Z,1079J20002C3,1079J,,SCHEDULED,180,3.0
2026-10-08T03:36:20Z,1079J21501C2,1079J,,SCHEDULED,180,3.0
2026-10-08T03:36:20Z,1079J19531C5,1079J,,SCHEDULED,0,0.0
2026-10-08T03:36:20Z,1079J20409C4b,1079J,,SCHEDULED,0,0.0
2026-10-08T03:36:20Z,1079J20411C4b,1079J,,SCHEDULED,0,0.0
2026-10-08T03:36:20Z,1079J20209C4a,1079J,,SCHEDULED,300,5.0
2026-10-08T03:36:20Z,1079J21500C2,1079J,,SCHEDULED,240,4.0
2026-10-08T03:36:20Z,1079J20212C4a,1079J,,SCHEDULED,240,4.0
2026-10-08T03:36:20Z,1079J20407C4b,1079J,,SCHEDULED,600,10.0
2026-10-08T03:36:20Z,1079J19502C5,1079J,,SCHEDULED,0,0.0
2026-10-08T03:36:20Z,1079J20406C4b,1079J,,SCHEDULED,0,0.0
2026-10-08T03:36:20Z,1079J20211C4a,1079J,,SCHEDULED,0,0.0
2026-10-08T03:36:20Z,1079J20208C4,1079J,,SCHEDULED,60,1.0
2026-10-08T03:36:20Z,1079J20009C3,1079J,,SCHEDULED,0,0.0
2026-10-08T03:36:20Z,1079J21300C10,1079J,,SCHEDULED,0,0.0
2026-10-08T03:36:20Z,1079J21100C10,1079J,,SCHEDULED,120,2.0
2026-10-08T03:36:20Z,1079J21508C2,1079J,,SCHEDULED,120,2.0
2026-10-08T03:36:20Z,1079J21506C2,1079J,,SCHEDULED,0,0.0
2026-10-08T03:36:20Z,1079J21504C2,1079J,,SCHEDULED,60,1.0
2026-10-08T03:36:20Z,1079J20216C4a,1079J,,SCHEDULED,0,0.0
2026-10-08T03:36:20Z,1079J21503C2,1079J,,SCHEDULED,60,1.0
2026-10-08T03:36:20Z,1079J20413C4b,1079J,,SCHEDULED,0,0.0
2026-10-08T03:41:27Z,3079J23501C1,3079J,,SCHEDULED,-60,-1.0
2026-10-08T03:41:27Z,3079J23502C1,3079J,,SCHEDULED,0,0.0
2026-10-08T03:41:27Z,3079J23601C4,3079J,,SCHEDULED,0,0.0
2026-10-08T03:41:27Z,3079J23500C1,3079J,,SCHEDULED,180,3.0
2026-10-08T03:41:27Z,3079J23504C1,3079J,,SCHEDULED,0,0.0
2026-10-08T03:41:27Z,3079J23101C3,3079J,,SCHEDULED,60,1.0
2026-10-08T03:41:27Z,3179J23201C1,3179J,,SCHEDULED,0,0.0
2026-10-08T03:41:27Z,3179J23422T1,3179J,,SCHEDULED,0,0.0
2026-10-08T03:41:27Z,3179J23200C1,3179J,,SCHEDULED,0,0.0
2026-10-08T03:41:27Z,3279J23303C1,3279J,,SCHEDULED,120,2.0
2026-10-08T03:41:27Z,4079J24200C1,4079J,,SCHEDULED,0,0.0
2026-10-08T03:41:27Z,4079J24201C1,4079J,,SCHEDULED,0,0.0
2026-10-08T03:41:27Z,4079J24103C2,4079J,,SCHEDULED,300,5.0
2026-10-08T03:41:27Z,4079J24301C6,4079J,,SCHEDULED,0,0.0
2026-10-08T03:41:27Z,4079J24001C2,4079J,,SCHEDULED,120,2.0
2026-10-08T03:41:27Z,4079J24002C2,4079J,,SCHEDULED,0,0.0
2026-10-08T03:41:27Z,4079J24380C6,4079J,,SCHEDULED,0,0.0
2026-10-08T03:41:27Z,4079J24000C2,4079J,,SCHEDULED,240,4.0
2026-10-08T03:41:27Z,5179J28404R2N,5179J,,SCHEDULED,0,0.0
2026-10-08T03:41:27Z,5179J28402R2N,5179J,,SCHEDULED,180,3.0
2026-10-08T03:41:27Z,5179J28264R2S,5179J,,SCHEDULED,420,7.0
2026-10-08T03:41:27Z,5179J28263R2S,5179J,,SCHEDULED,-60,-1.0
2026-10-08T03:41:27Z,5179J28400R2N,5179J,,SCHEDULED,600,10.0
2026-10-08T03:41:27Z,5179J77400R4,5179J,,SCHEDULED,300,5.0
2026-10-08T03:41:27Z,5179J28500R2,5179J,,SCHEDULED,180,3.0
2026-10-08T03:41:27Z,5179J77402R4,5179J,,SCHEDULED,0,0.0
2026-10-08T03:41:27Z,5179J77600R4,5179J,,SCHEDULED,240,4.0
2026-10-08T03:41:27Z,5179J77502R4,5179J,,SCHEDULED,1680,28.0
2026-10-08T03:41:27Z,5179J77404R4,5179J,,SCHEDULED,0,0.0
2026-10-08T03:41:27Z,5179J77602R4,5179J,,SCHEDULED,0,0.0
2026-10-08T03:41:27Z,5179J77510R4,5179J,,SCHEDULED,0,0.0
2026-10-08T03:41:27Z,5179J77702R4,5179J,,SCHEDULED,0,0.0
2026-10-08T03:41:27Z,5179J77504R4,5179J,,SCHEDULED,540,9.0
2026-10-08T03:41:27Z,5179J15720R11,5179J,,CANCELED,,
2026-10-08T03:41:27Z,5179J77506R4,5179J,,SCHEDULED,0,0.0
2026-10-08T03:41:27Z,5179J33520RL4,5179J,,SCHEDULED,240,4.0
2026-10-08T03:41:27Z,5179J35518R3,5179J,,SCHEDULED,0,0.0
2026-10-08T03:41:27Z,5179J15000R15,5179J,,SCHEDULED,0,0.0
2026-10-08T03:41:27Z,5179J15250RG1,5179J,,SCHEDULED,0,0.0
2026-10-08T03:41:27Z,5179J18120R16,5179J,,SCHEDULED,0,0.0
2026-10-08T03:41:27Z,5179J15772R11,5179J,,CANCELED,,
2026-10-08T03:41:27Z,5179J25400R2,5179J,,SCHEDULED,780,13.0
2026-10-08T03:41:27Z,5179J28556R2N,5179J,,SCHEDULED,60,1.0
2026-10-08T03:41:27Z,5179J25602R1,5179J,,SCHEDULED,300,5.0
2026-10-08T03:41:27Z,5179J25601R1,5179J,,SCHEDULED,0,0.0
2026-10-08T03:41:27Z,5179J25604R1,5179J,,SCHEDULED,120,2.0
2026-10-08T03:41:27Z,5179J25702R1,5179J,,SCHEDULED,180,3.0
2026-10-08T03:41:27Z,6079J26504C3,6079J,,SCHEDULED,0,0.0
2026-10-08T03:41:27Z,6079J26103C1,6079J,,SCHEDULED,0,0.0
2026-10-08T03:41:27Z,6079J26503C3,6079J,,SCHEDULED,180,3.0
2026-10-08T03:41:27Z,6079J26001C2,6079J,,SCHEDULED,120,2.0
2026-10-08T03:41:27Z,6079J26502C3,6079J,,SCHEDULED,0,0.0
2026-10-08T03:41:27Z,6079J26000C2,6079J,,SCHEDULED,60,1.0
2026-10-08T03:41:27Z,6079J26600C3,6079J,,SCHEDULED,60,1.0
2026-10-08T03:41:27Z,6079J26102C1,6079J,,SCHEDULED,120,2.0
2026-10-08T03:41:27Z,6079J26501C3,6079J,,SCHEDULED,0,0.0
2026-10-08T03:41:27Z,6079J26003C2,6079J,,SCHEDULED,0,0.0
2026-10-08T03:41:27Z,6079J26002C2,6079J,,SCHEDULED,120,2.0
2026-10-08T03:41:27Z,6079J71501C4,6079J,,SCHEDULED,0,0.0
2026-10-08T03:41:27Z,6079J26005C2,6079J,,SCHEDULED,0,0.0
2026-10-08T03:41:27Z,6079J26101C1,6079J,,SCHEDULED,120,2.0
2026-10-08T03:41:27Z,6079J26500C3,6079J,,SCHEDULED,60,1.0
2026-10-08T03:41:27Z,6079J26004C2,6079J,,SCHEDULED,0,0.0
2026-10-08T03:41:27Z,6179J35612C1,6179J,,SCHEDULED,-60,-1.0
2026-10-08T03:41:27Z,6179J35663C1,6179J,,SCHEDULED,0,0.0
2026-10-08T03:41:27Z,6179J35688C1,6179J,,SCHEDULED,1020,17.0
2026-10-08T03:41:27Z,6279J71152C2,6279J,,SCHEDULED,0,0.0
2026-10-08T03:41:27Z,6279J71351C3,6279J,,SCHEDULED,0,0.0
2026-10-08T03:41:27Z,6279J71102C2,6279J,,SCHEDULED,60,1.0
2026-10-08T03:41:27Z,4779J71091C1,4779J,,SCHEDULED,0,0.0
2026-10-08T03:41:27Z,4779J71080C1,4779J,,SCHEDULED,0,0.0
2026-10-08T03:41:27Z,2079J22000C1,2079J,,SCHEDULED,0,0.0
2026-10-08T03:41:27Z,2079J22200C2,2079J,,SCHEDULED,0,0.0
2026-10-08T03:41:27Z,2079J22101C1,2079J,,SCHEDULED,480,8.0
2026-10-08T03:41:27Z,2079J22004C1,2079J,,SCHEDULED,0,0.0
2026-10-08T03:41:27Z,2079J80851C6,2079J,,SCHEDULED,0,0.0
2026-10-08T03:41:27Z,2079J70801C6,2079J,,SCHEDULED,0,0.0
2026-10-08T03:41:27Z,2079J70900C8,2079J,,SCHEDULED,240,4.0
2026-10-08T03:41:27Z,2079J22103C1,2079J,,SCHEDULED,480,8.0
2026-10-08T03:41:27Z,2079J22303C3,2079J,,SCHEDULED,0,0.0
2026-10-08T03:41:27Z,2079J70502C7,2079J,,SCHEDULED,0,0.0
2026-10-08T03:41:27Z,2079J70200C4,2079J,,SCHEDULED,0,0.0
2026-10-08T03:41:27Z,2079J70752C6,2079J,,SCHEDULED,0,0.0
2026-10-08T03:41:27Z,2079J70400C5,2079J,,SCHEDULED,180,3.0
2026-10-08T03:41:27Z,2079J70501C7,2079J,,CANCELED,,
2026-10-08T03:41:27Z,2079J70401C5,2079J,,SCHEDULED,0,0.0
2026-10-08T03:41:27Z,2079J70753C6,2079J,,SCHEDULED,0,0.0
2026-10-08T03:41:27Z,2079J70500C7,2079J,,CANCELED,,
2026-10-08T03:41:27Z,4179J84901C2,4179J,,SCHEDULED,0,0.0
2026-10-08T03:41:27Z,4179J24701C1,4179J,,SCHEDULED,0,0.0
2026-10-08T03:41:27Z,4179J24700C1,4179J,,CANCELED,,
2026-10-08T03:41:27Z,4179J84900C2,4179J,,SCHEDULED,0,0.0
2026-10-08T03:41:27Z,1079J35973C2,1079J,,SCHEDULED,60,1.0
2026-10-08T03:41:27Z,1079J36305C10,1079J,,SCHEDULED,0,0.0
2026-10-08T03:41:27Z,1079J19800C1,1079J,,SCHEDULED,0,0.0
2026-10-08T03:41:27Z,1079J19803C1,1079J,,SCHEDULED,0,0.0
2026-10-08T03:41:27Z,1079J19527C5,1079J,,SCHEDULED,0,0.0
2026-10-08T03:41:27Z,1079J20005C3,1079J,,SCHEDULED,180,3.0
2026-10-08T03:41:27Z,1079J20004C3,1079J,,SCHEDULED,240,4.0
2026-10-08T03:41:27Z,1079J20202C4,1079J,,SCHEDULED,0,0.0
2026-10-08T03:41:27Z,1079J20003C3,1079J,,SCHEDULED,240,4.0
2026-10-08T03:41:27Z,1079J19508C5,1079J,,SCHEDULED,0,0.0
2026-10-08T03:41:27Z,1079J20405C4b,1079J,,SCHEDULED,120,2.0
2026-10-08T03:41:27Z,1079J20206C4,1079J,,SCHEDULED,0,0.0
2026-10-08T03:41:27Z,1079J20007C3,1079J,,SCHEDULED,0,0.0
2026-10-08T03:41:27Z,1079J19509C5,1079J,,SCHEDULED,0,0.0
2026-10-08T03:41:27Z,1079J20205C4a,1079J,,SCHEDULED,0,0.0
2026-10-08T03:41:27Z,1079J20600C8b,1079J,,SCHEDULED,0,0.0
2026-10-08T03:41:27Z,1079J19504C5,1079J,,SCHEDULED,0,0.0
2026-10-08T03:41:27Z,1079J20006C3,1079J,,SCHEDULED,0,0.0
2026-10-08T03:41:27Z,1079J20402C4b,1079J,,SCHEDULED,480,8.0
2026-10-08T03:41:27Z,1079J19503C5,1079J,,SCHEDULED,0,0.0
2026-10-08T03:41:27Z,1079J20204C4,1079J,,SCHEDULED,60,1.0
2026-10-08T03:41:27Z,1079J21807C7,1079J,,SCHEDULED,0,0.0
2026-10-08T03:41:27Z,1079J19505C5,1079J,,SCHEDULED,0,0.0
2026-10-08T03:41:27Z,1079J35809C7,1079J,,SCHEDULED,0,0.0
2026-10-08T03:41:27Z,1079J21512C2,1079J,,SCHEDULED,0,0.0
2026-10-08T03:41:27Z,1079J19510C5,1079J,,SCHEDULED,0,0.0
2026-10-08T03:41:27Z,1079J20002C3,1079J,,SCHEDULED,180,3.0
2026-10-08T03:41:27Z,1079J21510C2,1079J,,SCHEDULED,0,0.0
2026-10-08T03:41:27Z,1079J19513C5,1079J,,SCHEDULED,0,0.0
2026-10-08T03:41:27Z,1079J19531C5,1079J,,SCHEDULED,0,0.0
2026-10-08T03:41:27Z,1079J19799C1,1079J,,SCHEDULED,60,1.0
2026-10-08T03:41:27Z,1079J19512C5,1079J,,SCHEDULED,0,0.0
2026-10-08T03:41:27Z,1079J20409C4b,1079J,,SCHEDULED,0,0.0
2026-10-08T03:41:27Z,1079J20706C5,1079J,,SCHEDULED,0,0.0
2026-10-08T03:41:27Z,1079J20209C4a,1079J,,SCHEDULED,600,10.0
2026-10-08T03:41:27Z,1079J20704C5,1079J,,SCHEDULED,0,0.0
2026-10-08T03:41:27Z,1079J20703C5,1079J,,SCHEDULED,0,0.0
2026-10-08T03:41:27Z,1079J20407C4b,1079J,,SCHEDULED,600,10.0
2026-10-08T03:41:27Z,1079J20702C5,1079J,,SCHEDULED,60,1.0
2026-10-08T03:41:27Z,1079J19515C5,1079J,,SCHEDULED,0,0.0
2026-10-08T03:41:27Z,1079J19521C5,1079J,,SCHEDULED,0,0.0
2026-10-08T03:41:27Z,1079J21200C10,1079J,,SCHEDULED,0,0.0
2026-10-08T03:41:27Z,1079J20406C4b,1079J,,SCHEDULED,0,0.0
2026-10-08T03:41:27Z,1079J20208C4,1079J,,SCHEDULED,420,7.0
2026-10-08T03:41:27Z,1079J21303C10,1079J,,SCHEDULED,0,0.0
2026-10-08T03:41:27Z,1079J20009C3,1079J,,SCHEDULED,0,0.0
2026-10-08T03:41:27Z,1079J21501C2,1079J,,SCHEDULED,120,2.0
2026-10-08T03:41:27Z,1079J20207C4a,1079J,,SCHEDULED,300,5.0
2026-10-08T03:41:27Z,1079J21104C10,1079J,,SCHEDULED,0,0.0
2026-10-08T03:41:27Z,1079J20411C4b,1079J,,SCHEDULED,240,4.0
2026-10-08T03:41:27Z,1079J21001C8a,1079J,,SCHEDULED,0,0.0
2026-10-08T03:41:27Z,1079J21500C2,1079J,,SCHEDULED,60,1.0
2026-10-08T03:41:27Z,1079J21000C8a,1079J,,SCHEDULED,0,0.0
2026-10-08T03:41:27Z,1079J20212C4a,1079J,,SCHEDULED,540,9.0
2026-10-08T03:41:27Z,1079J21804C7,1079J,,SCHEDULED,0,0.0
2026-10-08T03:41:27Z,1079J21605C2,1079J,,SCHEDULED,0,0.0
2026-10-08T03:41:27Z,1079J21603C2,1079J,,SCHEDULED,180,3.0
2026-10-08T03:41:27Z,1079J21800C7,1079J,,SCHEDULED,0,0.0
2026-10-08T03:41:27Z,1079J19502C5,1079J,,SCHEDULED,60,1.0
2026-10-08T03:41:27Z,1079J21601C2,1079J,,SCHEDULED,0,0.0
2026-10-08T03:41:27Z,1079J35975C2,1079J,,SCHEDULED,0,0.0
2026-10-08T03:41:27Z,1079J20211C4a,1079J,,SCHEDULED,0,0.0
2026-10-08T03:41:27Z,1079J21300C10,1079J,,SCHEDULED,0,0.0
2026-10-08T03:41:27Z,1079J21100C10,1079J,,SCHEDULED,120,2.0
2026-10-08T03:41:27Z,1079J21508C2,1079J,,SCHEDULED,480,8.0
2026-10-08T03:41:27Z,1079J21506C2,1079J,,SCHEDULED,60,1.0
2026-10-08T03:41:27Z,1079J21703C2,1079J,,SCHEDULED,120,2.0
2026-10-08T03:41:27Z,1079J20415C4b,1079J,,SCHEDULED,0,0.0
2026-10-08T03:41:27Z,1079J21504C2,1079J,,SCHEDULED,0,0.0
2026-10-08T03:41:27Z,1079J20216C4a,1079J,,SCHEDULED,0,0.0
2026-10-08T03:41:27Z,1079J21503C2,1079J,,SCHEDULED,120,2.0
2026-10-08T03:41:27Z,1079J20413C4b,1079J,,SCHEDULED,0,0.0
2026-10-08T03:46:35Z,3079J23500C1,3079J,,SCHEDULED,180,3.0
2026-10-08T03:46:35Z,3079J23504C1,3079J,,SCHEDULED,0,0.0
2026-10-08T03:46:35Z,3079J23505C1,3079J,,SCHEDULED,0,0.0
2026-10-08T03:46:35Z,3079J23601C4,3079J,,SCHEDULED,0,0.0
2026-10-08T03:46:35Z,3079J23502C1,3079J,,SCHEDULED,0,0.0
2026-10-08T03:46:35Z,3079J23501C1,3079J,,SCHEDULED,0,0.0
2026-10-08T03:46:35Z,3179J23201C1,3179J,,SCHEDULED,60,1.0
2026-10-08T03:46:35Z,3179J23422T1,3179J,,SCHEDULED,0,0.0
2026-10-08T03:46:35Z,3179J23200C1,3179J,,SCHEDULED,60,1.0
2026-10-08T03:46:35Z,3279J23303C1,3279J,,SCHEDULED,120,2.0
2026-10-08T03:46:35Z,4079J24201C1,4079J,,SCHEDULED,0,0.0
2026-10-08T03:46:35Z,4079J24380C6,4079J,,SCHEDULED,0,0.0
2026-10-08T03:46:35Z,4079J24301C6,4079J,,SCHEDULED,0,0.0
2026-10-08T03:46:35Z,4079J84601C5,4079J,,SCHEDULED,0,0.0
2026-10-08T03:46:35Z,4079J24103C2,4079J,,SCHEDULED,240,4.0
2026-10-08T03:46:35Z,4079J24002C2,4079J,,SCHEDULED,0,0.0
2026-10-08T03:46:35Z,4079J24000C2,4079J,,SCHEDULED,180,3.0
2026-10-08T03:46:35Z,4079J24200C1,4079J,,SCHEDULED,60,1.0
2026-10-08T03:46:35Z,4079J24001C2,4079J,,SCHEDULED,180,3.0
2026-10-08T03:46:35Z,4079J24300C6,4079J,,SCHEDULED,0,0.0
2026-10-08T03:46:35Z,5179J18120R16,5179J,,SCHEDULED,0,0.0
2026-10-08T03:46:35Z,5179J15772R11,5179J,,CANCELED,,
2026-10-08T03:46:35Z,5179J18121R16,5179J,,SCHEDULED,0,0.0
2026-10-08T03:46:35Z,5179J25604R1,5179J,,SCHEDULED,120,2.0
2026-10-08T03:46:35Z,5179J28404R2N,5179J,,SCHEDULED,0,0.0
2026-10-08T03:46:35Z,5179J25702R1,5179J,,SCHEDULED,300,5.0
2026-10-08T03:46:35Z,5179J28402R2N,5179J,,SCHEDULED,180,3.0
2026-10-08T03:46:35Z,5179J28506R2,5179J,,SCHEDULED,0,0.0
2026-10-08T03:46:35Z,5179J28264R2S,5179J,,SCHEDULED,720,12.0
2026-10-08T03:46:35Z,5179J28263R2S,5179J,,SCHEDULED,60,1.0
2026-10-08T03:46:35Z,5179J28400R2N,5179J,,SCHEDULED,480,8.0
2026-10-08T03:46:35Z,5179J77400R4,5179J,,SCHEDULED,300,5.0
2026-10-08T03:46:35Z,5179J77602R4,5179J,,SCHEDULED,60,1.0
2026-10-08T03:46:35Z,5179J77702R4,5179J,,SCHEDULED,0,0.0
2026-10-08T03:46:35Z,5179J77504R4,5179J,,SCHEDULED,540,9.0
2026-10-08T03:46:35Z,5179J33521R4,5179J,,SCHEDULED,60,1.0
2026-10-08T03:46:35Z,5179J15720R11,5179J,,CANCELED,,
2026-10-08T03:46:35Z,5179J77506R4,5179J,,SCHEDULED,-60,-1.0
2026-10-08T03:46:35Z,5179J33520RL4,5179J,,SCHEDULED,240,4.0
2026-10-08T03:46:35Z,5179J35518R3,5179J,,SCHEDULED,0,0.0
2026-10-08T03:46:35Z,5179J77508R4,5179J,,SCHEDULED,0,0.0
2026-10-08T03:46:35Z,5179J28500R2,5179J,,SCHEDULED,60,1.0
2026-10-08T03:46:35Z,5179J77402R4,5179J,,SCHEDULED,-180,-3.0
2026-10-08T03:46:35Z,5179J77600R4,5179J,,SCHEDULED,0,0.0
2026-10-08T03:46:35Z,5179J15250RG1,5179J,,SCHEDULED,0,0.0
2026-10-08T03:46:35Z,5179J77502R4,5179J,,SCHEDULED,1740,29.0
2026-10-08T03:46:35Z,5179J77404R4,5179J,,SCHEDULED,0,0.0
2026-10-08T03:46:35Z,5179J25704R1,5179J,,SCHEDULED,0,0.0
2026-10-08T03:46:35Z,5179J25400R2,5179J,,SCHEDULED,960,16.0
2026-10-08T03:46:35Z,5179J28556R2N,5179J,,SCHEDULED,60,1.0
2026-10-08T03:46:35Z,5179J25602R1,5179J,,SCHEDULED,300,5.0
2026-10-08T03:46:35Z,5179J25502R2S,5179J,,SCHEDULED,0,0.0
2026-10-08T03:46:35Z,5179J25601R1,5179J,,SCHEDULED,0,0.0
2026-10-08T03:46:35Z,6079J26504C3,6079J,,SCHEDULED,0,0.0
2026-10-08T03:46:35Z,6079J26602C3,6079J,,SCHEDULED,0,0.0
2026-10-08T03:46:35Z,6079J26503C3,6079J,,SCHEDULED,180,3.0
2026-10-08T03:46:35Z,6079J26600C3,6079J,,SCHEDULED,60,1.0
2026-10-08T03:46:35Z,6079J26501C3,6079J,,SCHEDULED,0,0.0
2026-10-08T03:46:35Z,6079J26102C1,6079J,,SCHEDULED,60,1.0
2026-10-08T03:46:35Z,6079J26003C2,6079J,,SCHEDULED,0,0.0
2026-10-08T03:46:35Z,6079J26002C2,6079J,,SCHEDULED,180,3.0
2026-10-08T03:46:35Z,6079J26001C2,6079J,,SCHEDULED,120,2.0
2026-10-08T03:46:35Z,6079J26000C2,6079J,,SCHEDULED,0,0.0
2026-10-08T03:46:35Z,6079J26005C2,6079J,,SCHEDULED,0,0.0
2026-10-08T03:46:35Z,6079J26500C3,6079J,,SCHEDULED,60,1.0
2026-10-08T03:46:35Z,6079J26004C2,6079J,,SCHEDULED,0,0.0
2026-10-08T03:46:35Z,6079J26103C1,6079J,,SCHEDULED,120,2.0
2026-10-08T03:46:35Z,6079J26502C3,6079J,,SCHEDULED,-60,-1.0
2026-10-08T03:46:35Z,6079J71503C4,6079J,,SCHEDULED,0,0.0
2026-10-08T03:46:35Z,6079J71501C4,6079J,,SCHEDULED,0,0.0
2026-10-08T03:46:35Z,6079J71500C4,6079J,,SCHEDULED,0,0.0
2026-10-08T03:46:35Z,6079J26104C1,6079J,,SCHEDULED,0,0.0
2026-10-08T03:46:35Z,6179J35612C1,6179J,,SCHEDULED,-60,-1.0
2026-10-08T03:46:35Z,6179J35663C1,6179J,,SCHEDULED,60,1.0
2026-10-08T03:46:35Z,6179J35688C1,6179J,,SCHEDULED,960,16.0
2026-10-08T03:46:35Z,6279J71152C2,6279J,,SCHEDULED,60,1.0
2026-10-08T03:46:35Z,6279J71104C2,6279J,,SCHEDULED,0,0.0
2026-10-08T03:46:35Z,6279J71150C2,6279J,,SCHEDULED,60,1.0
2026-10-08T03:46:35Z,6279J71351C3,6279J,,SCHEDULED,0,0.0
2026-10-08T03:46:35Z,4779J71091C1,4779J,,SCHEDULED,0,0.0
2026-10-08T03:46:35Z,4779J71080C1,4779J,,SCHEDULED,0,0.0
2026-10-08T03:46:35Z,2079J70201C4,2079J,,SCHEDULED,0,0.0
2026-10-08T03:46:35Z,2079J22000C1,2079J,,SCHEDULED,0,0.0
2026-10-08T03:46:35Z,2079J22002C1,2079J,,SCHEDULED,0,0.0
2026-10-08T03:46:35Z,2079J22200C2,2079J,,SCHEDULED,60,1.0
2026-10-08T03:46:35Z,2079J80851C6,2079J,,SCHEDULED,300,5.0
2026-10-08T03:46:35Z,2079J70801C6,2079J,,SCHEDULED,0,0.0
2026-10-08T03:46:35Z,2079J70900C8,2079J,,SCHEDULED,180,3.0
2026-10-08T03:46:35Z,2079J22004C1,2079J,,SCHEDULED,0,0.0
2026-10-08T03:46:35Z,2079J22103C1,2079J,,SCHEDULED,0,0.0
2026-10-08T03:46:35Z,2079J22303C3,2079J,,SCHEDULED,0,0.0
2026-10-08T03:46:35Z,2079J70502C7,2079J,,SCHEDULED,0,0.0
2026-10-08T03:46:35Z,2079J70200C4,2079J,,SCHEDULED,0,0.0
2026-10-08T03:46:35Z,2079J70750C6,2079J,,SCHEDULED,0,0.0
2026-10-08T03:46:35Z,2079J70752C6,2079J,,SCHEDULED,0,0.0
2026-10-08T03:46:35Z,2079J70400C5,2079J,,SCHEDULED,0,0.0
2026-10-08T03:46:35Z,2079J70501C7,2079J,,CANCELED,,
2026-10-08T03:46:35Z,2079J70401C5,2079J,,SCHEDULED,0,0.0
2026-10-08T03:46:35Z,2079J70753C6,2079J,,SCHEDULED,120,2.0
2026-10-08T03:46:35Z,2079J70500C7,2079J,,CANCELED,,
2026-10-08T03:46:35Z,2079J70755C6,2079J,,SCHEDULED,0,0.0
2026-10-08T03:46:35Z,4179J84901C2,4179J,,SCHEDULED,0,0.0
2026-10-08T03:46:35Z,4179J24701C1,4179J,,SCHEDULED,60,1.0
2026-10-08T03:46:35Z,4179J24700C1,4179J,,SCHEDULED,60,1.0
2026-10-08T03:46:35Z,4179J84900C2,4179J,,SCHEDULED,0,0.0
2026-10-08T03:46:35Z,1079J21000C8a,1079J,,SCHEDULED,60,1.0
2026-10-08T03:46:35Z,1079J21804C7,1079J,,SCHEDULED,0,0.0
2026-10-08T03:46:35Z,1079J21605C2,1079J,,SCHEDULED,0,0.0
2026-10-08T03:46:35Z,1079J21603C2,1079J,,SCHEDULED,240,4.0
2026-10-08T03:46:35Z,1079J21800C7,1079J,,SCHEDULED,0,0.0
2026-10-08T03:46:35Z,1079J35975C2,1079J,,SCHEDULED,0,0.0
2026-10-08T03:46:35Z,1079J35973C2,1079J,,SCHEDULED,240,4.0
2026-10-08T03:46:35Z,1079J20709C5,1079J,,SCHEDULED,0,0.0
2026-10-08T03:46:35Z,1079J19805C1,1079J,,SCHEDULED,0,0.0
2026-10-08T03:46:35Z,1079J36305C10,1079J,,SCHEDULED,0,0.0
2026-10-08T03:46:35Z,1079J19800C1,1079J,,SCHEDULED,0,0.0
2026-10-08T03:46:35Z,1079J19803C1,1079J,,SCHEDULED,60,1.0
2026-10-08T03:46:35Z,1079J19527C5,1079J,,SCHEDULED,0,0.0
2026-10-08T03:46:35Z,1079J19533C5,1079J,,SCHEDULED,0,0.0
2026-10-08T03:46:35Z,1079J20005C3,1079J,,SCHEDULED,0,0.0
2026-10-08T03:46:35Z,1079J20004C3,1079J,,SCHEDULED,180,3.0
2026-10-08T03:46:35Z,1079J20202C4,1079J,,SCHEDULED,180,3.0
2026-10-08T03:46:35Z,1079J20003C3,1079J,,SCHEDULED,240,4.0
2026-10-08T03:46:35Z,1079J20008C3,1079J,,SCHEDULED,0,0.0
2026-10-08T03:46:35Z,1079J20206C4,1079J,,SCHEDULED,0,0.0
2026-10-08T03:46:35Z,1079J20601C8b,1079J,,SCHEDULED,0,0.0
2026-10-08T03:46:35Z,1079J20007C3,1079J,,SCHEDULED,0,0.0
2026-10-08T03:46:35Z,1079J20205C4a,1079J,,SCHEDULED,120,2.0
2026-10-08T03:46:35Z,1079J20600C8b,1079J,,SCHEDULED,0,0.0
2026-10-08T03:46:35Z,1079J20006C3,1079J,,SCHEDULED,0,0.0
2026-10-08T03:46:35Z,1079J20402C4b,1079J,,SCHEDULED,0,0.0
2026-10-08T03:46:35Z,1079J20204C4,1079J,,SCHEDULED,0,0.0
2026-10-08T03:46:35Z,1079J21807C7,1079J,,SCHEDULED,0,0.0
2026-10-08T03:46:35Z,1079J35809C7,1079J,,SCHEDULED,-120,-2.0
2026-10-08T03:46:35Z,1079J20002C3,1079J,,SCHEDULED,180,3.0
2026-10-08T03:46:35Z,1079J19531C5,1079J,,SCHEDULED,0,0.0
2026-10-08T03:46:35Z,1079J20409C4b,1079J,,SCHEDULED,0,0.0
2026-10-08T03:46:35Z,1079J20209C4a,1079J,,SCHEDULED,540,9.0
2026-10-08T03:46:35Z,1079J20407C4b,1079J,,SCHEDULED,420,7.0
2026-10-08T03:46:35Z,1079J20406C4b,1079J,,SCHEDULED,0,0.0
2026-10-08T03:46:35Z,1079J20208C4,1079J,,SCHEDULED,720,12.0
2026-10-08T03:46:35Z,1079J20009C3,1079J,,SCHEDULED,0,0.0
2026-10-08T03:46:35Z,1079J20207C4a,1079J,,SCHEDULED,60,1.0
2026-10-08T03:46:35Z,1079J20405C4b,1079J,,SCHEDULED,180,3.0
2026-10-08T03:46:35Z,1079J19508C5,1079J,,SCHEDULED,0,0.0
2026-10-08T03:46:35Z,1079J19509C5,1079J,,SCHEDULED,60,1.0
2026-10-08T03:46:35Z,1079J19504C5,1079J,,SCHEDULED,60,1.0
2026-10-08T03:46:35Z,1079J19503C5,1079J,,SCHEDULED,0,0.0
2026-10-08T03:46:35Z,1079J19505C5,1079J,,SCHEDULED,0,0.0
2026-10-08T03:46:35Z,1079J21512C2,1079J,,SCHEDULED,0,0.0
2026-10-08T03:46:35Z,1079J19510C5,1079J,,SCHEDULED,120,2.0
2026-10-08T03:46:35Z,1079J21510C2,1079J,,SCHEDULED,0,0.0
2026-10-08T03:46:35Z,1079J19513C5,1079J,,SCHEDULED,60,1.0
2026-10-08T03:46:35Z,1079J19512C5,1079J,,SCHEDULED,0,0.0
2026-10-08T03:46:35Z,1079J20706C5,1079J,,SCHEDULED,0,0.0
2026-10-08T03:46:35Z,1079J20704C5,1079J,,SCHEDULED,0,0.0
2026-10-08T03:46:35Z,1079J20703C5,1079J,,SCHEDULED,60,1.0
2026-10-08T03:46:35Z,1079J20702C5,1079J,,SCHEDULED,0,0.0
2026-10-08T03:46:35Z,1079J19518C5,1079J,,SCHEDULED,0,0.0
2026-10-08T03:46:35Z,1079J19515C5,1079J,,SCHEDULED,0,0.0
2026-10-08T03:46:35Z,1079J19521C5,1079J,,SCHEDULED,0,0.0
2026-10-08T03:46:35Z,1079J21200C10,1079J,,SCHEDULED,0,0.0
2026-10-08T03:46:35Z,1079J21001C8a,1079J,,SCHEDULED,0,0.0
2026-10-08T03:46:35Z,1079J21303C10,1079J,,SCHEDULED,60,1.0
2026-10-08T03:46:35Z,1079J21501C2,1079J,,SCHEDULED,0,0.0
2026-10-08T03:46:35Z,1079J21104C10,1079J,,SCHEDULED,-60,-1.0
2026-10-08T03:46:35Z,1079J20411C4b,1079J,,SCHEDULED,120,2.0
2026-10-08T03:46:35Z,1079J21500C2,1079J,,SCHEDULED,120,2.0
2026-10-08T03:46:35Z,1079J20212C4a,1079J,,SCHEDULED,60,1.0
2026-10-08T03:46:35Z,1079J19502C5,1079J,,SCHEDULED,0,0.0
2026-10-08T03:46:35Z,1079J20211C4a,1079J,,SCHEDULED,0,0.0
2026-10-08T03:46:35Z,1079J21300C10,1079J,,SCHEDULED,60,1.0
2026-10-08T03:46:35Z,1079J21100C10,1079J,,SCHEDULED,0,0.0
2026-10-08T03:46:35Z,1079J21508C2,1079J,,SCHEDULED,780,13.0
2026-10-08T03:46:35Z,1079J21506C2,1079J,,SCHEDULED,120,2.0
2026-10-08T03:46:35Z,1079J21505C2,1079J,,SCHEDULED,0,0.0
2026-10-08T03:46:35Z,1079J21703C2,1079J,,SCHEDULED,60,1.0
2026-10-08T03:46:35Z,1079J20415C4b,1079J,,SCHEDULED,0,0.0
2026-10-08T03:46:35Z,1079J21504C2,1079J,,SCHEDULED,60,1.0
2026-10-08T03:46:35Z,1079J20216C4a,1079J,,SCHEDULED,0,0.0
2026-10-08T03:46:35Z,1079J21503C2,1079J,,SCHEDULED,0,0.0
2026-10-08T03:46:35Z,1079J20215C4a,1079J,,SCHEDULED,0,0.0
2026-10-08T03:46:35Z,1079J20413C4b,1079J,,SCHEDULED,0,0.0
2026-10-08T03:51:25Z,3079J23500C1,3079J,,SCHEDULED,180,3.0
2026-10-08T03:51:25Z,3079J23504C1,3079J,,SCHEDULED,0,0.0
2026-10-08T03:51:25Z,3079J23505C1,3079J,,SCHEDULED,0,0.0
2026-10-08T03:51:25Z,3079J23501C1,3079J,,SCHEDULED,60,1.0
2026-10-08T03:51:25Z,3079J23502C1,3079J,,SCHEDULED,0,0.0
2026-10-08T03:51:25Z,3079J23701C5,3079J,,SCHEDULED,0,0.0
2026-10-08T03:51:25Z,3079J23601C4,3079J,,SCHEDULED,0,0.0
2026-10-08T03:51:25Z,3179J23201C1,3179J,,SCHEDULED,120,2.0
2026-10-08T03:51:25Z,3179J23200C1,3179J,,SCHEDULED,0,0.0
2026-10-08T03:51:25Z,3179J23203C1,3179J,,SCHEDULED,0,0.0
2026-10-08T03:51:25Z,3179J23421T1,3179J,,SCHEDULED,0,0.0
2026-10-08T03:51:25Z,3179J23422T1,3179J,,SCHEDULED,0,0.0
2026-10-08T03:51:25Z,3279J23303C1,3279J,,SCHEDULED,120,2.0
2026-10-08T03:51:25Z,4079J31400C3,4079J,,SCHEDULED,0,0.0
2026-10-08T03:51:25Z,4079J84004C2,4079J,,SCHEDULED,0,0.0
2026-10-08T03:51:25Z,4079J84601C5,4079J,,SCHEDULED,0,0.0
2026-10-08T03:51:25Z,4079J24301C6,4079J,,SCHEDULED,-60,-1.0
2026-10-08T03:51:25Z,4079J24000C2,4079J,,SCHEDULED,120,2.0
2026-10-08T03:51:25Z,4079J24001C2,4079J,,SCHEDULED,180,3.0
2026-10-08T03:51:25Z,4079J24103C2,4079J,,SCHEDULED,240,4.0
2026-10-08T03:51:25Z,4079J24380C6,4079J,,SCHEDULED,0,0.0
2026-10-08T03:51:25Z,4079J24002C2,4079J,,SCHEDULED,0,0.0
2026-10-08T03:51:25Z,4079J24200C1,4079J,,SCHEDULED,-60,-1.0
2026-10-08T03:51:25Z,4079J24300C6,4079J,,SCHEDULED,0,0.0
2026-10-08T03:51:25Z,4079J24201C1,4079J,,SCHEDULED,0,0.0
2026-10-08T03:51:25Z,5179J15250RG1,5179J,,SCHEDULED,0,0.0
2026-10-08T03:51:25Z,5179J18120R16,5179J,,SCHEDULED,0,0.0
2026-10-08T03:51:25Z,5179J25502R2S,5179J,,SCHEDULED,0,0.0
2026-10-08T03:51:25Z,5179J25601R1,5179J,,SCHEDULED,0,0.0
2026-10-08T03:51:25Z,5179J15772R11,5179J,,CANCELED,,
2026-10-08T03:51:25Z,5179J18121R16,5179J,,SCHEDULED,180,3.0
2026-10-08T03:51:25Z,5179J25604R1,5179J,,SCHEDULED,180,3.0
2026-10-08T03:51:25Z,5179J28404R2N,5179J,,SCHEDULED,0,0.0
2026-10-08T03:51:25Z,5179J28402R2N,5179J,,SCHEDULED,480,8.0
2026-10-08T03:51:25Z,5179J28506R2,5179J,,SCHEDULED,0,0.0
2026-10-08T03:51:25Z,5179J25702R1,5179J,,SCHEDULED,240,4.0
2026-10-08T03:51:25Z,5179J28264R2S,5179J,,SCHEDULED,780,13.0
2026-10-08T03:51:25Z,5179J28263R2S,5179J,,SCHEDULED,-120,-2.0
2026-10-08T03:51:25Z,5179J28400R2N,5179J,,SCHEDULED,540,9.0
2026-10-08T03:51:25Z,5179J77400R4,5179J,,SCHEDULED,360,6.0
2026-10-08T03:51:25Z,5179J28500R2,5179J,,SCHEDULED,240,4.0
2026-10-08T03:51:25Z,5179J77402R4,5179J,,SCHEDULED,-60,-1.0
2026-10-08T03:51:25Z,5179J77600R4,5179J,,SCHEDULED,60,1.0
2026-10-08T03:51:25Z,5179J77502R4,5179J,,SCHEDULED,1740,29.0
2026-10-08T03:51:25Z,5179J77404R4,5179J,,SCHEDULED,0,0.0
2026-10-08T03:51:25Z,5179J77602R4,5179J,,SCHEDULED,240,4.0
2026-10-08T03:51:25Z,5179J77702R4,5179J,,SCHEDULED,0,0.0
2026-10-08T03:51:25Z,5179J77504R4,5179J,,SCHEDULED,420,7.0
2026-10-08T03:51:25Z,5179J33521R4,5179J,,SCHEDULED,60,1.0
2026-10-08T03:51:25Z,5179J15720R11,5179J,,CANCELED,,
2026-10-08T03:51:25Z,5179J77506R4,5179J,,SCHEDULED,-60,-1.0
2026-10-08T03:51:25Z,5179J33520RL4,5179J,,SCHEDULED,240,4.0
2026-10-08T03:51:25Z,5179J35518R3,5179J,,SCHEDULED,0,0.0
2026-10-08T03:51:25Z,5179J25704R1,5179J,,SCHEDULED,0,0.0
2026-10-08T03:51:25Z,5179J25608R1,5179J,,SCHEDULED,0,0.0
2026-10-08T03:51:25Z,5179J15002R15,5179J,,SCHEDULED,0,0.0
2026-10-08T03:51:25Z,5179J15000R15,5179J,,SCHEDULED,-60,-1.0
2026-10-08T03:51:25Z,5179J25501R2S,5179J,,SCHEDULED,120,2.0
2026-10-08T03:51:25Z,5179J25602R1,5179J,,SCHEDULED,360,6.0
2026-10-08T03:51:25Z,6079J26005C2,6079J,,SCHEDULED,0,0.0
2026-10-08T03:51:25Z,6079J26501C3,6079J,,SCHEDULED,0,0.0
2026-10-08T03:51:25Z,6079J26500C3,6079J,,SCHEDULED,120,2.0
2026-10-08T03:51:25Z,6079J26004C2,6079J,,SCHEDULED,0,0.0
2026-10-08T03:51:25Z,6079J26504C3,6079J,,SCHEDULED,0,0.0
2026-10-08T03:51:25Z,6079J26103C1,6079J,,SCHEDULED,180,3.0
2026-10-08T03:51:25Z,6079J26602C3,6079J,,SCHEDULED,0,0.0
2026-10-08T03:51:25Z,6079J26502C3,6079J,,SCHEDULED,60,1.0
2026-10-08T03:51:25Z,6079J71503C4,6079J,,SCHEDULED,0,0.0
2026-10-08T03:51:25Z,6079J26105C1,6079J,,SCHEDULED,0,0.0
2026-10-08T03:51:25Z,6079J26600C3,6079J,,SCHEDULED,60,1.0
2026-10-08T03:51:25Z,6079J71501C4,6079J,,SCHEDULED,0,0.0
2026-10-08T03:51:25Z,6079J26102C1,6079J,,SCHEDULED,120,2.0
2026-10-08T03:51:25Z,6079J71500C4,6079J,,SCHEDULED,0,0.0
2026-10-08T03:51:25Z,6079J26003C2,6079J,,SCHEDULED,60,1.0
2026-10-08T03:51:25Z,6079J26002C2,6079J,,SCHEDULED,120,2.0
2026-10-08T03:51:25Z,6079J26104C1,6079J,,SCHEDULED,0,0.0
2026-10-08T03:51:25Z,6079J26503C3,6079J,,SCHEDULED,240,4.0
2026-10-08T03:51:25Z,6079J26001C2,6079J,,SCHEDULED,120,2.0
2026-10-08T03:51:25Z,6179J35612C1,6179J,,SCHEDULED,0,0.0
2026-10-08T03:51:25Z,6179J35663C1,6179J,,SCHEDULED,60,1.0
2026-10-08T03:51:25Z,6179J35688C1,6179J,,SCHEDULED,600,10.0
2026-10-08T03:51:25Z,6279J71150C2,6279J,,SCHEDULED,0,0.0
2026-10-08T03:51:25Z,6279J71351C3,6279J,,SCHEDULED,-60,-1.0
2026-10-08T03:51:25Z,6279J71104C2,6279J,,SCHEDULED,0,0.0
2026-10-08T03:51:25Z,4779J71091C1,4779J,,SCHEDULED,0,0.0
2026-10-08T03:51:25Z,4779J71080C1,4779J,,SCHEDULED,0,0.0
2026-10-08T03:51:25Z,2079J70502C7,2079J,,SCHEDULED,0,0.0
2026-10-08T03:51:25Z,2079J70200C4,2079J,,SCHEDULED,60,1.0
2026-10-08T03:51:25Z,2079J70400C5,2079J,,SCHEDULED,60,1.0
2026-10-08T03:51:25Z,2079J70201C4,2079J,,SCHEDULED,0,0.0
2026-10-08T03:51:25Z,2079J22000C1,2079J,,SCHEDULED,60,1.0
2026-10-08T03:51:25Z,2079J22002C1,2079J,,SCHEDULED,0,0.0
2026-10-08T03:51:25Z,2079J22004C1,2079J,,SCHEDULED,0,0.0
2026-10-08T03:51:25Z,2079J22103C1,2079J,,SCHEDULED,60,1.0
2026-10-08T03:51:25Z,2079J22303C3,2079J,,SCHEDULED,120,2.0
2026-10-08T03:51:25Z,2079J80851C6,2079J,,SCHEDULED,600,10.0
2026-10-08T03:51:25Z,2079J22200C2,2079J,,SCHEDULED,60,1.0
2026-10-08T03:51:25Z,2079J22101C1,2079J,,SCHEDULED,600,10.0
2026-10-08T03:51:25Z,2079J22202C2,2079J,,SCHEDULED,0,0.0
2026-10-08T03:51:25Z,2079J70508C7,2079J,,SCHEDULED,0,0.0
2026-10-08T03:51:25Z,2079J70801C6,2079J,,SCHEDULED,0,0.0
2026-10-08T03:51:25Z,2079J70900C8,2079J,,SCHEDULED,120,2.0
2026-10-08T03:51:25Z,2079J70501C7,2079J,,CANCELED,,
2026-10-08T03:51:25Z,2079J70401C5,2079J,,SCHEDULED,0,0.0
2026-10-08T03:51:25Z,2079J70500C7,2079J,,CANCELED,,
2026-10-08T03:51:25Z,2079J70853C6,2079J,,SCHEDULED,0,0.0
2026-10-08T03:51:25Z,2079J70237C4,2079J,,SCHEDULED,-6480,-108.0
2026-10-08T03:51:25Z,2079J70753C6,2079J,,SCHEDULED,420,7.0
2026-10-08T03:51:25Z,2079J70755C6,2079J,,SCHEDULED,0,0.0
2026-10-08T03:51:25Z,2079J70750C6,2079J,,SCHEDULED,0,0.0
2026-10-08T03:51:25Z,2079J70752C6,2079J,,SCHEDULED,0,0.0
2026-10-08T03:51:25Z,4179J84901C2,4179J,,SCHEDULED,0,0.0
2026-10-08T03:51:25Z,4179J24701C1,4179J,,SCHEDULED,360,6.0
2026-10-08T03:51:25Z,4179J84900C2,4179J,,SCHEDULED,0,0.0
2026-10-08T03:51:25Z,1079J21000C8a,1079J,,SCHEDULED,300,5.0
2026-10-08T03:51:25Z,1079J21804C7,1079J,,SCHEDULED,0,0.0
2026-10-08T03:51:25Z,1079J21605C2,1079J,,SCHEDULED,0,0.0
2026-10-08T03:51:25Z,1079J21802C7,1079J,,SCHEDULED,0,0.0
2026-10-08T03:51:25Z,1079J21603C2,1079J,,SCHEDULED,0,0.0
2026-10-08T03:51:25Z,1079J21800C7,1079J,,SCHEDULED,60,1.0
2026-10-08T03:51:25Z,1079J20710C5,1079J,,SCHEDULED,0,0.0
2026-10-08T03:51:25Z,1079J35975C2,1079J,,SCHEDULED,0,0.0
2026-10-08T03:51:25Z,1079J35973C2,1079J,,SCHEDULED,480,8.0
2026-10-08T03:51:25Z,1079J20709C5,1079J,,SCHEDULED,0,0.0
2026-10-08T03:51:25Z,1079J19805C1,1079J,,SCHEDULED,0,0.0
2026-10-08T03:51:25Z,1079J36305C10,1079J,,SCHEDULED,0,0.0
2026-10-08T03:51:25Z,1079J19800C1,1079J,,SCHEDULED,0,0.0
2026-10-08T03:51:25Z,1079J19803C1,1079J,,SCHEDULED,300,5.0
2026-10-08T03:51:25Z,1079J19802C1,1079J,,SCHEDULED,0,0.0
2026-10-08T03:51:25Z,1079J19527C5,1079J,,SCHEDULED,0,0.0
2026-10-08T03:51:25Z,1079J19533C5,1079J,,SCHEDULED,0,0.0
2026-10-08T03:51:25Z,1079J20005C3,1079J,,SCHEDULED,180,3.0
2026-10-08T03:51:25Z,1079J20004C3,1079J,,SCHEDULED,60,1.0
2026-10-08T03:51:25Z,1079J20003C3,1079J,,SCHEDULED,360,6.0
2026-10-08T03:51:25Z,1079J20008C3,1079J,,SCHEDULED,0,0.0
2026-10-08T03:51:25Z,1079J20206C4,1079J,,SCHEDULED,0,0.0
2026-10-08T03:51:25Z,1079J20601C8b,1079J,,SCHEDULED,0,0.0
2026-10-08T03:51:25Z,1079J20007C3,1079J,,SCHEDULED,60,1.0
2026-10-08T03:51:25Z,1079J20205C4a,1079J,,SCHEDULED,420,7.0
2026-10-08T03:51:25Z,1079J20600C8b,1079J,,SCHEDULED,0,0.0
2026-10-08T03:51:25Z,1079J20006C3,1079J,,SCHEDULED,0,0.0
2026-10-08T03:51:25Z,1079J20402C4b,1079J,,SCHEDULED,0,0.0
2026-10-08T03:51:25Z,1079J20204C4,1079J,,SCHEDULED,0,0.0
2026-10-08T03:51:25Z,1079J21807C7,1079J,,SCHEDULED,0,0.0
2026-10-08T03:51:25Z,1079J35809C7,1079J,,SCHEDULED,180,3.0
2026-10-08T03:51:25Z,1079J19537C5,1079J,,SCHEDULED,0,0.0
2026-10-08T03:51:25Z,1079J20002C3,1079J,,SCHEDULED,120,2.0
2026-10-08T03:51:25Z,1079J19531C5,1079J,,SCHEDULED,0,0.0
2026-10-08T03:51:25Z,1079J20409C4b,1079J,,SCHEDULED,240,4.0
2026-10-08T03:51:25Z,1079J20408C4b,1079J,,SCHEDULED,0,0.0
2026-10-08T03:51:25Z,1079J20209C4a,1079J,,SCHEDULED,240,4.0
2026-10-08T03:51:25Z,1079J20406C4b,1079J,,SCHEDULED,0,0.0
2026-10-08T03:51:25Z,1079J20208C4,1079J,,SCHEDULED,0,0.0
2026-10-08T03:51:25Z,1079J20009C3,1079J,,SCHEDULED,0,0.0
2026-10-08T03:51:25Z,1079J20207C4a,1079J,,SCHEDULED,60,1.0
2026-10-08T03:51:25Z,1079J20405C4b,1079J,,SCHEDULED,180,3.0
2026-10-08T03:51:25Z,1079J20215C4a,1079J,,SCHEDULED,0,0.0
2026-10-08T03:51:25Z,1079J20413C4b,1079J,,SCHEDULED,0,0.0
2026-10-08T03:51:25Z,1079J19508C5,1079J,,SCHEDULED,0,0.0
2026-10-08T03:51:25Z,1079J19509C5,1079J,,SCHEDULED,0,0.0
2026-10-08T03:51:25Z,1079J19504C5,1079J,,SCHEDULED,0,0.0
2026-10-08T03:51:25Z,1079J19503C5,1079J,,SCHEDULED,0,0.0
2026-10-08T03:51:25Z,1079J19505C5,1079J,,SCHEDULED,0,0.0
2026-10-08T03:51:25Z,1079J21512C2,1079J,,SCHEDULED,0,0.0
2026-10-08T03:51:25Z,1079J19510C5,1079J,,SCHEDULED,420,7.0
2026-10-08T03:51:25Z,1079J21510C2,1079J,,SCHEDULED,-60,-1.0
2026-10-08T03:51:25Z,1079J19513C5,1079J,,SCHEDULED,60,1.0
2026-10-08T03:51:25Z,1079J19512C5,1079J,,SCHEDULED,0,0.0
2026-10-08T03:51:25Z,1079J20706C5,1079J,,SCHEDULED,0,0.0
2026-10-08T03:51:25Z,1079J20704C5,1079J,,SCHEDULED,0,0.0
2026-10-08T03:51:25Z,1079J20703C5,1079J,,SCHEDULED,60,1.0
2026-10-08T03:51:25Z,1079J20702C5,1079J,,SCHEDULED,0,0.0
2026-10-08T03:51:25Z,1079J19518C5,1079J,,SCHEDULED,0,0.0
2026-10-08T03:51:25Z,1079J19515C5,1079J,,SCHEDULED,0,0.0
2026-10-08T03:51:25Z,1079J19521C5,1079J,,SCHEDULED,0,0.0
2026-10-08T03:51:25Z,1079J21200C10,1079J,,SCHEDULED,0,0.0
2026-10-08T03:51:25Z,1079J21001C8a,1079J,,SCHEDULED,0,0.0
2026-10-08T03:51:25Z,1079J21303C10,1079J,,SCHEDULED,0,0.0
2026-10-08T03:51:25Z,1079J21501C2,1079J,,SCHEDULED,120,2.0
2026-10-08T03:51:25Z,1079J21104C10,1079J,,SCHEDULED,240,4.0
2026-10-08T03:51:25Z,1079J20411C4b,1079J,,SCHEDULED,0,0.0
2026-10-08T03:51:25Z,1079J21500C2,1079J,,SCHEDULED,180,3.0
2026-10-08T03:51:25Z,1079J20212C4a,1079J,,SCHEDULED,0,0.0
2026-10-08T03:51:25Z,1079J19502C5,1079J,,SCHEDULED,0,0.0
2026-10-08T03:51:25Z,1079J20211C4a,1079J,,SCHEDULED,0,0.0
2026-10-08T03:51:25Z,1079J21300C10,1079J,,SCHEDULED,60,1.0
2026-10-08T03:51:25Z,1079J20210C4,1079J,,SCHEDULED,0,0.0
2026-10-08T03:51:25Z,1079J20011C3,1079J,,SCHEDULED,0,0.0
2026-10-08T03:51:25Z,1079J21100C10,1079J,,SCHEDULED,180,3.0
2026-10-08T03:51:25Z,1079J21508C2,1079J,,SCHEDULED,1020,17.0
2026-10-08T03:51:25Z,1079J21506C2,1079J,,SCHEDULED,180,3.0
2026-10-08T03:51:25Z,1079J20218C4a,1079J,,SCHEDULED,0,0.0
2026-10-08T03:51:25Z,1079J21505C2,1079J,,SCHEDULED,0,0.0
2026-10-08T03:51:25Z,1079J21703C2,1079J,,SCHEDULED,120,2.0
2026-10-08T03:51:25Z,1079J20415C4b,1079J,,SCHEDULED,0,0.0
2026-10-08T03:51:25Z,1079J20216C4a,1079J,,SCHEDULED,0,0.0
2026-10-08T03:51:25Z,1079J21503C2,1079J,,SCHEDULED,0,0.0
2026-10-08T03:51:25Z,1079J21304C10,1079J,,SCHEDULED,0,0.0
2026-10-08T03:56:23Z,3079J23506C1,3079J,,SCHEDULED,0,0.0
2026-10-08T03:56:23Z,3079J23500C1,3079J,,SCHEDULED,240,4.0
2026-10-08T03:56:23Z,3079J23509C1,3079J,,SCHEDULED,0,0.0
2026-10-08T03:56:23Z,3079J23502C1,3079J,,SCHEDULED,-60,-1.0
2026-10-08T03:56:23Z,3079J23701C5,3079J,,SCHEDULED,0,0.0
2026-10-08T03:56:23Z,3079J23501C1,3079J,,SCHEDULED,-60,-1.0
2026-10-08T03:56:23Z,3079J23801C5,3079J,,SCHEDULED,0,0.0
2026-10-08T03:56:23Z,3079J23601C4,3079J,,SCHEDULED,1680,28.0
2026-10-08T03:56:23Z,3079J23504C1,3079J,,SCHEDULED,0,0.0
2026-10-08T03:56:23Z,3079J23505C1,3079J,,SCHEDULED,0,0.0
2026-10-08T03:56:23Z,3179J23201C1,3179J,,SCHEDULED,60,1.0
2026-10-08T03:56:23Z,3179J23203C1,3179J,,SCHEDULED,0,0.0
2026-10-08T03:56:23Z,3179J23422T1,3179J,,SCHEDULED,0,0.0
2026-10-08T03:56:23Z,3179J23200C1,3179J,,SCHEDULED,0,0.0
2026-10-08T03:56:23Z,3179J23421T1,3179J,,SCHEDULED,0,0.0
2026-10-08T03:56:23Z,3279J23303C1,3279J,,SCHEDULED,0,0.0
2026-10-08T03:56:23Z,3279J23302C1,3279J,,SCHEDULED,0,0.0
2026-10-08T03:56:23Z,3279J23151C2,3279J,,SCHEDULED,120,2.0
2026-10-08T03:56:23Z,4079J24380C6,4079J,,SCHEDULED,240,4.0
2026-10-08T03:56:23Z,4079J24381C6,4079J,,SCHEDULED,0,0.0
2026-10-08T03:56:23Z,4079J31400C3,4079J,,SCHEDULED,0,0.0
2026-10-08T03:56:23Z,4079J84004C2,4079J,,SCHEDULED,0,0.0
2026-10-08T03:56:23Z,4079J24001C2,4079J,,SCHEDULED,180,3.0
2026-10-08T03:56:23Z,4079J84601C5,4079J,,SCHEDULED,0,0.0
2026-10-08T03:56:23Z,4079J24000C2,4079J,,SCHEDULED,120,2.0
2026-10-08T03:56:23Z,4079J24202C1,4079J,,SCHEDULED,0,0.0
2026-10-08T03:56:23Z,4079J24301C6,4079J,,SCHEDULED,0,0.0
2026-10-08T03:56:23Z,4079J24103C2,4079J,,SCHEDULED,240,4.0
2026-10-08T03:56:23Z,4079J24107C2,4079J,,SCHEDULED,0,0.0
2026-10-08T03:56:23Z,4079J31454C3,4079J,,SCHEDULED,0,0.0
2026-10-08T03:56:23Z,4079J24002C2,4079J,,SCHEDULED,0,0.0
2026-10-08T03:56:23Z,4079J24200C1,4079J,,SCHEDULED,-60,-1.0
2026-10-08T03:56:23Z,4079J24003C2,4079J,,SCHEDULED,0,0.0
2026-10-08T03:56:23Z,4079J24300C6,4079J,,SCHEDULED,0,0.0
2026-10-08T03:56:23Z,4079J24201C1,4079J,,SCHEDULED,60,1.0
2026-10-08T03:56:23Z,5179J35516R3,5179J,,SCHEDULED,60,1.0
2026-10-08T03:56:23Z,5179J15250RG1,5179J,,SCHEDULED,0,0.0
2026-10-08T03:56:23Z,5179J15772R11,5179J,,CANCELED,,
2026-10-08T03:56:23Z,5179J18121R16,5179J,,SCHEDULED,-120,-2.0
2026-10-08T03:56:23Z,5179J28404R2N,5179J,,SCHEDULED,0,0.0
2026-10-08T03:56:23Z,5179J28402R2N,5179J,,SCHEDULED,600,10.0
2026-10-08T03:56:23Z,5179J25602R1,5179J,,SCHEDULED,540,9.0
2026-10-08T03:56:23Z,5179J28406R2N,5179J,,SCHEDULED,0,0.0
2026-10-08T03:56:23Z,5179J25502R2S,5179J,,SCHEDULED,0,0.0
2026-10-08T03:56:23Z,5179J28264R2S,5179J,,SCHEDULED,720,12.0
2026-10-08T03:56:23Z,5179J28263R2S,5179J,,SCHEDULED,60,1.0
2026-10-08T03:56:23Z,5179J28400R2N,5179J,,SCHEDULED,660,11.0
2026-10-08T03:56:23Z,5179J77400R4,5179J,,SCHEDULED,180,3.0
2026-10-08T03:56:23Z,5179J28500R2,5179J,,SCHEDULED,240,4.0
2026-10-08T03:56:23Z,5179J77402R4,5179J,,SCHEDULED,-120,-2.0
2026-10-08T03:56:23Z,5179J77600R4,5179J,,SCHEDULED,240,4.0
2026-10-08T03:56:23Z,5179J25604R1,5179J,,SCHEDULED,240,4.0
2026-10-08T03:56:23Z,5179J77502R4,5179J,,SCHEDULED,1920,32.0
2026-10-08T03:56:23Z,5179J77404R4,5179J,,SCHEDULED,-180,-3.0
2026-10-08T03:56:23Z,5179J77602R4,5179J,,SCHEDULED,300,5.0
2026-10-08T03:56:23Z,5179J25702R1,5179J,,SCHEDULED,240,4.0
2026-10-08T03:56:23Z,5179J77702R4,5179J,,SCHEDULED,60,1.0
2026-10-08T03:56:23Z,5179J77504R4,5179J,,SCHEDULED,360,6.0
2026-10-08T03:56:23Z,5179J33521R4,5179J,,SCHEDULED,60,1.0
2026-10-08T03:56:23Z,5179J77506R4,5179J,,SCHEDULED,180,3.0
2026-10-08T03:56:23Z,5179J15720R11,5179J,,CANCELED,,
2026-10-08T03:56:23Z,5179J25606R1,5179J,,SCHEDULED,-60,-1.0
2026-10-08T03:56:23Z,5179J33520RL4,5179J,,SCHEDULED,240,4.0
2026-10-08T03:56:23Z,5179J35518R3,5179J,,SCHEDULED,0,0.0
2026-10-08T03:56:23Z,5179J25608R1,5179J,,SCHEDULED,0,0.0
2026-10-08T03:56:23Z,5179J15002R15,5179J,,SCHEDULED,0,0.0
2026-10-08T03:56:23Z,5179J15000R15,5179J,,SCHEDULED,-60,-1.0
2026-10-08T03:56:23Z,5179J25400R2,5179J,,SCHEDULED,1020,17.0
2026-10-08T03:56:23Z,5179J25600R1,5179J,,SCHEDULED,0,0.0
2026-10-08T03:56:23Z,5179J25402R2N,5179J,,SCHEDULED,0,0.0
2026-10-08T03:56:23Z,5179J25501R2S,5179J,,SCHEDULED,-120,-2.0
2026-10-08T03:56:23Z,5179J28556R2N,5179J,,SCHEDULED,540,9.0
2026-10-08T03:56:23Z,6079J26105C1,6079J,,SCHEDULED,0,0.0
2026-10-08T03:56:23Z,6079J26600C3,6079J,,SCHEDULED,60,1.0
2026-10-08T03:56:23Z,6079J26501C3,6079J,,SCHEDULED,60,1.0
2026-10-08T03:56:23Z,6079J26504C3,6079J,,SCHEDULED,-60,-1.0
2026-10-08T03:56:23Z,6079J26102C1,6079J,,SCHEDULED,180,3.0
2026-10-08T03:56:23Z,6079J26003C2,6079J,,SCHEDULED,120,2.0
2026-10-08T03:56:23Z,6079J26002C2,6079J,,SCHEDULED,0,0.0
2026-10-08T03:56:23Z,6079J26602C3,6079J,,SCHEDULED,0,0.0
2026-10-08T03:56:23Z,6079J26503C3,6079J,,SCHEDULED,120,2.0
2026-10-08T03:56:23Z,6079J26005C2,6079J,,SCHEDULED,60,1.0
2026-10-08T03:56:23Z,6079J71503C4,6079J,,SCHEDULED,0,0.0
2026-10-08T03:56:23Z,6079J26500C3,6079J,,SCHEDULED,120,2.0
2026-10-08T03:56:23Z,6079J71501C4,6079J,,SCHEDULED,-60,-1.0
2026-10-08T03:56:23Z,6079J26004C2,6079J,,SCHEDULED,120,2.0
2026-10-08T03:56:23Z,6079J71500C4,6079J,,SCHEDULED,0,0.0
2026-10-08T03:56:23Z,6079J26103C1,6079J,,SCHEDULED,120,2.0
2026-10-08T03:56:23Z,6079J26104C1,6079J,,SCHEDULED,0,0.0
2026-10-08T03:56:23Z,6079J26502C3,6079J,,SCHEDULED,-60,-1.0
2026-10-08T03:56:23Z,6179J35612C1,6179J,,SCHEDULED,0,0.0
2026-10-08T03:56:23Z,6179J35663C1,6179J,,SCHEDULED,0,0.0
2026-10-08T03:56:23Z,6179J35688C1,6179J,,SCHEDULED,600,10.0
2026-10-08T03:56:23Z,6179J35613C1,6179J,,SCHEDULED,0,0.0
2026-10-08T03:56:23Z,6179J35614C1,6179J,,SCHEDULED,0,0.0
2026-10-08T03:56:23Z,6279J71152C2,6279J,,SCHEDULED,0,0.0
2026-10-08T03:56:23Z,6279J71104C2,6279J,,SCHEDULED,0,0.0
2026-10-08T03:56:23Z,6279J71301C3,6279J,,SCHEDULED,0,0.0
2026-10-08T03:56:23Z,6279J71103C2,6279J,,SCHEDULED,0,0.0
2026-10-08T03:56:23Z,4779J71091C1,4779J,,SCHEDULED,0,0.0
2026-10-08T03:56:23Z,4779J71080C1,4779J,,SCHEDULED,0,0.0
2026-10-08T03:56:23Z,2079J70500C7,2079J,,CANCELED,,
2026-10-08T03:56:23Z,2079J70502C7,2079J,,SCHEDULED,0,0.0
2026-10-08T03:56:23Z,2079J70400C5,2079J,,SCHEDULED,120,2.0
2026-10-08T03:56:23Z,2079J70201C4,2079J,,SCHEDULED,0,0.0
2026-10-08T03:56:23Z,2079J22000C1,2079J,,SCHEDULED,0,0.0
2026-10-08T03:56:23Z,2079J22002C1,2079J,,SCHEDULED,0,0.0
2026-10-08T03:56:23Z,2079J70801C6,2079J,,SCHEDULED,0,0.0
2026-10-08T03:56:23Z,2079J70900C8,2079J,,SCHEDULED,420,7.0
2026-10-08T03:56:23Z,2079J70506C7,2079J,,SCHEDULED,0,0.0
2026-10-08T03:56:23Z,2079J22305C3,2079J,,SCHEDULED,0,0.0
2026-10-08T03:56:23Z,2079J70501C7,2079J,,CANCELED,,
2026-10-08T03:56:23Z,2079J70302C4,2079J,,SCHEDULED,0,0.0
2026-10-08T03:56:23Z,2079J70401C5,2079J,,SCHEDULED,0,0.0
2026-10-08T03:56:23Z,2079J70853C6,2079J,,SCHEDULED,0,0.0
2026-10-08T03:56:23Z,2079J70237C4,2079J,,SCHEDULED,-6240,-104.0
2026-10-08T03:56:23Z,2079J22200C2,2079J,,SCHEDULED,0,0.0
2026-10-08T03:56:23Z,2079J70753C6,2079J,,SCHEDULED,180,3.0
2026-10-08T03:56:23Z,2079J22101C1,2079J,,SCHEDULED,600,10.0
2026-10-08T03:56:23Z,2079J70755C6,2079J,,SCHEDULED,0,0.0
2026-10-08T03:56:23Z,2079J70750C6,2079J,,SCHEDULED,0,0.0
2026-10-08T03:56:23Z,2079J70752C6,2079J,,SCHEDULED,0,0.0
2026-10-08T03:56:23Z,2079J22202C2,2079J,,SCHEDULED,0,0.0
2026-10-08T03:56:23Z,2079J70508C7,2079J,,SCHEDULED,0,0.0
2026-10-08T03:56:23Z,2079J22004C1,2079J,,SCHEDULED,0,0.0
2026-10-08T03:56:23Z,2079J22103C1,2079J,,SCHEDULED,240,4.0
2026-10-08T03:56:23Z,2079J22303C3,2079J,,SCHEDULED,0,0.0
2026-10-08T03:56:23Z,2079J80851C6,2079J,,SCHEDULED,900,15.0
2026-10-08T03:56:23Z,4179J84901C2,4179J,,SCHEDULED,0,0.0
2026-10-08T03:56:23Z,4179J24701C1,4179J,,SCHEDULED,120,2.0
2026-10-08T03:56:23Z,4179J84900C2,4179J,,SCHEDULED,0,0.0
2026-10-08T03:56:23Z,4179J24700C1,4179J,,SCHEDULED,0,0.0
2026-10-08T03:56:23Z,4579J71601C1,4579J,,SCHEDULED,0,0.0
2026-10-08T03:56:23Z,1079J21001C8a,1079J,,SCHEDULED,0,0.0
2026-10-08T03:56:23Z,1079J21304C10,1079J,,SCHEDULED,0,0.0
2026-10-08T03:56:23Z,1079J20215C4a,1079J,,SCHEDULED,0,0.0
2026-10-08T03:56:23Z,1079J20413C4b,1079J,,SCHEDULED,240,4.0
2026-10-08T03:56:23Z,1079J21000C8a,1079J,,SCHEDULED,180,3.0
2026-10-08T03:56:23Z,1079J21804C7,1079J,,SCHEDULED,0,0.0
2026-10-08T03:56:23Z,1079J19508C5,1079J,,SCHEDULED,0,0.0
2026-10-08T03:56:23Z,1079J21605C2,1079J,,SCHEDULED,60,1.0
2026-10-08T03:56:23Z,1079J21802C7,1079J,,SCHEDULED,0,0.0
2026-10-08T03:56:23Z,1079J21603C2,1079J,,SCHEDULED,60,1.0
2026-10-08T03:56:23Z,1079J19509C5,1079J,,SCHEDULED,60,1.0
2026-10-08T03:56:23Z,1079J21800C7,1079J,,SCHEDULED,120,2.0
2026-10-08T03:56:23Z,1079J19504C5,1079J,,SCHEDULED,0,0.0
2026-10-08T03:56:23Z,1079J20710C5,1079J,,SCHEDULED,0,0.0
2026-10-08T03:56:23Z,1079J21601C2,1079J,,SCHEDULED,300,5.0
2026-10-08T03:56:23Z,1079J35975C2,1079J,,SCHEDULED,0,0.0
2026-10-08T03:56:23Z,1079J35973C2,1079J,,SCHEDULED,60,1.0
2026-10-08T03:56:23Z,1079J19503C5,1079J,,SCHEDULED,0,0.0
2026-10-08T03:56:23Z,1079J20709C5,1079J,,SCHEDULED,0,0.0
2026-10-08T03:56:23Z,1079J19505C5,1079J,,SCHEDULED,60,1.0
2026-10-08T03:56:23Z,1079J19805C1,1079J,,SCHEDULED,0,0.0
2026-10-08T03:56:23Z,1079J36305C10,1079J,,SCHEDULED,0,0.0
2026-10-08T03:56:23Z,1079J19800C1,1079J,,SCHEDULED,120,2.0
2026-10-08T03:56:23Z,1079J21512C2,1079J,,SCHEDULED,0,0.0
2026-10-08T03:56:23Z,1079J19510C5,1079J,,SCHEDULED,0,0.0
2026-10-08T03:56:23Z,1079J19803C1,1079J,,SCHEDULED,600,10.0
2026-10-08T03:56:23Z,1079J21510C2,1079J,,SCHEDULED,240,4.0
2026-10-08T03:56:23Z,1079J19513C5,1079J,,SCHEDULED,0,0.0
2026-10-08T03:56:23Z,1079J19512C5,1079J,,SCHEDULED,60,1.0
2026-10-08T03:56:23Z,1079J19802C1,1079J,,SCHEDULED,0,0.0
2026-10-08T03:56:23Z,1079J19527C5,1079J,,SCHEDULED,0,0.0
2026-10-08T03:56:23Z,1079J20706C5,1079J,,SCHEDULED,0,0.0
2026-10-08T03:56:23Z,1079J19533C5,1079J,,SCHEDULED,0,0.0
2026-10-08T03:56:23Z,1079J20704C5,1079J,,SCHEDULED,0,0.0
2026-10-08T03:56:23Z,1079J20005C3,1079J,,SCHEDULED,180,3.0
2026-10-08T03:56:23Z,1079J20004C3,1079J,,SCHEDULED,300,5.0
2026-10-08T03:56:23Z,1079J20703C5,1079J,,SCHEDULED,0,0.0
2026-10-08T03:56:23Z,1079J20003C3,1079J,,SCHEDULED,180,3.0
2026-10-08T03:56:23Z,1079J20206C4,1079J,,SCHEDULED,0,0.0
2026-10-08T03:56:23Z,1079J20702C5,1079J,,SCHEDULED,0,0.0
2026-10-08T03:56:23Z,1079J19518C5,1079J,,SCHEDULED,0,0.0
2026-10-08T03:56:23Z,1079J19515C5,1079J,,SCHEDULED,0,0.0
2026-10-08T03:56:23Z,1079J19522C5,1079J,,SCHEDULED,0,0.0
2026-10-08T03:56:23Z,1079J19521C5,1079J,,SCHEDULED,0,0.0
2026-10-08T03:56:23Z,1079J21002C8a,1079J,,SCHEDULED,0,0.0
2026-10-08T03:56:23Z,1079J20601C8b,1079J,,SCHEDULED,0,0.0
2026-10-08T03:56:23Z,1079J21200C10,1079J,,SCHEDULED,0,0.0
2026-10-08T03:56:23Z,1079J20205C4a,1079J,,SCHEDULED,180,3.0
2026-10-08T03:56:23Z,1079J20600C8b,1079J,,SCHEDULED,0,0.0
2026-10-08T03:56:23Z,1079J21303C10,1079J,,SCHEDULED,60,1.0
2026-10-08T03:56:23Z,1079J20006C3,1079J,,SCHEDULED,0,0.0
2026-10-08T03:56:23Z,1079J20402C4b,1079J,,SCHEDULED,240,4.0
2026-10-08T03:56:23Z,1079J20204C4,1079J,,SCHEDULED,60,1.0
2026-10-08T03:56:23Z,1079J21807C7,1079J,,SCHEDULED,120,2.0
2026-10-08T03:56:23Z,1079J21501C2,1079J,,SCHEDULED,180,3.0
2026-10-08T03:56:23Z,1079J21104C10,1079J,,SCHEDULED,540,9.0
2026-10-08T03:56:23Z,1079J35809C7,1079J,,SCHEDULED,480,8.0
2026-10-08T03:56:23Z,1079J19537C5,1079J,,SCHEDULED,0,0.0
2026-10-08T03:56:23Z,1079J20411C4b,1079J,,SCHEDULED,180,3.0
2026-10-08T03:56:23Z,1079J19539C5,1079J,,SCHEDULED,0,0.0
2026-10-08T03:56:23Z,1079J20002C3,1079J,,SCHEDULED,60,1.0
2026-10-08T03:56:23Z,1079J21500C2,1079J,,SCHEDULED,120,2.0
2026-10-08T03:56:23Z,1079J19531C5,1079J,,SCHEDULED,0,0.0
2026-10-08T03:56:23Z,1079J20409C4b,1079J,,SCHEDULED,540,9.0
2026-10-08T03:56:23Z,1079J20212C4a,1079J,,SCHEDULED,0,0.0
2026-10-08T03:56:23Z,1079J20408C4b,1079J,,SCHEDULED,0,0.0
2026-10-08T03:56:23Z,1079J20209C4a,1079J,,SCHEDULED,300,5.0
2026-10-08T03:56:23Z,1079J19502C5,1079J,,SCHEDULED,60,1.0
2026-10-08T03:56:23Z,1079J20211C4a,1079J,,SCHEDULED,0,0.0
2026-10-08T03:56:23Z,1079J20407C4b,1079J,,SCHEDULED,360,6.0
2026-10-08T03:56:23Z,1079J21300C10,1079J,,SCHEDULED,120,2.0
2026-10-08T03:56:23Z,1079J20210C4,1079J,,SCHEDULED,0,0.0
2026-10-08T03:56:23Z,1079J20011C3,1079J,,SCHEDULED,0,0.0
2026-10-08T03:56:23Z,1079J21100C10,1079J,,SCHEDULED,240,4.0
2026-10-08T03:56:23Z,1079J20406C4b,1079J,,SCHEDULED,0,0.0
2026-10-08T03:56:23Z,1079J20208C4,1079J,,SCHEDULED,0,0.0
2026-10-08T03:56:23Z,1079J20009C3,1079J,,SCHEDULED,0,0.0
2026-10-08T03:56:23Z,1079J21509C2,1079J,,SCHEDULED,0,0.0
2026-10-08T03:56:23Z,1079J20207C4a,1079J,,SCHEDULED,0,0.0
2026-10-08T03:56:23Z,1079J20405C4b,1079J,,SCHEDULED,240,4.0
2026-10-08T03:56:23Z,1079J20008C3,1079J,,SCHEDULED,0,0.0
2026-10-08T03:56:23Z,1079J21508C2,1079J,,SCHEDULED,0,0.0
2026-10-08T03:56:23Z,1079J21506C2,1079J,,SCHEDULED,60,1.0
2026-10-08T03:56:23Z,1079J20218C4a,1079J,,SCHEDULED,0,0.0
2026-10-08T03:56:23Z,1079J21505C2,1079J,,SCHEDULED,0,0.0
2026-10-08T03:56:23Z,1079J21703C2,1079J,,SCHEDULED,60,1.0
2026-10-08T03:56:23Z,1079J20217C4a,1079J,,SCHEDULED,0,0.0
2026-10-08T03:56:23Z,1079J20415C4b,1079J,,SCHEDULED,-60,-1.0
2026-10-08T03:56:23Z,1079J21504C2,1079J,,SCHEDULED,180,3.0
2026-10-08T03:56:23Z,1079J20216C4a,1079J,,SCHEDULED,0,0.0
2026-10-08T03:56:23Z,1079J21503C2,1079J,,SCHEDULED,60,1.0
2026-10-08T04:01:51Z,3079J23506C1,3079J,,SCHEDULED,0,0.0
2026-10-08T04:01:51Z,3079J23509C1,3079J,,SCHEDULED,0,0.0
2026-10-08T04:01:51Z,3079J23101C3,3079J,,SCHEDULED,-300,-5.0
2026-10-08T04:01:51Z,3079J23502C1,3079J,,SCHEDULED,120,2.0
2026-10-08T04:01:51Z,3079J23701C5,3079J,,SCHEDULED,0,0.0
2026-10-08T04:01:51Z,3079J23500C1,3079J,,SCHEDULED,240,4.0
2026-10-08T04:01:51Z,3079J23801C5,3079J,,SCHEDULED,0,0.0
2026-10-08T04:01:51Z,3079J23504C1,3079J,,SCHEDULED,60,1.0
2026-10-08T04:01:51Z,3079J23601C4,3079J,,SCHEDULED,1680,28.0
2026-10-08T04:01:51Z,3079J23505C1,3079J,,SCHEDULED,60,1.0
2026-10-08T04:01:51Z,3179J23201C1,3179J,,SCHEDULED,60,1.0
2026-10-08T04:01:51Z,3179J23202C1,3179J,,SCHEDULED,0,0.0
2026-10-08T04:01:51Z,3179J23422T1,3179J,,SCHEDULED,0,0.0
2026-10-08T04:01:51Z,3179J23203C1,3179J,,SCHEDULED,0,0.0
2026-10-08T04:01:51Z,3179J23200C1,3179J,,SCHEDULED,0,0.0
2026-10-08T04:01:51Z,3179J23421T1,3179J,,SCHEDULED,0,0.0
2026-10-08T04:01:51Z,3279J23303C1,3279J,,SCHEDULED,60,1.0
2026-10-08T04:01:51Z,3279J23305C1,3279J,,SCHEDULED,0,0.0
2026-10-08T04:01:51Z,3279J23302C1,3279J,,SCHEDULED,0,0.0
2026-10-08T04:01:51Z,3279J23151C2,3279J,,SCHEDULED,60,1.0
2026-10-08T04:01:51Z,4079J31400C3,4079J,,SCHEDULED,0,0.0
2026-10-08T04:01:51Z,4079J84004C2,4079J,,SCHEDULED,0,0.0
2026-10-08T04:01:51Z,4079J84601C5,4079J,,SCHEDULED,0,0.0
2026-10-08T04:01:51Z,4079J24380C6,4079J,,SCHEDULED,240,4.0
2026-10-08T04:01:51Z,4079J80001C3,4079J,,SCHEDULED,0,0.0
2026-10-08T04:01:51Z,4079J24381C6,4079J,,SCHEDULED,0,0.0
2026-10-08T04:01:51Z,4079J30433C6,4079J,,SCHEDULED,0,0.0
2026-10-08T04:01:51Z,4079J24000C2,4079J,,SCHEDULED,60,1.0
2026-10-08T04:01:51Z,4079J24001C2,4079J,,SCHEDULED,180,3.0
2026-10-08T04:01:51Z,4079J24202C1,4079J,,SCHEDULED,0,0.0
2026-10-08T04:01:51Z,4079J24301C6,4079J,,SCHEDULED,0,0.0
2026-10-08T04:01:51Z,4079J24103C2,4079J,,SCHEDULED,240,4.0
2026-10-08T04:01:51Z,4079J24107C2,4079J,,SCHEDULED,0,0.0
2026-10-08T04:01:51Z,4079J31454C3,4079J,,SCHEDULED,0,0.0
2026-10-08T04:01:51Z,4079J24002C2,4079J,,SCHEDULED,180,3.0
2026-10-08T04:01:51Z,4079J24200C1,4079J,,SCHEDULED,0,0.0
2026-10-08T04:01:51Z,4079J24003C2,4079J,,SCHEDULED,0,0.0
2026-10-08T04:01:51Z,4079J24300C6,4079J,,SCHEDULED,60,1.0
2026-10-08T04:01:51Z,4079J24201C1,4079J,,SCHEDULED,60,1.0
2026-10-08T04:01:51Z,5179J25606R1,5179J,,SCHEDULED,-60,-1.0
2026-10-08T04:01:51Z,5179J25608R1,5179J,,SCHEDULED,0,0.0
2026-10-08T04:01:51Z,5179J15002R15,5179J,,SCHEDULED,0,0.0
2026-10-08T04:01:51Z,5179J15000R15,5179J,,SCHEDULED,60,1.0
2026-10-08T04:01:51Z,5179J25400R2,5179J,,SCHEDULED,1020,17.0
2026-10-08T04:01:51Z,5179J25600R1,5179J,,SCHEDULED,0,0.0
2026-10-08T04:01:51Z,5179J25402R2N,5179J,,SCHEDULED,0,0.0
2026-10-08T04:01:51Z,5179J28556R2N,5179J,,SCHEDULED,360,6.0
2026-10-08T04:01:51Z,5179J25602R1,5179J,,SCHEDULED,660,11.0
2026-10-08T04:01:51Z,5179J25604R1,5179J,,SCHEDULED,300,5.0
2026-10-08T04:01:51Z,5179J15720R11,5179J,,CANCELED,,
2026-10-08T04:01:51Z,5179J35516R3,5179J,,SCHEDULED,60,1.0
2026-10-08T04:01:51Z,5179J28402R2N,5179J,,SCHEDULED,600,10.0
2026-10-08T04:01:51Z,5179J28406R2N,5179J,,SCHEDULED,0,0.0
2026-10-08T04:01:51Z,5179J28400R2N,5179J,,SCHEDULED,720,12.0
2026-10-08T04:01:51Z,5179J77400R4,5179J,,SCHEDULED,-60,-1.0
2026-10-08T04:01:51Z,5179J77402R4,5179J,,SCHEDULED,-120,-2.0
2026-10-08T04:01:51Z,5179J77600R4,5179J,,SCHEDULED,660,11.0
2026-10-08T04:01:51Z,5179J77404R4,5179J,,SCHEDULED,0,0.0
2026-10-08T04:01:51Z,5179J77602R4,5179J,,SCHEDULED,300,5.0
2026-10-08T04:01:51Z,5179J15772R11,5179J,,CANCELED,,
2026-10-08T04:01:51Z,5179J18121R16,5179J,,SCHEDULED,60,1.0
2026-10-08T04:01:51Z,5179J15770R11,5179J,,CANCELED,,
2026-10-08T04:01:51Z,5179J28404R2N,5179J,,SCHEDULED,120,2.0
2026-10-08T04:01:51Z,5179J28264R2S,5179J,,SCHEDULED,660,11.0
2026-10-08T04:01:51Z,5179J77980R4,5179J,,CANCELED,,
2026-10-08T04:01:51Z,5179J28265R2S,5179J,,SCHEDULED,120,2.0
2026-10-08T04:01:51Z,5179J28263R2S,5179J,,SCHEDULED,60,1.0
2026-10-08T04:01:51Z,5179J28500R2,5179J,,SCHEDULED,420,7.0
2026-10-08T04:01:51Z,5179J77502R4,5179J,,SCHEDULED,1860,31.0
2026-10-08T04:01:51Z,5179J77702R4,5179J,,SCHEDULED,0,0.0
2026-10-08T04:01:51Z,5179J77504R4,5179J,,SCHEDULED,480,8.0
2026-10-08T04:01:51Z,5179J77704R4,5179J,,SCHEDULED,0,0.0
2026-10-08T04:01:51Z,5179J33521RL4,5179J,,SCHEDULED,60,1.0
2026-10-08T04:01:51Z,5179J77506R4,5179J,,SCHEDULED,120,2.0
2026-10-08T04:01:51Z,5179J77706R4,5179J,,SCHEDULED,0,0.0
2026-10-08T04:01:51Z,5179J77508R4,5179J,,SCHEDULED,60,1.0
2026-10-08T04:01:51Z,5179J25501R2S,5179J,,SCHEDULED,-120,-2.0
2026-10-08T04:01:51Z,5179J25701R1,5179J,,SCHEDULED,240,4.0
2026-10-08T04:01:51Z,5179J25502R2S,5179J,,SCHEDULED,0,0.0
2026-10-08T04:01:51Z,5179J25702R1,5179J,,SCHEDULED,300,5.0
2026-10-08T04:01:51Z,5179J77510R4,5179J,,SCHEDULED,420,7.0
2026-10-08T04:01:51Z,5179J33520RL4,5179J,,SCHEDULED,1080,18.0
2026-10-08T04:01:51Z,5179J35518R3,5179J,,SCHEDULED,0,0.0
2026-10-08T04:01:51Z,5179J15900R11,5179J,,CANCELED,,
2026-10-08T04:01:51Z,6079J26006C2,6079J,,SCHEDULED,0,0.0
2026-10-08T04:01:51Z,6079J26105C1,6079J,,SCHEDULED,0,0.0
2026-10-08T04:01:51Z,6079J26600C3,6079J,,SCHEDULED,120,2.0
2026-10-08T04:01:51Z,6079J26501C3,6079J,,SCHEDULED,0,0.0
2026-10-08T04:01:51Z,6079J26504C3,6079J,,SCHEDULED,0,0.0
2026-10-08T04:01:51Z,6079J26500C3,6079J,,SCHEDULED,180,3.0
2026-10-08T04:01:51Z,6079J26004C2,6079J,,SCHEDULED,60,1.0
2026-10-08T04:01:51Z,6079J26103C1,6079J,,SCHEDULED,180,3.0
2026-10-08T04:01:51Z,6079J26007C2,6079J,,SCHEDULED,0,0.0
2026-10-08T04:01:51Z,6079J26601C3,6079J,,SCHEDULED,0,0.0
2026-10-08T04:01:51Z,6079J26502C3,6079J,,SCHEDULED,0,0.0
2026-10-08T04:01:51Z,6079J71503C4,6079J,,SCHEDULED,60,1.0
2026-10-08T04:01:51Z,6079J71501C4,6079J,,SCHEDULED,-60,-1.0
2026-10-08T04:01:51Z,6079J71500C4,6079J,,SCHEDULED,0,0.0
2026-10-08T04:01:51Z,6079J26104C1,6079J,,SCHEDULED,0,0.0
2026-10-08T04:01:51Z,6079J26005C2,6079J,,SCHEDULED,120,2.0
2026-10-08T04:01:51Z,6079J26102C1,6079J,,SCHEDULED,120,2.0
2026-10-08T04:01:51Z,6079J26003C2,6079J,,SCHEDULED,120,2.0
2026-10-08T04:01:51Z,6079J26002C2,6079J,,SCHEDULED,60,1.0
2026-10-08T04:01:51Z,6079J26602C3,6079J,,SCHEDULED,120,2.0
2026-10-08T04:01:51Z,6079J26503C3,6079J,,SCHEDULED,-60,-1.0
2026-10-08T04:01:51Z,6079J26505C3,6079J,,SCHEDULED,0,0.0
2026-10-08T04:01:51Z,6179J35612C1,6179J,,SCHEDULED,0,0.0
2026-10-08T04:01:51Z,6179J35663C1,6179J,,SCHEDULED,-60,-1.0
2026-10-08T04:01:51Z,6179J35688C1,6179J,,SCHEDULED,480,8.0
2026-10-08T04:01:51Z,6179J35613C1,6179J,,SCHEDULED,0,0.0
2026-10-08T04:01:51Z,6179J35614C1,6179J,,SCHEDULED,0,0.0
2026-10-08T04:01:51Z,6279J71102C2,6279J,,SCHEDULED,180,3.0
2026-10-08T04:01:51Z,6279J71351C3,6279J,,SCHEDULED,-120,-2.0
2026-10-08T04:01:51Z,6279J71104C2,6279J,,SCHEDULED,-60,-1.0
2026-10-08T04:01:51Z,6279J71201C3,6279J,,SCHEDULED,0,0.0
2026-10-08T04:01:51Z,6279J71301C3,6279J,,SCHEDULED,0,0.0
2026-10-08T04:01:51Z,6279J71103C2,6279J,,SCHEDULED,0,0.0
2026-10-08T04:01:51Z,4779J71091C1,4779J,,SCHEDULED,0,0.0
2026-10-08T04:01:51Z,4779J71080C1,4779J,,SCHEDULED,0,0.0
2026-10-08T04:01:51Z,2079J70401C5,2079J,,SCHEDULED,120,2.0
2026-10-08T04:01:51Z,2079J70502C7,2079J,,SCHEDULED,0,0.0
2026-10-08T04:01:51Z,2079J70202C4,2079J,,SCHEDULED,0,0.0
2026-10-08T04:01:51Z,2079J70400C5,2079J,,SCHEDULED,120,2.0
2026-10-08T04:01:51Z,2079J70201C4,2079J,,SCHEDULED,0,0.0
2026-10-08T04:01:51Z,2079J22000C1,2079J,,SCHEDULED,0,0.0
2026-10-08T04:01:51Z,2079J22202C2,2079J,,SCHEDULED,180,3.0
2026-10-08T04:01:51Z,2079J22103C1,2079J,,SCHEDULED,180,3.0
2026-10-08T04:01:51Z,2079J22303C3,2079J,,SCHEDULED,0,0.0
2026-10-08T04:01:51Z,2079J80851C6,2079J,,SCHEDULED,1200,20.0
2026-10-08T04:01:51Z,2079J22002C1,2079J,,SCHEDULED,240,4.0
2026-10-08T04:01:51Z,2079J22200C2,2079J,,SCHEDULED,60,1.0
2026-10-08T04:01:51Z,2079J22201C2,2079J,,SCHEDULED,0,0.0
2026-10-08T04:01:51Z,2079J22004C1,2079J,,SCHEDULED,0,0.0
2026-10-08T04:01:51Z,2079J70901C8,2079J,,SCHEDULED,0,0.0
2026-10-08T04:01:51Z,2079J70801C6,2079J,,SCHEDULED,0,0.0
2026-10-08T04:01:51Z,2079J70900C8,2079J,,SCHEDULED,120,2.0
2026-10-08T04:01:51Z,2079J70506C7,2079J,,SCHEDULED,0,0.0
2026-10-08T04:01:51Z,2079J22305C3,2079J,,SCHEDULED,0,0.0
2026-10-08T04:01:51Z,2079J70501C7,2079J,,CANCELED,,
2026-10-08T04:01:51Z,2079J70500C7,2079J,,CANCELED,,
2026-10-08T04:01:51Z,2079J70302C4,2079J,,SCHEDULED,0,0.0
2026-10-08T04:01:51Z,2079J70754C6,2079J,,SCHEDULED,0,0.0
2026-10-08T04:01:51Z,2079J70853C6,2079J,,SCHEDULED,0,0.0
2026-10-08T04:01:51Z,2079J70237C4,2079J,,SCHEDULED,-5880,-98.0
2026-10-08T04:01:51Z,2079J70755C6,2079J,,SCHEDULED,0,0.0
2026-10-08T04:01:51Z,2079J70750C6,2079J,,SCHEDULED,0,0.0
2026-10-08T04:01:51Z,2079J70752C6,2079J,,SCHEDULED,0,0.0
2026-10-08T04:01:51Z,2079J70508C7,2079J,,SCHEDULED,0,0.0
2026-10-08T04:01:51Z,4179J84901C2,4179J,,SCHEDULED,60,1.0
2026-10-08T04:01:51Z,4179J24700C1,4179J,,SCHEDULED,180,3.0
2026-10-08T04:01:51Z,4179J24701C1,4179J,,SCHEDULED,420,7.0
2026-10-08T04:01:51Z,4179J84900C2,4179J,,SCHEDULED,0,0.0
2026-10-08T04:01:51Z,4179J24703C1,4179J,,SCHEDULED,0,0.0
2026-10-08T04:01:51Z,4579J71601C1,4579J,,SCHEDULED,0,0.0
2026-10-08T04:01:51Z,1079J19541C5,1079J,,SCHEDULED,0,0.0
2026-10-08T04:01:51Z,1079J21509C2,1079J,,SCHEDULED,0,0.0
2026-10-08T04:01:51Z,1079J21508C2,1079J,,SCHEDULED,60,1.0
2026-10-08T04:01:51Z,1079J20417C4b,1079J,,SCHEDULED,0,0.0
2026-10-08T04:01:51Z,1079J21505C2,1079J,,SCHEDULED,0,0.0
2026-10-08T04:01:51Z,1079J20415C4b,1079J,,SCHEDULED,300,5.0
2026-10-08T04:01:51Z,1079J21504C2,1079J,,SCHEDULED,120,2.0
2026-10-08T04:01:51Z,1079J21503C2,1079J,,SCHEDULED,60,1.0
2026-10-08T04:01:51Z,1079J20413C4b,1079J,,SCHEDULED,300,5.0
2026-10-08T04:01:51Z,1079J21512C2,1079J,,SCHEDULED,0,0.0
2026-10-08T04:01:51Z,1079J21510C2,1079J,,SCHEDULED,540,9.0
2026-10-08T04:01:51Z,1079J20706C5,1079J,,SCHEDULED,0,0.0
2026-10-08T04:01:51Z,1079J20704C5,1079J,,SCHEDULED,0,0.0
2026-10-08T04:01:51Z,1079J20703C5,1079J,,SCHEDULED,0,0.0
2026-10-08T04:01:51Z,1079J20702C5,1079J,,SCHEDULED,0,0.0
2026-10-08T04:01:51Z,1079J21514C2,1079J,,SCHEDULED,0,0.0
2026-10-08T04:01:51Z,1079J19522C5,1079J,,SCHEDULED,0,0.0
2026-10-08T04:01:51Z,1079J19521C5,1079J,,SCHEDULED,0,0.0
2026-10-08T04:01:51Z,1079J21200C10,1079J,,SCHEDULED,180,3.0
2026-10-08T04:01:51Z,1079J21605C2,1079J,,SCHEDULED,180,3.0
2026-10-08T04:01:51Z,1079J21603C2,1079J,,SCHEDULED,240,4.0
2026-10-08T04:01:51Z,1079J21601C2,1079J,,SCHEDULED,480,8.0
2026-10-08T04:01:51Z,1079J19531C5,1079J,,SCHEDULED,0,0.0
2026-10-08T04:01:51Z,1079J20409C4b,1079J,,SCHEDULED,120,2.0
2026-10-08T04:01:51Z,1079J20408C4b,1079J,,SCHEDULED,0,0.0
2026-10-08T04:01:51Z,1079J20407C4b,1079J,,SCHEDULED,300,5.0
2026-10-08T04:01:51Z,1079J20406C4b,1079J,,SCHEDULED,0,0.0
2026-10-08T04:01:51Z,1079J20009C3,1079J,,SCHEDULED,0,0.0
2026-10-08T04:01:51Z,1079J20405C4b,1079J,,SCHEDULED,360,6.0
2026-10-08T04:01:51Z,1079J20008C3,1079J,,SCHEDULED,0,0.0
2026-10-08T04:01:51Z,1079J20007C3,1079J,,SCHEDULED,120,2.0
2026-10-08T04:01:51Z,1079J20006C3,1079J,,SCHEDULED,60,1.0
2026-10-08T04:01:51Z,1079J20402C4b,1079J,,SCHEDULED,0,0.0
2026-10-08T04:01:51Z,1079J19537C5,1079J,,SCHEDULED,0,0.0
2026-10-08T04:01:51Z,1079J19539C5,1079J,,SCHEDULED,0,0.0
2026-10-08T04:01:51Z,1079J35975C2,1079J,,SCHEDULED,0,0.0
2026-10-08T04:01:51Z,1079J19805C1,1079J,,SCHEDULED,0,0.0
2026-10-08T04:01:51Z,1079J19807C1,1079J,,SCHEDULED,0,0.0
2026-10-08T04:01:51Z,1079J36305C10,1079J,,SCHEDULED,0,0.0
2026-10-08T04:01:51Z,1079J19800C1,1079J,,SCHEDULED,60,1.0
2026-10-08T04:01:51Z,1079J19803C1,1079J,,SCHEDULED,120,2.0
2026-10-08T04:01:51Z,1079J19802C1,1079J,,SCHEDULED,0,0.0
2026-10-08T04:01:51Z,1079J19527C5,1079J,,SCHEDULED,0,0.0
2026-10-08T04:01:51Z,1079J19533C5,1079J,,SCHEDULED,0,0.0
2026-10-08T04:01:51Z,1079J20005C3,1079J,,SCHEDULED,240,4.0
2026-10-08T04:01:51Z,1079J20004C3,1079J,,SCHEDULED,120,2.0
2026-10-08T04:01:51Z,1079J20002C3,1079J,,SCHEDULED,120,2.0
2026-10-08T04:01:51Z,1079J21802C7,1079J,,SCHEDULED,0,0.0
2026-10-08T04:01:51Z,1079J21800C7,1079J,,SCHEDULED,0,0.0
2026-10-08T04:01:51Z,1079J20710C5,1079J,,SCHEDULED,0,0.0
2026-10-08T04:01:51Z,1079J20709C5,1079J,,SCHEDULED,0,0.0
2026-10-08T04:01:51Z,1079J20208C4,1079J,,SCHEDULED,60,1.0
2026-10-08T04:01:51Z,1079J20207C4a,1079J,,SCHEDULED,120,2.0
2026-10-08T04:01:51Z,1079J20602C8b,1079J,,SCHEDULED,0,0.0
2026-10-08T04:01:51Z,1079J20206C4,1079J,,SCHEDULED,0,0.0
2026-10-08T04:01:51Z,1079J21811C7,1079J,,SCHEDULED,0,0.0
2026-10-08T04:01:51Z,1079J20601C8b,1079J,,SCHEDULED,0,0.0
2026-10-08T04:01:51Z,1079J20205C4a,1079J,,SCHEDULED,120,2.0
2026-10-08T04:01:51Z,1079J20600C8b,1079J,,SCHEDULED,120,2.0
2026-10-08T04:01:51Z,1079J20204C4,1079J,,SCHEDULED,120,2.0
2026-10-08T04:01:51Z,1079J21807C7,1079J,,SCHEDULED,480,8.0
2026-10-08T04:01:51Z,1079J35809C7,1079J,,SCHEDULED,840,14.0
2026-10-08T04:01:51Z,1079J21501C2,1079J,,SCHEDULED,240,4.0
2026-10-08T04:01:51Z,1079J21104C10,1079J,,SCHEDULED,840,14.0
2026-10-08T04:01:51Z,1079J20411C4b,1079J,,SCHEDULED,180,3.0
2026-10-08T04:01:51Z,1079J21500C2,1079J,,SCHEDULED,300,5.0
2026-10-08T04:01:51Z,1079J20410C4b,1079J,,SCHEDULED,0,0.0
2026-10-08T04:01:51Z,1079J20011C3,1079J,,SCHEDULED,0,0.0
2026-10-08T04:01:51Z,1079J21100C10,1079J,,SCHEDULED,180,3.0
2026-10-08T04:01:51Z,1079J20010C3,1079J,,SCHEDULED,0,0.0
2026-10-08T04:01:51Z,1079J21303C10,1079J,,SCHEDULED,0,0.0
2026-10-08T04:01:51Z,1079J20212C4a,1079J,,SCHEDULED,60,1.0
2026-10-08T04:01:51Z,1079J20211C4a,1079J,,SCHEDULED,120,2.0
2026-10-08T04:01:51Z,1079J21300C10,1079J,,SCHEDULED,0,0.0
2026-10-08T04:01:51Z,1079J20210C4,1079J,,SCHEDULED,0,0.0
2026-10-08T04:01:51Z,1079J20218C4a,1079J,,SCHEDULED,0,0.0
2026-10-08T04:01:51Z,1079J20217C4a,1079J,,SCHEDULED,0,0.0
2026-10-08T04:01:51Z,1079J20216C4a,1079J,,SCHEDULED,360,6.0
2026-10-08T04:01:51Z,1079J21304C10,1079J,,SCHEDULED,0,0.0
2026-10-08T04:01:51Z,1079J20215C4a,1079J,,SCHEDULED,0,0.0
2026-10-08T04:01:51Z,1079J19508C5,1079J,,SCHEDULED,0,0.0
2026-10-08T04:01:51Z,1079J19509C5,1079J,,SCHEDULED,0,0.0
2026-10-08T04:01:51Z,1079J19504C5,1079J,,SCHEDULED,0,0.0
2026-10-08T04:01:51Z,1079J19503C5,1079J,,SCHEDULED,60,1.0
2026-10-08T04:01:51Z,1079J19505C5,1079J,,SCHEDULED,0,0.0
2026-10-08T04:01:51Z,1079J19510C5,1079J,,SCHEDULED,0,0.0
2026-10-08T04:01:51Z,1079J19513C5,1079J,,SCHEDULED,0,0.0
2026-10-08T04:01:51Z,1079J19512C5,1079J,,SCHEDULED,60,1.0
2026-10-08T04:01:51Z,1079J19518C5,1079J,,SCHEDULED,0,0.0
2026-10-08T04:01:51Z,1079J19515C5,1079J,,SCHEDULED,0,0.0
2026-10-08T04:01:51Z,1079J21002C8a,1079J,,SCHEDULED,0,0.0
2026-10-08T04:01:51Z,1079J21001C8a,1079J,,SCHEDULED,60,1.0
2026-10-08T04:01:51Z,1079J21000C8a,1079J,,SCHEDULED,180,3.0
2026-10-08T04:01:51Z,1079J21804C7,1079J,,SCHEDULED,240,4.0
2026-10-08T04:01:51Z,1079J20714C5,1079J,,SCHEDULED,0,0.0
