timestamp_utc,trip_id,tren,fecha_tren,estado,retraso_seg,retraso_min
2026-10-07T02:16:34Z,5178X77502R4,5178X,,SCHEDULED,0,0.0
2026-10-07T02:21:32Z,5178X77502R4,5178X,,SCHEDULED,0,0.0
2026-10-07T02:26:23Z,5178X77502R4,5178X,,SCHEDULED,0,0.0
2026-10-07T02:26:23Z,6178X80716C1,6178X,,SCHEDULED,0,0.0
2026-10-07T02:26:23Z,1078X20203C4a,1078X,,SCHEDULED,0,0.0
2026-10-07T02:31:47Z,5178X25400R2,5178X,,SCHEDULED,0,0.0
2026-10-07T02:31:47Z,5178X77502R4,5178X,,SCHEDULED,0,0.0
2026-10-07T02:31:47Z,6178X80716C1,6178X,,SCHEDULED,0,0.0
2026-10-07T02:31:47Z,1078X19502C5,1078X,,SCHEDULED,0,0.0
2026-10-07T02:31:47Z,1078X21601C2,1078X,,SCHEDULED,0,0.0
2026-10-07T02:31:47Z,1078X20205C4a,1078X,,SCHEDULED,0,0.0
2026-10-07T02:31:47Z,1078X20203C4a,1078X,,SCHEDULED,0,0.0
2026-10-07T02:31:47Z,1078X21500C2,1078X,,SCHEDULED,0,0.0
2026-10-07T02:36:22Z,5178X77600R4,5178X,,SCHEDULED,0,0.0
2026-10-07T02:36:22Z,5178X25400R2,5178X,,SCHEDULED,0,0.0
2026-10-07T02:36:22Z,6178X80716C1,6178X,,SCHEDULED,0,0.0
2026-10-07T02:36:22Z,1078X20403C4b,1078X,,SCHEDULED,0,0.0
2026-10-07T02:36:22Z,1078X21500C2,1078X,,SCHEDULED,0,0.0
2026-10-07T02:36:22Z,1078X19502C5,1078X,,SCHEDULED,0,0.0
2026-10-07T02:36:22Z,1078X20203C4a,1078X,,SCHEDULED,0,0.0
2026-10-07T02:36:22Z,1078X21601C2,1078X,,SCHEDULED,0,0.0
2026-10-07T02:36:22Z,1078X20205C4a,1078X,,SCHEDULED,0,0.0
2026-10-07T02:36:22Z,1078X21703C2,1078X,,SCHEDULED,0,0.0
2026-10-07T02:41:30Z,5178X25400R2,5178X,,SCHEDULED,0,0.0
2026-10-07T02:41:30Z,6178X80716C1,6178X,,SCHEDULED,0,0.0
2026-10-07T02:41:30Z,1078X21703C2,1078X,,SCHEDULED,0,0.0
2026-10-07T02:41:30Z,1078X20403C4b,1078X,,SCHEDULED,0,0.0
2026-10-07T02:41:30Z,1078X20205C4a,1078X,,SCHEDULED,0,0.0
2026-10-07T02:41:30Z,1078X35700C7,1078X,,SCHEDULED,0,0.0
2026-10-07T02:41:30Z,1078X21601C2,1078X,,SCHEDULED,120,2.0
2026-10-07T02:41:30Z,1078X20203C4a,1078X,,SCHEDULED,0,0.0
2026-10-07T02:41:30Z,1078X19502C5,1078X,,SCHEDULED,0,0.0
2026-10-07T02:41:30Z,1078X21500C2,1078X,,SCHEDULED,0,0.0
2026-10-07T02:46:30Z,5178X28557R2N,5178X,,SCHEDULED,0,0.0
2026-10-07T02:46:30Z,5178X25602R1,5178X,,SCHEDULED,0,0.0
2026-10-07T02:46:30Z,5178X25400R2,5178X,,SCHEDULED,0,0.0
2026-10-07T02:46:30Z,5178X77504R4,5178X,,SCHEDULED,0,0.0
2026-10-07T02:46:30Z,6078X26501C3,6078X,,SCHEDULED,0,0.0
2026-10-07T02:46:30Z,6078X26500C3,6078X,,SCHEDULED,0,0.0
2026-10-07T02:46:30Z,6178X35663C1,6178X,,SCHEDULED,0,0.0
2026-10-07T02:46:30Z,1078X19799C1,1078X,,SCHEDULED,0,0.0
2026-10-07T02:46:30Z,1078X21703C2,1078X,,SCHEDULED,0,0.0
2026-10-07T02:46:30Z,1078X19502C5,1078X,,SCHEDULED,0,0.0
2026-10-07T02:46:30Z,1078X20403C4b,1078X,,SCHEDULED,0,0.0
2026-10-07T02:46:30Z,1078X20002C3,1078X,,SCHEDULED,0,0.0
2026-10-07T02:46:30Z,1078X20205C4a,1078X,,SCHEDULED,0,0.0
2026-10-07T02:46:30Z,1078X21501C2,1078X,,SCHEDULED,0,0.0
2026-10-07T02:46:30Z,1078X19504C5,1078X,,SCHEDULED,0,0.0
2026-10-07T02:46:30Z,1078X20203C4a,1078X,,SCHEDULED,0,0.0
2026-10-07T02:46:30Z,1078X19503C5,1078X,,SCHEDULED,0,0.0
2026-10-07T02:46:30Z,1078X21500C2,1078X,,SCHEDULED,0,0.0
2026-10-07T02:46:30Z,1078X21601C2,1078X,,SCHEDULED,420,7.0
2026-10-07T02:46:30Z,1078X35700C7,1078X,,SCHEDULED,0,0.0
2026-10-07T02:51:29Z,5178X77600R4,5178X,,SCHEDULED,60,1.0
2026-10-07T02:51:29Z,5178X33520RL4,5178X,,SCHEDULED,0,0.0
2026-10-07T02:51:29Z,5178X28557R2N,5178X,,SCHEDULED,0,0.0
2026-10-07T02:51:29Z,5178X25602R1,5178X,,SCHEDULED,0,0.0
2026-10-07T02:51:29Z,5178X77504R4,5178X,,SCHEDULED,0,0.0
2026-10-07T02:51:29Z,5178X25400R2,5178X,,SCHEDULED,120,2.0
2026-10-07T02:51:29Z,6078X26500C3,6078X,,SCHEDULED,0,0.0
2026-10-07T02:51:29Z,6078X26501C3,6078X,,SCHEDULED,0,0.0
2026-10-07T02:51:29Z,6078X26100C1,6078X,,SCHEDULED,0,0.0
2026-10-07T02:51:29Z,6178X35663C1,6178X,,SCHEDULED,0,0.0
2026-10-07T02:51:29Z,6178X35688C1,6178X,,SCHEDULED,0,0.0
2026-10-07T02:51:29Z,2078X22101C1,2078X,,SCHEDULED,0,0.0
2026-10-07T02:51:29Z,1078X21703C2,1078X,,SCHEDULED,0,0.0
2026-10-07T02:51:29Z,1078X20403C4b,1078X,,SCHEDULED,0,0.0
2026-10-07T02:51:29Z,1078X20205C4a,1078X,,SCHEDULED,0,0.0
2026-10-07T02:51:29Z,1078X21601C2,1078X,,SCHEDULED,720,12.0
2026-10-07T02:51:29Z,1078X35700C7,1078X,,SCHEDULED,0,0.0
2026-10-07T02:51:29Z,1078X19504C5,1078X,,SCHEDULED,0,0.0
2026-10-07T02:51:29Z,1078X19503C5,1078X,,SCHEDULED,0,0.0
2026-10-07T02:51:29Z,1078X19505C5,1078X,,SCHEDULED,0,0.0
2026-10-07T02:51:29Z,1078X19799C1,1078X,,SCHEDULED,0,0.0
2026-10-07T02:51:29Z,1078X19502C5,1078X,,SCHEDULED,0,0.0
2026-10-07T02:51:29Z,1078X20002C3,1078X,,SCHEDULED,0,0.0
2026-10-07T02:51:29Z,1078X20407C4b,1078X,,SCHEDULED,0,0.0
2026-10-07T02:51:29Z,1078X21501C2,1078X,,SCHEDULED,0,0.0
2026-10-07T02:51:29Z,1078X20203C4a,1078X,,SCHEDULED,0,0.0
2026-10-07T02:51:29Z,1078X21500C2,1078X,,SCHEDULED,0,0.0
2026-10-07T02:51:29Z,1078X20003C3,1078X,,SCHEDULED,0,0.0
2026-10-07T02:56:22Z,3078X23500C1,3078X,,SCHEDULED,0,0.0
2026-10-07T02:56:22Z,3078X23501C1,3078X,,SCHEDULED,0,0.0
2026-10-07T02:56:22Z,4078X84002C2,4078X,,SCHEDULED,0,0.0
2026-10-07T02:56:22Z,4078X24101C2,4078X,,SCHEDULED,0,0.0
2026-10-07T02:56:22Z,5178X77600R4,5178X,,SCHEDULED,0,0.0
2026-10-07T02:56:22Z,5178X33520RL4,5178X,,SCHEDULED,0,0.0
2026-10-07T02:56:22Z,5178X77504R4,5178X,,SCHEDULED,0,0.0
2026-10-07T02:56:22Z,5178X25602R1,5178X,,SCHEDULED,0,0.0
2026-10-07T02:56:22Z,5178X25400R2,5178X,,SCHEDULED,420,7.0
2026-10-07T02:56:22Z,5178X28557R2N,5178X,,SCHEDULED,0,0.0
2026-10-07T02:56:22Z,6078X26000C2,6078X,,SCHEDULED,0,0.0
2026-10-07T02:56:22Z,6078X26501C3,6078X,,SCHEDULED,0,0.0
2026-10-07T02:56:22Z,6078X26500C3,6078X,,SCHEDULED,0,0.0
2026-10-07T02:56:22Z,6078X26100C1,6078X,,SCHEDULED,0,0.0
2026-10-07T02:56:22Z,6078X26001C2,6078X,,SCHEDULED,0,0.0
2026-10-07T02:56:22Z,6178X35663C1,6178X,,SCHEDULED,0,0.0
2026-10-07T02:56:22Z,6178X35688C1,6178X,,SCHEDULED,0,0.0
2026-10-07T02:56:22Z,2078X70751C6,2078X,,SCHEDULED,0,0.0
2026-10-07T02:56:22Z,2078X70500C7,2078X,,SCHEDULED,0,0.0
2026-10-07T02:56:22Z,2078X22101C1,2078X,,SCHEDULED,0,0.0
2026-10-07T02:56:22Z,1078X19799C1,1078X,,SCHEDULED,0,0.0
2026-10-07T02:56:22Z,1078X19502C5,1078X,,SCHEDULED,60,1.0
2026-10-07T02:56:22Z,1078X21703C2,1078X,,SCHEDULED,0,0.0
2026-10-07T02:56:22Z,1078X21603C2,1078X,,SCHEDULED,0,0.0
2026-10-07T02:56:22Z,1078X21300C10,1078X,,SCHEDULED,0,0.0
2026-10-07T02:56:22Z,1078X20403C4b,1078X,,SCHEDULED,0,0.0
2026-10-07T02:56:22Z,1078X20002C3,1078X,,SCHEDULED,0,0.0
2026-10-07T02:56:22Z,1078X20407C4b,1078X,,SCHEDULED,0,0.0
2026-10-07T02:56:22Z,1078X20205C4a,1078X,,SCHEDULED,0,0.0
2026-10-07T02:56:22Z,1078X20204C4,1078X,,SCHEDULED,0,0.0
2026-10-07T02:56:22Z,1078X19504C5,1078X,,SCHEDULED,60,1.0
2026-10-07T02:56:22Z,1078X20405C4b,1078X,,SCHEDULED,0,0.0
2026-10-07T02:56:22Z,1078X19503C5,1078X,,SCHEDULED,0,0.0
2026-10-07T02:56:22Z,1078X19505C5,1078X,,SCHEDULED,0,0.0
2026-10-07T02:56:22Z,1078X21601C2,1078X,,SCHEDULED,960,16.0
2026-10-07T02:56:22Z,1078X21501C2,1078X,,SCHEDULED,0,0.0
2026-10-07T02:56:22Z,1078X35700C7,1078X,,SCHEDULED,0,0.0
2026-10-07T02:56:22Z,1078X20096C3,1078X,,SCHEDULED,-58680,-978.0
2026-10-07T02:56:22Z,1078X20203C4a,1078X,,SCHEDULED,0,0.0
2026-10-07T02:56:22Z,1078X20202C4,1078X,,SCHEDULED,0,0.0
2026-10-07T02:56:22Z,1078X21500C2,1078X,,SCHEDULED,0,0.0
2026-10-07T02:56:22Z,1078X20003C3,1078X,,SCHEDULED,0,0.0
2026-10-07T03:01:59Z,3078X23500C1,3078X,,SCHEDULED,0,0.0
2026-10-07T03:01:59Z,3078X23501C1,3078X,,SCHEDULED,0,0.0
2026-10-07T03:01:59Z,4078X84002C2,4078X,,SCHEDULED,0,0.0
2026-10-07T03:01:59Z,4078X24101C2,4078X,,SCHEDULED,0,0.0
2026-10-07T03:01:59Z,5178X28500R2,5178X,,SCHEDULED,0,0.0
2026-10-07T03:01:59Z,5178X77600R4,5178X,,SCHEDULED,-60,-1.0
2026-10-07T03:01:59Z,5178X33520RL4,5178X,,SCHEDULED,0,0.0
2026-10-07T03:01:59Z,5178X77504R4,5178X,,SCHEDULED,0,0.0
2026-10-07T03:01:59Z,5178X28557R2N,5178X,,SCHEDULED,120,2.0
2026-10-07T03:01:59Z,5178X25602R1,5178X,,SCHEDULED,0,0.0
2026-10-07T03:01:59Z,5178X77400R4,5178X,,SCHEDULED,-120,-2.0
2026-10-07T03:01:59Z,5178X25400R2,5178X,,SCHEDULED,600,10.0
2026-10-07T03:01:59Z,6078X26000C2,6078X,,SCHEDULED,0,0.0
2026-10-07T03:01:59Z,6078X26501C3,6078X,,SCHEDULED,60,1.0
2026-10-07T03:01:59Z,6078X26500C3,6078X,,SCHEDULED,60,1.0
2026-10-07T03:01:59Z,6078X26100C1,6078X,,SCHEDULED,0,0.0
2026-10-07T03:01:59Z,6078X26001C2,6078X,,SCHEDULED,0,0.0
2026-10-07T03:01:59Z,6178X35688C1,6178X,,SCHEDULED,0,0.0
2026-10-07T03:01:59Z,6178X35663C1,6178X,,SCHEDULED,60,1.0
2026-10-07T03:01:59Z,6178X35612C1,6178X,,SCHEDULED,0,0.0
2026-10-07T03:01:59Z,6278X71150C2,6278X,,SCHEDULED,0,0.0
2026-10-07T03:01:59Z,2078X70400C5,2078X,,SCHEDULED,0,0.0
2026-10-07T03:01:59Z,2078X70751C6,2078X,,SCHEDULED,0,0.0
2026-10-07T03:01:59Z,2078X22101C1,2078X,,SCHEDULED,0,0.0
2026-10-07T03:01:59Z,2078X70500C7,2078X,,SCHEDULED,0,0.0
2026-10-07T03:01:59Z,1078X20203C4a,1078X,,SCHEDULED,120,2.0
2026-10-07T03:01:59Z,1078X20004C3,1078X,,SCHEDULED,0,0.0
2026-10-07T03:01:59Z,1078X20202C4,1078X,,SCHEDULED,0,0.0
2026-10-07T03:01:59Z,1078X20003C3,1078X,,SCHEDULED,0,0.0
2026-10-07T03:01:59Z,1078X19799C1,1078X,,SCHEDULED,0,0.0
2026-10-07T03:01:59Z,1078X20002C3,1078X,,SCHEDULED,0,0.0
2026-10-07T03:01:59Z,1078X20209C4a,1078X,,SCHEDULED,0,0.0
2026-10-07T03:01:59Z,1078X20407C4b,1078X,,SCHEDULED,0,0.0
2026-10-07T03:01:59Z,1078X20702C5,1078X,,SCHEDULED,0,0.0
2026-10-07T03:01:59Z,1078X20405C4b,1078X,,SCHEDULED,0,0.0
2026-10-07T03:01:59Z,1078X20205C4a,1078X,,SCHEDULED,60,1.0
2026-10-07T03:01:59Z,1078X20403C4b,1078X,,SCHEDULED,240,4.0
2026-10-07T03:01:59Z,1078X20204C4,1078X,,SCHEDULED,0,0.0
2026-10-07T03:01:59Z,1078X35700C7,1078X,,SCHEDULED,0,0.0
2026-10-07T03:01:59Z,1078X21601C2,1078X,,SCHEDULED,0,0.0
2026-10-07T03:01:59Z,1078X35973C2,1078X,,SCHEDULED,0,0.0
2026-10-07T03:01:59Z,1078X19509C5,1078X,,SCHEDULED,0,0.0
2026-10-07T03:01:59Z,1078X19504C5,1078X,,SCHEDULED,420,7.0
2026-10-07T03:01:59Z,1078X19503C5,1078X,,SCHEDULED,0,0.0
2026-10-07T03:01:59Z,1078X19505C5,1078X,,SCHEDULED,0,0.0
2026-10-07T03:01:59Z,1078X21501C2,1078X,,SCHEDULED,0,0.0
2026-10-07T03:01:59Z,1078X21500C2,1078X,,SCHEDULED,60,1.0
2026-10-07T03:01:59Z,1078X19502C5,1078X,,SCHEDULED,60,1.0
2026-10-07T03:01:59Z,1078X21300C10,1078X,,SCHEDULED,0,0.0
2026-10-07T03:01:59Z,1078X21100C10,1078X,,SCHEDULED,0,0.0
2026-10-07T03:01:59Z,1078X21703C2,1078X,,SCHEDULED,0,0.0
2026-10-07T03:01:59Z,1078X21603C2,1078X,,SCHEDULED,0,0.0
2026-10-07T03:06:21Z,3078X23501C1,3078X,,SCHEDULED,0,0.0
2026-10-07T03:06:21Z,3078X23500C1,3078X,,SCHEDULED,0,0.0
2026-10-07T03:06:21Z,4078X84002C2,4078X,,SCHEDULED,0,0.0
2026-10-07T03:06:21Z,4078X24101C2,4078X,,SCHEDULED,0,0.0
2026-10-07T03:06:21Z,5178X77400R4,5178X,,SCHEDULED,0,0.0
2026-10-07T03:06:21Z,5178X28500R2,5178X,,SCHEDULED,0,0.0
2026-10-07T03:06:21Z,5178X77600R4,5178X,,SCHEDULED,120,2.0
2026-10-07T03:06:21Z,5178X77504R4,5178X,,SCHEDULED,0,0.0
2026-10-07T03:06:21Z,5178X33520RL4,5178X,,SCHEDULED,0,0.0
2026-10-07T03:06:21Z,5178X77502R4,5178X,,SCHEDULED,0,0.0
2026-10-07T03:06:21Z,5178X25400R2,5178X,,SCHEDULED,660,11.0
2026-10-07T03:06:21Z,5178X28557R2N,5178X,,SCHEDULED,-60,-1.0
2026-10-07T03:06:21Z,6078X26500C3,6078X,,SCHEDULED,-60,-1.0
2026-10-07T03:06:21Z,6078X26101C1,6078X,,SCHEDULED,0,0.0
2026-10-07T03:06:21Z,6078X26501C3,6078X,,SCHEDULED,60,1.0
2026-10-07T03:06:21Z,6078X26502C3,6078X,,SCHEDULED,0,0.0
2026-10-07T03:06:21Z,6078X26000C2,6078X,,SCHEDULED,0,0.0
2026-10-07T03:06:21Z,6078X26001C2,6078X,,SCHEDULED,0,0.0
2026-10-07T03:06:21Z,6178X35663C1,6178X,,SCHEDULED,60,1.0
2026-10-07T03:06:21Z,6178X35612C1,6178X,,SCHEDULED,0,0.0
2026-10-07T03:06:21Z,6278X71150C2,6278X,,SCHEDULED,0,0.0
2026-10-07T03:06:21Z,2078X70751C6,2078X,,SCHEDULED,0,0.0
2026-10-07T03:06:21Z,2078X22101C1,2078X,,SCHEDULED,-60,-1.0
2026-10-07T03:06:21Z,2078X70400C5,2078X,,SCHEDULED,0,0.0
2026-10-07T03:06:21Z,2078X70500C7,2078X,,SCHEDULED,0,0.0
2026-10-07T03:06:21Z,1078X20203C4a,1078X,,SCHEDULED,60,1.0
2026-10-07T03:06:21Z,1078X20004C3,1078X,,SCHEDULED,0,0.0
2026-10-07T03:06:21Z,1078X20202C4,1078X,,SCHEDULED,0,0.0
2026-10-07T03:06:21Z,1078X20003C3,1078X,,SCHEDULED,0,0.0
2026-10-07T03:06:21Z,1078X19799C1,1078X,,SCHEDULED,0,0.0
2026-10-07T03:06:21Z,1078X20002C3,1078X,,SCHEDULED,0,0.0
2026-10-07T03:06:21Z,1078X20205C4a,1078X,,SCHEDULED,300,5.0
2026-10-07T03:06:21Z,1078X20403C4b,1078X,,SCHEDULED,480,8.0
2026-10-07T03:06:21Z,1078X20204C4,1078X,,SCHEDULED,0,0.0
2026-10-07T03:06:21Z,1078X35700C7,1078X,,SCHEDULED,0,0.0
2026-10-07T03:06:21Z,1078X21603C2,1078X,,SCHEDULED,0,0.0
2026-10-07T03:06:21Z,1078X21503C2,1078X,,SCHEDULED,0,0.0
2026-10-07T03:06:21Z,1078X21601C2,1078X,,SCHEDULED,60,1.0
2026-10-07T03:06:21Z,1078X35973C2,1078X,,SCHEDULED,0,0.0
2026-10-07T03:06:21Z,1078X19509C5,1078X,,SCHEDULED,0,0.0
2026-10-07T03:06:21Z,1078X19504C5,1078X,,SCHEDULED,660,11.0
2026-10-07T03:06:21Z,1078X20209C4a,1078X,,SCHEDULED,0,0.0
2026-10-07T03:06:21Z,1078X20407C4b,1078X,,SCHEDULED,0,0.0
2026-10-07T03:06:21Z,1078X19503C5,1078X,,SCHEDULED,0,0.0
2026-10-07T03:06:21Z,1078X20702C5,1078X,,SCHEDULED,0,0.0
2026-10-07T03:06:21Z,1078X19505C5,1078X,,SCHEDULED,0,0.0
2026-10-07T03:06:21Z,1078X20405C4b,1078X,,SCHEDULED,0,0.0
2026-10-07T03:06:21Z,1078X21501C2,1078X,,SCHEDULED,0,0.0
2026-10-07T03:06:21Z,1078X21500C2,1078X,,SCHEDULED,60,1.0
2026-10-07T03:06:21Z,1078X19502C5,1078X,,SCHEDULED,0,0.0
2026-10-07T03:06:21Z,1078X21300C10,1078X,,SCHEDULED,0,0.0
2026-10-07T03:06:21Z,1078X21100C10,1078X,,SCHEDULED,0,0.0
2026-10-07T03:06:21Z,1078X21703C2,1078X,,SCHEDULED,0,0.0
2026-10-07T03:06:21Z,1078X21504C2,1078X,,SCHEDULED,0,0.0
2026-10-07T03:11:34Z,3078X23500C1,3078X,,SCHEDULED,0,0.0
2026-10-07T03:11:34Z,3078X23501C1,3078X,,SCHEDULED,0,0.0
2026-10-07T03:11:34Z,4078X84002C2,4078X,,SCHEDULED,0,0.0
2026-10-07T03:11:34Z,4078X24101C2,4078X,,SCHEDULED,0,0.0
2026-10-07T03:11:34Z,5178X25604R1,5178X,,SCHEDULED,0,0.0
2026-10-07T03:11:34Z,5178X28500R2,5178X,,SCHEDULED,0,0.0
2026-10-07T03:11:34Z,5178X77402R4,5178X,,SCHEDULED,0,0.0
2026-10-07T03:11:34Z,5178X77600R4,5178X,,SCHEDULED,180,3.0
2026-10-07T03:11:34Z,5178X77400R4,5178X,,SCHEDULED,60,1.0
2026-10-07T03:11:34Z,5178X77504R4,5178X,,SCHEDULED,0,0.0
2026-10-07T03:11:34Z,5178X33520RL4,5178X,,SCHEDULED,0,0.0
2026-10-07T03:11:34Z,5178X77502R4,5178X,,SCHEDULED,0,0.0
2026-10-07T03:11:34Z,6078X26500C3,6078X,,SCHEDULED,-60,-1.0
2026-10-07T03:11:34Z,6078X26101C1,6078X,,SCHEDULED,0,0.0
2026-10-07T03:11:34Z,6078X26501C3,6078X,,SCHEDULED,120,2.0
2026-10-07T03:11:34Z,6078X26100C1,6078X,,SCHEDULED,240,4.0
2026-10-07T03:11:34Z,6078X26000C2,6078X,,SCHEDULED,60,1.0
2026-10-07T03:11:34Z,6078X26001C2,6078X,,SCHEDULED,60,1.0
2026-10-07T03:11:34Z,6078X26502C3,6078X,,SCHEDULED,0,0.0
2026-10-07T03:11:34Z,6178X35663C1,6178X,,SCHEDULED,-60,-1.0
2026-10-07T03:11:34Z,6178X35612C1,6178X,,SCHEDULED,0,0.0
2026-10-07T03:11:34Z,6278X71150C2,6278X,,SCHEDULED,0,0.0
2026-10-07T03:11:34Z,6278X71100C2,6278X,,SCHEDULED,0,0.0
2026-10-07T03:11:34Z,2078X70751C6,2078X,,SCHEDULED,0,0.0
2026-10-07T03:11:34Z,2078X80851C6,2078X,,SCHEDULED,0,0.0
2026-10-07T03:11:34Z,2078X70900C8,2078X,,SCHEDULED,0,0.0
2026-10-07T03:11:34Z,2078X22101C1,2078X,,SCHEDULED,240,4.0
2026-10-07T03:11:34Z,2078X70750C6,2078X,,SCHEDULED,0,0.0
2026-10-07T03:11:34Z,2078X70400C5,2078X,,SCHEDULED,0,0.0
2026-10-07T03:11:34Z,2078X70500C7,2078X,,SCHEDULED,0,0.0
2026-10-07T03:11:34Z,1078X19505C5,1078X,,SCHEDULED,0,0.0
2026-10-07T03:11:34Z,1078X20005C3,1078X,,SCHEDULED,0,0.0
2026-10-07T03:11:34Z,1078X20203C4a,1078X,,SCHEDULED,120,2.0
2026-10-07T03:11:34Z,1078X20004C3,1078X,,SCHEDULED,0,0.0
2026-10-07T03:11:34Z,1078X20202C4,1078X,,SCHEDULED,0,0.0
2026-10-07T03:11:34Z,1078X19513C5,1078X,,SCHEDULED,0,0.0
2026-10-07T03:11:34Z,1078X20003C3,1078X,,SCHEDULED,0,0.0
2026-10-07T03:11:34Z,1078X19799C1,1078X,,SCHEDULED,0,0.0
2026-10-07T03:11:34Z,1078X21603C2,1078X,,SCHEDULED,0,0.0
2026-10-07T03:11:34Z,1078X20002C3,1078X,,SCHEDULED,0,0.0
2026-10-07T03:11:34Z,1078X21503C2,1078X,,SCHEDULED,0,0.0
2026-10-07T03:11:34Z,1078X21601C2,1078X,,SCHEDULED,0,0.0
2026-10-07T03:11:34Z,1078X35973C2,1078X,,SCHEDULED,0,0.0
2026-10-07T03:11:34Z,1078X20209C4a,1078X,,SCHEDULED,0,0.0
2026-10-07T03:11:34Z,1078X20407C4b,1078X,,SCHEDULED,120,2.0
2026-10-07T03:11:34Z,1078X19508C5,1078X,,SCHEDULED,0,0.0
2026-10-07T03:11:34Z,1078X20702C5,1078X,,SCHEDULED,0,0.0
2026-10-07T03:11:34Z,1078X19509C5,1078X,,SCHEDULED,0,0.0
2026-10-07T03:11:34Z,1078X19504C5,1078X,,SCHEDULED,1020,17.0
2026-10-07T03:11:34Z,1078X20405C4b,1078X,,SCHEDULED,0,0.0
2026-10-07T03:11:34Z,1078X20205C4a,1078X,,SCHEDULED,240,4.0
2026-10-07T03:11:34Z,1078X19503C5,1078X,,SCHEDULED,300,5.0
2026-10-07T03:11:34Z,1078X21303C10,1078X,,SCHEDULED,0,0.0
2026-10-07T03:11:34Z,1078X20403C4b,1078X,,SCHEDULED,60,1.0
2026-10-07T03:11:34Z,1078X20204C4,1078X,,SCHEDULED,0,0.0
2026-10-07T03:11:34Z,1078X35700C7,1078X,,SCHEDULED,60,1.0
2026-10-07T03:11:34Z,1078X21501C2,1078X,,SCHEDULED,0,0.0
2026-10-07T03:11:34Z,1078X21500C2,1078X,,SCHEDULED,180,3.0
2026-10-07T03:11:34Z,1078X19502C5,1078X,,SCHEDULED,0,0.0
2026-10-07T03:11:34Z,1078X21300C10,1078X,,SCHEDULED,0,0.0
2026-10-07T03:11:34Z,1078X21100C10,1078X,,SCHEDULED,0,0.0
2026-10-07T03:11:34Z,1078X21506C2,1078X,,SCHEDULED,0,0.0
2026-10-07T03:11:34Z,1078X21703C2,1078X,,SCHEDULED,180,3.0
2026-10-07T03:11:34Z,1078X21504C2,1078X,,SCHEDULED,0,0.0
2026-10-07T03:16:32Z,3078X23501C1,3078X,,SCHEDULED,120,2.0
2026-10-07T03:16:32Z,3078X23500C1,3078X,,SCHEDULED,240,4.0
2026-10-07T03:16:32Z,4078X80015C3,4078X,,SCHEDULED,0,0.0
2026-10-07T03:16:32Z,4078X24000C2,4078X,,SCHEDULED,0,0.0
2026-10-07T03:16:32Z,4078X24101C2,4078X,,SCHEDULED,0,0.0
2026-10-07T03:16:32Z,4078X84002C2,4078X,,SCHEDULED,0,0.0
2026-10-07T03:16:32Z,5178X28500R2,5178X,,SCHEDULED,60,1.0
2026-10-07T03:16:32Z,5178X25604R1,5178X,,SCHEDULED,0,0.0
2026-10-07T03:16:32Z,5178X77402R4,5178X,,SCHEDULED,0,0.0
2026-10-07T03:16:32Z,5178X77600R4,5178X,,SCHEDULED,240,4.0
2026-10-07T03:16:32Z,5178X77400R4,5178X,,SCHEDULED,-120,-2.0
2026-10-07T03:16:32Z,5178X28400R2N,5178X,,CANCELED,,
2026-10-07T03:16:32Z,5178X77502R4,5178X,,SCHEDULED,0,0.0
2026-10-07T03:16:32Z,5178X77506R4,5178X,,SCHEDULED,0,0.0
2026-10-07T03:16:32Z,5178X33520RL4,5178X,,SCHEDULED,120,2.0
2026-10-07T03:16:32Z,5178X25400R2,5178X,,SCHEDULED,1020,17.0
2026-10-07T03:16:32Z,5178X77504R4,5178X,,SCHEDULED,0,0.0
2026-10-07T03:16:32Z,5178X28557R2N,5178X,,SCHEDULED,180,3.0
2026-10-07T03:16:32Z,6078X26100C1,6078X,,SCHEDULED,240,4.0
2026-10-07T03:16:32Z,6078X26000C2,6078X,,SCHEDULED,60,1.0
2026-10-07T03:16:32Z,6078X26500C3,6078X,,SCHEDULED,-60,-1.0
2026-10-07T03:16:32Z,6078X26101C1,6078X,,SCHEDULED,0,0.0
2026-10-07T03:16:32Z,6078X71501C4,6078X,,SCHEDULED,0,0.0
2026-10-07T03:16:32Z,6078X26001C2,6078X,,SCHEDULED,60,1.0
2026-10-07T03:16:32Z,6078X26502C3,6078X,,SCHEDULED,0,0.0
2026-10-07T03:16:32Z,6078X26600C3,6078X,,SCHEDULED,0,0.0
2026-10-07T03:16:32Z,6078X26501C3,6078X,,SCHEDULED,60,1.0
2026-10-07T03:16:32Z,6078X26503C3,6078X,,SCHEDULED,0,0.0
2026-10-07T03:16:32Z,6278X71100C2,6278X,,SCHEDULED,0,0.0
2026-10-07T03:16:32Z,6278X71150C2,6278X,,SCHEDULED,0,0.0
2026-10-07T03:16:32Z,6278X71102C2,6278X,,SCHEDULED,0,0.0
2026-10-07T03:16:32Z,2078X70751C6,2078X,,SCHEDULED,0,0.0
2026-10-07T03:16:32Z,2078X22200C2,2078X,,SCHEDULED,0,0.0
2026-10-07T03:16:32Z,2078X22103C1,2078X,,SCHEDULED,0,0.0
2026-10-07T03:16:32Z,2078X70900C8,2078X,,SCHEDULED,0,0.0
2026-10-07T03:16:32Z,2078X22101C1,2078X,,SCHEDULED,540,9.0
2026-10-07T03:16:32Z,2078X70400C5,2078X,,SCHEDULED,0,0.0
2026-10-07T03:16:32Z,2078X80851C6,2078X,,SCHEDULED,0,0.0
2026-10-07T03:16:32Z,2078X70500C7,2078X,,SCHEDULED,0,0.0
2026-10-07T03:16:32Z,2078X70750C6,2078X,,SCHEDULED,0,0.0
2026-10-07T03:16:32Z,4178X24701C1,4178X,,SCHEDULED,0,0.0
2026-10-07T03:16:32Z,4178X24700C1,4178X,,SCHEDULED,0,0.0
2026-10-07T03:16:32Z,1078X19503C5,1078X,,SCHEDULED,0,0.0
2026-10-07T03:16:32Z,1078X19505C5,1078X,,SCHEDULED,0,0.0
2026-10-07T03:16:32Z,1078X20005C3,1078X,,SCHEDULED,0,0.0
2026-10-07T03:16:32Z,1078X20203C4a,1078X,,SCHEDULED,180,3.0
2026-10-07T03:16:32Z,1078X20004C3,1078X,,SCHEDULED,0,0.0
2026-10-07T03:16:32Z,1078X20202C4,1078X,,SCHEDULED,0,0.0
2026-10-07T03:16:32Z,1078X19513C5,1078X,,SCHEDULED,0,0.0
2026-10-07T03:16:32Z,1078X20003C3,1078X,,SCHEDULED,0,0.0
2026-10-07T03:16:32Z,1078X19799C1,1078X,,SCHEDULED,0,0.0
2026-10-07T03:16:32Z,1078X20702C5,1078X,,SCHEDULED,240,4.0
2026-10-07T03:16:32Z,1078X20205C4a,1078X,,SCHEDULED,0,0.0
2026-10-07T03:16:32Z,1078X20403C4b,1078X,,SCHEDULED,60,1.0
2026-10-07T03:16:32Z,1078X20402C4b,1078X,,SCHEDULED,0,0.0
2026-10-07T03:16:32Z,1078X20204C4,1078X,,SCHEDULED,0,0.0
2026-10-07T03:16:32Z,1078X35700C7,1078X,,SCHEDULED,120,2.0
2026-10-07T03:16:32Z,1078X20002C3,1078X,,SCHEDULED,0,0.0
2026-10-07T03:16:32Z,1078X20209C4a,1078X,,SCHEDULED,0,0.0
2026-10-07T03:16:32Z,1078X20407C4b,1078X,,SCHEDULED,420,7.0
2026-10-07T03:16:32Z,1078X20207C4a,1078X,,SCHEDULED,0,0.0
2026-10-07T03:16:32Z,1078X20405C4b,1078X,,SCHEDULED,0,0.0
2026-10-07T03:16:32Z,1078X21703C2,1078X,,SCHEDULED,60,1.0
2026-10-07T03:16:32Z,1078X21504C2,1078X,,SCHEDULED,0,0.0
2026-10-07T03:16:32Z,1078X21303C10,1078X,,SCHEDULED,0,0.0
2026-10-07T03:16:32Z,1078X21603C2,1078X,,SCHEDULED,0,0.0
2026-10-07T03:16:32Z,1078X21501C2,1078X,,SCHEDULED,0,0.0
2026-10-07T03:16:32Z,1078X21503C2,1078X,,SCHEDULED,0,0.0
2026-10-07T03:16:32Z,1078X21601C2,1078X,,SCHEDULED,0,0.0
2026-10-07T03:16:32Z,1078X35973C2,1078X,,SCHEDULED,0,0.0
2026-10-07T03:16:32Z,1078X20411C4b,1078X,,SCHEDULED,0,0.0
2026-10-07T03:16:32Z,1078X19508C5,1078X,,SCHEDULED,0,0.0
2026-10-07T03:16:32Z,1078X21500C2,1078X,,SCHEDULED,120,2.0
2026-10-07T03:16:32Z,1078X20212C4a,1078X,,SCHEDULED,0,0.0
2026-10-07T03:16:32Z,1078X19509C5,1078X,,SCHEDULED,0,0.0
2026-10-07T03:16:32Z,1078X19502C5,1078X,,SCHEDULED,0,0.0
2026-10-07T03:16:32Z,1078X19504C5,1078X,,SCHEDULED,60,1.0
2026-10-07T03:16:32Z,1078X21300C10,1078X,,SCHEDULED,60,1.0
2026-10-07T03:16:32Z,1078X21100C10,1078X,,SCHEDULED,0,0.0
2026-10-07T03:16:32Z,1078X21000C8a,1078X,,SCHEDULED,0,0.0
2026-10-07T03:16:32Z,1078X21506C2,1078X,,SCHEDULED,0,0.0
2026-10-07T03:21:34Z,3078X23500C1,3078X,,SCHEDULED,360,6.0
2026-10-07T03:21:34Z,3078X23501C1,3078X,,SCHEDULED,0,0.0
2026-10-07T03:21:34Z,3078X23101C3,3078X,,SCHEDULED,0,0.0
2026-10-07T03:21:34Z,4078X80015C3,4078X,,SCHEDULED,0,0.0
2026-10-07T03:21:34Z,4078X84002C2,4078X,,SCHEDULED,0,0.0
2026-10-07T03:21:34Z,4078X24103C2,4078X,,SCHEDULED,0,0.0
2026-10-07T03:21:34Z,4078X24001C2,4078X,,SCHEDULED,0,0.0
2026-10-07T03:21:34Z,4078X24000C2,4078X,,SCHEDULED,0,0.0
2026-10-07T03:21:34Z,5178X77402R4,5178X,,SCHEDULED,0,0.0
2026-10-07T03:21:34Z,5178X77600R4,5178X,,SCHEDULED,360,6.0
2026-10-07T03:21:34Z,5178X77502R4,5178X,,SCHEDULED,0,0.0
2026-10-07T03:21:34Z,5178X28557R2N,5178X,,SCHEDULED,180,3.0
2026-10-07T03:21:34Z,5178X28400R2N,5178X,,CANCELED,,
2026-10-07T03:21:34Z,5178X25604R1,5178X,,SCHEDULED,0,0.0
2026-10-07T03:21:34Z,5178X28500R2,5178X,,SCHEDULED,180,3.0
2026-10-07T03:21:34Z,5178X77400R4,5178X,,SCHEDULED,0,0.0
2026-10-07T03:21:34Z,5178X77506R4,5178X,,SCHEDULED,0,0.0
2026-10-07T03:21:34Z,5178X33520RL4,5178X,,SCHEDULED,120,2.0
2026-10-07T03:21:34Z,5178X77602R4,5178X,,SCHEDULED,60,1.0
2026-10-07T03:21:34Z,5178X15000R15,5178X,,SCHEDULED,0,0.0
2026-10-07T03:21:34Z,5178X77504R4,5178X,,SCHEDULED,0,0.0
2026-10-07T03:21:34Z,5178X25400R2,5178X,,SCHEDULED,1140,19.0
2026-10-07T03:21:34Z,6078X26000C2,6078X,,SCHEDULED,60,1.0
2026-10-07T03:21:34Z,6078X26003C2,6078X,,SCHEDULED,0,0.0
2026-10-07T03:21:34Z,6078X26101C1,6078X,,SCHEDULED,0,0.0
2026-10-07T03:21:34Z,6078X26002C2,6078X,,SCHEDULED,0,0.0
2026-10-07T03:21:34Z,6078X71501C4,6078X,,SCHEDULED,0,0.0
2026-10-07T03:21:34Z,6078X26500C3,6078X,,SCHEDULED,0,0.0
2026-10-07T03:21:34Z,6078X26001C2,6078X,,SCHEDULED,0,0.0
2026-10-07T03:21:34Z,6078X26100C1,6078X,,SCHEDULED,240,4.0
2026-10-07T03:21:34Z,6078X26502C3,6078X,,SCHEDULED,120,2.0
2026-10-07T03:21:34Z,6078X26600C3,6078X,,SCHEDULED,0,0.0
2026-10-07T03:21:34Z,6078X26501C3,6078X,,SCHEDULED,180,3.0
2026-10-07T03:21:34Z,6078X26503C3,6078X,,SCHEDULED,0,0.0
2026-10-07T03:21:34Z,6178X35663C1,6178X,,SCHEDULED,0,0.0
2026-10-07T03:21:34Z,6278X71100C2,6278X,,SCHEDULED,0,0.0
2026-10-07T03:21:34Z,6278X71102C2,6278X,,SCHEDULED,0,0.0
2026-10-07T03:21:34Z,2078X70751C6,2078X,,SCHEDULED,300,5.0
2026-10-07T03:21:34Z,2078X22200C2,2078X,,SCHEDULED,0,0.0
2026-10-07T03:21:34Z,2078X80851C6,2078X,,SCHEDULED,0,0.0
2026-10-07T03:21:34Z,2078X22103C1,2078X,,SCHEDULED,0,0.0
2026-10-07T03:21:34Z,2078X70900C8,2078X,,SCHEDULED,0,0.0
2026-10-07T03:21:34Z,2078X22101C1,2078X,,SCHEDULED,0,0.0
2026-10-07T03:21:34Z,2078X70200C4,2078X,,SCHEDULED,0,0.0
2026-10-07T03:21:34Z,2078X70750C6,2078X,,SCHEDULED,0,0.0
2026-10-07T03:21:34Z,2078X70400C5,2078X,,SCHEDULED,0,0.0
2026-10-07T03:21:34Z,2078X70501C7,2078X,,SCHEDULED,0,0.0
2026-10-07T03:21:34Z,2078X70500C7,2078X,,SCHEDULED,0,0.0
2026-10-07T03:21:34Z,4178X24700C1,4178X,,SCHEDULED,0,0.0
2026-10-07T03:21:34Z,4178X24701C1,4178X,,SCHEDULED,0,0.0
2026-10-07T03:21:34Z,1078X20005C3,1078X,,SCHEDULED,0,0.0
2026-10-07T03:21:34Z,1078X20203C4a,1078X,,SCHEDULED,180,3.0
2026-10-07T03:21:34Z,1078X19510C5,1078X,,SCHEDULED,0,0.0
2026-10-07T03:21:34Z,1078X20004C3,1078X,,SCHEDULED,0,0.0
2026-10-07T03:21:34Z,1078X20202C4,1078X,,SCHEDULED,0,0.0
2026-10-07T03:21:34Z,1078X19513C5,1078X,,SCHEDULED,0,0.0
2026-10-07T03:21:34Z,1078X20003C3,1078X,,SCHEDULED,180,3.0
2026-10-07T03:21:34Z,1078X19799C1,1078X,,SCHEDULED,120,2.0
2026-10-07T03:21:34Z,1078X21603C2,1078X,,SCHEDULED,0,0.0
2026-10-07T03:21:34Z,1078X21800C7,1078X,,SCHEDULED,0,0.0
2026-10-07T03:21:34Z,1078X20002C3,1078X,,SCHEDULED,60,1.0
2026-10-07T03:21:34Z,1078X21503C2,1078X,,SCHEDULED,0,0.0
2026-10-07T03:21:34Z,1078X21601C2,1078X,,SCHEDULED,0,0.0
2026-10-07T03:21:34Z,1078X35973C2,1078X,,SCHEDULED,0,0.0
2026-10-07T03:21:34Z,1078X20209C4a,1078X,,SCHEDULED,0,0.0
2026-10-07T03:21:34Z,1078X20407C4b,1078X,,SCHEDULED,60,1.0
2026-10-07T03:21:34Z,1078X20208C4,1078X,,SCHEDULED,0,0.0
2026-10-07T03:21:34Z,1078X19508C5,1078X,,SCHEDULED,0,0.0
2026-10-07T03:21:34Z,1078X19509C5,1078X,,SCHEDULED,0,0.0
2026-10-07T03:21:34Z,1078X20703C5,1078X,,SCHEDULED,0,0.0
2026-10-07T03:21:34Z,1078X19504C5,1078X,,SCHEDULED,60,1.0
2026-10-07T03:21:34Z,1078X20207C4a,1078X,,SCHEDULED,0,0.0
2026-10-07T03:21:34Z,1078X19800C1,1078X,,SCHEDULED,0,0.0
2026-10-07T03:21:34Z,1078X19503C5,1078X,,SCHEDULED,60,1.0
2026-10-07T03:21:34Z,1078X20405C4b,1078X,,SCHEDULED,0,0.0
2026-10-07T03:21:34Z,1078X20702C5,1078X,,SCHEDULED,540,9.0
2026-10-07T03:21:34Z,1078X20007C3,1078X,,SCHEDULED,0,0.0
2026-10-07T03:21:34Z,1078X19505C5,1078X,,SCHEDULED,240,4.0
2026-10-07T03:21:34Z,1078X20205C4a,1078X,,SCHEDULED,60,1.0
2026-10-07T03:21:34Z,1078X20403C4b,1078X,,SCHEDULED,180,3.0
2026-10-07T03:21:34Z,1078X20402C4b,1078X,,SCHEDULED,0,0.0
2026-10-07T03:21:34Z,1078X20204C4,1078X,,SCHEDULED,0,0.0
2026-10-07T03:21:34Z,1078X35700C7,1078X,,SCHEDULED,0,0.0
2026-10-07T03:21:34Z,1078X19515C5,1078X,,SCHEDULED,0,0.0
2026-10-07T03:21:34Z,1078X21501C2,1078X,,SCHEDULED,0,0.0
2026-10-07T03:21:34Z,1078X21303C10,1078X,,SCHEDULED,120,2.0
2026-10-07T03:21:34Z,1078X20411C4b,1078X,,SCHEDULED,0,0.0
2026-10-07T03:21:34Z,1078X20212C4a,1078X,,SCHEDULED,0,0.0
2026-10-07T03:21:34Z,1078X19502C5,1078X,,SCHEDULED,0,0.0
2026-10-07T03:21:34Z,1078X21300C10,1078X,,SCHEDULED,360,6.0
2026-10-07T03:21:34Z,1078X21100C10,1078X,,SCHEDULED,0,0.0
2026-10-07T03:21:34Z,1078X21000C8a,1078X,,SCHEDULED,0,0.0
2026-10-07T03:21:34Z,1078X21506C2,1078X,,SCHEDULED,0,0.0
2026-10-07T03:21:34Z,1078X21703C2,1078X,,SCHEDULED,60,1.0
2026-10-07T03:21:34Z,1078X21504C2,1078X,,SCHEDULED,0,0.0
2026-10-07T03:26:20Z,3078X23501C1,3078X,,SCHEDULED,120,2.0
2026-10-07T03:26:20Z,3078X23101C3,3078X,,SCHEDULED,0,0.0
2026-10-07T03:26:20Z,3278X23303C1,3278X,,SCHEDULED,0,0.0
2026-10-07T03:26:20Z,4078X24301C6,4078X,,SCHEDULED,0,0.0
2026-10-07T03:26:20Z,4078X24103C2,4078X,,SCHEDULED,0,0.0
2026-10-07T03:26:20Z,4078X24001C2,4078X,,SCHEDULED,0,0.0
2026-10-07T03:26:20Z,4078X24000C2,4078X,,SCHEDULED,0,0.0
2026-10-07T03:26:20Z,4078X80015C3,4078X,,SCHEDULED,0,0.0
2026-10-07T03:26:20Z,5178X77400R4,5178X,,SCHEDULED,-120,-2.0
2026-10-07T03:26:20Z,5178X28500R2,5178X,,SCHEDULED,240,4.0
2026-10-07T03:26:20Z,5178X77402R4,5178X,,SCHEDULED,60,1.0
2026-10-07T03:26:20Z,5178X77600R4,5178X,,SCHEDULED,540,9.0
2026-10-07T03:26:20Z,5178X77502R4,5178X,,SCHEDULED,0,0.0
2026-10-07T03:26:20Z,5178X28556R2N,5178X,,SCHEDULED,0,0.0
2026-10-07T03:26:20Z,5178X28557R2N,5178X,,SCHEDULED,300,5.0
2026-10-07T03:26:20Z,5178X33520RL4,5178X,,SCHEDULED,720,12.0
2026-10-07T03:26:20Z,5178X77602R4,5178X,,SCHEDULED,60,1.0
2026-10-07T03:26:20Z,5178X25604R1,5178X,,SCHEDULED,0,0.0
2026-10-07T03:26:20Z,5178X28506R2,5178X,,SCHEDULED,0,0.0
2026-10-07T03:26:20Z,5178X77504R4,5178X,,SCHEDULED,0,0.0
2026-10-07T03:26:20Z,5178X77506R4,5178X,,SCHEDULED,0,0.0
2026-10-07T03:26:20Z,5178X15000R15,5178X,,SCHEDULED,0,0.0
2026-10-07T03:26:20Z,5178X28404R2N,5178X,,SCHEDULED,0,0.0
2026-10-07T03:26:20Z,5178X25400R2,5178X,,SCHEDULED,1260,21.0
2026-10-07T03:26:20Z,6078X26000C2,6078X,,SCHEDULED,60,1.0
2026-10-07T03:26:20Z,6078X26002C2,6078X,,SCHEDULED,0,0.0
2026-10-07T03:26:20Z,6078X26102C1,6078X,,SCHEDULED,0,0.0
2026-10-07T03:26:20Z,6078X26101C1,6078X,,SCHEDULED,60,1.0
2026-10-07T03:26:20Z,6078X26003C2,6078X,,SCHEDULED,0,0.0
2026-10-07T03:26:20Z,6078X71501C4,6078X,,SCHEDULED,0,0.0
2026-10-07T03:26:20Z,6078X26500C3,6078X,,SCHEDULED,-60,-1.0
2026-10-07T03:26:20Z,6078X26001C2,6078X,,SCHEDULED,60,1.0
2026-10-07T03:26:20Z,6078X26100C1,6078X,,SCHEDULED,300,5.0
2026-10-07T03:26:20Z,6078X26501C3,6078X,,SCHEDULED,-60,-1.0
2026-10-07T03:26:20Z,6078X26503C3,6078X,,SCHEDULED,0,0.0
2026-10-07T03:26:20Z,6078X26502C3,6078X,,SCHEDULED,-60,-1.0
2026-10-07T03:26:20Z,6078X26600C3,6078X,,SCHEDULED,0,0.0
2026-10-07T03:26:20Z,6178X35663C1,6178X,,SCHEDULED,0,0.0
2026-10-07T03:26:20Z,6278X71150C2,6278X,,SCHEDULED,-60,-1.0
2026-10-07T03:26:20Z,6278X71102C2,6278X,,CANCELED,,
2026-10-07T03:26:20Z,2078X22000C1,2078X,,SCHEDULED,0,0.0
2026-10-07T03:26:20Z,2078X22200C2,2078X,,SCHEDULED,0,0.0
2026-10-07T03:26:20Z,2078X22101C1,2078X,,SCHEDULED,0,0.0
2026-10-07T03:26:20Z,2078X80851C6,2078X,,SCHEDULED,0,0.0
2026-10-07T03:26:20Z,2078X70900C8,2078X,,SCHEDULED,0,0.0
2026-10-07T03:26:20Z,2078X22103C1,2078X,,SCHEDULED,0,0.0
2026-10-07T03:26:20Z,2078X22303C3,2078X,,SCHEDULED,0,0.0
2026-10-07T03:26:20Z,2078X70200C4,2078X,,SCHEDULED,0,0.0
2026-10-07T03:26:20Z,2078X70750C6,2078X,,SCHEDULED,0,0.0
2026-10-07T03:26:20Z,2078X70400C5,2078X,,SCHEDULED,0,0.0
2026-10-07T03:26:20Z,2078X70751C6,2078X,,SCHEDULED,180,3.0
2026-10-07T03:26:20Z,2078X70501C7,2078X,,SCHEDULED,0,0.0
2026-10-07T03:26:20Z,2078X70753C6,2078X,,SCHEDULED,0,0.0
2026-10-07T03:26:20Z,2078X70500C7,2078X,,SCHEDULED,60,1.0
2026-10-07T03:26:20Z,4178X24700C1,4178X,,SCHEDULED,0,0.0
2026-10-07T03:26:20Z,4178X24701C1,4178X,,SCHEDULED,0,0.0
2026-10-07T03:26:20Z,1078X35973C2,1078X,,SCHEDULED,0,0.0
2026-10-07T03:26:20Z,1078X19800C1,1078X,,SCHEDULED,0,0.0
2026-10-07T03:26:20Z,1078X20005C3,1078X,,SCHEDULED,0,0.0
2026-10-07T03:26:20Z,1078X20203C4a,1078X,,SCHEDULED,120,2.0
2026-10-07T03:26:20Z,1078X20004C3,1078X,,SCHEDULED,0,0.0
2026-10-07T03:26:20Z,1078X19521C5,1078X,,SCHEDULED,0,0.0
2026-10-07T03:26:20Z,1078X21000C8a,1078X,,SCHEDULED,0,0.0
2026-10-07T03:26:20Z,1078X21605C2,1078X,,SCHEDULED,0,0.0
2026-10-07T03:26:20Z,1078X21603C2,1078X,,SCHEDULED,0,0.0
2026-10-07T03:26:20Z,1078X21800C7,1078X,,SCHEDULED,0,0.0
2026-10-07T03:26:20Z,1078X21601C2,1078X,,SCHEDULED,0,0.0
2026-10-07T03:26:20Z,1078X20207C4a,1078X,,SCHEDULED,-60,-1.0
2026-10-07T03:26:20Z,1078X20405C4b,1078X,,SCHEDULED,60,1.0
2026-10-07T03:26:20Z,1078X20007C3,1078X,,SCHEDULED,0,0.0
2026-10-07T03:26:20Z,1078X20403C4b,1078X,,SCHEDULED,180,3.0
2026-10-07T03:26:20Z,1078X20402C4b,1078X,,SCHEDULED,0,0.0
2026-10-07T03:26:20Z,1078X20204C4,1078X,,SCHEDULED,0,0.0
2026-10-07T03:26:20Z,1078X20202C4,1078X,,SCHEDULED,180,3.0
2026-10-07T03:26:20Z,1078X20003C3,1078X,,SCHEDULED,0,0.0
2026-10-07T03:26:20Z,1078X20002C3,1078X,,SCHEDULED,120,2.0
2026-10-07T03:26:20Z,1078X20209C4a,1078X,,SCHEDULED,0,0.0
2026-10-07T03:26:20Z,1078X20407C4b,1078X,,SCHEDULED,0,0.0
2026-10-07T03:26:20Z,1078X20208C4,1078X,,SCHEDULED,0,0.0
2026-10-07T03:26:20Z,1078X21503C2,1078X,,SCHEDULED,0,0.0
2026-10-07T03:26:20Z,1078X19508C5,1078X,,SCHEDULED,0,0.0
2026-10-07T03:26:20Z,1078X19509C5,1078X,,SCHEDULED,0,0.0
2026-10-07T03:26:20Z,1078X19504C5,1078X,,SCHEDULED,0,0.0
2026-10-07T03:26:20Z,1078X19503C5,1078X,,SCHEDULED,60,1.0
2026-10-07T03:26:20Z,1078X19505C5,1078X,,SCHEDULED,0,0.0
2026-10-07T03:26:20Z,1078X19510C5,1078X,,SCHEDULED,0,0.0
2026-10-07T03:26:20Z,1078X19513C5,1078X,,SCHEDULED,0,0.0
2026-10-07T03:26:20Z,1078X19799C1,1078X,,SCHEDULED,0,0.0
2026-10-07T03:26:20Z,1078X20703C5,1078X,,SCHEDULED,0,0.0
2026-10-07T03:26:20Z,1078X20702C5,1078X,,SCHEDULED,780,13.0
2026-10-07T03:26:20Z,1078X19515C5,1078X,,SCHEDULED,0,0.0
2026-10-07T03:26:20Z,1078X21501C2,1078X,,SCHEDULED,120,2.0
2026-10-07T03:26:20Z,1078X21303C10,1078X,,SCHEDULED,360,6.0
2026-10-07T03:26:20Z,1078X20411C4b,1078X,,SCHEDULED,0,0.0
2026-10-07T03:26:20Z,1078X21500C2,1078X,,SCHEDULED,60,1.0
2026-10-07T03:26:20Z,1078X20212C4a,1078X,,SCHEDULED,0,0.0
2026-10-07T03:26:20Z,1078X19502C5,1078X,,SCHEDULED,0,0.0
2026-10-07T03:26:20Z,1078X21300C10,1078X,,SCHEDULED,120,2.0
2026-10-07T03:26:20Z,1078X21100C10,1078X,,SCHEDULED,0,0.0
2026-10-07T03:26:20Z,1078X21508C2,1078X,,SCHEDULED,0,0.0
2026-10-07T03:26:20Z,1078X21506C2,1078X,,SCHEDULED,0,0.0
2026-10-07T03:26:20Z,1078X21703C2,1078X,,SCHEDULED,60,1.0
2026-10-07T03:26:20Z,1078X21504C2,1078X,,SCHEDULED,0,0.0
2026-10-07T03:31:47Z,3078X23501C1,3078X,,SCHEDULED,0,0.0
2026-10-07T03:31:47Z,3078X23101C3,3078X,,SCHEDULED,0,0.0
2026-10-07T03:31:47Z,3178X23201C1,3178X,,SCHEDULED,0,0.0
2026-10-07T03:31:47Z,3178X23200C1,3178X,,SCHEDULED,0,0.0
2026-10-07T03:31:47Z,3178X23422T1,3178X,,SCHEDULED,0,0.0
2026-10-07T03:31:47Z,3278X23303C1,3278X,,SCHEDULED,60,1.0
2026-10-07T03:31:47Z,4078X24001C2,4078X,,SCHEDULED,0,0.0
2026-10-07T03:31:47Z,4078X24301C6,4078X,,SCHEDULED,0,0.0
2026-10-07T03:31:47Z,4078X80015C3,4078X,,SCHEDULED,0,0.0
2026-10-07T03:31:47Z,4078X24000C2,4078X,,SCHEDULED,60,1.0
2026-10-07T03:31:47Z,4078X24200C1,4078X,,SCHEDULED,0,0.0
2026-10-07T03:31:47Z,4078X24103C2,4078X,,SCHEDULED,0,0.0
2026-10-07T03:31:47Z,5178X77400R4,5178X,,SCHEDULED,-60,-1.0
2026-10-07T03:31:47Z,5178X28500R2,5178X,,SCHEDULED,240,4.0
2026-10-07T03:31:47Z,5178X77402R4,5178X,,SCHEDULED,-60,-1.0
2026-10-07T03:31:47Z,5178X77600R4,5178X,,SCHEDULED,540,9.0
2026-10-07T03:31:47Z,5178X28556R2N,5178X,,SCHEDULED,0,0.0
2026-10-07T03:31:47Z,5178X77702R4,5178X,,SCHEDULED,0,0.0
2026-10-07T03:31:47Z,5178X77504R4,5178X,,SCHEDULED,0,0.0
2026-10-07T03:31:47Z,5178X28557R2N,5178X,,SCHEDULED,420,7.0
2026-10-07T03:31:47Z,5178X77506R4,5178X,,SCHEDULED,0,0.0
2026-10-07T03:31:47Z,5178X28506R2,5178X,,SCHEDULED,0,0.0
2026-10-07T03:31:47Z,5178X33520RL4,5178X,,SCHEDULED,720,12.0
2026-10-07T03:31:47Z,5178X28263R2S,5178X,,SCHEDULED,180,3.0
2026-10-07T03:31:47Z,5178X18120R16,5178X,,SCHEDULED,0,0.0
2026-10-07T03:31:47Z,5178X15000R15,5178X,,SCHEDULED,0,0.0
2026-10-07T03:31:47Z,5178X28404R2N,5178X,,SCHEDULED,0,0.0
2026-10-07T03:31:47Z,5178X25400R2,5178X,,SCHEDULED,1440,24.0
2026-10-07T03:31:47Z,6078X26001C2,6078X,,SCHEDULED,60,1.0
2026-10-07T03:31:47Z,6078X26100C1,6078X,,SCHEDULED,240,4.0
2026-10-07T03:31:47Z,6078X26000C2,6078X,,SCHEDULED,-60,-1.0
2026-10-07T03:31:47Z,6078X26002C2,6078X,,SCHEDULED,0,0.0
2026-10-07T03:31:47Z,6078X26101C1,6078X,,SCHEDULED,0,0.0
2026-10-07T03:31:47Z,6078X26102C1,6078X,,SCHEDULED,0,0.0
2026-10-07T03:31:47Z,6078X26003C2,6078X,,SCHEDULED,0,0.0
2026-10-07T03:31:47Z,6078X26502C3,6078X,,SCHEDULED,-60,-1.0
2026-10-07T03:31:47Z,6078X26600C3,6078X,,SCHEDULED,0,0.0
2026-10-07T03:31:47Z,6078X26501C3,6078X,,SCHEDULED,-60,-1.0
2026-10-07T03:31:47Z,6078X26503C3,6078X,,SCHEDULED,0,0.0
2026-10-07T03:31:47Z,6078X71501C4,6078X,,SCHEDULED,60,1.0
2026-10-07T03:31:47Z,6078X26500C3,6078X,,SCHEDULED,0,0.0
2026-10-07T03:31:47Z,6078X26103C1,6078X,,SCHEDULED,0,0.0
2026-10-07T03:31:47Z,6178X35612C1,6178X,,SCHEDULED,-60,-1.0
2026-10-07T03:31:47Z,6178X35663C1,6178X,,SCHEDULED,-60,-1.0
2026-10-07T03:31:47Z,6278X71152C2,6278X,,SCHEDULED,0,0.0
2026-10-07T03:31:47Z,6278X71351C3,6278X,,SCHEDULED,0,0.0
2026-10-07T03:31:47Z,6278X71102C2,6278X,,CANCELED,,
2026-10-07T03:31:47Z,4778X71091C1,4778X,,SCHEDULED,0,0.0
2026-10-07T03:31:47Z,2078X22000C1,2078X,,SCHEDULED,0,0.0
2026-10-07T03:31:47Z,2078X22200C2,2078X,,SCHEDULED,0,0.0
2026-10-07T03:31:47Z,2078X22101C1,2078X,,SCHEDULED,300,5.0
2026-10-07T03:31:47Z,2078X80851C6,2078X,,SCHEDULED,0,0.0
2026-10-07T03:31:47Z,2078X70900C8,2078X,,SCHEDULED,0,0.0
2026-10-07T03:31:47Z,2078X22103C1,2078X,,SCHEDULED,0,0.0
2026-10-07T03:31:47Z,2078X22303C3,2078X,,SCHEDULED,0,0.0
2026-10-07T03:31:47Z,2078X70500C7,2078X,,SCHEDULED,240,4.0
2026-10-07T03:31:47Z,2078X70200C4,2078X,,SCHEDULED,0,0.0
2026-10-07T03:31:47Z,2078X70750C6,2078X,,SCHEDULED,60,1.0
2026-10-07T03:31:47Z,2078X70400C5,2078X,,SCHEDULED,60,1.0
2026-10-07T03:31:47Z,2078X70501C7,2078X,,SCHEDULED,0,0.0
2026-10-07T03:31:47Z,2078X70401C5,2078X,,SCHEDULED,0,0.0
2026-10-07T03:31:47Z,2078X70753C6,2078X,,SCHEDULED,0,0.0
2026-10-07T03:31:47Z,4178X84901C2,4178X,,SCHEDULED,0,0.0
2026-10-07T03:31:47Z,4178X24701C1,4178X,,SCHEDULED,0,0.0
2026-10-07T03:31:47Z,4178X24700C1,4178X,,SCHEDULED,0,0.0
2026-10-07T03:31:47Z,1078X19800C1,1078X,,SCHEDULED,0,0.0
2026-10-07T03:31:47Z,1078X19803C1,1078X,,SCHEDULED,0,0.0
2026-10-07T03:31:47Z,1078X19527C5,1078X,,SCHEDULED,0,0.0
2026-10-07T03:31:47Z,1078X20005C3,1078X,,SCHEDULED,0,0.0
2026-10-07T03:31:47Z,1078X20004C3,1078X,,SCHEDULED,120,2.0
2026-10-07T03:31:47Z,1078X20202C4,1078X,,SCHEDULED,60,1.0
2026-10-07T03:31:47Z,1078X21001C8a,1078X,,SCHEDULED,0,0.0
2026-10-07T03:31:47Z,1078X21000C8a,1078X,,SCHEDULED,0,0.0
2026-10-07T03:31:47Z,1078X21605C2,1078X,,SCHEDULED,180,3.0
2026-10-07T03:31:47Z,1078X21603C2,1078X,,SCHEDULED,300,5.0
2026-10-07T03:31:47Z,1078X21800C7,1078X,,SCHEDULED,0,0.0
2026-10-07T03:31:47Z,1078X21601C2,1078X,,SCHEDULED,120,2.0
2026-10-07T03:31:47Z,1078X20405C4b,1078X,,SCHEDULED,60,1.0
2026-10-07T03:31:47Z,1078X20007C3,1078X,,SCHEDULED,0,0.0
2026-10-07T03:31:47Z,1078X20205C4a,1078X,,SCHEDULED,60,1.0
2026-10-07T03:31:47Z,1078X20403C4b,1078X,,SCHEDULED,540,9.0
2026-10-07T03:31:47Z,1078X20600C8b,1078X,,SCHEDULED,0,0.0
2026-10-07T03:31:47Z,1078X20006C3,1078X,,SCHEDULED,0,0.0
2026-10-07T03:31:47Z,1078X20402C4b,1078X,,SCHEDULED,0,0.0
2026-10-07T03:31:47Z,1078X20204C4,1078X,,SCHEDULED,60,1.0
2026-10-07T03:31:47Z,1078X20003C3,1078X,,SCHEDULED,240,4.0
2026-10-07T03:31:47Z,1078X20409C4b,1078X,,SCHEDULED,0,0.0
2026-10-07T03:31:47Z,1078X20209C4a,1078X,,SCHEDULED,0,0.0
2026-10-07T03:31:47Z,1078X20407C4b,1078X,,SCHEDULED,120,2.0
2026-10-07T03:31:47Z,1078X20208C4,1078X,,SCHEDULED,0,0.0
2026-10-07T03:31:47Z,1078X20207C4a,1078X,,SCHEDULED,240,4.0
2026-10-07T03:31:47Z,1078X20413C4b,1078X,,SCHEDULED,0,0.0
2026-10-07T03:31:47Z,1078X19508C5,1078X,,SCHEDULED,0,0.0
2026-10-07T03:31:47Z,1078X19509C5,1078X,,SCHEDULED,60,1.0
2026-10-07T03:31:47Z,1078X19504C5,1078X,,SCHEDULED,0,0.0
2026-10-07T03:31:47Z,1078X19503C5,1078X,,SCHEDULED,60,1.0
2026-10-07T03:31:47Z,1078X19505C5,1078X,,SCHEDULED,0,0.0
2026-10-07T03:31:47Z,1078X19510C5,1078X,,SCHEDULED,0,0.0
2026-10-07T03:31:47Z,1078X19513C5,1078X,,SCHEDULED,0,0.0
2026-10-07T03:31:47Z,1078X19799C1,1078X,,SCHEDULED,60,1.0
2026-10-07T03:31:47Z,1078X19512C5,1078X,,SCHEDULED,0,0.0
2026-10-07T03:31:47Z,1078X20703C5,1078X,,SCHEDULED,0,0.0
2026-10-07T03:31:47Z,1078X20702C5,1078X,,SCHEDULED,0,0.0
2026-10-07T03:31:47Z,1078X19515C5,1078X,,SCHEDULED,0,0.0
2026-10-07T03:31:47Z,1078X19521C5,1078X,,SCHEDULED,0,0.0
2026-10-07T03:31:47Z,1078X21501C2,1078X,,SCHEDULED,180,3.0
2026-10-07T03:31:47Z,1078X21303C10,1078X,,SCHEDULED,720,12.0
2026-10-07T03:31:47Z,1078X20411C4b,1078X,,SCHEDULED,0,0.0
2026-10-07T03:31:47Z,1078X21500C2,1078X,,SCHEDULED,180,3.0
2026-10-07T03:31:47Z,1078X20212C4a,1078X,,SCHEDULED,60,1.0
2026-10-07T03:31:47Z,1078X19502C5,1078X,,SCHEDULED,0,0.0
2026-10-07T03:31:47Z,1078X20211C4a,1078X,,SCHEDULED,0,0.0
2026-10-07T03:31:47Z,1078X21300C10,1078X,,SCHEDULED,120,2.0
2026-10-07T03:31:47Z,1078X21100C10,1078X,,SCHEDULED,0,0.0
2026-10-07T03:31:47Z,1078X21508C2,1078X,,SCHEDULED,0,0.0
2026-10-07T03:31:47Z,1078X21506C2,1078X,,SCHEDULED,0,0.0
2026-10-07T03:31:47Z,1078X21504C2,1078X,,SCHEDULED,0,0.0
2026-10-07T03:31:47Z,1078X21503C2,1078X,,SCHEDULED,0,0.0
2026-10-07T03:36:22Z,3078X23501C1,3078X,,SCHEDULED,0,0.0
2026-10-07T03:36:22Z,3078X23101C3,3078X,,SCHEDULED,0,0.0
2026-10-07T03:36:22Z,3178X23200C1,3178X,,SCHEDULED,0,0.0
2026-10-07T03:36:22Z,3178X23201C1,3178X,,SCHEDULED,0,0.0
2026-10-07T03:36:22Z,3178X23422T1,3178X,,SCHEDULED,0,0.0
2026-10-07T03:36:22Z,3278X23303C1,3278X,,SCHEDULED,60,1.0
2026-10-07T03:36:22Z,4078X24200C1,4078X,,SCHEDULED,0,0.0
2026-10-07T03:36:22Z,4078X24201C1,4078X,,SCHEDULED,0,0.0
2026-10-07T03:36:22Z,4078X24103C2,4078X,,SCHEDULED,0,0.0
2026-10-07T03:36:22Z,4078X24001C2,4078X,,SCHEDULED,0,0.0
2026-10-07T03:36:22Z,4078X80015C3,4078X,,SCHEDULED,0,0.0
2026-10-07T03:36:22Z,4078X24380C6,4078X,,SCHEDULED,0,0.0
2026-10-07T03:36:22Z,4078X24301C6,4078X,,SCHEDULED,0,0.0
2026-10-07T03:36:22Z,4078X24000C2,4078X,,SCHEDULED,60,1.0
2026-10-07T03:36:22Z,5178X28263R2S,5178X,,SCHEDULED,180,3.0
2026-10-07T03:36:22Z,5178X77400R4,5178X,,SCHEDULED,0,0.0
2026-10-07T03:36:22Z,5178X28500R2,5178X,,SCHEDULED,360,6.0
2026-10-07T03:36:22Z,5178X77402R4,5178X,,SCHEDULED,60,1.0
2026-10-07T03:36:22Z,5178X77600R4,5178X,,SCHEDULED,480,8.0
2026-10-07T03:36:22Z,5178X77506R4,5178X,,SCHEDULED,0,0.0
2026-10-07T03:36:22Z,5178X33520RL4,5178X,,SCHEDULED,720,12.0
2026-10-07T03:36:22Z,5178X77602R4,5178X,,SCHEDULED,0,0.0
2026-10-07T03:36:22Z,5178X28556R2N,5178X,,SCHEDULED,0,0.0
2026-10-07T03:36:22Z,5178X28557R2N,5178X,,SCHEDULED,420,7.0
2026-10-07T03:36:22Z,5178X77702R4,5178X,,SCHEDULED,0,0.0
2026-10-07T03:36:22Z,5178X28506R2,5178X,,SCHEDULED,0,0.0
2026-10-07T03:36:22Z,5178X77504R4,5178X,,SCHEDULED,0,0.0
2026-10-07T03:36:22Z,5178X18120R16,5178X,,SCHEDULED,0,0.0
2026-10-07T03:36:22Z,5178X15000R15,5178X,,SCHEDULED,0,0.0
2026-10-07T03:36:22Z,5178X28404R2N,5178X,,SCHEDULED,0,0.0
2026-10-07T03:36:22Z,5178X25400R2,5178X,,SCHEDULED,1440,24.0
2026-10-07T03:36:22Z,6078X26503C3,6078X,,SCHEDULED,120,2.0
2026-10-07T03:36:22Z,6078X26001C2,6078X,,SCHEDULED,0,0.0
2026-10-07T03:36:22Z,6078X26000C2,6078X,,SCHEDULED,0,0.0
2026-10-07T03:36:22Z,6078X26002C2,6078X,,SCHEDULED,120,2.0
2026-10-07T03:36:22Z,6078X26101C1,6078X,,SCHEDULED,0,0.0
2026-10-07T03:36:22Z,6078X26102C1,6078X,,SCHEDULED,0,0.0
2026-10-07T03:36:22Z,6078X26003C2,6078X,,SCHEDULED,60,1.0
2026-10-07T03:36:22Z,6078X26502C3,6078X,,SCHEDULED,-60,-1.0
2026-10-07T03:36:22Z,6078X26600C3,6078X,,SCHEDULED,300,5.0
2026-10-07T03:36:22Z,6078X26501C3,6078X,,SCHEDULED,-120,-2.0
2026-10-07T03:36:22Z,6078X26504C3,6078X,,SCHEDULED,0,0.0
2026-10-07T03:36:22Z,6078X71501C4,6078X,,SCHEDULED,-60,-1.0
2026-10-07T03:36:22Z,6078X26500C3,6078X,,SCHEDULED,-60,-1.0
2026-10-07T03:36:22Z,6078X26103C1,6078X,,SCHEDULED,0,0.0
2026-10-07T03:36:22Z,6178X35612C1,6178X,,SCHEDULED,0,0.0
2026-10-07T03:36:22Z,6278X71152C2,6278X,,SCHEDULED,0,0.0
2026-10-07T03:36:22Z,6278X71351C3,6278X,,SCHEDULED,0,0.0
2026-10-07T03:36:22Z,6278X71100C2,6278X,,SCHEDULED,180,3.0
2026-10-07T03:36:22Z,6278X71102C2,6278X,,CANCELED,,
2026-10-07T03:36:22Z,4778X71091C1,4778X,,SCHEDULED,0,0.0
2026-10-07T03:36:22Z,4778X71080C1,4778X,,SCHEDULED,0,0.0
2026-10-07T03:36:22Z,2078X22200C2,2078X,,SCHEDULED,0,0.0
2026-10-07T03:36:22Z,2078X22101C1,2078X,,SCHEDULED,300,5.0
2026-10-07T03:36:22Z,2078X70400C5,2078X,,SCHEDULED,0,0.0
2026-10-07T03:36:22Z,2078X22000C1,2078X,,SCHEDULED,0,0.0
2026-10-07T03:36:22Z,2078X80851C6,2078X,,SCHEDULED,0,0.0
2026-10-07T03:36:22Z,2078X70900C8,2078X,,SCHEDULED,240,4.0
2026-10-07T03:36:22Z,2078X22103C1,2078X,,SCHEDULED,0,0.0
2026-10-07T03:36:22Z,2078X22303C3,2078X,,SCHEDULED,0,0.0
2026-10-07T03:36:22Z,2078X70500C7,2078X,,SCHEDULED,240,4.0
2026-10-07T03:36:22Z,2078X70200C4,2078X,,SCHEDULED,0,0.0
2026-10-07T03:36:22Z,2078X70750C6,2078X,,SCHEDULED,300,5.0
2026-10-07T03:36:22Z,2078X70752C6,2078X,,SCHEDULED,0,0.0
2026-10-07T03:36:22Z,2078X70501C7,2078X,,SCHEDULED,0,0.0
2026-10-07T03:36:22Z,2078X70401C5,2078X,,CANCELED,,
2026-10-07T03:36:22Z,2078X70753C6,2078X,,SCHEDULED,0,0.0
2026-10-07T03:36:22Z,4178X84901C2,4178X,,SCHEDULED,0,0.0
2026-10-07T03:36:22Z,4178X24701C1,4178X,,SCHEDULED,0,0.0
2026-10-07T03:36:22Z,4178X84900C2,4178X,,SCHEDULED,0,0.0
2026-10-07T03:36:22Z,4178X24700C1,4178X,,SCHEDULED,0,0.0
2026-10-07T03:36:22Z,1078X35973C2,1078X,,SCHEDULED,0,0.0
2026-10-07T03:36:22Z,1078X19800C1,1078X,,SCHEDULED,0,0.0
2026-10-07T03:36:22Z,1078X19803C1,1078X,,SCHEDULED,0,0.0
2026-10-07T03:36:22Z,1078X19527C5,1078X,,SCHEDULED,0,0.0
2026-10-07T03:36:22Z,1078X20005C3,1078X,,SCHEDULED,0,0.0
2026-10-07T03:36:22Z,1078X20004C3,1078X,,SCHEDULED,180,3.0
2026-10-07T03:36:22Z,1078X20202C4,1078X,,SCHEDULED,0,0.0
2026-10-07T03:36:22Z,1078X20003C3,1078X,,SCHEDULED,180,3.0
2026-10-07T03:36:22Z,1078X21001C8a,1078X,,SCHEDULED,0,0.0
2026-10-07T03:36:22Z,1078X21000C8a,1078X,,SCHEDULED,0,0.0
2026-10-07T03:36:22Z,1078X21605C2,1078X,,SCHEDULED,420,7.0
2026-10-07T03:36:22Z,1078X21603C2,1078X,,SCHEDULED,180,3.0
2026-10-07T03:36:22Z,1078X21800C7,1078X,,SCHEDULED,0,0.0
2026-10-07T03:36:22Z,1078X21601C2,1078X,,SCHEDULED,0,0.0
2026-10-07T03:36:22Z,1078X35975C2,1078X,,SCHEDULED,0,0.0
2026-10-07T03:36:22Z,1078X20207C4a,1078X,,SCHEDULED,540,9.0
2026-10-07T03:36:22Z,1078X19508C5,1078X,,SCHEDULED,300,5.0
2026-10-07T03:36:22Z,1078X19509C5,1078X,,SCHEDULED,0,0.0
2026-10-07T03:36:22Z,1078X19504C5,1078X,,SCHEDULED,0,0.0
2026-10-07T03:36:22Z,1078X19503C5,1078X,,SCHEDULED,0,0.0
2026-10-07T03:36:22Z,1078X19505C5,1078X,,SCHEDULED,0,0.0
2026-10-07T03:36:22Z,1078X19510C5,1078X,,SCHEDULED,0,0.0
2026-10-07T03:36:22Z,1078X20405C4b,1078X,,SCHEDULED,180,3.0
2026-10-07T03:36:22Z,1078X20206C4,1078X,,SCHEDULED,0,0.0
2026-10-07T03:36:22Z,1078X20007C3,1078X,,SCHEDULED,0,0.0
2026-10-07T03:36:22Z,1078X21510C2,1078X,,SCHEDULED,0,0.0
2026-10-07T03:36:22Z,1078X19513C5,1078X,,SCHEDULED,180,3.0
2026-10-07T03:36:22Z,1078X20205C4a,1078X,,SCHEDULED,180,3.0
2026-10-07T03:36:22Z,1078X19799C1,1078X,,SCHEDULED,60,1.0
2026-10-07T03:36:22Z,1078X19512C5,1078X,,SCHEDULED,0,0.0
2026-10-07T03:36:22Z,1078X20600C8b,1078X,,SCHEDULED,0,0.0
2026-10-07T03:36:22Z,1078X20006C3,1078X,,SCHEDULED,0,0.0
2026-10-07T03:36:22Z,1078X20704C5,1078X,,SCHEDULED,0,0.0
2026-10-07T03:36:22Z,1078X20402C4b,1078X,,SCHEDULED,120,2.0
2026-10-07T03:36:22Z,1078X20204C4,1078X,,SCHEDULED,120,2.0
2026-10-07T03:36:22Z,1078X20703C5,1078X,,SCHEDULED,0,0.0
2026-10-07T03:36:22Z,1078X20702C5,1078X,,SCHEDULED,60,1.0
2026-10-07T03:36:22Z,1078X19515C5,1078X,,SCHEDULED,0,0.0
2026-10-07T03:36:22Z,1078X19521C5,1078X,,SCHEDULED,0,0.0
2026-10-07T03:36:22Z,1078X21200C10,1078X,,SCHEDULED,0,0.0
2026-10-07T03:36:22Z,1078X20002C3,1078X,,SCHEDULED,180,3.0
2026-10-07T03:36:22Z,1078X21501C2,1078X,,SCHEDULED,180,3.0
2026-10-07T03:36:22Z,1078X19531C5,1078X,,SCHEDULED,0,0.0
2026-10-07T03:36:22Z,1078X21303C10,1078X,,SCHEDULED,960,16.0
2026-10-07T03:36:22Z,1078X20409C4b,1078X,,SCHEDULED,0,0.0
2026-10-07T03:36:22Z,1078X20411C4b,1078X,,SCHEDULED,240,4.0
2026-10-07T03:36:22Z,1078X20209C4a,1078X,,SCHEDULED,0,0.0
2026-10-07T03:36:22Z,1078X20407C4b,1078X,,SCHEDULED,0,0.0
2026-10-07T03:36:22Z,1078X20406C4b,1078X,,SCHEDULED,0,0.0
2026-10-07T03:36:22Z,1078X20208C4,1078X,,SCHEDULED,120,2.0
2026-10-07T03:36:22Z,1078X20009C3,1078X,,SCHEDULED,0,0.0
2026-10-07T03:36:22Z,1078X21500C2,1078X,,SCHEDULED,0,0.0
2026-10-07T03:36:22Z,1078X20212C4a,1078X,,SCHEDULED,300,5.0
2026-10-07T03:36:22Z,1078X19502C5,1078X,,SCHEDULED,0,0.0
2026-10-07T03:36:22Z,1078X20211C4a,1078X,,SCHEDULED,0,0.0
2026-10-07T03:36:22Z,1078X21300C10,1078X,,SCHEDULED,0,0.0
2026-10-07T03:36:22Z,1078X21100C10,1078X,,SCHEDULED,60,1.0
2026-10-07T03:36:22Z,1078X21508C2,1078X,,SCHEDULED,0,0.0
2026-10-07T03:36:22Z,1078X21506C2,1078X,,SCHEDULED,120,2.0
2026-10-07T03:36:22Z,1078X21703C2,1078X,,SCHEDULED,0,0.0
2026-10-07T03:36:22Z,1078X21504C2,1078X,,SCHEDULED,0,0.0
2026-10-07T03:36:22Z,1078X20216C4a,1078X,,SCHEDULED,0,0.0
2026-10-07T03:36:22Z,1078X21503C2,1078X,,SCHEDULED,60,1.0
2026-10-07T03:36:22Z,1078X20413C4b,1078X,,SCHEDULED,0,0.0
2026-10-07T03:41:31Z,3078X23501C1,3078X,,SCHEDULED,0,0.0
2026-10-07T03:41:31Z,3078X23500C1,3078X,,SCHEDULED,360,6.0
2026-10-07T03:41:31Z,3078X23502C1,3078X,,SCHEDULED,0,0.0
2026-10-07T03:41:31Z,3078X23601C4,3078X,,SCHEDULED,0,0.0
2026-10-07T03:41:31Z,3078X23504C1,3078X,,SCHEDULED,0,0.0
2026-10-07T03:41:31Z,3078X23101C3,3078X,,SCHEDULED,60,1.0
2026-10-07T03:41:31Z,3178X23201C1,3178X,,SCHEDULED,0,0.0
2026-10-07T03:41:31Z,3178X23422T1,3178X,,SCHEDULED,0,0.0
2026-10-07T03:41:31Z,3178X23200C1,3178X,,SCHEDULED,0,0.0
2026-10-07T03:41:31Z,3278X23303C1,3278X,,SCHEDULED,180,3.0
2026-10-07T03:41:31Z,4078X24200C1,4078X,,SCHEDULED,0,0.0
2026-10-07T03:41:31Z,4078X24201C1,4078X,,SCHEDULED,0,0.0
2026-10-07T03:41:31Z,4078X24103C2,4078X,,SCHEDULED,180,3.0
2026-10-07T03:41:31Z,4078X24001C2,4078X,,SCHEDULED,120,2.0
2026-10-07T03:41:31Z,4078X24301C6,4078X,,SCHEDULED,0,0.0
2026-10-07T03:41:31Z,4078X24002C2,4078X,,SCHEDULED,0,0.0
2026-10-07T03:41:31Z,4078X24380C6,4078X,,SCHEDULED,0,0.0
2026-10-07T03:41:31Z,4078X24000C2,4078X,,SCHEDULED,240,4.0
2026-10-07T03:41:31Z,5178X28404R2N,5178X,,SCHEDULED,0,0.0
2026-10-07T03:41:31Z,5178X28506R2,5178X,,SCHEDULED,0,0.0
2026-10-07T03:41:31Z,5178X28263R2S,5178X,,SCHEDULED,60,1.0
2026-10-07T03:41:31Z,5178X77400R4,5178X,,SCHEDULED,120,2.0
2026-10-07T03:41:31Z,5178X28500R2,5178X,,SCHEDULED,420,7.0
2026-10-07T03:41:31Z,5178X77402R4,5178X,,SCHEDULED,60,1.0
2026-10-07T03:41:31Z,5178X77510R4,5178X,,SCHEDULED,0,0.0
2026-10-07T03:41:31Z,5178X15720R11,5178X,,CANCELED,,
2026-10-07T03:41:31Z,5178X33520RL4,5178X,,SCHEDULED,720,12.0
2026-10-07T03:41:31Z,5178X77702R4,5178X,,SCHEDULED,0,0.0
2026-10-07T03:41:31Z,5178X77504R4,5178X,,SCHEDULED,0,0.0
2026-10-07T03:41:31Z,5178X15250RG1,5178X,,SCHEDULED,0,0.0
2026-10-07T03:41:31Z,5178X77506R4,5178X,,SCHEDULED,0,0.0
2026-10-07T03:41:31Z,5178X18120R16,5178X,,SCHEDULED,0,0.0
2026-10-07T03:41:31Z,5178X77600R4,5178X,,SCHEDULED,480,8.0
2026-10-07T03:41:31Z,5178X15772R11,5178X,,CANCELED,,
2026-10-07T03:41:31Z,5178X25606R1,5178X,,SCHEDULED,0,0.0
2026-10-07T03:41:31Z,5178X77602R4,5178X,,SCHEDULED,0,0.0
2026-10-07T03:41:31Z,5178X15000R15,5178X,,SCHEDULED,0,0.0
2026-10-07T03:41:31Z,5178X25400R2,5178X,,SCHEDULED,1560,26.0
2026-10-07T03:41:31Z,6078X26504C3,6078X,,SCHEDULED,0,0.0
2026-10-07T03:41:31Z,6078X26103C1,6078X,,SCHEDULED,0,0.0
2026-10-07T03:41:31Z,6078X26503C3,6078X,,SCHEDULED,180,3.0
2026-10-07T03:41:31Z,6078X26001C2,6078X,,SCHEDULED,60,1.0
2026-10-07T03:41:31Z,6078X26000C2,6078X,,SCHEDULED,60,1.0
2026-10-07T03:41:31Z,6078X26502C3,6078X,,SCHEDULED,0,0.0
2026-10-07T03:41:31Z,6078X26600C3,6078X,,SCHEDULED,180,3.0
2026-10-07T03:41:31Z,6078X26102C1,6078X,,SCHEDULED,60,1.0
2026-10-07T03:41:31Z,6078X26003C2,6078X,,SCHEDULED,180,3.0
2026-10-07T03:41:31Z,6078X26501C3,6078X,,SCHEDULED,-60,-1.0
2026-10-07T03:41:31Z,6078X26002C2,6078X,,SCHEDULED,120,2.0
2026-10-07T03:41:31Z,6078X26101C1,6078X,,SCHEDULED,60,1.0
2026-10-07T03:41:31Z,6078X26005C2,6078X,,SCHEDULED,0,0.0
2026-10-07T03:41:31Z,6078X26500C3,6078X,,SCHEDULED,0,0.0
2026-10-07T03:41:31Z,6078X26004C2,6078X,,SCHEDULED,0,0.0
2026-10-07T03:41:31Z,6178X35612C1,6178X,,SCHEDULED,-60,-1.0
2026-10-07T03:41:31Z,6178X35663C1,6178X,,SCHEDULED,0,0.0
2026-10-07T03:41:31Z,6278X71152C2,6278X,,SCHEDULED,0,0.0
2026-10-07T03:41:31Z,6278X71351C3,6278X,,SCHEDULED,0,0.0
2026-10-07T03:41:31Z,6278X71102C2,6278X,,CANCELED,,
2026-10-07T03:41:31Z,4778X71091C1,4778X,,SCHEDULED,0,0.0
2026-10-07T03:41:31Z,4778X71080C1,4778X,,SCHEDULED,0,0.0
2026-10-07T03:41:31Z,2078X22000C1,2078X,,SCHEDULED,0,0.0
2026-10-07T03:41:31Z,2078X22200C2,2078X,,SCHEDULED,0,0.0
2026-10-07T03:41:31Z,2078X22101C1,2078X,,SCHEDULED,480,8.0
2026-10-07T03:41:31Z,2078X22004C1,2078X,,SCHEDULED,0,0.0
2026-10-07T03:41:31Z,2078X80851C6,2078X,,SCHEDULED,0,0.0
2026-10-07T03:41:31Z,2078X70801C6,2078X,,SCHEDULED,0,0.0
2026-10-07T03:41:31Z,2078X70900C8,2078X,,SCHEDULED,540,9.0
2026-10-07T03:41:31Z,2078X22103C1,2078X,,SCHEDULED,300,5.0
2026-10-07T03:41:31Z,2078X22303C3,2078X,,SCHEDULED,0,0.0
2026-10-07T03:41:31Z,2078X70502C7,2078X,,SCHEDULED,0,0.0
2026-10-07T03:41:31Z,2078X70200C4,2078X,,SCHEDULED,0,0.0
2026-10-07T03:41:31Z,2078X70501C7,2078X,,SCHEDULED,0,0.0
2026-10-07T03:41:31Z,2078X70752C6,2078X,,SCHEDULED,0,0.0
2026-10-07T03:41:31Z,2078X70401C5,2078X,,CANCELED,,
2026-10-07T03:41:31Z,2078X70400C5,2078X,,SCHEDULED,180,3.0
2026-10-07T03:41:31Z,2078X70753C6,2078X,,SCHEDULED,0,0.0
2026-10-07T03:41:31Z,2078X70500C7,2078X,,SCHEDULED,60,1.0
2026-10-07T03:41:31Z,4178X84901C2,4178X,,SCHEDULED,0,0.0
2026-10-07T03:41:31Z,4178X24701C1,4178X,,SCHEDULED,0,0.0
2026-10-07T03:41:31Z,4178X24700C1,4178X,,SCHEDULED,0,0.0
2026-10-07T03:41:31Z,4178X84900C2,4178X,,SCHEDULED,0,0.0
2026-10-07T03:41:31Z,1078X35973C2,1078X,,SCHEDULED,0,0.0
2026-10-07T03:41:31Z,1078X36305C10,1078X,,SCHEDULED,0,0.0
2026-10-07T03:41:31Z,1078X19800C1,1078X,,SCHEDULED,0,0.0
2026-10-07T03:41:31Z,1078X19803C1,1078X,,SCHEDULED,0,0.0
2026-10-07T03:41:31Z,1078X19527C5,1078X,,SCHEDULED,0,0.0
2026-10-07T03:41:31Z,1078X20005C3,1078X,,SCHEDULED,180,3.0
2026-10-07T03:41:31Z,1078X20004C3,1078X,,SCHEDULED,0,0.0
2026-10-07T03:41:31Z,1078X20202C4,1078X,,SCHEDULED,0,0.0
2026-10-07T03:41:31Z,1078X20003C3,1078X,,SCHEDULED,240,4.0
2026-10-07T03:41:31Z,1078X21001C8a,1078X,,SCHEDULED,0,0.0
2026-10-07T03:41:31Z,1078X21000C8a,1078X,,SCHEDULED,120,2.0
2026-10-07T03:41:31Z,1078X21804C7,1078X,,SCHEDULED,0,0.0
2026-10-07T03:41:31Z,1078X21605C2,1078X,,SCHEDULED,780,13.0
2026-10-07T03:41:31Z,1078X21603C2,1078X,,SCHEDULED,180,3.0
2026-10-07T03:41:31Z,1078X21800C7,1078X,,SCHEDULED,60,1.0
2026-10-07T03:41:31Z,1078X21601C2,1078X,,SCHEDULED,0,0.0
2026-10-07T03:41:31Z,1078X35975C2,1078X,,SCHEDULED,0,0.0
2026-10-07T03:41:31Z,1078X20405C4b,1078X,,SCHEDULED,120,2.0
2026-10-07T03:41:31Z,1078X20206C4,1078X,,SCHEDULED,0,0.0
2026-10-07T03:41:31Z,1078X20007C3,1078X,,SCHEDULED,0,0.0
2026-10-07T03:41:31Z,1078X20205C4a,1078X,,SCHEDULED,240,4.0
2026-10-07T03:41:31Z,1078X20600C8b,1078X,,SCHEDULED,0,0.0
2026-10-07T03:41:31Z,1078X20006C3,1078X,,SCHEDULED,0,0.0
2026-10-07T03:41:31Z,1078X20402C4b,1078X,,SCHEDULED,480,8.0
2026-10-07T03:41:31Z,1078X20204C4,1078X,,SCHEDULED,60,1.0
2026-10-07T03:41:31Z,1078X21807C7,1078X,,SCHEDULED,0,0.0
2026-10-07T03:41:31Z,1078X35809C7,1078X,,SCHEDULED,0,0.0
2026-10-07T03:41:31Z,1078X20002C3,1078X,,SCHEDULED,60,1.0
2026-10-07T03:41:31Z,1078X19531C5,1078X,,SCHEDULED,0,0.0
2026-10-07T03:41:31Z,1078X20409C4b,1078X,,SCHEDULED,0,0.0
2026-10-07T03:41:31Z,1078X20209C4a,1078X,,SCHEDULED,60,1.0
2026-10-07T03:41:31Z,1078X20407C4b,1078X,,SCHEDULED,120,2.0
2026-10-07T03:41:31Z,1078X20406C4b,1078X,,SCHEDULED,0,0.0
2026-10-07T03:41:31Z,1078X20208C4,1078X,,SCHEDULED,420,7.0
2026-10-07T03:41:31Z,1078X20009C3,1078X,,SCHEDULED,0,0.0
2026-10-07T03:41:31Z,1078X20207C4a,1078X,,SCHEDULED,840,14.0
2026-10-07T03:41:31Z,1078X19508C5,1078X,,SCHEDULED,0,0.0
2026-10-07T03:41:31Z,1078X19509C5,1078X,,SCHEDULED,0,0.0
2026-10-07T03:41:31Z,1078X19504C5,1078X,,SCHEDULED,0,0.0
2026-10-07T03:41:31Z,1078X19503C5,1078X,,SCHEDULED,0,0.0
2026-10-07T03:41:31Z,1078X19505C5,1078X,,SCHEDULED,0,0.0
2026-10-07T03:41:31Z,1078X21512C2,1078X,,SCHEDULED,0,0.0
2026-10-07T03:41:31Z,1078X19510C5,1078X,,SCHEDULED,0,0.0
2026-10-07T03:41:31Z,1078X21303C10,1078X,,SCHEDULED,0,0.0
2026-10-07T03:41:31Z,1078X21501C2,1078X,,SCHEDULED,0,0.0
2026-10-07T03:41:31Z,1078X21104C10,1078X,,SCHEDULED,0,0.0
2026-10-07T03:41:31Z,1078X21510C2,1078X,,SCHEDULED,0,0.0
2026-10-07T03:41:31Z,1078X20411C4b,1078X,,SCHEDULED,600,10.0
2026-10-07T03:41:31Z,1078X19513C5,1078X,,SCHEDULED,0,0.0
2026-10-07T03:41:31Z,1078X19512C5,1078X,,SCHEDULED,0,0.0
2026-10-07T03:41:31Z,1078X20706C5,1078X,,SCHEDULED,0,0.0
2026-10-07T03:41:31Z,1078X21500C2,1078X,,SCHEDULED,60,1.0
2026-10-07T03:41:31Z,1078X20704C5,1078X,,SCHEDULED,0,0.0
2026-10-07T03:41:31Z,1078X20212C4a,1078X,,SCHEDULED,660,11.0
2026-10-07T03:41:31Z,1078X20703C5,1078X,,SCHEDULED,0,0.0
2026-10-07T03:41:31Z,1078X19502C5,1078X,,SCHEDULED,0,0.0
2026-10-07T03:41:31Z,1078X20702C5,1078X,,SCHEDULED,60,1.0
2026-10-07T03:41:31Z,1078X20211C4a,1078X,,SCHEDULED,0,0.0
2026-10-07T03:41:31Z,1078X19515C5,1078X,,SCHEDULED,0,0.0
2026-10-07T03:41:31Z,1078X19521C5,1078X,,SCHEDULED,0,0.0
2026-10-07T03:41:31Z,1078X21200C10,1078X,,SCHEDULED,0,0.0
2026-10-07T03:41:31Z,1078X21300C10,1078X,,SCHEDULED,0,0.0
2026-10-07T03:41:31Z,1078X21100C10,1078X,,SCHEDULED,120,2.0
2026-10-07T03:41:31Z,1078X21508C2,1078X,,SCHEDULED,0,0.0
2026-10-07T03:41:31Z,1078X21506C2,1078X,,SCHEDULED,60,1.0
2026-10-07T03:41:31Z,1078X21703C2,1078X,,SCHEDULED,120,2.0
2026-10-07T03:41:31Z,1078X20415C4b,1078X,,SCHEDULED,0,0.0
2026-10-07T03:41:31Z,1078X21504C2,1078X,,SCHEDULED,60,1.0
2026-10-07T03:41:31Z,1078X20216C4a,1078X,,SCHEDULED,0,0.0
2026-10-07T03:41:31Z,1078X21503C2,1078X,,SCHEDULED,360,6.0
2026-10-07T03:41:31Z,1078X20413C4b,1078X,,SCHEDULED,0,0.0
2026-10-07T03:46:29Z,3078X23504C1,3078X,,SCHEDULED,0,0.0
2026-10-07T03:46:29Z,3078X23500C1,3078X,,SCHEDULED,420,7.0
2026-10-07T03:46:29Z,3078X23505C1,3078X,,SCHEDULED,0,0.0
2026-10-07T03:46:29Z,3078X23601C4,3078X,,SCHEDULED,0,0.0
2026-10-07T03:46:29Z,3078X23502C1,3078X,,SCHEDULED,0,0.0
2026-10-07T03:46:29Z,3078X23501C1,3078X,,SCHEDULED,0,0.0
2026-10-07T03:46:29Z,3178X23201C1,3178X,,SCHEDULED,0,0.0
2026-10-07T03:46:29Z,3178X23422T1,3178X,,SCHEDULED,0,0.0
2026-10-07T03:46:29Z,3178X23200C1,3178X,,SCHEDULED,0,0.0
2026-10-07T03:46:29Z,3278X23303C1,3278X,,SCHEDULED,120,2.0
2026-10-07T03:46:29Z,4078X24201C1,4078X,,SCHEDULED,0,0.0
2026-10-07T03:46:29Z,4078X24380C6,4078X,,SCHEDULED,0,0.0
2026-10-07T03:46:29Z,4078X24301C6,4078X,,SCHEDULED,120,2.0
2026-10-07T03:46:29Z,4078X84601C5,4078X,,SCHEDULED,0,0.0
2026-10-07T03:46:29Z,4078X24103C2,4078X,,SCHEDULED,120,2.0
2026-10-07T03:46:29Z,4078X24002C2,4078X,,SCHEDULED,0,0.0
2026-10-07T03:46:29Z,4078X24200C1,4078X,,SCHEDULED,0,0.0
2026-10-07T03:46:29Z,4078X24000C2,4078X,,SCHEDULED,480,8.0
2026-10-07T03:46:29Z,4078X24001C2,4078X,,SCHEDULED,120,2.0
2026-10-07T03:46:29Z,4078X24300C6,4078X,,SCHEDULED,0,0.0
2026-10-07T03:46:29Z,5178X18121R16,5178X,,SCHEDULED,60,1.0
2026-10-07T03:46:29Z,5178X28404R2N,5178X,,SCHEDULED,0,0.0
2026-10-07T03:46:29Z,5178X28263R2S,5178X,,SCHEDULED,120,2.0
2026-10-07T03:46:29Z,5178X77510R4,5178X,,SCHEDULED,0,0.0
2026-10-07T03:46:29Z,5178X77400R4,5178X,,SCHEDULED,360,6.0
2026-10-07T03:46:29Z,5178X28500R2,5178X,,SCHEDULED,540,9.0
2026-10-07T03:46:29Z,5178X77402R4,5178X,,SCHEDULED,0,0.0
2026-10-07T03:46:29Z,5178X77602R4,5178X,,SCHEDULED,180,3.0
2026-10-07T03:46:29Z,5178X15720R11,5178X,,CANCELED,,
2026-10-07T03:46:29Z,5178X33520RL4,5178X,,SCHEDULED,720,12.0
2026-10-07T03:46:29Z,5178X15250RG1,5178X,,SCHEDULED,0,0.0
2026-10-07T03:46:29Z,5178X77702R4,5178X,,SCHEDULED,0,0.0
2026-10-07T03:46:29Z,5178X18120R16,5178X,,SCHEDULED,0,0.0
2026-10-07T03:46:29Z,5178X77504R4,5178X,,SCHEDULED,0,0.0
2026-10-07T03:46:29Z,5178X15772R11,5178X,,CANCELED,,
2026-10-07T03:46:29Z,5178X33521R4,5178X,,SCHEDULED,60,1.0
2026-10-07T03:46:29Z,5178X25606R1,5178X,,SCHEDULED,0,0.0
2026-10-07T03:46:29Z,5178X77506R4,5178X,,SCHEDULED,0,0.0
2026-10-07T03:46:29Z,5178X25704R1,5178X,,SCHEDULED,0,0.0
2026-10-07T03:46:29Z,5178X77508R4,5178X,,SCHEDULED,0,0.0
2026-10-07T03:46:29Z,5178X25400R2,5178X,,SCHEDULED,1620,27.0
2026-10-07T03:46:29Z,5178X28556R2N,5178X,,SCHEDULED,180,3.0
2026-10-07T03:46:29Z,5178X25502R2S,5178X,,SCHEDULED,0,0.0
2026-10-07T03:46:29Z,6078X26504C3,6078X,,SCHEDULED,0,0.0
2026-10-07T03:46:29Z,6078X26602C3,6078X,,SCHEDULED,0,0.0
2026-10-07T03:46:29Z,6078X26503C3,6078X,,SCHEDULED,120,2.0
2026-10-07T03:46:29Z,6078X26600C3,6078X,,SCHEDULED,120,2.0
2026-10-07T03:46:29Z,6078X26102C1,6078X,,SCHEDULED,180,3.0
2026-10-07T03:46:29Z,6078X26003C2,6078X,,SCHEDULED,60,1.0
2026-10-07T03:46:29Z,6078X26002C2,6078X,,SCHEDULED,120,2.0
2026-10-07T03:46:29Z,6078X26005C2,6078X,,SCHEDULED,0,0.0
2026-10-07T03:46:29Z,6078X26001C2,6078X,,SCHEDULED,60,1.0
2026-10-07T03:46:29Z,6078X26000C2,6078X,,SCHEDULED,60,1.0
2026-10-07T03:46:29Z,6078X71503C4,6078X,,SCHEDULED,0,0.0
2026-10-07T03:46:29Z,6078X26500C3,6078X,,SCHEDULED,60,1.0
2026-10-07T03:46:29Z,6078X26004C2,6078X,,SCHEDULED,0,0.0
2026-10-07T03:46:29Z,6078X71500C4,6078X,,SCHEDULED,0,0.0
2026-10-07T03:46:29Z,6078X26103C1,6078X,,SCHEDULED,120,2.0
2026-10-07T03:46:29Z,6078X26104C1,6078X,,SCHEDULED,0,0.0
2026-10-07T03:46:29Z,6078X26502C3,6078X,,SCHEDULED,-60,-1.0
2026-10-07T03:46:29Z,6178X35612C1,6178X,,SCHEDULED,-60,-1.0
2026-10-07T03:46:29Z,6178X35663C1,6178X,,SCHEDULED,0,0.0
2026-10-07T03:46:29Z,6278X71152C2,6278X,,SCHEDULED,0,0.0
2026-10-07T03:46:29Z,6278X71351C3,6278X,,SCHEDULED,60,1.0
2026-10-07T03:46:29Z,6278X71102C2,6278X,,CANCELED,,
2026-10-07T03:46:29Z,6278X71104C2,6278X,,SCHEDULED,0,0.0
2026-10-07T03:46:29Z,4778X71091C1,4778X,,SCHEDULED,0,0.0
2026-10-07T03:46:29Z,4778X71080C1,4778X,,SCHEDULED,0,0.0
2026-10-07T03:46:29Z,2078X70201C4,2078X,,SCHEDULED,0,0.0
2026-10-07T03:46:29Z,2078X70502C7,2078X,,SCHEDULED,0,0.0
2026-10-07T03:46:29Z,2078X22000C1,2078X,,SCHEDULED,0,0.0
2026-10-07T03:46:29Z,2078X70200C4,2078X,,SCHEDULED,0,0.0
2026-10-07T03:46:29Z,2078X70750C6,2078X,,SCHEDULED,60,1.0
2026-10-07T03:46:29Z,2078X70752C6,2078X,,SCHEDULED,0,0.0
2026-10-07T03:46:29Z,2078X22002C1,2078X,,SCHEDULED,0,0.0
2026-10-07T03:46:29Z,2078X70400C5,2078X,,SCHEDULED,60,1.0
2026-10-07T03:46:29Z,2078X22200C2,2078X,,SCHEDULED,60,1.0
2026-10-07T03:46:29Z,2078X70501C7,2078X,,SCHEDULED,0,0.0
2026-10-07T03:46:29Z,2078X70401C5,2078X,,CANCELED,,
2026-10-07T03:46:29Z,2078X22101C1,2078X,,SCHEDULED,480,8.0
2026-10-07T03:46:29Z,2078X70753C6,2078X,,SCHEDULED,0,0.0
2026-10-07T03:46:29Z,2078X80851C6,2078X,,SCHEDULED,300,5.0
2026-10-07T03:46:29Z,2078X70801C6,2078X,,SCHEDULED,0,0.0
2026-10-07T03:46:29Z,2078X70500C7,2078X,,SCHEDULED,300,5.0
2026-10-07T03:46:29Z,2078X70755C6,2078X,,SCHEDULED,0,0.0
2026-10-07T03:46:29Z,2078X70900C8,2078X,,SCHEDULED,120,2.0
2026-10-07T03:46:29Z,2078X22004C1,2078X,,SCHEDULED,0,0.0
2026-10-07T03:46:29Z,2078X22103C1,2078X,,SCHEDULED,120,2.0
2026-10-07T03:46:29Z,2078X22303C3,2078X,,SCHEDULED,0,0.0
2026-10-07T03:46:29Z,4178X84901C2,4178X,,SCHEDULED,0,0.0
2026-10-07T03:46:29Z,4178X84900C2,4178X,,SCHEDULED,0,0.0
2026-10-07T03:46:29Z,4178X24701C1,4178X,,SCHEDULED,180,3.0
2026-10-07T03:46:29Z,4178X24700C1,4178X,,CANCELED,,
2026-10-07T03:46:29Z,1078X21000C8a,1078X,,SCHEDULED,180,3.0
2026-10-07T03:46:29Z,1078X21804C7,1078X,,SCHEDULED,0,0.0
2026-10-07T03:46:29Z,1078X21605C2,1078X,,SCHEDULED,1020,17.0
2026-10-07T03:46:29Z,1078X21603C2,1078X,,SCHEDULED,240,4.0
2026-10-07T03:46:29Z,1078X21800C7,1078X,,SCHEDULED,300,5.0
2026-10-07T03:46:29Z,1078X35975C2,1078X,,SCHEDULED,0,0.0
2026-10-07T03:46:29Z,1078X35973C2,1078X,,SCHEDULED,180,3.0
2026-10-07T03:46:29Z,1078X20709C5,1078X,,SCHEDULED,0,0.0
2026-10-07T03:46:29Z,1078X19805C1,1078X,,SCHEDULED,0,0.0
2026-10-07T03:46:29Z,1078X36305C10,1078X,,SCHEDULED,0,0.0
2026-10-07T03:46:29Z,1078X19800C1,1078X,,SCHEDULED,0,0.0
2026-10-07T03:46:29Z,1078X19803C1,1078X,,SCHEDULED,0,0.0
2026-10-07T03:46:29Z,1078X19527C5,1078X,,SCHEDULED,0,0.0
2026-10-07T03:46:29Z,1078X19533C5,1078X,,SCHEDULED,0,0.0
2026-10-07T03:46:29Z,1078X20004C3,1078X,,SCHEDULED,180,3.0
2026-10-07T03:46:29Z,1078X20202C4,1078X,,SCHEDULED,180,3.0
2026-10-07T03:46:29Z,1078X20003C3,1078X,,SCHEDULED,60,1.0
2026-10-07T03:46:29Z,1078X20008C3,1078X,,SCHEDULED,0,0.0
2026-10-07T03:46:29Z,1078X20206C4,1078X,,SCHEDULED,0,0.0
2026-10-07T03:46:29Z,1078X20601C8b,1078X,,SCHEDULED,0,0.0
2026-10-07T03:46:29Z,1078X20007C3,1078X,,SCHEDULED,0,0.0
2026-10-07T03:46:29Z,1078X20205C4a,1078X,,SCHEDULED,120,2.0
2026-10-07T03:46:29Z,1078X20600C8b,1078X,,SCHEDULED,0,0.0
2026-10-07T03:46:29Z,1078X20006C3,1078X,,SCHEDULED,0,0.0
2026-10-07T03:46:29Z,1078X20402C4b,1078X,,SCHEDULED,240,4.0
2026-10-07T03:46:29Z,1078X21807C7,1078X,,SCHEDULED,0,0.0
2026-10-07T03:46:29Z,1078X35809C7,1078X,,SCHEDULED,0,0.0
2026-10-07T03:46:29Z,1078X20002C3,1078X,,SCHEDULED,120,2.0
2026-10-07T03:46:29Z,1078X19531C5,1078X,,SCHEDULED,0,0.0
2026-10-07T03:46:29Z,1078X20409C4b,1078X,,SCHEDULED,0,0.0
2026-10-07T03:46:29Z,1078X20209C4a,1078X,,SCHEDULED,180,3.0
2026-10-07T03:46:29Z,1078X20406C4b,1078X,,SCHEDULED,0,0.0
2026-10-07T03:46:29Z,1078X20208C4,1078X,,SCHEDULED,720,12.0
2026-10-07T03:46:29Z,1078X20009C3,1078X,,SCHEDULED,0,0.0
2026-10-07T03:46:29Z,1078X20207C4a,1078X,,SCHEDULED,60,1.0
2026-10-07T03:46:29Z,1078X20405C4b,1078X,,SCHEDULED,120,2.0
2026-10-07T03:46:29Z,1078X19508C5,1078X,,SCHEDULED,0,0.0
2026-10-07T03:46:29Z,1078X19509C5,1078X,,SCHEDULED,60,1.0
2026-10-07T03:46:29Z,1078X19504C5,1078X,,SCHEDULED,0,0.0
2026-10-07T03:46:29Z,1078X19503C5,1078X,,SCHEDULED,0,0.0
2026-10-07T03:46:29Z,1078X19505C5,1078X,,SCHEDULED,0,0.0
2026-10-07T03:46:29Z,1078X21512C2,1078X,,SCHEDULED,0,0.0
2026-10-07T03:46:29Z,1078X19510C5,1078X,,SCHEDULED,180,3.0
2026-10-07T03:46:29Z,1078X21510C2,1078X,,SCHEDULED,0,0.0
2026-10-07T03:46:29Z,1078X19513C5,1078X,,SCHEDULED,0,0.0
2026-10-07T03:46:29Z,1078X19799C1,1078X,,SCHEDULED,360,6.0
2026-10-07T03:46:29Z,1078X19512C5,1078X,,SCHEDULED,0,0.0
2026-10-07T03:46:29Z,1078X20706C5,1078X,,SCHEDULED,0,0.0
2026-10-07T03:46:29Z,1078X20704C5,1078X,,SCHEDULED,0,0.0
2026-10-07T03:46:29Z,1078X20703C5,1078X,,SCHEDULED,0,0.0
2026-10-07T03:46:29Z,1078X20702C5,1078X,,SCHEDULED,60,1.0
2026-10-07T03:46:29Z,1078X19518C5,1078X,,SCHEDULED,0,0.0
2026-10-07T03:46:29Z,1078X19515C5,1078X,,SCHEDULED,180,3.0
2026-10-07T03:46:29Z,1078X19521C5,1078X,,SCHEDULED,0,0.0
2026-10-07T03:46:29Z,1078X21200C10,1078X,,SCHEDULED,0,0.0
2026-10-07T03:46:29Z,1078X21001C8a,1078X,,SCHEDULED,0,0.0
2026-10-07T03:46:29Z,1078X21303C10,1078X,,SCHEDULED,60,1.0
2026-10-07T03:46:29Z,1078X21501C2,1078X,,SCHEDULED,0,0.0
2026-10-07T03:46:29Z,1078X21104C10,1078X,,SCHEDULED,-60,-1.0
2026-10-07T03:46:29Z,1078X20411C4b,1078X,,SCHEDULED,120,2.0
2026-10-07T03:46:29Z,1078X21500C2,1078X,,SCHEDULED,60,1.0
2026-10-07T03:46:29Z,1078X20212C4a,1078X,,SCHEDULED,120,2.0
2026-10-07T03:46:29Z,1078X19502C5,1078X,,SCHEDULED,0,0.0
2026-10-07T03:46:29Z,1078X20211C4a,1078X,,SCHEDULED,0,0.0
2026-10-07T03:46:29Z,1078X21300C10,1078X,,SCHEDULED,60,1.0
2026-10-07T03:46:29Z,1078X21100C10,1078X,,SCHEDULED,60,1.0
2026-10-07T03:46:29Z,1078X21508C2,1078X,,SCHEDULED,-60,-1.0
2026-10-07T03:46:29Z,1078X21506C2,1078X,,SCHEDULED,120,2.0
2026-10-07T03:46:29Z,1078X21505C2,1078X,,SCHEDULED,0,0.0
2026-10-07T03:46:29Z,1078X21703C2,1078X,,SCHEDULED,60,1.0
2026-10-07T03:46:29Z,1078X20415C4b,1078X,,SCHEDULED,0,0.0
2026-10-07T03:46:29Z,1078X21504C2,1078X,,SCHEDULED,0,0.0
2026-10-07T03:46:29Z,1078X20216C4a,1078X,,SCHEDULED,0,0.0
2026-10-07T03:46:29Z,1078X21503C2,1078X,,SCHEDULED,240,4.0
2026-10-07T03:46:29Z,1078X20215C4a,1078X,,SCHEDULED,0,0.0
2026-10-07T03:46:29Z,1078X20413C4b,1078X,,SCHEDULED,0,0.0
2026-10-07T03:51:27Z,3078X23500C1,3078X,,SCHEDULED,420,7.0
2026-10-07T03:51:27Z,3078X23504C1,3078X,,SCHEDULED,0,0.0
2026-10-07T03:51:27Z,3078X23501C1,3078X,,SCHEDULED,60,1.0
2026-10-07T03:51:27Z,3078X23502C1,3078X,,SCHEDULED,0,0.0
2026-10-07T03:51:27Z,3078X23505C1,3078X,,SCHEDULED,0,0.0
2026-10-07T03:51:27Z,3078X23701C5,3078X,,SCHEDULED,0,0.0
2026-10-07T03:51:27Z,3078X23601C4,3078X,,SCHEDULED,0,0.0
2026-10-07T03:51:27Z,3178X23201C1,3178X,,SCHEDULED,0,0.0
2026-10-07T03:51:27Z,3178X23203C1,3178X,,SCHEDULED,0,0.0
2026-10-07T03:51:27Z,3178X23422T1,3178X,,SCHEDULED,0,0.0
2026-10-07T03:51:27Z,3178X23200C1,3178X,,SCHEDULED,0,0.0
2026-10-07T03:51:27Z,3178X23421T1,3178X,,SCHEDULED,0,0.0
2026-10-07T03:51:27Z,3278X23303C1,3278X,,SCHEDULED,120,2.0
2026-10-07T03:51:27Z,3278X23151C2,3278X,,SCHEDULED,0,0.0
2026-10-07T03:51:27Z,4078X31400C3,4078X,,SCHEDULED,0,0.0
2026-10-07T03:51:27Z,4078X84004C2,4078X,,SCHEDULED,0,0.0
2026-10-07T03:51:27Z,4078X24301C6,4078X,,SCHEDULED,60,1.0
2026-10-07T03:51:27Z,4078X84601C5,4078X,,SCHEDULED,0,0.0
2026-10-07T03:51:27Z,4078X24000C2,4078X,,SCHEDULED,420,7.0
2026-10-07T03:51:27Z,4078X24001C2,4078X,,SCHEDULED,120,2.0
2026-10-07T03:51:27Z,4078X24103C2,4078X,,SCHEDULED,120,2.0
2026-10-07T03:51:27Z,4078X24002C2,4078X,,SCHEDULED,0,0.0
2026-10-07T03:51:27Z,4078X24200C1,4078X,,SCHEDULED,0,0.0
2026-10-07T03:51:27Z,4078X24380C6,4078X,,SCHEDULED,0,0.0
2026-10-07T03:51:27Z,4078X24300C6,4078X,,SCHEDULED,0,0.0
2026-10-07T03:51:27Z,4078X24201C1,4078X,,SCHEDULED,0,0.0
2026-10-07T03:51:27Z,5178X25502R2S,5178X,,SCHEDULED,0,0.0
2026-10-07T03:51:27Z,5178X15772R11,5178X,,CANCELED,,
2026-10-07T03:51:27Z,5178X77510R4,5178X,,SCHEDULED,0,0.0
2026-10-07T03:51:27Z,5178X18121R16,5178X,,SCHEDULED,60,1.0
2026-10-07T03:51:27Z,5178X28404R2N,5178X,,SCHEDULED,0,0.0
2026-10-07T03:51:27Z,5178X15720R11,5178X,,CANCELED,,
2026-10-07T03:51:27Z,5178X33520RL4,5178X,,SCHEDULED,300,5.0
2026-10-07T03:51:27Z,5178X28263R2S,5178X,,SCHEDULED,0,0.0
2026-10-07T03:51:27Z,5178X77400R4,5178X,,SCHEDULED,480,8.0
2026-10-07T03:51:27Z,5178X15250RG1,5178X,,SCHEDULED,0,0.0
2026-10-07T03:51:27Z,5178X28500R2,5178X,,SCHEDULED,540,9.0
2026-10-07T03:51:27Z,5178X77402R4,5178X,,SCHEDULED,0,0.0
2026-10-07T03:51:27Z,5178X18120R16,5178X,,SCHEDULED,0,0.0
2026-10-07T03:51:27Z,5178X25606R1,5178X,,SCHEDULED,0,0.0
2026-10-07T03:51:27Z,5178X25704R1,5178X,,SCHEDULED,0,0.0
2026-10-07T03:51:27Z,5178X77504R4,5178X,,SCHEDULED,-120,-2.0
2026-10-07T03:51:27Z,5178X15002R15,5178X,,SCHEDULED,0,0.0
2026-10-07T03:51:27Z,5178X15000R15,5178X,,SCHEDULED,0,0.0
2026-10-07T03:51:27Z,5178X33521R4,5178X,,SCHEDULED,60,1.0
2026-10-07T03:51:27Z,5178X77506R4,5178X,,SCHEDULED,0,0.0
2026-10-07T03:51:27Z,5178X25400R2,5178X,,SCHEDULED,1680,28.0
2026-10-07T03:51:27Z,5178X77508R4,5178X,,SCHEDULED,0,0.0
2026-10-07T03:51:27Z,5178X77602R4,5178X,,SCHEDULED,240,4.0
2026-10-07T03:51:27Z,5178X25501R2S,5178X,,SCHEDULED,120,2.0
2026-10-07T03:51:27Z,6078X26105C1,6078X,,SCHEDULED,0,0.0
2026-10-07T03:51:27Z,6078X26600C3,6078X,,SCHEDULED,180,3.0
2026-10-07T03:51:27Z,6078X26501C3,6078X,,SCHEDULED,0,0.0
2026-10-07T03:51:27Z,6078X26005C2,6078X,,SCHEDULED,0,0.0
2026-10-07T03:51:27Z,6078X26504C3,6078X,,SCHEDULED,0,0.0
2026-10-07T03:51:27Z,6078X26102C1,6078X,,SCHEDULED,180,3.0
2026-10-07T03:51:27Z,6078X26500C3,6078X,,SCHEDULED,60,1.0
2026-10-07T03:51:27Z,6078X26003C2,6078X,,SCHEDULED,60,1.0
2026-10-07T03:51:27Z,6078X26004C2,6078X,,SCHEDULED,0,0.0
2026-10-07T03:51:27Z,6078X26002C2,6078X,,SCHEDULED,120,2.0
2026-10-07T03:51:27Z,6078X26602C3,6078X,,SCHEDULED,0,0.0
2026-10-07T03:51:27Z,6078X26103C1,6078X,,SCHEDULED,120,2.0
2026-10-07T03:51:27Z,6078X26503C3,6078X,,SCHEDULED,240,4.0
2026-10-07T03:51:27Z,6078X71503C4,6078X,,SCHEDULED,0,0.0
2026-10-07T03:51:27Z,6078X26502C3,6078X,,SCHEDULED,60,1.0
2026-10-07T03:51:27Z,6078X71501C4,6078X,,SCHEDULED,-60,-1.0
2026-10-07T03:51:27Z,6078X71500C4,6078X,,SCHEDULED,0,0.0
2026-10-07T03:51:27Z,6078X26104C1,6078X,,SCHEDULED,0,0.0
2026-10-07T03:51:27Z,6178X35612C1,6178X,,SCHEDULED,60,1.0
2026-10-07T03:51:27Z,6178X35663C1,6178X,,SCHEDULED,0,0.0
2026-10-07T03:51:27Z,6178X35688C1,6178X,,SCHEDULED,-60,-1.0
2026-10-07T03:51:27Z,6278X71150C2,6278X,,SCHEDULED,300,5.0
2026-10-07T03:51:27Z,6278X71351C3,6278X,,SCHEDULED,0,0.0
2026-10-07T03:51:27Z,6278X71102C2,6278X,,CANCELED,,
2026-10-07T03:51:27Z,6278X71104C2,6278X,,CANCELED,,
2026-10-07T03:51:27Z,4778X71091C1,4778X,,SCHEDULED,0,0.0
2026-10-07T03:51:27Z,4778X71080C1,4778X,,SCHEDULED,0,0.0
2026-10-07T03:51:27Z,2078X70508C7,2078X,,SCHEDULED,0,0.0
2026-10-07T03:51:27Z,2078X70502C7,2078X,,SCHEDULED,0,0.0
2026-10-07T03:51:27Z,2078X70200C4,2078X,,SCHEDULED,60,1.0
2026-10-07T03:51:27Z,2078X70801C6,2078X,,SCHEDULED,0,0.0
2026-10-07T03:51:27Z,2078X70400C5,2078X,,SCHEDULED,60,1.0
2026-10-07T03:51:27Z,2078X70201C4,2078X,,SCHEDULED,0,0.0
2026-10-07T03:51:27Z,2078X70900C8,2078X,,SCHEDULED,60,1.0
2026-10-07T03:51:27Z,2078X22000C1,2078X,,SCHEDULED,240,4.0
2026-10-07T03:51:27Z,2078X70501C7,2078X,,SCHEDULED,120,2.0
2026-10-07T03:51:27Z,2078X70401C5,2078X,,CANCELED,,
2026-10-07T03:51:27Z,2078X22002C1,2078X,,SCHEDULED,0,0.0
2026-10-07T03:51:27Z,2078X70500C7,2078X,,SCHEDULED,360,6.0
2026-10-07T03:51:27Z,2078X22004C1,2078X,,SCHEDULED,0,0.0
2026-10-07T03:51:27Z,2078X22103C1,2078X,,SCHEDULED,60,1.0
2026-10-07T03:51:27Z,2078X22303C3,2078X,,SCHEDULED,240,4.0
2026-10-07T03:51:27Z,2078X70853C6,2078X,,SCHEDULED,0,0.0
2026-10-07T03:51:27Z,2078X80851C6,2078X,,SCHEDULED,600,10.0
2026-10-07T03:51:27Z,2078X70237C4,2078X,,SCHEDULED,-6480,-108.0
2026-10-07T03:51:27Z,2078X70753C6,2078X,,SCHEDULED,0,0.0
2026-10-07T03:51:27Z,2078X70755C6,2078X,,SCHEDULED,0,0.0
2026-10-07T03:51:27Z,2078X22200C2,2078X,,SCHEDULED,0,0.0
2026-10-07T03:51:27Z,2078X70750C6,2078X,,SCHEDULED,0,0.0
2026-10-07T03:51:27Z,2078X22101C1,2078X,,SCHEDULED,360,6.0
2026-10-07T03:51:27Z,2078X70752C6,2078X,,SCHEDULED,0,0.0
2026-10-07T03:51:27Z,2078X22202C2,2078X,,SCHEDULED,0,0.0
2026-10-07T03:51:27Z,4178X84901C2,4178X,,SCHEDULED,0,0.0
2026-10-07T03:51:27Z,4178X24701C1,4178X,,SCHEDULED,0,0.0
2026-10-07T03:51:27Z,4178X24700C1,4178X,,SCHEDULED,300,5.0
2026-10-07T03:51:27Z,4178X84900C2,4178X,,SCHEDULED,0,0.0
2026-10-07T03:51:27Z,1078X21000C8a,1078X,,SCHEDULED,360,6.0
2026-10-07T03:51:27Z,1078X21804C7,1078X,,SCHEDULED,0,0.0
2026-10-07T03:51:27Z,1078X21605C2,1078X,,SCHEDULED,0,0.0
2026-10-07T03:51:27Z,1078X21802C7,1078X,,SCHEDULED,0,0.0
2026-10-07T03:51:27Z,1078X21603C2,1078X,,SCHEDULED,120,2.0
2026-10-07T03:51:27Z,1078X21800C7,1078X,,SCHEDULED,120,2.0
2026-10-07T03:51:27Z,1078X20710C5,1078X,,SCHEDULED,0,0.0
2026-10-07T03:51:27Z,1078X21601C2,1078X,,SCHEDULED,60,1.0
2026-10-07T03:51:27Z,1078X35975C2,1078X,,SCHEDULED,0,0.0
2026-10-07T03:51:27Z,1078X35973C2,1078X,,SCHEDULED,480,8.0
2026-10-07T03:51:27Z,1078X20709C5,1078X,,SCHEDULED,0,0.0
2026-10-07T03:51:27Z,1078X19805C1,1078X,,SCHEDULED,0,0.0
2026-10-07T03:51:27Z,1078X36305C10,1078X,,SCHEDULED,0,0.0
2026-10-07T03:51:27Z,1078X19800C1,1078X,,SCHEDULED,0,0.0
2026-10-07T03:51:27Z,1078X19803C1,1078X,,SCHEDULED,0,0.0
2026-10-07T03:51:27Z,1078X19802C1,1078X,,SCHEDULED,0,0.0
2026-10-07T03:51:27Z,1078X19527C5,1078X,,SCHEDULED,0,0.0
2026-10-07T03:51:27Z,1078X19533C5,1078X,,SCHEDULED,0,0.0
2026-10-07T03:51:27Z,1078X20005C3,1078X,,SCHEDULED,240,4.0
2026-10-07T03:51:27Z,1078X20004C3,1078X,,SCHEDULED,0,0.0
2026-10-07T03:51:27Z,1078X20003C3,1078X,,SCHEDULED,60,1.0
2026-10-07T03:51:27Z,1078X20008C3,1078X,,SCHEDULED,0,0.0
2026-10-07T03:51:27Z,1078X20206C4,1078X,,SCHEDULED,0,0.0
2026-10-07T03:51:27Z,1078X20601C8b,1078X,,SCHEDULED,0,0.0
2026-10-07T03:51:27Z,1078X20007C3,1078X,,SCHEDULED,60,1.0
2026-10-07T03:51:27Z,1078X20205C4a,1078X,,SCHEDULED,180,3.0
2026-10-07T03:51:27Z,1078X20600C8b,1078X,,SCHEDULED,0,0.0
2026-10-07T03:51:27Z,1078X20006C3,1078X,,SCHEDULED,0,0.0
2026-10-07T03:51:27Z,1078X20402C4b,1078X,,SCHEDULED,120,2.0
2026-10-07T03:51:27Z,1078X20204C4,1078X,,SCHEDULED,0,0.0
2026-10-07T03:51:27Z,1078X21807C7,1078X,,SCHEDULED,0,0.0
2026-10-07T03:51:27Z,1078X35809C7,1078X,,SCHEDULED,0,0.0
2026-10-07T03:51:27Z,1078X19537C5,1078X,,SCHEDULED,0,0.0
2026-10-07T03:51:27Z,1078X20215C4a,1078X,,SCHEDULED,0,0.0
2026-10-07T03:51:27Z,1078X20413C4b,1078X,,SCHEDULED,0,0.0
2026-10-07T03:51:27Z,1078X19508C5,1078X,,SCHEDULED,0,0.0
2026-10-07T03:51:27Z,1078X19509C5,1078X,,SCHEDULED,60,1.0
2026-10-07T03:51:27Z,1078X19504C5,1078X,,SCHEDULED,0,0.0
2026-10-07T03:51:27Z,1078X19503C5,1078X,,SCHEDULED,60,1.0
2026-10-07T03:51:27Z,1078X19505C5,1078X,,SCHEDULED,0,0.0
2026-10-07T03:51:27Z,1078X21512C2,1078X,,SCHEDULED,0,0.0
2026-10-07T03:51:27Z,1078X19510C5,1078X,,SCHEDULED,480,8.0
2026-10-07T03:51:27Z,1078X21510C2,1078X,,SCHEDULED,0,0.0
2026-10-07T03:51:27Z,1078X19513C5,1078X,,SCHEDULED,0,0.0
2026-10-07T03:51:27Z,1078X19512C5,1078X,,SCHEDULED,0,0.0
2026-10-07T03:51:27Z,1078X20706C5,1078X,,SCHEDULED,0,0.0
2026-10-07T03:51:27Z,1078X20704C5,1078X,,SCHEDULED,0,0.0
2026-10-07T03:51:27Z,1078X20703C5,1078X,,SCHEDULED,0,0.0
2026-10-07T03:51:27Z,1078X20702C5,1078X,,SCHEDULED,0,0.0
2026-10-07T03:51:27Z,1078X19518C5,1078X,,SCHEDULED,0,0.0
2026-10-07T03:51:27Z,1078X19515C5,1078X,,SCHEDULED,60,1.0
2026-10-07T03:51:27Z,1078X19521C5,1078X,,SCHEDULED,0,0.0
2026-10-07T03:51:27Z,1078X21200C10,1078X,,SCHEDULED,0,0.0
2026-10-07T03:51:27Z,1078X21001C8a,1078X,,SCHEDULED,0,0.0
2026-10-07T03:51:27Z,1078X21303C10,1078X,,SCHEDULED,240,4.0
2026-10-07T03:51:27Z,1078X21501C2,1078X,,SCHEDULED,180,3.0
2026-10-07T03:51:27Z,1078X21104C10,1078X,,SCHEDULED,240,4.0
2026-10-07T03:51:27Z,1078X20411C4b,1078X,,SCHEDULED,60,1.0
2026-10-07T03:51:27Z,1078X21500C2,1078X,,SCHEDULED,180,3.0
2026-10-07T03:51:27Z,1078X20212C4a,1078X,,SCHEDULED,60,1.0
2026-10-07T03:51:27Z,1078X19502C5,1078X,,SCHEDULED,0,0.0
2026-10-07T03:51:27Z,1078X20211C4a,1078X,,SCHEDULED,0,0.0
2026-10-07T03:51:27Z,1078X21300C10,1078X,,SCHEDULED,60,1.0
2026-10-07T03:51:27Z,1078X20210C4,1078X,,SCHEDULED,0,0.0
2026-10-07T03:51:27Z,1078X20011C3,1078X,,SCHEDULED,0,0.0
2026-10-07T03:51:27Z,1078X21100C10,1078X,,SCHEDULED,120,2.0
2026-10-07T03:51:27Z,1078X21508C2,1078X,,SCHEDULED,240,4.0
2026-10-07T03:51:27Z,1078X21506C2,1078X,,SCHEDULED,120,2.0
2026-10-07T03:51:27Z,1078X20218C4a,1078X,,SCHEDULED,0,0.0
2026-10-07T03:51:27Z,1078X21505C2,1078X,,SCHEDULED,0,0.0
2026-10-07T03:51:27Z,1078X21703C2,1078X,,SCHEDULED,0,0.0
2026-10-07T03:51:27Z,1078X20415C4b,1078X,,SCHEDULED,0,0.0
2026-10-07T03:51:27Z,1078X20216C4a,1078X,,SCHEDULED,120,2.0
2026-10-07T03:51:27Z,1078X21503C2,1078X,,SCHEDULED,180,3.0
2026-10-07T03:51:27Z,1078X21304C10,1078X,,SCHEDULED,0,0.0
2026-10-07T03:51:27Z,1078X20002C3,1078X,,SCHEDULED,60,1.0
2026-10-07T03:51:27Z,1078X19531C5,1078X,,SCHEDULED,0,0.0
2026-10-07T03:51:27Z,1078X20409C4b,1078X,,SCHEDULED,60,1.0
2026-10-07T03:51:27Z,1078X20408C4b,1078X,,SCHEDULED,0,0.0
2026-10-07T03:51:27Z,1078X20209C4a,1078X,,SCHEDULED,0,0.0
2026-10-07T03:51:27Z,1078X20407C4b,1078X,,SCHEDULED,0,0.0
2026-10-07T03:51:27Z,1078X20406C4b,1078X,,SCHEDULED,120,2.0
2026-10-07T03:51:27Z,1078X20208C4,1078X,,SCHEDULED,0,0.0
2026-10-07T03:51:27Z,1078X20009C3,1078X,,SCHEDULED,0,0.0
2026-10-07T03:51:27Z,1078X20207C4a,1078X,,SCHEDULED,0,0.0
2026-10-07T03:51:27Z,1078X20405C4b,1078X,,SCHEDULED,180,3.0
2026-10-07T03:56:19Z,3078X23500C1,3078X,,SCHEDULED,420,7.0
2026-10-07T03:56:19Z,3078X23502C1,3078X,,SCHEDULED,0,0.0
2026-10-07T03:56:19Z,3078X23701C5,3078X,,SCHEDULED,0,0.0
2026-10-07T03:56:19Z,3078X23501C1,3078X,,SCHEDULED,0,0.0
2026-10-07T03:56:19Z,3078X23506C1,3078X,,SCHEDULED,0,0.0
2026-10-07T03:56:19Z,3078X23509C1,3078X,,SCHEDULED,0,0.0
2026-10-07T03:56:19Z,3078X23601C4,3078X,,SCHEDULED,1740,29.0
2026-10-07T03:56:19Z,3078X23801C5,3078X,,SCHEDULED,0,0.0
2026-10-07T03:56:19Z,3078X23504C1,3078X,,SCHEDULED,0,0.0
2026-10-07T03:56:19Z,3078X23505C1,3078X,,SCHEDULED,0,0.0
2026-10-07T03:56:19Z,3178X23200C1,3178X,,SCHEDULED,0,0.0
2026-10-07T03:56:19Z,3178X23201C1,3178X,,SCHEDULED,0,0.0
2026-10-07T03:56:19Z,3178X23203C1,3178X,,SCHEDULED,0,0.0
2026-10-07T03:56:19Z,3178X23422T1,3178X,,SCHEDULED,0,0.0
2026-10-07T03:56:19Z,3178X23421T1,3178X,,SCHEDULED,0,0.0
2026-10-07T03:56:19Z,3278X23303C1,3278X,,SCHEDULED,60,1.0
2026-10-07T03:56:19Z,3278X23302C1,3278X,,SCHEDULED,0,0.0
2026-10-07T03:56:19Z,3278X23151C2,3278X,,SCHEDULED,60,1.0
2026-10-07T03:56:19Z,4078X24380C6,4078X,,SCHEDULED,0,0.0
2026-10-07T03:56:19Z,4078X24381C6,4078X,,SCHEDULED,0,0.0
2026-10-07T03:56:19Z,4078X31400C3,4078X,,SCHEDULED,0,0.0
2026-10-07T03:56:19Z,4078X84004C2,4078X,,SCHEDULED,0,0.0
2026-10-07T03:56:19Z,4078X24001C2,4078X,,SCHEDULED,180,3.0
2026-10-07T03:56:19Z,4078X24202C1,4078X,,SCHEDULED,0,0.0
2026-10-07T03:56:19Z,4078X84601C5,4078X,,SCHEDULED,0,0.0
2026-10-07T03:56:19Z,4078X24301C6,4078X,,SCHEDULED,180,3.0
2026-10-07T03:56:19Z,4078X24000C2,4078X,,SCHEDULED,420,7.0
2026-10-07T03:56:19Z,4078X24002C2,4078X,,SCHEDULED,0,0.0
2026-10-07T03:56:19Z,4078X24200C1,4078X,,SCHEDULED,0,0.0
2026-10-07T03:56:19Z,4078X24003C2,4078X,,SCHEDULED,0,0.0
2026-10-07T03:56:19Z,4078X24103C2,4078X,,SCHEDULED,120,2.0
2026-10-07T03:56:19Z,4078X24300C6,4078X,,SCHEDULED,0,0.0
2026-10-07T03:56:19Z,4078X24201C1,4078X,,SCHEDULED,-60,-1.0
2026-10-07T03:56:19Z,4078X24107C2,4078X,,SCHEDULED,0,0.0
2026-10-07T03:56:19Z,4078X31454C3,4078X,,SCHEDULED,0,0.0
2026-10-07T03:56:19Z,5178X25502R2S,5178X,,SCHEDULED,0,0.0
2026-10-07T03:56:19Z,5178X15772R11,5178X,,CANCELED,,
2026-10-07T03:56:19Z,5178X77510R4,5178X,,SCHEDULED,0,0.0
2026-10-07T03:56:19Z,5178X18121R16,5178X,,SCHEDULED,-120,-2.0
2026-10-07T03:56:19Z,5178X15720R11,5178X,,CANCELED,,
2026-10-07T03:56:19Z,5178X33520RL4,5178X,,SCHEDULED,300,5.0
2026-10-07T03:56:19Z,5178X28404R2N,5178X,,SCHEDULED,0,0.0
2026-10-07T03:56:19Z,5178X15250RG1,5178X,,SCHEDULED,0,0.0
2026-10-07T03:56:19Z,5178X28406R2N,5178X,,SCHEDULED,0,0.0
2026-10-07T03:56:19Z,5178X25606R1,5178X,,SCHEDULED,0,0.0
2026-10-07T03:56:19Z,5178X28263R2S,5178X,,SCHEDULED,120,2.0
2026-10-07T03:56:19Z,5178X77400R4,5178X,,SCHEDULED,600,10.0
2026-10-07T03:56:19Z,5178X25704R1,5178X,,SCHEDULED,0,0.0
2026-10-07T03:56:19Z,5178X28500R2,5178X,,SCHEDULED,600,10.0
2026-10-07T03:56:19Z,5178X15002R15,5178X,,SCHEDULED,0,0.0
2026-10-07T03:56:19Z,5178X15000R15,5178X,,SCHEDULED,-60,-1.0
2026-10-07T03:56:19Z,5178X25400R2,5178X,,SCHEDULED,1560,26.0
2026-10-07T03:56:19Z,5178X25600R1,5178X,,SCHEDULED,0,0.0
2026-10-07T03:56:19Z,5178X77504R4,5178X,,SCHEDULED,120,2.0
2026-10-07T03:56:19Z,5178X33521RL4,5178X,,SCHEDULED,60,1.0
2026-10-07T03:56:19Z,5178X77506R4,5178X,,SCHEDULED,0,0.0
2026-10-07T03:56:19Z,5178X25402R2N,5178X,,SCHEDULED,0,0.0
2026-10-07T03:56:19Z,5178X77508R4,5178X,,SCHEDULED,0,0.0
2026-10-07T03:56:19Z,5178X77402R4,5178X,,SCHEDULED,0,0.0
2026-10-07T03:56:19Z,5178X25501R2S,5178X,,SCHEDULED,-60,-1.0
2026-10-07T03:56:19Z,5178X77404R4,5178X,,SCHEDULED,60,1.0
2026-10-07T03:56:19Z,5178X77602R4,5178X,,SCHEDULED,240,4.0
2026-10-07T03:56:19Z,6078X26105C1,6078X,,SCHEDULED,0,0.0
2026-10-07T03:56:19Z,6078X26600C3,6078X,,SCHEDULED,60,1.0
2026-10-07T03:56:19Z,6078X26501C3,6078X,,SCHEDULED,0,0.0
2026-10-07T03:56:19Z,6078X26005C2,6078X,,SCHEDULED,60,1.0
2026-10-07T03:56:19Z,6078X26504C3,6078X,,SCHEDULED,60,1.0
2026-10-07T03:56:19Z,6078X26500C3,6078X,,SCHEDULED,60,1.0
2026-10-07T03:56:19Z,6078X26004C2,6078X,,SCHEDULED,60,1.0
2026-10-07T03:56:19Z,6078X26102C1,6078X,,SCHEDULED,240,4.0
2026-10-07T03:56:19Z,6078X26003C2,6078X,,SCHEDULED,180,3.0
2026-10-07T03:56:19Z,6078X26103C1,6078X,,SCHEDULED,60,1.0
2026-10-07T03:56:19Z,6078X26002C2,6078X,,SCHEDULED,60,1.0
2026-10-07T03:56:19Z,6078X26602C3,6078X,,SCHEDULED,0,0.0
2026-10-07T03:56:19Z,6078X26502C3,6078X,,SCHEDULED,0,0.0
2026-10-07T03:56:19Z,6078X26503C3,6078X,,SCHEDULED,120,2.0
2026-10-07T03:56:19Z,6078X71503C4,6078X,,SCHEDULED,0,0.0
2026-10-07T03:56:19Z,6078X71501C4,6078X,,SCHEDULED,-120,-2.0
2026-10-07T03:56:19Z,6078X71500C4,6078X,,SCHEDULED,0,0.0
2026-10-07T03:56:19Z,6078X26104C1,6078X,,SCHEDULED,0,0.0
2026-10-07T03:56:19Z,6178X35612C1,6178X,,SCHEDULED,-60,-1.0
2026-10-07T03:56:19Z,6178X35663C1,6178X,,SCHEDULED,0,0.0
2026-10-07T03:56:19Z,6178X35688C1,6178X,,SCHEDULED,-60,-1.0
2026-10-07T03:56:19Z,6178X35613C1,6178X,,SCHEDULED,0,0.0
2026-10-07T03:56:19Z,6178X35614C1,6178X,,SCHEDULED,0,0.0
2026-10-07T03:56:19Z,6278X71100C2,6278X,,SCHEDULED,180,3.0
2026-10-07T03:56:19Z,6278X71152C2,6278X,,SCHEDULED,0,0.0
2026-10-07T03:56:19Z,6278X71351C3,6278X,,SCHEDULED,-60,-1.0
2026-10-07T03:56:19Z,6278X71104C2,6278X,,CANCELED,,
2026-10-07T03:56:19Z,6278X71102C2,6278X,,CANCELED,,
2026-10-07T03:56:19Z,6278X71301C3,6278X,,SCHEDULED,0,0.0
2026-10-07T03:56:19Z,6278X71103C2,6278X,,SCHEDULED,0,0.0
2026-10-07T03:56:19Z,4778X71091C1,4778X,,SCHEDULED,0,0.0
2026-10-07T03:56:19Z,4778X71080C1,4778X,,SCHEDULED,0,0.0
2026-10-07T03:56:19Z,2078X70400C5,2078X,,SCHEDULED,120,2.0
2026-10-07T03:56:19Z,2078X70201C4,2078X,,SCHEDULED,0,0.0
2026-10-07T03:56:19Z,2078X22000C1,2078X,,SCHEDULED,0,0.0
2026-10-07T03:56:19Z,2078X22002C1,2078X,,SCHEDULED,0,0.0
2026-10-07T03:56:19Z,2078X70401C5,2078X,,CANCELED,,
2026-10-07T03:56:19Z,2078X70502C7,2078X,,SCHEDULED,0,0.0
2026-10-07T03:56:19Z,2078X22004C1,2078X,,SCHEDULED,0,0.0
2026-10-07T03:56:19Z,2078X22103C1,2078X,,SCHEDULED,300,5.0
2026-10-07T03:56:19Z,2078X22303C3,2078X,,SCHEDULED,60,1.0
2026-10-07T03:56:19Z,2078X80851C6,2078X,,SCHEDULED,900,15.0
2026-10-07T03:56:19Z,2078X22200C2,2078X,,SCHEDULED,0,0.0
2026-10-07T03:56:19Z,2078X22101C1,2078X,,SCHEDULED,360,6.0
2026-10-07T03:56:19Z,2078X22202C2,2078X,,SCHEDULED,0,0.0
2026-10-07T03:56:19Z,2078X70508C7,2078X,,SCHEDULED,0,0.0
2026-10-07T03:56:19Z,2078X70801C6,2078X,,SCHEDULED,0,0.0
2026-10-07T03:56:19Z,2078X70900C8,2078X,,SCHEDULED,360,6.0
2026-10-07T03:56:19Z,2078X70506C7,2078X,,SCHEDULED,0,0.0
2026-10-07T03:56:19Z,2078X22305C3,2078X,,SCHEDULED,0,0.0
2026-10-07T03:56:19Z,2078X70501C7,2078X,,SCHEDULED,240,4.0
2026-10-07T03:56:19Z,2078X70853C6,2078X,,SCHEDULED,0,0.0
2026-10-07T03:56:19Z,2078X70302C4,2078X,,SCHEDULED,0,0.0
2026-10-07T03:56:19Z,2078X70237C4,2078X,,SCHEDULED,-6300,-105.0
2026-10-07T03:56:19Z,2078X70753C6,2078X,,SCHEDULED,180,3.0
2026-10-07T03:56:19Z,2078X70755C6,2078X,,SCHEDULED,0,0.0
2026-10-07T03:56:19Z,2078X70750C6,2078X,,SCHEDULED,0,0.0
2026-10-07T03:56:19Z,2078X70752C6,2078X,,SCHEDULED,0,0.0
2026-10-07T03:56:19Z,4178X84901C2,4178X,,SCHEDULED,0,0.0
2026-10-07T03:56:19Z,4178X24701C1,4178X,,SCHEDULED,180,3.0
2026-10-07T03:56:19Z,4178X24700C1,4178X,,SCHEDULED,0,0.0
2026-10-07T03:56:19Z,4178X84900C2,4178X,,SCHEDULED,0,0.0
2026-10-07T03:56:19Z,4578X71601C1,4578X,,SCHEDULED,0,0.0
2026-10-07T03:56:19Z,1078X21001C8a,1078X,,SCHEDULED,0,0.0
2026-10-07T03:56:19Z,1078X21000C8a,1078X,,SCHEDULED,180,3.0
2026-10-07T03:56:19Z,1078X21804C7,1078X,,SCHEDULED,0,0.0
2026-10-07T03:56:19Z,1078X21605C2,1078X,,SCHEDULED,60,1.0
2026-10-07T03:56:19Z,1078X21802C7,1078X,,SCHEDULED,0,0.0
2026-10-07T03:56:19Z,1078X21603C2,1078X,,SCHEDULED,0,0.0
2026-10-07T03:56:19Z,1078X21800C7,1078X,,SCHEDULED,120,2.0
2026-10-07T03:56:19Z,1078X20710C5,1078X,,SCHEDULED,0,0.0
2026-10-07T03:56:19Z,1078X21601C2,1078X,,SCHEDULED,0,0.0
2026-10-07T03:56:19Z,1078X35975C2,1078X,,SCHEDULED,0,0.0
2026-10-07T03:56:19Z,1078X35973C2,1078X,,SCHEDULED,0,0.0
2026-10-07T03:56:19Z,1078X20709C5,1078X,,SCHEDULED,0,0.0
2026-10-07T03:56:19Z,1078X19805C1,1078X,,SCHEDULED,0,0.0
2026-10-07T03:56:19Z,1078X36305C10,1078X,,SCHEDULED,0,0.0
2026-10-07T03:56:19Z,1078X19800C1,1078X,,SCHEDULED,120,2.0
2026-10-07T03:56:19Z,1078X19803C1,1078X,,SCHEDULED,300,5.0
2026-10-07T03:56:19Z,1078X19802C1,1078X,,SCHEDULED,0,0.0
2026-10-07T03:56:19Z,1078X19527C5,1078X,,SCHEDULED,0,0.0
2026-10-07T03:56:19Z,1078X19533C5,1078X,,SCHEDULED,0,0.0
2026-10-07T03:56:19Z,1078X20005C3,1078X,,SCHEDULED,180,3.0
2026-10-07T03:56:19Z,1078X20004C3,1078X,,SCHEDULED,180,3.0
2026-10-07T03:56:19Z,1078X20003C3,1078X,,SCHEDULED,180,3.0
2026-10-07T03:56:19Z,1078X20206C4,1078X,,SCHEDULED,0,0.0
2026-10-07T03:56:19Z,1078X20601C8b,1078X,,SCHEDULED,0,0.0
2026-10-07T03:56:19Z,1078X20007C3,1078X,,SCHEDULED,300,5.0
2026-10-07T03:56:19Z,1078X20205C4a,1078X,,SCHEDULED,180,3.0
2026-10-07T03:56:19Z,1078X20600C8b,1078X,,SCHEDULED,0,0.0
2026-10-07T03:56:19Z,1078X20006C3,1078X,,SCHEDULED,0,0.0
2026-10-07T03:56:19Z,1078X20402C4b,1078X,,SCHEDULED,180,3.0
2026-10-07T03:56:19Z,1078X20204C4,1078X,,SCHEDULED,120,2.0
2026-10-07T03:56:19Z,1078X21807C7,1078X,,SCHEDULED,0,0.0
2026-10-07T03:56:19Z,1078X35809C7,1078X,,SCHEDULED,0,0.0
2026-10-07T03:56:19Z,1078X19537C5,1078X,,SCHEDULED,0,0.0
2026-10-07T03:56:19Z,1078X19539C5,1078X,,SCHEDULED,0,0.0
2026-10-07T03:56:19Z,1078X20002C3,1078X,,SCHEDULED,60,1.0
2026-10-07T03:56:19Z,1078X19531C5,1078X,,SCHEDULED,0,0.0
2026-10-07T03:56:19Z,1078X20409C4b,1078X,,SCHEDULED,360,6.0
2026-10-07T03:56:19Z,1078X20408C4b,1078X,,SCHEDULED,0,0.0
2026-10-07T03:56:19Z,1078X20407C4b,1078X,,SCHEDULED,0,0.0
2026-10-07T03:56:19Z,1078X20406C4b,1078X,,SCHEDULED,420,7.0
2026-10-07T03:56:19Z,1078X20208C4,1078X,,SCHEDULED,240,4.0
2026-10-07T03:56:19Z,1078X20009C3,1078X,,SCHEDULED,0,0.0
2026-10-07T03:56:19Z,1078X20207C4a,1078X,,SCHEDULED,240,4.0
2026-10-07T03:56:19Z,1078X20405C4b,1078X,,SCHEDULED,240,4.0
2026-10-07T03:56:19Z,1078X20008C3,1078X,,SCHEDULED,0,0.0
2026-10-07T03:56:19Z,1078X21304C10,1078X,,SCHEDULED,0,0.0
2026-10-07T03:56:19Z,1078X20215C4a,1078X,,SCHEDULED,0,0.0
2026-10-07T03:56:19Z,1078X20413C4b,1078X,,SCHEDULED,0,0.0
2026-10-07T03:56:19Z,1078X19508C5,1078X,,SCHEDULED,0,0.0
2026-10-07T03:56:19Z,1078X19509C5,1078X,,SCHEDULED,0,0.0
2026-10-07T03:56:19Z,1078X19504C5,1078X,,SCHEDULED,60,1.0
2026-10-07T03:56:19Z,1078X19503C5,1078X,,SCHEDULED,0,0.0
2026-10-07T03:56:19Z,1078X19505C5,1078X,,SCHEDULED,60,1.0
2026-10-07T03:56:19Z,1078X21512C2,1078X,,SCHEDULED,0,0.0
2026-10-07T03:56:19Z,1078X19510C5,1078X,,SCHEDULED,0,0.0
2026-10-07T03:56:19Z,1078X21510C2,1078X,,SCHEDULED,0,0.0
2026-10-07T03:56:19Z,1078X19513C5,1078X,,SCHEDULED,0,0.0
2026-10-07T03:56:19Z,1078X19512C5,1078X,,SCHEDULED,0,0.0
2026-10-07T03:56:19Z,1078X20706C5,1078X,,SCHEDULED,0,0.0
2026-10-07T03:56:19Z,1078X20704C5,1078X,,SCHEDULED,0,0.0
2026-10-07T03:56:19Z,1078X20703C5,1078X,,SCHEDULED,0,0.0
2026-10-07T03:56:19Z,1078X20702C5,1078X,,SCHEDULED,0,0.0
2026-10-07T03:56:19Z,1078X19518C5,1078X,,SCHEDULED,0,0.0
2026-10-07T03:56:19Z,1078X19515C5,1078X,,SCHEDULED,0,0.0
2026-10-07T03:56:19Z,1078X19522C5,1078X,,SCHEDULED,0,0.0
2026-10-07T03:56:19Z,1078X19521C5,1078X,,SCHEDULED,180,3.0
2026-10-07T03:56:19Z,1078X21002C8a,1078X,,SCHEDULED,0,0.0
2026-10-07T03:56:19Z,1078X21200C10,1078X,,SCHEDULED,0,0.0
2026-10-07T03:56:19Z,1078X21303C10,1078X,,SCHEDULED,60,1.0
2026-10-07T03:56:19Z,1078X21501C2,1078X,,SCHEDULED,180,3.0
2026-10-07T03:56:19Z,1078X21104C10,1078X,,SCHEDULED,540,9.0
2026-10-07T03:56:19Z,1078X20411C4b,1078X,,SCHEDULED,0,0.0
2026-10-07T03:56:19Z,1078X21500C2,1078X,,SCHEDULED,0,0.0
2026-10-07T03:56:19Z,1078X20212C4a,1078X,,SCHEDULED,60,1.0
2026-10-07T03:56:19Z,1078X19502C5,1078X,,SCHEDULED,60,1.0
2026-10-07T03:56:19Z,1078X20211C4a,1078X,,SCHEDULED,0,0.0
2026-10-07T03:56:19Z,1078X21300C10,1078X,,SCHEDULED,60,1.0
2026-10-07T03:56:19Z,1078X20210C4,1078X,,SCHEDULED,0,0.0
2026-10-07T03:56:19Z,1078X20011C3,1078X,,SCHEDULED,0,0.0
2026-10-07T03:56:19Z,1078X21100C10,1078X,,SCHEDULED,240,4.0
2026-10-07T03:56:19Z,1078X21509C2,1078X,,SCHEDULED,0,0.0
2026-10-07T03:56:19Z,1078X21508C2,1078X,,SCHEDULED,540,9.0
2026-10-07T03:56:19Z,1078X21506C2,1078X,,SCHEDULED,120,2.0
2026-10-07T03:56:19Z,1078X20218C4a,1078X,,SCHEDULED,0,0.0
2026-10-07T03:56:19Z,1078X21505C2,1078X,,SCHEDULED,0,0.0
2026-10-07T03:56:19Z,1078X21703C2,1078X,,SCHEDULED,0,0.0
2026-10-07T03:56:19Z,1078X20217C4a,1078X,,SCHEDULED,0,0.0
2026-10-07T03:56:19Z,1078X20415C4b,1078X,,SCHEDULED,0,0.0
2026-10-07T03:56:19Z,1078X21504C2,1078X,,SCHEDULED,0,0.0
2026-10-07T03:56:19Z,1078X20216C4a,1078X,,SCHEDULED,420,7.0
2026-10-07T03:56:19Z,1078X21503C2,1078X,,SCHEDULED,240,4.0
2026-10-07T04:01:54Z,3078X23506C1,3078X,,SCHEDULED,0,0.0
2026-10-07T04:01:54Z,3078X23509C1,3078X,,SCHEDULED,0,0.0
2026-10-07T04:01:54Z,3078X23801C5,3078X,,SCHEDULED,0,0.0
2026-10-07T04:01:54Z,3078X23504C1,3078X,,SCHEDULED,60,1.0
2026-10-07T04:01:54Z,3078X23505C1,3078X,,SCHEDULED,60,1.0
2026-10-07T04:01:54Z,3078X23701C5,3078X,,SCHEDULED,0,0.0
2026-10-07T04:01:54Z,3078X23601C4,3078X,,SCHEDULED,1740,29.0
2026-10-07T04:01:54Z,3078X23502C1,3078X,,SCHEDULED,120,2.0
2026-10-07T04:01:54Z,3078X23101C3,3078X,,SCHEDULED,-240,-4.0
2026-10-07T04:01:54Z,3078X23500C1,3078X,,SCHEDULED,480,8.0
2026-10-07T04:01:54Z,3078X23501C1,3078X,,SCHEDULED,0,0.0
2026-10-07T04:01:54Z,3178X23201C1,3178X,,SCHEDULED,0,0.0
2026-10-07T04:01:54Z,3178X23202C1,3178X,,SCHEDULED,0,0.0
2026-10-07T04:01:54Z,3178X23422T1,3178X,,SCHEDULED,0,0.0
2026-10-07T04:01:54Z,3178X23203C1,3178X,,SCHEDULED,0,0.0
2026-10-07T04:01:54Z,3178X23200C1,3178X,,SCHEDULED,0,0.0
2026-10-07T04:01:54Z,3178X23421T1,3178X,,SCHEDULED,0,0.0
2026-10-07T04:01:54Z,3278X23303C1,3278X,,SCHEDULED,0,0.0
2026-10-07T04:01:54Z,3278X23305C1,3278X,,SCHEDULED,0,0.0
2026-10-07T04:01:54Z,3278X23302C1,3278X,,SCHEDULED,0,0.0
2026-10-07T04:01:54Z,3278X23151C2,3278X,,SCHEDULED,60,1.0
2026-10-07T04:01:54Z,4078X31400C3,4078X,,SCHEDULED,0,0.0
2026-10-07T04:01:54Z,4078X84004C2,4078X,,SCHEDULED,0,0.0
2026-10-07T04:01:54Z,4078X84601C5,4078X,,SCHEDULED,0,0.0
2026-10-07T04:01:54Z,4078X24380C6,4078X,,SCHEDULED,120,2.0
2026-10-07T04:01:54Z,4078X80001C3,4078X,,SCHEDULED,0,0.0
2026-10-07T04:01:54Z,4078X24381C6,4078X,,SCHEDULED,0,0.0
2026-10-07T04:01:54Z,4078X30433C6,4078X,,SCHEDULED,0,0.0
2026-10-07T04:01:54Z,4078X24000C2,4078X,,SCHEDULED,420,7.0
2026-10-07T04:01:54Z,4078X24001C2,4078X,,SCHEDULED,180,3.0
2026-10-07T04:01:54Z,4078X24202C1,4078X,,SCHEDULED,0,0.0
2026-10-07T04:01:54Z,4078X24301C6,4078X,,SCHEDULED,120,2.0
2026-10-07T04:01:54Z,4078X24103C2,4078X,,SCHEDULED,120,2.0
2026-10-07T04:01:54Z,4078X24107C2,4078X,,SCHEDULED,0,0.0
2026-10-07T04:01:54Z,4078X31454C3,4078X,,SCHEDULED,0,0.0
2026-10-07T04:01:54Z,4078X24002C2,4078X,,SCHEDULED,0,0.0
2026-10-07T04:01:54Z,4078X24200C1,4078X,,SCHEDULED,120,2.0
2026-10-07T04:01:54Z,4078X24003C2,4078X,,SCHEDULED,0,0.0
2026-10-07T04:01:54Z,4078X24300C6,4078X,,SCHEDULED,60,1.0
2026-10-07T04:01:54Z,4078X24201C1,4078X,,SCHEDULED,-60,-1.0
2026-10-07T04:01:54Z,5178X15770R11,5178X,,CANCELED,,
2026-10-07T04:01:54Z,5178X28404R2N,5178X,,SCHEDULED,0,0.0
2026-10-07T04:01:54Z,5178X28468R2,5178X,,SCHEDULED,0,0.0
2026-10-07T04:01:54Z,5178X77510R4,5178X,,SCHEDULED,0,0.0
2026-10-07T04:01:54Z,5178X28406R2N,5178X,,SCHEDULED,0,0.0
2026-10-07T04:01:54Z,5178X15720R11,5178X,,CANCELED,,
2026-10-07T04:01:54Z,5178X33520RL4,5178X,,SCHEDULED,420,7.0
2026-10-07T04:01:54Z,5178X77980R4,5178X,,CANCELED,,
2026-10-07T04:01:54Z,5178X15900R11,5178X,,CANCELED,,
2026-10-07T04:01:54Z,5178X28265R2S,5178X,,SCHEDULED,120,2.0
2026-10-07T04:01:54Z,5178X28263R2S,5178X,,SCHEDULED,0,0.0
2026-10-07T04:01:54Z,5178X77400R4,5178X,,SCHEDULED,420,7.0
2026-10-07T04:01:54Z,5178X28500R2,5178X,,SCHEDULED,540,9.0
2026-10-07T04:01:54Z,5178X15772R11,5178X,,CANCELED,,
2026-10-07T04:01:54Z,5178X77504R4,5178X,,SCHEDULED,60,1.0
2026-10-07T04:01:54Z,5178X18121R16,5178X,,SCHEDULED,120,2.0
2026-10-07T04:01:54Z,5178X77704R4,5178X,,SCHEDULED,0,0.0
2026-10-07T04:01:54Z,5178X33521RL4,5178X,,SCHEDULED,60,1.0
2026-10-07T04:01:54Z,5178X25704R1,5178X,,SCHEDULED,0,0.0
2026-10-07T04:01:54Z,5178X77506R4,5178X,,SCHEDULED,0,0.0
2026-10-07T04:01:54Z,5178X15002R15,5178X,,SCHEDULED,0,0.0
2026-10-07T04:01:54Z,5178X15000R15,5178X,,SCHEDULED,60,1.0
2026-10-07T04:01:54Z,5178X77706R4,5178X,,SCHEDULED,0,0.0
2026-10-07T04:01:54Z,5178X25400R2,5178X,,SCHEDULED,1680,28.0
2026-10-07T04:01:54Z,5178X77508R4,5178X,,SCHEDULED,0,0.0
2026-10-07T04:01:54Z,5178X25600R1,5178X,,SCHEDULED,0,0.0
2026-10-07T04:01:54Z,5178X77402R4,5178X,,SCHEDULED,240,4.0
2026-10-07T04:01:54Z,5178X77404R4,5178X,,SCHEDULED,0,0.0
2026-10-07T04:01:54Z,5178X25402R2N,5178X,,SCHEDULED,0,0.0
2026-10-07T04:01:54Z,5178X77602R4,5178X,,SCHEDULED,240,4.0
2026-10-07T04:01:54Z,5178X25501R2S,5178X,,SCHEDULED,-60,-1.0
2026-10-07T04:01:54Z,5178X28556R2N,5178X,,SCHEDULED,240,4.0
2026-10-07T04:01:54Z,5178X25502R2S,5178X,,SCHEDULED,0,0.0
2026-10-07T04:01:54Z,6078X26004C2,6078X,,SCHEDULED,60,1.0
2026-10-07T04:01:54Z,6078X26006C2,6078X,,SCHEDULED,0,0.0
2026-10-07T04:01:54Z,6078X26103C1,6078X,,SCHEDULED,60,1.0
2026-10-07T04:01:54Z,6078X26105C1,6078X,,SCHEDULED,0,0.0
2026-10-07T04:01:54Z,6078X26007C2,6078X,,SCHEDULED,0,0.0
2026-10-07T04:01:54Z,6078X26600C3,6078X,,SCHEDULED,120,2.0
2026-10-07T04:01:54Z,6078X26601C3,6078X,,SCHEDULED,0,0.0
2026-10-07T04:01:54Z,6078X26504C3,6078X,,SCHEDULED,60,1.0
2026-10-07T04:01:54Z,6078X26502C3,6078X,,SCHEDULED,0,0.0
2026-10-07T04:01:54Z,6078X26602C3,6078X,,SCHEDULED,120,2.0
2026-10-07T04:01:54Z,6078X71503C4,6078X,,SCHEDULED,60,1.0
2026-10-07T04:01:54Z,6078X71501C4,6078X,,SCHEDULED,-120,-2.0
2026-10-07T04:01:54Z,6078X26503C3,6078X,,SCHEDULED,0,0.0
2026-10-07T04:01:54Z,6078X71500C4,6078X,,SCHEDULED,0,0.0
2026-10-07T04:01:54Z,6078X26104C1,6078X,,SCHEDULED,0,0.0
2026-10-07T04:01:54Z,6078X26505C3,6078X,,SCHEDULED,0,0.0
2026-10-07T04:01:54Z,6078X26005C2,6078X,,SCHEDULED,120,2.0
2026-10-07T04:01:54Z,6078X26102C1,6078X,,SCHEDULED,180,3.0
2026-10-07T04:01:54Z,6078X26003C2,6078X,,SCHEDULED,120,2.0
2026-10-07T04:01:54Z,6078X26002C2,6078X,,SCHEDULED,120,2.0
2026-10-07T04:01:54Z,6178X35612C1,6178X,,SCHEDULED,60,1.0
2026-10-07T04:01:54Z,6178X35613C1,6178X,,SCHEDULED,0,0.0
2026-10-07T04:01:54Z,6178X35614C1,6178X,,SCHEDULED,0,0.0
2026-10-07T04:01:54Z,6178X35663C1,6178X,,SCHEDULED,0,0.0
2026-10-07T04:01:54Z,6178X35688C1,6178X,,SCHEDULED,-60,-1.0
2026-10-07T04:01:54Z,6278X71104C2,6278X,,CANCELED,,
2026-10-07T04:01:54Z,6278X71102C2,6278X,,CANCELED,,
2026-10-07T04:01:54Z,6278X71201C3,6278X,,SCHEDULED,0,0.0
2026-10-07T04:01:54Z,6278X71152C2,6278X,,SCHEDULED,120,2.0
2026-10-07T04:01:54Z,6278X71351C3,6278X,,SCHEDULED,-120,-2.0
2026-10-07T04:01:54Z,6278X71301C3,6278X,,SCHEDULED,0,0.0
2026-10-07T04:01:54Z,6278X71103C2,6278X,,SCHEDULED,0,0.0
2026-10-07T04:01:54Z,4778X71080C1,4778X,,SCHEDULED,0,0.0
2026-10-07T04:01:54Z,4778X71091C1,4778X,,SCHEDULED,0,0.0
2026-10-07T04:01:54Z,2078X70401C5,2078X,,SCHEDULED,60,1.0
2026-10-07T04:01:54Z,2078X70508C7,2078X,,SCHEDULED,0,0.0
2026-10-07T04:01:54Z,2078X70502C7,2078X,,SCHEDULED,0,0.0
2026-10-07T04:01:54Z,2078X70202C4,2078X,,SCHEDULED,0,0.0
2026-10-07T04:01:54Z,2078X70400C5,2078X,,SCHEDULED,120,2.0
2026-10-07T04:01:54Z,2078X70901C8,2078X,,SCHEDULED,0,0.0
2026-10-07T04:01:54Z,2078X70201C4,2078X,,SCHEDULED,0,0.0
2026-10-07T04:01:54Z,2078X70801C6,2078X,,SCHEDULED,0,0.0
2026-10-07T04:01:54Z,2078X22000C1,2078X,,SCHEDULED,0,0.0
2026-10-07T04:01:54Z,2078X70900C8,2078X,,SCHEDULED,300,5.0
2026-10-07T04:01:54Z,2078X22004C1,2078X,,SCHEDULED,60,1.0
2026-10-07T04:01:54Z,2078X22103C1,2078X,,SCHEDULED,360,6.0
2026-10-07T04:01:54Z,2078X70506C7,2078X,,SCHEDULED,0,0.0
2026-10-07T04:01:54Z,2078X22303C3,2078X,,SCHEDULED,0,0.0
2026-10-07T04:01:54Z,2078X22305C3,2078X,,SCHEDULED,0,0.0
2026-10-07T04:01:54Z,2078X80851C6,2078X,,SCHEDULED,1200,20.0
2026-10-07T04:01:54Z,2078X70501C7,2078X,,SCHEDULED,480,8.0
2026-10-07T04:01:54Z,2078X70754C6,2078X,,SCHEDULED,0,0.0
2026-10-07T04:01:54Z,2078X70302C4,2078X,,SCHEDULED,0,0.0
2026-10-07T04:01:54Z,2078X70853C6,2078X,,SCHEDULED,0,0.0
2026-10-07T04:01:54Z,2078X22002C1,2078X,,SCHEDULED,0,0.0
2026-10-07T04:01:54Z,2078X70237C4,2078X,,SCHEDULED,-5940,-99.0
2026-10-07T04:01:54Z,2078X70753C6,2078X,,SCHEDULED,60,1.0
2026-10-07T04:01:54Z,2078X22200C2,2078X,,SCHEDULED,0,0.0
2026-10-07T04:01:54Z,2078X70755C6,2078X,,SCHEDULED,0,0.0
2026-10-07T04:01:54Z,2078X70750C6,2078X,,SCHEDULED,0,0.0
2026-10-07T04:01:54Z,2078X22201C2,2078X,,SCHEDULED,0,0.0
2026-10-07T04:01:54Z,2078X70752C6,2078X,,SCHEDULED,0,0.0
2026-10-07T04:01:54Z,2078X22202C2,2078X,,SCHEDULED,0,0.0
2026-10-07T04:01:54Z,4178X84901C2,4178X,,SCHEDULED,60,1.0
2026-10-07T04:01:54Z,4178X24700C1,4178X,,SCHEDULED,120,2.0
2026-10-07T04:01:54Z,4178X84900C2,4178X,,SCHEDULED,0,0.0
2026-10-07T04:01:54Z,4178X24701C1,4178X,,SCHEDULED,420,7.0
2026-10-07T04:01:54Z,4178X24703C1,4178X,,SCHEDULED,0,0.0
2026-10-07T04:01:54Z,4578X71601C1,4578X,,SCHEDULED,0,0.0
2026-10-07T04:01:54Z,1078X21802C7,1078X,,SCHEDULED,0,0.0
2026-10-07T04:01:54Z,1078X21509C2,1078X,,SCHEDULED,0,0.0
2026-10-07T04:01:54Z,1078X21800C7,1078X,,SCHEDULED,0,0.0
2026-10-07T04:01:54Z,1078X20710C5,1078X,,SCHEDULED,0,0.0
2026-10-07T04:01:54Z,1078X21508C2,1078X,,SCHEDULED,60,1.0
2026-10-07T04:01:54Z,1078X20709C5,1078X,,SCHEDULED,0,0.0
2026-10-07T04:01:54Z,1078X20417C4b,1078X,,SCHEDULED,0,0.0
2026-10-07T04:01:54Z,1078X20209C4a,1078X,,SCHEDULED,120,2.0
2026-10-07T04:01:54Z,1078X20208C4,1078X,,SCHEDULED,0,0.0
2026-10-07T04:01:54Z,1078X21505C2,1078X,,SCHEDULED,0,0.0
2026-10-07T04:01:54Z,1078X20415C4b,1078X,,SCHEDULED,360,6.0
2026-10-07T04:01:54Z,1078X20207C4a,1078X,,SCHEDULED,120,2.0
2026-10-07T04:01:54Z,1078X21504C2,1078X,,SCHEDULED,120,2.0
2026-10-07T04:01:54Z,1078X20602C8b,1078X,,SCHEDULED,0,0.0
2026-10-07T04:01:54Z,1078X20206C4,1078X,,SCHEDULED,0,0.0
2026-10-07T04:01:54Z,1078X21811C7,1078X,,SCHEDULED,0,0.0
2026-10-07T04:01:54Z,1078X21503C2,1078X,,SCHEDULED,60,1.0
2026-10-07T04:01:54Z,1078X20413C4b,1078X,,SCHEDULED,240,4.0
2026-10-07T04:01:54Z,1078X20601C8b,1078X,,SCHEDULED,0,0.0
2026-10-07T04:01:54Z,1078X20205C4a,1078X,,SCHEDULED,120,2.0
2026-10-07T04:01:54Z,1078X21512C2,1078X,,SCHEDULED,0,0.0
2026-10-07T04:01:54Z,1078X20600C8b,1078X,,SCHEDULED,120,2.0
2026-10-07T04:01:54Z,1078X20204C4,1078X,,SCHEDULED,60,1.0
2026-10-07T04:01:54Z,1078X21510C2,1078X,,SCHEDULED,120,2.0
2026-10-07T04:01:54Z,1078X20706C5,1078X,,SCHEDULED,0,0.0
2026-10-07T04:01:54Z,1078X20704C5,1078X,,SCHEDULED,60,1.0
2026-10-07T04:01:54Z,1078X20703C5,1078X,,SCHEDULED,0,0.0
2026-10-07T04:01:54Z,1078X20702C5,1078X,,SCHEDULED,0,0.0
2026-10-07T04:01:54Z,1078X21514C2,1078X,,SCHEDULED,0,0.0
2026-10-07T04:01:54Z,1078X19522C5,1078X,,SCHEDULED,0,0.0
2026-10-07T04:01:54Z,1078X19521C5,1078X,,SCHEDULED,0,0.0
2026-10-07T04:01:54Z,1078X21200C10,1078X,,SCHEDULED,300,5.0
2026-10-07T04:01:54Z,1078X21605C2,1078X,,SCHEDULED,60,1.0
2026-10-07T04:01:54Z,1078X21807C7,1078X,,SCHEDULED,0,0.0
2026-10-07T04:01:54Z,1078X21603C2,1078X,,SCHEDULED,180,3.0
2026-10-07T04:01:54Z,1078X21601C2,1078X,,SCHEDULED,0,0.0
2026-10-07T04:01:54Z,1078X35975C2,1078X,,SCHEDULED,0,0.0
2026-10-07T04:01:54Z,1078X35809C7,1078X,,SCHEDULED,0,0.0
2026-10-07T04:01:54Z,1078X19531C5,1078X,,SCHEDULED,0,0.0
2026-10-07T04:01:54Z,1078X20409C4b,1078X,,SCHEDULED,120,2.0
2026-10-07T04:01:54Z,1078X20408C4b,1078X,,SCHEDULED,0,0.0
2026-10-07T04:01:54Z,1078X20407C4b,1078X,,SCHEDULED,0,0.0
2026-10-07T04:01:54Z,1078X20406C4b,1078X,,SCHEDULED,780,13.0
2026-10-07T04:01:54Z,1078X20009C3,1078X,,SCHEDULED,0,0.0
2026-10-07T04:01:54Z,1078X21501C2,1078X,,SCHEDULED,0,0.0
2026-10-07T04:01:54Z,1078X21104C10,1078X,,SCHEDULED,900,15.0
2026-10-07T04:01:54Z,1078X20405C4b,1078X,,SCHEDULED,360,6.0
2026-10-07T04:01:54Z,1078X20008C3,1078X,,SCHEDULED,0,0.0
2026-10-07T04:01:54Z,1078X20007C3,1078X,,SCHEDULED,120,2.0
2026-10-07T04:01:54Z,1078X20006C3,1078X,,SCHEDULED,0,0.0
2026-10-07T04:01:54Z,1078X20402C4b,1078X,,SCHEDULED,0,0.0
2026-10-07T04:01:54Z,1078X20411C4b,1078X,,SCHEDULED,0,0.0
2026-10-07T04:01:54Z,1078X19537C5,1078X,,SCHEDULED,0,0.0
2026-10-07T04:01:54Z,1078X19539C5,1078X,,SCHEDULED,0,0.0
2026-10-07T04:01:54Z,1078X21500C2,1078X,,SCHEDULED,60,1.0
2026-10-07T04:01:54Z,1078X21303C10,1078X,,SCHEDULED,300,5.0
2026-10-07T04:01:54Z,1078X20212C4a,1078X,,SCHEDULED,0,0.0
2026-10-07T04:01:54Z,1078X20410C4b,1078X,,SCHEDULED,0,0.0
2026-10-07T04:01:54Z,1078X20011C3,1078X,,SCHEDULED,0,0.0
2026-10-07T04:01:54Z,1078X21100C10,1078X,,SCHEDULED,180,3.0
2026-10-07T04:01:54Z,1078X20010C3,1078X,,SCHEDULED,0,0.0
2026-10-07T04:01:54Z,1078X20211C4a,1078X,,SCHEDULED,0,0.0
2026-10-07T04:01:54Z,1078X19541C5,1078X,,SCHEDULED,0,0.0
2026-10-07T04:01:54Z,1078X21300C10,1078X,,SCHEDULED,0,0.0
2026-10-07T04:01:54Z,1078X20210C4,1078X,,SCHEDULED,0,0.0
2026-10-07T04:01:54Z,1078X20218C4a,1078X,,SCHEDULED,0,0.0
2026-10-07T04:01:54Z,1078X20217C4a,1078X,,SCHEDULED,0,0.0
2026-10-07T04:01:54Z,1078X20216C4a,1078X,,SCHEDULED,720,12.0
2026-10-07T04:01:54Z,1078X21304C10,1078X,,SCHEDULED,0,0.0
2026-10-07T04:01:54Z,1078X20215C4a,1078X,,SCHEDULED,0,0.0
2026-10-07T04:01:54Z,1078X19508C5,1078X,,SCHEDULED,0,0.0
2026-10-07T04:01:54Z,1078X19509C5,1078X,,SCHEDULED,0,0.0
2026-10-07T04:01:54Z,1078X19504C5,1078X,,SCHEDULED,0,0.0
2026-10-07T04:01:54Z,1078X19503C5,1078X,,SCHEDULED,0,0.0
2026-10-07T04:01:54Z,1078X19505C5,1078X,,SCHEDULED,0,0.0
2026-10-07T04:01:54Z,1078X19510C5,1078X,,SCHEDULED,0,0.0
2026-10-07T04:01:54Z,1078X19513C5,1078X,,SCHEDULED,0,0.0
2026-10-07T04:01:54Z,1078X19512C5,1078X,,SCHEDULED,300,5.0
2026-10-07T04:01:54Z,1078X19518C5,1078X,,SCHEDULED,0,0.0
2026-10-07T04:01:54Z,1078X19515C5,1078X,,SCHEDULED,0,0.0
2026-10-07T04:01:54Z,1078X21002C8a,1078X,,SCHEDULED,0,0.0
2026-10-07T04:01:54Z,1078X21001C8a,1078X,,SCHEDULED,180,3.0
2026-10-07T04:01:54Z,1078X21000C8a,1078X,,SCHEDULED,0,0.0
2026-10-07T04:01:54Z,1078X21804C7,1078X,,SCHEDULED,0,0.0
2026-10-07T04:01:54Z,1078X20714C5,1078X,,SCHEDULED,0,0.0
2026-10-07T04:01:54Z,1078X35973C2,1078X,,SCHEDULED,240,4.0
2026-10-07T04:01:54Z,1078X19805C1,1078X,,SCHEDULED,0,0.0
2026-10-07T04:01:54Z,1078X19807C1,1078X,,SCHEDULED,0,0.0
2026-10-07T04:01:54Z,1078X36305C10,1078X,,SCHEDULED,0,0.0
2026-10-07T04:01:54Z,1078X19803C1,1078X,,SCHEDULED,120,2.0
2026-10-07T04:01:54Z,1078X19802C1,1078X,,SCHEDULED,0,0.0
2026-10-07T04:01:54Z,1078X19527C5,1078X,,SCHEDULED,120,2.0
2026-10-07T04:01:54Z,1078X19533C5,1078X,,SCHEDULED,0,0.0
2026-10-07T04:01:54Z,1078X20005C3,1078X,,SCHEDULED,0,0.0
2026-10-07T04:01:54Z,1078X20004C3,1078X,,SCHEDULED,60,1.0
2026-10-07T04:01:54Z,1078X20003C3,1078X,,SCHEDULED,0,0.0
2026-10-07T04:01:54Z,1078X20002C3,1078X,,SCHEDULED,120,2.0
2026-10-07T04:06:26Z,3078X23504C1,3078X,,SCHEDULED,120,2.0
2026-10-07T04:06:26Z,3078X23505C1,3078X,,SCHEDULED,60,1.0
2026-10-07T04:06:26Z,3078X23506C1,3078X,,SCHEDULED,0,0.0
2026-10-07T04:06:26Z,3078X23801C5,3078X,,SCHEDULED,0,0.0
2026-10-07T04:06:26Z,3078X23701C5,3078X,,SCHEDULED,60,1.0
2026-10-07T04:06:26Z,3078X23101C3,3078X,,SCHEDULED,-240,-4.0
2026-10-07T04:06:26Z,3078X23500C1,3078X,,SCHEDULED,480,8.0
2026-10-07T04:06:26Z,3078X23601C4,3078X,,SCHEDULED,120,2.0
2026-10-07T04:06:26Z,3078X23509C1,3078X,,SCHEDULED,0,0.0
2026-10-07T04:06:26Z,3178X23201C1,3178X,,SCHEDULED,0,0.0
2026-10-07T04:06:26Z,3178X23202C1,3178X,,SCHEDULED,0,0.0
2026-10-07T04:06:26Z,3178X23422T1,3178X,,SCHEDULED,0,0.0
2026-10-07T04:06:26Z,3178X23203C1,3178X,,SCHEDULED,0,0.0
2026-10-07T04:06:26Z,3178X23200C1,3178X,,SCHEDULED,0,0.0
2026-10-07T04:06:26Z,3178X23421T1,3178X,,SCHEDULED,0,0.0
2026-10-07T04:06:26Z,3278X23302C1,3278X,,SCHEDULED,0,0.0
2026-10-07T04:06:26Z,3278X23305C1,3278X,,SCHEDULED,0,0.0
2026-10-07T04:06:26Z,3278X23151C2,3278X,,SCHEDULED,60,1.0
2026-10-07T04:06:26Z,4078X24202C1,4078X,,SCHEDULED,0,0.0
2026-10-07T04:06:26Z,4078X24301C6,4078X,,SCHEDULED,240,4.0
2026-10-07T04:06:26Z,4078X24302C6,4078X,,SCHEDULED,0,0.0
2026-10-07T04:06:26Z,4078X24203C1,4078X,,SCHEDULED,0,0.0
2026-10-07T04:06:26Z,4078X24303C6,4078X,,SCHEDULED,0,0.0
2026-10-07T04:06:26Z,4078X31400C3,4078X,,SCHEDULED,0,0.0
2026-10-07T04:06:26Z,4078X24000C2,4078X,,SCHEDULED,360,6.0
2026-10-07T04:06:26Z,4078X24001C2,4078X,,SCHEDULED,240,4.0
2026-10-07T04:06:26Z,4078X30433C6,4078X,,SCHEDULED,0,0.0
2026-10-07T04:06:26Z,4078X24002C2,4078X,,SCHEDULED,60,1.0
2026-10-07T04:06:26Z,4078X24200C1,4078X,,SCHEDULED,-60,-1.0
2026-10-07T04:06:26Z,4078X24003C2,4078X,,SCHEDULED,0,0.0
2026-10-07T04:06:26Z,4078X24107C2,4078X,,SCHEDULED,0,0.0
2026-10-07T04:06:26Z,4078X24300C6,4078X,,SCHEDULED,0,0.0
2026-10-07T04:06:26Z,4078X24380C6,4078X,,SCHEDULED,60,1.0
2026-10-07T04:06:26Z,4078X31454C3,4078X,,SCHEDULED,0,0.0
2026-10-07T04:06:26Z,4078X24381C6,4078X,,SCHEDULED,0,0.0
2026-10-07T04:06:26Z,4078X80001C3,4078X,,SCHEDULED,0,0.0
2026-10-07T04:06:26Z,4078X84004C2,4078X,,SCHEDULED,0,0.0
2026-10-07T04:06:26Z,4078X84601C5,4078X,,SCHEDULED,0,0.0
2026-10-07T04:06:26Z,5178X28468R2,5178X,,SCHEDULED,0,0.0
2026-10-07T04:06:26Z,5178X28408R2N,5178X,,SCHEDULED,0,0.0
2026-10-07T04:06:26Z,5178X28406R2N,5178X,,SCHEDULED,0,0.0
2026-10-07T04:06:26Z,5178X77980R4,5178X,,CANCELED,,
2026-10-07T04:06:26Z,5178X28265R2S,5178X,,SCHEDULED,-120,-2.0
2026-10-07T04:06:26Z,5178X28263R2S,5178X,,SCHEDULED,60,1.0
2026-10-07T04:06:26Z,5178X77400R4,5178X,,SCHEDULED,300,5.0
2026-10-07T04:06:26Z,5178X28500R2,5178X,,SCHEDULED,480,8.0
2026-10-07T04:06:26Z,5178X77504R4,5178X,,SCHEDULED,120,2.0
2026-10-07T04:06:26Z,5178X77510R4,5178X,,SCHEDULED,0,0.0
2026-10-07T04:06:26Z,5178X77704R4,5178X,,SCHEDULED,0,0.0
2026-10-07T04:06:26Z,5178X33521RL4,5178X,,SCHEDULED,60,1.0
2026-10-07T04:06:26Z,5178X15720R11,5178X,,CANCELED,,
2026-10-07T04:06:26Z,5178X33520RL4,5178X,,SCHEDULED,420,7.0
2026-10-07T04:06:26Z,5178X77506R4,5178X,,SCHEDULED,0,0.0
2026-10-07T04:06:26Z,5178X15900R11,5178X,,CANCELED,,
2026-10-07T04:06:26Z,5178X77706R4,5178X,,SCHEDULED,0,0.0
2026-10-07T04:06:26Z,5178X77508R4,5178X,,SCHEDULED,0,0.0
2026-10-07T04:06:26Z,5178X77402R4,5178X,,SCHEDULED,180,3.0
2026-10-07T04:06:26Z,5178X15772R11,5178X,,CANCELED,,
2026-10-07T04:06:26Z,5178X77404R4,5178X,,SCHEDULED,60,1.0
2026-10-07T04:06:26Z,5178X77602R4,5178X,,SCHEDULED,300,5.0
2026-10-07T04:06:26Z,5178X18121R16,5178X,,SCHEDULED,120,2.0
2026-10-07T04:06:26Z,5178X15770R11,5178X,,CANCELED,,
2026-10-07T04:06:26Z,5178X15002R15,5178X,,SCHEDULED,0,0.0
2026-10-07T04:06:26Z,5178X15000R15,5178X,,SCHEDULED,60,1.0
2026-10-07T04:06:26Z,5178X25400R2,5178X,,SCHEDULED,1620,27.0
2026-10-07T04:06:26Z,5178X25600R1,5178X,,SCHEDULED,0,0.0
2026-10-07T04:06:26Z,5178X25402R2N,5178X,,SCHEDULED,0,0.0
2026-10-07T04:06:26Z,5178X25501R2S,5178X,,SCHEDULED,60,1.0
2026-10-07T04:06:26Z,5178X28556R2N,5178X,,SCHEDULED,240,4.0
2026-10-07T04:06:26Z,6078X26502C3,6078X,,SCHEDULED,60,1.0
2026-10-07T04:06:26Z,6078X26006C2,6078X,,SCHEDULED,0,0.0
2026-10-07T04:06:26Z,6078X26105C1,6078X,,SCHEDULED,60,1.0
2026-10-07T04:06:26Z,6078X26600C3,6078X,,SCHEDULED,60,1.0
2026-10-07T04:06:26Z,6078X26504C3,6078X,,SCHEDULED,60,1.0
2026-10-07T04:06:26Z,6078X26505C3,6078X,,SCHEDULED,0,0.0
2026-10-07T04:06:26Z,6078X26003C2,6078X,,SCHEDULED,60,1.0
2026-10-07T04:06:26Z,6078X26002C2,6078X,,SCHEDULED,120,2.0
2026-10-07T04:06:26Z,6078X26602C3,6078X,,SCHEDULED,-60,-1.0
2026-10-07T04:06:26Z,6078X26503C3,6078X,,SCHEDULED,0,0.0
2026-10-07T04:06:26Z,6078X26506C3,6078X,,SCHEDULED,0,0.0
2026-10-07T04:06:26Z,6078X26103C1,6078X,,SCHEDULED,0,0.0
2026-10-07T04:06:26Z,6078X26106C1,6078X,,SCHEDULED,0,0.0
2026-10-07T04:06:26Z,6078X26007C2,6078X,,SCHEDULED,0,0.0
2026-10-07T04:06:26Z,6078X26601C3,6078X,,SCHEDULED,0,0.0
2026-10-07T04:06:26Z,6078X71503C4,6078X,,SCHEDULED,0,0.0
2026-10-07T04:06:26Z,6078X71501C4,6078X,,SCHEDULED,0,0.0
2026-10-07T04:06:26Z,6078X71500C4,6078X,,SCHEDULED,-60,-1.0
2026-10-07T04:06:26Z,6078X26104C1,6078X,,SCHEDULED,60,1.0
2026-10-07T04:06:26Z,6078X26005C2,6078X,,SCHEDULED,120,2.0
2026-10-07T04:06:26Z,6178X35612C1,6178X,,SCHEDULED,120,2.0
2026-10-07T04:06:26Z,6178X35663C1,6178X,,SCHEDULED,-120,-2.0
2026-10-07T04:06:26Z,6178X35688C1,6178X,,SCHEDULED,60,1.0
2026-10-07T04:06:26Z,6178X35613C1,6178X,,SCHEDULED,0,0.0
2026-10-07T04:06:26Z,6178X35614C1,6178X,,SCHEDULED,0,0.0
2026-10-07T04:06:26Z,6278X71351C3,6278X,,SCHEDULED,-120,-2.0
2026-10-07T04:06:26Z,6278X71151C2,6278X,,SCHEDULED,0,0.0
2026-10-07T04:06:26Z,6278X71104C2,6278X,,CANCELED,,
2026-10-07T04:06:26Z,6278X71201C3,6278X,,SCHEDULED,0,0.0
2026-10-07T04:06:26Z,6278X71301C3,6278X,,SCHEDULED,0,0.0
2026-10-07T04:06:26Z,6278X71103C2,6278X,,SCHEDULED,0,0.0
2026-10-07T04:06:26Z,4778X71080C1,4778X,,SCHEDULED,0,0.0
2026-10-07T04:06:26Z,4778X71091C1,4778X,,SCHEDULED,0,0.0
2026-10-07T04:06:26Z,2078X70502C7,2078X,,SCHEDULED,0,0.0
2026-10-07T04:06:26Z,2078X70901C8,2078X,,SCHEDULED,0,0.0
2026-10-07T04:06:26Z,2078X70202C4,2078X,,SCHEDULED,0,0.0
2026-10-07T04:06:26Z,2078X70400C5,2078X,,SCHEDULED,120,2.0
2026-10-07T04:06:26Z,2078X70801C6,2078X,,SCHEDULED,0,0.0
2026-10-07T04:06:26Z,2078X70201C4,2078X,,SCHEDULED,0,0.0
2026-10-07T04:06:26Z,2078X22000C1,2078X,,SCHEDULED,0,0.0
2026-10-07T04:06:26Z,2078X70900C8,2078X,,SCHEDULED,240,4.0
2026-10-07T04:06:26Z,2078X70506C7,2078X,,SCHEDULED,0,0.0
2026-10-07T04:06:26Z,2078X22002C1,2078X,,SCHEDULED,0,0.0
2026-10-07T04:06:26Z,2078X22103C1,2078X,,SCHEDULED,480,8.0
2026-10-07T04:06:26Z,2078X22305C3,2078X,,SCHEDULED,0,0.0
2026-10-07T04:06:26Z,2078X70501C7,2078X,,SCHEDULED,300,5.0
2026-10-07T04:06:26Z,2078X22006C1,2078X,,SCHEDULED,0,0.0
2026-10-07T04:06:26Z,2078X80851C6,2078X,,SCHEDULED,1500,25.0
2026-10-07T04:06:26Z,2078X70302C4,2078X,,SCHEDULED,0,0.0
2026-10-07T04:06:26Z,2078X70401C5,2078X,,SCHEDULED,180,3.0
2026-10-07T04:06:26Z,2078X70754C6,2078X,,SCHEDULED,0,0.0
2026-10-07T04:06:26Z,2078X22200C2,2078X,,SCHEDULED,60,1.0
2026-10-07T04:06:26Z,2078X70853C6,2078X,,SCHEDULED,0,0.0
2026-10-07T04:06:26Z,2078X22201C2,2078X,,SCHEDULED,0,0.0
2026-10-07T04:06:26Z,2078X70237C4,2078X,,SCHEDULED,-5700,-95.0
2026-10-07T04:06:26Z,2078X22202C2,2078X,,SCHEDULED,0,0.0
2026-10-07T04:06:26Z,2078X70755C6,2078X,,SCHEDULED,0,0.0
2026-10-07T04:06:26Z,2078X70752C6,2078X,,SCHEDULED,0,0.0
2026-10-07T04:06:26Z,2078X22004C1,2078X,,SCHEDULED,360,6.0
2026-10-07T04:06:26Z,2078X70508C7,2078X,,SCHEDULED,0,0.0
2026-10-07T04:06:26Z,2078X70505C7,2078X,,SCHEDULED,0,0.0
2026-10-07T04:06:26Z,4178X84904C2,4178X,,SCHEDULED,0,0.0
2026-10-07T04:06:26Z,4178X24701C1,4178X,,SCHEDULED,0,0.0
2026-10-07T04:06:26Z,4178X24700C1,4178X,,SCHEDULED,60,1.0
2026-10-07T04:06:26Z,4178X84901C2,4178X,,SCHEDULED,360,6.0
2026-10-07T04:06:26Z,4178X84900C2,4178X,,SCHEDULED,60,1.0
2026-10-07T04:06:26Z,4178X24703C1,4178X,,SCHEDULED,0,0.0
2026-10-07T04:06:26Z,4578X71601C1,4578X,,SCHEDULED,0,0.0
2026-10-07T04:06:26Z,1078X20706C5,1078X,,SCHEDULED,0,0.0
2026-10-07T04:06:26Z,1078X20704C5,1078X,,SCHEDULED,60,1.0
2026-10-07T04:06:26Z,1078X20703C5,1078X,,SCHEDULED,0,0.0
2026-10-07T04:06:26Z,1078X20702C5,1078X,,SCHEDULED,0,0.0
2026-10-07T04:06:26Z,1078X21514C2,1078X,,SCHEDULED,0,0.0
2026-10-07T04:06:26Z,1078X35981C2,1078X,,SCHEDULED,0,0.0
2026-10-07T04:06:26Z,1078X19522C5,1078X,,SCHEDULED,0,0.0
2026-10-07T04:06:26Z,1078X19521C5,1078X,,SCHEDULED,60,1.0
2026-10-07T04:06:26Z,1078X21200C10,1078X,,SCHEDULED,0,0.0
2026-10-07T04:06:26Z,1078X21605C2,1078X,,SCHEDULED,120,2.0
2026-10-07T04:06:26Z,1078X21603C2,1078X,,SCHEDULED,180,3.0
2026-10-07T04:06:26Z,1078X21601C2,1078X,,SCHEDULED,0,0.0
2026-10-07T04:06:26Z,1078X35975C2,1078X,,SCHEDULED,120,2.0
2026-10-07T04:06:26Z,1078X21509C2,1078X,,SCHEDULED,0,0.0
2026-10-07T04:06:26Z,1078X20419C4b,1078X,,SCHEDULED,0,0.0
2026-10-07T04:06:26Z,1078X21508C2,1078X,,SCHEDULED,300,5.0
2026-10-07T04:06:26Z,1078X20417C4b,1078X,,SCHEDULED,0,0.0
2026-10-07T04:06:26Z,1078X21506C2,1078X,,SCHEDULED,60,1.0
2026-10-07T04:06:26Z,1078X21505C2,1078X,,SCHEDULED,0,0.0
2026-10-07T04:06:26Z,1078X20415C4b,1078X,,SCHEDULED,600,10.0
2026-10-07T04:06:26Z,1078X21504C2,1078X,,SCHEDULED,180,3.0
2026-10-07T04:06:26Z,1078X21503C2,1078X,,SCHEDULED,0,0.0
2026-10-07T04:06:26Z,1078X20413C4b,1078X,,SCHEDULED,0,0.0
2026-10-07T04:06:26Z,1078X36202C10,1078X,,SCHEDULED,0,0.0
2026-10-07T04:06:26Z,1078X21512C2,1078X,,SCHEDULED,240,4.0
2026-10-07T04:06:26Z,1078X21510C2,1078X,,SCHEDULED,360,6.0
2026-10-07T04:06:26Z,1078X19531C5,1078X,,SCHEDULED,0,0.0
2026-10-07T04:06:26Z,1078X20409C4b,1078X,,SCHEDULED,120,2.0
2026-10-07T04:06:26Z,1078X20408C4b,1078X,,SCHEDULED,0,0.0
2026-10-07T04:06:26Z,1078X20407C4b,1078X,,SCHEDULED,0,0.0
2026-10-07T04:06:26Z,1078X20406C4b,1078X,,SCHEDULED,60,1.0
2026-10-07T04:06:26Z,1078X20009C3,1078X,,SCHEDULED,0,0.0
2026-10-07T04:06:26Z,1078X20405C4b,1078X,,SCHEDULED,600,10.0
2026-10-07T04:06:26Z,1078X20008C3,1078X,,SCHEDULED,0,0.0
2026-10-07T04:06:26Z,1078X20007C3,1078X,,SCHEDULED,360,6.0
2026-10-07T04:06:26Z,1078X20006C3,1078X,,SCHEDULED,60,1.0
2026-10-07T04:06:26Z,1078X20402C4b,1078X,,SCHEDULED,120,2.0
2026-10-07T04:06:26Z,1078X19537C5,1078X,,SCHEDULED,0,0.0
2026-10-07T04:06:26Z,1078X19539C5,1078X,,SCHEDULED,0,0.0
2026-10-07T04:06:26Z,1078X35973C2,1078X,,SCHEDULED,180,3.0
2026-10-07T04:06:26Z,1078X19805C1,1078X,,SCHEDULED,0,0.0
2026-10-07T04:06:26Z,1078X19804C1,1078X,,SCHEDULED,0,0.0
2026-10-07T04:06:26Z,1078X19807C1,1078X,,SCHEDULED,0,0.0
2026-10-07T04:06:26Z,1078X36305C10,1078X,,SCHEDULED,0,0.0
2026-10-07T04:06:26Z,1078X19800C1,1078X,,SCHEDULED,0,0.0
2026-10-07T04:06:26Z,1078X19528C5,1078X,,SCHEDULED,0,0.0
2026-10-07T04:06:26Z,1078X19803C1,1078X,,SCHEDULED,60,1.0
2026-10-07T04:06:26Z,1078X19802C1,1078X,,SCHEDULED,0,0.0
2026-10-07T04:06:26Z,1078X19527C5,1078X,,SCHEDULED,60,1.0
2026-10-07T04:06:26Z,1078X19533C5,1078X,,SCHEDULED,0,0.0
2026-10-07T04:06:26Z,1078X20005C3,1078X,,SCHEDULED,60,1.0
2026-10-07T04:06:26Z,1078X20004C3,1078X,,SCHEDULED,0,0.0
2026-10-07T04:06:26Z,1078X20003C3,1078X,,SCHEDULED,60,1.0
2026-10-07T04:06:26Z,1078X21804C7,1078X,,SCHEDULED,0,0.0
2026-10-07T04:06:26Z,1078X20714C5,1078X,,SCHEDULED,0,0.0
2026-10-07T04:06:26Z,1078X21802C7,1078X,,SCHEDULED,0,0.0
2026-10-07T04:06:26Z,1078X21800C7,1078X,,SCHEDULED,120,2.0
2026-10-07T04:06:26Z,1078X20710C5,1078X,,SCHEDULED,0,0.0
2026-10-07T04:06:26Z,1078X20709C5,1078X,,SCHEDULED,0,0.0
2026-10-07T04:06:26Z,1078X20209C4a,1078X,,SCHEDULED,240,4.0
2026-10-07T04:06:26Z,1078X20208C4,1078X,,SCHEDULED,240,4.0
2026-10-07T04:06:26Z,1078X20207C4a,1078X,,SCHEDULED,180,3.0
2026-10-07T04:06:26Z,1078X20602C8b,1078X,,SCHEDULED,0,0.0
2026-10-07T04:06:26Z,1078X20206C4,1078X,,SCHEDULED,300,5.0
2026-10-07T04:06:26Z,1078X21811C7,1078X,,SCHEDULED,0,0.0
2026-10-07T04:06:26Z,1078X20601C8b,1078X,,SCHEDULED,0,0.0
2026-10-07T04:06:26Z,1078X20205C4a,1078X,,SCHEDULED,360,6.0
2026-10-07T04:06:26Z,1078X20600C8b,1078X,,SCHEDULED,180,3.0
2026-10-07T04:06:26Z,1078X20204C4,1078X,,SCHEDULED,60,1.0
2026-10-07T04:06:26Z,1078X21807C7,1078X,,SCHEDULED,0,0.0
2026-10-07T04:06:26Z,1078X35809C7,1078X,,SCHEDULED,0,0.0
2026-10-07T04:06:26Z,1078X21104C10,1078X,,SCHEDULED,0,0.0
2026-10-07T04:06:26Z,1078X21500C2,1078X,,SCHEDULED,120,2.0
2026-10-07T04:06:26Z,1078X20410C4b,1078X,,SCHEDULED,0,0.0
2026-10-07T04:06:26Z,1078X20011C3,1078X,,SCHEDULED,0,0.0
2026-10-07T04:06:26Z,1078X21100C10,1078X,,SCHEDULED,0,0.0
2026-10-07T04:06:26Z,1078X20010C3,1078X,,SCHEDULED,0,0.0
2026-10-07T04:06:26Z,1078X19541C5,1078X,,SCHEDULED,0,0.0
2026-10-07T04:06:26Z,1078X21303C10,1078X,,SCHEDULED,60,1.0
2026-10-07T04:06:26Z,1078X20213C4a,1078X,,SCHEDULED,0,0.0
2026-10-07T04:06:26Z,1078X20212C4a,1078X,,SCHEDULED,0,0.0
2026-10-07T04:06:26Z,1078X20211C4a,1078X,,SCHEDULED,60,1.0
2026-10-07T04:06:26Z,1078X21300C10,1078X,,SCHEDULED,60,1.0
2026-10-07T04:06:26Z,1078X20210C4,1078X,,SCHEDULED,0,0.0
2026-10-07T04:06:26Z,1078X21706C2,1078X,,SCHEDULED,0,0.0
2026-10-07T04:06:26Z,1078X20218C4a,1078X,,SCHEDULED,0,0.0
2026-10-07T04:06:26Z,1078X20217C4a,1078X,,SCHEDULED,0,0.0
2026-10-07T04:06:26Z,1078X20216C4a,1078X,,SCHEDULED,1020,17.0
2026-10-07T04:06:26Z,1078X21304C10,1078X,,SCHEDULED,0,0.0
2026-10-07T04:06:26Z,1078X20215C4a,1078X,,SCHEDULED,0,0.0
2026-10-07T04:06:26Z,1078X19508C5,1078X,,SCHEDULED,120,2.0
2026-10-07T04:06:26Z,1078X19509C5,1078X,,SCHEDULED,60,1.0
2026-10-07T04:06:26Z,1078X19504C5,1078X,,SCHEDULED,0,0.0
2026-10-07T04:06:26Z,1078X19503C5,1078X,,SCHEDULED,0,0.0
2026-10-07T04:06:26Z,1078X19505C5,1078X,,SCHEDULED,0,0.0
2026-10-07T04:06:26Z,1078X19510C5,1078X,,SCHEDULED,0,0.0
2026-10-07T04:06:26Z,1078X19513C5,1078X,,SCHEDULED,0,0.0
2026-10-07T04:06:26Z,1078X19512C5,1078X,,SCHEDULED,300,5.0
2026-10-07T04:06:26Z,1078X20220C4a,1078X,,SCHEDULED,0,0.0
2026-10-07T04:06:26Z,1078X19518C5,1078X,,SCHEDULED,0,0.0
2026-10-07T04:06:26Z,1078X19515C5,1078X,,SCHEDULED,60,1.0
2026-10-07T04:06:26Z,1078X21003C8a,1078X,,SCHEDULED,180,3.0
2026-10-07T04:06:26Z,1078X21002C8a,1078X,,SCHEDULED,0,0.0
2026-10-07T04:06:26Z,1078X21001C8a,1078X,,SCHEDULED,180,3.0
2026-10-07T04:06:26Z,1078X21000C8a,1078X,,SCHEDULED,0,0.0
2026-10-07T04:11:34Z,3078X23801C5,3078X,,SCHEDULED,60,1.0
2026-10-07T04:11:34Z,3078X23504C1,3078X,,SCHEDULED,300,5.0
2026-10-07T04:11:34Z,3078X23603C4,3078X,,SCHEDULED,0,0.0
2026-10-07T04:11:34Z,3078X23701C5,3078X,,SCHEDULED,0,0.0
2026-10-07T04:11:34Z,3078X23101C3,3078X,,SCHEDULED,240,4.0
2026-10-07T04:11:34Z,3078X23506C1,3078X,,SCHEDULED,60,1.0
2026-10-07T04:11:34Z,3078X23509C1,3078X,,SCHEDULED,0,0.0
2026-10-07T04:11:34Z,3078X23601C4,3078X,,SCHEDULED,180,3.0
2026-10-07T04:11:34Z,3078X23502C1,3078X,,SCHEDULED,60,1.0
2026-10-07T04:11:34Z,3178X23201C1,3178X,,SCHEDULED,0,0.0
2026-10-07T04:11:34Z,3178X23202C1,3178X,,SCHEDULED,0,0.0
2026-10-07T04:11:34Z,3178X23422T1,3178X,,SCHEDULED,0,0.0
2026-10-07T04:11:34Z,3178X23203C1,3178X,,SCHEDULED,120,2.0
2026-10-07T04:11:34Z,3178X23200C1,3178X,,SCHEDULED,0,0.0
2026-10-07T04:11:34Z,3178X23421T1,3178X,,SCHEDULED,0,0.0
2026-10-07T04:11:34Z,3278X23302C1,3278X,,SCHEDULED,0,0.0
2026-10-07T04:11:34Z,3278X23305C1,3278X,,SCHEDULED,0,0.0
2026-10-07T04:11:34Z,3278X23151C2,3278X,,SCHEDULED,120,2.0
2026-10-07T04:11:34Z,4078X24302C6,4078X,,SCHEDULED,0,0.0
2026-10-07T04:11:34Z,4078X24203C1,4078X,,SCHEDULED,0,0.0
2026-10-07T04:11:34Z,4078X24303C6,4078X,,SCHEDULED,0,0.0
2026-10-07T04:11:34Z,4078X24004C2,4078X,,SCHEDULED,0,0.0
2026-10-07T04:11:34Z,4078X24202C1,4078X,,SCHEDULED,60,1.0
2026-10-07T04:11:34Z,4078X24301C6,4078X,,SCHEDULED,120,2.0
2026-10-07T04:11:34Z,4078X31400C3,4078X,,SCHEDULED,60,1.0
2026-10-07T04:11:34Z,4078X24000C2,4078X,,SCHEDULED,480,8.0
2026-10-07T04:11:34Z,4078X24001C2,4078X,,SCHEDULED,120,2.0
2026-10-07T04:11:34Z,4078X30433C6,4078X,,SCHEDULED,0,0.0
2026-10-07T04:11:34Z,4078X24002C2,4078X,,SCHEDULED,0,0.0
2026-10-07T04:11:34Z,4078X24200C1,4078X,,SCHEDULED,60,1.0
2026-10-07T04:11:34Z,4078X24003C2,4078X,,SCHEDULED,60,1.0
2026-10-07T04:11:34Z,4078X24300C6,4078X,,SCHEDULED,60,1.0
2026-10-07T04:11:34Z,4078X24201C1,4078X,,SCHEDULED,60,1.0
2026-10-07T04:11:34Z,4078X31454C3,4078X,,SCHEDULED,0,0.0
2026-10-07T04:11:34Z,4078X80001C3,4078X,,SCHEDULED,0,0.0
2026-10-07T04:11:34Z,4078X84004C2,4078X,,SCHEDULED,0,0.0
2026-10-07T04:11:34Z,4078X24107C2,4078X,,SCHEDULED,0,0.0
2026-10-07T04:11:34Z,4078X24381C6,4078X,,SCHEDULED,0,0.0
2026-10-07T04:11:34Z,5178X28265R2S,5178X,,SCHEDULED,-60,-1.0
2026-10-07T04:11:34Z,5178X28263R2S,5178X,,SCHEDULED,240,4.0
2026-10-07T04:11:34Z,5178X28466R2,5178X,,SCHEDULED,0,0.0
2026-10-07T04:11:34Z,5178X77400R4,5178X,,SCHEDULED,300,5.0
2026-10-07T04:11:34Z,5178X77510R4,5178X,,SCHEDULED,0,0.0
2026-10-07T04:11:34Z,5178X28500R2,5178X,,SCHEDULED,420,7.0
2026-10-07T04:11:34Z,5178X77402R4,5178X,,SCHEDULED,180,3.0
2026-10-07T04:11:34Z,5178X28468R2,5178X,,SCHEDULED,0,0.0
2026-10-07T04:11:34Z,5178X28408R2N,5178X,,SCHEDULED,0,0.0
2026-10-07T04:11:34Z,5178X15720R11,5178X,,CANCELED,,
2026-10-07T04:11:34Z,5178X33520RL4,5178X,,SCHEDULED,420,7.0
2026-10-07T04:11:34Z,5178X15900R11,5178X,,CANCELED,,
2026-10-07T04:11:34Z,5178X28406R2N,5178X,,SCHEDULED,0,0.0
2026-10-07T04:11:34Z,5178X77980R4,5178X,,CANCELED,,
2026-10-07T04:11:34Z,5178X77504R4,5178X,,SCHEDULED,60,1.0
2026-10-07T04:11:34Z,5178X15772R11,5178X,,CANCELED,,
2026-10-07T04:11:34Z,5178X18121R16,5178X,,SCHEDULED,120,2.0
2026-10-07T04:11:34Z,5178X77704R4,5178X,,SCHEDULED,0,0.0
2026-10-07T04:11:34Z,5178X33521RL4,5178X,,SCHEDULED,60,1.0
2026-10-07T04:11:34Z,5178X15770R11,5178X,,CANCELED,,
2026-10-07T04:11:34Z,5178X77506R4,5178X,,SCHEDULED,0,0.0
2026-10-07T04:11:34Z,5178X77706R4,5178X,,SCHEDULED,0,0.0
2026-10-07T04:11:34Z,5178X77508R4,5178X,,SCHEDULED,0,0.0
2026-10-07T04:11:34Z,5178X15002R15,5178X,,SCHEDULED,0,0.0
2026-10-07T04:11:34Z,5178X77404R4,5178X,,SCHEDULED,0,0.0
2026-10-07T04:11:34Z,5178X15000R15,5178X,,SCHEDULED,120,2.0
2026-10-07T04:11:34Z,5178X77801R7,5178X,,CANCELED,,
2026-10-07T04:11:34Z,5178X25400R2,5178X,,SCHEDULED,1620,27.0
2026-10-07T04:11:34Z,5178X25600R1,5178X,,SCHEDULED,0,0.0
2026-10-07T04:11:34Z,5178X25402R2N,5178X,,SCHEDULED,0,0.0
2026-10-07T04:11:34Z,5178X25501R2S,5178X,,SCHEDULED,120,2.0
2026-10-07T04:11:34Z,5178X25502R2S,5178X,,SCHEDULED,0,0.0
2026-10-07T04:11:34Z,6078X71571C4,6078X,,SCHEDULED,0,0.0
2026-10-07T04:11:34Z,6078X26006C2,6078X,,SCHEDULED,0,0.0
2026-10-07T04:11:34Z,6078X26105C1,6078X,,SCHEDULED,60,1.0
2026-10-07T04:11:34Z,6078X26004C2,6078X,,SCHEDULED,180,3.0
2026-10-07T04:11:34Z,6078X26504C3,6078X,,SCHEDULED,60,1.0
2026-10-07T04:11:34Z,6078X26602C3,6078X,,SCHEDULED,0,0.0
2026-10-07T04:11:34Z,6078X26106C1,6078X,,SCHEDULED,0,0.0
2026-10-07T04:11:34Z,6078X26503C3,6078X,,SCHEDULED,60,1.0
2026-10-07T04:11:34Z,6078X26007C2,6078X,,SCHEDULED,0,0.0
2026-10-07T04:11:34Z,6078X26601C3,6078X,,SCHEDULED,0,0.0
2026-10-07T04:11:34Z,6078X26502C3,6078X,,SCHEDULED,60,1.0
2026-10-07T04:11:34Z,6078X26506C3,6078X,,SCHEDULED,0,0.0
2026-10-07T04:11:34Z,6078X71503C4,6078X,,SCHEDULED,60,1.0
2026-10-07T04:11:34Z,6078X71501C4,6078X,,SCHEDULED,-60,-1.0
2026-10-07T04:11:34Z,6078X26505C3,6078X,,SCHEDULED,0,0.0
2026-10-07T04:11:34Z,6078X26003C2,6078X,,SCHEDULED,60,1.0
2026-10-07T04:11:34Z,6078X71500C4,6078X,,SCHEDULED,60,1.0
2026-10-07T04:11:34Z,6078X26002C2,6078X,,SCHEDULED,60,1.0
2026-10-07T04:11:34Z,6078X26104C1,6078X,,SCHEDULED,0,0.0
2026-10-07T04:11:34Z,6078X26005C2,6078X,,SCHEDULED,120,2.0
2026-10-07T04:11:34Z,6178X35613C1,6178X,,SCHEDULED,0,0.0
2026-10-07T04:11:34Z,6178X35612C1,6178X,,SCHEDULED,0,0.0
2026-10-07T04:11:34Z,6178X35614C1,6178X,,SCHEDULED,0,0.0
2026-10-07T04:11:34Z,6178X35663C1,6178X,,SCHEDULED,0,0.0
2026-10-07T04:11:34Z,6178X35688C1,6178X,,SCHEDULED,180,3.0
2026-10-07T04:11:34Z,6278X71152C2,6278X,,SCHEDULED,0,0.0
2026-10-07T04:11:34Z,6278X71151C2,6278X,,SCHEDULED,0,0.0
2026-10-07T04:11:34Z,6278X71104C2,6278X,,CANCELED,,
2026-10-07T04:11:34Z,6278X71201C3,6278X,,SCHEDULED,0,0.0
2026-10-07T04:11:34Z,6278X71301C3,6278X,,SCHEDULED,0,0.0
2026-10-07T04:11:34Z,4778X71091C1,4778X,,SCHEDULED,0,0.0
2026-10-07T04:11:34Z,4778X71080C1,4778X,,SCHEDULED,0,0.0
2026-10-07T04:11:34Z,2078X70202C4,2078X,,SCHEDULED,0,0.0
2026-10-07T04:11:34Z,2078X70400C5,2078X,,SCHEDULED,60,1.0
2026-10-07T04:11:34Z,2078X70201C4,2078X,,SCHEDULED,0,0.0
2026-10-07T04:11:34Z,2078X22000C1,2078X,,SCHEDULED,0,0.0
2026-10-07T04:11:34Z,2078X22001C1,2078X,,SCHEDULED,0,0.0
2026-10-07T04:11:34Z,2078X22002C1,2078X,,SCHEDULED,0,0.0
2026-10-07T04:11:34Z,2078X22200C2,2078X,,SCHEDULED,0,0.0
2026-10-07T04:11:34Z,2078X22302C3,2078X,,SCHEDULED,0,0.0
2026-10-07T04:11:34Z,2078X22105C1,2078X,,SCHEDULED,0,0.0
2026-10-07T04:11:34Z,2078X22006C1,2078X,,SCHEDULED,0,0.0
2026-10-07T04:11:34Z,2078X22303C3,2078X,,SCHEDULED,60,1.0
2026-10-07T04:11:34Z,2078X80851C6,2078X,,SCHEDULED,1800,30.0
2026-10-07T04:11:34Z,2078X22201C2,2078X,,SCHEDULED,0,0.0
2026-10-07T04:11:34Z,2078X22202C2,2078X,,SCHEDULED,0,0.0
2026-10-07T04:11:34Z,2078X22004C1,2078X,,SCHEDULED,660,11.0
2026-10-07T04:11:34Z,2078X22103C1,2078X,,SCHEDULED,480,8.0
2026-10-07T04:11:34Z,2078X70801C6,2078X,,SCHEDULED,120,2.0
2026-10-07T04:11:34Z,2078X70900C8,2078X,,SCHEDULED,300,5.0
2026-10-07T04:11:34Z,2078X70506C7,2078X,,SCHEDULED,0,0.0
2026-10-07T04:11:34Z,2078X70402C5,2078X,,CANCELED,,
2026-10-07T04:11:34Z,2078X70754C6,2078X,,SCHEDULED,0,0.0
2026-10-07T04:11:34Z,2078X70853C6,2078X,,SCHEDULED,0,0.0
2026-10-07T04:11:34Z,2078X70237C4,2078X,,SCHEDULED,-5340,-89.0
2026-10-07T04:11:34Z,2078X70755C6,2078X,,SCHEDULED,0,0.0
2026-10-07T04:11:34Z,2078X70508C7,2078X,,SCHEDULED,0,0.0
2026-10-07T04:11:34Z,2078X70505C7,2078X,,SCHEDULED,0,0.0
2026-10-07T04:11:34Z,2078X70901C8,2078X,,SCHEDULED,0,0.0
2026-10-07T04:11:34Z,2078X22305C3,2078X,,SCHEDULED,0,0.0
2026-10-07T04:11:34Z,2078X70501C7,2078X,,SCHEDULED,420,7.0
2026-10-07T04:11:34Z,2078X70302C4,2078X,,SCHEDULED,0,0.0
2026-10-07T04:11:34Z,2078X70401C5,2078X,,SCHEDULED,120,2.0
2026-10-07T04:11:34Z,2078X70502C7,2078X,,SCHEDULED,60,1.0
2026-10-07T04:11:34Z,4178X84904C2,4178X,,SCHEDULED,0,0.0
2026-10-07T04:11:34Z,4178X24700C1,4178X,,SCHEDULED,240,4.0
2026-10-07T04:11:34Z,4178X84901C2,4178X,,SCHEDULED,660,11.0
2026-10-07T04:11:34Z,4178X84900C2,4178X,,SCHEDULED,360,6.0
2026-10-07T04:11:34Z,4178X24703C1,4178X,,SCHEDULED,0,0.0
2026-10-07T04:11:34Z,4578X71601C1,4578X,,SCHEDULED,60,1.0
2026-10-07T04:11:34Z,1078X21510C2,1078X,,SCHEDULED,360,6.0
2026-10-07T04:11:34Z,1078X35980C2,1078X,,SCHEDULED,0,0.0
2026-10-07T04:11:34Z,1078X20706C5,1078X,,SCHEDULED,60,1.0
2026-10-07T04:11:34Z,1078X20704C5,1078X,,SCHEDULED,60,1.0
2026-10-07T04:11:34Z,1078X20703C5,1078X,,SCHEDULED,0,0.0
2026-10-07T04:11:34Z,1078X20702C5,1078X,,SCHEDULED,0,0.0
2026-10-07T04:11:34Z,1078X21514C2,1078X,,SCHEDULED,0,0.0
2026-10-07T04:11:34Z,1078X35981C2,1078X,,SCHEDULED,0,0.0
2026-10-07T04:11:34Z,1078X19522C5,1078X,,SCHEDULED,0,0.0
2026-10-07T04:11:34Z,1078X19521C5,1078X,,SCHEDULED,0,0.0
2026-10-07T04:11:34Z,1078X21200C10,1078X,,SCHEDULED,60,1.0
2026-10-07T04:11:34Z,1078X21605C2,1078X,,SCHEDULED,240,4.0
2026-10-07T04:11:34Z,1078X20010C3,1078X,,SCHEDULED,0,0.0
2026-10-07T04:11:34Z,1078X19541C5,1078X,,SCHEDULED,0,0.0
2026-10-07T04:11:34Z,1078X21509C2,1078X,,SCHEDULED,0,0.0
2026-10-07T04:11:34Z,1078X20419C4b,1078X,,SCHEDULED,0,0.0
2026-10-07T04:11:34Z,1078X21000C8a,1078X,,SCHEDULED,0,0.0
2026-10-07T04:11:34Z,1078X21508C2,1078X,,SCHEDULED,60,1.0
2026-10-07T04:11:34Z,1078X20417C4b,1078X,,SCHEDULED,0,0.0
2026-10-07T04:11:34Z,1078X20715C5,1078X,,SCHEDULED,0,0.0
2026-10-07T04:11:34Z,1078X21506C2,1078X,,SCHEDULED,180,3.0
2026-10-07T04:11:34Z,1078X21804C7,1078X,,SCHEDULED,120,2.0
2026-10-07T04:11:34Z,1078X21505C2,1078X,,SCHEDULED,0,0.0
2026-10-07T04:11:34Z,1078X20415C4b,1078X,,SCHEDULED,120,2.0
2026-10-07T04:11:34Z,1078X20714C5,1078X,,SCHEDULED,0,0.0
2026-10-07T04:11:34Z,1078X21802C7,1078X,,SCHEDULED,0,0.0
2026-10-07T04:11:34Z,1078X21504C2,1078X,,SCHEDULED,0,0.0
2026-10-07T04:11:34Z,1078X20710C5,1078X,,SCHEDULED,0,0.0
2026-10-07T04:11:34Z,1078X21503C2,1078X,,SCHEDULED,240,4.0
2026-10-07T04:11:34Z,1078X20413C4b,1078X,,SCHEDULED,180,3.0
2026-10-07T04:11:34Z,1078X20709C5,1078X,,SCHEDULED,0,0.0
2026-10-07T04:11:34Z,1078X36202C10,1078X,,SCHEDULED,0,0.0
2026-10-07T04:11:34Z,1078X21512C2,1078X,,SCHEDULED,540,9.0
2026-10-07T04:11:34Z,1078X20209C4a,1078X,,SCHEDULED,60,1.0
2026-10-07T04:11:34Z,1078X20208C4,1078X,,SCHEDULED,120,2.0
2026-10-07T04:11:34Z,1078X20207C4a,1078X,,SCHEDULED,180,3.0
2026-10-07T04:11:34Z,1078X20602C8b,1078X,,SCHEDULED,0,0.0
2026-10-07T04:11:34Z,1078X20206C4,1078X,,SCHEDULED,0,0.0
2026-10-07T04:11:34Z,1078X21811C7,1078X,,SCHEDULED,0,0.0
2026-10-07T04:11:34Z,1078X20601C8b,1078X,,SCHEDULED,0,0.0
2026-10-07T04:11:34Z,1078X20600C8b,1078X,,SCHEDULED,180,3.0
2026-10-07T04:11:34Z,1078X21807C7,1078X,,SCHEDULED,120,2.0
2026-10-07T04:11:34Z,1078X20002C3,1078X,,SCHEDULED,0,0.0
2026-10-07T04:11:34Z,1078X19531C5,1078X,,SCHEDULED,60,1.0
2026-10-07T04:11:34Z,1078X35809C7,1078X,,SCHEDULED,240,4.0
2026-10-07T04:11:34Z,1078X20412C4b,1078X,,SCHEDULED,0,0.0
2026-10-07T04:11:34Z,1078X19530C5,1078X,,CANCELED,,
2026-10-07T04:11:34Z,1078X20409C4b,1078X,,SCHEDULED,60,1.0
2026-10-07T04:11:34Z,1078X21104C10,1078X,,SCHEDULED,0,0.0
2026-10-07T04:11:34Z,1078X20408C4b,1078X,,SCHEDULED,180,3.0
2026-10-07T04:11:34Z,1078X20407C4b,1078X,,SCHEDULED,0,0.0
2026-10-07T04:11:34Z,1078X20406C4b,1078X,,SCHEDULED,60,1.0
2026-10-07T04:11:34Z,1078X20008C3,1078X,,SCHEDULED,0,0.0
2026-10-07T04:11:34Z,1078X20007C3,1078X,,SCHEDULED,120,2.0
2026-10-07T04:11:34Z,1078X20006C3,1078X,,SCHEDULED,0,0.0
2026-10-07T04:11:34Z,1078X20402C4b,1078X,,SCHEDULED,60,1.0
2026-10-07T04:11:34Z,1078X20411C4b,1078X,,SCHEDULED,0,0.0
2026-10-07T04:11:34Z,1078X19537C5,1078X,,SCHEDULED,0,0.0
2026-10-07T04:11:34Z,1078X19539C5,1078X,,SCHEDULED,0,0.0
2026-10-07T04:11:34Z,1078X21500C2,1078X,,SCHEDULED,420,7.0
2026-10-07T04:11:34Z,1078X21603C2,1078X,,SCHEDULED,180,3.0
2026-10-07T04:11:34Z,1078X21601C2,1078X,,SCHEDULED,60,1.0
2026-10-07T04:11:34Z,1078X20410C4b,1078X,,SCHEDULED,0,0.0
2026-10-07T04:11:34Z,1078X35975C2,1078X,,SCHEDULED,180,3.0
2026-10-07T04:11:34Z,1078X19545C5,1078X,,SCHEDULED,0,0.0
2026-10-07T04:11:34Z,1078X20013C3,1078X,,SCHEDULED,0,0.0
2026-10-07T04:11:34Z,1078X20011C3,1078X,,SCHEDULED,0,0.0
2026-10-07T04:11:34Z,1078X21100C10,1078X,,SCHEDULED,0,0.0
2026-10-07T04:11:34Z,1078X19805C1,1078X,,SCHEDULED,120,2.0
2026-10-07T04:11:34Z,1078X20214C4,1078X,,SCHEDULED,0,0.0
2026-10-07T04:11:34Z,1078X19804C1,1078X,,SCHEDULED,0,0.0
2026-10-07T04:11:34Z,1078X20213C4a,1078X,,SCHEDULED,0,0.0
2026-10-07T04:11:34Z,1078X19807C1,1078X,,SCHEDULED,-60,-1.0
2026-10-07T04:11:34Z,1078X20212C4a,1078X,,SCHEDULED,60,1.0
2026-10-07T04:11:34Z,1078X36305C10,1078X,,SCHEDULED,240,4.0
2026-10-07T04:11:34Z,1078X19528C5,1078X,,SCHEDULED,0,0.0
2026-10-07T04:11:34Z,1078X20211C4a,1078X,,SCHEDULED,0,0.0
2026-10-07T04:11:34Z,1078X19802C1,1078X,,SCHEDULED,0,0.0
2026-10-07T04:11:34Z,1078X19527C5,1078X,,SCHEDULED,180,3.0
2026-10-07T04:11:34Z,1078X21300C10,1078X,,SCHEDULED,180,3.0
2026-10-07T04:11:34Z,1078X20210C4,1078X,,SCHEDULED,0,0.0
2026-10-07T04:11:34Z,1078X19533C5,1078X,,SCHEDULED,0,0.0
2026-10-07T04:11:34Z,1078X20005C3,1078X,,SCHEDULED,60,1.0
2026-10-07T04:11:34Z,1078X20004C3,1078X,,SCHEDULED,0,0.0
2026-10-07T04:11:34Z,1078X20003C3,1078X,,SCHEDULED,60,1.0
2026-10-07T04:11:34Z,1078X21706C2,1078X,,SCHEDULED,0,0.0
2026-10-07T04:11:34Z,1078X20219C4a,1078X,,SCHEDULED,0,0.0
2026-10-07T04:11:34Z,1078X20218C4a,1078X,,SCHEDULED,60,1.0
2026-10-07T04:11:34Z,1078X20217C4a,1078X,,SCHEDULED,0,0.0
2026-10-07T04:11:34Z,1078X20216C4a,1078X,,SCHEDULED,60,1.0
2026-10-07T04:11:34Z,1078X20215C4a,1078X,,SCHEDULED,120,2.0
2026-10-07T04:11:34Z,1078X21304C10,1078X,,SCHEDULED,180,3.0
2026-10-07T04:11:34Z,1078X19508C5,1078X,,SCHEDULED,0,0.0
2026-10-07T04:11:34Z,1078X19509C5,1078X,,SCHEDULED,0,0.0
2026-10-07T04:11:34Z,1078X19504C5,1078X,,SCHEDULED,60,1.0
2026-10-07T04:11:34Z,1078X19503C5,1078X,,SCHEDULED,0,0.0
2026-10-07T04:11:34Z,1078X19505C5,1078X,,SCHEDULED,60,1.0
2026-10-07T04:11:34Z,1078X19510C5,1078X,,SCHEDULED,0,0.0
2026-10-07T04:11:34Z,1078X19513C5,1078X,,SCHEDULED,0,0.0
2026-10-07T04:11:34Z,1078X19512C5,1078X,,SCHEDULED,300,5.0
2026-10-07T04:11:34Z,1078X20220C4a,1078X,,SCHEDULED,0,0.0
2026-10-07T04:11:34Z,1078X19518C5,1078X,,SCHEDULED,0,0.0
2026-10-07T04:11:34Z,1078X19515C5,1078X,,SCHEDULED,0,0.0
2026-10-07T04:11:34Z,1078X21003C8a,1078X,,SCHEDULED,180,3.0
2026-10-07T04:11:34Z,1078X21002C8a,1078X,,SCHEDULED,0,0.0
2026-10-07T04:11:34Z,1078X21001C8a,1078X,,SCHEDULED,240,4.0
2026-10-07T04:16:31Z,3078X23504C1,3078X,,SCHEDULED,180,3.0
2026-10-07T04:16:31Z,3078X23507C1,3078X,,SCHEDULED,0,0.0
2026-10-07T04:16:31Z,3078X23505C1,3078X,,SCHEDULED,240,4.0
2026-10-07T04:16:31Z,3078X23508C1,3078X,,SCHEDULED,0,0.0
2026-10-07T04:16:31Z,3078X23506C1,3078X,,SCHEDULED,-60,-1.0
2026-10-07T04:16:31Z,3078X23509C1,3078X,,SCHEDULED,0,0.0
2026-10-07T04:16:31Z,3078X23502C1,3078X,,SCHEDULED,180,3.0
2026-10-07T04:16:31Z,3078X23701C5,3078X,,SCHEDULED,-60,-1.0
2026-10-07T04:16:31Z,3078X23603C4,3078X,,SCHEDULED,0,0.0
2026-10-07T04:16:31Z,3078X23801C5,3078X,,SCHEDULED,60,1.0
2026-10-07T04:16:31Z,3078X23101C3,3078X,,SCHEDULED,240,4.0
2026-10-07T04:16:31Z,3078X23601C4,3078X,,SCHEDULED,180,3.0
2026-10-07T04:16:31Z,3178X23201C1,3178X,,SCHEDULED,0,0.0
2026-10-07T04:16:31Z,3178X23202C1,3178X,,SCHEDULED,0,0.0
2026-10-07T04:16:31Z,3178X23422T1,3178X,,SCHEDULED,0,0.0
2026-10-07T04:16:31Z,3178X23203C1,3178X,,SCHEDULED,120,2.0
2026-10-07T04:16:31Z,3178X23200C1,3178X,,SCHEDULED,0,0.0
2026-10-07T04:16:31Z,3178X23421T1,3178X,,SCHEDULED,0,0.0
2026-10-07T04:16:31Z,3278X23302C1,3278X,,SCHEDULED,0,0.0
2026-10-07T04:16:31Z,3278X23305C1,3278X,,SCHEDULED,60,1.0
2026-10-07T04:16:31Z,3278X23151C2,3278X,,SCHEDULED,180,3.0
2026-10-07T04:16:31Z,4078X24004C2,4078X,,SCHEDULED,0,0.0
2026-10-07T04:16:31Z,4078X24202C1,4078X,,SCHEDULED,0,0.0
2026-10-07T04:16:31Z,4078X24301C6,4078X,,SCHEDULED,180,3.0
2026-10-07T04:16:31Z,4078X24005C2,4078X,,SCHEDULED,0,0.0
2026-10-07T04:16:31Z,4078X24302C6,4078X,,SCHEDULED,0,0.0
2026-10-07T04:16:31Z,4078X24203C1,4078X,,SCHEDULED,0,0.0
2026-10-07T04:16:31Z,4078X31400C3,4078X,,SCHEDULED,120,2.0
2026-10-07T04:16:31Z,4078X24000C2,4078X,,SCHEDULED,240,4.0
2026-10-07T04:16:31Z,4078X24001C2,4078X,,SCHEDULED,120,2.0
2026-10-07T04:16:31Z,4078X84006C2,4078X,,SCHEDULED,0,0.0
2026-10-07T04:16:31Z,4078X30433C6,4078X,,SCHEDULED,0,0.0
2026-10-07T04:16:31Z,4078X24002C2,4078X,,SCHEDULED,60,1.0
2026-10-07T04:16:31Z,4078X24200C1,4078X,,SCHEDULED,0,0.0
2026-10-07T04:16:31Z,4078X24204C1,4078X,,SCHEDULED,0,0.0
2026-10-07T04:16:31Z,4078X24003C2,4078X,,SCHEDULED,-60,-1.0
2026-10-07T04:16:31Z,4078X24303C6,4078X,,SCHEDULED,0,0.0
2026-10-07T04:16:31Z,4078X24300C6,4078X,,SCHEDULED,60,1.0
2026-10-07T04:16:31Z,4078X24380C6,4078X,,SCHEDULED,-120,-2.0
2026-10-07T04:16:31Z,4078X31454C3,4078X,,SCHEDULED,-60,-1.0
2026-10-07T04:16:31Z,4078X80001C3,4078X,,SCHEDULED,0,0.0
2026-10-07T04:16:31Z,4078X84004C2,4078X,,SCHEDULED,0,0.0
2026-10-07T04:16:31Z,5178X15000R15,5178X,,SCHEDULED,180,3.0
2026-10-07T04:16:31Z,5178X25400R2,5178X,,SCHEDULED,1680,28.0
2026-10-07T04:16:31Z,5178X25600R1,5178X,,SCHEDULED,0,0.0
2026-10-07T04:16:31Z,5178X28556R2N,5178X,,SCHEDULED,120,2.0
2026-10-07T04:16:31Z,5178X77980R4,5178X,,CANCELED,,
2026-10-07T04:16:31Z,5178X28265R2S,5178X,,SCHEDULED,60,1.0
2026-10-07T04:16:31Z,5178X28263R2S,5178X,,SCHEDULED,300,5.0
2026-10-07T04:16:31Z,5178X28466R2,5178X,,SCHEDULED,0,0.0
2026-10-07T04:16:31Z,5178X28500R2,5178X,,SCHEDULED,360,6.0
2026-10-07T04:16:31Z,5178X15720R11,5178X,,CANCELED,,
2026-10-07T04:16:31Z,5178X77504R4,5178X,,SCHEDULED,-60,-1.0
2026-10-07T04:16:31Z,5178X77704R4,5178X,,SCHEDULED,0,0.0
2026-10-07T04:16:31Z,5178X33521RL4,5178X,,SCHEDULED,60,1.0
2026-10-07T04:16:31Z,5178X77506R4,5178X,,SCHEDULED,0,0.0
2026-10-07T04:16:31Z,5178X28406R2N,5178X,,SCHEDULED,0,0.0
2026-10-07T04:16:31Z,5178X77400R4,5178X,,SCHEDULED,420,7.0
2026-10-07T04:16:31Z,5178X77402R4,5178X,,SCHEDULED,180,3.0
2026-10-07T04:16:31Z,5178X77706R4,5178X,,SCHEDULED,0,0.0
2026-10-07T04:16:31Z,5178X77404R4,5178X,,SCHEDULED,-60,-1.0
2026-10-07T04:16:31Z,5178X77508R4,5178X,,SCHEDULED,0,0.0
2026-10-07T04:16:31Z,5178X77801R7,5178X,,CANCELED,,
2026-10-07T04:16:31Z,5178X25706R1,5178X,,SCHEDULED,0,0.0
2026-10-07T04:16:31Z,5178X25502R2S,5178X,,SCHEDULED,0,0.0
2026-10-07T04:16:31Z,5178X15772R11,5178X,,CANCELED,,
2026-10-07T04:16:31Z,5178X77312R3,5178X,,SCHEDULED,0,0.0
2026-10-07T04:16:31Z,5178X18121R16,5178X,,SCHEDULED,120,2.0
2026-10-07T04:16:31Z,5178X77510R4,5178X,,SCHEDULED,0,0.0
2026-10-07T04:16:31Z,5178X15770R11,5178X,,CANCELED,,
2026-10-07T04:16:31Z,5178X15900R11,5178X,,CANCELED,,
2026-10-07T04:16:31Z,5178X28408R2N,5178X,,SCHEDULED,0,0.0
2026-10-07T04:16:31Z,5178X30530R15,5178X,,SCHEDULED,0,0.0
2026-10-07T04:16:31Z,5178X28468R2,5178X,,SCHEDULED,0,0.0
2026-10-07T04:16:31Z,6078X26006C2,6078X,,SCHEDULED,0,0.0
2026-10-07T04:16:31Z,6078X26105C1,6078X,,SCHEDULED,60,1.0
2026-10-07T04:16:31Z,6078X26504C3,6078X,,SCHEDULED,120,2.0
2026-10-07T04:16:31Z,6078X26502C3,6078X,,SCHEDULED,60,1.0
2026-10-07T04:16:31Z,6078X71571C4,6078X,,SCHEDULED,0,0.0
2026-10-07T04:16:31Z,6078X26503C3,6078X,,SCHEDULED,60,1.0
2026-10-07T04:16:31Z,6078X26506C3,6078X,,SCHEDULED,0,0.0
2026-10-07T04:16:31Z,6078X26505C3,6078X,,SCHEDULED,120,2.0
2026-10-07T04:16:31Z,6078X26107C1,6078X,,SCHEDULED,0,0.0
2026-10-07T04:16:31Z,6078X26602C3,6078X,,SCHEDULED,-60,-1.0
2026-10-07T04:16:31Z,6078X26005C2,6078X,,SCHEDULED,180,3.0
2026-10-07T04:16:31Z,6078X26004C2,6078X,,SCHEDULED,120,2.0
2026-10-07T04:16:31Z,6078X71503C4,6078X,,SCHEDULED,60,1.0
2026-10-07T04:16:31Z,6078X71500C4,6078X,,SCHEDULED,60,1.0
2026-10-07T04:16:31Z,6078X26104C1,6078X,,SCHEDULED,60,1.0
2026-10-07T04:16:31Z,6078X26106C1,6078X,,SCHEDULED,0,0.0
2026-10-07T04:16:31Z,6078X26007C2,6078X,,SCHEDULED,0,0.0
2026-10-07T04:16:31Z,6178X35612C1,6178X,,SCHEDULED,0,0.0
2026-10-07T04:16:31Z,6178X35688C1,6178X,,SCHEDULED,300,5.0
2026-10-07T04:16:31Z,6178X35613C1,6178X,,SCHEDULED,0,0.0
2026-10-07T04:16:31Z,6278X71353C3,6278X,,SCHEDULED,0,0.0
2026-10-07T04:16:31Z,6278X71152C2,6278X,,SCHEDULED,180,3.0
2026-10-07T04:16:31Z,6278X71151C2,6278X,,SCHEDULED,0,0.0
2026-10-07T04:16:31Z,6278X26902C1,6278X,,SCHEDULED,0,0.0
2026-10-07T04:16:31Z,6278X71104C2,6278X,,CANCELED,,
2026-10-07T04:16:31Z,6278X71201C3,6278X,,SCHEDULED,0,0.0
2026-10-07T04:16:31Z,6278X71154C2,6278X,,SCHEDULED,0,0.0
2026-10-07T04:16:31Z,6278X71301C3,6278X,,SCHEDULED,60,1.0
2026-10-07T04:16:31Z,6278X71103C2,6278X,,SCHEDULED,60,1.0
2026-10-07T04:16:31Z,4778X71091C1,4778X,,SCHEDULED,0,0.0
2026-10-07T04:16:31Z,4778X71080C1,4778X,,SCHEDULED,0,0.0
2026-10-07T04:16:31Z,2078X70502C7,2078X,,SCHEDULED,360,6.0
2026-10-07T04:16:31Z,2078X70202C4,2078X,,SCHEDULED,0,0.0
2026-10-07T04:16:31Z,2078X70400C5,2078X,,SCHEDULED,0,0.0
2026-10-07T04:16:31Z,2078X70201C4,2078X,,SCHEDULED,0,0.0
2026-10-07T04:16:31Z,2078X22000C1,2078X,,SCHEDULED,60,1.0
2026-10-07T04:16:31Z,2078X22100C1,2078X,,SCHEDULED,0,0.0
2026-10-07T04:16:31Z,2078X22001C1,2078X,,SCHEDULED,0,0.0
2026-10-07T04:16:31Z,2078X22002C1,2078X,,SCHEDULED,60,1.0
2026-10-07T04:16:31Z,2078X22200C2,2078X,,SCHEDULED,120,2.0
2026-10-07T04:16:31Z,2078X70900C8,2078X,,SCHEDULED,240,4.0
2026-10-07T04:16:31Z,2078X70803C6,2078X,,SCHEDULED,0,0.0
2026-10-07T04:16:31Z,2078X22201C2,2078X,,SCHEDULED,0,0.0
2026-10-07T04:16:31Z,2078X70902C8,2078X,,SCHEDULED,0,0.0
2026-10-07T04:16:31Z,2078X22202C2,2078X,,SCHEDULED,0,0.0
2026-10-07T04:16:31Z,2078X70506C7,2078X,,SCHEDULED,0,0.0
2026-10-07T04:16:31Z,2078X70402C5,2078X,,CANCELED,,
2026-10-07T04:16:31Z,2078X22305C3,2078X,,SCHEDULED,0,0.0
2026-10-07T04:16:31Z,2078X22004C1,2078X,,SCHEDULED,120,2.0
2026-10-07T04:16:31Z,2078X22103C1,2078X,,SCHEDULED,600,10.0
2026-10-07T04:16:31Z,2078X70501C7,2078X,,SCHEDULED,480,8.0
2026-10-07T04:16:31Z,2078X22302C3,2078X,,SCHEDULED,0,0.0
2026-10-07T04:16:31Z,2078X22105C1,2078X,,SCHEDULED,0,0.0
2026-10-07T04:16:31Z,2078X70302C4,2078X,,SCHEDULED,0,0.0
2026-10-07T04:16:31Z,2078X70401C5,2078X,,SCHEDULED,0,0.0
2026-10-07T04:16:31Z,2078X22006C1,2078X,,SCHEDULED,0,0.0
2026-10-07T04:16:31Z,2078X70754C6,2078X,,SCHEDULED,0,0.0
2026-10-07T04:16:31Z,2078X22303C3,2078X,,SCHEDULED,300,5.0
2026-10-07T04:16:31Z,2078X80851C6,2078X,,SCHEDULED,2100,35.0
2026-10-07T04:16:31Z,2078X70853C6,2078X,,SCHEDULED,0,0.0
2026-10-07T04:16:31Z,2078X70755C6,2078X,,SCHEDULED,60,1.0
2026-10-07T04:16:31Z,2078X70752C6,2078X,,SCHEDULED,60,1.0
2026-10-07T04:16:31Z,2078X70850C6,2078X,,SCHEDULED,0,0.0
2026-10-07T04:16:31Z,2078X70508C7,2078X,,SCHEDULED,0,0.0
2026-10-07T04:16:31Z,2078X70505C7,2078X,,SCHEDULED,0,0.0
2026-10-07T04:16:31Z,2078X70901C8,2078X,,SCHEDULED,0,0.0
2026-10-07T04:16:31Z,4178X84904C2,4178X,,SCHEDULED,0,0.0
2026-10-07T04:16:31Z,4178X24700C1,4178X,,SCHEDULED,120,2.0
2026-10-07T04:16:31Z,4178X24701C1,4178X,,SCHEDULED,0,0.0
2026-10-07T04:16:31Z,4178X24702C1,4178X,,SCHEDULED,0,0.0
2026-10-07T04:16:31Z,4178X84901C2,4178X,,SCHEDULED,960,16.0
2026-10-07T04:16:31Z,4178X84900C2,4178X,,SCHEDULED,660,11.0
2026-10-07T04:16:31Z,4178X24703C1,4178X,,SCHEDULED,0,0.0
2026-10-07T04:16:31Z,4578X71601C1,4578X,,SCHEDULED,360,6.0
2026-10-07T04:16:31Z,1078X20010C3,1078X,,SCHEDULED,0,0.0
2026-10-07T04:16:31Z,1078X19541C5,1078X,,SCHEDULED,0,0.0
2026-10-07T04:16:31Z,1078X21509C2,1078X,,SCHEDULED,0,0.0
2026-10-07T04:16:31Z,1078X20419C4b,1078X,,SCHEDULED,0,0.0
2026-10-07T04:16:31Z,1078X21508C2,1078X,,SCHEDULED,300,5.0
2026-10-07T04:16:31Z,1078X20417C4b,1078X,,SCHEDULED,0,0.0
2026-10-07T04:16:31Z,1078X21506C2,1078X,,SCHEDULED,240,4.0
2026-10-07T04:16:31Z,1078X21505C2,1078X,,SCHEDULED,240,4.0
2026-10-07T04:16:31Z,1078X20415C4b,1078X,,SCHEDULED,0,0.0
2026-10-07T04:16:31Z,1078X21504C2,1078X,,SCHEDULED,0,0.0
2026-10-07T04:16:31Z,1078X21503C2,1078X,,SCHEDULED,180,3.0
2026-10-07T04:16:31Z,1078X21106C10,1078X,,SCHEDULED,0,0.0
2026-10-07T04:16:31Z,1078X20413C4b,1078X,,SCHEDULED,120,2.0
2026-10-07T04:16:31Z,1078X36202C10,1078X,,SCHEDULED,0,0.0
2026-10-07T04:16:31Z,1078X21512C2,1078X,,SCHEDULED,360,6.0
2026-10-07T04:16:31Z,1078X21511C2,1078X,,SCHEDULED,0,0.0
2026-10-07T04:16:31Z,1078X20421C4b,1078X,,SCHEDULED,0,0.0
2026-10-07T04:16:31Z,1078X21510C2,1078X,,SCHEDULED,360,6.0
2026-10-07T04:16:31Z,1078X35980C2,1078X,,SCHEDULED,0,0.0
2026-10-07T04:16:31Z,1078X20706C5,1078X,,SCHEDULED,300,5.0
2026-10-07T04:16:31Z,1078X20704C5,1078X,,SCHEDULED,240,4.0
2026-10-07T04:16:31Z,1078X20703C5,1078X,,SCHEDULED,0,0.0
2026-10-07T04:16:31Z,1078X21516C2,1078X,,SCHEDULED,180,3.0
2026-10-07T04:16:31Z,1078X20702C5,1078X,,SCHEDULED,0,0.0
2026-10-07T04:16:31Z,1078X21514C2,1078X,,SCHEDULED,0,0.0
2026-10-07T04:16:31Z,1078X35981C2,1078X,,SCHEDULED,0,0.0
2026-10-07T04:16:31Z,1078X19522C5,1078X,,SCHEDULED,0,0.0
2026-10-07T04:16:31Z,1078X19521C5,1078X,,SCHEDULED,0,0.0
2026-10-07T04:16:31Z,1078X21200C10,1078X,,SCHEDULED,60,1.0
2026-10-07T04:16:31Z,1078X21605C2,1078X,,SCHEDULED,300,5.0
2026-10-07T04:16:31Z,1078X35975C2,1078X,,SCHEDULED,60,1.0
2026-10-07T04:16:31Z,1078X19809C1,1078X,,SCHEDULED,0,0.0
2026-10-07T04:16:31Z,1078X19805C1,1078X,,SCHEDULED,60,1.0
2026-10-07T04:16:31Z,1078X19804C1,1078X,,SCHEDULED,0,0.0
2026-10-07T04:16:31Z,1078X19807C1,1078X,,SCHEDULED,240,4.0
2026-10-07T04:16:31Z,1078X36305C10,1078X,,SCHEDULED,300,5.0
2026-10-07T04:16:31Z,1078X19528C5,1078X,,SCHEDULED,0,0.0
2026-10-07T04:16:31Z,1078X19802C1,1078X,,SCHEDULED,240,4.0
2026-10-07T04:16:31Z,1078X19527C5,1078X,,SCHEDULED,120,2.0
2026-10-07T04:16:31Z,1078X19533C5,1078X,,SCHEDULED,60,1.0
2026-10-07T04:16:31Z,1078X20004C3,1078X,,SCHEDULED,300,5.0
2026-10-07T04:16:31Z,1078X20003C3,1078X,,SCHEDULED,0,0.0
2026-10-07T04:16:31Z,1078X19531C5,1078X,,SCHEDULED,240,4.0
2026-10-07T04:16:31Z,1078X19530C5,1078X,,CANCELED,,
2026-10-07T04:16:31Z,1078X20409C4b,1078X,,SCHEDULED,240,4.0
2026-10-07T04:16:31Z,1078X20408C4b,1078X,,SCHEDULED,420,7.0
2026-10-07T04:16:31Z,1078X20407C4b,1078X,,SCHEDULED,60,1.0
2026-10-07T04:16:31Z,1078X20406C4b,1078X,,SCHEDULED,60,1.0
2026-10-07T04:16:31Z,1078X20009C3,1078X,,SCHEDULED,60,1.0
2026-10-07T04:16:31Z,1078X20404C4,1078X,,SCHEDULED,0,0.0
2026-10-07T04:16:31Z,1078X20008C3,1078X,,SCHEDULED,60,1.0
2026-10-07T04:16:31Z,1078X20007C3,1078X,,SCHEDULED,120,2.0
2026-10-07T04:16:31Z,1078X20402C4b,1078X,,SCHEDULED,0,0.0
2026-10-07T04:16:31Z,1078X19537C5,1078X,,SCHEDULED,120,2.0
2026-10-07T04:16:31Z,1078X19539C5,1078X,,SCHEDULED,0,0.0
2026-10-07T04:16:31Z,1078X21804C7,1078X,,SCHEDULED,180,3.0
2026-10-07T04:16:31Z,1078X20714C5,1078X,,SCHEDULED,0,0.0
2026-10-07T04:16:31Z,1078X21802C7,1078X,,SCHEDULED,300,5.0
2026-10-07T04:16:31Z,1078X20710C5,1078X,,SCHEDULED,0,0.0
2026-10-07T04:16:31Z,1078X20709C5,1078X,,SCHEDULED,0,0.0
2026-10-07T04:16:31Z,1078X20720C5,1078X,,SCHEDULED,0,0.0
2026-10-07T04:16:31Z,1078X20209C4a,1078X,,SCHEDULED,120,2.0
2026-10-07T04:16:31Z,1078X20208C4,1078X,,SCHEDULED,0,0.0
2026-10-07T04:16:31Z,1078X20603C8b,1078X,,SCHEDULED,0,0.0
2026-10-07T04:16:31Z,1078X20207C4a,1078X,,SCHEDULED,60,1.0
2026-10-07T04:16:31Z,1078X20602C8b,1078X,,SCHEDULED,0,0.0
2026-10-07T04:16:31Z,1078X20206C4,1078X,,SCHEDULED,60,1.0
2026-10-07T04:16:31Z,1078X21811C7,1078X,,SCHEDULED,0,0.0
2026-10-07T04:16:31Z,1078X20601C8b,1078X,,SCHEDULED,60,1.0
2026-10-07T04:16:31Z,1078X20214C4,1078X,,SCHEDULED,0,0.0
2026-10-07T04:16:31Z,1078X20600C8b,1078X,,SCHEDULED,60,1.0
2026-10-07T04:16:31Z,1078X20213C4a,1078X,,SCHEDULED,0,0.0
2026-10-07T04:16:31Z,1078X21807C7,1078X,,SCHEDULED,120,2.0
2026-10-07T04:16:31Z,1078X20212C4a,1078X,,SCHEDULED,120,2.0
2026-10-07T04:16:31Z,1078X35809C7,1078X,,SCHEDULED,180,3.0
2026-10-07T04:16:31Z,1078X20412C4b,1078X,,SCHEDULED,0,0.0
2026-10-07T04:16:31Z,1078X20210C4,1078X,,SCHEDULED,0,0.0
2026-10-07T04:16:31Z,1078X21501C2,1078X,,SCHEDULED,240,4.0
2026-10-07T04:16:31Z,1078X21706C2,1078X,,SCHEDULED,0,0.0
2026-10-07T04:16:31Z,1078X21104C10,1078X,,SCHEDULED,120,2.0
2026-10-07T04:16:31Z,1078X20219C4a,1078X,,SCHEDULED,0,0.0
2026-10-07T04:16:31Z,1078X21307C10,1078X,,SCHEDULED,0,0.0
2026-10-07T04:16:31Z,1078X20218C4a,1078X,,SCHEDULED,360,6.0
2026-10-07T04:16:31Z,1078X20217C4a,1078X,,SCHEDULED,0,0.0
2026-10-07T04:16:31Z,1078X20216C4a,1078X,,SCHEDULED,120,2.0
2026-10-07T04:16:31Z,1078X20411C4b,1078X,,SCHEDULED,60,1.0
2026-10-07T04:16:31Z,1078X20215C4a,1078X,,SCHEDULED,60,1.0
2026-10-07T04:16:31Z,1078X21304C10,1078X,,SCHEDULED,480,8.0
2026-10-07T04:16:31Z,1078X21500C2,1078X,,SCHEDULED,0,0.0
2026-10-07T04:16:31Z,1078X19508C5,1078X,,SCHEDULED,0,0.0
2026-10-07T04:16:31Z,1078X20410C4b,1078X,,SCHEDULED,0,0.0
2026-10-07T04:16:31Z,1078X19545C5,1078X,,SCHEDULED,0,0.0
2026-10-07T04:16:31Z,1078X19509C5,1078X,,SCHEDULED,0,0.0
2026-10-07T04:16:31Z,1078X20013C3,1078X,,SCHEDULED,0,0.0
2026-10-07T04:16:31Z,1078X20012C3,1078X,,SCHEDULED,0,0.0
2026-10-07T04:16:31Z,1078X20011C3,1078X,,SCHEDULED,0,0.0
2026-10-07T04:16:31Z,1078X21100C10,1078X,,SCHEDULED,120,2.0
2026-10-07T04:16:31Z,1078X19503C5,1078X,,SCHEDULED,60,1.0
2026-10-07T04:16:31Z,1078X19505C5,1078X,,SCHEDULED,0,0.0
2026-10-07T04:16:31Z,1078X19510C5,1078X,,SCHEDULED,60,1.0
2026-10-07T04:16:31Z,1078X19513C5,1078X,,SCHEDULED,0,0.0
2026-10-07T04:16:31Z,1078X20222C4a,1078X,,SCHEDULED,0,0.0
2026-10-07T04:16:31Z,1078X19512C5,1078X,,SCHEDULED,120,2.0
2026-10-07T04:16:31Z,1078X20220C4a,1078X,,SCHEDULED,0,0.0
2026-10-07T04:16:31Z,1078X19518C5,1078X,,SCHEDULED,60,1.0
2026-10-07T04:16:31Z,1078X19515C5,1078X,,SCHEDULED,0,0.0
2026-10-07T04:16:31Z,1078X21003C8a,1078X,,SCHEDULED,180,3.0
2026-10-07T04:16:31Z,1078X21002C8a,1078X,,SCHEDULED,0,0.0
2026-10-07T04:16:31Z,1078X21001C8a,1078X,,SCHEDULED,360,6.0
2026-10-07T04:16:31Z,1078X21000C8a,1078X,,SCHEDULED,120,2.0
2026-10-07T04:16:31Z,1078X21806C7,1078X,,SCHEDULED,0,0.0
2026-10-07T04:16:31Z,1078X20715C5,1078X,,SCHEDULED,0,0.0
2026-10-07T04:21:36Z,3078X23504C1,3078X,,SCHEDULED,360,6.0
2026-10-07T04:21:36Z,3078X23507C1,3078X,,SCHEDULED,0,0.0
2026-10-07T04:21:36Z,3078X23508C1,3078X,,SCHEDULED,0,0.0
2026-10-07T04:21:36Z,3078X23703C5,3078X,,SCHEDULED,0,0.0
2026-10-07T04:21:36Z,3078X23505C1,3078X,,SCHEDULED,300,5.0
2026-10-07T04:21:36Z,3078X23506C1,3078X,,SCHEDULED,-60,-1.0
2026-10-07T04:21:36Z,3078X23509C1,3078X,,SCHEDULED,0,0.0
2026-10-07T04:21:36Z,3078X23502C1,3078X,,SCHEDULED,300,5.0
2026-10-07T04:21:36Z,3078X23701C5,3078X,,SCHEDULED,60,1.0
2026-10-07T04:21:36Z,3078X23603C4,3078X,,SCHEDULED,0,0.0
2026-10-07T04:21:36Z,3078X23101C3,3078X,,SCHEDULED,240,4.0
2026-10-07T04:21:36Z,3078X23601C4,3078X,,SCHEDULED,300,5.0
2026-10-07T04:21:36Z,3078X23801C5,3078X,,SCHEDULED,60,1.0
2026-10-07T04:21:36Z,3178X23201C1,3178X,,SCHEDULED,0,0.0
2026-10-07T04:21:36Z,3178X23202C1,3178X,,SCHEDULED,0,0.0
2026-10-07T04:21:36Z,3178X23422T1,3178X,,SCHEDULED,0,0.0
2026-10-07T04:21:36Z,3178X23203C1,3178X,,SCHEDULED,120,2.0
2026-10-07T04:21:36Z,3178X23200C1,3178X,,SCHEDULED,0,0.0
2026-10-07T04:21:36Z,3178X23421T1,3178X,,SCHEDULED,0,0.0
2026-10-07T04:21:36Z,3278X23302C1,3278X,,SCHEDULED,120,2.0
2026-10-07T04:21:36Z,3278X23305C1,3278X,,SCHEDULED,120,2.0
2026-10-07T04:21:36Z,3278X23151C2,3278X,,SCHEDULED,180,3.0
2026-10-07T04:21:36Z,4078X24005C2,4078X,,SCHEDULED,0,0.0
2026-10-07T04:21:36Z,4078X24302C6,4078X,,SCHEDULED,0,0.0
2026-10-07T04:21:36Z,4078X24203C1,4078X,,SCHEDULED,60,1.0
2026-10-07T04:21:36Z,4078X24201C1,4078X,,SCHEDULED,180,3.0
2026-10-07T04:21:36Z,4078X24004C2,4078X,,SCHEDULED,0,0.0
2026-10-07T04:21:36Z,4078X24202C1,4078X,,SCHEDULED,0,0.0
2026-10-07T04:21:36Z,4078X24301C6,4078X,,SCHEDULED,180,3.0
2026-10-07T04:21:36Z,4078X31400C3,4078X,,SCHEDULED,180,3.0
2026-10-07T04:21:36Z,4078X24000C2,4078X,,SCHEDULED,240,4.0
2026-10-07T04:21:36Z,4078X24001C2,4078X,,SCHEDULED,240,4.0
2026-10-07T04:21:36Z,4078X24204C1,4078X,,SCHEDULED,0,0.0
2026-10-07T04:21:36Z,4078X24303C6,4078X,,SCHEDULED,0,0.0
2026-10-07T04:21:36Z,4078X24380C6,4078X,,SCHEDULED,-60,-1.0
2026-10-07T04:21:36Z,4078X84006C2,4078X,,SCHEDULED,0,0.0
2026-10-07T04:21:36Z,4078X36405C1,4078X,,SCHEDULED,0,0.0
2026-10-07T04:21:36Z,4078X24002C2,4078X,,SCHEDULED,120,2.0
2026-10-07T04:21:36Z,4078X24200C1,4078X,,SCHEDULED,-60,-1.0
2026-10-07T04:21:36Z,4078X31454C3,4078X,,SCHEDULED,60,1.0
2026-10-07T04:21:36Z,4078X80001C3,4078X,,SCHEDULED,0,0.0
2026-10-07T04:21:36Z,5178X77706R4,5178X,,CANCELED,,
2026-10-07T04:21:36Z,5178X77508R4,5178X,,SCHEDULED,0,0.0
2026-10-07T04:21:36Z,5178X15002R15,5178X,,SCHEDULED,0,0.0
2026-10-07T04:21:36Z,5178X15000R15,5178X,,SCHEDULED,360,6.0
2026-10-07T04:21:36Z,5178X25400R2,5178X,,CANCELED,,
2026-10-07T04:21:36Z,5178X25600R1,5178X,,SCHEDULED,0,0.0
2026-10-07T04:21:36Z,5178X25402R2N,5178X,,CANCELED,,
2026-10-07T04:21:36Z,5178X25604R1,5178X,,CANCELED,,
2026-10-07T04:21:36Z,5178X15720R11,5178X,,CANCELED,,
2026-10-07T04:21:36Z,5178X15772R11,5178X,,CANCELED,,
2026-10-07T04:21:36Z,5178X18121R16,5178X,,SCHEDULED,120,2.0
2026-10-07T04:21:36Z,5178X15770R11,5178X,,CANCELED,,
2026-10-07T04:21:36Z,5178X28404R2N,5178X,,CANCELED,,
2026-10-07T04:21:36Z,5178X28408R2N,5178X,,CANCELED,,
2026-10-07T04:21:36Z,5178X28406R2N,5178X,,CANCELED,,
2026-10-07T04:21:36Z,5178X77400R4,5178X,,SCHEDULED,540,9.0
2026-10-07T04:21:36Z,5178X77402R4,5178X,,SCHEDULED,60,1.0
2026-10-07T04:21:36Z,5178X77404R4,5178X,,SCHEDULED,0,0.0
2026-10-07T04:21:36Z,5178X28506R2,5178X,,CANCELED,,
2026-10-07T04:21:36Z,5178X77801R7,5178X,,CANCELED,,
2026-10-07T04:21:36Z,5178X77604R4,5178X,,CANCELED,,
2026-10-07T04:21:36Z,5178X77980R4,5178X,,CANCELED,,
2026-10-07T04:21:36Z,5178X25704R1,5178X,,CANCELED,,
2026-10-07T04:21:36Z,5178X28265R2S,5178X,,CANCELED,,
2026-10-07T04:21:36Z,5178X25706R1,5178X,,SCHEDULED,0,0.0
2026-10-07T04:21:36Z,5178X25502R2S,5178X,,CANCELED,,
2026-10-07T04:21:36Z,5178X77982R4,5178X,,CANCELED,,
2026-10-07T04:21:36Z,5178X28252R2S,5178X,,CANCELED,,
2026-10-07T04:21:36Z,5178X28263R2S,5178X,,CANCELED,,
2026-10-07T04:21:36Z,5178X28466R2,5178X,,CANCELED,,
2026-10-07T04:21:36Z,5178X28500R2,5178X,,CANCELED,,
2026-10-07T04:21:36Z,5178X77312R3,5178X,,CANCELED,,
2026-10-07T04:21:36Z,5178X77502R4,5178X,,CANCELED,,
2026-10-07T04:21:36Z,5178X77510R4,5178X,,SCHEDULED,0,0.0
2026-10-07T04:21:36Z,5178X77702R4,5178X,,CANCELED,,
2026-10-07T04:21:36Z,5178X77314R3,5178X,,CANCELED,,
2026-10-07T04:21:36Z,5178X15900R11,5178X,,CANCELED,,
2026-10-07T04:21:36Z,5178X77704R4,5178X,,CANCELED,,
2026-10-07T04:21:36Z,5178X33521RL4,5178X,,SCHEDULED,60,1.0
2026-10-07T04:21:36Z,5178X77506R4,5178X,,CANCELED,,
2026-10-07T04:21:36Z,5178X30530R15,5178X,,SCHEDULED,0,0.0
2026-10-07T04:21:36Z,5178X28468R2,5178X,,CANCELED,,
2026-10-07T04:21:36Z,6078X71571C4,6078X,,SCHEDULED,0,0.0
2026-10-07T04:21:36Z,6078X26006C2,6078X,,SCHEDULED,60,1.0
2026-10-07T04:21:36Z,6078X26105C1,6078X,,SCHEDULED,0,0.0
2026-10-07T04:21:36Z,6078X26504C3,6078X,,SCHEDULED,60,1.0
2026-10-07T04:21:36Z,6078X26506C3,6078X,,SCHEDULED,120,2.0
2026-10-07T04:21:36Z,6078X26005C2,6078X,,SCHEDULED,240,4.0
2026-10-07T04:21:36Z,6078X26004C2,6078X,,SCHEDULED,60,1.0
2026-10-07T04:21:36Z,6078X26505C3,6078X,,SCHEDULED,120,2.0
2026-10-07T04:21:36Z,6078X71505C4,6078X,,SCHEDULED,0,0.0
2026-10-07T04:21:36Z,6078X71581C5,6078X,,SCHEDULED,0,0.0
2026-10-07T04:21:36Z,6078X26107C1,6078X,,SCHEDULED,0,0.0
2026-10-07T04:21:36Z,6078X26106C1,6078X,,SCHEDULED,0,0.0
2026-10-07T04:21:36Z,6078X26602C3,6078X,,SCHEDULED,0,0.0
2026-10-07T04:21:36Z,6078X26007C2,6078X,,SCHEDULED,120,2.0
2026-10-07T04:21:36Z,6078X71503C4,6078X,,SCHEDULED,0,0.0
2026-10-07T04:21:36Z,6078X26503C3,6078X,,SCHEDULED,120,2.0
2026-10-07T04:21:36Z,6078X26507C3,6078X,,SCHEDULED,0,0.0
2026-10-07T04:21:36Z,6078X71500C4,6078X,,SCHEDULED,0,0.0
2026-10-07T04:21:36Z,6078X26104C1,6078X,,SCHEDULED,60,1.0
2026-10-07T04:21:36Z,6178X35612C1,6178X,,SCHEDULED,60,1.0
2026-10-07T04:21:36Z,6178X35688C1,6178X,,SCHEDULED,420,7.0
2026-10-07T04:21:36Z,6178X35663C1,6178X,,SCHEDULED,-60,-1.0
2026-10-07T04:21:36Z,6178X35682C1,6178X,,SCHEDULED,0,0.0
2026-10-07T04:21:36Z,6178X35613C1,6178X,,SCHEDULED,0,0.0
2026-10-07T04:21:36Z,6178X35614C1,6178X,,SCHEDULED,-180,-3.0
2026-10-07T04:21:36Z,6278X71154C2,6278X,,SCHEDULED,0,0.0
2026-10-07T04:21:36Z,6278X71353C3,6278X,,SCHEDULED,0,0.0
2026-10-07T04:21:36Z,6278X71152C2,6278X,,SCHEDULED,180,3.0
2026-10-07T04:21:36Z,6278X26902C1,6278X,,SCHEDULED,0,0.0
2026-10-07T04:21:36Z,6278X26901C1,6278X,,SCHEDULED,0,0.0
2026-10-07T04:21:36Z,6278X71351C3,6278X,,SCHEDULED,0,0.0
2026-10-07T04:21:36Z,6278X71151C2,6278X,,SCHEDULED,0,0.0
2026-10-07T04:21:36Z,6278X71103C2,6278X,,SCHEDULED,0,0.0
2026-10-07T04:21:36Z,6278X71104C2,6278X,,CANCELED,,
2026-10-07T04:21:36Z,6278X71201C3,6278X,,SCHEDULED,60,1.0
2026-10-07T04:21:36Z,6278X26903C1,6278X,,SCHEDULED,0,0.0
2026-10-07T04:21:36Z,6278X71105C2,6278X,,CANCELED,,
2026-10-07T04:21:36Z,6278X71301C3,6278X,,SCHEDULED,60,1.0
2026-10-07T04:21:36Z,4678X70150C1,4678X,,SCHEDULED,0,0.0
2026-10-07T04:21:36Z,4778X71091C1,4778X,,SCHEDULED,0,0.0
2026-10-07T04:21:36Z,4778X71080C1,4778X,,SCHEDULED,0,0.0
2026-10-07T04:21:36Z,2078X22000C1,2078X,,SCHEDULED,60,1.0
2026-10-07T04:21:36Z,2078X22100C1,2078X,,SCHEDULED,0,0.0
2026-10-07T04:21:36Z,2078X22001C1,2078X,,SCHEDULED,0,0.0
2026-10-07T04:21:36Z,2078X70901C8,2078X,,SCHEDULED,0,0.0
2026-10-07T04:21:36Z,2078X70801C6,2078X,,SCHEDULED,180,3.0
2026-10-07T04:21:36Z,2078X22002C1,2078X,,SCHEDULED,0,0.0
2026-10-07T04:21:36Z,2078X70900C8,2078X,,SCHEDULED,420,7.0
2026-10-07T04:21:36Z,2078X22200C2,2078X,,SCHEDULED,240,4.0
2026-10-07T04:21:36Z,2078X70803C6,2078X,,SCHEDULED,0,0.0
2026-10-07T04:21:36Z,2078X22204C2,2078X,,SCHEDULED,0,0.0
2026-10-07T04:21:36Z,2078X70902C8,2078X,,SCHEDULED,0,0.0
2026-10-07T04:21:36Z,2078X22105C1,2078X,,SCHEDULED,0,0.0
2026-10-07T04:21:36Z,2078X22006C1,2078X,,SCHEDULED,0,0.0
2026-10-07T04:21:36Z,2078X70506C7,2078X,,SCHEDULED,60,1.0
2026-10-07T04:21:36Z,2078X22303C3,2078X,,SCHEDULED,420,7.0
2026-10-07T04:21:36Z,2078X80851C6,2078X,,SCHEDULED,2400,40.0
2026-10-07T04:21:36Z,2078X22201C2,2078X,,SCHEDULED,0,0.0
2026-10-07T04:21:36Z,2078X70501C7,2078X,,SCHEDULED,1920,32.0
2026-10-07T04:21:36Z,2078X22202C2,2078X,,SCHEDULED,180,3.0
2026-10-07T04:21:36Z,2078X70402C5,2078X,,CANCELED,,
2026-10-07T04:21:36Z,2078X22305C3,2078X,,SCHEDULED,240,4.0
2026-10-07T04:21:36Z,2078X22004C1,2078X,,SCHEDULED,60,1.0
2026-10-07T04:21:36Z,2078X22103C1,2078X,,SCHEDULED,420,7.0
2026-10-07T04:21:36Z,2078X70302C4,2078X,,SCHEDULED,120,2.0
2026-10-07T04:21:36Z,2078X22302C3,2078X,,SCHEDULED,0,0.0
2026-10-07T04:21:36Z,2078X70401C5,2078X,,SCHEDULED,0,0.0
2026-10-07T04:21:36Z,2078X70754C6,2078X,,SCHEDULED,0,0.0
2026-10-07T04:21:36Z,2078X70502C7,2078X,,SCHEDULED,660,11.0
2026-10-07T04:21:36Z,2078X70202C4,2078X,,SCHEDULED,0,0.0
2026-10-07T04:21:36Z,2078X70400C5,2078X,,SCHEDULED,60,1.0
2026-10-07T04:21:36Z,2078X70853C6,2078X,,SCHEDULED,240,4.0
2026-10-07T04:21:36Z,2078X70201C4,2078X,,SCHEDULED,240,4.0
2026-10-07T04:21:36Z,2078X70756C6,2078X,,SCHEDULED,0,0.0
2026-10-07T04:21:36Z,2078X70755C6,2078X,,SCHEDULED,420,7.0
2026-10-07T04:21:36Z,2078X70235C4,2078X,,SCHEDULED,-5820,-97.0
2026-10-07T04:21:36Z,2078X70752C6,2078X,,SCHEDULED,120,2.0
2026-10-07T04:21:36Z,2078X70850C6,2078X,,SCHEDULED,0,0.0
2026-10-07T04:21:36Z,2078X70508C7,2078X,,SCHEDULED,240,4.0
2026-10-07T04:21:36Z,2078X70505C7,2078X,,SCHEDULED,0,0.0
2026-10-07T04:21:36Z,4178X84904C2,4178X,,SCHEDULED,0,0.0
2026-10-07T04:21:36Z,4178X24700C1,4178X,,SCHEDULED,60,1.0
2026-10-07T04:21:36Z,4178X24701C1,4178X,,SCHEDULED,120,2.0
2026-10-07T04:21:36Z,4178X24702C1,4178X,,SCHEDULED,0,0.0
2026-10-07T04:21:36Z,4178X84901C2,4178X,,SCHEDULED,1260,21.0
2026-10-07T04:21:36Z,4178X84900C2,4178X,,SCHEDULED,960,16.0
2026-10-07T04:21:36Z,4178X24703C1,4178X,,SCHEDULED,0,0.0
2026-10-07T04:21:36Z,4578X71601C1,4578X,,SCHEDULED,660,11.0
2026-10-07T04:21:36Z,1078X21100C10,1078X,,SCHEDULED,60,1.0
2026-10-07T04:21:36Z,1078X20010C3,1078X,,SCHEDULED,120,2.0
2026-10-07T04:21:36Z,1078X19541C5,1078X,,SCHEDULED,0,0.0
2026-10-07T04:21:36Z,1078X21509C2,1078X,,SCHEDULED,0,0.0
2026-10-07T04:21:36Z,1078X20419C4b,1078X,,SCHEDULED,0,0.0
2026-10-07T04:21:36Z,1078X21508C2,1078X,,SCHEDULED,420,7.0
2026-10-07T04:21:36Z,1078X20417C4b,1078X,,SCHEDULED,0,0.0
2026-10-07T04:21:36Z,1078X21506C2,1078X,,SCHEDULED,60,1.0
2026-10-07T04:21:36Z,1078X21505C2,1078X,,SCHEDULED,60,1.0
2026-10-07T04:21:36Z,1078X20415C4b,1078X,,SCHEDULED,180,3.0
2026-10-07T04:21:36Z,1078X21504C2,1078X,,SCHEDULED,0,0.0
2026-10-07T04:21:36Z,1078X21503C2,1078X,,SCHEDULED,300,5.0
2026-10-07T04:21:36Z,1078X21106C10,1078X,,SCHEDULED,0,0.0
2026-10-07T04:21:36Z,1078X36202C10,1078X,,SCHEDULED,0,0.0
2026-10-07T04:21:36Z,1078X21512C2,1078X,,SCHEDULED,180,3.0
2026-10-07T04:21:36Z,1078X21511C2,1078X,,SCHEDULED,0,0.0
2026-10-07T04:21:36Z,1078X20421C4b,1078X,,SCHEDULED,0,0.0
2026-10-07T04:21:36Z,1078X21510C2,1078X,,SCHEDULED,720,12.0
2026-10-07T04:21:36Z,1078X19551C5,1078X,,SCHEDULED,0,0.0
2026-10-07T04:21:36Z,1078X35980C2,1078X,,SCHEDULED,0,0.0
2026-10-07T04:21:36Z,1078X20706C5,1078X,,SCHEDULED,360,6.0
2026-10-07T04:21:36Z,1078X20704C5,1078X,,SCHEDULED,60,1.0
2026-10-07T04:21:36Z,1078X20703C5,1078X,,SCHEDULED,0,0.0
2026-10-07T04:21:36Z,1078X21516C2,1078X,,SCHEDULED,180,3.0
2026-10-07T04:21:36Z,1078X20702C5,1078X,,SCHEDULED,60,1.0
2026-10-07T04:21:36Z,1078X21514C2,1078X,,SCHEDULED,0,0.0
2026-10-07T04:21:36Z,1078X35981C2,1078X,,SCHEDULED,180,3.0
2026-10-07T04:21:36Z,1078X19522C5,1078X,,SCHEDULED,0,0.0
2026-10-07T04:21:36Z,1078X19533C5,1078X,,SCHEDULED,60,1.0
2026-10-07T04:21:36Z,1078X20005C3,1078X,,SCHEDULED,0,0.0
2026-10-07T04:21:36Z,1078X20004C3,1078X,,SCHEDULED,300,5.0
2026-10-07T04:21:36Z,1078X19531C5,1078X,,SCHEDULED,0,0.0
2026-10-07T04:21:36Z,1078X19530C5,1078X,,CANCELED,,
2026-10-07T04:21:36Z,1078X20408C4b,1078X,,SCHEDULED,180,3.0
2026-10-07T04:21:36Z,1078X20407C4b,1078X,,SCHEDULED,120,2.0
2026-10-07T04:21:36Z,1078X20406C4b,1078X,,SCHEDULED,120,2.0
2026-10-07T04:21:36Z,1078X20009C3,1078X,,SCHEDULED,360,6.0
2026-10-07T04:21:36Z,1078X20404C4,1078X,,SCHEDULED,0,0.0
2026-10-07T04:21:36Z,1078X20008C3,1078X,,SCHEDULED,60,1.0
2026-10-07T04:21:36Z,1078X20007C3,1078X,,SCHEDULED,300,5.0
2026-10-07T04:21:36Z,1078X20006C3,1078X,,SCHEDULED,180,3.0
2026-10-07T04:21:36Z,1078X20402C4b,1078X,,SCHEDULED,60,1.0
2026-10-07T04:21:36Z,1078X19537C5,1078X,,SCHEDULED,0,0.0
2026-10-07T04:21:36Z,1078X19539C5,1078X,,SCHEDULED,0,0.0
2026-10-07T04:21:36Z,1078X19521C5,1078X,,SCHEDULED,0,0.0
2026-10-07T04:21:36Z,1078X21200C10,1078X,,SCHEDULED,60,1.0
2026-10-07T04:21:36Z,1078X21605C2,1078X,,SCHEDULED,60,1.0
2026-10-07T04:21:36Z,1078X21603C2,1078X,,SCHEDULED,60,1.0
2026-10-07T04:21:36Z,1078X35975C2,1078X,,SCHEDULED,0,0.0
2026-10-07T04:21:36Z,1078X19809C1,1078X,,SCHEDULED,0,0.0
2026-10-07T04:21:36Z,1078X19805C1,1078X,,SCHEDULED,60,1.0
2026-10-07T04:21:36Z,1078X19804C1,1078X,,SCHEDULED,0,0.0
2026-10-07T04:21:36Z,1078X19807C1,1078X,,SCHEDULED,540,9.0
2026-10-07T04:21:36Z,1078X19806C1,1078X,,SCHEDULED,0,0.0
2026-10-07T04:21:36Z,1078X36305C10,1078X,,SCHEDULED,480,8.0
2026-10-07T04:21:36Z,1078X19528C5,1078X,,SCHEDULED,0,0.0
2026-10-07T04:21:36Z,1078X19802C1,1078X,,SCHEDULED,600,10.0
2026-10-07T04:21:36Z,1078X19527C5,1078X,,SCHEDULED,60,1.0
2026-10-07T04:21:36Z,1078X20715C5,1078X,,SCHEDULED,0,0.0
2026-10-07T04:21:36Z,1078X21804C7,1078X,,SCHEDULED,60,1.0
2026-10-07T04:21:36Z,1078X20714C5,1078X,,SCHEDULED,0,0.0
2026-10-07T04:21:36Z,1078X21802C7,1078X,,SCHEDULED,600,10.0
2026-10-07T04:21:36Z,1078X21800C7,1078X,,SCHEDULED,240,4.0
2026-10-07T04:21:36Z,1078X20710C5,1078X,,SCHEDULED,240,4.0
2026-10-07T04:21:36Z,1078X20709C5,1078X,,SCHEDULED,0,0.0
2026-10-07T04:21:36Z,1078X20720C5,1078X,,SCHEDULED,0,0.0
2026-10-07T04:21:36Z,1078X20726C5,1078X,,SCHEDULED,0,0.0
2026-10-07T04:21:36Z,1078X20209C4a,1078X,,SCHEDULED,180,3.0
2026-10-07T04:21:36Z,1078X20208C4,1078X,,SCHEDULED,120,2.0
2026-10-07T04:21:36Z,1078X20603C8b,1078X,,SCHEDULED,0,0.0
2026-10-07T04:21:36Z,1078X20207C4a,1078X,,SCHEDULED,240,4.0
2026-10-07T04:21:36Z,1078X20602C8b,1078X,,SCHEDULED,0,0.0
2026-10-07T04:21:36Z,1078X21811C7,1078X,,SCHEDULED,0,0.0
2026-10-07T04:21:36Z,1078X20601C8b,1078X,,SCHEDULED,60,1.0
2026-10-07T04:21:36Z,1078X20600C8b,1078X,,SCHEDULED,180,3.0
2026-10-07T04:21:36Z,1078X20719C5,1078X,,SCHEDULED,480,8.0
2026-10-07T04:21:36Z,1078X21807C7,1078X,,SCHEDULED,120,2.0
2026-10-07T04:21:36Z,1078X35809C7,1078X,,SCHEDULED,240,4.0
2026-10-07T04:21:36Z,1078X20412C4b,1078X,,SCHEDULED,0,0.0
2026-10-07T04:21:36Z,1078X21501C2,1078X,,SCHEDULED,120,2.0
2026-10-07T04:21:36Z,1078X20015C3,1078X,,SCHEDULED,0,0.0
2026-10-07T04:21:36Z,1078X21104C10,1078X,,SCHEDULED,120,2.0
2026-10-07T04:21:36Z,1078X20411C4b,1078X,,SCHEDULED,60,1.0
2026-10-07T04:21:36Z,1078X20410C4b,1078X,,SCHEDULED,0,0.0
2026-10-07T04:21:36Z,1078X19545C5,1078X,,SCHEDULED,0,0.0
2026-10-07T04:21:36Z,1078X20214C4,1078X,,SCHEDULED,0,0.0
2026-10-07T04:21:36Z,1078X20013C3,1078X,,SCHEDULED,0,0.0
2026-10-07T04:21:36Z,1078X20012C3,1078X,,SCHEDULED,0,0.0
2026-10-07T04:21:36Z,1078X20011C3,1078X,,SCHEDULED,0,0.0
2026-10-07T04:21:36Z,1078X20213C4a,1078X,,SCHEDULED,0,0.0
2026-10-07T04:21:36Z,1078X20211C4a,1078X,,SCHEDULED,120,2.0
2026-10-07T04:21:36Z,1078X20210C4,1078X,,SCHEDULED,60,1.0
2026-10-07T04:21:36Z,1078X21706C2,1078X,,SCHEDULED,0,0.0
2026-10-07T04:21:36Z,1078X20219C4a,1078X,,SCHEDULED,0,0.0
2026-10-07T04:21:36Z,1078X21307C10,1078X,,SCHEDULED,300,5.0
2026-10-07T04:21:36Z,1078X20218C4a,1078X,,SCHEDULED,60,1.0
2026-10-07T04:21:36Z,1078X21306C10,1078X,,SCHEDULED,0,0.0
2026-10-07T04:21:36Z,1078X20217C4a,1078X,,SCHEDULED,180,3.0
2026-10-07T04:21:36Z,1078X20216C4a,1078X,,SCHEDULED,120,2.0
2026-10-07T04:21:36Z,1078X20215C4a,1078X,,SCHEDULED,60,1.0
2026-10-07T04:21:36Z,1078X21304C10,1078X,,SCHEDULED,0,0.0
2026-10-07T04:21:36Z,1078X19508C5,1078X,,SCHEDULED,0,0.0
2026-10-07T04:21:36Z,1078X19509C5,1078X,,SCHEDULED,0,0.0
2026-10-07T04:21:36Z,1078X19510C5,1078X,,SCHEDULED,60,1.0
2026-10-07T04:21:36Z,1078X19513C5,1078X,,SCHEDULED,60,1.0
2026-10-07T04:21:36Z,1078X20222C4a,1078X,,SCHEDULED,0,0.0
2026-10-07T04:21:36Z,1078X19512C5,1078X,,SCHEDULED,300,5.0
2026-10-07T04:21:36Z,1078X20221C4a,1078X,,SCHEDULED,0,0.0
2026-10-07T04:21:36Z,1078X20220C4a,1078X,,SCHEDULED,0,0.0
2026-10-07T04:21:36Z,1078X19518C5,1078X,,SCHEDULED,360,6.0
2026-10-07T04:21:36Z,1078X19515C5,1078X,,SCHEDULED,0,0.0
2026-10-07T04:21:36Z,1078X21004C8a,1078X,,SCHEDULED,0,0.0
2026-10-07T04:21:36Z,1078X21003C8a,1078X,,SCHEDULED,180,3.0
2026-10-07T04:21:36Z,1078X21002C8a,1078X,,SCHEDULED,0,0.0
2026-10-07T04:21:36Z,1078X21001C8a,1078X,,SCHEDULED,0,0.0
2026-10-07T04:21:36Z,1078X21000C8a,1078X,,SCHEDULED,300,5.0
2026-10-07T04:21:36Z,1078X21806C7,1078X,,SCHEDULED,0,0.0
2026-10-07T04:26:22Z,3078X23507C1,3078X,,SCHEDULED,0,0.0
2026-10-07T04:26:22Z,3078X23508C1,3078X,,SCHEDULED,0,0.0
2026-10-07T04:26:22Z,3078X23703C5,3078X,,SCHEDULED,0,0.0
2026-10-07T04:26:22Z,3078X23505C1,3078X,,SCHEDULED,240,4.0
2026-10-07T04:26:22Z,3078X23506C1,3078X,,SCHEDULED,-60,-1.0
2026-10-07T04:26:22Z,3078X23603C4,3078X,,SCHEDULED,1740,29.0
2026-10-07T04:26:22Z,3078X23801C5,3078X,,SCHEDULED,180,3.0
2026-10-07T04:26:22Z,3078X23504C1,3078X,,SCHEDULED,480,8.0
2026-10-07T04:26:22Z,3078X23102C3,3078X,,SCHEDULED,0,0.0
2026-10-07T04:26:22Z,3078X23502C1,3078X,,SCHEDULED,480,8.0
2026-10-07T04:26:22Z,3078X23701C5,3078X,,SCHEDULED,-240,-4.0
2026-10-07T04:26:22Z,3178X23421T1,3178X,,SCHEDULED,0,0.0
2026-10-07T04:26:22Z,3178X23201C1,3178X,,SCHEDULED,0,0.0
2026-10-07T04:26:22Z,3178X23422T1,3178X,,SCHEDULED,0,0.0
2026-10-07T04:26:22Z,3178X23200C1,3178X,,SCHEDULED,0,0.0
2026-10-07T04:26:22Z,3278X23302C1,3278X,,SCHEDULED,-60,-1.0
2026-10-07T04:26:22Z,3278X23305C1,3278X,,SCHEDULED,60,1.0
2026-10-07T04:26:22Z,3278X23150C2,3278X,,SCHEDULED,0,0.0
2026-10-07T04:26:22Z,4078X24004C2,4078X,,SCHEDULED,60,1.0
2026-10-07T04:26:22Z,4078X24202C1,4078X,,SCHEDULED,120,2.0
2026-10-07T04:26:22Z,4078X24301C6,4078X,,SCHEDULED,180,3.0
2026-10-07T04:26:22Z,4078X24005C2,4078X,,SCHEDULED,0,0.0
2026-10-07T04:26:22Z,4078X24302C6,4078X,,SCHEDULED,0,0.0
2026-10-07T04:26:22Z,4078X24203C1,4078X,,SCHEDULED,-60,-1.0
2026-10-07T04:26:22Z,4078X24204C1,4078X,,SCHEDULED,0,0.0
2026-10-07T04:26:22Z,4078X24304C6,4078X,,SCHEDULED,0,0.0
2026-10-07T04:26:22Z,4078X24380C6,4078X,,SCHEDULED,-60,-1.0
2026-10-07T04:26:22Z,4078X36405C1,4078X,,SCHEDULED,0,0.0
2026-10-07T04:26:22Z,4078X24002C2,4078X,,SCHEDULED,60,1.0
2026-10-07T04:26:22Z,4078X24003C2,4078X,,SCHEDULED,-60,-1.0
2026-10-07T04:26:22Z,4078X24381C6,4078X,,SCHEDULED,120,2.0
2026-10-07T04:26:22Z,4078X31400C3,4078X,,SCHEDULED,120,2.0
2026-10-07T04:26:22Z,4078X24000C2,4078X,,SCHEDULED,420,7.0
2026-10-07T04:26:22Z,4078X24001C2,4078X,,SCHEDULED,300,5.0
2026-10-07T04:26:22Z,4078X24300C6,4078X,,SCHEDULED,0,0.0
2026-10-07T04:26:22Z,4078X24201C1,4078X,,SCHEDULED,60,1.0
2026-10-07T04:26:22Z,4078X31454C3,4078X,,SCHEDULED,-180,-3.0
2026-10-07T04:26:22Z,4078X84006C2,4078X,,SCHEDULED,0,0.0
2026-10-07T04:26:22Z,5178X77508R4,5178X,,SCHEDULED,0,0.0
2026-10-07T04:26:22Z,5178X25605R1,5178X,,CANCELED,,
2026-10-07T04:26:22Z,5178X28506R2,5178X,,CANCELED,,
2026-10-07T04:26:22Z,5178X77980R4,5178X,,CANCELED,,
2026-10-07T04:26:22Z,5178X15002R15,5178X,,SCHEDULED,60,1.0
2026-10-07T04:26:22Z,5178X15000R15,5178X,,SCHEDULED,480,8.0
2026-10-07T04:26:22Z,5178X28265R2S,5178X,,CANCELED,,
2026-10-07T04:26:22Z,5178X77982R4,5178X,,CANCELED,,
2026-10-07T04:26:22Z,5178X25400R2,5178X,,CANCELED,,
2026-10-07T04:26:22Z,5178X25600R1,5178X,,CANCELED,,
2026-10-07T04:26:22Z,5178X28263R2S,5178X,,CANCELED,,
2026-10-07T04:26:22Z,5178X28466R2,5178X,,CANCELED,,
2026-10-07T04:26:22Z,5178X28500R2,5178X,,CANCELED,,
2026-10-07T04:26:22Z,5178X25402R2N,5178X,,CANCELED,,
2026-10-07T04:26:22Z,5178X25404R2N,5178X,,CANCELED,,
2026-10-07T04:26:22Z,5178X25604R1,5178X,,CANCELED,,
2026-10-07T04:26:22Z,5178X15720R11,5178X,,CANCELED,,
2026-10-07T04:26:22Z,5178X77702R4,5178X,,CANCELED,,
2026-10-07T04:26:22Z,5178X77504R4,5178X,,CANCELED,,
2026-10-07T04:26:22Z,5178X15850R11,5178X,,CANCELED,,
2026-10-07T04:26:22Z,5178X77704R4,5178X,,CANCELED,,
2026-10-07T04:26:22Z,5178X33521RL4,5178X,,SCHEDULED,120,2.0
2026-10-07T04:26:22Z,5178X77506R4,5178X,,CANCELED,,
2026-10-07T04:26:22Z,5178X28406R2N,5178X,,CANCELED,,
2026-10-07T04:26:22Z,5178X77400R4,5178X,,CANCELED,,
2026-10-07T04:26:22Z,5178X77402R4,5178X,,CANCELED,,
2026-10-07T04:26:22Z,5178X77404R4,5178X,,CANCELED,,
2026-10-07T04:26:22Z,5178X77602R4,5178X,,CANCELED,,
2026-10-07T04:26:22Z,5178X77706R4,5178X,,CANCELED,,
2026-10-07T04:26:22Z,5178X77801R7,5178X,,CANCELED,,
2026-10-07T04:26:22Z,5178X77604R4,5178X,,CANCELED,,
2026-10-07T04:26:22Z,5178X25704R1,5178X,,CANCELED,,
2026-10-07T04:26:22Z,5178X15772R11,5178X,,CANCELED,,
2026-10-07T04:26:22Z,5178X25706R1,5178X,,CANCELED,,
2026-10-07T04:26:22Z,5178X18121R16,5178X,,SCHEDULED,120,2.0
2026-10-07T04:26:22Z,5178X25700R1,5178X,,CANCELED,,
2026-10-07T04:26:22Z,5178X25502R2S,5178X,,CANCELED,,
2026-10-07T04:26:22Z,5178X15770R11,5178X,,CANCELED,,
2026-10-07T04:26:22Z,5178X28252R2S,5178X,,CANCELED,,
2026-10-07T04:26:22Z,5178X28404R2N,5178X,,CANCELED,,
2026-10-07T04:26:22Z,5178X28408R2N,5178X,,CANCELED,,
2026-10-07T04:26:22Z,5178X25612R1,5178X,,CANCELED,,
2026-10-07T04:26:22Z,5178X77312R3,5178X,,CANCELED,,
2026-10-07T04:26:22Z,5178X77510R4,5178X,,SCHEDULED,0,0.0
2026-10-07T04:26:22Z,5178X77314R3,5178X,,CANCELED,,
2026-10-07T04:26:22Z,5178X33520RL4,5178X,,SCHEDULED,420,7.0
2026-10-07T04:26:22Z,5178X15900R11,5178X,,CANCELED,,
2026-10-07T04:26:22Z,5178X30530R15,5178X,,SCHEDULED,0,0.0
2026-10-07T04:26:22Z,5178X28468R2,5178X,,CANCELED,,
2026-10-07T04:26:22Z,6078X26105C1,6078X,,SCHEDULED,-60,-1.0
2026-10-07T04:26:22Z,6078X26009C2,6078X,,SCHEDULED,0,0.0
2026-10-07T04:26:22Z,6078X26504C3,6078X,,SCHEDULED,120,2.0
2026-10-07T04:26:22Z,6078X26008C2,6078X,,SCHEDULED,0,0.0
2026-10-07T04:26:22Z,6078X26107C1,6078X,,SCHEDULED,0,0.0
2026-10-07T04:26:22Z,6078X26602C3,6078X,,SCHEDULED,-60,-1.0
2026-10-07T04:26:22Z,6078X26503C3,6078X,,SCHEDULED,180,3.0
2026-10-07T04:26:22Z,6078X26506C3,6078X,,SCHEDULED,-60,-1.0
2026-10-07T04:26:22Z,6078X26505C3,6078X,,SCHEDULED,0,0.0
2026-10-07T04:26:22Z,6078X71505C4,6078X,,SCHEDULED,0,0.0
2026-10-07T04:26:22Z,6078X26005C2,6078X,,SCHEDULED,300,5.0
2026-10-07T04:26:22Z,6078X26004C2,6078X,,SCHEDULED,60,1.0
2026-10-07T04:26:22Z,6078X71581C5,6078X,,SCHEDULED,0,0.0
2026-10-07T04:26:22Z,6078X26106C1,6078X,,SCHEDULED,180,3.0
2026-10-07T04:26:22Z,6078X26007C2,6078X,,SCHEDULED,240,4.0
2026-10-07T04:26:22Z,6078X26601C3,6078X,,SCHEDULED,-120,-2.0
2026-10-07T04:26:22Z,6078X26508C3,6078X,,SCHEDULED,0,0.0
2026-10-07T04:26:22Z,6078X71503C4,6078X,,SCHEDULED,0,0.0
2026-10-07T04:26:22Z,6078X26507C3,6078X,,SCHEDULED,0,0.0
2026-10-07T04:26:22Z,6078X71501C4,6078X,,SCHEDULED,60,1.0
2026-10-07T04:26:22Z,6078X71502C4,6078X,,SCHEDULED,0,0.0
2026-10-07T04:26:22Z,6078X71500C4,6078X,,SCHEDULED,-60,-1.0
2026-10-07T04:26:22Z,6178X35612C1,6178X,,SCHEDULED,-60,-1.0
2026-10-07T04:26:22Z,6178X35688C1,6178X,,SCHEDULED,300,5.0
2026-10-07T04:26:22Z,6178X35682C1,6178X,,SCHEDULED,0,0.0
2026-10-07T04:26:22Z,6278X71154C2,6278X,,SCHEDULED,0,0.0
2026-10-07T04:26:22Z,6278X71353C3,6278X,,SCHEDULED,0,0.0
2026-10-07T04:26:22Z,6278X71152C2,6278X,,SCHEDULED,120,2.0
2026-10-07T04:26:22Z,6278X26902C1,6278X,,SCHEDULED,0,0.0
2026-10-07T04:26:22Z,6278X26901C1,6278X,,SCHEDULED,0,0.0
2026-10-07T04:26:22Z,6278X71351C3,6278X,,SCHEDULED,0,0.0
2026-10-07T04:26:22Z,6278X71151C2,6278X,,SCHEDULED,60,1.0
2026-10-07T04:26:22Z,6278X71103C2,6278X,,SCHEDULED,-60,-1.0
2026-10-07T04:26:22Z,6278X71104C2,6278X,,CANCELED,,
2026-10-07T04:26:22Z,6278X71201C3,6278X,,SCHEDULED,120,2.0
2026-10-07T04:26:22Z,6278X26903C1,6278X,,SCHEDULED,0,0.0
2026-10-07T04:26:22Z,6278X71105C2,6278X,,CANCELED,,
2026-10-07T04:26:22Z,6278X71301C3,6278X,,SCHEDULED,60,1.0
2026-10-07T04:26:22Z,4678X70150C1,4678X,,SCHEDULED,0,0.0
2026-10-07T04:26:22Z,4778X71091C1,4778X,,SCHEDULED,0,0.0
2026-10-07T04:26:22Z,4778X71080C1,4778X,,SCHEDULED,0,0.0
2026-10-07T04:26:22Z,2078X70202C4,2078X,,SCHEDULED,0,0.0
2026-10-07T04:26:22Z,2078X70400C5,2078X,,SCHEDULED,0,0.0
2026-10-07T04:26:22Z,2078X70201C4,2078X,,SCHEDULED,60,1.0
2026-10-07T04:26:22Z,2078X22000C1,2078X,,SCHEDULED,0,0.0
2026-10-07T04:26:22Z,2078X22100C1,2078X,,SCHEDULED,0,0.0
2026-10-07T04:26:22Z,2078X22001C1,2078X,,SCHEDULED,0,0.0
2026-10-07T04:26:22Z,2078X70401C5,2078X,,SCHEDULED,240,4.0
2026-10-07T04:26:22Z,2078X22307C3,2078X,,SCHEDULED,0,0.0
2026-10-07T04:26:22Z,2078X70503C7,2078X,,SCHEDULED,0,0.0
2026-10-07T04:26:22Z,2078X70800C6,2078X,,SCHEDULED,0,0.0
2026-10-07T04:26:22Z,2078X70502C7,2078X,,SCHEDULED,960,16.0
2026-10-07T04:26:22Z,2078X22302C3,2078X,,SCHEDULED,0,0.0
2026-10-07T04:26:22Z,2078X22204C2,2078X,,SCHEDULED,0,0.0
2026-10-07T04:26:22Z,2078X22105C1,2078X,,SCHEDULED,0,0.0
2026-10-07T04:26:22Z,2078X22006C1,2078X,,SCHEDULED,0,0.0
2026-10-07T04:26:22Z,2078X22303C3,2078X,,SCHEDULED,300,5.0
2026-10-07T04:26:22Z,2078X80851C6,2078X,,SCHEDULED,2700,45.0
2026-10-07T04:26:22Z,2078X22002C1,2078X,,SCHEDULED,0,0.0
2026-10-07T04:26:22Z,2078X22200C2,2078X,,SCHEDULED,240,4.0
2026-10-07T04:26:22Z,2078X22201C2,2078X,,SCHEDULED,0,0.0
2026-10-07T04:26:22Z,2078X22202C2,2078X,,SCHEDULED,0,0.0
2026-10-07T04:26:22Z,2078X70901C8,2078X,,SCHEDULED,0,0.0
2026-10-07T04:26:22Z,2078X22004C1,2078X,,SCHEDULED,180,3.0
2026-10-07T04:26:22Z,2078X70801C6,2078X,,SCHEDULED,60,1.0
2026-10-07T04:26:22Z,2078X70754C6,2078X,,SCHEDULED,0,0.0
2026-10-07T04:26:22Z,2078X70900C8,2078X,,SCHEDULED,480,8.0
2026-10-07T04:26:22Z,2078X70853C6,2078X,,SCHEDULED,120,2.0
2026-10-07T04:26:22Z,2078X70803C6,2078X,,SCHEDULED,0,0.0
2026-10-07T04:26:22Z,2078X70756C6,2078X,,SCHEDULED,0,0.0
2026-10-07T04:26:22Z,2078X70235C4,2078X,,SCHEDULED,-5580,-93.0
2026-10-07T04:26:22Z,2078X70902C8,2078X,,SCHEDULED,0,0.0
2026-10-07T04:26:22Z,2078X70752C6,2078X,,SCHEDULED,60,1.0
2026-10-07T04:26:22Z,2078X70506C7,2078X,,SCHEDULED,180,3.0
2026-10-07T04:26:22Z,2078X70850C6,2078X,,SCHEDULED,0,0.0
2026-10-07T04:26:22Z,2078X70501C7,2078X,,SCHEDULED,2220,37.0
2026-10-07T04:26:22Z,2078X70402C5,2078X,,CANCELED,,
2026-10-07T04:26:22Z,2078X22305C3,2078X,,SCHEDULED,480,8.0
2026-10-07T04:26:22Z,2078X70203C4,2078X,,SCHEDULED,0,0.0
2026-10-07T04:26:22Z,2078X70251C4,2078X,,SCHEDULED,0,0.0
2026-10-07T04:26:22Z,2078X70302C4,2078X,,SCHEDULED,180,3.0
2026-10-07T04:26:22Z,2078X70250C4,2078X,,SCHEDULED,0,0.0
2026-10-07T04:26:22Z,2078X70508C7,2078X,,SCHEDULED,420,7.0
2026-10-07T04:26:22Z,2078X70505C7,2078X,,SCHEDULED,0,0.0
2026-10-07T04:26:22Z,4178X84904C2,4178X,,SCHEDULED,0,0.0
2026-10-07T04:26:22Z,4178X24700C1,4178X,,SCHEDULED,180,3.0
2026-10-07T04:26:22Z,4178X24701C1,4178X,,SCHEDULED,60,1.0
2026-10-07T04:26:22Z,4178X24702C1,4178X,,SCHEDULED,0,0.0
2026-10-07T04:26:22Z,4178X84901C2,4178X,,SCHEDULED,1560,26.0
2026-10-07T04:26:22Z,4178X84900C2,4178X,,SCHEDULED,1260,21.0
2026-10-07T04:26:22Z,4178X24703C1,4178X,,SCHEDULED,0,0.0
2026-10-07T04:26:22Z,4578X71601C1,4578X,,SCHEDULED,60,1.0
2026-10-07T04:26:22Z,1078X21100C10,1078X,,SCHEDULED,0,0.0
2026-10-07T04:26:22Z,1078X20010C3,1078X,,SCHEDULED,420,7.0
2026-10-07T04:26:22Z,1078X19541C5,1078X,,SCHEDULED,0,0.0
2026-10-07T04:26:22Z,1078X21509C2,1078X,,SCHEDULED,60,1.0
2026-10-07T04:26:22Z,1078X20419C4b,1078X,,SCHEDULED,120,2.0
2026-10-07T04:26:22Z,1078X20417C4b,1078X,,SCHEDULED,0,0.0
2026-10-07T04:26:22Z,1078X21506C2,1078X,,SCHEDULED,60,1.0
2026-10-07T04:26:22Z,1078X21505C2,1078X,,SCHEDULED,120,2.0
2026-10-07T04:26:22Z,1078X20415C4b,1078X,,SCHEDULED,60,1.0
2026-10-07T04:26:22Z,1078X21504C2,1078X,,SCHEDULED,120,2.0
2026-10-07T04:26:22Z,1078X20414C4b,1078X,,CANCELED,,
2026-10-07T04:26:22Z,1078X21106C10,1078X,,SCHEDULED,0,0.0
2026-10-07T04:26:22Z,1078X20413C4b,1078X,,SCHEDULED,0,0.0
2026-10-07T04:26:22Z,1078X36202C10,1078X,,SCHEDULED,0,0.0
2026-10-07T04:26:22Z,1078X21182C10,1078X,,SCHEDULED,240,4.0
2026-10-07T04:26:22Z,1078X21512C2,1078X,,SCHEDULED,120,2.0
2026-10-07T04:26:22Z,1078X21511C2,1078X,,SCHEDULED,0,0.0
2026-10-07T04:26:22Z,1078X20421C4b,1078X,,SCHEDULED,0,0.0
2026-10-07T04:26:22Z,1078X21510C2,1078X,,SCHEDULED,960,16.0
2026-10-07T04:26:22Z,1078X19551C5,1078X,,SCHEDULED,0,0.0
2026-10-07T04:26:22Z,1078X35980C2,1078X,,SCHEDULED,0,0.0
2026-10-07T04:26:22Z,1078X20706C5,1078X,,SCHEDULED,660,11.0
2026-10-07T04:26:22Z,1078X20704C5,1078X,,SCHEDULED,180,3.0
2026-10-07T04:26:22Z,1078X20703C5,1078X,,SCHEDULED,60,1.0
2026-10-07T04:26:22Z,1078X21516C2,1078X,,SCHEDULED,180,3.0
2026-10-07T04:26:22Z,1078X21514C2,1078X,,SCHEDULED,0,0.0
2026-10-07T04:26:22Z,1078X35981C2,1078X,,SCHEDULED,480,8.0
2026-10-07T04:26:22Z,1078X19522C5,1078X,,SCHEDULED,60,1.0
2026-10-07T04:26:22Z,1078X20005C3,1078X,,SCHEDULED,120,2.0
2026-10-07T04:26:22Z,1078X19531C5,1078X,,SCHEDULED,240,4.0
2026-10-07T04:26:22Z,1078X19530C5,1078X,,CANCELED,,
2026-10-07T04:26:22Z,1078X20408C4b,1078X,,SCHEDULED,120,2.0
2026-10-07T04:26:22Z,1078X20407C4b,1078X,,SCHEDULED,360,6.0
2026-10-07T04:26:22Z,1078X20406C4b,1078X,,SCHEDULED,0,0.0
2026-10-07T04:26:22Z,1078X20009C3,1078X,,SCHEDULED,300,5.0
2026-10-07T04:26:22Z,1078X20404C4,1078X,,SCHEDULED,0,0.0
2026-10-07T04:26:22Z,1078X20008C3,1078X,,SCHEDULED,60,1.0
2026-10-07T04:26:22Z,1078X20007C3,1078X,,SCHEDULED,60,1.0
2026-10-07T04:26:22Z,1078X20006C3,1078X,,SCHEDULED,60,1.0
2026-10-07T04:26:22Z,1078X19537C5,1078X,,SCHEDULED,60,1.0
2026-10-07T04:26:22Z,1078X19539C5,1078X,,SCHEDULED,180,3.0
2026-10-07T04:26:22Z,1078X19538C5,1078X,,SCHEDULED,0,0.0
2026-10-07T04:26:22Z,1078X19521C5,1078X,,SCHEDULED,0,0.0
2026-10-07T04:26:22Z,1078X21200C10,1078X,,SCHEDULED,180,3.0
2026-10-07T04:26:22Z,1078X21605C2,1078X,,SCHEDULED,120,2.0
2026-10-07T04:26:22Z,1078X21603C2,1078X,,SCHEDULED,240,4.0
2026-10-07T04:26:22Z,1078X35975C2,1078X,,SCHEDULED,120,2.0
2026-10-07T04:26:22Z,1078X19809C1,1078X,,SCHEDULED,0,0.0
2026-10-07T04:26:22Z,1078X19805C1,1078X,,SCHEDULED,180,3.0
2026-10-07T04:26:22Z,1078X19804C1,1078X,,SCHEDULED,0,0.0
2026-10-07T04:26:22Z,1078X19807C1,1078X,,SCHEDULED,840,14.0
2026-10-07T04:26:22Z,1078X19806C1,1078X,,SCHEDULED,0,0.0
2026-10-07T04:26:22Z,1078X36305C10,1078X,,SCHEDULED,300,5.0
2026-10-07T04:26:22Z,1078X19528C5,1078X,,SCHEDULED,0,0.0
2026-10-07T04:26:22Z,1078X19802C1,1078X,,SCHEDULED,60,1.0
2026-10-07T04:26:22Z,1078X19527C5,1078X,,SCHEDULED,60,1.0
2026-10-07T04:26:22Z,1078X19533C5,1078X,,SCHEDULED,0,0.0
2026-10-07T04:26:22Z,1078X20715C5,1078X,,SCHEDULED,0,0.0
2026-10-07T04:26:22Z,1078X21804C7,1078X,,SCHEDULED,120,2.0
2026-10-07T04:26:22Z,1078X20214C4,1078X,,SCHEDULED,0,0.0
2026-10-07T04:26:22Z,1078X20714C5,1078X,,SCHEDULED,300,5.0
2026-10-07T04:26:22Z,1078X20213C4a,1078X,,SCHEDULED,0,0.0
2026-10-07T04:26:22Z,1078X21802C7,1078X,,SCHEDULED,180,3.0
2026-10-07T04:26:22Z,1078X20212C4a,1078X,,SCHEDULED,180,3.0
2026-10-07T04:26:22Z,1078X21800C7,1078X,,SCHEDULED,360,6.0
2026-10-07T04:26:22Z,1078X20211C4a,1078X,,SCHEDULED,180,3.0
2026-10-07T04:26:22Z,1078X20210C4,1078X,,SCHEDULED,60,1.0
2026-10-07T04:26:22Z,1078X20710C5,1078X,,SCHEDULED,180,3.0
2026-10-07T04:26:22Z,1078X21706C2,1078X,,SCHEDULED,0,0.0
2026-10-07T04:26:22Z,1078X20709C5,1078X,,SCHEDULED,120,2.0
2026-10-07T04:26:22Z,1078X20219C4a,1078X,,SCHEDULED,0,0.0
2026-10-07T04:26:22Z,1078X21307C10,1078X,,SCHEDULED,600,10.0
2026-10-07T04:26:22Z,1078X20218C4a,1078X,,SCHEDULED,0,0.0
2026-10-07T04:26:22Z,1078X20720C5,1078X,,SCHEDULED,0,0.0
2026-10-07T04:26:22Z,1078X21306C10,1078X,,SCHEDULED,0,0.0
2026-10-07T04:26:22Z,1078X20217C4a,1078X,,SCHEDULED,60,1.0
2026-10-07T04:26:22Z,1078X20216C4a,1078X,,SCHEDULED,360,6.0
2026-10-07T04:26:22Z,1078X20726C5,1078X,,SCHEDULED,0,0.0
2026-10-07T04:26:22Z,1078X20215C4a,1078X,,SCHEDULED,60,1.0
2026-10-07T04:26:22Z,1078X21304C10,1078X,,SCHEDULED,60,1.0
2026-10-07T04:26:22Z,1078X20209C4a,1078X,,SCHEDULED,120,2.0
2026-10-07T04:26:22Z,1078X20208C4,1078X,,SCHEDULED,180,3.0
2026-10-07T04:26:22Z,1078X19508C5,1078X,,SCHEDULED,60,1.0
2026-10-07T04:26:22Z,1078X21813C7,1078X,,SCHEDULED,0,0.0
2026-10-07T04:26:22Z,1078X20603C8b,1078X,,SCHEDULED,0,0.0
2026-10-07T04:26:22Z,1078X19509C5,1078X,,SCHEDULED,0,0.0
2026-10-07T04:26:22Z,1078X20224C4a,1078X,,SCHEDULED,0,0.0
2026-10-07T04:26:22Z,1078X20602C8b,1078X,,SCHEDULED,0,0.0
2026-10-07T04:26:22Z,1078X19510C5,1078X,,SCHEDULED,60,1.0
2026-10-07T04:26:22Z,1078X19513C5,1078X,,SCHEDULED,120,2.0
2026-10-07T04:26:22Z,1078X20222C4a,1078X,,SCHEDULED,0,0.0
2026-10-07T04:26:22Z,1078X19512C5,1078X,,SCHEDULED,360,6.0
2026-10-07T04:26:22Z,1078X20221C4a,1078X,,SCHEDULED,0,0.0
2026-10-07T04:26:22Z,1078X21811C7,1078X,,SCHEDULED,0,0.0
2026-10-07T04:26:22Z,1078X20220C4a,1078X,,SCHEDULED,180,3.0
2026-10-07T04:26:22Z,1078X20601C8b,1078X,,SCHEDULED,120,2.0
2026-10-07T04:26:22Z,1078X19518C5,1078X,,SCHEDULED,660,11.0
2026-10-07T04:26:22Z,1078X19515C5,1078X,,SCHEDULED,0,0.0
2026-10-07T04:26:22Z,1078X21004C8a,1078X,,SCHEDULED,0,0.0
2026-10-07T04:26:22Z,1078X21003C8a,1078X,,SCHEDULED,180,3.0
2026-10-07T04:26:22Z,1078X20600C8b,1078X,,SCHEDULED,120,2.0
2026-10-07T04:26:22Z,1078X21002C8a,1078X,,SCHEDULED,180,3.0
2026-10-07T04:26:22Z,1078X21001C8a,1078X,,SCHEDULED,300,5.0
2026-10-07T04:26:22Z,1078X21000C8a,1078X,,SCHEDULED,540,9.0
2026-10-07T04:26:22Z,1078X20719C5,1078X,,SCHEDULED,480,8.0
2026-10-07T04:26:22Z,1078X21806C7,1078X,,SCHEDULED,0,0.0
2026-10-07T04:26:22Z,1078X21807C7,1078X,,SCHEDULED,240,4.0
2026-10-07T04:26:22Z,1078X35809C7,1078X,,SCHEDULED,300,5.0
2026-10-07T04:26:22Z,1078X20412C4b,1078X,,SCHEDULED,0,0.0
2026-10-07T04:26:22Z,1078X21501C2,1078X,,SCHEDULED,240,4.0
2026-10-07T04:26:22Z,1078X20015C3,1078X,,SCHEDULED,0,0.0
2026-10-07T04:26:22Z,1078X21104C10,1078X,,SCHEDULED,120,2.0
2026-10-07T04:26:22Z,1078X20411C4b,1078X,,SCHEDULED,60,1.0
2026-10-07T04:26:22Z,1078X20410C4b,1078X,,SCHEDULED,0,0.0
2026-10-07T04:26:22Z,1078X19545C5,1078X,,SCHEDULED,0,0.0
2026-10-07T04:26:22Z,1078X20013C3,1078X,,SCHEDULED,0,0.0
2026-10-07T04:26:22Z,1078X20012C3,1078X,,SCHEDULED,0,0.0
2026-10-07T04:26:22Z,1078X20011C3,1078X,,SCHEDULED,300,5.0
2026-10-07T04:31:54Z,3078X23507C1,3078X,,SCHEDULED,60,1.0
2026-10-07T04:31:54Z,3078X23703C5,3078X,,SCHEDULED,0,0.0
2026-10-07T04:31:54Z,3078X23508C1,3078X,,SCHEDULED,60,1.0
2026-10-07T04:31:54Z,3078X23505C1,3078X,,SCHEDULED,360,6.0
2026-10-07T04:31:54Z,3078X23506C1,3078X,,SCHEDULED,60,1.0
2026-10-07T04:31:54Z,3078X23509C1,3078X,,SCHEDULED,420,7.0
2026-10-07T04:31:54Z,3078X23603C4,3078X,,SCHEDULED,2040,34.0
2026-10-07T04:31:54Z,3078X23801C5,3078X,,SCHEDULED,300,5.0
2026-10-07T04:31:54Z,3078X23504C1,3078X,,SCHEDULED,420,7.0
2026-10-07T04:31:54Z,3078X23102C3,3078X,,SCHEDULED,0,0.0
2026-10-07T04:31:54Z,3078X23502C1,3078X,,SCHEDULED,480,8.0
2026-10-07T04:31:54Z,3178X23202C1,3178X,,SCHEDULED,0,0.0
2026-10-07T04:31:54Z,3178X23422T1,3178X,,SCHEDULED,60,1.0
2026-10-07T04:31:54Z,3178X23424T1,3178X,,SCHEDULED,0,0.0
2026-10-07T04:31:54Z,3178X23205C1,3178X,,SCHEDULED,0,0.0
2026-10-07T04:31:54Z,3178X23203C1,3178X,,SCHEDULED,420,7.0
2026-10-07T04:31:54Z,3178X23204C1,3178X,,SCHEDULED,0,0.0
2026-10-07T04:31:54Z,3178X23200C1,3178X,,SCHEDULED,120,2.0
2026-10-07T04:31:54Z,3178X23421T1,3178X,,SCHEDULED,0,0.0
2026-10-07T04:31:54Z,3178X23201C1,3178X,,SCHEDULED,60,1.0
2026-10-07T04:31:54Z,3278X23302C1,3278X,,SCHEDULED,0,0.0
2026-10-07T04:31:54Z,3278X23305C1,3278X,,SCHEDULED,180,3.0
2026-10-07T04:31:54Z,3278X23304C1,3278X,,SCHEDULED,0,0.0
2026-10-07T04:31:54Z,3278X23150C2,3278X,,SCHEDULED,0,0.0
2026-10-07T04:31:54Z,4078X24201C1,4078X,,SCHEDULED,120,2.0
2026-10-07T04:31:54Z,4078X24004C2,4078X,,SCHEDULED,-60,-1.0
2026-10-07T04:31:54Z,4078X24202C1,4078X,,SCHEDULED,0,0.0
2026-10-07T04:31:54Z,4078X24301C6,4078X,,SCHEDULED,420,7.0
2026-10-07T04:31:54Z,4078X24005C2,4078X,,SCHEDULED,0,0.0
2026-10-07T04:31:54Z,4078X24302C6,4078X,,SCHEDULED,120,2.0
2026-10-07T04:31:54Z,4078X24203C1,4078X,,SCHEDULED,-120,-2.0
2026-10-07T04:31:54Z,4078X24204C1,4078X,,SCHEDULED,60,1.0
2026-10-07T04:31:54Z,4078X24303C6,4078X,,SCHEDULED,120,2.0
2026-10-07T04:31:54Z,4078X24304C6,4078X,,SCHEDULED,0,0.0
2026-10-07T04:31:54Z,4078X24305C6,4078X,,SCHEDULED,0,0.0
2026-10-07T04:31:54Z,4078X31400C3,4078X,,SCHEDULED,180,3.0
2026-10-07T04:31:54Z,4078X24000C2,4078X,,SCHEDULED,420,7.0
2026-10-07T04:31:54Z,4078X24001C2,4078X,,SCHEDULED,60,1.0
2026-10-07T04:31:54Z,4078X31402C3,4078X,,SCHEDULED,0,0.0
2026-10-07T04:31:54Z,4078X36405C1,4078X,,SCHEDULED,0,0.0
2026-10-07T04:31:54Z,4078X24002C2,4078X,,SCHEDULED,180,3.0
2026-10-07T04:31:54Z,4078X24200C1,4078X,,SCHEDULED,0,0.0
2026-10-07T04:31:54Z,4078X24003C2,4078X,,SCHEDULED,120,2.0
2026-10-07T04:31:54Z,4078X24300C6,4078X,,SCHEDULED,-120,-2.0
2026-10-07T04:31:54Z,4078X31454C3,4078X,,SCHEDULED,-120,-2.0
2026-10-07T04:31:54Z,4078X84006C2,4078X,,SCHEDULED,0,0.0
2026-10-07T04:31:54Z,4078X84003C2,4078X,,SCHEDULED,0,0.0
2026-10-07T04:31:54Z,5178X28506R2,5178X,,CANCELED,,
2026-10-07T04:31:54Z,5178X25605R1,5178X,,CANCELED,,
2026-10-07T04:31:54Z,5178X77980R4,5178X,,CANCELED,,
2026-10-07T04:31:54Z,5178X15040R13,5178X,,SCHEDULED,-240,-4.0
2026-10-07T04:31:54Z,5178X28265R2S,5178X,,SCHEDULED,0,0.0
2026-10-07T04:31:54Z,5178X15002R15,5178X,,SCHEDULED,60,1.0
2026-10-07T04:31:54Z,5178X77982R4,5178X,,CANCELED,,
2026-10-07T04:31:54Z,5178X15000R15,5178X,,SCHEDULED,480,8.0
2026-10-07T04:31:54Z,5178X28263R2S,5178X,,SCHEDULED,600,10.0
2026-10-07T04:31:54Z,5178X28466R2,5178X,,CANCELED,,
2026-10-07T04:31:54Z,5178X25400R2,5178X,,SCHEDULED,2040,34.0
2026-10-07T04:31:54Z,5178X28500R2,5178X,,SCHEDULED,360,6.0
2026-10-07T04:31:54Z,5178X25600R1,5178X,,CANCELED,,
2026-10-07T04:31:54Z,5178X77502R4,5178X,,SCHEDULED,3840,64.0
2026-10-07T04:31:54Z,5178X25402R2N,5178X,,CANCELED,,
2026-10-07T04:31:54Z,5178X25404R2N,5178X,,CANCELED,,
2026-10-07T04:31:54Z,5178X25604R1,5178X,,CANCELED,,
2026-10-07T04:31:54Z,5178X15722R11,5178X,,CANCELED,,
2026-10-07T04:31:54Z,5178X77702R4,5178X,,CANCELED,,
2026-10-07T04:31:54Z,5178X77504R4,5178X,,SCHEDULED,60,1.0
2026-10-07T04:31:54Z,5178X15720R11,5178X,,CANCELED,,
2026-10-07T04:31:54Z,5178X77704R4,5178X,,CANCELED,,
2026-10-07T04:31:54Z,5178X33521RL4,5178X,,SCHEDULED,120,2.0
2026-10-07T04:31:54Z,5178X77506R4,5178X,,CANCELED,,
2026-10-07T04:31:54Z,5178X15850R11,5178X,,CANCELED,,
2026-10-07T04:31:54Z,5178X77706R4,5178X,,CANCELED,,
2026-10-07T04:31:54Z,5178X77508R4,5178X,,SCHEDULED,0,0.0
2026-10-07T04:31:54Z,5178X15772R11,5178X,,CANCELED,,
2026-10-07T04:31:54Z,5178X18121R16,5178X,,SCHEDULED,120,2.0
2026-10-07T04:31:54Z,5178X77708R4,5178X,,CANCELED,,
2026-10-07T04:31:54Z,5178X15770R11,5178X,,CANCELED,,
2026-10-07T04:31:54Z,5178X25704R1,5178X,,CANCELED,,
2026-10-07T04:31:54Z,5178X28404R2N,5178X,,CANCELED,,
2026-10-07T04:31:54Z,5178X15050R14,5178X,,SCHEDULED,0,0.0
2026-10-07T04:31:54Z,5178X28408R2N,5178X,,CANCELED,,
2026-10-07T04:31:54Z,5178X25612R1,5178X,,CANCELED,,
2026-10-07T04:31:54Z,5178X25706R1,5178X,,CANCELED,,
2026-10-07T04:31:54Z,5178X28406R2N,5178X,,CANCELED,,
2026-10-07T04:31:54Z,5178X35523R3,5178X,,CANCELED,,
2026-10-07T04:31:54Z,5178X25500R2S,5178X,,CANCELED,,
2026-10-07T04:31:54Z,5178X77400R4,5178X,,SCHEDULED,540,9.0
2026-10-07T04:31:54Z,5178X77402R4,5178X,,SCHEDULED,-120,-2.0
2026-10-07T04:31:54Z,5178X77404R4,5178X,,SCHEDULED,-60,-1.0
2026-10-07T04:31:54Z,5178X77801R7,5178X,,CANCELED,,
2026-10-07T04:31:54Z,5178X25700R1,5178X,,CANCELED,,
2026-10-07T04:31:54Z,5178X77604R4,5178X,,CANCELED,,
2026-10-07T04:31:54Z,5178X25502R2S,5178X,,CANCELED,,
2026-10-07T04:31:54Z,5178X28252R2S,5178X,,CANCELED,,
2026-10-07T04:31:54Z,5178X77312R3,5178X,,CANCELED,,
2026-10-07T04:31:54Z,5178X77510R4,5178X,,SCHEDULED,0,0.0
2026-10-07T04:31:54Z,5178X77314R3,5178X,,SCHEDULED,120,2.0
2026-10-07T04:31:54Z,5178X77316R3,5178X,,CANCELED,,
2026-10-07T04:31:54Z,5178X33520RL4,5178X,,SCHEDULED,600,10.0
2026-10-07T04:31:54Z,5178X15900R11,5178X,,CANCELED,,
2026-10-07T04:31:54Z,5178X30530R15,5178X,,SCHEDULED,0,0.0
2026-10-07T04:31:54Z,5178X28468R2,5178X,,CANCELED,,
2026-10-07T04:31:54Z,6078X26005C2,6078X,,SCHEDULED,180,3.0
2026-10-07T04:31:54Z,6078X26006C2,6078X,,SCHEDULED,180,3.0
2026-10-07T04:31:54Z,6078X26004C2,6078X,,SCHEDULED,0,0.0
2026-10-07T04:31:54Z,6078X26108C1,6078X,,SCHEDULED,0,0.0
2026-10-07T04:31:54Z,6078X71581C5,6078X,,SCHEDULED,0,0.0
2026-10-07T04:31:54Z,6078X26009C2,6078X,,SCHEDULED,0,0.0
2026-10-07T04:31:54Z,6078X26106C1,6078X,,SCHEDULED,180,3.0
2026-10-07T04:31:54Z,6078X26007C2,6078X,,SCHEDULED,180,3.0
2026-10-07T04:31:54Z,6078X26504C3,6078X,,SCHEDULED,240,4.0
2026-10-07T04:31:54Z,6078X26601C3,6078X,,SCHEDULED,0,0.0
2026-10-07T04:31:54Z,6078X26008C2,6078X,,SCHEDULED,0,0.0
2026-10-07T04:31:54Z,6078X26508C3,6078X,,SCHEDULED,0,0.0
2026-10-07T04:31:54Z,6078X26107C1,6078X,,SCHEDULED,120,2.0
2026-10-07T04:31:54Z,6078X71503C4,6078X,,SCHEDULED,0,0.0
2026-10-07T04:31:54Z,6078X26602C3,6078X,,SCHEDULED,0,0.0
2026-10-07T04:31:54Z,6078X26507C3,6078X,,SCHEDULED,0,0.0
2026-10-07T04:31:54Z,6078X26503C3,6078X,,SCHEDULED,180,3.0
2026-10-07T04:31:54Z,6078X71501C4,6078X,,SCHEDULED,120,2.0
2026-10-07T04:31:54Z,6078X71502C4,6078X,,SCHEDULED,0,0.0
2026-10-07T04:31:54Z,6078X71500C4,6078X,,SCHEDULED,0,0.0
2026-10-07T04:31:54Z,6078X26506C3,6078X,,SCHEDULED,60,1.0
2026-10-07T04:31:54Z,6078X26505C3,6078X,,SCHEDULED,120,2.0
2026-10-07T04:31:54Z,6078X71505C4,6078X,,SCHEDULED,0,0.0
2026-10-07T04:31:54Z,6178X35612C1,6178X,,SCHEDULED,120,2.0
2026-10-07T04:31:54Z,6178X35688C1,6178X,,SCHEDULED,360,6.0
2026-10-07T04:31:54Z,6178X35663C1,6178X,,SCHEDULED,-60,-1.0
2026-10-07T04:31:54Z,6178X35682C1,6178X,,SCHEDULED,0,0.0
2026-10-07T04:31:54Z,6178X35665C1,6178X,,SCHEDULED,0,0.0
2026-10-07T04:31:54Z,6178X35613C1,6178X,,SCHEDULED,780,13.0
2026-10-07T04:31:54Z,6178X35614C1,6178X,,SCHEDULED,0,0.0
2026-10-07T04:31:54Z,6278X71353C3,6278X,,SCHEDULED,60,1.0
2026-10-07T04:31:54Z,6278X71350C3,6278X,,SCHEDULED,0,0.0
2026-10-07T04:31:54Z,6278X71201C3,6278X,,SCHEDULED,180,3.0
2026-10-07T04:31:54Z,6278X71154C2,6278X,,SCHEDULED,60,1.0
2026-10-07T04:31:54Z,6278X26902C1,6278X,,SCHEDULED,0,0.0
2026-10-07T04:31:54Z,6278X26901C1,6278X,,SCHEDULED,0,0.0
2026-10-07T04:31:54Z,6278X71152C2,6278X,,SCHEDULED,0,0.0
2026-10-07T04:31:54Z,6278X71151C2,6278X,,SCHEDULED,60,1.0
2026-10-07T04:31:54Z,6278X71301C3,6278X,,SCHEDULED,-120,-2.0
2026-10-07T04:31:54Z,6278X71103C2,6278X,,SCHEDULED,120,2.0
2026-10-07T04:31:54Z,6278X71104C2,6278X,,CANCELED,,
2026-10-07T04:31:54Z,6278X71200C3,6278X,,SCHEDULED,0,0.0
2026-10-07T04:31:54Z,6278X26903C1,6278X,,SCHEDULED,0,0.0
2026-10-07T04:31:54Z,6278X71105C2,6278X,,CANCELED,,
2026-10-07T04:31:54Z,6278X71840C3,6278X,,SCHEDULED,0,0.0
2026-10-07T04:31:54Z,4678X70150C1,4678X,,SCHEDULED,0,0.0
2026-10-07T04:31:54Z,4778X71091C1,4778X,,SCHEDULED,0,0.0
2026-10-07T04:31:54Z,4778X71080C1,4778X,,SCHEDULED,0,0.0
2026-10-07T04:31:54Z,2078X70401C5,2078X,,SCHEDULED,60,1.0
2026-10-07T04:31:54Z,2078X22307C3,2078X,,SCHEDULED,0,0.0
2026-10-07T04:31:54Z,2078X70503C7,2078X,,SCHEDULED,0,0.0
2026-10-07T04:31:54Z,2078X70800C6,2078X,,SCHEDULED,0,0.0
2026-10-07T04:31:54Z,2078X70502C7,2078X,,SCHEDULED,1260,21.0
2026-10-07T04:31:54Z,2078X70202C4,2078X,,SCHEDULED,60,1.0
2026-10-07T04:31:54Z,2078X70400C5,2078X,,SCHEDULED,60,1.0
2026-10-07T04:31:54Z,2078X70300C4,2078X,,SCHEDULED,0,0.0
2026-10-07T04:31:54Z,2078X22100C1,2078X,,SCHEDULED,0,0.0
2026-10-07T04:31:54Z,2078X22302C3,2078X,,SCHEDULED,0,0.0
2026-10-07T04:31:54Z,2078X22204C2,2078X,,SCHEDULED,0,0.0
2026-10-07T04:31:54Z,2078X22006C1,2078X,,SCHEDULED,0,0.0
2026-10-07T04:31:54Z,2078X22105C1,2078X,,SCHEDULED,0,0.0
2026-10-07T04:31:54Z,2078X22303C3,2078X,,SCHEDULED,300,5.0
2026-10-07T04:31:54Z,2078X80851C6,2078X,,SCHEDULED,3000,50.0
2026-10-07T04:31:54Z,2078X22001C1,2078X,,SCHEDULED,0,0.0
2026-10-07T04:31:54Z,2078X22002C1,2078X,,SCHEDULED,60,1.0
2026-10-07T04:31:54Z,2078X22201C2,2078X,,SCHEDULED,0,0.0
2026-10-07T04:31:54Z,2078X22202C2,2078X,,SCHEDULED,60,1.0
2026-10-07T04:31:54Z,2078X22004C1,2078X,,SCHEDULED,120,2.0
2026-10-07T04:31:54Z,2078X70901C8,2078X,,SCHEDULED,60,1.0
2026-10-07T04:31:54Z,2078X70900C8,2078X,,SCHEDULED,840,14.0
2026-10-07T04:31:54Z,2078X70803C6,2078X,,SCHEDULED,0,0.0
2026-10-07T04:31:54Z,2078X70902C8,2078X,,SCHEDULED,-60,-1.0
2026-10-07T04:31:54Z,2078X70506C7,2078X,,SCHEDULED,300,5.0
2026-10-07T04:31:54Z,2078X70501C7,2078X,,SCHEDULED,2520,42.0
2026-10-07T04:31:54Z,2078X70402C5,2078X,,CANCELED,,
2026-10-07T04:31:54Z,2078X22305C3,2078X,,SCHEDULED,0,0.0
2026-10-07T04:31:54Z,2078X70203C4,2078X,,SCHEDULED,0,0.0
2026-10-07T04:31:54Z,2078X70302C4,2078X,,SCHEDULED,120,2.0
2026-10-07T04:31:54Z,2078X70853C6,2078X,,SCHEDULED,180,3.0
2026-10-07T04:31:54Z,2078X70756C6,2078X,,SCHEDULED,0,0.0
2026-10-07T04:31:54Z,2078X70235C4,2078X,,SCHEDULED,-5220,-87.0
2026-10-07T04:31:54Z,2078X70752C6,2078X,,SCHEDULED,0,0.0
2026-10-07T04:31:54Z,2078X70850C6,2078X,,SCHEDULED,0,0.0
2026-10-07T04:31:54Z,2078X70251C4,2078X,,SCHEDULED,0,0.0
2026-10-07T04:31:54Z,2078X70250C4,2078X,,SCHEDULED,0,0.0
2026-10-07T04:31:54Z,2078X70508C7,2078X,,SCHEDULED,300,5.0
2026-10-07T04:31:54Z,2078X70505C7,2078X,,SCHEDULED,0,0.0
2026-10-07T04:31:54Z,4178X84904C2,4178X,,SCHEDULED,0,0.0
2026-10-07T04:31:54Z,4178X24700C1,4178X,,SCHEDULED,60,1.0
2026-10-07T04:31:54Z,4178X84900C2,4178X,,SCHEDULED,1560,26.0
2026-10-07T04:31:54Z,4178X24702C1,4178X,,SCHEDULED,0,0.0
2026-10-07T04:31:54Z,4178X24703C1,4178X,,SCHEDULED,60,1.0
2026-10-07T04:31:54Z,4178X24701C1,4178X,,SCHEDULED,300,5.0
2026-10-07T04:31:54Z,4578X71601C1,4578X,,SCHEDULED,0,0.0
2026-10-07T04:31:54Z,7078X31529C1,7078X,,SCHEDULED,0,0.0
2026-10-07T04:31:54Z,1078X20010C3,1078X,,SCHEDULED,720,12.0
2026-10-07T04:31:54Z,1078X21804C7,1078X,,SCHEDULED,240,4.0
2026-10-07T04:31:54Z,1078X19541C5,1078X,,SCHEDULED,240,4.0
2026-10-07T04:31:54Z,1078X20714C5,1078X,,SCHEDULED,60,1.0
2026-10-07T04:31:54Z,1078X21802C7,1078X,,SCHEDULED,180,3.0
2026-10-07T04:31:54Z,1078X21509C2,1078X,,SCHEDULED,60,1.0
2026-10-07T04:31:54Z,1078X21800C7,1078X,,SCHEDULED,120,2.0
2026-10-07T04:31:54Z,1078X20419C4b,1078X,,SCHEDULED,480,8.0
2026-10-07T04:31:54Z,1078X20710C5,1078X,,SCHEDULED,240,4.0
2026-10-07T04:31:54Z,1078X21508C2,1078X,,SCHEDULED,420,7.0
2026-10-07T04:31:54Z,1078X20709C5,1078X,,SCHEDULED,60,1.0
2026-10-07T04:31:54Z,1078X20417C4b,1078X,,SCHEDULED,180,3.0
2026-10-07T04:31:54Z,1078X20720C5,1078X,,SCHEDULED,0,0.0
2026-10-07T04:31:54Z,1078X21506C2,1078X,,SCHEDULED,180,3.0
2026-10-07T04:31:54Z,1078X20726C5,1078X,,SCHEDULED,0,0.0
2026-10-07T04:31:54Z,1078X21505C2,1078X,,SCHEDULED,0,0.0
2026-10-07T04:31:54Z,1078X20415C4b,1078X,,SCHEDULED,180,3.0
2026-10-07T04:31:54Z,1078X20209C4a,1078X,,SCHEDULED,120,2.0
2026-10-07T04:31:54Z,1078X20604C8b,1078X,,SCHEDULED,0,0.0
2026-10-07T04:31:54Z,1078X21813C7,1078X,,SCHEDULED,0,0.0
2026-10-07T04:31:54Z,1078X20603C8b,1078X,,SCHEDULED,0,0.0
2026-10-07T04:31:54Z,1078X21504C2,1078X,,SCHEDULED,180,3.0
2026-10-07T04:31:54Z,1078X20414C4b,1078X,,CANCELED,,
2026-10-07T04:31:54Z,1078X20017C3,1078X,,SCHEDULED,0,0.0
2026-10-07T04:31:54Z,1078X20723C5,1078X,,SCHEDULED,0,0.0
2026-10-07T04:31:54Z,1078X21106C10,1078X,,SCHEDULED,0,0.0
2026-10-07T04:31:54Z,1078X20413C4b,1078X,,SCHEDULED,60,1.0
2026-10-07T04:31:54Z,1078X20602C8b,1078X,,SCHEDULED,120,2.0
2026-10-07T04:31:54Z,1078X36202C10,1078X,,SCHEDULED,0,0.0
2026-10-07T04:31:54Z,1078X21811C7,1078X,,SCHEDULED,60,1.0
2026-10-07T04:31:54Z,1078X21182C10,1078X,,SCHEDULED,240,4.0
2026-10-07T04:31:54Z,1078X20601C8b,1078X,,SCHEDULED,420,7.0
2026-10-07T04:31:54Z,1078X20423C4b,1078X,,SCHEDULED,0,0.0
2026-10-07T04:31:54Z,1078X20600C8b,1078X,,SCHEDULED,240,4.0
2026-10-07T04:31:54Z,1078X20719C5,1078X,,SCHEDULED,480,8.0
2026-10-07T04:31:54Z,1078X21807C7,1078X,,SCHEDULED,180,3.0
2026-10-07T04:31:54Z,1078X21512C2,1078X,,SCHEDULED,420,7.0
2026-10-07T04:31:54Z,1078X35809C7,1078X,,SCHEDULED,360,6.0
2026-10-07T04:31:54Z,1078X20412C4b,1078X,,SCHEDULED,120,2.0
2026-10-07T04:31:54Z,1078X21511C2,1078X,,SCHEDULED,0,0.0
2026-10-07T04:31:54Z,1078X21501C2,1078X,,SCHEDULED,0,0.0
2026-10-07T04:31:54Z,1078X20015C3,1078X,,SCHEDULED,0,0.0
2026-10-07T04:31:54Z,1078X19557C5,1078X,,SCHEDULED,0,0.0
2026-10-07T04:31:54Z,1078X20421C4b,1078X,,SCHEDULED,0,0.0
2026-10-07T04:31:54Z,1078X21104C10,1078X,,SCHEDULED,180,3.0
2026-10-07T04:31:54Z,1078X21510C2,1078X,,SCHEDULED,1320,22.0
2026-10-07T04:31:54Z,1078X20411C4b,1078X,,SCHEDULED,0,0.0
2026-10-07T04:31:54Z,1078X20014C3,1078X,,SCHEDULED,0,0.0
2026-10-07T04:31:54Z,1078X19551C5,1078X,,SCHEDULED,0,0.0
2026-10-07T04:31:54Z,1078X35980C2,1078X,,SCHEDULED,0,0.0
2026-10-07T04:31:54Z,1078X20410C4b,1078X,,SCHEDULED,60,1.0
2026-10-07T04:31:54Z,1078X19545C5,1078X,,SCHEDULED,0,0.0
2026-10-07T04:31:54Z,1078X20013C3,1078X,,SCHEDULED,0,0.0
2026-10-07T04:31:54Z,1078X20012C3,1078X,,SCHEDULED,0,0.0
2026-10-07T04:31:54Z,1078X20706C5,1078X,,SCHEDULED,480,8.0
2026-10-07T04:31:54Z,1078X21100C10,1078X,,SCHEDULED,180,3.0
2026-10-07T04:31:54Z,1078X20214C4,1078X,,SCHEDULED,0,0.0
2026-10-07T04:31:54Z,1078X20704C5,1078X,,SCHEDULED,0,0.0
2026-10-07T04:31:54Z,1078X20730C5,1078X,,CANCELED,,
2026-10-07T04:31:54Z,1078X20703C5,1078X,,SCHEDULED,60,1.0
2026-10-07T04:31:54Z,1078X20213C4a,1078X,,SCHEDULED,240,4.0
2026-10-07T04:31:54Z,1078X21516C2,1078X,,SCHEDULED,180,3.0
2026-10-07T04:31:54Z,1078X20212C4a,1078X,,SCHEDULED,60,1.0
2026-10-07T04:31:54Z,1078X21514C2,1078X,,SCHEDULED,180,3.0
2026-10-07T04:31:54Z,1078X20211C4a,1078X,,SCHEDULED,0,0.0
2026-10-07T04:31:54Z,1078X35981C2,1078X,,SCHEDULED,780,13.0
2026-10-07T04:31:54Z,1078X19527C5,1078X,,SCHEDULED,0,0.0
2026-10-07T04:31:54Z,1078X20210C4,1078X,,SCHEDULED,180,3.0
2026-10-07T04:31:54Z,1078X19533C5,1078X,,SCHEDULED,60,1.0
2026-10-07T04:31:54Z,1078X20005C3,1078X,,SCHEDULED,60,1.0
2026-10-07T04:31:54Z,1078X21706C2,1078X,,SCHEDULED,0,0.0
2026-10-07T04:31:54Z,1078X19531C5,1078X,,SCHEDULED,240,4.0
2026-10-07T04:31:54Z,1078X20219C4a,1078X,,SCHEDULED,0,0.0
2026-10-07T04:31:54Z,1078X19530C5,1078X,,CANCELED,,
2026-10-07T04:31:54Z,1078X20408C4b,1078X,,SCHEDULED,0,0.0
2026-10-07T04:31:54Z,1078X20406C4b,1078X,,SCHEDULED,60,1.0
2026-10-07T04:31:54Z,1078X21307C10,1078X,,SCHEDULED,900,15.0
2026-10-07T04:31:54Z,1078X20009C3,1078X,,SCHEDULED,360,6.0
2026-10-07T04:31:54Z,1078X20404C4,1078X,,SCHEDULED,0,0.0
2026-10-07T04:31:54Z,1078X20006C3,1078X,,SCHEDULED,180,3.0
2026-10-07T04:31:54Z,1078X20218C4a,1078X,,SCHEDULED,0,0.0
2026-10-07T04:31:54Z,1078X20402C4b,1078X,,SCHEDULED,120,2.0
2026-10-07T04:31:54Z,1078X21306C10,1078X,,SCHEDULED,0,0.0
2026-10-07T04:31:54Z,1078X20217C4a,1078X,,SCHEDULED,60,1.0
2026-10-07T04:31:54Z,1078X20216C4a,1078X,,SCHEDULED,60,1.0
2026-10-07T04:31:54Z,1078X19537C5,1078X,,SCHEDULED,300,5.0
2026-10-07T04:31:54Z,1078X20215C4a,1078X,,SCHEDULED,300,5.0
2026-10-07T04:31:54Z,1078X21304C10,1078X,,SCHEDULED,60,1.0
2026-10-07T04:31:54Z,1078X19811C1,1078X,,SCHEDULED,0,0.0
2026-10-07T04:31:54Z,1078X19539C5,1078X,,SCHEDULED,0,0.0
2026-10-07T04:31:54Z,1078X19508C5,1078X,,SCHEDULED,0,0.0
2026-10-07T04:31:54Z,1078X19538C5,1078X,,SCHEDULED,0,0.0
2026-10-07T04:31:54Z,1078X20224C4a,1078X,,SCHEDULED,0,0.0
2026-10-07T04:31:54Z,1078X19510C5,1078X,,SCHEDULED,0,0.0
2026-10-07T04:31:54Z,1078X19513C5,1078X,,SCHEDULED,60,1.0
2026-10-07T04:31:54Z,1078X21204C10,1078X,,SCHEDULED,0,0.0
2026-10-07T04:31:54Z,1078X20222C4a,1078X,,SCHEDULED,0,0.0
2026-10-07T04:31:54Z,1078X19522C5,1078X,,SCHEDULED,360,6.0
2026-10-07T04:31:54Z,1078X19512C5,1078X,,SCHEDULED,300,5.0
2026-10-07T04:31:54Z,1078X19521C5,1078X,,SCHEDULED,60,1.0
2026-10-07T04:31:54Z,1078X20221C4a,1078X,,SCHEDULED,0,0.0
2026-10-07T04:31:54Z,1078X21200C10,1078X,,SCHEDULED,180,3.0
2026-10-07T04:31:54Z,1078X21607C2,1078X,,SCHEDULED,0,0.0
2026-10-07T04:31:54Z,1078X20220C4a,1078X,,SCHEDULED,480,8.0
2026-10-07T04:31:54Z,1078X21605C2,1078X,,SCHEDULED,240,4.0
2026-10-07T04:31:54Z,1078X19518C5,1078X,,SCHEDULED,660,11.0
2026-10-07T04:31:54Z,1078X19515C5,1078X,,SCHEDULED,60,1.0
2026-10-07T04:31:54Z,1078X21603C2,1078X,,SCHEDULED,120,2.0
2026-10-07T04:31:54Z,1078X19809C1,1078X,,SCHEDULED,0,0.0
2026-10-07T04:31:54Z,1078X19804C1,1078X,,SCHEDULED,120,2.0
2026-10-07T04:31:54Z,1078X19807C1,1078X,,SCHEDULED,120,2.0
2026-10-07T04:31:54Z,1078X19806C1,1078X,,SCHEDULED,0,0.0
2026-10-07T04:31:54Z,1078X36305C10,1078X,,SCHEDULED,420,7.0
2026-10-07T04:31:54Z,1078X19528C5,1078X,,SCHEDULED,0,0.0
2026-10-07T04:31:54Z,1078X21004C8a,1078X,,SCHEDULED,0,0.0
2026-10-07T04:31:54Z,1078X21003C8a,1078X,,SCHEDULED,180,3.0
2026-10-07T04:31:54Z,1078X21002C8a,1078X,,SCHEDULED,0,0.0
2026-10-07T04:31:54Z,1078X21001C8a,1078X,,SCHEDULED,0,0.0
2026-10-07T04:31:54Z,1078X21000C8a,1078X,,SCHEDULED,180,3.0
2026-10-07T04:31:54Z,1078X21806C7,1078X,,SCHEDULED,0,0.0
2026-10-07T04:31:54Z,1078X20715C5,1078X,,SCHEDULED,0,0.0
2026-10-07T04:36:59Z,3078X23506C1,3078X,,SCHEDULED,60,1.0
2026-10-07T04:36:59Z,3078X23507C1,3078X,,SCHEDULED,60,1.0
2026-10-07T04:36:59Z,3078X23703C5,3078X,,SCHEDULED,0,0.0
2026-10-07T04:36:59Z,3078X23508C1,3078X,,SCHEDULED,60,1.0
2026-10-07T04:36:59Z,3078X23505C1,3078X,,SCHEDULED,180,3.0
2026-10-07T04:36:59Z,3078X23509C1,3078X,,SCHEDULED,480,8.0
2026-10-07T04:36:59Z,3078X23603C4,3078X,,SCHEDULED,360,6.0
2026-10-07T04:36:59Z,3078X23801C5,3078X,,SCHEDULED,360,6.0
2026-10-07T04:36:59Z,3078X23504C1,3078X,,SCHEDULED,420,7.0
2026-10-07T04:36:59Z,3078X23102C3,3078X,,SCHEDULED,0,0.0
2026-10-07T04:36:59Z,3178X23202C1,3178X,,SCHEDULED,0,0.0
2026-10-07T04:36:59Z,3178X23422T1,3178X,,SCHEDULED,0,0.0
2026-10-07T04:36:59Z,3178X23203C1,3178X,,SCHEDULED,660,11.0
2026-10-07T04:36:59Z,3178X23204C1,3178X,,SCHEDULED,0,0.0
2026-10-07T04:36:59Z,3178X23424T1,3178X,,SCHEDULED,0,0.0
2026-10-07T04:36:59Z,3178X23205C1,3178X,,SCHEDULED,0,0.0
2026-10-07T04:36:59Z,3178X23421T1,3178X,,SCHEDULED,0,0.0
2026-10-07T04:36:59Z,3178X23201C1,3178X,,SCHEDULED,60,1.0
2026-10-07T04:36:59Z,3278X23302C1,3278X,,SCHEDULED,0,0.0
2026-10-07T04:36:59Z,3278X23305C1,3278X,,SCHEDULED,240,4.0
2026-10-07T04:36:59Z,3278X23304C1,3278X,,SCHEDULED,0,0.0
2026-10-07T04:36:59Z,3278X23307C1,3278X,,SCHEDULED,0,0.0
2026-10-07T04:36:59Z,3278X23150C2,3278X,,SCHEDULED,0,0.0
2026-10-07T04:36:59Z,4078X24005C2,4078X,,SCHEDULED,180,3.0
2026-10-07T04:36:59Z,4078X84003C2,4078X,,SCHEDULED,0,0.0
2026-10-07T04:36:59Z,4078X24302C6,4078X,,SCHEDULED,120,2.0
2026-10-07T04:36:59Z,4078X36405C1,4078X,,SCHEDULED,0,0.0
2026-10-07T04:36:59Z,4078X24002C2,4078X,,SCHEDULED,0,0.0
2026-10-07T04:36:59Z,4078X24203C1,4078X,,SCHEDULED,0,0.0
2026-10-07T04:36:59Z,4078X24200C1,4078X,,SCHEDULED,60,1.0
2026-10-07T04:36:59Z,4078X24204C1,4078X,,SCHEDULED,-60,-1.0
2026-10-07T04:36:59Z,4078X24003C2,4078X,,SCHEDULED,60,1.0
2026-10-07T04:36:59Z,4078X24300C6,4078X,,SCHEDULED,0,0.0
2026-10-07T04:36:59Z,4078X24303C6,4078X,,SCHEDULED,240,4.0
2026-10-07T04:36:59Z,4078X24291C1,4078X,,SCHEDULED,0,0.0
2026-10-07T04:36:59Z,4078X24201C1,4078X,,SCHEDULED,240,4.0
2026-10-07T04:36:59Z,4078X24004C2,4078X,,SCHEDULED,60,1.0
2026-10-07T04:36:59Z,4078X24202C1,4078X,,SCHEDULED,-120,-2.0
2026-10-07T04:36:59Z,4078X31454C3,4078X,,SCHEDULED,-60,-1.0
2026-10-07T04:36:59Z,4078X31400C3,4078X,,SCHEDULED,240,4.0
2026-10-07T04:36:59Z,4078X24000C2,4078X,,SCHEDULED,420,7.0
2026-10-07T04:36:59Z,4078X24001C2,4078X,,SCHEDULED,120,2.0
2026-10-07T04:36:59Z,4078X31402C3,4078X,,SCHEDULED,0,0.0
2026-10-07T04:36:59Z,4078X24304C6,4078X,,SCHEDULED,0,0.0
2026-10-07T04:36:59Z,4078X24008C2,4078X,,SCHEDULED,0,0.0
2026-10-07T04:36:59Z,4078X84006C2,4078X,,SCHEDULED,0,0.0
2026-10-07T04:36:59Z,4078X24305C6,4078X,,SCHEDULED,0,0.0
2026-10-07T04:36:59Z,5178X25404R2N,5178X,,CANCELED,,
2026-10-07T04:36:59Z,5178X25604R1,5178X,,CANCELED,,
2026-10-07T04:36:59Z,5178X15722R11,5178X,,CANCELED,,
2026-10-07T04:36:59Z,5178X77980R4,5178X,,CANCELED,,
2026-10-07T04:36:59Z,5178X15720R11,5178X,,CANCELED,,
2026-10-07T04:36:59Z,5178X28265R2S,5178X,,SCHEDULED,60,1.0
2026-10-07T04:36:59Z,5178X77982R4,5178X,,CANCELED,,
2026-10-07T04:36:59Z,5178X28263R2S,5178X,,SCHEDULED,780,13.0
2026-10-07T04:36:59Z,5178X28466R2,5178X,,CANCELED,,
2026-10-07T04:36:59Z,5178X28500R2,5178X,,SCHEDULED,660,11.0
2026-10-07T04:36:59Z,5178X15850R11,5178X,,CANCELED,,
2026-10-07T04:36:59Z,5178X77502R4,5178X,,SCHEDULED,3960,66.0
2026-10-07T04:36:59Z,5178X77702R4,5178X,,CANCELED,,
2026-10-07T04:36:59Z,5178X15772R11,5178X,,CANCELED,,
2026-10-07T04:36:59Z,5178X77504R4,5178X,,SCHEDULED,-120,-2.0
2026-10-07T04:36:59Z,5178X18121R16,5178X,,SCHEDULED,120,2.0
2026-10-07T04:36:59Z,5178X25605R1,5178X,,CANCELED,,
2026-10-07T04:36:59Z,5178X77704R4,5178X,,CANCELED,,
2026-10-07T04:36:59Z,5178X33521RL4,5178X,,SCHEDULED,720,12.0
2026-10-07T04:36:59Z,5178X25607R1,5178X,,CANCELED,,
2026-10-07T04:36:59Z,5178X77506R4,5178X,,CANCELED,,
2026-10-07T04:36:59Z,5178X15040R13,5178X,,SCHEDULED,-240,-4.0
2026-10-07T04:36:59Z,5178X77706R4,5178X,,CANCELED,,
2026-10-07T04:36:59Z,5178X15002R15,5178X,,SCHEDULED,60,1.0
2026-10-07T04:36:59Z,5178X15000R15,5178X,,CANCELED,,
2026-10-07T04:36:59Z,5178X77508R4,5178X,,SCHEDULED,0,0.0
2026-10-07T04:36:59Z,5178X77708R4,5178X,,CANCELED,,
2026-10-07T04:36:59Z,5178X25400R2,5178X,,SCHEDULED,2040,34.0
2026-10-07T04:36:59Z,5178X25600R1,5178X,,CANCELED,,
2026-10-07T04:36:59Z,5178X25704R1,5178X,,CANCELED,,
2026-10-07T04:36:59Z,5178X25402R2N,5178X,,CANCELED,,
2026-10-07T04:36:59Z,5178X77400R4,5178X,,SCHEDULED,540,9.0
2026-10-07T04:36:59Z,5178X77402R4,5178X,,SCHEDULED,60,1.0
2026-10-07T04:36:59Z,5178X25706R1,5178X,,CANCELED,,
2026-10-07T04:36:59Z,5178X77800R7,5178X,,CANCELED,,
2026-10-07T04:36:59Z,5178X77404R4,5178X,,SCHEDULED,0,0.0
2026-10-07T04:36:59Z,5178X77801R7,5178X,,CANCELED,,
2026-10-07T04:36:59Z,5178X77604R4,5178X,,CANCELED,,
2026-10-07T04:36:59Z,5178X77406R4,5178X,,SCHEDULED,0,0.0
2026-10-07T04:36:59Z,5178X25500R2S,5178X,,CANCELED,,
2026-10-07T04:36:59Z,5178X25700R1,5178X,,CANCELED,,
2026-10-07T04:36:59Z,5178X25502R2S,5178X,,CANCELED,,
2026-10-07T04:36:59Z,5178X15770R11,5178X,,CANCELED,,
2026-10-07T04:36:59Z,5178X28252R2S,5178X,,CANCELED,,
2026-10-07T04:36:59Z,5178X28404R2N,5178X,,CANCELED,,
2026-10-07T04:36:59Z,5178X15050R14,5178X,,SCHEDULED,0,0.0
2026-10-07T04:36:59Z,5178X28408R2N,5178X,,CANCELED,,
2026-10-07T04:36:59Z,5178X25612R1,5178X,,CANCELED,,
2026-10-07T04:36:59Z,5178X77312R3,5178X,,CANCELED,,
2026-10-07T04:36:59Z,5178X28406R2N,5178X,,CANCELED,,
2026-10-07T04:36:59Z,5178X35523R3,5178X,,CANCELED,,
2026-10-07T04:36:59Z,5178X77510R4,5178X,,SCHEDULED,0,0.0
2026-10-07T04:36:59Z,5178X77314R3,5178X,,SCHEDULED,120,2.0
2026-10-07T04:36:59Z,5178X77316R3,5178X,,CANCELED,,
2026-10-07T04:36:59Z,5178X33520RL4,5178X,,SCHEDULED,600,10.0
2026-10-07T04:36:59Z,5178X15900R11,5178X,,CANCELED,,
2026-10-07T04:36:59Z,5178X30530R15,5178X,,SCHEDULED,0,0.0
2026-10-07T04:36:59Z,5178X28468R2,5178X,,CANCELED,,
2026-10-07T04:36:59Z,6078X26006C2,6078X,,SCHEDULED,180,3.0
2026-10-07T04:36:59Z,6078X26108C1,6078X,,SCHEDULED,0,0.0
2026-10-07T04:36:59Z,6078X26009C2,6078X,,SCHEDULED,0,0.0
2026-10-07T04:36:59Z,6078X26504C3,6078X,,SCHEDULED,180,3.0
2026-10-07T04:36:59Z,6078X26008C2,6078X,,SCHEDULED,0,0.0
2026-10-07T04:36:59Z,6078X26109C1,6078X,,SCHEDULED,0,0.0
2026-10-07T04:36:59Z,6078X71505C4,6078X,,SCHEDULED,60,1.0
2026-10-07T04:36:59Z,6078X26005C2,6078X,,SCHEDULED,240,4.0
2026-10-07T04:36:59Z,6078X26107C1,6078X,,SCHEDULED,180,3.0
2026-10-07T04:36:59Z,6078X71581C5,6078X,,SCHEDULED,0,0.0
2026-10-07T04:36:59Z,6078X26602C3,6078X,,SCHEDULED,0,0.0
2026-10-07T04:36:59Z,6078X26106C1,6078X,,SCHEDULED,180,3.0
2026-10-07T04:36:59Z,6078X26007C2,6078X,,SCHEDULED,180,3.0
2026-10-07T04:36:59Z,6078X26506C3,6078X,,SCHEDULED,0,0.0
2026-10-07T04:36:59Z,6078X71571C4,6078X,,SCHEDULED,60,1.0
2026-10-07T04:36:59Z,6078X26508C3,6078X,,SCHEDULED,0,0.0
2026-10-07T04:36:59Z,6078X71503C4,6078X,,SCHEDULED,60,1.0
2026-10-07T04:36:59Z,6078X26507C3,6078X,,SCHEDULED,120,2.0
2026-10-07T04:36:59Z,6078X71502C4,6078X,,SCHEDULED,0,0.0
2026-10-07T04:36:59Z,6078X71500C4,6078X,,SCHEDULED,60,1.0
2026-10-07T04:36:59Z,6178X35612C1,6178X,,SCHEDULED,180,3.0
2026-10-07T04:36:59Z,6178X35688C1,6178X,,SCHEDULED,420,7.0
2026-10-07T04:36:59Z,6178X35663C1,6178X,,SCHEDULED,60,1.0
2026-10-07T04:36:59Z,6178X35682C1,6178X,,SCHEDULED,0,0.0
2026-10-07T04:36:59Z,6178X35665C1,6178X,,SCHEDULED,0,0.0
2026-10-07T04:36:59Z,6178X35613C1,6178X,,SCHEDULED,600,10.0
2026-10-07T04:36:59Z,6178X30600C1,6178X,,SCHEDULED,0,0.0
2026-10-07T04:36:59Z,6178X35614C1,6178X,,SCHEDULED,0,0.0
2026-10-07T04:36:59Z,6278X71353C3,6278X,,SCHEDULED,120,2.0
2026-10-07T04:36:59Z,6278X71350C3,6278X,,SCHEDULED,0,0.0
2026-10-07T04:36:59Z,6278X71201C3,6278X,,SCHEDULED,120,2.0
2026-10-07T04:36:59Z,6278X26902C1,6278X,,SCHEDULED,240,4.0
2026-10-07T04:36:59Z,6278X26901C1,6278X,,SCHEDULED,-60,-1.0
2026-10-07T04:36:59Z,6278X71152C2,6278X,,SCHEDULED,-60,-1.0
2026-10-07T04:36:59Z,6278X71151C2,6278X,,SCHEDULED,0,0.0
2026-10-07T04:36:59Z,6278X71104C2,6278X,,CANCELED,,
2026-10-07T04:36:59Z,6278X71200C3,6278X,,SCHEDULED,0,0.0
2026-10-07T04:36:59Z,6278X26903C1,6278X,,SCHEDULED,0,0.0
2026-10-07T04:36:59Z,6278X71105C2,6278X,,CANCELED,,
2026-10-07T04:36:59Z,6278X71840C3,6278X,,SCHEDULED,0,0.0
2026-10-07T04:36:59Z,4678X70150C1,4678X,,SCHEDULED,-60,-1.0
2026-10-07T04:36:59Z,4778X71091C1,4778X,,SCHEDULED,0,0.0
2026-10-07T04:36:59Z,4778X71090C1,4778X,,SCHEDULED,0,0.0
2026-10-07T04:36:59Z,4778X71080C1,4778X,,SCHEDULED,0,0.0
2026-10-07T04:36:59Z,2078X70202C4,2078X,,SCHEDULED,180,3.0
2026-10-07T04:36:59Z,2078X70400C5,2078X,,SCHEDULED,60,1.0
2026-10-07T04:36:59Z,2078X70300C4,2078X,,SCHEDULED,0,0.0
2026-10-07T04:36:59Z,2078X70201C4,2078X,,SCHEDULED,300,5.0
2026-10-07T04:36:59Z,2078X22100C1,2078X,,SCHEDULED,0,0.0
2026-10-07T04:36:59Z,2078X22001C1,2078X,,SCHEDULED,300,5.0
2026-10-07T04:36:59Z,2078X22307C3,2078X,,SCHEDULED,0,0.0
2026-10-07T04:36:59Z,2078X70503C7,2078X,,SCHEDULED,0,0.0
2026-10-07T04:36:59Z,2078X70800C6,2078X,,SCHEDULED,0,0.0
2026-10-07T04:36:59Z,2078X70403C5,2078X,,SCHEDULED,0,0.0
2026-10-07T04:36:59Z,2078X70502C7,2078X,,SCHEDULED,1560,26.0
2026-10-07T04:36:59Z,2078X22204C2,2078X,,SCHEDULED,0,0.0
2026-10-07T04:36:59Z,2078X22006C1,2078X,,SCHEDULED,60,1.0
2026-10-07T04:36:59Z,2078X22105C1,2078X,,SCHEDULED,300,5.0
2026-10-07T04:36:59Z,2078X22303C3,2078X,,SCHEDULED,360,6.0
2026-10-07T04:36:59Z,2078X80851C6,2078X,,SCHEDULED,3300,55.0
2026-10-07T04:36:59Z,2078X70757C6,2078X,,SCHEDULED,0,0.0
2026-10-07T04:36:59Z,2078X22201C2,2078X,,SCHEDULED,180,3.0
2026-10-07T04:36:59Z,2078X22202C2,2078X,,SCHEDULED,180,3.0
2026-10-07T04:36:59Z,2078X22302C3,2078X,,SCHEDULED,0,0.0
2026-10-07T04:36:59Z,2078X70504C7,2078X,,SCHEDULED,0,0.0
2026-10-07T04:36:59Z,2078X70900C8,2078X,,SCHEDULED,1140,19.0
2026-10-07T04:36:59Z,2078X70803C6,2078X,,SCHEDULED,0,0.0
2026-10-07T04:36:59Z,2078X70902C8,2078X,,SCHEDULED,240,4.0
2026-10-07T04:36:59Z,2078X70506C7,2078X,,SCHEDULED,360,6.0
2026-10-07T04:36:59Z,2078X70501C7,2078X,,SCHEDULED,2820,47.0
2026-10-07T04:36:59Z,2078X70402C5,2078X,,CANCELED,,
2026-10-07T04:36:59Z,2078X22305C3,2078X,,SCHEDULED,60,1.0
2026-10-07T04:36:59Z,2078X70203C4,2078X,,SCHEDULED,0,0.0
2026-10-07T04:36:59Z,2078X70302C4,2078X,,SCHEDULED,180,3.0
2026-10-07T04:36:59Z,2078X70401C5,2078X,,SCHEDULED,120,2.0
2026-10-07T04:36:59Z,2078X70754C6,2078X,,SCHEDULED,0,0.0
2026-10-07T04:36:59Z,2078X70853C6,2078X,,SCHEDULED,180,3.0
2026-10-07T04:36:59Z,2078X70756C6,2078X,,SCHEDULED,0,0.0
2026-10-07T04:36:59Z,2078X70235C4,2078X,,SCHEDULED,-4920,-82.0
2026-10-07T04:36:59Z,2078X70850C6,2078X,,SCHEDULED,0,0.0
2026-10-07T04:36:59Z,2078X70251C4,2078X,,SCHEDULED,0,0.0
2026-10-07T04:36:59Z,2078X70250C4,2078X,,SCHEDULED,0,0.0
2026-10-07T04:36:59Z,2078X70508C7,2078X,,SCHEDULED,240,4.0
2026-10-07T04:36:59Z,2078X70505C7,2078X,,SCHEDULED,120,2.0
2026-10-07T04:36:59Z,2078X70901C8,2078X,,SCHEDULED,360,6.0
2026-10-07T04:36:59Z,4178X24702C1,4178X,,SCHEDULED,0,0.0
2026-10-07T04:36:59Z,4178X32800C3,4178X,,SCHEDULED,0,0.0
2026-10-07T04:36:59Z,4178X24701C1,4178X,,SCHEDULED,540,9.0
2026-10-07T04:36:59Z,4178X84904C2,4178X,,SCHEDULED,60,1.0
2026-10-07T04:36:59Z,4178X24700C1,4178X,,SCHEDULED,360,6.0
2026-10-07T04:36:59Z,4178X24703C1,4178X,,SCHEDULED,0,0.0
2026-10-07T04:36:59Z,4578X71600C1,4578X,,SCHEDULED,0,0.0
2026-10-07T04:36:59Z,4578X71601C1,4578X,,SCHEDULED,60,1.0
2026-10-07T04:36:59Z,4578X71603C1,4578X,,SCHEDULED,60,1.0
2026-10-07T04:36:59Z,7078X31529C1,7078X,,SCHEDULED,0,0.0
2026-10-07T04:36:59Z,1078X36202C10,1078X,,SCHEDULED,300,5.0
2026-10-07T04:36:59Z,1078X21182C10,1078X,,SCHEDULED,240,4.0
2026-10-07T04:36:59Z,1078X20423C4b,1078X,,SCHEDULED,0,0.0
2026-10-07T04:36:59Z,1078X21511C2,1078X,,SCHEDULED,0,0.0
2026-10-07T04:36:59Z,1078X19557C5,1078X,,SCHEDULED,0,0.0
2026-10-07T04:36:59Z,1078X20421C4b,1078X,,SCHEDULED,60,1.0
2026-10-07T04:36:59Z,1078X19551C5,1078X,,SCHEDULED,0,0.0
2026-10-07T04:36:59Z,1078X17098C8a,1078X,,SCHEDULED,0,0.0
2026-10-07T04:36:59Z,1078X35980C2,1078X,,SCHEDULED,0,0.0
2026-10-07T04:36:59Z,1078X20706C5,1078X,,SCHEDULED,600,10.0
2026-10-07T04:36:59Z,1078X20704C5,1078X,,SCHEDULED,60,1.0
2026-10-07T04:36:59Z,1078X20703C5,1078X,,SCHEDULED,60,1.0
2026-10-07T04:36:59Z,1078X21516C2,1078X,,SCHEDULED,180,3.0
2026-10-07T04:36:59Z,1078X21514C2,1078X,,SCHEDULED,300,5.0
2026-10-07T04:36:59Z,1078X35981C2,1078X,,SCHEDULED,180,3.0
2026-10-07T04:36:59Z,1078X21204C10,1078X,,SCHEDULED,0,0.0
2026-10-07T04:36:59Z,1078X20715C5,1078X,,SCHEDULED,0,0.0
2026-10-07T04:36:59Z,1078X21804C7,1078X,,SCHEDULED,600,10.0
2026-10-07T04:36:59Z,1078X20714C5,1078X,,SCHEDULED,60,1.0
2026-10-07T04:36:59Z,1078X21802C7,1078X,,SCHEDULED,60,1.0
2026-10-07T04:36:59Z,1078X21800C7,1078X,,SCHEDULED,240,4.0
2026-10-07T04:36:59Z,1078X20710C5,1078X,,SCHEDULED,240,4.0
2026-10-07T04:36:59Z,1078X20709C5,1078X,,SCHEDULED,0,0.0
2026-10-07T04:36:59Z,1078X20720C5,1078X,,SCHEDULED,0,0.0
2026-10-07T04:36:59Z,1078X20726C5,1078X,,SCHEDULED,0,0.0
2026-10-07T04:36:59Z,1078X20604C8b,1078X,,SCHEDULED,0,0.0
2026-10-07T04:36:59Z,1078X21813C7,1078X,,SCHEDULED,0,0.0
2026-10-07T04:36:59Z,1078X20603C8b,1078X,,SCHEDULED,0,0.0
2026-10-07T04:36:59Z,1078X20723C5,1078X,,SCHEDULED,0,0.0
2026-10-07T04:36:59Z,1078X20602C8b,1078X,,SCHEDULED,0,0.0
2026-10-07T04:36:59Z,1078X21811C7,1078X,,SCHEDULED,0,0.0
2026-10-07T04:36:59Z,1078X20601C8b,1078X,,SCHEDULED,60,1.0
2026-10-07T04:36:59Z,1078X20600C8b,1078X,,SCHEDULED,240,4.0
2026-10-07T04:36:59Z,1078X20719C5,1078X,,SCHEDULED,480,8.0
2026-10-07T04:36:59Z,1078X21807C7,1078X,,SCHEDULED,240,4.0
2026-10-07T04:36:59Z,1078X35809C7,1078X,,SCHEDULED,180,3.0
2026-10-07T04:36:59Z,1078X20412C4b,1078X,,SCHEDULED,480,8.0
2026-10-07T04:36:59Z,1078X20015C3,1078X,,SCHEDULED,0,0.0
2026-10-07T04:36:59Z,1078X21104C10,1078X,,SCHEDULED,0,0.0
2026-10-07T04:36:59Z,1078X20411C4b,1078X,,SCHEDULED,60,1.0
2026-10-07T04:36:59Z,1078X20014C3,1078X,,SCHEDULED,0,0.0
2026-10-07T04:36:59Z,1078X20410C4b,1078X,,SCHEDULED,120,2.0
2026-10-07T04:36:59Z,1078X19545C5,1078X,,SCHEDULED,0,0.0
2026-10-07T04:36:59Z,1078X20013C3,1078X,,SCHEDULED,0,0.0
2026-10-07T04:36:59Z,1078X19540C5,1078X,,CANCELED,,
2026-10-07T04:36:59Z,1078X20012C3,1078X,,SCHEDULED,0,0.0
2026-10-07T04:36:59Z,1078X20011C3,1078X,,SCHEDULED,420,7.0
2026-10-07T04:36:59Z,1078X21100C10,1078X,,SCHEDULED,60,1.0
2026-10-07T04:36:59Z,1078X20214C4,1078X,,SCHEDULED,0,0.0
2026-10-07T04:36:59Z,1078X20730C5,1078X,,CANCELED,,
2026-10-07T04:36:59Z,1078X20213C4a,1078X,,SCHEDULED,180,3.0
2026-10-07T04:36:59Z,1078X20212C4a,1078X,,SCHEDULED,240,4.0
2026-10-07T04:36:59Z,1078X20211C4a,1078X,,SCHEDULED,0,0.0
2026-10-07T04:36:59Z,1078X21706C2,1078X,,SCHEDULED,0,0.0
2026-10-07T04:36:59Z,1078X20219C4a,1078X,,SCHEDULED,300,5.0
2026-10-07T04:36:59Z,1078X21307C10,1078X,,SCHEDULED,0,0.0
2026-10-07T04:36:59Z,1078X20218C4a,1078X,,SCHEDULED,240,4.0
2026-10-07T04:36:59Z,1078X21306C10,1078X,,SCHEDULED,0,0.0
2026-10-07T04:36:59Z,1078X20217C4a,1078X,,SCHEDULED,180,3.0
2026-10-07T04:36:59Z,1078X20216C4a,1078X,,SCHEDULED,180,3.0
2026-10-07T04:36:59Z,1078X20215C4a,1078X,,SCHEDULED,120,2.0
2026-10-07T04:36:59Z,1078X21304C10,1078X,,SCHEDULED,60,1.0
2026-10-07T04:36:59Z,1078X19508C5,1078X,,SCHEDULED,0,0.0
2026-10-07T04:36:59Z,1078X20224C4a,1078X,,SCHEDULED,0,0.0
2026-10-07T04:36:59Z,1078X19510C5,1078X,,SCHEDULED,0,0.0
2026-10-07T04:36:59Z,1078X20223C4a,1078X,,SCHEDULED,0,0.0
2026-10-07T04:36:59Z,1078X19513C5,1078X,,SCHEDULED,0,0.0
2026-10-07T04:36:59Z,1078X20222C4a,1078X,,SCHEDULED,60,1.0
2026-10-07T04:36:59Z,1078X19512C5,1078X,,SCHEDULED,240,4.0
2026-10-07T04:36:59Z,1078X20221C4a,1078X,,SCHEDULED,0,0.0
2026-10-07T04:36:59Z,1078X20220C4a,1078X,,SCHEDULED,0,0.0
2026-10-07T04:36:59Z,1078X20226C4a,1078X,,SCHEDULED,0,0.0
2026-10-07T04:36:59Z,1078X19518C5,1078X,,SCHEDULED,840,14.0
2026-10-07T04:36:59Z,1078X19515C5,1078X,,SCHEDULED,0,0.0
2026-10-07T04:36:59Z,1078X21004C8a,1078X,,SCHEDULED,0,0.0
2026-10-07T04:36:59Z,1078X21003C8a,1078X,,SCHEDULED,240,4.0
2026-10-07T04:36:59Z,1078X21002C8a,1078X,,SCHEDULED,60,1.0
2026-10-07T04:36:59Z,1078X21001C8a,1078X,,SCHEDULED,120,2.0
2026-10-07T04:36:59Z,1078X21000C8a,1078X,,SCHEDULED,0,0.0
2026-10-07T04:36:59Z,1078X21806C7,1078X,,SCHEDULED,0,0.0
2026-10-07T04:36:59Z,1078X19527C5,1078X,,SCHEDULED,180,3.0
2026-10-07T04:36:59Z,1078X19533C5,1078X,,SCHEDULED,60,1.0
2026-10-07T04:36:59Z,1078X20005C3,1078X,,SCHEDULED,180,3.0
2026-10-07T04:36:59Z,1078X19531C5,1078X,,SCHEDULED,240,4.0
2026-10-07T04:36:59Z,1078X19530C5,1078X,,CANCELED,,
2026-10-07T04:36:59Z,1078X20408C4b,1078X,,SCHEDULED,240,4.0
2026-10-07T04:36:59Z,1078X20406C4b,1078X,,SCHEDULED,420,7.0
2026-10-07T04:36:59Z,1078X20009C3,1078X,,SCHEDULED,240,4.0
2026-10-07T04:36:59Z,1078X20404C4,1078X,,SCHEDULED,0,0.0
2026-10-07T04:36:59Z,1078X20008C3,1078X,,SCHEDULED,180,3.0
2026-10-07T04:36:59Z,1078X20007C3,1078X,,SCHEDULED,60,1.0
2026-10-07T04:36:59Z,1078X20006C3,1078X,,SCHEDULED,180,3.0
2026-10-07T04:36:59Z,1078X20402C4b,1078X,,SCHEDULED,0,0.0
2026-10-07T04:36:59Z,1078X19537C5,1078X,,SCHEDULED,0,0.0
2026-10-07T04:36:59Z,1078X19811C1,1078X,,SCHEDULED,0,0.0
2026-10-07T04:36:59Z,1078X19539C5,1078X,,SCHEDULED,240,4.0
2026-10-07T04:36:59Z,1078X19538C5,1078X,,SCHEDULED,0,0.0
2026-10-07T04:36:59Z,1078X19522C5,1078X,,SCHEDULED,540,9.0
2026-10-07T04:36:59Z,1078X19521C5,1078X,,SCHEDULED,0,0.0
2026-10-07T04:36:59Z,1078X21200C10,1078X,,SCHEDULED,240,4.0
2026-10-07T04:36:59Z,1078X21607C2,1078X,,SCHEDULED,0,0.0
2026-10-07T04:36:59Z,1078X21605C2,1078X,,SCHEDULED,240,4.0
2026-10-07T04:36:59Z,1078X21603C2,1078X,,SCHEDULED,360,6.0
2026-10-07T04:36:59Z,1078X35975C2,1078X,,SCHEDULED,60,1.0
2026-10-07T04:36:59Z,1078X19809C1,1078X,,SCHEDULED,0,0.0
2026-10-07T04:36:59Z,1078X19808C1,1078X,,SCHEDULED,0,0.0
2026-10-07T04:36:59Z,1078X19804C1,1078X,,SCHEDULED,120,2.0
2026-10-07T04:36:59Z,1078X19807C1,1078X,,SCHEDULED,0,0.0
2026-10-07T04:36:59Z,1078X19806C1,1078X,,SCHEDULED,0,0.0
2026-10-07T04:36:59Z,1078X36305C10,1078X,,SCHEDULED,180,3.0
2026-10-07T04:36:59Z,1078X19528C5,1078X,,SCHEDULED,60,1.0
2026-10-07T04:36:59Z,1078X19802C1,1078X,,SCHEDULED,360,6.0
2026-10-07T04:36:59Z,1078X20010C3,1078X,,SCHEDULED,180,3.0
2026-10-07T04:36:59Z,1078X19541C5,1078X,,SCHEDULED,0,0.0
2026-10-07T04:36:59Z,1078X21509C2,1078X,,SCHEDULED,240,4.0
2026-10-07T04:36:59Z,1078X20419C4b,1078X,,SCHEDULED,240,4.0
2026-10-07T04:36:59Z,1078X21508C2,1078X,,SCHEDULED,540,9.0
2026-10-07T04:36:59Z,1078X20417C4b,1078X,,SCHEDULED,0,0.0
2026-10-07T04:36:59Z,1078X21506C2,1078X,,SCHEDULED,0,0.0
2026-10-07T04:36:59Z,1078X20416C4b,1078X,,SCHEDULED,0,0.0
2026-10-07T04:36:59Z,1078X21505C2,1078X,,SCHEDULED,300,5.0
2026-10-07T04:36:59Z,1078X21504C2,1078X,,SCHEDULED,180,3.0
2026-10-07T04:36:59Z,1078X20414C4b,1078X,,CANCELED,,
2026-10-07T04:36:59Z,1078X21503C2,1078X,,SCHEDULED,420,7.0
2026-10-07T04:36:59Z,1078X20017C3,1078X,,SCHEDULED,0,0.0
2026-10-07T04:36:59Z,1078X21106C10,1078X,,SCHEDULED,0,0.0
2026-10-07T04:36:59Z,1078X20413C4b,1078X,,SCHEDULED,120,2.0
2026-10-07T04:41:35Z,3078X23508C1,3078X,,SCHEDULED,-60,-1.0
2026-10-07T04:41:35Z,3078X23703C5,3078X,,SCHEDULED,120,2.0
2026-10-07T04:41:35Z,3078X23509C1,3078X,,SCHEDULED,480,8.0
2026-10-07T04:41:35Z,3078X23505C1,3078X,,SCHEDULED,300,5.0
2026-10-07T04:41:35Z,3078X23605C4,3078X,,SCHEDULED,0,0.0
2026-10-07T04:41:35Z,3078X23100C3,3078X,,SCHEDULED,0,0.0
2026-10-07T04:41:35Z,3078X23603C4,3078X,,SCHEDULED,360,6.0
2026-10-07T04:41:35Z,3078X23504C1,3078X,,SCHEDULED,480,8.0
2026-10-07T04:41:35Z,3078X23506C1,3078X,,SCHEDULED,0,0.0
2026-10-07T04:41:35Z,3078X23507C1,3078X,,SCHEDULED,60,1.0
2026-10-07T04:41:35Z,3078X23102C3,3078X,,SCHEDULED,0,0.0
2026-10-07T04:41:35Z,3178X23422T1,3178X,,SCHEDULED,120,2.0
2026-10-07T04:41:35Z,3178X23423T1,3178X,,SCHEDULED,0,0.0
2026-10-07T04:41:35Z,3178X23203C1,3178X,,SCHEDULED,300,5.0
2026-10-07T04:41:35Z,3178X23204C1,3178X,,SCHEDULED,0,0.0
2026-10-07T04:41:35Z,3178X23424T1,3178X,,SCHEDULED,0,0.0
2026-10-07T04:41:35Z,3178X23205C1,3178X,,SCHEDULED,0,0.0
2026-10-07T04:41:35Z,3178X23421T1,3178X,,SCHEDULED,0,0.0
2026-10-07T04:41:35Z,3178X23202C1,3178X,,SCHEDULED,0,0.0
2026-10-07T04:41:35Z,3278X23302C1,3278X,,SCHEDULED,60,1.0
2026-10-07T04:41:35Z,3278X23305C1,3278X,,SCHEDULED,120,2.0
2026-10-07T04:41:35Z,3278X23304C1,3278X,,SCHEDULED,0,0.0
2026-10-07T04:41:35Z,3278X23150C2,3278X,,SCHEDULED,120,2.0
2026-10-07T04:41:35Z,3278X23307C1,3278X,,SCHEDULED,60,1.0
2026-10-07T04:41:35Z,4078X24201C1,4078X,,SCHEDULED,-60,-1.0
2026-10-07T04:41:35Z,4078X24004C2,4078X,,SCHEDULED,-60,-1.0
2026-10-07T04:41:35Z,4078X24202C1,4078X,,SCHEDULED,0,0.0
2026-10-07T04:41:35Z,4078X24301C6,4078X,,SCHEDULED,660,11.0
2026-10-07T04:41:35Z,4078X24005C2,4078X,,SCHEDULED,120,2.0
2026-10-07T04:41:35Z,4078X24302C6,4078X,,SCHEDULED,120,2.0
2026-10-07T04:41:35Z,4078X24203C1,4078X,,SCHEDULED,120,2.0
2026-10-07T04:41:35Z,4078X24204C1,4078X,,SCHEDULED,0,0.0
2026-10-07T04:41:35Z,4078X24303C6,4078X,,SCHEDULED,180,3.0
2026-10-07T04:41:35Z,4078X24007C2,4078X,,SCHEDULED,0,0.0
2026-10-07T04:41:35Z,4078X24304C6,4078X,,SCHEDULED,60,1.0
2026-10-07T04:41:35Z,4078X24008C2,4078X,,SCHEDULED,0,0.0
2026-10-07T04:41:35Z,4078X24305C6,4078X,,SCHEDULED,0,0.0
2026-10-07T04:41:35Z,4078X24381C6,4078X,,SCHEDULED,60,1.0
2026-10-07T04:41:35Z,4078X31400C3,4078X,,SCHEDULED,360,6.0
2026-10-07T04:41:35Z,4078X24000C2,4078X,,SCHEDULED,540,9.0
2026-10-07T04:41:35Z,4078X24001C2,4078X,,SCHEDULED,360,6.0
2026-10-07T04:41:35Z,4078X31402C3,4078X,,SCHEDULED,0,0.0
2026-10-07T04:41:35Z,4078X84003C2,4078X,,SCHEDULED,0,0.0
2026-10-07T04:41:35Z,4078X36405C1,4078X,,SCHEDULED,120,2.0
2026-10-07T04:41:35Z,4078X24002C2,4078X,,SCHEDULED,120,2.0
2026-10-07T04:41:35Z,4078X24200C1,4078X,,SCHEDULED,60,1.0
2026-10-07T04:41:35Z,4078X24003C2,4078X,,SCHEDULED,0,0.0
2026-10-07T04:41:35Z,4078X24300C6,4078X,,SCHEDULED,-60,-1.0
2026-10-07T04:41:35Z,4078X24291C1,4078X,,SCHEDULED,0,0.0
2026-10-07T04:41:35Z,4078X31454C3,4078X,,SCHEDULED,120,2.0
2026-10-07T04:41:35Z,4078X84006C2,4078X,,SCHEDULED,0,0.0
2026-10-07T04:41:35Z,5178X25605R1,5178X,,CANCELED,,
2026-10-07T04:41:35Z,5178X25607R1,5178X,,CANCELED,,
2026-10-07T04:41:35Z,5178X15040R13,5178X,,SCHEDULED,-240,-4.0
2026-10-07T04:41:35Z,5178X15002R15,5178X,,SCHEDULED,120,2.0
2026-10-07T04:41:35Z,5178X15000R15,5178X,,CANCELED,,
2026-10-07T04:41:35Z,5178X25600R1,5178X,,CANCELED,,
2026-10-07T04:41:35Z,5178X25402R2N,5178X,,CANCELED,,
2026-10-07T04:41:35Z,5178X25404R2N,5178X,,CANCELED,,
2026-10-07T04:41:35Z,5178X15722R11,5178X,,CANCELED,,
2026-10-07T04:41:35Z,5178X15720R11,5178X,,CANCELED,,
2026-10-07T04:41:35Z,5178X28470R2,5178X,,CANCELED,,
2026-10-07T04:41:35Z,5178X15850R11,5178X,,CANCELED,,
2026-10-07T04:41:35Z,5178X15772R11,5178X,,CANCELED,,
2026-10-07T04:41:35Z,5178X77400R4,5178X,,SCHEDULED,540,9.0
2026-10-07T04:41:35Z,5178X77402R4,5178X,,SCHEDULED,-60,-1.0
2026-10-07T04:41:35Z,5178X77800R7,5178X,,CANCELED,,
2026-10-07T04:41:35Z,5178X77404R4,5178X,,SCHEDULED,60,1.0
2026-10-07T04:41:35Z,5178X77604R4,5178X,,CANCELED,,
2026-10-07T04:41:35Z,5178X77803R7,5178X,,CANCELED,,
2026-10-07T04:41:35Z,5178X18121R16,5178X,,SCHEDULED,120,2.0
2026-10-07T04:41:35Z,5178X15770R11,5178X,,CANCELED,,
2026-10-07T04:41:35Z,5178X28404R2N,5178X,,CANCELED,,
2026-10-07T04:41:35Z,5178X15050R14,5178X,,SCHEDULED,0,0.0
2026-10-07T04:41:35Z,5178X28408R2N,5178X,,CANCELED,,
2026-10-07T04:41:35Z,5178X25612R1,5178X,,CANCELED,,
2026-10-07T04:41:35Z,5178X28468R2,5178X,,CANCELED,,
2026-10-07T04:41:35Z,5178X28406R2N,5178X,,CANCELED,,
2026-10-07T04:41:35Z,5178X77980R4,5178X,,CANCELED,,
2026-10-07T04:41:35Z,5178X35523R3,5178X,,CANCELED,,
2026-10-07T04:41:35Z,5178X28265R2S,5178X,,SCHEDULED,60,1.0
2026-10-07T04:41:35Z,5178X25704R1,5178X,,CANCELED,,
2026-10-07T04:41:35Z,5178X25706R1,5178X,,CANCELED,,
2026-10-07T04:41:35Z,5178X77982R4,5178X,,CANCELED,,
2026-10-07T04:41:35Z,5178X28263R2S,5178X,,SCHEDULED,840,14.0
2026-10-07T04:41:35Z,5178X25500R2S,5178X,,CANCELED,,
2026-10-07T04:41:35Z,5178X25503R2S,5178X,,SCHEDULED,240,4.0
2026-10-07T04:41:35Z,5178X28466R2,5178X,,CANCELED,,
2026-10-07T04:41:35Z,5178X28500R2,5178X,,SCHEDULED,600,10.0
2026-10-07T04:41:35Z,5178X25700R1,5178X,,CANCELED,,
2026-10-07T04:41:35Z,5178X25502R2S,5178X,,CANCELED,,
2026-10-07T04:41:35Z,5178X77502R4,5178X,,SCHEDULED,3960,66.0
2026-10-07T04:41:35Z,5178X28252R2S,5178X,,CANCELED,,
2026-10-07T04:41:35Z,5178X77702R4,5178X,,CANCELED,,
2026-10-07T04:41:35Z,5178X77312R3,5178X,,CANCELED,,
2026-10-07T04:41:35Z,5178X77504R4,5178X,,SCHEDULED,60,1.0
2026-10-07T04:41:35Z,5178X77510R4,5178X,,SCHEDULED,0,0.0
2026-10-07T04:41:35Z,5178X77704R4,5178X,,CANCELED,,
2026-10-07T04:41:35Z,5178X33521RL4,5178X,,SCHEDULED,720,12.0
2026-10-07T04:41:35Z,5178X77512R4,5178X,,CANCELED,,
2026-10-07T04:41:35Z,5178X77506R4,5178X,,CANCELED,,
2026-10-07T04:41:35Z,5178X77314R3,5178X,,SCHEDULED,120,2.0
2026-10-07T04:41:35Z,5178X77706R4,5178X,,CANCELED,,
2026-10-07T04:41:35Z,5178X77316R3,5178X,,CANCELED,,
2026-10-07T04:41:35Z,5178X33520RL4,5178X,,SCHEDULED,600,10.0
2026-10-07T04:41:35Z,5178X15900R11,5178X,,CANCELED,,
2026-10-07T04:41:35Z,5178X77508R4,5178X,,SCHEDULED,0,0.0
2026-10-07T04:41:35Z,5178X30530R15,5178X,,SCHEDULED,0,0.0
2026-10-07T04:41:35Z,5178X77708R4,5178X,,CANCELED,,
2026-10-07T04:41:35Z,6078X26108C1,6078X,,SCHEDULED,0,0.0
2026-10-07T04:41:35Z,6078X26009C2,6078X,,SCHEDULED,0,0.0
2026-10-07T04:41:35Z,6078X26504C3,6078X,,SCHEDULED,180,3.0
2026-10-07T04:41:35Z,6078X26008C2,6078X,,SCHEDULED,180,3.0
2026-10-07T04:41:35Z,6078X26107C1,6078X,,SCHEDULED,120,2.0
2026-10-07T04:41:35Z,6078X71581C5,6078X,,SCHEDULED,120,2.0
2026-10-07T04:41:35Z,6078X71505C4,6078X,,SCHEDULED,0,0.0
2026-10-07T04:41:35Z,6078X26106C1,6078X,,SCHEDULED,180,3.0
2026-10-07T04:41:35Z,6078X26506C3,6078X,,SCHEDULED,0,0.0
2026-10-07T04:41:35Z,6078X26007C2,6078X,,SCHEDULED,240,4.0
2026-10-07T04:41:35Z,6078X26601C3,6078X,,SCHEDULED,120,2.0
2026-10-07T04:41:35Z,6078X26109C1,6078X,,SCHEDULED,0,0.0
2026-10-07T04:41:35Z,6078X71571C4,6078X,,SCHEDULED,-60,-1.0
2026-10-07T04:41:35Z,6078X26006C2,6078X,,SCHEDULED,120,2.0
2026-10-07T04:41:35Z,6078X26508C3,6078X,,SCHEDULED,0,0.0
2026-10-07T04:41:35Z,6078X71503C4,6078X,,SCHEDULED,120,2.0
2026-10-07T04:41:35Z,6078X26507C3,6078X,,SCHEDULED,120,2.0
2026-10-07T04:41:35Z,6078X71502C4,6078X,,SCHEDULED,120,2.0
2026-10-07T04:41:35Z,6078X71500C4,6078X,,SCHEDULED,0,0.0
2026-10-07T04:41:35Z,6178X35665C1,6178X,,SCHEDULED,0,0.0
2026-10-07T04:41:35Z,6178X35682C1,6178X,,SCHEDULED,120,2.0
2026-10-07T04:41:35Z,6178X35663C1,6178X,,SCHEDULED,-300,-5.0
2026-10-07T04:41:35Z,6178X35613C1,6178X,,SCHEDULED,600,10.0
2026-10-07T04:41:35Z,6178X35612C1,6178X,,SCHEDULED,360,6.0
2026-10-07T04:41:35Z,6178X35614C1,6178X,,SCHEDULED,-60,-1.0
2026-10-07T04:41:35Z,6278X71154C2,6278X,,SCHEDULED,60,1.0
2026-10-07T04:41:35Z,6278X71353C3,6278X,,SCHEDULED,0,0.0
2026-10-07T04:41:35Z,6278X71350C3,6278X,,SCHEDULED,0,0.0
2026-10-07T04:41:35Z,6278X26902C1,6278X,,SCHEDULED,180,3.0
2026-10-07T04:41:35Z,6278X26901C1,6278X,,SCHEDULED,0,0.0
2026-10-07T04:41:35Z,6278X71152C2,6278X,,SCHEDULED,0,0.0
2026-10-07T04:41:35Z,6278X71151C2,6278X,,SCHEDULED,0,0.0
2026-10-07T04:41:35Z,6278X71301C3,6278X,,SCHEDULED,-180,-3.0
2026-10-07T04:41:35Z,6278X71104C2,6278X,,CANCELED,,
2026-10-07T04:41:35Z,6278X71200C3,6278X,,SCHEDULED,0,0.0
2026-10-07T04:41:35Z,6278X71105C2,6278X,,CANCELED,,
2026-10-07T04:41:35Z,6278X71840C3,6278X,,SCHEDULED,0,0.0
2026-10-07T04:41:35Z,4678X70150C1,4678X,,SCHEDULED,0,0.0
2026-10-07T04:41:35Z,4778X71091C1,4778X,,SCHEDULED,0,0.0
2026-10-07T04:41:35Z,4778X71090C1,4778X,,SCHEDULED,0,0.0
2026-10-07T04:41:35Z,4778X71080C1,4778X,,SCHEDULED,0,0.0
2026-10-07T04:41:35Z,2078X70502C7,2078X,,SCHEDULED,1860,31.0
2026-10-07T04:41:35Z,2078X70403C5,2078X,,SCHEDULED,0,0.0
2026-10-07T04:41:35Z,2078X70563C5a,2078X,,SCHEDULED,0,0.0
2026-10-07T04:41:35Z,2078X22309C3,2078X,,SCHEDULED,0,0.0
2026-10-07T04:41:35Z,2078X70202C4,2078X,,SCHEDULED,360,6.0
2026-10-07T04:41:35Z,2078X70400C5,2078X,,SCHEDULED,60,1.0
2026-10-07T04:41:35Z,2078X70300C4,2078X,,SCHEDULED,0,0.0
2026-10-07T04:41:35Z,2078X70201C4,2078X,,SCHEDULED,180,3.0
2026-10-07T04:41:35Z,2078X22100C1,2078X,,SCHEDULED,0,0.0
2026-10-07T04:41:35Z,2078X22001C1,2078X,,SCHEDULED,60,1.0
2026-10-07T04:41:35Z,2078X22002C1,2078X,,SCHEDULED,60,1.0
2026-10-07T04:41:35Z,2078X22003C1,2078X,,SCHEDULED,0,0.0
2026-10-07T04:41:35Z,2078X22201C2,2078X,,SCHEDULED,180,3.0
2026-10-07T04:41:35Z,2078X22202C2,2078X,,SCHEDULED,360,6.0
2026-10-07T04:41:35Z,2078X22004C1,2078X,,SCHEDULED,240,4.0
2026-10-07T04:41:35Z,2078X22203C2,2078X,,SCHEDULED,0,0.0
2026-10-07T04:41:35Z,2078X22302C3,2078X,,SCHEDULED,120,2.0
2026-10-07T04:41:35Z,2078X22204C2,2078X,,SCHEDULED,180,3.0
2026-10-07T04:41:35Z,2078X22006C1,2078X,,SCHEDULED,180,3.0
2026-10-07T04:41:35Z,2078X22105C1,2078X,,SCHEDULED,0,0.0
2026-10-07T04:41:35Z,2078X80851C6,2078X,,SCHEDULED,3600,60.0
2026-10-07T04:41:35Z,2078X70757C6,2078X,,SCHEDULED,0,0.0
2026-10-07T04:41:35Z,2078X70902C8,2078X,,SCHEDULED,480,8.0
2026-10-07T04:41:35Z,2078X70506C7,2078X,,SCHEDULED,240,4.0
2026-10-07T04:41:35Z,2078X70501C7,2078X,,SCHEDULED,3120,52.0
2026-10-07T04:41:35Z,2078X70402C5,2078X,,SCHEDULED,0,0.0
2026-10-07T04:41:35Z,2078X70203C4,2078X,,SCHEDULED,0,0.0
2026-10-07T04:41:35Z,2078X70754C6,2078X,,SCHEDULED,0,0.0
2026-10-07T04:41:35Z,2078X70302C4,2078X,,SCHEDULED,300,5.0
2026-10-07T04:41:35Z,2078X70401C5,2078X,,SCHEDULED,120,2.0
2026-10-07T04:41:35Z,2078X22307C3,2078X,,SCHEDULED,0,0.0
2026-10-07T04:41:35Z,2078X70853C6,2078X,,SCHEDULED,120,2.0
2026-10-07T04:41:35Z,2078X70756C6,2078X,,SCHEDULED,0,0.0
2026-10-07T04:41:35Z,2078X70503C7,2078X,,SCHEDULED,0,0.0
2026-10-07T04:41:35Z,2078X70800C6,2078X,,SCHEDULED,120,2.0
2026-10-07T04:41:35Z,2078X70850C6,2078X,,SCHEDULED,0,0.0
2026-10-07T04:41:35Z,2078X70251C4,2078X,,SCHEDULED,0,0.0
2026-10-07T04:41:35Z,2078X70250C4,2078X,,SCHEDULED,0,0.0
2026-10-07T04:41:35Z,2078X70508C7,2078X,,SCHEDULED,420,7.0
2026-10-07T04:41:35Z,2078X70505C7,2078X,,SCHEDULED,420,7.0
2026-10-07T04:41:35Z,2078X70901C8,2078X,,SCHEDULED,660,11.0
2026-10-07T04:41:35Z,2078X70504C7,2078X,,SCHEDULED,0,0.0
2026-10-07T04:41:35Z,2078X70803C6,2078X,,SCHEDULED,0,0.0
2026-10-07T04:41:35Z,4178X84904C2,4178X,,SCHEDULED,360,6.0
2026-10-07T04:41:35Z,4178X24700C1,4178X,,SCHEDULED,660,11.0
2026-10-07T04:41:35Z,4178X24703C1,4178X,,SCHEDULED,180,3.0
2026-10-07T04:41:35Z,4178X24702C1,4178X,,SCHEDULED,0,0.0
2026-10-07T04:41:35Z,4178X32800C3,4178X,,SCHEDULED,0,0.0
2026-10-07T04:41:35Z,4178X24701C1,4178X,,SCHEDULED,120,2.0
2026-10-07T04:41:35Z,4578X71600C1,4578X,,SCHEDULED,0,0.0
2026-10-07T04:41:35Z,4578X71601C1,4578X,,SCHEDULED,120,2.0
2026-10-07T04:41:35Z,4578X71603C1,4578X,,SCHEDULED,360,6.0
2026-10-07T04:41:35Z,7078X31529C1,7078X,,SCHEDULED,60,1.0
2026-10-07T04:41:35Z,1078X20010C3,1078X,,SCHEDULED,240,4.0
2026-10-07T04:41:35Z,1078X19541C5,1078X,,SCHEDULED,0,0.0
2026-10-07T04:41:35Z,1078X20714C5,1078X,,SCHEDULED,240,4.0
2026-10-07T04:41:35Z,1078X21802C7,1078X,,SCHEDULED,120,2.0
2026-10-07T04:41:35Z,1078X21509C2,1078X,,SCHEDULED,0,0.0
2026-10-07T04:41:35Z,1078X21800C7,1078X,,SCHEDULED,240,4.0
2026-10-07T04:41:35Z,1078X20710C5,1078X,,SCHEDULED,240,4.0
2026-10-07T04:41:35Z,1078X20419C4b,1078X,,SCHEDULED,180,3.0
2026-10-07T04:41:35Z,1078X20709C5,1078X,,SCHEDULED,0,0.0
2026-10-07T04:41:35Z,1078X21508C2,1078X,,SCHEDULED,600,10.0
2026-10-07T04:41:35Z,1078X20720C5,1078X,,SCHEDULED,120,2.0
2026-10-07T04:41:35Z,1078X21817C7,1078X,,SCHEDULED,0,0.0
2026-10-07T04:41:35Z,1078X20417C4b,1078X,,SCHEDULED,180,3.0
2026-10-07T04:41:35Z,1078X20727C5,1078X,,SCHEDULED,0,0.0
2026-10-07T04:41:35Z,1078X21506C2,1078X,,SCHEDULED,60,1.0
2026-10-07T04:41:35Z,1078X20726C5,1078X,,SCHEDULED,0,0.0
2026-10-07T04:41:35Z,1078X20416C4b,1078X,,SCHEDULED,0,0.0
2026-10-07T04:41:35Z,1078X20604C8b,1078X,,SCHEDULED,0,0.0
2026-10-07T04:41:35Z,1078X21813C7,1078X,,SCHEDULED,0,0.0
2026-10-07T04:41:35Z,1078X20603C8b,1078X,,SCHEDULED,0,0.0
2026-10-07T04:41:35Z,1078X21505C2,1078X,,SCHEDULED,0,0.0
2026-10-07T04:41:35Z,1078X20723C5,1078X,,SCHEDULED,0,0.0
2026-10-07T04:41:35Z,1078X20415C4b,1078X,,SCHEDULED,120,2.0
2026-10-07T04:41:35Z,1078X20602C8b,1078X,,SCHEDULED,180,3.0
2026-10-07T04:41:35Z,1078X21504C2,1078X,,SCHEDULED,120,2.0
2026-10-07T04:41:35Z,1078X21811C7,1078X,,SCHEDULED,300,5.0
2026-10-07T04:41:35Z,1078X20414C4b,1078X,,CANCELED,,
2026-10-07T04:41:35Z,1078X20601C8b,1078X,,SCHEDULED,180,3.0
2026-10-07T04:41:35Z,1078X21503C2,1078X,,SCHEDULED,120,2.0
2026-10-07T04:41:35Z,1078X20017C3,1078X,,SCHEDULED,0,0.0
2026-10-07T04:41:35Z,1078X20600C8b,1078X,,SCHEDULED,60,1.0
2026-10-07T04:41:35Z,1078X21808C7,1078X,,SCHEDULED,0,0.0
2026-10-07T04:41:35Z,1078X21106C10,1078X,,SCHEDULED,0,0.0
2026-10-07T04:41:35Z,1078X20413C4b,1078X,,SCHEDULED,60,1.0
2026-10-07T04:41:35Z,1078X20719C5,1078X,,SCHEDULED,480,8.0
2026-10-07T04:41:35Z,1078X21807C7,1078X,,SCHEDULED,540,9.0
2026-10-07T04:41:35Z,1078X36202C10,1078X,,SCHEDULED,300,5.0
2026-10-07T04:41:35Z,1078X20412C4b,1078X,,SCHEDULED,60,1.0
2026-10-07T04:41:35Z,1078X21182C10,1078X,,SCHEDULED,240,4.0
2026-10-07T04:41:35Z,1078X20015C3,1078X,,SCHEDULED,0,0.0
2026-10-07T04:41:35Z,1078X21104C10,1078X,,SCHEDULED,60,1.0
2026-10-07T04:41:35Z,1078X20423C4b,1078X,,SCHEDULED,0,0.0
2026-10-07T04:41:35Z,1078X20411C4b,1078X,,SCHEDULED,120,2.0
2026-10-07T04:41:35Z,1078X21512C2,1078X,,SCHEDULED,360,6.0
2026-10-07T04:41:35Z,1078X20014C3,1078X,,SCHEDULED,0,0.0
2026-10-07T04:41:35Z,1078X20410C4b,1078X,,SCHEDULED,60,1.0
2026-10-07T04:41:35Z,1078X19545C5,1078X,,SCHEDULED,0,0.0
2026-10-07T04:41:35Z,1078X20013C3,1078X,,SCHEDULED,240,4.0
2026-10-07T04:41:35Z,1078X21511C2,1078X,,SCHEDULED,0,0.0
2026-10-07T04:41:35Z,1078X19540C5,1078X,,CANCELED,,
2026-10-07T04:41:35Z,1078X20012C3,1078X,,SCHEDULED,240,4.0
2026-10-07T04:41:35Z,1078X20011C3,1078X,,SCHEDULED,660,11.0
2026-10-07T04:41:35Z,1078X20214C4,1078X,,SCHEDULED,0,0.0
2026-10-07T04:41:35Z,1078X19557C5,1078X,,SCHEDULED,0,0.0
2026-10-07T04:41:35Z,1078X21510C2,1078X,,SCHEDULED,60,1.0
2026-10-07T04:41:35Z,1078X20421C4b,1078X,,SCHEDULED,300,5.0
2026-10-07T04:41:35Z,1078X20730C5,1078X,,CANCELED,,
2026-10-07T04:41:35Z,1078X19551C5,1078X,,SCHEDULED,0,0.0
2026-10-07T04:41:35Z,1078X17098C8a,1078X,,SCHEDULED,0,0.0
2026-10-07T04:41:35Z,1078X35980C2,1078X,,SCHEDULED,180,3.0
2026-10-07T04:41:35Z,1078X20213C4a,1078X,,SCHEDULED,120,2.0
2026-10-07T04:41:35Z,1078X20706C5,1078X,,SCHEDULED,600,10.0
2026-10-07T04:41:35Z,1078X20212C4a,1078X,,SCHEDULED,300,5.0
2026-10-07T04:41:35Z,1078X20211C4a,1078X,,SCHEDULED,60,1.0
2026-10-07T04:41:35Z,1078X20704C5,1078X,,SCHEDULED,0,0.0
2026-10-07T04:41:35Z,1078X20703C5,1078X,,SCHEDULED,0,0.0
2026-10-07T04:41:35Z,1078X21706C2,1078X,,SCHEDULED,300,5.0
2026-10-07T04:41:35Z,1078X20219C4a,1078X,,SCHEDULED,60,1.0
2026-10-07T04:41:35Z,1078X21307C10,1078X,,SCHEDULED,0,0.0
2026-10-07T04:41:35Z,1078X21516C2,1078X,,SCHEDULED,180,3.0
2026-10-07T04:41:35Z,1078X20218C4a,1078X,,SCHEDULED,60,1.0
2026-10-07T04:41:35Z,1078X20734C5,1078X,,SCHEDULED,0,0.0
2026-10-07T04:41:35Z,1078X21306C10,1078X,,SCHEDULED,60,1.0
2026-10-07T04:41:35Z,1078X20425C4b,1078X,,SCHEDULED,0,0.0
2026-10-07T04:41:35Z,1078X20217C4a,1078X,,SCHEDULED,300,5.0
2026-10-07T04:41:35Z,1078X20216C4a,1078X,,SCHEDULED,60,1.0
2026-10-07T04:41:35Z,1078X21304C10,1078X,,SCHEDULED,180,3.0
2026-10-07T04:41:35Z,1078X20224C4a,1078X,,SCHEDULED,0,0.0
2026-10-07T04:41:35Z,1078X19510C5,1078X,,SCHEDULED,0,0.0
2026-10-07T04:41:35Z,1078X20223C4a,1078X,,SCHEDULED,0,0.0
2026-10-07T04:41:35Z,1078X20222C4a,1078X,,SCHEDULED,300,5.0
2026-10-07T04:41:35Z,1078X19512C5,1078X,,SCHEDULED,240,4.0
2026-10-07T04:41:35Z,1078X21514C2,1078X,,SCHEDULED,300,5.0
2026-10-07T04:41:35Z,1078X19528C5,1078X,,SCHEDULED,240,4.0
2026-10-07T04:41:35Z,1078X20221C4a,1078X,,SCHEDULED,0,0.0
2026-10-07T04:41:35Z,1078X19527C5,1078X,,SCHEDULED,0,0.0
2026-10-07T04:41:35Z,1078X19533C5,1078X,,SCHEDULED,120,2.0
2026-10-07T04:41:35Z,1078X20220C4a,1078X,,SCHEDULED,120,2.0
2026-10-07T04:41:35Z,1078X19531C5,1078X,,SCHEDULED,120,2.0
2026-10-07T04:41:35Z,1078X19530C5,1078X,,CANCELED,,
2026-10-07T04:41:35Z,1078X20408C4b,1078X,,SCHEDULED,180,3.0
2026-10-07T04:41:35Z,1078X20406C4b,1078X,,SCHEDULED,300,5.0
2026-10-07T04:41:35Z,1078X20009C3,1078X,,SCHEDULED,180,3.0
2026-10-07T04:41:35Z,1078X20404C4,1078X,,SCHEDULED,0,0.0
2026-10-07T04:41:35Z,1078X20008C3,1078X,,SCHEDULED,180,3.0
2026-10-07T04:41:35Z,1078X20007C3,1078X,,SCHEDULED,180,3.0
2026-10-07T04:41:35Z,1078X20006C3,1078X,,SCHEDULED,120,2.0
2026-10-07T04:41:35Z,1078X20226C4a,1078X,,SCHEDULED,0,0.0
2026-10-07T04:41:35Z,1078X19518C5,1078X,,SCHEDULED,660,11.0
2026-10-07T04:41:35Z,1078X19515C5,1078X,,SCHEDULED,60,1.0
2026-10-07T04:41:35Z,1078X21004C8a,1078X,,SCHEDULED,120,2.0
2026-10-07T04:41:35Z,1078X20402C4b,1078X,,SCHEDULED,120,2.0
2026-10-07T04:41:35Z,1078X21003C8a,1078X,,SCHEDULED,180,3.0
2026-10-07T04:41:35Z,1078X19537C5,1078X,,SCHEDULED,240,4.0
2026-10-07T04:41:35Z,1078X21002C8a,1078X,,SCHEDULED,60,1.0
2026-10-07T04:41:35Z,1078X21001C8a,1078X,,SCHEDULED,60,1.0
2026-10-07T04:41:35Z,1078X21000C8a,1078X,,SCHEDULED,60,1.0
2026-10-07T04:41:35Z,1078X19811C1,1078X,,SCHEDULED,0,0.0
2026-10-07T04:41:35Z,1078X21806C7,1078X,,SCHEDULED,0,0.0
2026-10-07T04:41:35Z,1078X19539C5,1078X,,SCHEDULED,0,0.0
2026-10-07T04:41:35Z,1078X19538C5,1078X,,SCHEDULED,0,0.0
2026-10-07T04:41:35Z,1078X20715C5,1078X,,SCHEDULED,0,0.0
2026-10-07T04:41:35Z,1078X21804C7,1078X,,SCHEDULED,120,2.0
2026-10-07T04:41:35Z,1078X35981C2,1078X,,SCHEDULED,0,0.0
2026-10-07T04:41:35Z,1078X21600C2,1078X,,SCHEDULED,0,0.0
2026-10-07T04:41:35Z,1078X21204C10,1078X,,SCHEDULED,0,0.0
2026-10-07T04:41:35Z,1078X19522C5,1078X,,SCHEDULED,540,9.0
2026-10-07T04:41:35Z,1078X19521C5,1078X,,SCHEDULED,0,0.0
2026-10-07T04:41:35Z,1078X21200C10,1078X,,SCHEDULED,120,2.0
2026-10-07T04:41:35Z,1078X21607C2,1078X,,SCHEDULED,0,0.0
2026-10-07T04:41:35Z,1078X21605C2,1078X,,SCHEDULED,300,5.0
2026-10-07T04:41:35Z,1078X21603C2,1078X,,SCHEDULED,0,0.0
2026-10-07T04:41:35Z,1078X35975C2,1078X,,SCHEDULED,60,1.0
2026-10-07T04:41:35Z,1078X19809C1,1078X,,SCHEDULED,120,2.0
2026-10-07T04:41:35Z,1078X19808C1,1078X,,SCHEDULED,0,0.0
2026-10-07T04:41:35Z,1078X19804C1,1078X,,SCHEDULED,120,2.0
2026-10-07T04:41:35Z,1078X19807C1,1078X,,SCHEDULED,240,4.0
2026-10-07T04:41:35Z,1078X19806C1,1078X,,SCHEDULED,0,0.0
2026-10-07T04:41:35Z,1078X36305C10,1078X,,SCHEDULED,300,5.0
2026-10-07T04:46:34Z,3078X23507C1,3078X,,SCHEDULED,180,3.0
2026-10-07T04:46:34Z,3078X23703C5,3078X,,SCHEDULED,120,2.0
2026-10-07T04:46:34Z,3078X23508C1,3078X,,SCHEDULED,-120,-2.0
2026-10-07T04:46:34Z,3078X23505C1,3078X,,SCHEDULED,300,5.0
2026-10-07T04:46:34Z,3078X23509C1,3078X,,SCHEDULED,420,7.0
2026-10-07T04:46:34Z,3078X23605C4,3078X,,SCHEDULED,0,0.0
2026-10-07T04:46:34Z,3078X23506C1,3078X,,SCHEDULED,60,1.0
2026-10-07T04:46:34Z,3078X23100C3,3078X,,SCHEDULED,0,0.0
2026-10-07T04:46:34Z,3078X23603C4,3078X,,SCHEDULED,480,8.0
2026-10-07T04:46:34Z,3078X23504C1,3078X,,SCHEDULED,300,5.0
2026-10-07T04:46:34Z,3078X23102C3,3078X,,SCHEDULED,0,0.0
2026-10-07T04:46:34Z,3078X23510C1,3078X,,SCHEDULED,0,0.0
2026-10-07T04:46:34Z,3178X23423T1,3178X,,SCHEDULED,0,0.0
2026-10-07T04:46:34Z,3178X23203C1,3178X,,SCHEDULED,240,4.0
2026-10-07T04:46:34Z,3178X23204C1,3178X,,SCHEDULED,60,1.0
2026-10-07T04:46:34Z,3178X23424T1,3178X,,SCHEDULED,0,0.0
2026-10-07T04:46:34Z,3178X23205C1,3178X,,SCHEDULED,0,0.0
2026-10-07T04:46:34Z,3178X23206C1,3178X,,SCHEDULED,0,0.0
2026-10-07T04:46:34Z,3178X23421T1,3178X,,SCHEDULED,0,0.0
2026-10-07T04:46:34Z,3178X23202C1,3178X,,SCHEDULED,60,1.0
2026-10-07T04:46:34Z,3278X23302C1,3278X,,SCHEDULED,120,2.0
2026-10-07T04:46:34Z,3278X23304C1,3278X,,SCHEDULED,0,0.0
2026-10-07T04:46:34Z,3278X23150C2,3278X,,SCHEDULED,120,2.0
2026-10-07T04:46:34Z,3278X23307C1,3278X,,SCHEDULED,180,3.0
2026-10-07T04:46:34Z,4078X24201C1,4078X,,SCHEDULED,120,2.0
2026-10-07T04:46:34Z,4078X24004C2,4078X,,SCHEDULED,120,2.0
2026-10-07T04:46:34Z,4078X24202C1,4078X,,SCHEDULED,-60,-1.0
2026-10-07T04:46:34Z,4078X24301C6,4078X,,SCHEDULED,720,12.0
2026-10-07T04:46:34Z,4078X24005C2,4078X,,SCHEDULED,180,3.0
2026-10-07T04:46:34Z,4078X84003C2,4078X,,SCHEDULED,0,0.0
2026-10-07T04:46:34Z,4078X24302C6,4078X,,SCHEDULED,60,1.0
2026-10-07T04:46:34Z,4078X24203C1,4078X,,SCHEDULED,60,1.0
2026-10-07T04:46:34Z,4078X36405C1,4078X,,SCHEDULED,120,2.0
2026-10-07T04:46:34Z,4078X24002C2,4078X,,SCHEDULED,120,2.0
2026-10-07T04:46:34Z,4078X24204C1,4078X,,SCHEDULED,0,0.0
2026-10-07T04:46:34Z,4078X24200C1,4078X,,SCHEDULED,-120,-2.0
2026-10-07T04:46:34Z,4078X24003C2,4078X,,SCHEDULED,-60,-1.0
2026-10-07T04:46:34Z,4078X24303C6,4078X,,SCHEDULED,240,4.0
2026-10-07T04:46:34Z,4078X24007C2,4078X,,SCHEDULED,0,0.0
2026-10-07T04:46:34Z,4078X24283C1,4078X,,SCHEDULED,0,0.0
2026-10-07T04:46:34Z,4078X24300C6,4078X,,SCHEDULED,-120,-2.0
2026-10-07T04:46:34Z,4078X24291C1,4078X,,SCHEDULED,0,0.0
2026-10-07T04:46:34Z,4078X24381C6,4078X,,SCHEDULED,0,0.0
2026-10-07T04:46:34Z,4078X31400C3,4078X,,SCHEDULED,-60,-1.0
2026-10-07T04:46:34Z,4078X24001C2,4078X,,SCHEDULED,120,2.0
2026-10-07T04:46:34Z,4078X31402C3,4078X,,SCHEDULED,60,1.0
2026-10-07T04:46:34Z,4078X31454C3,4078X,,SCHEDULED,-120,-2.0
2026-10-07T04:46:34Z,4078X24304C6,4078X,,SCHEDULED,60,1.0
2026-10-07T04:46:34Z,4078X24008C2,4078X,,SCHEDULED,0,0.0
2026-10-07T04:46:34Z,4078X24305C6,4078X,,SCHEDULED,0,0.0
2026-10-07T04:46:34Z,4078X24382C6,4078X,,SCHEDULED,0,0.0
2026-10-07T04:46:34Z,5178X15900R11,5178X,,CANCELED,,
2026-10-07T04:46:34Z,5178X77508R4,5178X,,SCHEDULED,0,0.0
2026-10-07T04:46:34Z,5178X28468R2,5178X,,CANCELED,,
2026-10-07T04:46:34Z,5178X77708R4,5178X,,CANCELED,,
2026-10-07T04:46:34Z,5178X77980R4,5178X,,CANCELED,,
2026-10-07T04:46:34Z,5178X25605R1,5178X,,CANCELED,,
2026-10-07T04:46:34Z,5178X25607R1,5178X,,CANCELED,,
2026-10-07T04:46:34Z,5178X28265R2S,5178X,,SCHEDULED,60,1.0
2026-10-07T04:46:34Z,5178X15040R13,5178X,,SCHEDULED,0,0.0
2026-10-07T04:46:34Z,5178X77982R4,5178X,,CANCELED,,
2026-10-07T04:46:34Z,5178X15002R15,5178X,,SCHEDULED,240,4.0
2026-10-07T04:46:34Z,5178X28466R2,5178X,,CANCELED,,
2026-10-07T04:46:34Z,5178X15000R15,5178X,,CANCELED,,
2026-10-07T04:46:34Z,5178X77500R4,5178X,,CANCELED,,
2026-10-07T04:46:34Z,5178X28269R2S,5178X,,CANCELED,,
2026-10-07T04:46:34Z,5178X28500R2,5178X,,SCHEDULED,720,12.0
2026-10-07T04:46:34Z,5178X25400R2,5178X,,SCHEDULED,2160,36.0
2026-10-07T04:46:34Z,5178X77502R4,5178X,,SCHEDULED,3960,66.0
2026-10-07T04:46:34Z,5178X25600R1,5178X,,CANCELED,,
2026-10-07T04:46:34Z,5178X25402R2N,5178X,,CANCELED,,
2026-10-07T04:46:34Z,5178X25404R2N,5178X,,CANCELED,,
2026-10-07T04:46:34Z,5178X15722R11,5178X,,CANCELED,,
2026-10-07T04:46:34Z,5178X77702R4,5178X,,CANCELED,,
2026-10-07T04:46:34Z,5178X77504R4,5178X,,SCHEDULED,0,0.0
2026-10-07T04:46:34Z,5178X15720R11,5178X,,CANCELED,,
2026-10-07T04:46:34Z,5178X28470R2,5178X,,CANCELED,,
2026-10-07T04:46:34Z,5178X77704R4,5178X,,CANCELED,,
2026-10-07T04:46:34Z,5178X33521RL4,5178X,,SCHEDULED,720,12.0
2026-10-07T04:46:34Z,5178X77506R4,5178X,,CANCELED,,
2026-10-07T04:46:34Z,5178X15850R11,5178X,,CANCELED,,
2026-10-07T04:46:34Z,5178X77706R4,5178X,,CANCELED,,
2026-10-07T04:46:34Z,5178X35523R3,5178X,,CANCELED,,
2026-10-07T04:46:34Z,5178X77402R4,5178X,,SCHEDULED,0,0.0
2026-10-07T04:46:34Z,5178X25704R1,5178X,,CANCELED,,
2026-10-07T04:46:34Z,5178X77800R7,5178X,,CANCELED,,
2026-10-07T04:46:34Z,5178X77404R4,5178X,,SCHEDULED,180,3.0
2026-10-07T04:46:34Z,5178X77604R4,5178X,,CANCELED,,
2026-10-07T04:46:34Z,5178X77406R4,5178X,,SCHEDULED,300,5.0
2026-10-07T04:46:34Z,5178X25707R1,5178X,,CANCELED,,
2026-10-07T04:46:34Z,5178X77803R7,5178X,,CANCELED,,
2026-10-07T04:46:34Z,5178X25706R1,5178X,,CANCELED,,
2026-10-07T04:46:34Z,5178X15772R11,5178X,,CANCELED,,
2026-10-07T04:46:34Z,5178X25708R1,5178X,,CANCELED,,
2026-10-07T04:46:34Z,5178X18121R16,5178X,,SCHEDULED,120,2.0
2026-10-07T04:46:34Z,5178X25501R2S,5178X,,SCHEDULED,600,10.0
2026-10-07T04:46:34Z,5178X15770R11,5178X,,CANCELED,,
2026-10-07T04:46:34Z,5178X25500R2S,5178X,,CANCELED,,
2026-10-07T04:46:34Z,5178X28404R2N,5178X,,CANCELED,,
2026-10-07T04:46:34Z,5178X25503R2S,5178X,,SCHEDULED,240,4.0
2026-10-07T04:46:34Z,5178X15050R14,5178X,,SCHEDULED,0,0.0
2026-10-07T04:46:34Z,5178X28408R2N,5178X,,CANCELED,,
2026-10-07T04:46:34Z,5178X25612R1,5178X,,CANCELED,,
2026-10-07T04:46:34Z,5178X25700R1,5178X,,CANCELED,,
2026-10-07T04:46:34Z,5178X25502R2S,5178X,,CANCELED,,
2026-10-07T04:46:34Z,5178X28252R2S,5178X,,CANCELED,,
2026-10-07T04:46:34Z,5178X28406R2N,5178X,,CANCELED,,
2026-10-07T04:46:34Z,5178X77312R3,5178X,,CANCELED,,
2026-10-07T04:46:34Z,5178X77510R4,5178X,,SCHEDULED,0,0.0
2026-10-07T04:46:34Z,5178X78600R8,5178X,,SCHEDULED,360,6.0
2026-10-07T04:46:34Z,5178X77512R4,5178X,,CANCELED,,
2026-10-07T04:46:34Z,5178X77314R3,5178X,,SCHEDULED,60,1.0
2026-10-07T04:46:34Z,5178X77316R3,5178X,,CANCELED,,
2026-10-07T04:46:34Z,5178X33520RL4,5178X,,SCHEDULED,600,10.0
2026-10-07T04:46:34Z,6078X26108C1,6078X,,SCHEDULED,60,1.0
2026-10-07T04:46:34Z,6078X26009C2,6078X,,SCHEDULED,120,2.0
2026-10-07T04:46:34Z,6078X26504C3,6078X,,SCHEDULED,300,5.0
2026-10-07T04:46:34Z,6078X26008C2,6078X,,SCHEDULED,240,4.0
2026-10-07T04:46:34Z,6078X71581C5,6078X,,SCHEDULED,120,2.0
2026-10-07T04:46:34Z,6078X26107C1,6078X,,SCHEDULED,180,3.0
2026-10-07T04:46:34Z,6078X26106C1,6078X,,SCHEDULED,180,3.0
2026-10-07T04:46:34Z,6078X26007C2,6078X,,SCHEDULED,240,4.0
2026-10-07T04:46:34Z,6078X26601C3,6078X,,SCHEDULED,0,0.0
2026-10-07T04:46:34Z,6078X26006C2,6078X,,SCHEDULED,120,2.0
2026-10-07T04:46:34Z,6078X26506C3,6078X,,SCHEDULED,60,1.0
2026-10-07T04:46:34Z,6078X26508C3,6078X,,SCHEDULED,60,1.0
2026-10-07T04:46:34Z,6078X26011C2,6078X,,SCHEDULED,0,0.0
2026-10-07T04:46:34Z,6078X71505C4,6078X,,SCHEDULED,0,0.0
2026-10-07T04:46:34Z,6078X71503C4,6078X,,SCHEDULED,0,0.0
2026-10-07T04:46:34Z,6078X26109C1,6078X,,SCHEDULED,0,0.0
2026-10-07T04:46:34Z,6078X26507C3,6078X,,SCHEDULED,60,1.0
2026-10-07T04:46:34Z,6078X26505C3,6078X,,SCHEDULED,-60,-1.0
2026-10-07T04:46:34Z,6078X26010C2,6078X,,SCHEDULED,0,0.0
2026-10-07T04:46:34Z,6078X26509C3,6078X,,SCHEDULED,0,0.0
2026-10-07T04:46:34Z,6078X71502C4,6078X,,SCHEDULED,60,1.0
2026-10-07T04:46:34Z,6078X71500C4,6078X,,SCHEDULED,-60,-1.0
2026-10-07T04:46:34Z,6178X35612C1,6178X,,SCHEDULED,180,3.0
2026-10-07T04:46:34Z,6178X35682C1,6178X,,SCHEDULED,-120,-2.0
2026-10-07T04:46:34Z,6178X35665C1,6178X,,SCHEDULED,0,0.0
2026-10-07T04:46:34Z,6178X35613C1,6178X,,SCHEDULED,660,11.0
2026-10-07T04:46:34Z,6178X35614C1,6178X,,SCHEDULED,60,1.0
2026-10-07T04:46:34Z,6278X71154C2,6278X,,SCHEDULED,180,3.0
2026-10-07T04:46:34Z,6278X71353C3,6278X,,SCHEDULED,-60,-1.0
2026-10-07T04:46:34Z,6278X71350C3,6278X,,SCHEDULED,-60,-1.0
2026-10-07T04:46:34Z,6278X26902C1,6278X,,SCHEDULED,180,3.0
2026-10-07T04:46:34Z,6278X26901C1,6278X,,SCHEDULED,60,1.0
2026-10-07T04:46:34Z,6278X71152C2,6278X,,SCHEDULED,60,1.0
2026-10-07T04:46:34Z,6278X71151C2,6278X,,SCHEDULED,0,0.0
2026-10-07T04:46:34Z,6278X71105C2,6278X,,CANCELED,,
2026-10-07T04:46:34Z,6278X71840C3,6278X,,SCHEDULED,-60,-1.0
2026-10-07T04:46:34Z,6278X26907C1,6278X,,SCHEDULED,0,0.0
2026-10-07T04:46:34Z,6278X71104C2,6278X,,CANCELED,,
2026-10-07T04:46:34Z,6278X71200C3,6278X,,SCHEDULED,60,1.0
2026-10-07T04:46:34Z,4678X70150C1,4678X,,SCHEDULED,-120,-2.0
2026-10-07T04:46:34Z,4778X71090C1,4778X,,SCHEDULED,0,0.0
2026-10-07T04:46:34Z,4778X71080C1,4778X,,SCHEDULED,0,0.0
2026-10-07T04:46:34Z,2078X70201C4,2078X,,SCHEDULED,240,4.0
2026-10-07T04:46:34Z,2078X22100C1,2078X,,SCHEDULED,0,0.0
2026-10-07T04:46:34Z,2078X22001C1,2078X,,SCHEDULED,180,3.0
2026-10-07T04:46:34Z,2078X22002C1,2078X,,SCHEDULED,120,2.0
2026-10-07T04:46:34Z,2078X70461C5a,2078X,,SCHEDULED,0,0.0
2026-10-07T04:46:34Z,2078X22003C1,2078X,,SCHEDULED,0,0.0
2026-10-07T04:46:34Z,2078X70403C5,2078X,,SCHEDULED,0,0.0
2026-10-07T04:46:34Z,2078X70563C5a,2078X,,SCHEDULED,0,0.0
2026-10-07T04:46:34Z,2078X22309C3,2078X,,SCHEDULED,0,0.0
2026-10-07T04:46:34Z,2078X70202C4,2078X,,SCHEDULED,300,5.0
2026-10-07T04:46:34Z,2078X70300C4,2078X,,SCHEDULED,0,0.0
2026-10-07T04:46:34Z,2078X22204C2,2078X,,SCHEDULED,420,7.0
2026-10-07T04:46:34Z,2078X22006C1,2078X,,SCHEDULED,60,1.0
2026-10-07T04:46:34Z,2078X22105C1,2078X,,SCHEDULED,0,0.0
2026-10-07T04:46:34Z,2078X22304C3,2078X,,SCHEDULED,0,0.0
2026-10-07T04:46:34Z,2078X80851C6,2078X,,SCHEDULED,3900,65.0
2026-10-07T04:46:34Z,2078X70757C6,2078X,,SCHEDULED,0,0.0
2026-10-07T04:46:34Z,2078X22201C2,2078X,,SCHEDULED,360,6.0
2026-10-07T04:46:34Z,2078X22202C2,2078X,,SCHEDULED,360,6.0
2026-10-07T04:46:34Z,2078X22004C1,2078X,,SCHEDULED,120,2.0
2026-10-07T04:46:34Z,2078X22203C2,2078X,,SCHEDULED,0,0.0
2026-10-07T04:46:34Z,2078X22302C3,2078X,,SCHEDULED,120,2.0
2026-10-07T04:46:34Z,2078X70902C8,2078X,,SCHEDULED,120,2.0
2026-10-07T04:46:34Z,2078X70506C7,2078X,,SCHEDULED,180,3.0
2026-10-07T04:46:34Z,2078X22305C3,2078X,,SCHEDULED,300,5.0
2026-10-07T04:46:34Z,2078X70203C4,2078X,,SCHEDULED,0,0.0
2026-10-07T04:46:34Z,2078X70302C4,2078X,,SCHEDULED,360,6.0
2026-10-07T04:46:34Z,2078X70401C5,2078X,,SCHEDULED,0,0.0
2026-10-07T04:46:34Z,2078X22307C3,2078X,,SCHEDULED,0,0.0
2026-10-07T04:46:34Z,2078X70503C7,2078X,,SCHEDULED,60,1.0
2026-10-07T04:46:34Z,2078X70800C6,2078X,,SCHEDULED,360,6.0
2026-10-07T04:46:34Z,2078X70502C7,2078X,,SCHEDULED,2160,36.0
2026-10-07T04:46:34Z,2078X70754C6,2078X,,SCHEDULED,0,0.0
2026-10-07T04:46:34Z,2078X70853C6,2078X,,SCHEDULED,240,4.0
2026-10-07T04:46:34Z,2078X70756C6,2078X,,SCHEDULED,0,0.0
2026-10-07T04:46:34Z,2078X70850C6,2078X,,SCHEDULED,0,0.0
2026-10-07T04:46:34Z,2078X70251C4,2078X,,SCHEDULED,0,0.0
2026-10-07T04:46:34Z,2078X70250C4,2078X,,SCHEDULED,0,0.0
2026-10-07T04:46:34Z,2078X70505C7,2078X,,SCHEDULED,720,12.0
2026-10-07T04:46:34Z,2078X70901C8,2078X,,SCHEDULED,660,11.0
2026-10-07T04:46:34Z,2078X70504C7,2078X,,SCHEDULED,0,0.0
2026-10-07T04:46:34Z,2078X70803C6,2078X,,SCHEDULED,0,0.0
2026-10-07T04:46:34Z,4178X84904C2,4178X,,SCHEDULED,660,11.0
2026-10-07T04:46:34Z,4178X24700C1,4178X,,SCHEDULED,360,6.0
2026-10-07T04:46:34Z,4178X24703C1,4178X,,SCHEDULED,420,7.0
2026-10-07T04:46:34Z,4178X32800C3,4178X,,SCHEDULED,0,0.0
2026-10-07T04:46:34Z,4178X24702C1,4178X,,SCHEDULED,60,1.0
2026-10-07T04:46:34Z,4178X24701C1,4178X,,SCHEDULED,420,7.0
2026-10-07T04:46:34Z,4578X71603C1,4578X,,SCHEDULED,660,11.0
2026-10-07T04:46:34Z,4578X71600C1,4578X,,SCHEDULED,0,0.0
2026-10-07T04:46:34Z,4578X71601C1,4578X,,SCHEDULED,240,4.0
2026-10-07T04:46:34Z,7078X31529C1,7078X,,SCHEDULED,360,6.0
2026-10-07T04:46:34Z,1078X20013C3,1078X,,SCHEDULED,0,0.0
2026-10-07T04:46:34Z,1078X21806C7,1078X,,SCHEDULED,120,2.0
2026-10-07T04:46:34Z,1078X19540C5,1078X,,CANCELED,,
2026-10-07T04:46:34Z,1078X20012C3,1078X,,SCHEDULED,0,0.0
2026-10-07T04:46:34Z,1078X20011C3,1078X,,SCHEDULED,660,11.0
2026-10-07T04:46:34Z,1078X20715C5,1078X,,SCHEDULED,60,1.0
2026-10-07T04:46:34Z,1078X21804C7,1078X,,SCHEDULED,240,4.0
2026-10-07T04:46:34Z,1078X20131C3,1078X,,SCHEDULED,0,0.0
2026-10-07T04:46:34Z,1078X20010C3,1078X,,SCHEDULED,120,2.0
2026-10-07T04:46:34Z,1078X19541C5,1078X,,SCHEDULED,120,2.0
2026-10-07T04:46:34Z,1078X20714C5,1078X,,SCHEDULED,180,3.0
2026-10-07T04:46:34Z,1078X35991C2,1078X,,SCHEDULED,0,0.0
2026-10-07T04:46:34Z,1078X20710C5,1078X,,SCHEDULED,300,5.0
2026-10-07T04:46:34Z,1078X21509C2,1078X,,SCHEDULED,0,0.0
2026-10-07T04:46:34Z,1078X20709C5,1078X,,SCHEDULED,120,2.0
2026-10-07T04:46:34Z,1078X20419C4b,1078X,,SCHEDULED,180,3.0
2026-10-07T04:46:34Z,1078X20720C5,1078X,,SCHEDULED,0,0.0
2026-10-07T04:46:34Z,1078X21817C7,1078X,,SCHEDULED,0,0.0
2026-10-07T04:46:34Z,1078X21508C2,1078X,,SCHEDULED,600,10.0
2026-10-07T04:46:34Z,1078X21506C2,1078X,,SCHEDULED,60,1.0
2026-10-07T04:46:34Z,1078X20727C5,1078X,,SCHEDULED,0,0.0
2026-10-07T04:46:34Z,1078X20605C8b,1078X,,SCHEDULED,0,0.0
2026-10-07T04:46:34Z,1078X20416C4b,1078X,,SCHEDULED,0,0.0
2026-10-07T04:46:34Z,1078X21815C7,1078X,,SCHEDULED,0,0.0
2026-10-07T04:46:34Z,1078X21505C2,1078X,,SCHEDULED,120,2.0
2026-10-07T04:46:34Z,1078X21108C10,1078X,,SCHEDULED,0,0.0
2026-10-07T04:46:34Z,1078X20726C5,1078X,,SCHEDULED,120,2.0
2026-10-07T04:46:34Z,1078X20604C8b,1078X,,SCHEDULED,0,0.0
2026-10-07T04:46:34Z,1078X20603C8b,1078X,,SCHEDULED,120,2.0
2026-10-07T04:46:34Z,1078X20415C4b,1078X,,SCHEDULED,0,0.0
2026-10-07T04:46:34Z,1078X21813C7,1078X,,SCHEDULED,0,0.0
2026-10-07T04:46:34Z,1078X20414C4b,1078X,,CANCELED,,
2026-10-07T04:46:34Z,1078X21503C2,1078X,,SCHEDULED,300,5.0
2026-10-07T04:46:34Z,1078X20723C5,1078X,,SCHEDULED,0,0.0
2026-10-07T04:46:34Z,1078X20017C3,1078X,,SCHEDULED,0,0.0
2026-10-07T04:46:34Z,1078X21106C10,1078X,,SCHEDULED,60,1.0
2026-10-07T04:46:34Z,1078X20413C4b,1078X,,SCHEDULED,0,0.0
2026-10-07T04:46:34Z,1078X20602C8b,1078X,,SCHEDULED,60,1.0
2026-10-07T04:46:34Z,1078X21811C7,1078X,,SCHEDULED,120,2.0
2026-10-07T04:46:34Z,1078X36202C10,1078X,,SCHEDULED,360,6.0
2026-10-07T04:46:34Z,1078X20601C8b,1078X,,SCHEDULED,0,0.0
2026-10-07T04:46:34Z,1078X21182C10,1078X,,SCHEDULED,240,4.0
2026-10-07T04:46:34Z,1078X20600C8b,1078X,,SCHEDULED,300,5.0
2026-10-07T04:46:34Z,1078X21808C7,1078X,,SCHEDULED,0,0.0
2026-10-07T04:46:34Z,1078X20423C4b,1078X,,SCHEDULED,0,0.0
2026-10-07T04:46:34Z,1078X20719C5,1078X,,SCHEDULED,480,8.0
2026-10-07T04:46:34Z,1078X21512C2,1078X,,SCHEDULED,480,8.0
2026-10-07T04:46:34Z,1078X21807C7,1078X,,SCHEDULED,120,2.0
2026-10-07T04:46:34Z,1078X35809C7,1078X,,SCHEDULED,240,4.0
2026-10-07T04:46:34Z,1078X19544C5,1078X,,SCHEDULED,0,0.0
2026-10-07T04:46:34Z,1078X20016C3,1078X,,SCHEDULED,0,0.0
2026-10-07T04:46:34Z,1078X20412C4b,1078X,,SCHEDULED,60,1.0
2026-10-07T04:46:34Z,1078X21511C2,1078X,,SCHEDULED,0,0.0
2026-10-07T04:46:34Z,1078X20015C3,1078X,,SCHEDULED,0,0.0
2026-10-07T04:46:34Z,1078X21104C10,1078X,,SCHEDULED,60,1.0
2026-10-07T04:46:34Z,1078X19557C5,1078X,,SCHEDULED,0,0.0
2026-10-07T04:46:34Z,1078X20411C4b,1078X,,SCHEDULED,180,3.0
2026-10-07T04:46:34Z,1078X20014C3,1078X,,SCHEDULED,0,0.0
2026-10-07T04:46:34Z,1078X21510C2,1078X,,SCHEDULED,360,6.0
2026-10-07T04:46:34Z,1078X20421C4b,1078X,,SCHEDULED,120,2.0
2026-10-07T04:46:34Z,1078X20410C4b,1078X,,SCHEDULED,120,2.0
2026-10-07T04:46:34Z,1078X19545C5,1078X,,SCHEDULED,300,5.0
2026-10-07T04:46:34Z,1078X19551C5,1078X,,SCHEDULED,300,5.0
2026-10-07T04:46:34Z,1078X17098C8a,1078X,,SCHEDULED,180,3.0
2026-10-07T04:46:34Z,1078X35980C2,1078X,,SCHEDULED,180,3.0
2026-10-07T04:46:34Z,1078X20731C5,1078X,,SCHEDULED,0,0.0
2026-10-07T04:46:34Z,1078X20214C4,1078X,,SCHEDULED,300,5.0
2026-10-07T04:46:34Z,1078X20706C5,1078X,,SCHEDULED,600,10.0
2026-10-07T04:46:34Z,1078X20730C5,1078X,,CANCELED,,
2026-10-07T04:46:34Z,1078X20704C5,1078X,,SCHEDULED,60,1.0
2026-10-07T04:46:34Z,1078X19528C5,1078X,,SCHEDULED,360,6.0
2026-10-07T04:46:34Z,1078X19527C5,1078X,,SCHEDULED,0,0.0
2026-10-07T04:46:34Z,1078X19533C5,1078X,,SCHEDULED,180,3.0
2026-10-07T04:46:34Z,1078X20213C4a,1078X,,SCHEDULED,0,0.0
2026-10-07T04:46:34Z,1078X19531C5,1078X,,SCHEDULED,120,2.0
2026-10-07T04:46:34Z,1078X19530C5,1078X,,SCHEDULED,60,1.0
2026-10-07T04:46:34Z,1078X20408C4b,1078X,,SCHEDULED,60,1.0
2026-10-07T04:46:34Z,1078X20406C4b,1078X,,SCHEDULED,360,6.0
2026-10-07T04:46:34Z,1078X20009C3,1078X,,SCHEDULED,300,5.0
2026-10-07T04:46:34Z,1078X20404C4,1078X,,SCHEDULED,0,0.0
2026-10-07T04:46:34Z,1078X20008C3,1078X,,SCHEDULED,180,3.0
2026-10-07T04:46:34Z,1078X20212C4a,1078X,,SCHEDULED,120,2.0
2026-10-07T04:46:34Z,1078X20007C3,1078X,,SCHEDULED,0,0.0
2026-10-07T04:46:34Z,1078X20006C3,1078X,,SCHEDULED,120,2.0
2026-10-07T04:46:34Z,1078X20402C4b,1078X,,SCHEDULED,240,4.0
2026-10-07T04:46:34Z,1078X20211C4a,1078X,,SCHEDULED,0,0.0
2026-10-07T04:46:34Z,1078X19537C5,1078X,,SCHEDULED,120,2.0
2026-10-07T04:46:34Z,1078X19811C1,1078X,,SCHEDULED,0,0.0
2026-10-07T04:46:34Z,1078X21706C2,1078X,,SCHEDULED,600,10.0
2026-10-07T04:46:34Z,1078X19539C5,1078X,,SCHEDULED,60,1.0
2026-10-07T04:46:34Z,1078X21309C10,1078X,,SCHEDULED,0,0.0
2026-10-07T04:46:34Z,1078X19813C1,1078X,,SCHEDULED,0,0.0
2026-10-07T04:46:34Z,1078X19538C5,1078X,,SCHEDULED,0,0.0
2026-10-07T04:46:34Z,1078X21308C10,1078X,,SCHEDULED,0,0.0
2026-10-07T04:46:34Z,1078X20219C4a,1078X,,SCHEDULED,0,0.0
2026-10-07T04:46:34Z,1078X21307C10,1078X,,SCHEDULED,60,1.0
2026-10-07T04:46:34Z,1078X20218C4a,1078X,,SCHEDULED,180,3.0
2026-10-07T04:46:34Z,1078X20734C5,1078X,,SCHEDULED,0,0.0
2026-10-07T04:46:34Z,1078X21516C2,1078X,,SCHEDULED,360,6.0
2026-10-07T04:46:34Z,1078X21306C10,1078X,,SCHEDULED,360,6.0
2026-10-07T04:46:34Z,1078X20217C4a,1078X,,SCHEDULED,120,2.0
2026-10-07T04:46:34Z,1078X20425C4b,1078X,,SCHEDULED,0,0.0
2026-10-07T04:46:34Z,1078X20215C4a,1078X,,SCHEDULED,60,1.0
2026-10-07T04:46:34Z,1078X21304C10,1078X,,SCHEDULED,180,3.0
2026-10-07T04:46:34Z,1078X20225C4a,1078X,,SCHEDULED,0,0.0
2026-10-07T04:46:34Z,1078X21514C2,1078X,,SCHEDULED,180,3.0
2026-10-07T04:46:34Z,1078X35981C2,1078X,,SCHEDULED,60,1.0
2026-10-07T04:46:34Z,1078X20224C4a,1078X,,SCHEDULED,0,0.0
2026-10-07T04:46:34Z,1078X19510C5,1078X,,SCHEDULED,0,0.0
2026-10-07T04:46:34Z,1078X21600C2,1078X,,SCHEDULED,0,0.0
2026-10-07T04:46:34Z,1078X20223C4a,1078X,,SCHEDULED,0,0.0
2026-10-07T04:46:34Z,1078X20222C4a,1078X,,SCHEDULED,120,2.0
2026-10-07T04:46:34Z,1078X19512C5,1078X,,SCHEDULED,240,4.0
2026-10-07T04:46:34Z,1078X20221C4a,1078X,,SCHEDULED,0,0.0
2026-10-07T04:46:34Z,1078X21204C10,1078X,,SCHEDULED,0,0.0
2026-10-07T04:46:34Z,1078X19522C5,1078X,,SCHEDULED,660,11.0
2026-10-07T04:46:34Z,1078X19521C5,1078X,,SCHEDULED,0,0.0
2026-10-07T04:46:34Z,1078X21200C10,1078X,,SCHEDULED,180,3.0
2026-10-07T04:46:34Z,1078X20220C4a,1078X,,SCHEDULED,0,0.0
2026-10-07T04:46:34Z,1078X21607C2,1078X,,SCHEDULED,120,2.0
2026-10-07T04:46:34Z,1078X35975C2,1078X,,SCHEDULED,360,6.0
2026-10-07T04:46:34Z,1078X20226C4a,1078X,,SCHEDULED,0,0.0
2026-10-07T04:46:34Z,1078X19518C5,1078X,,SCHEDULED,840,14.0
2026-10-07T04:46:34Z,1078X19515C5,1078X,,SCHEDULED,0,0.0
2026-10-07T04:46:34Z,1078X19809C1,1078X,,SCHEDULED,120,2.0
2026-10-07T04:46:34Z,1078X21004C8a,1078X,,SCHEDULED,420,7.0
2026-10-07T04:46:34Z,1078X21003C8a,1078X,,SCHEDULED,300,5.0
2026-10-07T04:46:34Z,1078X21002C8a,1078X,,SCHEDULED,60,1.0
2026-10-07T04:46:34Z,1078X21001C8a,1078X,,SCHEDULED,120,2.0
2026-10-07T04:46:34Z,1078X21000C8a,1078X,,SCHEDULED,360,6.0
2026-10-07T04:46:34Z,1078X19808C1,1078X,,SCHEDULED,0,0.0
2026-10-07T04:46:34Z,1078X19563C5,1078X,,SCHEDULED,0,0.0
2026-10-07T04:46:34Z,1078X19806C1,1078X,,SCHEDULED,120,2.0
2026-10-07T04:46:34Z,1078X36305C10,1078X,,SCHEDULED,60,1.0
2026-10-07T04:51:29Z,3078X23605C4,3078X,,SCHEDULED,0,0.0
2026-10-07T04:51:29Z,3078X23803C5,3078X,,SCHEDULED,60,1.0
2026-10-07T04:51:29Z,3078X23506C1,3078X,,SCHEDULED,180,3.0
2026-10-07T04:51:29Z,3078X23507C1,3078X,,SCHEDULED,300,5.0
2026-10-07T04:51:29Z,3078X23100C3,3078X,,SCHEDULED,0,0.0
2026-10-07T04:51:29Z,3078X23509C1,3078X,,SCHEDULED,480,8.0
2026-10-07T04:51:29Z,3078X23603C4,3078X,,SCHEDULED,660,11.0
2026-10-07T04:51:29Z,3078X23504C1,3078X,,SCHEDULED,360,6.0
2026-10-07T04:51:29Z,3078X23703C5,3078X,,SCHEDULED,60,1.0
2026-10-07T04:51:29Z,3078X23505C1,3078X,,SCHEDULED,240,4.0
2026-10-07T04:51:29Z,3078X23510C1,3078X,,SCHEDULED,0,0.0
2026-10-07T04:51:29Z,3078X23102C3,3078X,,SCHEDULED,0,0.0
2026-10-07T04:51:29Z,3178X23202C1,3178X,,SCHEDULED,0,0.0
2026-10-07T04:51:29Z,3178X23423T1,3178X,,SCHEDULED,0,0.0
2026-10-07T04:51:29Z,3178X23203C1,3178X,,SCHEDULED,180,3.0
2026-10-07T04:51:29Z,3178X23205C1,3178X,,SCHEDULED,120,2.0
2026-10-07T04:51:29Z,3178X23206C1,3178X,,SCHEDULED,0,0.0
2026-10-07T04:51:29Z,3178X23204C1,3178X,,SCHEDULED,60,1.0
2026-10-07T04:51:29Z,3178X23424T1,3178X,,SCHEDULED,0,0.0
2026-10-07T04:51:29Z,3178X23421T1,3178X,,SCHEDULED,0,0.0
2026-10-07T04:51:29Z,3278X23302C1,3278X,,SCHEDULED,300,5.0
2026-10-07T04:51:29Z,3278X23304C1,3278X,,SCHEDULED,120,2.0
2026-10-07T04:51:29Z,3278X23150C2,3278X,,SCHEDULED,180,3.0
2026-10-07T04:51:29Z,3278X23307C1,3278X,,SCHEDULED,240,4.0
2026-10-07T04:51:29Z,4078X24005C2,4078X,,SCHEDULED,240,4.0
2026-10-07T04:51:29Z,4078X24302C6,4078X,,SCHEDULED,60,1.0
2026-10-07T04:51:29Z,4078X24203C1,4078X,,SCHEDULED,0,0.0
2026-10-07T04:51:29Z,4078X24204C1,4078X,,SCHEDULED,-60,-1.0
2026-10-07T04:51:29Z,4078X24303C6,4078X,,SCHEDULED,240,4.0
2026-10-07T04:51:29Z,4078X24201C1,4078X,,SCHEDULED,-60,-1.0
2026-10-07T04:51:29Z,4078X24004C2,4078X,,SCHEDULED,180,3.0
2026-10-07T04:51:29Z,4078X24301C6,4078X,,SCHEDULED,780,13.0
2026-10-07T04:51:29Z,4078X24382C6,4078X,,SCHEDULED,0,0.0
2026-10-07T04:51:29Z,4078X24283C1,4078X,,SCHEDULED,0,0.0
2026-10-07T04:51:29Z,4078X24381C6,4078X,,SCHEDULED,240,4.0
2026-10-07T04:51:29Z,4078X31402C3,4078X,,SCHEDULED,0,0.0
2026-10-07T04:51:29Z,4078X24007C2,4078X,,SCHEDULED,0,0.0
2026-10-07T04:51:29Z,4078X24304C6,4078X,,SCHEDULED,240,4.0
2026-10-07T04:51:29Z,4078X24008C2,4078X,,SCHEDULED,0,0.0
2026-10-07T04:51:29Z,4078X24305C6,4078X,,SCHEDULED,0,0.0
2026-10-07T04:51:29Z,4078X24380C6,4078X,,SCHEDULED,60,1.0
2026-10-07T04:51:29Z,4078X84003C2,4078X,,SCHEDULED,0,0.0
2026-10-07T04:51:29Z,4078X36405C1,4078X,,SCHEDULED,60,1.0
2026-10-07T04:51:29Z,4078X24003C2,4078X,,SCHEDULED,60,1.0
2026-10-07T04:51:29Z,4078X24291C1,4078X,,SCHEDULED,0,0.0
2026-10-07T04:51:29Z,4078X31454C3,4078X,,SCHEDULED,0,0.0
2026-10-07T04:51:29Z,4078X84004C2,4078X,,SCHEDULED,0,0.0
2026-10-07T04:51:29Z,5178X77706R4,5178X,,CANCELED,,
2026-10-07T04:51:29Z,5178X33520RL4,5178X,,SCHEDULED,600,10.0
2026-10-07T04:51:29Z,5178X77508R4,5178X,,SCHEDULED,0,0.0
2026-10-07T04:51:29Z,5178X15900R11,5178X,,CANCELED,,
2026-10-07T04:51:29Z,5178X30531R15,5178X,,SCHEDULED,1440,24.0
2026-10-07T04:51:29Z,5178X77708R4,5178X,,CANCELED,,
2026-10-07T04:51:29Z,5178X25605R1,5178X,,CANCELED,,
2026-10-07T04:51:29Z,5178X25607R1,5178X,,CANCELED,,
2026-10-07T04:51:29Z,5178X25710R1,5178X,,CANCELED,,
2026-10-07T04:51:29Z,5178X28468R2,5178X,,CANCELED,,
2026-10-07T04:51:29Z,5178X28506R2,5178X,,SCHEDULED,2820,47.0
2026-10-07T04:51:29Z,5178X15002R15,5178X,,SCHEDULED,240,4.0
2026-10-07T04:51:29Z,5178X77980R4,5178X,,CANCELED,,
2026-10-07T04:51:29Z,5178X15000R15,5178X,,CANCELED,,
2026-10-07T04:51:29Z,5178X28265R2S,5178X,,SCHEDULED,240,4.0
2026-10-07T04:51:29Z,5178X25600R1,5178X,,CANCELED,,
2026-10-07T04:51:29Z,5178X77982R4,5178X,,CANCELED,,
2026-10-07T04:51:29Z,5178X28263R2S,5178X,,SCHEDULED,1320,22.0
2026-10-07T04:51:29Z,5178X25402R2N,5178X,,CANCELED,,
2026-10-07T04:51:29Z,5178X25404R2N,5178X,,CANCELED,,
2026-10-07T04:51:29Z,5178X28466R2,5178X,,CANCELED,,
2026-10-07T04:51:29Z,5178X28476R2,5178X,,CANCELED,,
2026-10-07T04:51:29Z,5178X15722R11,5178X,,CANCELED,,
2026-10-07T04:51:29Z,5178X77500R4,5178X,,CANCELED,,
2026-10-07T04:51:29Z,5178X28269R2S,5178X,,CANCELED,,
2026-10-07T04:51:29Z,5178X15720R11,5178X,,CANCELED,,
2026-10-07T04:51:29Z,5178X28500R2,5178X,,SCHEDULED,780,13.0
2026-10-07T04:51:29Z,5178X28470R2,5178X,,CANCELED,,
2026-10-07T04:51:29Z,5178X77502R4,5178X,,SCHEDULED,4140,69.0
2026-10-07T04:51:29Z,5178X77504R4,5178X,,SCHEDULED,60,1.0
2026-10-07T04:51:29Z,5178X77704R4,5178X,,CANCELED,,
2026-10-07T04:51:29Z,5178X15850R11,5178X,,CANCELED,,
2026-10-07T04:51:29Z,5178X33521RL4,5178X,,SCHEDULED,720,12.0
2026-10-07T04:51:29Z,5178X77402R4,5178X,,SCHEDULED,0,0.0
2026-10-07T04:51:29Z,5178X77506R4,5178X,,CANCELED,,
2026-10-07T04:51:29Z,5178X77800R7,5178X,,CANCELED,,
2026-10-07T04:51:29Z,5178X77404R4,5178X,,SCHEDULED,60,1.0
2026-10-07T04:51:29Z,5178X15852R11,5178X,,CANCELED,,
2026-10-07T04:51:29Z,5178X77604R4,5178X,,CANCELED,,
2026-10-07T04:51:29Z,5178X77406R4,5178X,,SCHEDULED,240,4.0
2026-10-07T04:51:29Z,5178X25704R1,5178X,,CANCELED,,
2026-10-07T04:51:29Z,5178X77803R7,5178X,,CANCELED,,
2026-10-07T04:51:29Z,5178X77606R4,5178X,,CANCELED,,
2026-10-07T04:51:29Z,5178X25707R1,5178X,,CANCELED,,
2026-10-07T04:51:29Z,5178X15772R11,5178X,,CANCELED,,
2026-10-07T04:51:29Z,5178X25706R1,5178X,,CANCELED,,
2026-10-07T04:51:29Z,5178X25708R1,5178X,,CANCELED,,
2026-10-07T04:51:29Z,5178X15770R11,5178X,,CANCELED,,
2026-10-07T04:51:29Z,5178X25501R2S,5178X,,SCHEDULED,660,11.0
2026-10-07T04:51:29Z,5178X28404R2N,5178X,,CANCELED,,
2026-10-07T04:51:29Z,5178X28408R2N,5178X,,CANCELED,,
2026-10-07T04:51:29Z,5178X25612R1,5178X,,CANCELED,,
2026-10-07T04:51:29Z,5178X25500R2S,5178X,,CANCELED,,
2026-10-07T04:51:29Z,5178X28406R2N,5178X,,CANCELED,,
2026-10-07T04:51:29Z,5178X35523R3,5178X,,CANCELED,,
2026-10-07T04:51:29Z,5178X25700R1,5178X,,CANCELED,,
2026-10-07T04:51:29Z,5178X25502R2S,5178X,,CANCELED,,
2026-10-07T04:51:29Z,5178X25504R2S,5178X,,CANCELED,,
2026-10-07T04:51:29Z,5178X28254R2S,5178X,,CANCELED,,
2026-10-07T04:51:29Z,5178X28252R2S,5178X,,CANCELED,,
2026-10-07T04:51:29Z,5178X77312R3,5178X,,CANCELED,,
2026-10-07T04:51:29Z,5178X77510R4,5178X,,SCHEDULED,0,0.0
2026-10-07T04:51:29Z,5178X77512R4,5178X,,CANCELED,,
2026-10-07T04:51:29Z,5178X77314R3,5178X,,SCHEDULED,0,0.0
2026-10-07T04:51:29Z,5178X77316R3,5178X,,CANCELED,,
2026-10-07T04:51:29Z,6078X26504C3,6078X,,SCHEDULED,300,5.0
2026-10-07T04:51:29Z,6078X26008C2,6078X,,SCHEDULED,300,5.0
2026-10-07T04:51:29Z,6078X26107C1,6078X,,SCHEDULED,120,2.0
2026-10-07T04:51:29Z,6078X71581C5,6078X,,SCHEDULED,120,2.0
2026-10-07T04:51:29Z,6078X26007C2,6078X,,SCHEDULED,300,5.0
2026-10-07T04:51:29Z,6078X26506C3,6078X,,SCHEDULED,120,2.0
2026-10-07T04:51:29Z,6078X71571C4,6078X,,SCHEDULED,0,0.0
2026-10-07T04:51:29Z,6078X26604C3,6078X,,SCHEDULED,0,0.0
2026-10-07T04:51:29Z,6078X26006C2,6078X,,SCHEDULED,120,2.0
2026-10-07T04:51:29Z,6078X26109C1,6078X,,SCHEDULED,60,1.0
2026-10-07T04:51:29Z,6078X26011C2,6078X,,SCHEDULED,0,0.0
2026-10-07T04:51:29Z,6078X26108C1,6078X,,SCHEDULED,0,0.0
2026-10-07T04:51:29Z,6078X26009C2,6078X,,SCHEDULED,0,0.0
2026-10-07T04:51:29Z,6078X71505C4,6078X,,SCHEDULED,0,0.0
2026-10-07T04:51:29Z,6078X26505C3,6078X,,SCHEDULED,0,0.0
2026-10-07T04:51:29Z,6078X26508C3,6078X,,SCHEDULED,0,0.0
2026-10-07T04:51:29Z,6078X26010C2,6078X,,SCHEDULED,0,0.0
2026-10-07T04:51:29Z,6078X71503C4,6078X,,SCHEDULED,0,0.0
2026-10-07T04:51:29Z,6078X26110C1,6078X,,SCHEDULED,0,0.0
2026-10-07T04:51:29Z,6078X26507C3,6078X,,SCHEDULED,120,2.0
2026-10-07T04:51:29Z,6078X26509C3,6078X,,SCHEDULED,0,0.0
2026-10-07T04:51:29Z,6078X71502C4,6078X,,SCHEDULED,60,1.0
2026-10-07T04:51:29Z,6178X35688C1,6178X,,SCHEDULED,540,9.0
2026-10-07T04:51:29Z,6178X35665C1,6178X,,SCHEDULED,60,1.0
2026-10-07T04:51:29Z,6178X35663C1,6178X,,SCHEDULED,0,0.0
2026-10-07T04:51:29Z,6178X35613C1,6178X,,SCHEDULED,720,12.0
2026-10-07T04:51:29Z,6178X35612C1,6178X,,SCHEDULED,180,3.0
2026-10-07T04:51:29Z,6178X35614C1,6178X,,SCHEDULED,-120,-2.0
2026-10-07T04:51:29Z,6278X71353C3,6278X,,SCHEDULED,-120,-2.0
2026-10-07T04:51:29Z,6278X71152C2,6278X,,SCHEDULED,0,0.0
2026-10-07T04:51:29Z,6278X26901C1,6278X,,SCHEDULED,120,2.0
2026-10-07T04:51:29Z,6278X71151C2,6278X,,SCHEDULED,0,0.0
2026-10-07T04:51:29Z,6278X26902C1,6278X,,SCHEDULED,300,5.0
2026-10-07T04:51:29Z,6278X26907C1,6278X,,SCHEDULED,0,0.0
2026-10-07T04:51:29Z,6278X71200C3,6278X,,SCHEDULED,-60,-1.0
2026-10-07T04:51:29Z,6278X26903C1,6278X,,SCHEDULED,1020,17.0
2026-10-07T04:51:29Z,6278X71105C2,6278X,,CANCELED,,
2026-10-07T04:51:29Z,6278X71840C3,6278X,,SCHEDULED,0,0.0
2026-10-07T04:51:29Z,4678X70150C1,4678X,,SCHEDULED,0,0.0
2026-10-07T04:51:29Z,4778X71090C1,4778X,,SCHEDULED,0,0.0
2026-10-07T04:51:29Z,4778X71051C1,4778X,,SCHEDULED,0,0.0
2026-10-07T04:51:29Z,2078X70403C5,2078X,,SCHEDULED,180,3.0
2026-10-07T04:51:29Z,2078X70563C5a,2078X,,SCHEDULED,0,0.0
2026-10-07T04:51:29Z,2078X22309C3,2078X,,SCHEDULED,0,0.0
2026-10-07T04:51:29Z,2078X70202C4,2078X,,SCHEDULED,480,8.0
2026-10-07T04:51:29Z,2078X70300C4,2078X,,SCHEDULED,0,0.0
2026-10-07T04:51:29Z,2078X70201C4,2078X,,SCHEDULED,540,9.0
2026-10-07T04:51:29Z,2078X22100C1,2078X,,SCHEDULED,120,2.0
2026-10-07T04:51:29Z,2078X22001C1,2078X,,SCHEDULED,0,0.0
2026-10-07T04:51:29Z,2078X22002C1,2078X,,SCHEDULED,0,0.0
2026-10-07T04:51:29Z,2078X22102C1,2078X,,SCHEDULED,0,0.0
2026-10-07T04:51:29Z,2078X70461C5a,2078X,,SCHEDULED,0,0.0
2026-10-07T04:51:29Z,2078X22204C2,2078X,,SCHEDULED,720,12.0
2026-10-07T04:51:29Z,2078X22006C1,2078X,,SCHEDULED,240,4.0
2026-10-07T04:51:29Z,2078X22304C3,2078X,,SCHEDULED,0,0.0
2026-10-07T04:51:29Z,2078X80851C6,2078X,,SCHEDULED,4200,70.0
2026-10-07T04:51:29Z,2078X70757C6,2078X,,SCHEDULED,0,0.0
2026-10-07T04:51:29Z,2078X70506C7,2078X,,SCHEDULED,360,6.0
2026-10-07T04:51:29Z,2078X22206C2,2078X,,SCHEDULED,0,0.0
2026-10-07T04:51:29Z,2078X22305C3,2078X,,SCHEDULED,120,2.0
2026-10-07T04:51:29Z,2078X70203C4,2078X,,SCHEDULED,0,0.0
2026-10-07T04:51:29Z,2078X70302C4,2078X,,SCHEDULED,420,7.0
2026-10-07T04:51:29Z,2078X70401C5,2078X,,SCHEDULED,60,1.0
2026-10-07T04:51:29Z,2078X22307C3,2078X,,SCHEDULED,300,5.0
2026-10-07T04:51:29Z,2078X70503C7,2078X,,SCHEDULED,360,6.0
2026-10-07T04:51:29Z,2078X70800C6,2078X,,SCHEDULED,660,11.0
2026-10-07T04:51:29Z,2078X70502C7,2078X,,SCHEDULED,2460,41.0
2026-10-07T04:51:29Z,2078X70853C6,2078X,,SCHEDULED,60,1.0
2026-10-07T04:51:29Z,2078X70756C6,2078X,,SCHEDULED,60,1.0
2026-10-07T04:51:29Z,2078X70850C6,2078X,,SCHEDULED,300,5.0
2026-10-07T04:51:29Z,2078X70251C4,2078X,,SCHEDULED,0,0.0
2026-10-07T04:51:29Z,2078X70250C4,2078X,,SCHEDULED,0,0.0
2026-10-07T04:51:29Z,2078X70505C7,2078X,,SCHEDULED,120,2.0
2026-10-07T04:51:29Z,2078X70901C8,2078X,,SCHEDULED,780,13.0
2026-10-07T04:51:29Z,2078X70504C7,2078X,,SCHEDULED,0,0.0
2026-10-07T04:51:29Z,2078X70803C6,2078X,,SCHEDULED,0,0.0
2026-10-07T04:51:29Z,2078X70902C8,2078X,,SCHEDULED,60,1.0
2026-10-07T04:51:29Z,2078X22003C1,2078X,,SCHEDULED,0,0.0
2026-10-07T04:51:29Z,2078X22201C2,2078X,,SCHEDULED,120,2.0
2026-10-07T04:51:29Z,2078X22202C2,2078X,,SCHEDULED,660,11.0
2026-10-07T04:51:29Z,2078X22004C1,2078X,,SCHEDULED,240,4.0
2026-10-07T04:51:29Z,2078X22203C2,2078X,,SCHEDULED,0,0.0
2026-10-07T04:51:29Z,2078X22302C3,2078X,,SCHEDULED,360,6.0
2026-10-07T04:51:29Z,4178X84902C2,4178X,,SCHEDULED,0,0.0
2026-10-07T04:51:29Z,4178X84901C2,4178X,,SCHEDULED,3060,51.0
2026-10-07T04:51:29Z,4178X32800C3,4178X,,SCHEDULED,0,0.0
2026-10-07T04:51:29Z,4178X24702C1,4178X,,SCHEDULED,300,5.0
2026-10-07T04:51:29Z,4178X24701C1,4178X,,SCHEDULED,240,4.0
2026-10-07T04:51:29Z,4178X24703C1,4178X,,SCHEDULED,0,0.0
2026-10-07T04:51:29Z,4178X84904C2,4178X,,SCHEDULED,960,16.0
2026-10-07T04:51:29Z,4178X24700C1,4178X,,SCHEDULED,480,8.0
2026-10-07T04:51:29Z,4578X71600C1,4578X,,SCHEDULED,0,0.0
2026-10-07T04:51:29Z,4578X71601C1,4578X,,SCHEDULED,60,1.0
2026-10-07T04:51:29Z,4578X71603C1,4578X,,SCHEDULED,900,15.0
2026-10-07T04:51:29Z,7078X31529C1,7078X,,SCHEDULED,600,10.0
2026-10-07T04:51:29Z,1078X20414C4b,1078X,,CANCELED,,
2026-10-07T04:51:29Z,1078X21503C2,1078X,,SCHEDULED,360,6.0
2026-10-07T04:51:29Z,1078X20017C3,1078X,,SCHEDULED,0,0.0
2026-10-07T04:51:29Z,1078X21106C10,1078X,,SCHEDULED,180,3.0
2026-10-07T04:51:29Z,1078X20413C4b,1078X,,SCHEDULED,0,0.0
2026-10-07T04:51:29Z,1078X36202C10,1078X,,SCHEDULED,240,4.0
2026-10-07T04:51:29Z,1078X21182C10,1078X,,SCHEDULED,240,4.0
2026-10-07T04:51:29Z,1078X20423C4b,1078X,,SCHEDULED,0,0.0
2026-10-07T04:51:29Z,1078X21512C2,1078X,,SCHEDULED,540,9.0
2026-10-07T04:51:29Z,1078X21511C2,1078X,,SCHEDULED,60,1.0
2026-10-07T04:51:29Z,1078X19557C5,1078X,,SCHEDULED,0,0.0
2026-10-07T04:51:29Z,1078X21510C2,1078X,,SCHEDULED,360,6.0
2026-10-07T04:51:29Z,1078X20421C4b,1078X,,SCHEDULED,60,1.0
2026-10-07T04:51:29Z,1078X19551C5,1078X,,SCHEDULED,540,9.0
2026-10-07T04:51:29Z,1078X17098C8a,1078X,,SCHEDULED,60,1.0
2026-10-07T04:51:29Z,1078X20706C5,1078X,,SCHEDULED,540,9.0
2026-10-07T04:51:29Z,1078X20704C5,1078X,,SCHEDULED,180,3.0
2026-10-07T04:51:29Z,1078X19540C5,1078X,,CANCELED,,
2026-10-07T04:51:29Z,1078X20012C3,1078X,,SCHEDULED,60,1.0
2026-10-07T04:51:29Z,1078X20011C3,1078X,,SCHEDULED,600,10.0
2026-10-07T04:51:29Z,1078X20131C3,1078X,,SCHEDULED,0,0.0
2026-10-07T04:51:29Z,1078X19541C5,1078X,,SCHEDULED,0,0.0
2026-10-07T04:51:29Z,1078X35991C2,1078X,,SCHEDULED,0,0.0
2026-10-07T04:51:29Z,1078X21509C2,1078X,,SCHEDULED,60,1.0
2026-10-07T04:51:29Z,1078X20419C4b,1078X,,SCHEDULED,180,3.0
2026-10-07T04:51:29Z,1078X21508C2,1078X,,SCHEDULED,600,10.0
2026-10-07T04:51:29Z,1078X20418C4b,1078X,,SCHEDULED,0,0.0
2026-10-07T04:51:29Z,1078X20417C4b,1078X,,SCHEDULED,60,1.0
2026-10-07T04:51:29Z,1078X21506C2,1078X,,SCHEDULED,360,6.0
2026-10-07T04:51:29Z,1078X20416C4b,1078X,,SCHEDULED,0,0.0
2026-10-07T04:51:29Z,1078X21505C2,1078X,,SCHEDULED,120,2.0
2026-10-07T04:51:29Z,1078X20019C3,1078X,,SCHEDULED,0,0.0
2026-10-07T04:51:29Z,1078X21108C10,1078X,,SCHEDULED,-60,-1.0
2026-10-07T04:51:29Z,1078X20415C4b,1078X,,SCHEDULED,0,0.0
2026-10-07T04:51:29Z,1078X36305C10,1078X,,SCHEDULED,180,3.0
2026-10-07T04:51:29Z,1078X19528C5,1078X,,SCHEDULED,180,3.0
2026-10-07T04:51:29Z,1078X19527C5,1078X,,SCHEDULED,0,0.0
2026-10-07T04:51:29Z,1078X19533C5,1078X,,SCHEDULED,120,2.0
2026-10-07T04:51:29Z,1078X19810C1,1078X,,SCHEDULED,0,0.0
2026-10-07T04:51:29Z,1078X19531C5,1078X,,SCHEDULED,240,4.0
2026-10-07T04:51:29Z,1078X19530C5,1078X,,SCHEDULED,360,6.0
2026-10-07T04:51:29Z,1078X20408C4b,1078X,,SCHEDULED,120,2.0
2026-10-07T04:51:29Z,1078X20406C4b,1078X,,SCHEDULED,240,4.0
2026-10-07T04:51:29Z,1078X20404C4,1078X,,SCHEDULED,0,0.0
2026-10-07T04:51:29Z,1078X20008C3,1078X,,SCHEDULED,120,2.0
2026-10-07T04:51:29Z,1078X19563C5,1078X,,SCHEDULED,0,0.0
2026-10-07T04:51:29Z,1078X19537C5,1078X,,SCHEDULED,120,2.0
2026-10-07T04:51:29Z,1078X21806C7,1078X,,SCHEDULED,0,0.0
2026-10-07T04:51:29Z,1078X19811C1,1078X,,SCHEDULED,0,0.0
2026-10-07T04:51:29Z,1078X19539C5,1078X,,SCHEDULED,120,2.0
2026-10-07T04:51:29Z,1078X20715C5,1078X,,SCHEDULED,60,1.0
2026-10-07T04:51:29Z,1078X21804C7,1078X,,SCHEDULED,420,7.0
2026-10-07T04:51:29Z,1078X19813C1,1078X,,SCHEDULED,0,0.0
2026-10-07T04:51:29Z,1078X19538C5,1078X,,SCHEDULED,180,3.0
2026-10-07T04:51:29Z,1078X20427C4b,1078X,,SCHEDULED,0,0.0
2026-10-07T04:51:29Z,1078X20714C5,1078X,,SCHEDULED,240,4.0
2026-10-07T04:51:29Z,1078X21802C7,1078X,,SCHEDULED,300,5.0
2026-10-07T04:51:29Z,1078X21516C2,1078X,,SCHEDULED,600,10.0
2026-10-07T04:51:29Z,1078X20710C5,1078X,,SCHEDULED,300,5.0
2026-10-07T04:51:29Z,1078X20425C4b,1078X,,SCHEDULED,0,0.0
2026-10-07T04:51:29Z,1078X20709C5,1078X,,SCHEDULED,0,0.0
2026-10-07T04:51:29Z,1078X21514C2,1078X,,SCHEDULED,240,4.0
2026-10-07T04:51:29Z,1078X20720C5,1078X,,SCHEDULED,0,0.0
2026-10-07T04:51:29Z,1078X35981C2,1078X,,SCHEDULED,60,1.0
2026-10-07T04:51:29Z,1078X21600C2,1078X,,SCHEDULED,0,0.0
2026-10-07T04:51:29Z,1078X21817C7,1078X,,SCHEDULED,0,0.0
2026-10-07T04:51:29Z,1078X21204C10,1078X,,SCHEDULED,0,0.0
2026-10-07T04:51:29Z,1078X19522C5,1078X,,SCHEDULED,540,9.0
2026-10-07T04:51:29Z,1078X19521C5,1078X,,SCHEDULED,0,0.0
2026-10-07T04:51:29Z,1078X20727C5,1078X,,SCHEDULED,0,0.0
2026-10-07T04:51:29Z,1078X21200C10,1078X,,SCHEDULED,300,5.0
2026-10-07T04:51:29Z,1078X20605C8b,1078X,,SCHEDULED,0,0.0
2026-10-07T04:51:29Z,1078X21607C2,1078X,,SCHEDULED,420,7.0
2026-10-07T04:51:29Z,1078X35975C2,1078X,,SCHEDULED,660,11.0
2026-10-07T04:51:29Z,1078X21815C7,1078X,,SCHEDULED,0,0.0
2026-10-07T04:51:29Z,1078X19809C1,1078X,,SCHEDULED,60,1.0
2026-10-07T04:51:29Z,1078X20726C5,1078X,,SCHEDULED,0,0.0
2026-10-07T04:51:29Z,1078X19808C1,1078X,,SCHEDULED,0,0.0
2026-10-07T04:51:29Z,1078X20604C8b,1078X,,SCHEDULED,0,0.0
2026-10-07T04:51:29Z,1078X20603C8b,1078X,,SCHEDULED,240,4.0
2026-10-07T04:51:29Z,1078X19804C1,1078X,,SCHEDULED,360,6.0
2026-10-07T04:51:29Z,1078X19806C1,1078X,,SCHEDULED,360,6.0
2026-10-07T04:51:29Z,1078X20731C5,1078X,,SCHEDULED,0,0.0
2026-10-07T04:51:29Z,1078X20214C4,1078X,,SCHEDULED,180,3.0
2026-10-07T04:51:29Z,1078X20730C5,1078X,,CANCELED,,
2026-10-07T04:51:29Z,1078X20213C4a,1078X,,SCHEDULED,0,0.0
2026-10-07T04:51:29Z,1078X20211C4a,1078X,,SCHEDULED,60,1.0
2026-10-07T04:51:29Z,1078X21706C2,1078X,,SCHEDULED,600,10.0
2026-10-07T04:51:29Z,1078X21309C10,1078X,,SCHEDULED,0,0.0
2026-10-07T04:51:29Z,1078X21308C10,1078X,,SCHEDULED,0,0.0
2026-10-07T04:51:29Z,1078X21813C7,1078X,,SCHEDULED,300,5.0
2026-10-07T04:51:29Z,1078X20219C4a,1078X,,SCHEDULED,120,2.0
2026-10-07T04:51:29Z,1078X21307C10,1078X,,SCHEDULED,120,2.0
2026-10-07T04:51:29Z,1078X20218C4a,1078X,,SCHEDULED,240,4.0
2026-10-07T04:51:29Z,1078X20734C5,1078X,,SCHEDULED,0,0.0
2026-10-07T04:51:29Z,1078X20723C5,1078X,,SCHEDULED,0,0.0
2026-10-07T04:51:29Z,1078X21306C10,1078X,,SCHEDULED,240,4.0
2026-10-07T04:51:29Z,1078X20216C4a,1078X,,SCHEDULED,180,3.0
2026-10-07T04:51:29Z,1078X20602C8b,1078X,,SCHEDULED,180,3.0
2026-10-07T04:51:29Z,1078X20215C4a,1078X,,SCHEDULED,240,4.0
2026-10-07T04:51:29Z,1078X21304C10,1078X,,SCHEDULED,480,8.0
2026-10-07T04:51:29Z,1078X21811C7,1078X,,SCHEDULED,180,3.0
2026-10-07T04:51:29Z,1078X20225C4a,1078X,,SCHEDULED,0,0.0
2026-10-07T04:51:29Z,1078X20601C8b,1078X,,SCHEDULED,0,0.0
2026-10-07T04:51:29Z,1078X20224C4a,1078X,,SCHEDULED,300,5.0
2026-10-07T04:51:29Z,1078X20600C8b,1078X,,SCHEDULED,540,9.0
2026-10-07T04:51:29Z,1078X19510C5,1078X,,SCHEDULED,0,0.0
2026-10-07T04:51:29Z,1078X20740C5,1078X,,SCHEDULED,0,0.0
2026-10-07T04:51:29Z,1078X21808C7,1078X,,SCHEDULED,0,0.0
2026-10-07T04:51:29Z,1078X20223C4a,1078X,,SCHEDULED,0,0.0
2026-10-07T04:51:29Z,1078X20222C4a,1078X,,SCHEDULED,60,1.0
2026-10-07T04:51:29Z,1078X19512C5,1078X,,SCHEDULED,180,3.0
2026-10-07T04:51:29Z,1078X20221C4a,1078X,,SCHEDULED,240,4.0
2026-10-07T04:51:29Z,1078X20719C5,1078X,,SCHEDULED,540,9.0
2026-10-07T04:51:29Z,1078X21807C7,1078X,,SCHEDULED,60,1.0
2026-10-07T04:51:29Z,1078X20220C4a,1078X,,SCHEDULED,360,6.0
2026-10-07T04:51:29Z,1078X35809C7,1078X,,SCHEDULED,420,7.0
2026-10-07T04:51:29Z,1078X20228C4a,1078X,,SCHEDULED,0,0.0
2026-10-07T04:51:29Z,1078X19544C5,1078X,,SCHEDULED,0,0.0
2026-10-07T04:51:29Z,1078X20016C3,1078X,,SCHEDULED,0,0.0
2026-10-07T04:51:29Z,1078X20412C4b,1078X,,SCHEDULED,60,1.0
2026-10-07T04:51:29Z,1078X20015C3,1078X,,SCHEDULED,0,0.0
2026-10-07T04:51:29Z,1078X21104C10,1078X,,SCHEDULED,300,5.0
2026-10-07T04:51:29Z,1078X20226C4a,1078X,,SCHEDULED,0,0.0
2026-10-07T04:51:29Z,1078X19518C5,1078X,,SCHEDULED,540,9.0
2026-10-07T04:51:29Z,1078X21006C8a,1078X,,SCHEDULED,0,0.0
2026-10-07T04:51:29Z,1078X21004C8a,1078X,,SCHEDULED,60,1.0
2026-10-07T04:51:29Z,1078X20411C4b,1078X,,SCHEDULED,420,7.0
2026-10-07T04:51:29Z,1078X21520C2,1078X,,SCHEDULED,0,0.0
2026-10-07T04:51:29Z,1078X20014C3,1078X,,SCHEDULED,0,0.0
2026-10-07T04:51:29Z,1078X21003C8a,1078X,,SCHEDULED,300,5.0
2026-10-07T04:51:29Z,1078X21002C8a,1078X,,SCHEDULED,0,0.0
2026-10-07T04:51:29Z,1078X20410C4b,1078X,,SCHEDULED,0,0.0
2026-10-07T04:51:29Z,1078X21001C8a,1078X,,SCHEDULED,420,7.0
2026-10-07T04:51:29Z,1078X19545C5,1078X,,SCHEDULED,600,10.0
2026-10-07T04:51:29Z,1078X20013C3,1078X,,SCHEDULED,240,4.0
2026-10-07T04:56:19Z,3078X23605C4,3078X,,SCHEDULED,1740,29.0
2026-10-07T04:56:19Z,3078X23100C3,3078X,,SCHEDULED,0,0.0
2026-10-07T04:56:19Z,3078X23803C5,3078X,,SCHEDULED,360,6.0
2026-10-07T04:56:19Z,3078X23506C1,3078X,,SCHEDULED,240,4.0
2026-10-07T04:56:19Z,3078X23507C1,3078X,,SCHEDULED,240,4.0
2026-10-07T04:56:19Z,3078X23508C1,3078X,,SCHEDULED,0,0.0
2026-10-07T04:56:19Z,3078X23509C1,3078X,,SCHEDULED,420,7.0
2026-10-07T04:56:19Z,3078X23603C4,3078X,,SCHEDULED,660,11.0
2026-10-07T04:56:19Z,3078X23801C5,3078X,,SCHEDULED,1440,24.0
2026-10-07T04:56:19Z,3078X23504C1,3078X,,SCHEDULED,480,8.0
2026-10-07T04:56:19Z,3078X23102C3,3078X,,SCHEDULED,-60,-1.0
2026-10-07T04:56:19Z,3078X23703C5,3078X,,SCHEDULED,240,4.0
2026-10-07T04:56:19Z,3078X23511C1,3078X,,SCHEDULED,0,0.0
2026-10-07T04:56:19Z,3078X23512C1,3078X,,SCHEDULED,0,0.0
2026-10-07T04:56:19Z,3078X23510C1,3078X,,SCHEDULED,0,0.0
2026-10-07T04:56:19Z,3178X23202C1,3178X,,SCHEDULED,0,0.0
2026-10-07T04:56:19Z,3178X23423T1,3178X,,SCHEDULED,0,0.0
2026-10-07T04:56:19Z,3178X23203C1,3178X,,SCHEDULED,120,2.0
2026-10-07T04:56:19Z,3178X23205C1,3178X,,SCHEDULED,180,3.0
2026-10-07T04:56:19Z,3178X23206C1,3178X,,SCHEDULED,0,0.0
2026-10-07T04:56:19Z,3178X23204C1,3178X,,SCHEDULED,0,0.0
2026-10-07T04:56:19Z,3178X23424T1,3178X,,SCHEDULED,0,0.0
2026-10-07T04:56:19Z,3178X23421T1,3178X,,SCHEDULED,0,0.0
2026-10-07T04:56:19Z,3278X23304C1,3278X,,SCHEDULED,120,2.0
2026-10-07T04:56:19Z,3278X23309C1,3278X,,SCHEDULED,0,0.0
2026-10-07T04:56:19Z,3278X23150C2,3278X,,SCHEDULED,180,3.0
2026-10-07T04:56:19Z,3278X23307C1,3278X,,SCHEDULED,300,5.0
2026-10-07T04:56:19Z,4078X24201C1,4078X,,SCHEDULED,60,1.0
2026-10-07T04:56:19Z,4078X24004C2,4078X,,SCHEDULED,240,4.0
2026-10-07T04:56:19Z,4078X24202C1,4078X,,SCHEDULED,-60,-1.0
2026-10-07T04:56:19Z,4078X24301C6,4078X,,SCHEDULED,660,11.0
2026-10-07T04:56:19Z,4078X24005C2,4078X,,SCHEDULED,360,6.0
2026-10-07T04:56:19Z,4078X24302C6,4078X,,SCHEDULED,300,5.0
2026-10-07T04:56:19Z,4078X24203C1,4078X,,SCHEDULED,0,0.0
2026-10-07T04:56:19Z,4078X24204C1,4078X,,SCHEDULED,0,0.0
2026-10-07T04:56:19Z,4078X24303C6,4078X,,SCHEDULED,180,3.0
2026-10-07T04:56:19Z,4078X24007C2,4078X,,SCHEDULED,60,1.0
2026-10-07T04:56:19Z,4078X24304C6,4078X,,SCHEDULED,180,3.0
2026-10-07T04:56:19Z,4078X84003C2,4078X,,SCHEDULED,0,0.0
2026-10-07T04:56:19Z,4078X36405C1,4078X,,SCHEDULED,120,2.0
2026-10-07T04:56:19Z,4078X24002C2,4078X,,SCHEDULED,240,4.0
2026-10-07T04:56:19Z,4078X24003C2,4078X,,SCHEDULED,0,0.0
2026-10-07T04:56:19Z,4078X24206C1,4078X,,SCHEDULED,0,0.0
2026-10-07T04:56:19Z,4078X24008C2,4078X,,SCHEDULED,240,4.0
2026-10-07T04:56:19Z,4078X24305C6,4078X,,SCHEDULED,60,1.0
2026-10-07T04:56:19Z,4078X24291C1,4078X,,SCHEDULED,180,3.0
2026-10-07T04:56:19Z,4078X24382C6,4078X,,SCHEDULED,0,0.0
2026-10-07T04:56:19Z,4078X24283C1,4078X,,SCHEDULED,0,0.0
2026-10-07T04:56:19Z,4078X31454C3,4078X,,SCHEDULED,-180,-3.0
2026-10-07T04:56:19Z,4078X24383C6,4078X,,SCHEDULED,0,0.0
2026-10-07T04:56:19Z,4078X84008C2,4078X,,SCHEDULED,0,0.0
2026-10-07T04:56:19Z,4078X31402C3,4078X,,SCHEDULED,60,1.0
2026-10-07T04:56:19Z,4078X31456C3,4078X,,SCHEDULED,-360,-6.0
2026-10-07T04:56:19Z,5178X77708R4,5178X,,CANCELED,,
2026-10-07T04:56:19Z,5178X25605R1,5178X,,CANCELED,,
2026-10-07T04:56:19Z,5178X25607R1,5178X,,CANCELED,,
2026-10-07T04:56:19Z,5178X25609R1,5178X,,CANCELED,,
2026-10-07T04:56:19Z,5178X15002R15,5178X,,SCHEDULED,300,5.0
2026-10-07T04:56:19Z,5178X15000R15,5178X,,CANCELED,,
2026-10-07T04:56:19Z,5178X25600R1,5178X,,CANCELED,,
2026-10-07T04:56:19Z,5178X25402R2N,5178X,,CANCELED,,
2026-10-07T04:56:19Z,5178X25404R2N,5178X,,CANCELED,,
2026-10-07T04:56:19Z,5178X25406R2N,5178X,,CANCELED,,
2026-10-07T04:56:19Z,5178X28476R2,5178X,,CANCELED,,
2026-10-07T04:56:19Z,5178X15722R11,5178X,,CANCELED,,
2026-10-07T04:56:19Z,5178X15720R11,5178X,,CANCELED,,
2026-10-07T04:56:19Z,5178X28470R2,5178X,,CANCELED,,
2026-10-07T04:56:19Z,5178X25616R1,5178X,,CANCELED,,
2026-10-07T04:56:19Z,5178X15900R11,5178X,,CANCELED,,
2026-10-07T04:56:19Z,5178X30531R15,5178X,,SCHEDULED,1440,24.0
2026-10-07T04:56:19Z,5178X15850R11,5178X,,CANCELED,,
2026-10-07T04:56:19Z,5178X18120R16,5178X,,SCHEDULED,0,0.0
2026-10-07T04:56:19Z,5178X25710R1,5178X,,CANCELED,,
2026-10-07T04:56:19Z,5178X28468R2,5178X,,CANCELED,,
2026-10-07T04:56:19Z,5178X15772R11,5178X,,CANCELED,,
2026-10-07T04:56:19Z,5178X28506R2,5178X,,SCHEDULED,2880,48.0
2026-10-07T04:56:19Z,5178X77980R4,5178X,,CANCELED,,
2026-10-07T04:56:19Z,5178X15770R11,5178X,,CANCELED,,
2026-10-07T04:56:19Z,5178X28265R2S,5178X,,SCHEDULED,300,5.0
2026-10-07T04:56:19Z,5178X28408R2N,5178X,,CANCELED,,
2026-10-07T04:56:19Z,5178X25612R1,5178X,,CANCELED,,
2026-10-07T04:56:19Z,5178X77982R4,5178X,,CANCELED,,
2026-10-07T04:56:19Z,5178X28406R2N,5178X,,CANCELED,,
2026-10-07T04:56:19Z,5178X28466R2,5178X,,CANCELED,,
2026-10-07T04:56:19Z,5178X35523R3,5178X,,CANCELED,,
2026-10-07T04:56:19Z,5178X77402R4,5178X,,SCHEDULED,-60,-1.0
2026-10-07T04:56:19Z,5178X77500R4,5178X,,CANCELED,,
2026-10-07T04:56:19Z,5178X28269R2S,5178X,,CANCELED,,
2026-10-07T04:56:19Z,5178X77800R7,5178X,,CANCELED,,
2026-10-07T04:56:19Z,5178X77404R4,5178X,,SCHEDULED,60,1.0
2026-10-07T04:56:19Z,5178X15852R11,5178X,,CANCELED,,
2026-10-07T04:56:19Z,5178X77604R4,5178X,,CANCELED,,
2026-10-07T04:56:19Z,5178X77406R4,5178X,,SCHEDULED,300,5.0
2026-10-07T04:56:19Z,5178X15774R11,5178X,,CANCELED,,
2026-10-07T04:56:19Z,5178X77502R4,5178X,,SCHEDULED,3960,66.0
2026-10-07T04:56:19Z,5178X77803R7,5178X,,CANCELED,,
2026-10-07T04:56:19Z,5178X77606R4,5178X,,CANCELED,,
2026-10-07T04:56:19Z,5178X77504R4,5178X,,SCHEDULED,60,1.0
2026-10-07T04:56:19Z,5178X25707R1,5178X,,CANCELED,,
2026-10-07T04:56:19Z,5178X25706R1,5178X,,CANCELED,,
2026-10-07T04:56:19Z,5178X77704R4,5178X,,CANCELED,,
2026-10-07T04:56:19Z,5178X33521RL4,5178X,,SCHEDULED,300,5.0
2026-10-07T04:56:19Z,5178X25708R1,5178X,,CANCELED,,
2026-10-07T04:56:19Z,5178X77506R4,5178X,,CANCELED,,
2026-10-07T04:56:19Z,5178X77706R4,5178X,,CANCELED,,
2026-10-07T04:56:19Z,5178X77508R4,5178X,,SCHEDULED,0,0.0
2026-10-07T04:56:19Z,5178X25501R2S,5178X,,SCHEDULED,660,11.0
2026-10-07T04:56:19Z,5178X25500R2S,5178X,,CANCELED,,
2026-10-07T04:56:19Z,5178X25700R1,5178X,,CANCELED,,
2026-10-07T04:56:19Z,5178X25502R2S,5178X,,CANCELED,,
2026-10-07T04:56:19Z,5178X25504R2S,5178X,,CANCELED,,
2026-10-07T04:56:19Z,5178X28254R2S,5178X,,CANCELED,,
2026-10-07T04:56:19Z,5178X28252R2S,5178X,,CANCELED,,
2026-10-07T04:56:19Z,5178X77312R3,5178X,,CANCELED,,
2026-10-07T04:56:19Z,5178X77510R4,5178X,,SCHEDULED,0,0.0
2026-10-07T04:56:19Z,5178X78600R8,5178X,,SCHEDULED,720,12.0
2026-10-07T04:56:19Z,5178X77512R4,5178X,,CANCELED,,
2026-10-07T04:56:19Z,5178X77314R3,5178X,,SCHEDULED,60,1.0
2026-10-07T04:56:19Z,5178X28410R2N,5178X,,CANCELED,,
2026-10-07T04:56:19Z,5178X77316R3,5178X,,CANCELED,,
2026-10-07T04:56:19Z,5178X33520RL4,5178X,,SCHEDULED,600,10.0
2026-10-07T04:56:19Z,6078X26009C2,6078X,,SCHEDULED,0,0.0
2026-10-07T04:56:19Z,6078X26008C2,6078X,,SCHEDULED,360,6.0
2026-10-07T04:56:19Z,6078X26506C3,6078X,,SCHEDULED,0,0.0
2026-10-07T04:56:19Z,6078X26604C3,6078X,,SCHEDULED,0,0.0
2026-10-07T04:56:19Z,6078X26109C1,6078X,,SCHEDULED,60,1.0
2026-10-07T04:56:19Z,6078X26505C3,6078X,,SCHEDULED,0,0.0
2026-10-07T04:56:19Z,6078X26011C2,6078X,,SCHEDULED,0,0.0
2026-10-07T04:56:19Z,6078X71505C4,6078X,,SCHEDULED,0,0.0
2026-10-07T04:56:19Z,6078X26010C2,6078X,,SCHEDULED,0,0.0
2026-10-07T04:56:19Z,6078X26111C1,6078X,,SCHEDULED,0,0.0
2026-10-07T04:56:19Z,6078X26110C1,6078X,,SCHEDULED,0,0.0
2026-10-07T04:56:19Z,6078X71581C5,6078X,,SCHEDULED,120,2.0
2026-10-07T04:56:19Z,6078X26007C2,6078X,,SCHEDULED,240,4.0
2026-10-07T04:56:19Z,6078X26006C2,6078X,,SCHEDULED,60,1.0
2026-10-07T04:56:19Z,6078X26603C3,6078X,,SCHEDULED,0,0.0
2026-10-07T04:56:19Z,6078X26108C1,6078X,,SCHEDULED,0,0.0
2026-10-07T04:56:19Z,6078X26508C3,6078X,,SCHEDULED,0,0.0
2026-10-07T04:56:19Z,6078X71503C4,6078X,,SCHEDULED,240,4.0
2026-10-07T04:56:19Z,6078X26507C3,6078X,,SCHEDULED,60,1.0
2026-10-07T04:56:19Z,6078X26509C3,6078X,,SCHEDULED,0,0.0
2026-10-07T04:56:19Z,6078X71502C4,6078X,,SCHEDULED,180,3.0
2026-10-07T04:56:19Z,6078X71500C4,6078X,,SCHEDULED,-60,-1.0
2026-10-07T04:56:19Z,6178X35665C1,6178X,,SCHEDULED,60,1.0
2026-10-07T04:56:19Z,6178X35615C1,6178X,,SCHEDULED,0,0.0
2026-10-07T04:56:19Z,6178X35613C1,6178X,,SCHEDULED,720,12.0
2026-10-07T04:56:19Z,6178X35612C1,6178X,,SCHEDULED,240,4.0
2026-10-07T04:56:19Z,6178X35614C1,6178X,,SCHEDULED,-60,-1.0
2026-10-07T04:56:19Z,6278X71350C3,6278X,,SCHEDULED,120,2.0
2026-10-07T04:56:19Z,6278X71152C2,6278X,,SCHEDULED,0,0.0
2026-10-07T04:56:19Z,6278X26901C1,6278X,,SCHEDULED,120,2.0
2026-10-07T04:56:19Z,6278X71151C2,6278X,,SCHEDULED,-60,-1.0
2026-10-07T04:56:19Z,6278X26902C1,6278X,,SCHEDULED,240,4.0
2026-10-07T04:56:19Z,6278X71103C2,6278X,,SCHEDULED,1080,18.0
2026-10-07T04:56:19Z,6278X26907C1,6278X,,SCHEDULED,0,0.0
2026-10-07T04:56:19Z,6278X71200C3,6278X,,SCHEDULED,0,0.0
2026-10-07T04:56:19Z,6278X26903C1,6278X,,SCHEDULED,900,15.0
2026-10-07T04:56:19Z,6278X71105C2,6278X,,CANCELED,,
2026-10-07T04:56:19Z,6278X71840C3,6278X,,SCHEDULED,-120,-2.0
2026-10-07T04:56:19Z,4678X70150C1,4678X,,SCHEDULED,0,0.0
2026-10-07T04:56:19Z,4778X71090C1,4778X,,SCHEDULED,0,0.0
2026-10-07T04:56:19Z,4778X71051C1,4778X,,SCHEDULED,0,0.0
2026-10-07T04:56:19Z,2078X70800C6,2078X,,SCHEDULED,240,4.0
2026-10-07T04:56:19Z,2078X70403C5,2078X,,SCHEDULED,480,8.0
2026-10-07T04:56:19Z,2078X70563C5a,2078X,,SCHEDULED,0,0.0
2026-10-07T04:56:19Z,2078X22309C3,2078X,,SCHEDULED,0,0.0
2026-10-07T04:56:19Z,2078X70202C4,2078X,,SCHEDULED,480,8.0
2026-10-07T04:56:19Z,2078X70300C4,2078X,,SCHEDULED,0,0.0
2026-10-07T04:56:19Z,2078X70201C4,2078X,,SCHEDULED,840,14.0
2026-10-07T04:56:19Z,2078X22100C1,2078X,,SCHEDULED,120,2.0
2026-10-07T04:56:19Z,2078X22001C1,2078X,,SCHEDULED,60,1.0
2026-10-07T04:56:19Z,2078X22102C1,2078X,,SCHEDULED,0,0.0
2026-10-07T04:56:19Z,2078X70461C5a,2078X,,SCHEDULED,0,0.0
2026-10-07T04:56:19Z,2078X22204C2,2078X,,SCHEDULED,300,5.0
2026-10-07T04:56:19Z,2078X70803C6,2078X,,SCHEDULED,120,2.0
2026-10-07T04:56:19Z,2078X22006C1,2078X,,SCHEDULED,360,6.0
2026-10-07T04:56:19Z,2078X22105C1,2078X,,SCHEDULED,180,3.0
2026-10-07T04:56:19Z,2078X22304C3,2078X,,SCHEDULED,0,0.0
2026-10-07T04:56:19Z,2078X70902C8,2078X,,SCHEDULED,360,6.0
2026-10-07T04:56:19Z,2078X80851C6,2078X,,SCHEDULED,4500,75.0
2026-10-07T04:56:19Z,2078X70757C6,2078X,,SCHEDULED,0,0.0
2026-10-07T04:56:19Z,2078X70506C7,2078X,,SCHEDULED,720,12.0
2026-10-07T04:56:19Z,2078X22003C1,2078X,,SCHEDULED,120,2.0
2026-10-07T04:56:19Z,2078X22206C2,2078X,,SCHEDULED,0,0.0
2026-10-07T04:56:19Z,2078X22201C2,2078X,,SCHEDULED,360,6.0
2026-10-07T04:56:19Z,2078X70402C5,2078X,,SCHEDULED,120,2.0
2026-10-07T04:56:19Z,2078X22305C3,2078X,,SCHEDULED,420,7.0
2026-10-07T04:56:19Z,2078X22202C2,2078X,,SCHEDULED,300,5.0
2026-10-07T04:56:19Z,2078X70203C4,2078X,,SCHEDULED,0,0.0
2026-10-07T04:56:19Z,2078X22004C1,2078X,,SCHEDULED,120,2.0
2026-10-07T04:56:19Z,2078X70302C4,2078X,,SCHEDULED,540,9.0
2026-10-07T04:56:19Z,2078X70401C5,2078X,,SCHEDULED,0,0.0
2026-10-07T04:56:19Z,2078X22203C2,2078X,,SCHEDULED,0,0.0
2026-10-07T04:56:19Z,2078X70206C4,2078X,,SCHEDULED,0,0.0
2026-10-07T04:56:19Z,2078X22302C3,2078X,,SCHEDULED,420,7.0
2026-10-07T04:56:19Z,2078X22307C3,2078X,,SCHEDULED,600,10.0
2026-10-07T04:56:19Z,2078X70754C6,2078X,,SCHEDULED,0,0.0
2026-10-07T04:56:19Z,2078X70503C7,2078X,,SCHEDULED,0,0.0
2026-10-07T04:56:19Z,2078X70853C6,2078X,,SCHEDULED,0,0.0
2026-10-07T04:56:19Z,2078X70756C6,2078X,,SCHEDULED,360,6.0
2026-10-07T04:56:19Z,2078X70850C6,2078X,,SCHEDULED,600,10.0
2026-10-07T04:56:19Z,2078X70251C4,2078X,,SCHEDULED,120,2.0
2026-10-07T04:56:19Z,2078X70250C4,2078X,,SCHEDULED,0,0.0
2026-10-07T04:56:19Z,2078X22311C3,2078X,,SCHEDULED,0,0.0
2026-10-07T04:56:19Z,2078X70505C7,2078X,,SCHEDULED,120,2.0
2026-10-07T04:56:19Z,2078X70901C8,2078X,,SCHEDULED,900,15.0
2026-10-07T04:56:19Z,2078X70504C7,2078X,,SCHEDULED,0,0.0
2026-10-07T04:56:19Z,2078X70507C7,2078X,,SCHEDULED,0,0.0
2026-10-07T04:56:19Z,4178X84902C2,4178X,,SCHEDULED,0,0.0
2026-10-07T04:56:19Z,4178X24702C1,4178X,,SCHEDULED,600,10.0
2026-10-07T04:56:19Z,4178X32801C3,4178X,,SCHEDULED,0,0.0
2026-10-07T04:56:19Z,4178X32800C3,4178X,,SCHEDULED,0,0.0
2026-10-07T04:56:19Z,4178X24701C1,4178X,,SCHEDULED,480,8.0
2026-10-07T04:56:19Z,4178X84901C2,4178X,,SCHEDULED,3300,55.0
2026-10-07T04:56:19Z,4178X84900C2,4178X,,SCHEDULED,3000,50.0
2026-10-07T04:56:19Z,4178X84904C2,4178X,,SCHEDULED,1200,20.0
2026-10-07T04:56:19Z,4178X84903C2,4178X,,SCHEDULED,0,0.0
2026-10-07T04:56:19Z,4578X71600C1,4578X,,SCHEDULED,0,0.0
2026-10-07T04:56:19Z,4578X71603C1,4578X,,SCHEDULED,0,0.0
2026-10-07T04:56:19Z,4578X71601C1,4578X,,SCHEDULED,60,1.0
2026-10-07T04:56:19Z,7078X31529C1,7078X,,SCHEDULED,900,15.0
2026-10-07T04:56:19Z,1078X20011C3,1078X,,SCHEDULED,660,11.0
2026-10-07T04:56:19Z,1078X20715C5,1078X,,SCHEDULED,60,1.0
2026-10-07T04:56:19Z,1078X20131C3,1078X,,SCHEDULED,0,0.0
2026-10-07T04:56:19Z,1078X20010C3,1078X,,SCHEDULED,180,3.0
2026-10-07T04:56:19Z,1078X21186C10,1078X,,SCHEDULED,0,0.0
2026-10-07T04:56:19Z,1078X21804C7,1078X,,SCHEDULED,180,3.0
2026-10-07T04:56:19Z,1078X19541C5,1078X,,SCHEDULED,120,2.0
2026-10-07T04:56:19Z,1078X35991C2,1078X,,SCHEDULED,0,0.0
2026-10-07T04:56:19Z,1078X20714C5,1078X,,SCHEDULED,0,0.0
2026-10-07T04:56:19Z,1078X21509C2,1078X,,SCHEDULED,60,1.0
2026-10-07T04:56:19Z,1078X21802C7,1078X,,SCHEDULED,180,3.0
2026-10-07T04:56:19Z,1078X20419C4b,1078X,,SCHEDULED,240,4.0
2026-10-07T04:56:19Z,1078X20710C5,1078X,,SCHEDULED,180,3.0
2026-10-07T04:56:19Z,1078X20709C5,1078X,,SCHEDULED,120,2.0
2026-10-07T04:56:19Z,1078X21508C2,1078X,,SCHEDULED,660,11.0
2026-10-07T04:56:19Z,1078X20418C4b,1078X,,SCHEDULED,0,0.0
2026-10-07T04:56:19Z,1078X20720C5,1078X,,SCHEDULED,0,0.0
2026-10-07T04:56:19Z,1078X21817C7,1078X,,SCHEDULED,0,0.0
2026-10-07T04:56:19Z,1078X20417C4b,1078X,,SCHEDULED,0,0.0
2026-10-07T04:56:19Z,1078X21506C2,1078X,,SCHEDULED,660,11.0
2026-10-07T04:56:19Z,1078X20727C5,1078X,,SCHEDULED,0,0.0
2026-10-07T04:56:19Z,1078X20605C8b,1078X,,SCHEDULED,0,0.0
2026-10-07T04:56:19Z,1078X20416C4b,1078X,,SCHEDULED,180,3.0
2026-10-07T04:56:19Z,1078X21815C7,1078X,,SCHEDULED,0,0.0
2026-10-07T04:56:19Z,1078X21505C2,1078X,,SCHEDULED,180,3.0
2026-10-07T04:56:19Z,1078X20019C3,1078X,,SCHEDULED,0,0.0
2026-10-07T04:56:19Z,1078X21108C10,1078X,,SCHEDULED,240,4.0
2026-10-07T04:56:19Z,1078X20726C5,1078X,,SCHEDULED,240,4.0
2026-10-07T04:56:19Z,1078X20415C4b,1078X,,SCHEDULED,120,2.0
2026-10-07T04:56:19Z,1078X20604C8b,1078X,,SCHEDULED,0,0.0
2026-10-07T04:56:19Z,1078X20603C8b,1078X,,SCHEDULED,360,6.0
2026-10-07T04:56:19Z,1078X20414C4b,1078X,,CANCELED,,
2026-10-07T04:56:19Z,1078X21813C7,1078X,,SCHEDULED,60,1.0
2026-10-07T04:56:19Z,1078X21503C2,1078X,,SCHEDULED,240,4.0
2026-10-07T04:56:19Z,1078X20017C3,1078X,,SCHEDULED,0,0.0
2026-10-07T04:56:19Z,1078X21106C10,1078X,,SCHEDULED,180,3.0
2026-10-07T04:56:19Z,1078X20413C4b,1078X,,SCHEDULED,120,2.0
2026-10-07T04:56:19Z,1078X20723C5,1078X,,SCHEDULED,0,0.0
2026-10-07T04:56:19Z,1078X36202C10,1078X,,SCHEDULED,360,6.0
2026-10-07T04:56:19Z,1078X21182C10,1078X,,SCHEDULED,360,6.0
2026-10-07T04:56:19Z,1078X20602C8b,1078X,,SCHEDULED,60,1.0
2026-10-07T04:56:19Z,1078X20423C4b,1078X,,SCHEDULED,300,5.0
2026-10-07T04:56:19Z,1078X21811C7,1078X,,SCHEDULED,240,4.0
2026-10-07T04:56:19Z,1078X20601C8b,1078X,,SCHEDULED,0,0.0
2026-10-07T04:56:19Z,1078X21512C2,1078X,,SCHEDULED,300,5.0
2026-10-07T04:56:19Z,1078X20600C8b,1078X,,SCHEDULED,120,2.0
2026-10-07T04:56:19Z,1078X21511C2,1078X,,SCHEDULED,120,2.0
2026-10-07T04:56:19Z,1078X21808C7,1078X,,SCHEDULED,0,0.0
2026-10-07T04:56:19Z,1078X19557C5,1078X,,SCHEDULED,120,2.0
2026-10-07T04:56:19Z,1078X20719C5,1078X,,SCHEDULED,0,0.0
2026-10-07T04:56:19Z,1078X21510C2,1078X,,SCHEDULED,420,7.0
2026-10-07T04:56:19Z,1078X21807C7,1078X,,SCHEDULED,60,1.0
2026-10-07T04:56:19Z,1078X20421C4b,1078X,,SCHEDULED,120,2.0
2026-10-07T04:56:19Z,1078X19551C5,1078X,,SCHEDULED,60,1.0
2026-10-07T04:56:19Z,1078X35809C7,1078X,,SCHEDULED,180,3.0
2026-10-07T04:56:19Z,1078X19550C5,1078X,,SCHEDULED,0,0.0
2026-10-07T04:56:19Z,1078X19544C5,1078X,,SCHEDULED,0,0.0
2026-10-07T04:56:19Z,1078X35980C2,1078X,,SCHEDULED,0,0.0
2026-10-07T04:56:19Z,1078X20016C3,1078X,,SCHEDULED,0,0.0
2026-10-07T04:56:19Z,1078X20412C4b,1078X,,SCHEDULED,120,2.0
2026-10-07T04:56:19Z,1078X20015C3,1078X,,SCHEDULED,300,5.0
2026-10-07T04:56:19Z,1078X20706C5,1078X,,SCHEDULED,540,9.0
2026-10-07T04:56:19Z,1078X21104C10,1078X,,SCHEDULED,0,0.0
2026-10-07T04:56:19Z,1078X20014C3,1078X,,SCHEDULED,300,5.0
2026-10-07T04:56:19Z,1078X20704C5,1078X,,SCHEDULED,240,4.0
2026-10-07T04:56:19Z,1078X20427C4b,1078X,,SCHEDULED,0,0.0
2026-10-07T04:56:19Z,1078X20410C4b,1078X,,SCHEDULED,60,1.0
2026-10-07T04:56:19Z,1078X19545C5,1078X,,SCHEDULED,900,15.0
2026-10-07T04:56:19Z,1078X20013C3,1078X,,SCHEDULED,300,5.0
2026-10-07T04:56:19Z,1078X19540C5,1078X,,CANCELED,,
2026-10-07T04:56:19Z,1078X21516C2,1078X,,SCHEDULED,960,16.0
2026-10-07T04:56:19Z,1078X20012C3,1078X,,SCHEDULED,0,0.0
2026-10-07T04:56:19Z,1078X20425C4b,1078X,,SCHEDULED,0,0.0
2026-10-07T04:56:19Z,1078X20731C5,1078X,,SCHEDULED,0,0.0
2026-10-07T04:56:19Z,1078X20214C4,1078X,,SCHEDULED,120,2.0
2026-10-07T04:56:19Z,1078X21513C2,1078X,,SCHEDULED,0,0.0
2026-10-07T04:56:19Z,1078X35981C2,1078X,,SCHEDULED,120,2.0
2026-10-07T04:56:19Z,1078X21600C2,1078X,,SCHEDULED,0,0.0
2026-10-07T04:56:19Z,1078X20730C5,1078X,,CANCELED,,
2026-10-07T04:56:19Z,1078X21204C10,1078X,,SCHEDULED,0,0.0
2026-10-07T04:56:19Z,1078X19522C5,1078X,,SCHEDULED,720,12.0
2026-10-07T04:56:19Z,1078X19521C5,1078X,,SCHEDULED,180,3.0
2026-10-07T04:56:19Z,1078X21200C10,1078X,,SCHEDULED,360,6.0
2026-10-07T04:56:19Z,1078X20213C4a,1078X,,SCHEDULED,0,0.0
2026-10-07T04:56:19Z,1078X21607C2,1078X,,SCHEDULED,720,12.0
2026-10-07T04:56:19Z,1078X21605C2,1078X,,SCHEDULED,360,6.0
2026-10-07T04:56:19Z,1078X35975C2,1078X,,SCHEDULED,0,0.0
2026-10-07T04:56:19Z,1078X21706C2,1078X,,SCHEDULED,660,11.0
2026-10-07T04:56:19Z,1078X19808C1,1078X,,SCHEDULED,0,0.0
2026-10-07T04:56:19Z,1078X19806C1,1078X,,SCHEDULED,120,2.0
2026-10-07T04:56:19Z,1078X21309C10,1078X,,SCHEDULED,0,0.0
2026-10-07T04:56:19Z,1078X36305C10,1078X,,SCHEDULED,360,6.0
2026-10-07T04:56:19Z,1078X19528C5,1078X,,SCHEDULED,360,6.0
2026-10-07T04:56:19Z,1078X19527C5,1078X,,SCHEDULED,120,2.0
2026-10-07T04:56:19Z,1078X19533C5,1078X,,SCHEDULED,60,1.0
2026-10-07T04:56:19Z,1078X21308C10,1078X,,SCHEDULED,0,0.0
2026-10-07T04:56:19Z,1078X20219C4a,1078X,,SCHEDULED,300,5.0
2026-10-07T04:56:19Z,1078X19810C1,1078X,,SCHEDULED,0,0.0
2026-10-07T04:56:19Z,1078X21307C10,1078X,,SCHEDULED,60,1.0
2026-10-07T04:56:19Z,1078X19531C5,1078X,,SCHEDULED,60,1.0
2026-10-07T04:56:19Z,1078X20218C4a,1078X,,SCHEDULED,60,1.0
2026-10-07T04:56:19Z,1078X20734C5,1078X,,SCHEDULED,0,0.0
2026-10-07T04:56:19Z,1078X19530C5,1078X,,SCHEDULED,60,1.0
2026-10-07T04:56:19Z,1078X20408C4b,1078X,,SCHEDULED,180,3.0
2026-10-07T04:56:19Z,1078X20009C3,1078X,,SCHEDULED,120,2.0
2026-10-07T04:56:19Z,1078X20404C4,1078X,,SCHEDULED,0,0.0
2026-10-07T04:56:19Z,1078X20008C3,1078X,,SCHEDULED,60,1.0
2026-10-07T04:56:19Z,1078X20006C3,1078X,,SCHEDULED,0,0.0
2026-10-07T04:56:19Z,1078X21306C10,1078X,,SCHEDULED,240,4.0
2026-10-07T04:56:19Z,1078X20217C4a,1078X,,SCHEDULED,60,1.0
2026-10-07T04:56:19Z,1078X20216C4a,1078X,,SCHEDULED,0,0.0
2026-10-07T04:56:19Z,1078X19537C5,1078X,,SCHEDULED,240,4.0
2026-10-07T04:56:19Z,1078X19811C1,1078X,,SCHEDULED,120,2.0
2026-10-07T04:56:19Z,1078X19539C5,1078X,,SCHEDULED,120,2.0
2026-10-07T04:56:19Z,1078X20215C4a,1078X,,SCHEDULED,240,4.0
2026-10-07T04:56:19Z,1078X21304C10,1078X,,SCHEDULED,540,9.0
2026-10-07T04:56:19Z,1078X19813C1,1078X,,SCHEDULED,0,0.0
2026-10-07T04:56:19Z,1078X19538C5,1078X,,SCHEDULED,0,0.0
2026-10-07T04:56:19Z,1078X20225C4a,1078X,,SCHEDULED,0,0.0
2026-10-07T04:56:19Z,1078X20224C4a,1078X,,SCHEDULED,0,0.0
2026-10-07T04:56:19Z,1078X20740C5,1078X,,SCHEDULED,0,0.0
2026-10-07T04:56:19Z,1078X20223C4a,1078X,,SCHEDULED,0,0.0
2026-10-07T04:56:19Z,1078X20222C4a,1078X,,SCHEDULED,0,0.0
2026-10-07T04:56:19Z,1078X19512C5,1078X,,SCHEDULED,120,2.0
2026-10-07T04:56:19Z,1078X20221C4a,1078X,,SCHEDULED,300,5.0
2026-10-07T04:56:19Z,1078X20220C4a,1078X,,SCHEDULED,180,3.0
2026-10-07T04:56:19Z,1078X20228C4a,1078X,,SCHEDULED,0,0.0
2026-10-07T04:56:19Z,1078X20226C4a,1078X,,SCHEDULED,180,3.0
2026-10-07T04:56:19Z,1078X19518C5,1078X,,SCHEDULED,540,9.0
2026-10-07T04:56:19Z,1078X21006C8a,1078X,,SCHEDULED,0,0.0
2026-10-07T04:56:19Z,1078X19565C5,1078X,,SCHEDULED,0,0.0
2026-10-07T04:56:19Z,1078X21004C8a,1078X,,SCHEDULED,0,0.0
2026-10-07T04:56:19Z,1078X21520C2,1078X,,SCHEDULED,0,0.0
2026-10-07T04:56:19Z,1078X21003C8a,1078X,,SCHEDULED,600,10.0
2026-10-07T04:56:19Z,1078X21002C8a,1078X,,SCHEDULED,120,2.0
2026-10-07T04:56:19Z,1078X19563C5,1078X,,SCHEDULED,0,0.0
2026-10-07T04:56:19Z,1078X21806C7,1078X,,SCHEDULED,60,1.0
2026-10-07T05:01:57Z,2078X70403C5,2078X,,SCHEDULED,780,13.0
2026-10-07T05:01:57Z,2078X70563C5a,2078X,,SCHEDULED,0,0.0
2026-10-07T05:01:57Z,2078X22309C3,2078X,,SCHEDULED,0,0.0
2026-10-07T05:01:57Z,2078X70202C4,2078X,,SCHEDULED,1860,31.0
2026-10-07T05:01:57Z,2078X70301C4,2078X,,SCHEDULED,0,0.0
2026-10-07T05:01:57Z,2078X70902C8,2078X,,SCHEDULED,180,3.0
2026-10-07T05:01:57Z,2078X70506C7,2078X,,SCHEDULED,1020,17.0
2026-10-07T05:01:57Z,2078X70300C4,2078X,,SCHEDULED,60,1.0
2026-10-07T05:01:57Z,2078X70201C4,2078X,,SCHEDULED,1140,19.0
2026-10-07T05:01:57Z,2078X22100C1,2078X,,SCHEDULED,60,1.0
2026-10-07T05:01:57Z,2078X22008C1,2078X,,CANCELED,,
2026-10-07T05:01:57Z,2078X22206C2,2078X,,SCHEDULED,0,0.0
2026-10-07T05:01:57Z,2078X70402C5,2078X,,SCHEDULED,180,3.0
2026-10-07T05:01:57Z,2078X22001C1,2078X,,SCHEDULED,240,4.0
2026-10-07T05:01:57Z,2078X22102C1,2078X,,SCHEDULED,0,0.0
2026-10-07T05:01:57Z,2078X70461C5a,2078X,,SCHEDULED,0,0.0
2026-10-07T05:01:57Z,2078X22003C1,2078X,,SCHEDULED,480,8.0
2026-10-07T05:01:57Z,2078X22305C3,2078X,,SCHEDULED,300,5.0
2026-10-07T05:01:57Z,2078X22201C2,2078X,,SCHEDULED,300,5.0
2026-10-07T05:01:57Z,2078X70203C4,2078X,,SCHEDULED,240,4.0
2026-10-07T05:01:57Z,2078X22202C2,2078X,,SCHEDULED,480,8.0
2026-10-07T05:01:57Z,2078X70302C4,2078X,,SCHEDULED,600,10.0
2026-10-07T05:01:57Z,2078X70401C5,2078X,,SCHEDULED,120,2.0
2026-10-07T05:01:57Z,2078X22004C1,2078X,,SCHEDULED,180,3.0
2026-10-07T05:01:57Z,2078X70206C4,2078X,,SCHEDULED,0,0.0
2026-10-07T05:01:57Z,2078X22307C3,2078X,,SCHEDULED,0,0.0
2026-10-07T05:01:57Z,2078X22203C2,2078X,,SCHEDULED,0,0.0
2026-10-07T05:01:57Z,2078X22302C3,2078X,,SCHEDULED,420,7.0
2026-10-07T05:01:57Z,2078X70503C7,2078X,,SCHEDULED,180,3.0
2026-10-07T05:01:57Z,2078X22105C1,2078X,,SCHEDULED,300,5.0
2026-10-07T05:01:57Z,2078X22304C3,2078X,,SCHEDULED,0,0.0
2026-10-07T05:01:57Z,2078X80851C6,2078X,,SCHEDULED,4800,80.0
2026-10-07T05:01:57Z,2078X70853C6,2078X,,SCHEDULED,0,0.0
2026-10-07T05:01:57Z,2078X70757C6,2078X,,SCHEDULED,0,0.0
2026-10-07T05:01:57Z,2078X70855C6,2078X,,SCHEDULED,0,0.0
2026-10-07T05:01:57Z,2078X70756C6,2078X,,SCHEDULED,660,11.0
2026-10-07T05:01:57Z,2078X70850C6,2078X,,SCHEDULED,660,11.0
2026-10-07T05:01:57Z,2078X70251C4,2078X,,SCHEDULED,420,7.0
2026-10-07T05:01:57Z,2078X70250C4,2078X,,SCHEDULED,300,5.0
2026-10-07T05:01:57Z,2078X22311C3,2078X,,SCHEDULED,0,0.0
2026-10-07T05:01:57Z,2078X70505C7,2078X,,SCHEDULED,120,2.0
2026-10-07T05:01:57Z,2078X70901C8,2078X,,SCHEDULED,900,15.0
2026-10-07T05:01:57Z,2078X70504C7,2078X,,SCHEDULED,0,0.0
2026-10-07T05:01:57Z,2078X70507C7,2078X,,SCHEDULED,0,0.0
2026-10-07T05:01:57Z,2078X70803C6,2078X,,SCHEDULED,120,2.0
2026-10-07T05:01:57Z,4178X84902C2,4178X,,SCHEDULED,0,0.0
2026-10-07T05:01:57Z,4178X84900C2,4178X,,SCHEDULED,3360,56.0
2026-10-07T05:01:57Z,4178X32801C3,4178X,,SCHEDULED,0,0.0
2026-10-07T05:01:57Z,4178X32800C3,4178X,,SCHEDULED,0,0.0
2026-10-07T05:01:57Z,4178X84901C2,4178X,,SCHEDULED,3660,61.0
2026-10-07T05:01:57Z,4178X24700C1,4178X,,SCHEDULED,540,9.0
2026-10-07T05:01:57Z,4178X84903C2,4178X,,SCHEDULED,0,0.0
2026-10-07T05:01:57Z,4178X24701C1,4178X,,SCHEDULED,360,6.0
2026-10-07T05:01:57Z,4178X24704C1,4178X,,SCHEDULED,0,0.0
2026-10-07T05:01:57Z,4178X24703C1,4178X,,SCHEDULED,60,1.0
2026-10-07T05:01:57Z,4178X24705C1,4178X,,SCHEDULED,0,0.0
2026-10-07T05:01:57Z,4178X84904C2,4178X,,SCHEDULED,1560,26.0
2026-10-07T05:01:57Z,4578X71600C1,4578X,,SCHEDULED,60,1.0
2026-10-07T05:01:57Z,4578X71603C1,4578X,,SCHEDULED,0,0.0
2026-10-07T05:01:57Z,7078X31529C1,7078X,,SCHEDULED,60,1.0
2026-10-07T05:01:57Z,7078X31502C1,7078X,,SCHEDULED,0,0.0
2026-10-07T05:01:57Z,7078X31505C1,7078X,,SCHEDULED,0,0.0
2026-10-07T05:01:57Z,1078X20019C3,1078X,,SCHEDULED,0,0.0
2026-10-07T05:01:57Z,1078X21108C10,1078X,,SCHEDULED,600,10.0
2026-10-07T05:01:57Z,1078X20415C4b,1078X,,SCHEDULED,60,1.0
2026-10-07T05:01:57Z,1078X20018C3,1078X,,SCHEDULED,0,0.0
2026-10-07T05:01:57Z,1078X20414C4b,1078X,,CANCELED,,
2026-10-07T05:01:57Z,1078X20017C3,1078X,,SCHEDULED,0,0.0
2026-10-07T05:01:57Z,1078X21106C10,1078X,,SCHEDULED,0,0.0
2026-10-07T05:01:57Z,1078X20413C4b,1078X,,SCHEDULED,180,3.0
2026-10-07T05:01:57Z,1078X36202C10,1078X,,SCHEDULED,420,7.0
2026-10-07T05:01:57Z,1078X21182C10,1078X,,SCHEDULED,540,9.0
2026-10-07T05:01:57Z,1078X20423C4b,1078X,,SCHEDULED,600,10.0
2026-10-07T05:01:57Z,1078X21512C2,1078X,,SCHEDULED,420,7.0
2026-10-07T05:01:57Z,1078X21511C2,1078X,,SCHEDULED,180,3.0
2026-10-07T05:01:57Z,1078X19557C5,1078X,,SCHEDULED,420,7.0
2026-10-07T05:01:57Z,1078X21510C2,1078X,,SCHEDULED,120,2.0
2026-10-07T05:01:57Z,1078X20421C4b,1078X,,SCHEDULED,0,0.0
2026-10-07T05:01:57Z,1078X20420C4b,1078X,,SCHEDULED,0,0.0
2026-10-07T05:01:57Z,1078X19551C5,1078X,,SCHEDULED,60,1.0
2026-10-07T05:01:57Z,1078X19545C5,1078X,,SCHEDULED,1200,20.0
2026-10-07T05:01:57Z,1078X20013C3,1078X,,SCHEDULED,300,5.0
2026-10-07T05:01:57Z,1078X19540C5,1078X,,CANCELED,,
2026-10-07T05:01:57Z,1078X20012C3,1078X,,SCHEDULED,240,4.0
2026-10-07T05:01:57Z,1078X20011C3,1078X,,SCHEDULED,300,5.0
2026-10-07T05:01:57Z,1078X20131C3,1078X,,SCHEDULED,0,0.0
2026-10-07T05:01:57Z,1078X20010C3,1078X,,SCHEDULED,180,3.0
2026-10-07T05:01:57Z,1078X21186C10,1078X,,SCHEDULED,0,0.0
2026-10-07T05:01:57Z,1078X19541C5,1078X,,SCHEDULED,0,0.0
2026-10-07T05:01:57Z,1078X35991C2,1078X,,SCHEDULED,0,0.0
2026-10-07T05:01:57Z,1078X21509C2,1078X,,SCHEDULED,0,0.0
2026-10-07T05:01:57Z,1078X20419C4b,1078X,,SCHEDULED,0,0.0
2026-10-07T05:01:57Z,1078X21508C2,1078X,,SCHEDULED,660,11.0
2026-10-07T05:01:57Z,1078X20418C4b,1078X,,SCHEDULED,0,0.0
2026-10-07T05:01:57Z,1078X20417C4b,1078X,,SCHEDULED,0,0.0
2026-10-07T05:01:57Z,1078X20416C4b,1078X,,SCHEDULED,480,8.0
2026-10-07T05:01:57Z,1078X21505C2,1078X,,SCHEDULED,240,4.0
2026-10-07T05:01:57Z,1078X19808C1,1078X,,SCHEDULED,300,5.0
2026-10-07T05:01:57Z,1078X19806C1,1078X,,SCHEDULED,0,0.0
2026-10-07T05:01:57Z,1078X19528C5,1078X,,SCHEDULED,300,5.0
2026-10-07T05:01:57Z,1078X19533C5,1078X,,SCHEDULED,120,2.0
2026-10-07T05:01:57Z,1078X19810C1,1078X,,SCHEDULED,0,0.0
2026-10-07T05:01:57Z,1078X19531C5,1078X,,SCHEDULED,240,4.0
2026-10-07T05:01:57Z,1078X19530C5,1078X,,SCHEDULED,240,4.0
2026-10-07T05:01:57Z,1078X20408C4b,1078X,,SCHEDULED,60,1.0
2026-10-07T05:01:57Z,1078X20406C4b,1078X,,SCHEDULED,180,3.0
2026-10-07T05:01:57Z,1078X20009C3,1078X,,SCHEDULED,60,1.0
2026-10-07T05:01:57Z,1078X20404C4,1078X,,SCHEDULED,360,6.0
2026-10-07T05:01:57Z,1078X20008C3,1078X,,SCHEDULED,120,2.0
2026-10-07T05:01:57Z,1078X19815C1,1078X,,SCHEDULED,0,0.0
2026-10-07T05:01:57Z,1078X19537C5,1078X,,SCHEDULED,120,2.0
2026-10-07T05:01:57Z,1078X19811C1,1078X,,SCHEDULED,120,2.0
2026-10-07T05:01:57Z,1078X19539C5,1078X,,SCHEDULED,120,2.0
2026-10-07T05:01:57Z,1078X19813C1,1078X,,SCHEDULED,0,0.0
2026-10-07T05:01:57Z,1078X19538C5,1078X,,SCHEDULED,0,0.0
2026-10-07T05:01:57Z,1078X19550C5,1078X,,SCHEDULED,0,0.0
2026-10-07T05:01:57Z,1078X35980C2,1078X,,SCHEDULED,60,1.0
2026-10-07T05:01:57Z,1078X20706C5,1078X,,SCHEDULED,660,11.0
2026-10-07T05:01:57Z,1078X20704C5,1078X,,SCHEDULED,300,5.0
2026-10-07T05:01:57Z,1078X20427C4b,1078X,,SCHEDULED,0,0.0
2026-10-07T05:01:57Z,1078X21516C2,1078X,,SCHEDULED,600,10.0
2026-10-07T05:01:57Z,1078X20425C4b,1078X,,SCHEDULED,0,0.0
2026-10-07T05:01:57Z,1078X21514C2,1078X,,SCHEDULED,420,7.0
2026-10-07T05:01:57Z,1078X21513C2,1078X,,SCHEDULED,0,0.0
2026-10-07T05:01:57Z,1078X21600C2,1078X,,SCHEDULED,0,0.0
2026-10-07T05:01:57Z,1078X21204C10,1078X,,SCHEDULED,240,4.0
2026-10-07T05:01:57Z,1078X19522C5,1078X,,SCHEDULED,600,10.0
2026-10-07T05:01:57Z,1078X21200C10,1078X,,SCHEDULED,480,8.0
2026-10-07T05:01:57Z,1078X21607C2,1078X,,SCHEDULED,0,0.0
2026-10-07T05:01:57Z,1078X21605C2,1078X,,SCHEDULED,120,2.0
2026-10-07T05:01:57Z,1078X21002C8a,1078X,,SCHEDULED,420,7.0
2026-10-07T05:01:57Z,1078X19563C5,1078X,,SCHEDULED,0,0.0
2026-10-07T05:01:57Z,1078X21806C7,1078X,,SCHEDULED,120,2.0
2026-10-07T05:01:57Z,1078X20715C5,1078X,,SCHEDULED,180,3.0
2026-10-07T05:01:57Z,1078X21804C7,1078X,,SCHEDULED,240,4.0
2026-10-07T05:01:57Z,1078X20714C5,1078X,,SCHEDULED,60,1.0
2026-10-07T05:01:57Z,1078X21802C7,1078X,,SCHEDULED,300,5.0
2026-10-07T05:01:57Z,1078X20710C5,1078X,,SCHEDULED,180,3.0
2026-10-07T05:01:57Z,1078X20709C5,1078X,,SCHEDULED,0,0.0
2026-10-07T05:01:57Z,1078X20720C5,1078X,,SCHEDULED,0,0.0
2026-10-07T05:01:57Z,1078X21817C7,1078X,,SCHEDULED,240,4.0
2026-10-07T05:01:57Z,1078X20606C8b,1078X,,SCHEDULED,0,0.0
2026-10-07T05:01:57Z,1078X20727C5,1078X,,SCHEDULED,0,0.0
2026-10-07T05:01:57Z,1078X20605C8b,1078X,,SCHEDULED,0,0.0
2026-10-07T05:01:57Z,1078X21815C7,1078X,,SCHEDULED,0,0.0
2026-10-07T05:01:57Z,1078X20726C5,1078X,,SCHEDULED,60,1.0
2026-10-07T05:01:57Z,1078X20604C8b,1078X,,SCHEDULED,0,0.0
2026-10-07T05:01:57Z,1078X20603C8b,1078X,,SCHEDULED,420,7.0
2026-10-07T05:01:57Z,1078X21813C7,1078X,,SCHEDULED,0,0.0
2026-10-07T05:01:57Z,1078X20723C5,1078X,,SCHEDULED,60,1.0
2026-10-07T05:01:57Z,1078X20602C8b,1078X,,SCHEDULED,0,0.0
2026-10-07T05:01:57Z,1078X20601C8b,1078X,,SCHEDULED,60,1.0
2026-10-07T05:01:57Z,1078X20600C8b,1078X,,SCHEDULED,180,3.0
2026-10-07T05:01:57Z,1078X21808C7,1078X,,SCHEDULED,0,0.0
2026-10-07T05:01:57Z,1078X20719C5,1078X,,SCHEDULED,60,1.0
2026-10-07T05:01:57Z,1078X21807C7,1078X,,SCHEDULED,180,3.0
2026-10-07T05:01:57Z,1078X35809C7,1078X,,SCHEDULED,180,3.0
2026-10-07T05:01:57Z,1078X19544C5,1078X,,SCHEDULED,0,0.0
2026-10-07T05:01:57Z,1078X20016C3,1078X,,SCHEDULED,0,0.0
2026-10-07T05:01:57Z,1078X20412C4b,1078X,,SCHEDULED,60,1.0
2026-10-07T05:01:57Z,1078X20015C3,1078X,,SCHEDULED,60,1.0
2026-10-07T05:01:57Z,1078X21104C10,1078X,,SCHEDULED,180,3.0
2026-10-07T05:01:57Z,1078X20014C3,1078X,,SCHEDULED,600,10.0
2026-10-07T05:01:57Z,1078X20410C4b,1078X,,SCHEDULED,0,0.0
2026-10-07T05:01:57Z,1078X20731C5,1078X,,SCHEDULED,0,0.0
2026-10-07T05:01:57Z,1078X20730C5,1078X,,CANCELED,,
2026-10-07T05:01:57Z,1078X20213C4a,1078X,,SCHEDULED,0,0.0
2026-10-07T05:01:57Z,1078X21706C2,1078X,,SCHEDULED,600,10.0
2026-10-07T05:01:57Z,1078X20737C5,1078X,,SCHEDULED,0,0.0
2026-10-07T05:01:57Z,1078X21309C10,1078X,,SCHEDULED,0,0.0
2026-10-07T05:01:57Z,1078X21308C10,1078X,,SCHEDULED,-60,-1.0
2026-10-07T05:01:57Z,1078X20219C4a,1078X,,SCHEDULED,120,2.0
2026-10-07T05:01:57Z,1078X21307C10,1078X,,SCHEDULED,120,2.0
2026-10-07T05:01:57Z,1078X20218C4a,1078X,,SCHEDULED,0,0.0
2026-10-07T05:01:57Z,1078X20734C5,1078X,,SCHEDULED,0,0.0
2026-10-07T05:01:57Z,1078X21306C10,1078X,,SCHEDULED,360,6.0
2026-10-07T05:01:57Z,1078X20217C4a,1078X,,SCHEDULED,240,4.0
2026-10-07T05:01:57Z,1078X20216C4a,1078X,,SCHEDULED,180,3.0
2026-10-07T05:01:57Z,1078X20215C4a,1078X,,SCHEDULED,120,2.0
2026-10-07T05:01:57Z,1078X21304C10,1078X,,SCHEDULED,420,7.0
2026-10-07T05:01:57Z,1078X20225C4a,1078X,,SCHEDULED,0,0.0
2026-10-07T05:01:57Z,1078X20224C4a,1078X,,SCHEDULED,0,0.0
2026-10-07T05:01:57Z,1078X20740C5,1078X,,SCHEDULED,0,0.0
2026-10-07T05:01:57Z,1078X20223C4a,1078X,,SCHEDULED,0,0.0
2026-10-07T05:01:57Z,1078X20222C4a,1078X,,SCHEDULED,0,0.0
2026-10-07T05:01:57Z,1078X19512C5,1078X,,SCHEDULED,240,4.0
2026-10-07T05:01:57Z,1078X20221C4a,1078X,,SCHEDULED,120,2.0
2026-10-07T05:01:57Z,1078X20220C4a,1078X,,SCHEDULED,60,1.0
2026-10-07T05:01:57Z,1078X20748C5,1078X,,SCHEDULED,0,0.0
2026-10-07T05:01:57Z,1078X20228C4a,1078X,,SCHEDULED,0,0.0
2026-10-07T05:01:57Z,1078X20227C4a,1078X,,SCHEDULED,0,0.0
2026-10-07T05:01:57Z,1078X20226C4a,1078X,,SCHEDULED,540,9.0
2026-10-07T05:01:57Z,1078X19518C5,1078X,,SCHEDULED,780,13.0
2026-10-07T05:01:57Z,1078X21006C8a,1078X,,SCHEDULED,300,5.0
2026-10-07T05:01:57Z,1078X19565C5,1078X,,SCHEDULED,0,0.0
2026-10-07T05:01:57Z,1078X21004C8a,1078X,,SCHEDULED,240,4.0
2026-10-07T05:01:57Z,1078X21520C2,1078X,,SCHEDULED,0,0.0
2026-10-07T05:01:57Z,1078X21003C8a,1078X,,SCHEDULED,300,5.0
2026-10-07T05:01:57Z,3078X23100C3,3078X,,SCHEDULED,0,0.0
2026-10-07T05:01:57Z,3078X23803C5,3078X,,SCHEDULED,360,6.0
2026-10-07T05:01:57Z,3078X23506C1,3078X,,SCHEDULED,420,7.0
2026-10-07T05:01:57Z,3078X23507C1,3078X,,SCHEDULED,420,7.0
2026-10-07T05:01:57Z,3078X23508C1,3078X,,SCHEDULED,-120,-2.0
2026-10-07T05:01:57Z,3078X23509C1,3078X,,SCHEDULED,480,8.0
2026-10-07T05:01:57Z,3078X23102C3,3078X,,SCHEDULED,0,0.0
2026-10-07T05:01:57Z,3078X23701C5,3078X,,SCHEDULED,1440,24.0
2026-10-07T05:01:57Z,3078X23511C1,3078X,,SCHEDULED,0,0.0
2026-10-07T05:01:57Z,3078X23512C1,3078X,,SCHEDULED,0,0.0
2026-10-07T05:01:57Z,3078X23510C1,3078X,,SCHEDULED,0,0.0
2026-10-07T05:01:57Z,3078X23703C5,3078X,,SCHEDULED,-60,-1.0
2026-10-07T05:01:57Z,3178X23204C1,3178X,,SCHEDULED,180,3.0
2026-10-07T05:01:57Z,3178X23421T1,3178X,,SCHEDULED,0,0.0
2026-10-07T05:01:57Z,3178X23424T1,3178X,,SCHEDULED,0,0.0
2026-10-07T05:01:57Z,3178X23202C1,3178X,,SCHEDULED,60,1.0
2026-10-07T05:01:57Z,3178X23205C1,3178X,,SCHEDULED,120,2.0
2026-10-07T05:01:57Z,3178X23423T1,3178X,,SCHEDULED,0,0.0
2026-10-07T05:01:57Z,3178X23206C1,3178X,,SCHEDULED,60,1.0
2026-10-07T05:01:57Z,3178X23203C1,3178X,,SCHEDULED,180,3.0
2026-10-07T05:01:57Z,3178X23207C1,3178X,,SCHEDULED,0,0.0
2026-10-07T05:01:57Z,4078X24300C6,4078X,,SCHEDULED,-60,-1.0
2026-10-07T05:01:57Z,4078X24004C2,4078X,,SCHEDULED,240,4.0
2026-10-07T05:01:57Z,4078X24202C1,4078X,,SCHEDULED,60,1.0
2026-10-07T05:01:57Z,4078X84003C2,4078X,,SCHEDULED,0,0.0
2026-10-07T05:01:57Z,4078X24301C6,4078X,,SCHEDULED,660,11.0
2026-10-07T05:01:57Z,4078X24005C2,4078X,,SCHEDULED,360,6.0
2026-10-07T05:01:57Z,4078X24002C2,4078X,,SCHEDULED,300,5.0
2026-10-07T05:01:57Z,4078X24003C2,4078X,,SCHEDULED,-60,-1.0
2026-10-07T05:01:57Z,4078X24291C1,4078X,,SCHEDULED,120,2.0
2026-10-07T05:01:57Z,4078X24302C6,4078X,,SCHEDULED,360,6.0
2026-10-07T05:01:57Z,4078X24203C1,4078X,,SCHEDULED,60,1.0
2026-10-07T05:01:57Z,4078X24204C1,4078X,,SCHEDULED,-240,-4.0
2026-10-07T05:01:57Z,4078X31454C3,4078X,,SCHEDULED,-120,-2.0
2026-10-07T05:01:57Z,4078X84008C2,4078X,,SCHEDULED,0,0.0
2026-10-07T05:01:57Z,4078X24303C6,4078X,,SCHEDULED,240,4.0
2026-10-07T05:01:57Z,4078X24007C2,4078X,,SCHEDULED,120,2.0
2026-10-07T05:01:57Z,4078X31456C3,4078X,,SCHEDULED,-360,-6.0
2026-10-07T05:01:57Z,4078X24283C1,4078X,,SCHEDULED,120,2.0
2026-10-07T05:01:57Z,4078X24383C6,4078X,,SCHEDULED,0,0.0
2026-10-07T05:01:57Z,4078X31402C3,4078X,,SCHEDULED,180,3.0
2026-10-07T05:01:57Z,4078X24206C1,4078X,,SCHEDULED,0,0.0
2026-10-07T05:01:57Z,4078X24008C2,4078X,,SCHEDULED,180,3.0
2026-10-07T05:01:57Z,4078X24305C6,4078X,,SCHEDULED,120,2.0
2026-10-07T05:01:57Z,4078X24009C2,4078X,,SCHEDULED,0,0.0
2026-10-07T05:01:57Z,4078X24380C6,4078X,,SCHEDULED,0,0.0
2026-10-07T05:01:57Z,4078X24382C6,4078X,,SCHEDULED,120,2.0
2026-10-07T05:01:57Z,5178X25404R2N,5178X,,CANCELED,,
2026-10-07T05:01:57Z,5178X25601R1,5178X,,CANCELED,,
2026-10-07T05:01:57Z,5178X25406R2N,5178X,,CANCELED,,
2026-10-07T05:01:57Z,5178X25603R1,5178X,,CANCELED,,
2026-10-07T05:01:57Z,5178X25480R2S,5178X,,CANCELED,,
2026-10-07T05:01:57Z,5178X25562R2S,5178X,,CANCELED,,
2026-10-07T05:01:57Z,5178X15722R11,5178X,,CANCELED,,
2026-10-07T05:01:57Z,5178X15720R11,5178X,,CANCELED,,
2026-10-07T05:01:57Z,5178X28470R2,5178X,,CANCELED,,
2026-10-07T05:01:57Z,5178X15850R11,5178X,,CANCELED,,
2026-10-07T05:01:57Z,5178X25605R1,5178X,,CANCELED,,
2026-10-07T05:01:57Z,5178X15041R13,5178X,,SCHEDULED,0,0.0
2026-10-07T05:01:57Z,5178X25608R1,5178X,,CANCELED,,
2026-10-07T05:01:57Z,5178X25607R1,5178X,,CANCELED,,
2026-10-07T05:01:57Z,5178X25609R1,5178X,,CANCELED,,
2026-10-07T05:01:57Z,5178X15000R15,5178X,,CANCELED,,
2026-10-07T05:01:57Z,5178X25600R1,5178X,,CANCELED,,
2026-10-07T05:01:57Z,5178X25402R2N,5178X,,CANCELED,,
2026-10-07T05:01:57Z,5178X25614R1,5178X,,CANCELED,,
2026-10-07T05:01:57Z,5178X35523R3,5178X,,CANCELED,,
2026-10-07T05:01:57Z,5178X77800R7,5178X,,CANCELED,,
2026-10-07T05:01:57Z,5178X77404R4,5178X,,SCHEDULED,180,3.0
2026-10-07T05:01:57Z,5178X15852R11,5178X,,CANCELED,,
2026-10-07T05:01:57Z,5178X77604R4,5178X,,CANCELED,,
2026-10-07T05:01:57Z,5178X77406R4,5178X,,SCHEDULED,480,8.0
2026-10-07T05:01:57Z,5178X15774R11,5178X,,CANCELED,,
2026-10-07T05:01:57Z,5178X77803R7,5178X,,CANCELED,,
2026-10-07T05:01:57Z,5178X77606R4,5178X,,CANCELED,,
2026-10-07T05:01:57Z,5178X77408R4,5178X,,CANCELED,,
2026-10-07T05:01:57Z,5178X15772R11,5178X,,CANCELED,,
2026-10-07T05:01:57Z,5178X18123R16,5178X,,SCHEDULED,0,0.0
2026-10-07T05:01:57Z,5178X15770R11,5178X,,CANCELED,,
2026-10-07T05:01:57Z,5178X25610R1,5178X,,CANCELED,,
2026-10-07T05:01:57Z,5178X28408R2N,5178X,,CANCELED,,
2026-10-07T05:01:57Z,5178X25612R1,5178X,,CANCELED,,
2026-10-07T05:01:57Z,5178X28406R2N,5178X,,CANCELED,,
2026-10-07T05:01:57Z,5178X15900R11,5178X,,CANCELED,,
2026-10-07T05:01:57Z,5178X25710R1,5178X,,CANCELED,,
2026-10-07T05:01:57Z,5178X28468R2,5178X,,CANCELED,,
2026-10-07T05:01:57Z,5178X77980R4,5178X,,CANCELED,,
2026-10-07T05:01:57Z,5178X28265R2S,5178X,,SCHEDULED,420,7.0
2026-10-07T05:01:57Z,5178X77982R4,5178X,,CANCELED,,
2026-10-07T05:01:57Z,5178X28466R2,5178X,,CANCELED,,
2026-10-07T05:01:57Z,5178X28269R2S,5178X,,CANCELED,,
2026-10-07T05:01:57Z,5178X78632R8,5178X,,CANCELED,,
2026-10-07T05:01:57Z,5178X28267R2S,5178X,,CANCELED,,
2026-10-07T05:01:57Z,5178X25705R1,5178X,,CANCELED,,
2026-10-07T05:01:57Z,5178X77502R4,5178X,,SCHEDULED,3960,66.0
2026-10-07T05:01:57Z,5178X77504R4,5178X,,SCHEDULED,120,2.0
2026-10-07T05:01:57Z,5178X25707R1,5178X,,CANCELED,,
2026-10-07T05:01:57Z,5178X77506R4,5178X,,SCHEDULED,1680,28.0
2026-10-07T05:01:57Z,5178X25706R1,5178X,,CANCELED,,
2026-10-07T05:01:57Z,5178X77704R4,5178X,,CANCELED,,
2026-10-07T05:01:57Z,5178X25708R1,5178X,,CANCELED,,
2026-10-07T05:01:57Z,5178X33521RL4,5178X,,SCHEDULED,420,7.0
2026-10-07T05:01:57Z,5178X77706R4,5178X,,CANCELED,,
2026-10-07T05:01:57Z,5178X25500R2S,5178X,,CANCELED,,
2026-10-07T05:01:57Z,5178X25701R1,5178X,,CANCELED,,
2026-10-07T05:01:57Z,5178X25700R1,5178X,,CANCELED,,
2026-10-07T05:01:57Z,5178X25502R2S,5178X,,CANCELED,,
2026-10-07T05:01:57Z,5178X25505R2S,5178X,,SCHEDULED,120,2.0
2026-10-07T05:01:57Z,5178X25703R1,5178X,,CANCELED,,
2026-10-07T05:01:57Z,5178X28254R2S,5178X,,CANCELED,,
2026-10-07T05:01:57Z,5178X15904R11,5178X,,CANCELED,,
2026-10-07T05:01:57Z,5178X28252R2S,5178X,,SCHEDULED,1140,19.0
2026-10-07T05:01:57Z,5178X77312R3,5178X,,CANCELED,,
2026-10-07T05:01:57Z,5178X78600R8,5178X,,SCHEDULED,660,11.0
2026-10-07T05:01:57Z,5178X77316R3,5178X,,CANCELED,,
2026-10-07T05:01:57Z,5178X33520RL4,5178X,,SCHEDULED,600,10.0
2026-10-07T05:01:57Z,6078X26008C2,6078X,,SCHEDULED,120,2.0
2026-10-07T05:01:57Z,6078X26506C3,6078X,,SCHEDULED,60,1.0
2026-10-07T05:01:57Z,6078X26604C3,6078X,,SCHEDULED,0,0.0
2026-10-07T05:01:57Z,6078X26109C1,6078X,,SCHEDULED,60,1.0
2026-10-07T05:01:57Z,6078X26505C3,6078X,,SCHEDULED,0,0.0
2026-10-07T05:01:57Z,6078X26010C2,6078X,,SCHEDULED,0,0.0
2026-10-07T05:01:57Z,6078X71507C4,6078X,,SCHEDULED,0,0.0
2026-10-07T05:01:57Z,6078X71505C4,6078X,,SCHEDULED,-120,-2.0
2026-10-07T05:01:57Z,6078X26111C1,6078X,,SCHEDULED,0,0.0
2026-10-07T05:01:57Z,6078X26110C1,6078X,,SCHEDULED,0,0.0
2026-10-07T05:01:57Z,6078X26011C2,6078X,,SCHEDULED,120,2.0
2026-10-07T05:01:57Z,6078X71500C4,6078X,,SCHEDULED,-120,-2.0
2026-10-07T05:01:57Z,6078X71581C5,6078X,,SCHEDULED,120,2.0
2026-10-07T05:01:57Z,6078X71571C4,6078X,,SCHEDULED,-60,-1.0
2026-10-07T05:01:57Z,6078X26603C3,6078X,,SCHEDULED,0,0.0
2026-10-07T05:01:57Z,6078X26108C1,6078X,,SCHEDULED,0,0.0
2026-10-07T05:01:57Z,6078X26009C2,6078X,,SCHEDULED,240,4.0
2026-10-07T05:01:57Z,6078X26508C3,6078X,,SCHEDULED,60,1.0
2026-10-07T05:01:57Z,6078X71503C4,6078X,,SCHEDULED,300,5.0
2026-10-07T05:01:57Z,6078X71504C4,6078X,,SCHEDULED,0,0.0
2026-10-07T05:01:57Z,6078X26507C3,6078X,,SCHEDULED,-60,-1.0
2026-10-07T05:01:57Z,6078X26509C3,6078X,,SCHEDULED,0,0.0
2026-10-07T05:01:57Z,6078X71502C4,6078X,,SCHEDULED,60,1.0
2026-10-07T05:01:57Z,6178X35687C1,6178X,,SCHEDULED,0,0.0
2026-10-07T05:01:57Z,6178X35665C1,6178X,,SCHEDULED,0,0.0
2026-10-07T05:01:57Z,6178X35615C1,6178X,,SCHEDULED,0,0.0
2026-10-07T05:01:57Z,6178X35682C1,6178X,,SCHEDULED,0,0.0
2026-10-07T05:01:57Z,6178X35613C1,6178X,,SCHEDULED,660,11.0
2026-10-07T05:01:57Z,6178X35612C1,6178X,,SCHEDULED,240,4.0
2026-10-07T05:01:57Z,6178X35614C1,6178X,,SCHEDULED,0,0.0
2026-10-07T05:01:57Z,6278X71200C3,6278X,,SCHEDULED,-60,-1.0
2026-10-07T05:01:57Z,6278X71154C2,6278X,,SCHEDULED,720,12.0
2026-10-07T05:01:57Z,6278X71353C3,6278X,,SCHEDULED,120,2.0
2026-10-07T05:01:57Z,6278X71151C2,6278X,,SCHEDULED,0,0.0
2026-10-07T05:01:57Z,6278X71350C3,6278X,,SCHEDULED,0,0.0
2026-10-07T05:01:57Z,6278X71840C3,6278X,,SCHEDULED,-60,-1.0
2026-10-07T05:01:57Z,6278X71103C2,6278X,,SCHEDULED,1140,19.0
2026-10-07T05:01:57Z,6278X26907C1,6278X,,SCHEDULED,0,0.0
2026-10-07T05:01:57Z,6278X26903C1,6278X,,SCHEDULED,1080,18.0
2026-10-07T05:01:57Z,6278X71105C2,6278X,,CANCELED,,
2026-10-07T05:01:57Z,6278X26905C1,6278X,,SCHEDULED,0,0.0
2026-10-07T05:01:57Z,4678X70150C1,4678X,,SCHEDULED,-60,-1.0
2026-10-07T05:01:57Z,4778X71090C1,4778X,,SCHEDULED,0,0.0
2026-10-07T05:01:57Z,4778X71051C1,4778X,,SCHEDULED,0,0.0
2026-10-07T05:06:23Z,3078X23803C5,3078X,,SCHEDULED,420,7.0
2026-10-07T05:06:23Z,3078X23506C1,3078X,,SCHEDULED,420,7.0
2026-10-07T05:06:23Z,3078X23507C1,3078X,,SCHEDULED,300,5.0
2026-10-07T05:06:23Z,3078X23508C1,3078X,,SCHEDULED,60,1.0
2026-10-07T05:06:23Z,3078X23509C1,3078X,,SCHEDULED,660,11.0
2026-10-07T05:06:23Z,3078X23100C3,3078X,,SCHEDULED,0,0.0
2026-10-07T05:06:23Z,3078X23504C1,3078X,,SCHEDULED,600,10.0
2026-10-07T05:06:23Z,3078X23703C5,3078X,,SCHEDULED,-60,-1.0
2026-10-07T05:06:23Z,3078X23505C1,3078X,,SCHEDULED,1080,18.0
2026-10-07T05:06:23Z,3078X23605C4,3078X,,SCHEDULED,2400,40.0
2026-10-07T05:06:23Z,3078X23102C3,3078X,,SCHEDULED,60,1.0
2026-10-07T05:06:23Z,3078X23511C1,3078X,,SCHEDULED,0,0.0
2026-10-07T05:06:23Z,3078X23701C5,3078X,,SCHEDULED,1440,24.0
2026-10-07T05:06:23Z,3078X23512C1,3078X,,SCHEDULED,0,0.0
2026-10-07T05:06:23Z,3078X23515C1,3078X,,SCHEDULED,0,0.0
2026-10-07T05:06:23Z,3078X23510C1,3078X,,SCHEDULED,120,2.0
2026-10-07T05:06:23Z,3178X23423T1,3178X,,SCHEDULED,0,0.0
2026-10-07T05:06:23Z,3178X23203C1,3178X,,SCHEDULED,120,2.0
2026-10-07T05:06:23Z,3178X23204C1,3178X,,SCHEDULED,120,2.0
2026-10-07T05:06:23Z,3178X23207C1,3178X,,SCHEDULED,0,0.0
2026-10-07T05:06:23Z,3178X23424T1,3178X,,SCHEDULED,0,0.0
2026-10-07T05:06:23Z,3178X23205C1,3178X,,SCHEDULED,120,2.0
2026-10-07T05:06:23Z,3178X23206C1,3178X,,SCHEDULED,0,0.0
2026-10-07T05:06:23Z,3278X23150C2,3278X,,SCHEDULED,300,5.0
2026-10-07T05:06:23Z,3278X23304C1,3278X,,SCHEDULED,0,0.0
2026-10-07T05:06:23Z,3278X23309C1,3278X,,SCHEDULED,0,0.0
2026-10-07T05:06:23Z,3278X23306C1,3278X,,SCHEDULED,0,0.0
2026-10-07T05:06:23Z,3278X23307C1,3278X,,SCHEDULED,360,6.0
2026-10-07T05:06:23Z,4078X24300C6,4078X,,SCHEDULED,60,1.0
2026-10-07T05:06:23Z,4078X24004C2,4078X,,SCHEDULED,60,1.0
2026-10-07T05:06:23Z,4078X24202C1,4078X,,SCHEDULED,0,0.0
2026-10-07T05:06:23Z,4078X24301C6,4078X,,SCHEDULED,480,8.0
2026-10-07T05:06:23Z,4078X24005C2,4078X,,SCHEDULED,240,4.0
2026-10-07T05:06:23Z,4078X24302C6,4078X,,SCHEDULED,360,6.0
2026-10-07T05:06:23Z,4078X24203C1,4078X,,SCHEDULED,-60,-1.0
2026-10-07T05:06:23Z,4078X24204C1,4078X,,SCHEDULED,-60,-1.0
2026-10-07T05:06:23Z,4078X24303C6,4078X,,SCHEDULED,60,1.0
2026-10-07T05:06:23Z,4078X24007C2,4078X,,SCHEDULED,120,2.0
2026-10-07T05:06:23Z,4078X24304C6,4078X,,SCHEDULED,300,5.0
2026-10-07T05:06:23Z,4078X24206C1,4078X,,SCHEDULED,0,0.0
2026-10-07T05:06:23Z,4078X24008C2,4078X,,SCHEDULED,240,4.0
2026-10-07T05:06:23Z,4078X24305C6,4078X,,SCHEDULED,60,1.0
2026-10-07T05:06:23Z,4078X24306C6,4078X,,SCHEDULED,0,0.0
2026-10-07T05:06:23Z,4078X24009C2,4078X,,SCHEDULED,0,0.0
2026-10-07T05:06:23Z,4078X24380C6,4078X,,SCHEDULED,0,0.0
2026-10-07T05:06:23Z,4078X24382C6,4078X,,SCHEDULED,0,0.0
2026-10-07T05:06:23Z,4078X24283C1,4078X,,SCHEDULED,120,2.0
2026-10-07T05:06:23Z,4078X24381C6,4078X,,SCHEDULED,240,4.0
2026-10-07T05:06:23Z,4078X24383C6,4078X,,SCHEDULED,0,0.0
2026-10-07T05:06:23Z,4078X24291C1,4078X,,SCHEDULED,60,1.0
2026-10-07T05:06:23Z,4078X31454C3,4078X,,SCHEDULED,0,0.0
2026-10-07T05:06:23Z,4078X84008C2,4078X,,SCHEDULED,0,0.0
2026-10-07T05:06:23Z,4078X36405C1,4078X,,SCHEDULED,180,3.0
2026-10-07T05:06:23Z,4078X24002C2,4078X,,SCHEDULED,0,0.0
2026-10-07T05:06:23Z,4078X24003C2,4078X,,SCHEDULED,-120,-2.0
2026-10-07T05:06:23Z,4078X31456C3,4078X,,SCHEDULED,-360,-6.0
2026-10-07T05:06:23Z,5178X15041R13,5178X,,SCHEDULED,0,0.0
2026-10-07T05:06:23Z,5178X25608R1,5178X,,CANCELED,,
2026-10-07T05:06:23Z,5178X25607R1,5178X,,CANCELED,,
2026-10-07T05:06:23Z,5178X25710R1,5178X,,CANCELED,,
2026-10-07T05:06:23Z,5178X25609R1,5178X,,CANCELED,,
2026-10-07T05:06:23Z,5178X28468R2,5178X,,CANCELED,,
2026-10-07T05:06:23Z,5178X28506R2,5178X,,SCHEDULED,3120,52.0
2026-10-07T05:06:23Z,5178X77980R4,5178X,,CANCELED,,
2026-10-07T05:06:23Z,5178X35502R8,5178X,,CANCELED,,
2026-10-07T05:06:23Z,5178X77982R4,5178X,,CANCELED,,
2026-10-07T05:06:23Z,5178X28466R2,5178X,,CANCELED,,
2026-10-07T05:06:23Z,5178X28269R2S,5178X,,CANCELED,,
2026-10-07T05:06:23Z,5178X15000R15,5178X,,CANCELED,,
2026-10-07T05:06:23Z,5178X25600R1,5178X,,CANCELED,,
2026-10-07T05:06:23Z,5178X78632R8,5178X,,CANCELED,,
2026-10-07T05:06:23Z,5178X25402R2N,5178X,,CANCELED,,
2026-10-07T05:06:23Z,5178X25404R2N,5178X,,CANCELED,,
2026-10-07T05:06:23Z,5178X25601R1,5178X,,CANCELED,,
2026-10-07T05:06:23Z,5178X25406R2N,5178X,,CANCELED,,
2026-10-07T05:06:23Z,5178X25603R1,5178X,,CANCELED,,
2026-10-07T05:06:23Z,5178X28267R2S,5178X,,CANCELED,,
2026-10-07T05:06:23Z,5178X25480R2S,5178X,,CANCELED,,
2026-10-07T05:06:23Z,5178X25562R2S,5178X,,CANCELED,,
2026-10-07T05:06:23Z,5178X15722R11,5178X,,CANCELED,,
2026-10-07T05:06:23Z,5178X77502R4,5178X,,SCHEDULED,4020,67.0
2026-10-07T05:06:23Z,5178X77504R4,5178X,,SCHEDULED,60,1.0
2026-10-07T05:06:23Z,5178X15720R11,5178X,,CANCELED,,
2026-10-07T05:06:23Z,5178X77506R4,5178X,,SCHEDULED,1680,28.0
2026-10-07T05:06:23Z,5178X28470R2,5178X,,CANCELED,,
2026-10-07T05:06:23Z,5178X77704R4,5178X,,CANCELED,,
2026-10-07T05:06:23Z,5178X33521RL4,5178X,,SCHEDULED,660,11.0
2026-10-07T05:06:23Z,5178X15850R11,5178X,,CANCELED,,
2026-10-07T05:06:23Z,5178X18120R16,5178X,,SCHEDULED,180,3.0
2026-10-07T05:06:23Z,5178X25614R1,5178X,,CANCELED,,
2026-10-07T05:06:23Z,5178X77706R4,5178X,,CANCELED,,
2026-10-07T05:06:23Z,5178X35523R3,5178X,,CANCELED,,
2026-10-07T05:06:23Z,5178X77404R4,5178X,,SCHEDULED,240,4.0
2026-10-07T05:06:23Z,5178X25605R1,5178X,,CANCELED,,
2026-10-07T05:06:23Z,5178X77802R7,5178X,,CANCELED,,
2026-10-07T05:06:23Z,5178X15852R11,5178X,,CANCELED,,
2026-10-07T05:06:23Z,5178X77604R4,5178X,,CANCELED,,
2026-10-07T05:06:23Z,5178X77406R4,5178X,,SCHEDULED,420,7.0
2026-10-07T05:06:23Z,5178X25507R2S,5178X,,CANCELED,,
2026-10-07T05:06:23Z,5178X15774R11,5178X,,CANCELED,,
2026-10-07T05:06:23Z,5178X77803R7,5178X,,CANCELED,,
2026-10-07T05:06:23Z,5178X77606R4,5178X,,CANCELED,,
2026-10-07T05:06:23Z,5178X77408R4,5178X,,CANCELED,,
2026-10-07T05:06:23Z,5178X25705R1,5178X,,CANCELED,,
2026-10-07T05:06:23Z,5178X15772R11,5178X,,CANCELED,,
2026-10-07T05:06:23Z,5178X25707R1,5178X,,CANCELED,,
2026-10-07T05:06:23Z,5178X25706R1,5178X,,CANCELED,,
2026-10-07T05:06:23Z,5178X18123R16,5178X,,SCHEDULED,0,0.0
2026-10-07T05:06:23Z,5178X25708R1,5178X,,CANCELED,,
2026-10-07T05:06:23Z,5178X15770R11,5178X,,CANCELED,,
2026-10-07T05:06:23Z,5178X25611R1,5178X,,CANCELED,,
2026-10-07T05:06:23Z,5178X25610R1,5178X,,CANCELED,,
2026-10-07T05:06:23Z,5178X28408R2N,5178X,,CANCELED,,
2026-10-07T05:06:23Z,5178X25500R2S,5178X,,CANCELED,,
2026-10-07T05:06:23Z,5178X25612R1,5178X,,CANCELED,,
2026-10-07T05:06:23Z,5178X25503R2S,5178X,,SCHEDULED,960,16.0
2026-10-07T05:06:23Z,5178X28406R2N,5178X,,CANCELED,,
2026-10-07T05:06:23Z,5178X25700R1,5178X,,CANCELED,,
2026-10-07T05:06:23Z,5178X25502R2S,5178X,,CANCELED,,
2026-10-07T05:06:23Z,5178X25505R2S,5178X,,CANCELED,,
2026-10-07T05:06:23Z,5178X25703R1,5178X,,CANCELED,,
2026-10-07T05:06:23Z,5178X28254R2S,5178X,,CANCELED,,
2026-10-07T05:06:23Z,5178X15904R11,5178X,,CANCELED,,
2026-10-07T05:06:23Z,5178X28252R2S,5178X,,SCHEDULED,1440,24.0
2026-10-07T05:06:23Z,5178X78600R8,5178X,,SCHEDULED,660,11.0
2026-10-07T05:06:23Z,5178X77314R3,5178X,,SCHEDULED,-180,-3.0
2026-10-07T05:06:23Z,5178X77316R3,5178X,,CANCELED,,
2026-10-07T05:06:23Z,5178X33520RL4,5178X,,SCHEDULED,300,5.0
2026-10-07T05:06:23Z,5178X15900R11,5178X,,CANCELED,,
2026-10-07T05:06:23Z,6078X26506C3,6078X,,SCHEDULED,60,1.0
2026-10-07T05:06:23Z,6078X26604C3,6078X,,SCHEDULED,60,1.0
2026-10-07T05:06:23Z,6078X26109C1,6078X,,SCHEDULED,120,2.0
2026-10-07T05:06:23Z,6078X26505C3,6078X,,SCHEDULED,60,1.0
2026-10-07T05:06:23Z,6078X26010C2,6078X,,SCHEDULED,180,3.0
2026-10-07T05:06:23Z,6078X26111C1,6078X,,SCHEDULED,0,0.0
2026-10-07T05:06:23Z,6078X26510C3,6078X,,SCHEDULED,0,0.0
2026-10-07T05:06:23Z,6078X71581C5,6078X,,SCHEDULED,180,3.0
2026-10-07T05:06:23Z,6078X71571C4,6078X,,SCHEDULED,-60,-1.0
2026-10-07T05:06:23Z,6078X26603C3,6078X,,SCHEDULED,0,0.0
2026-10-07T05:06:23Z,6078X26009C2,6078X,,SCHEDULED,240,4.0
2026-10-07T05:06:23Z,6078X26008C2,6078X,,SCHEDULED,180,3.0
2026-10-07T05:06:23Z,6078X26508C3,6078X,,SCHEDULED,60,1.0
2026-10-07T05:06:23Z,6078X71503C4,6078X,,SCHEDULED,300,5.0
2026-10-07T05:06:23Z,6078X71504C4,6078X,,SCHEDULED,0,0.0
2026-10-07T05:06:23Z,6078X26011C2,6078X,,SCHEDULED,180,3.0
2026-10-07T05:06:23Z,6078X71507C4,6078X,,SCHEDULED,0,0.0
2026-10-07T05:06:23Z,6078X26507C3,6078X,,SCHEDULED,-60,-1.0
2026-10-07T05:06:23Z,6078X71505C4,6078X,,SCHEDULED,-60,-1.0
2026-10-07T05:06:23Z,6078X26509C3,6078X,,SCHEDULED,60,1.0
2026-10-07T05:06:23Z,6078X71502C4,6078X,,SCHEDULED,0,0.0
2026-10-07T05:06:23Z,6178X35687C1,6178X,,SCHEDULED,0,0.0
2026-10-07T05:06:23Z,6178X35665C1,6178X,,SCHEDULED,60,1.0
2026-10-07T05:06:23Z,6178X35615C1,6178X,,SCHEDULED,0,0.0
2026-10-07T05:06:23Z,6178X35682C1,6178X,,SCHEDULED,0,0.0
2026-10-07T05:06:23Z,6178X35613C1,6178X,,SCHEDULED,660,11.0
2026-10-07T05:06:23Z,6178X35612C1,6178X,,SCHEDULED,180,3.0
2026-10-07T05:06:23Z,6178X35614C1,6178X,,SCHEDULED,60,1.0
2026-10-07T05:06:23Z,6278X71200C3,6278X,,SCHEDULED,60,1.0
2026-10-07T05:06:23Z,6278X71300C3,6278X,,SCHEDULED,0,0.0
2026-10-07T05:06:23Z,6278X71154C2,6278X,,SCHEDULED,960,16.0
2026-10-07T05:06:23Z,6278X71353C3,6278X,,SCHEDULED,60,1.0
2026-10-07T05:06:23Z,6278X26902C1,6278X,,SCHEDULED,60,1.0
2026-10-07T05:06:23Z,6278X71350C3,6278X,,SCHEDULED,60,1.0
2026-10-07T05:06:23Z,6278X71153C2,6278X,,SCHEDULED,0,0.0
2026-10-07T05:06:23Z,6278X26905C1,6278X,,SCHEDULED,0,0.0
2026-10-07T05:06:23Z,6278X71840C3,6278X,,SCHEDULED,0,0.0
2026-10-07T05:06:23Z,6278X71103C2,6278X,,SCHEDULED,1080,18.0
2026-10-07T05:06:23Z,6278X26907C1,6278X,,SCHEDULED,120,2.0
2026-10-07T05:06:23Z,6278X71107C2,6278X,,CANCELED,,
2026-10-07T05:06:23Z,6278X26903C1,6278X,,SCHEDULED,1140,19.0
2026-10-07T05:06:23Z,6278X71105C2,6278X,,CANCELED,,
2026-10-07T05:06:23Z,6278X71106C2,6278X,,CANCELED,,
2026-10-07T05:06:23Z,4678X70150C1,4678X,,SCHEDULED,0,0.0
2026-10-07T05:06:23Z,4778X71090C1,4778X,,SCHEDULED,0,0.0
2026-10-07T05:06:23Z,4778X71051C1,4778X,,SCHEDULED,0,0.0
2026-10-07T05:06:23Z,2078X70800C6,2078X,,SCHEDULED,60,1.0
2026-10-07T05:06:23Z,2078X70403C5,2078X,,SCHEDULED,60,1.0
2026-10-07T05:06:23Z,2078X70563C5a,2078X,,SCHEDULED,0,0.0
2026-10-07T05:06:23Z,2078X22309C3,2078X,,SCHEDULED,0,0.0
2026-10-07T05:06:23Z,2078X70202C4,2078X,,SCHEDULED,2160,36.0
2026-10-07T05:06:23Z,2078X70301C4,2078X,,SCHEDULED,0,0.0
2026-10-07T05:06:23Z,2078X70300C4,2078X,,SCHEDULED,360,6.0
2026-10-07T05:06:23Z,2078X70201C4,2078X,,SCHEDULED,1440,24.0
2026-10-07T05:06:23Z,2078X22100C1,2078X,,SCHEDULED,60,1.0
2026-10-07T05:06:23Z,2078X22001C1,2078X,,SCHEDULED,120,2.0
2026-10-07T05:06:23Z,2078X22102C1,2078X,,SCHEDULED,0,0.0
2026-10-07T05:06:23Z,2078X70461C5a,2078X,,SCHEDULED,0,0.0
2026-10-07T05:06:23Z,2078X22003C1,2078X,,SCHEDULED,720,12.0
2026-10-07T05:06:23Z,2078X22201C2,2078X,,SCHEDULED,360,6.0
2026-10-07T05:06:23Z,2078X22202C2,2078X,,SCHEDULED,420,7.0
2026-10-07T05:06:23Z,2078X22004C1,2078X,,SCHEDULED,180,3.0
2026-10-07T05:06:23Z,2078X22203C2,2078X,,SCHEDULED,0,0.0
2026-10-07T05:06:23Z,2078X22302C3,2078X,,SCHEDULED,420,7.0
2026-10-07T05:06:23Z,2078X22006C1,2078X,,SCHEDULED,420,7.0
2026-10-07T05:06:23Z,2078X22105C1,2078X,,SCHEDULED,420,7.0
2026-10-07T05:06:23Z,2078X22304C3,2078X,,SCHEDULED,0,0.0
2026-10-07T05:06:23Z,2078X80851C6,2078X,,SCHEDULED,5100,85.0
2026-10-07T05:06:23Z,2078X70757C6,2078X,,SCHEDULED,120,2.0
2026-10-07T05:06:23Z,2078X70902C8,2078X,,SCHEDULED,420,7.0
2026-10-07T05:06:23Z,2078X70506C7,2078X,,SCHEDULED,300,5.0
2026-10-07T05:06:23Z,2078X22008C1,2078X,,CANCELED,,
2026-10-07T05:06:23Z,2078X22206C2,2078X,,SCHEDULED,0,0.0
2026-10-07T05:06:23Z,2078X22305C3,2078X,,SCHEDULED,300,5.0
2026-10-07T05:06:23Z,2078X70203C4,2078X,,SCHEDULED,420,7.0
2026-10-07T05:06:23Z,2078X70302C4,2078X,,SCHEDULED,720,12.0
2026-10-07T05:06:23Z,2078X70401C5,2078X,,SCHEDULED,60,1.0
2026-10-07T05:06:23Z,2078X70206C4,2078X,,SCHEDULED,0,0.0
2026-10-07T05:06:23Z,2078X22307C3,2078X,,SCHEDULED,0,0.0
2026-10-07T05:06:23Z,2078X70503C7,2078X,,SCHEDULED,60,1.0
2026-10-07T05:06:23Z,2078X70853C6,2078X,,SCHEDULED,180,3.0
2026-10-07T05:06:23Z,2078X70855C6,2078X,,SCHEDULED,0,0.0
2026-10-07T05:06:23Z,2078X70756C6,2078X,,SCHEDULED,960,16.0
2026-10-07T05:06:23Z,2078X70850C6,2078X,,SCHEDULED,780,13.0
2026-10-07T05:06:23Z,2078X70251C4,2078X,,SCHEDULED,0,0.0
2026-10-07T05:06:23Z,2078X70250C4,2078X,,SCHEDULED,600,10.0
2026-10-07T05:06:23Z,2078X22311C3,2078X,,SCHEDULED,0,0.0
2026-10-07T05:06:23Z,2078X70505C7,2078X,,SCHEDULED,360,6.0
2026-10-07T05:06:23Z,2078X70901C8,2078X,,SCHEDULED,1080,18.0
2026-10-07T05:06:23Z,2078X70504C7,2078X,,SCHEDULED,240,4.0
2026-10-07T05:06:23Z,2078X70507C7,2078X,,SCHEDULED,0,0.0
2026-10-07T05:06:23Z,2078X70803C6,2078X,,SCHEDULED,60,1.0
2026-10-07T05:06:23Z,4178X84902C2,4178X,,SCHEDULED,0,0.0
2026-10-07T05:06:23Z,4178X32801C3,4178X,,SCHEDULED,0,0.0
2026-10-07T05:06:23Z,4178X32800C3,4178X,,SCHEDULED,180,3.0
2026-10-07T05:06:23Z,4178X84901C2,4178X,,SCHEDULED,3960,66.0
2026-10-07T05:06:23Z,4178X84903C2,4178X,,SCHEDULED,0,0.0
2026-10-07T05:06:23Z,4178X24701C1,4178X,,SCHEDULED,660,11.0
2026-10-07T05:06:23Z,4178X84900C2,4178X,,SCHEDULED,3660,61.0
2026-10-07T05:06:23Z,4178X24704C1,4178X,,SCHEDULED,0,0.0
2026-10-07T05:06:23Z,4178X24703C1,4178X,,SCHEDULED,60,1.0
2026-10-07T05:06:23Z,4178X24705C1,4178X,,SCHEDULED,0,0.0
2026-10-07T05:06:23Z,4178X24700C1,4178X,,SCHEDULED,840,14.0
2026-10-07T05:06:23Z,4578X71600C1,4578X,,SCHEDULED,60,1.0
2026-10-07T05:06:23Z,4578X71603C1,4578X,,SCHEDULED,120,2.0
2026-10-07T05:06:23Z,7078X31529C1,7078X,,SCHEDULED,0,0.0
2026-10-07T05:06:23Z,7078X31502C1,7078X,,SCHEDULED,0,0.0
2026-10-07T05:06:23Z,7078X31505C1,7078X,,SCHEDULED,0,0.0
2026-10-07T05:06:23Z,1078X20012C3,1078X,,SCHEDULED,60,1.0
2026-10-07T05:06:23Z,1078X20011C3,1078X,,SCHEDULED,540,9.0
2026-10-07T05:06:23Z,1078X20131C3,1078X,,SCHEDULED,0,0.0
2026-10-07T05:06:23Z,1078X20010C3,1078X,,SCHEDULED,300,5.0
2026-10-07T05:06:23Z,1078X21186C10,1078X,,SCHEDULED,0,0.0
2026-10-07T05:06:23Z,1078X19541C5,1078X,,SCHEDULED,60,1.0
2026-10-07T05:06:23Z,1078X35991C2,1078X,,SCHEDULED,0,0.0
2026-10-07T05:06:23Z,1078X21509C2,1078X,,SCHEDULED,0,0.0
2026-10-07T05:06:23Z,1078X20419C4b,1078X,,SCHEDULED,180,3.0
2026-10-07T05:06:23Z,1078X21508C2,1078X,,SCHEDULED,780,13.0
2026-10-07T05:06:23Z,1078X20418C4b,1078X,,SCHEDULED,0,0.0
2026-10-07T05:06:23Z,1078X20417C4b,1078X,,SCHEDULED,180,3.0
2026-10-07T05:06:23Z,1078X20416C4b,1078X,,SCHEDULED,60,1.0
2026-10-07T05:06:23Z,1078X20019C3,1078X,,SCHEDULED,0,0.0
2026-10-07T05:06:23Z,1078X21108C10,1078X,,SCHEDULED,840,14.0
2026-10-07T05:06:23Z,1078X20415C4b,1078X,,SCHEDULED,60,1.0
2026-10-07T05:06:23Z,1078X20018C3,1078X,,SCHEDULED,0,0.0
2026-10-07T05:06:23Z,1078X20414C4b,1078X,,CANCELED,,
2026-10-07T05:06:23Z,1078X21106C10,1078X,,SCHEDULED,240,4.0
2026-10-07T05:06:23Z,1078X20017C3,1078X,,SCHEDULED,300,5.0
2026-10-07T05:06:23Z,1078X20413C4b,1078X,,SCHEDULED,480,8.0
2026-10-07T05:06:23Z,1078X36202C10,1078X,,SCHEDULED,360,6.0
2026-10-07T05:06:23Z,1078X21182C10,1078X,,SCHEDULED,60,1.0
2026-10-07T05:06:23Z,1078X20423C4b,1078X,,SCHEDULED,540,9.0
2026-10-07T05:06:23Z,1078X21512C2,1078X,,SCHEDULED,480,8.0
2026-10-07T05:06:23Z,1078X21511C2,1078X,,SCHEDULED,60,1.0
2026-10-07T05:06:23Z,1078X19557C5,1078X,,SCHEDULED,0,0.0
2026-10-07T05:06:23Z,1078X21510C2,1078X,,SCHEDULED,420,7.0
2026-10-07T05:06:23Z,1078X20421C4b,1078X,,SCHEDULED,180,3.0
2026-10-07T05:06:23Z,1078X19556C5,1078X,,SCHEDULED,0,0.0
2026-10-07T05:06:23Z,1078X20420C4b,1078X,,SCHEDULED,0,0.0
2026-10-07T05:06:23Z,1078X19551C5,1078X,,SCHEDULED,0,0.0
2026-10-07T05:06:23Z,1078X19550C5,1078X,,SCHEDULED,0,0.0
2026-10-07T05:06:23Z,1078X20021C3,1078X,,SCHEDULED,0,0.0
2026-10-07T05:06:23Z,1078X21806C7,1078X,,SCHEDULED,240,4.0
2026-10-07T05:06:23Z,1078X20715C5,1078X,,SCHEDULED,120,2.0
2026-10-07T05:06:23Z,1078X21804C7,1078X,,SCHEDULED,300,5.0
2026-10-07T05:06:23Z,1078X20714C5,1078X,,SCHEDULED,180,3.0
2026-10-07T05:06:23Z,1078X21802C7,1078X,,SCHEDULED,240,4.0
2026-10-07T05:06:23Z,1078X20710C5,1078X,,SCHEDULED,180,3.0
2026-10-07T05:06:23Z,1078X20709C5,1078X,,SCHEDULED,120,2.0
2026-10-07T05:06:23Z,1078X19569C5,1078X,,SCHEDULED,0,0.0
2026-10-07T05:06:23Z,1078X20720C5,1078X,,SCHEDULED,0,0.0
2026-10-07T05:06:23Z,1078X21817C7,1078X,,SCHEDULED,480,8.0
2026-10-07T05:06:23Z,1078X20606C8b,1078X,,SCHEDULED,0,0.0
2026-10-07T05:06:23Z,1078X20727C5,1078X,,SCHEDULED,0,0.0
2026-10-07T05:06:23Z,1078X20605C8b,1078X,,SCHEDULED,0,0.0
2026-10-07T05:06:23Z,1078X21815C7,1078X,,SCHEDULED,0,0.0
2026-10-07T05:06:23Z,1078X20726C5,1078X,,SCHEDULED,120,2.0
2026-10-07T05:06:23Z,1078X20604C8b,1078X,,SCHEDULED,120,2.0
2026-10-07T05:06:23Z,1078X20603C8b,1078X,,SCHEDULED,720,12.0
2026-10-07T05:06:23Z,1078X21813C7,1078X,,SCHEDULED,300,5.0
2026-10-07T05:06:23Z,1078X20723C5,1078X,,SCHEDULED,240,4.0
2026-10-07T05:06:23Z,1078X20602C8b,1078X,,SCHEDULED,240,4.0
2026-10-07T05:06:23Z,1078X20601C8b,1078X,,SCHEDULED,180,3.0
2026-10-07T05:06:23Z,1078X20600C8b,1078X,,SCHEDULED,420,7.0
2026-10-07T05:06:23Z,1078X21808C7,1078X,,SCHEDULED,0,0.0
2026-10-07T05:06:23Z,1078X20719C5,1078X,,SCHEDULED,240,4.0
2026-10-07T05:06:23Z,1078X35809C7,1078X,,SCHEDULED,0,0.0
2026-10-07T05:06:23Z,1078X19544C5,1078X,,SCHEDULED,0,0.0
2026-10-07T05:06:23Z,1078X20016C3,1078X,,SCHEDULED,0,0.0
2026-10-07T05:06:23Z,1078X20412C4b,1078X,,SCHEDULED,0,0.0
2026-10-07T05:06:23Z,1078X20015C3,1078X,,SCHEDULED,300,5.0
2026-10-07T05:06:23Z,1078X21104C10,1078X,,SCHEDULED,0,0.0
2026-10-07T05:06:23Z,1078X20014C3,1078X,,SCHEDULED,120,2.0
2026-10-07T05:06:23Z,1078X20410C4b,1078X,,SCHEDULED,60,1.0
2026-10-07T05:06:23Z,1078X19545C5,1078X,,SCHEDULED,1500,25.0
2026-10-07T05:06:23Z,1078X20013C3,1078X,,SCHEDULED,300,5.0
2026-10-07T05:06:23Z,1078X19540C5,1078X,,SCHEDULED,60,1.0
2026-10-07T05:06:23Z,1078X20731C5,1078X,,SCHEDULED,0,0.0
2026-10-07T05:06:23Z,1078X20730C5,1078X,,CANCELED,,
2026-10-07T05:06:23Z,1078X20213C4a,1078X,,SCHEDULED,120,2.0
2026-10-07T05:06:23Z,1078X20739C5,1078X,,SCHEDULED,0,0.0
2026-10-07T05:06:23Z,1078X21706C2,1078X,,SCHEDULED,600,10.0
2026-10-07T05:06:23Z,1078X20737C5,1078X,,SCHEDULED,0,0.0
2026-10-07T05:06:23Z,1078X21309C10,1078X,,SCHEDULED,0,0.0
2026-10-07T05:06:23Z,1078X21308C10,1078X,,SCHEDULED,240,4.0
2026-10-07T05:06:23Z,1078X21307C10,1078X,,SCHEDULED,240,4.0
2026-10-07T05:06:23Z,1078X20218C4a,1078X,,SCHEDULED,0,0.0
2026-10-07T05:06:23Z,1078X20734C5,1078X,,SCHEDULED,300,5.0
2026-10-07T05:06:23Z,1078X21306C10,1078X,,SCHEDULED,240,4.0
2026-10-07T05:06:23Z,1078X20217C4a,1078X,,SCHEDULED,60,1.0
2026-10-07T05:06:23Z,1078X20216C4a,1078X,,SCHEDULED,300,5.0
2026-10-07T05:06:23Z,1078X20215C4a,1078X,,SCHEDULED,180,3.0
2026-10-07T05:06:23Z,1078X21304C10,1078X,,SCHEDULED,420,7.0
2026-10-07T05:06:23Z,1078X20225C4a,1078X,,SCHEDULED,0,0.0
2026-10-07T05:06:23Z,1078X20224C4a,1078X,,SCHEDULED,0,0.0
2026-10-07T05:06:23Z,1078X20740C5,1078X,,SCHEDULED,0,0.0
2026-10-07T05:06:23Z,1078X20223C4a,1078X,,SCHEDULED,180,3.0
2026-10-07T05:06:23Z,1078X20222C4a,1078X,,SCHEDULED,180,3.0
2026-10-07T05:06:23Z,1078X20221C4a,1078X,,SCHEDULED,60,1.0
2026-10-07T05:06:23Z,1078X20220C4a,1078X,,SCHEDULED,0,0.0
2026-10-07T05:06:23Z,1078X20748C5,1078X,,SCHEDULED,0,0.0
2026-10-07T05:06:23Z,1078X19808C1,1078X,,SCHEDULED,60,1.0
2026-10-07T05:06:23Z,1078X21719C2,1078X,,SCHEDULED,0,0.0
2026-10-07T05:06:23Z,1078X19528C5,1078X,,SCHEDULED,240,4.0
2026-10-07T05:06:23Z,1078X19533C5,1078X,,SCHEDULED,60,1.0
2026-10-07T05:06:23Z,1078X20228C4a,1078X,,SCHEDULED,0,0.0
2026-10-07T05:06:23Z,1078X19810C1,1078X,,SCHEDULED,0,0.0
2026-10-07T05:06:23Z,1078X20227C4a,1078X,,SCHEDULED,0,0.0
2026-10-07T05:06:23Z,1078X19531C5,1078X,,SCHEDULED,0,0.0
2026-10-07T05:06:23Z,1078X19530C5,1078X,,SCHEDULED,240,4.0
2026-10-07T05:06:23Z,1078X20406C4b,1078X,,SCHEDULED,300,5.0
2026-10-07T05:06:23Z,1078X20009C3,1078X,,SCHEDULED,120,2.0
2026-10-07T05:06:23Z,1078X20226C4a,1078X,,SCHEDULED,120,2.0
2026-10-07T05:06:23Z,1078X20404C4,1078X,,SCHEDULED,240,4.0
2026-10-07T05:06:23Z,1078X19518C5,1078X,,SCHEDULED,780,13.0
2026-10-07T05:06:23Z,1078X19815C1,1078X,,SCHEDULED,0,0.0
2026-10-07T05:06:23Z,1078X21006C8a,1078X,,SCHEDULED,600,10.0
2026-10-07T05:06:23Z,1078X19812C1,1078X,,SCHEDULED,0,0.0
2026-10-07T05:06:23Z,1078X19537C5,1078X,,SCHEDULED,180,3.0
2026-10-07T05:06:23Z,1078X19565C5,1078X,,SCHEDULED,0,0.0
2026-10-07T05:06:23Z,1078X19811C1,1078X,,SCHEDULED,0,0.0
2026-10-07T05:06:23Z,1078X21004C8a,1078X,,SCHEDULED,0,0.0
2026-10-07T05:06:23Z,1078X21520C2,1078X,,SCHEDULED,0,0.0
2026-10-07T05:06:23Z,1078X19539C5,1078X,,SCHEDULED,120,2.0
2026-10-07T05:06:23Z,1078X21003C8a,1078X,,SCHEDULED,420,7.0
2026-10-07T05:06:23Z,1078X21002C8a,1078X,,SCHEDULED,0,0.0
2026-10-07T05:06:23Z,1078X19813C1,1078X,,SCHEDULED,0,0.0
2026-10-07T05:06:23Z,1078X19538C5,1078X,,SCHEDULED,60,1.0
2026-10-07T05:06:23Z,1078X19563C5,1078X,,SCHEDULED,60,1.0
2026-10-07T05:06:23Z,1078X20706C5,1078X,,SCHEDULED,600,10.0
2026-10-07T05:06:23Z,1078X20429C4b,1078X,,SCHEDULED,0,0.0
2026-10-07T05:06:23Z,1078X21517C2,1078X,,SCHEDULED,0,0.0
2026-10-07T05:06:23Z,1078X20427C4b,1078X,,SCHEDULED,0,0.0
2026-10-07T05:06:23Z,1078X21516C2,1078X,,SCHEDULED,480,8.0
2026-10-07T05:06:23Z,1078X20425C4b,1078X,,SCHEDULED,0,0.0
2026-10-07T05:06:23Z,1078X21514C2,1078X,,SCHEDULED,540,9.0
2026-10-07T05:06:23Z,1078X21513C2,1078X,,SCHEDULED,0,0.0
2026-10-07T05:06:23Z,1078X35981C2,1078X,,SCHEDULED,120,2.0
2026-10-07T05:06:23Z,1078X21600C2,1078X,,SCHEDULED,0,0.0
2026-10-07T05:06:23Z,1078X21204C10,1078X,,SCHEDULED,360,6.0
2026-10-07T05:06:23Z,1078X19522C5,1078X,,SCHEDULED,600,10.0
2026-10-07T05:06:23Z,1078X21200C10,1078X,,SCHEDULED,180,3.0
2026-10-07T05:06:23Z,1078X20230C4a,1078X,,SCHEDULED,0,0.0
2026-10-07T05:06:23Z,1078X21607C2,1078X,,SCHEDULED,0,0.0
2026-10-07T05:06:23Z,1078X21605C2,1078X,,SCHEDULED,300,5.0
2026-10-07T05:06:23Z,1078X21206C10,1078X,,SCHEDULED,0,0.0
2026-10-07T05:11:34Z,3078X23506C1,3078X,,SCHEDULED,300,5.0
2026-10-07T05:11:34Z,3078X23507C1,3078X,,SCHEDULED,360,6.0
2026-10-07T05:11:34Z,3078X23515C1,3078X,,SCHEDULED,0,0.0
2026-10-07T05:11:34Z,3078X23512C1,3078X,,SCHEDULED,0,0.0
2026-10-07T05:11:34Z,3078X23513C1,3078X,,SCHEDULED,0,0.0
2026-10-07T05:11:34Z,3078X23510C1,3078X,,SCHEDULED,0,0.0
2026-10-07T05:11:34Z,3078X23511C1,3078X,,SCHEDULED,60,1.0
2026-10-07T05:11:34Z,3078X23805C5,3078X,,SCHEDULED,0,0.0
2026-10-07T05:11:34Z,3078X23508C1,3078X,,SCHEDULED,180,3.0
2026-10-07T05:11:34Z,3078X23509C1,3078X,,SCHEDULED,900,15.0
2026-10-07T05:11:34Z,3078X23801C5,3078X,,SCHEDULED,2280,38.0
2026-10-07T05:11:34Z,3078X23703C5,3078X,,SCHEDULED,-60,-1.0
2026-10-07T05:11:34Z,3078X23505C1,3078X,,SCHEDULED,1080,18.0
2026-10-07T05:11:34Z,3078X23100C3,3078X,,SCHEDULED,0,0.0
2026-10-07T05:11:34Z,3078X23605C4,3078X,,SCHEDULED,720,12.0
2026-10-07T05:11:34Z,3078X23803C5,3078X,,SCHEDULED,420,7.0
2026-10-07T05:11:34Z,3078X23102C3,3078X,,SCHEDULED,-60,-1.0
2026-10-07T05:11:34Z,3078X23701C5,3078X,,SCHEDULED,1500,25.0
2026-10-07T05:11:34Z,3178X23423T1,3178X,,SCHEDULED,0,0.0
2026-10-07T05:11:34Z,3178X23203C1,3178X,,SCHEDULED,60,1.0
2026-10-07T05:11:34Z,3178X23204C1,3178X,,SCHEDULED,180,3.0
2026-10-07T05:11:34Z,3178X23424T1,3178X,,SCHEDULED,0,0.0
2026-10-07T05:11:34Z,3178X23205C1,3178X,,SCHEDULED,180,3.0
2026-10-07T05:11:34Z,3178X23206C1,3178X,,SCHEDULED,0,0.0
2026-10-07T05:11:34Z,3178X23207C1,3178X,,SCHEDULED,0,0.0
2026-10-07T05:11:34Z,3278X23150C2,3278X,,SCHEDULED,240,4.0
2026-10-07T05:11:34Z,3278X23153C2,3278X,,SCHEDULED,0,0.0
2026-10-07T05:11:34Z,3278X23304C1,3278X,,SCHEDULED,0,0.0
2026-10-07T05:11:34Z,3278X23309C1,3278X,,SCHEDULED,120,2.0
2026-10-07T05:11:34Z,3278X23306C1,3278X,,SCHEDULED,0,0.0
2026-10-07T05:11:34Z,3278X23307C1,3278X,,SCHEDULED,300,5.0
2026-10-07T05:11:34Z,4078X24003C2,4078X,,SCHEDULED,60,1.0
2026-10-07T05:11:34Z,4078X24300C6,4078X,,SCHEDULED,-60,-1.0
2026-10-07T05:11:34Z,4078X24004C2,4078X,,SCHEDULED,120,2.0
2026-10-07T05:11:34Z,4078X24301C6,4078X,,SCHEDULED,660,11.0
2026-10-07T05:11:34Z,4078X24005C2,4078X,,SCHEDULED,300,5.0
2026-10-07T05:11:34Z,4078X24302C6,4078X,,SCHEDULED,480,8.0
2026-10-07T05:11:34Z,4078X24203C1,4078X,,SCHEDULED,-60,-1.0
2026-10-07T05:11:34Z,4078X24204C1,4078X,,SCHEDULED,0,0.0
2026-10-07T05:11:34Z,4078X24303C6,4078X,,SCHEDULED,300,5.0
2026-10-07T05:11:34Z,4078X24007C2,4078X,,SCHEDULED,120,2.0
2026-10-07T05:11:34Z,4078X24304C6,4078X,,SCHEDULED,300,5.0
2026-10-07T05:11:34Z,4078X24206C1,4078X,,SCHEDULED,0,0.0
2026-10-07T05:11:34Z,4078X24008C2,4078X,,SCHEDULED,240,4.0
2026-10-07T05:11:34Z,4078X24305C6,4078X,,SCHEDULED,180,3.0
2026-10-07T05:11:34Z,4078X24306C6,4078X,,SCHEDULED,0,0.0
2026-10-07T05:11:34Z,4078X24009C2,4078X,,SCHEDULED,0,0.0
2026-10-07T05:11:34Z,4078X24382C6,4078X,,SCHEDULED,120,2.0
2026-10-07T05:11:34Z,4078X24283C1,4078X,,SCHEDULED,120,2.0
2026-10-07T05:11:34Z,4078X24381C6,4078X,,SCHEDULED,120,2.0
2026-10-07T05:11:34Z,4078X24383C6,4078X,,SCHEDULED,0,0.0
2026-10-07T05:11:34Z,4078X31402C3,4078X,,SCHEDULED,-300,-5.0
2026-10-07T05:11:34Z,4078X82000C3,4078X,,SCHEDULED,0,0.0
2026-10-07T05:11:34Z,4078X30433C6,4078X,,SCHEDULED,-180,-3.0
2026-10-07T05:11:34Z,4078X36404C1,4078X,,SCHEDULED,0,0.0
2026-10-07T05:11:34Z,4078X36405C1,4078X,,SCHEDULED,60,1.0
2026-10-07T05:11:34Z,4078X24291C1,4078X,,SCHEDULED,120,2.0
2026-10-07T05:11:34Z,4078X31454C3,4078X,,SCHEDULED,-240,-4.0
2026-10-07T05:11:34Z,4078X84008C2,4078X,,SCHEDULED,0,0.0
2026-10-07T05:11:34Z,4078X31456C3,4078X,,SCHEDULED,0,0.0
2026-10-07T05:11:34Z,5178X15041R13,5178X,,CANCELED,,
2026-10-07T05:11:34Z,5178X25608R1,5178X,,CANCELED,,
2026-10-07T05:11:34Z,5178X25607R1,5178X,,CANCELED,,
2026-10-07T05:11:34Z,5178X25609R1,5178X,,CANCELED,,
2026-10-07T05:11:34Z,5178X15000R15,5178X,,CANCELED,,
2026-10-07T05:11:34Z,5178X25600R1,5178X,,CANCELED,,
2026-10-07T05:11:34Z,5178X25404R2N,5178X,,CANCELED,,
2026-10-07T05:11:34Z,5178X25601R1,5178X,,CANCELED,,
2026-10-07T05:11:34Z,5178X25406R2N,5178X,,CANCELED,,
2026-10-07T05:11:34Z,5178X25603R1,5178X,,CANCELED,,
2026-10-07T05:11:34Z,5178X25480R2S,5178X,,CANCELED,,
2026-10-07T05:11:34Z,5178X77410R4,5178X,,CANCELED,,
2026-10-07T05:11:34Z,5178X25562R2S,5178X,,CANCELED,,
2026-10-07T05:11:34Z,5178X15722R11,5178X,,CANCELED,,
2026-10-07T05:11:34Z,5178X15720R11,5178X,,CANCELED,,
2026-10-07T05:11:34Z,5178X28470R2,5178X,,CANCELED,,
2026-10-07T05:11:34Z,5178X25616R1,5178X,,CANCELED,,
2026-10-07T05:11:34Z,5178X15850R11,5178X,,CANCELED,,
2026-10-07T05:11:34Z,5178X18120R16,5178X,,SCHEDULED,180,3.0
2026-10-07T05:11:34Z,5178X25614R1,5178X,,CANCELED,,
2026-10-07T05:11:34Z,5178X35523R3,5178X,,CANCELED,,
2026-10-07T05:11:34Z,5178X28564R2,5178X,,CANCELED,,
2026-10-07T05:11:34Z,5178X77404R4,5178X,,SCHEDULED,360,6.0
2026-10-07T05:11:34Z,5178X77802R7,5178X,,CANCELED,,
2026-10-07T05:11:34Z,5178X15852R11,5178X,,CANCELED,,
2026-10-07T05:11:34Z,5178X77604R4,5178X,,CANCELED,,
2026-10-07T05:11:34Z,5178X77406R4,5178X,,SCHEDULED,420,7.0
2026-10-07T05:11:34Z,5178X15774R11,5178X,,CANCELED,,
2026-10-07T05:11:34Z,5178X77606R4,5178X,,CANCELED,,
2026-10-07T05:11:34Z,5178X77408R4,5178X,,CANCELED,,
2026-10-07T05:11:34Z,5178X77805R7,5178X,,CANCELED,,
2026-10-07T05:11:34Z,5178X15772R11,5178X,,CANCELED,,
2026-10-07T05:11:34Z,5178X18123R16,5178X,,CANCELED,,
2026-10-07T05:11:34Z,5178X15770R11,5178X,,CANCELED,,
2026-10-07T05:11:34Z,5178X25611R1,5178X,,CANCELED,,
2026-10-07T05:11:34Z,5178X25610R1,5178X,,CANCELED,,
2026-10-07T05:11:34Z,5178X28408R2N,5178X,,CANCELED,,
2026-10-07T05:11:34Z,5178X25612R1,5178X,,CANCELED,,
2026-10-07T05:11:34Z,5178X28406R2N,5178X,,CANCELED,,
2026-10-07T05:11:34Z,5178X15900R11,5178X,,CANCELED,,
2026-10-07T05:11:34Z,5178X25710R1,5178X,,CANCELED,,
2026-10-07T05:11:34Z,5178X28468R2,5178X,,CANCELED,,
2026-10-07T05:11:34Z,5178X28506R2,5178X,,SCHEDULED,3120,52.0
2026-10-07T05:11:34Z,5178X77980R4,5178X,,CANCELED,,
2026-10-07T05:11:34Z,5178X28265R2S,5178X,,SCHEDULED,840,14.0
2026-10-07T05:11:34Z,5178X35502R8,5178X,,CANCELED,,
2026-10-07T05:11:34Z,5178X77982R4,5178X,,CANCELED,,
2026-10-07T05:11:34Z,5178X28466R2,5178X,,CANCELED,,
2026-10-07T05:11:34Z,5178X77984R4,5178X,,CANCELED,,
2026-10-07T05:11:34Z,5178X28269R2S,5178X,,CANCELED,,
2026-10-07T05:11:34Z,5178X78632R8,5178X,,CANCELED,,
2026-10-07T05:11:34Z,5178X28267R2S,5178X,,CANCELED,,
2026-10-07T05:11:34Z,5178X77502R4,5178X,,SCHEDULED,3840,64.0
2026-10-07T05:11:34Z,5178X77504R4,5178X,,SCHEDULED,300,5.0
2026-10-07T05:11:34Z,5178X77506R4,5178X,,SCHEDULED,1680,28.0
2026-10-07T05:11:34Z,5178X77704R4,5178X,,CANCELED,,
2026-10-07T05:11:34Z,5178X33521RL4,5178X,,SCHEDULED,420,7.0
2026-10-07T05:11:34Z,5178X77706R4,5178X,,CANCELED,,
2026-10-07T05:11:34Z,5178X25605R1,5178X,,CANCELED,,
2026-10-07T05:11:34Z,5178X25507R2S,5178X,,CANCELED,,
2026-10-07T05:11:34Z,5178X25705R1,5178X,,CANCELED,,
2026-10-07T05:11:34Z,5178X25707R1,5178X,,CANCELED,,
2026-10-07T05:11:34Z,5178X25706R1,5178X,,CANCELED,,
2026-10-07T05:11:34Z,5178X25708R1,5178X,,CANCELED,,
2026-10-07T05:11:34Z,5178X25500R2S,5178X,,CANCELED,,
2026-10-07T05:11:34Z,5178X25503R2S,5178X,,SCHEDULED,1140,19.0
2026-10-07T05:11:34Z,5178X25700R1,5178X,,CANCELED,,
2026-10-07T05:11:34Z,5178X25502R2S,5178X,,CANCELED,,
2026-10-07T05:11:34Z,5178X25505R2S,5178X,,CANCELED,,
2026-10-07T05:11:34Z,5178X25703R1,5178X,,CANCELED,,
2026-10-07T05:11:34Z,5178X25504R2S,5178X,,CANCELED,,
2026-10-07T05:11:34Z,5178X28254R2S,5178X,,CANCELED,,
2026-10-07T05:11:34Z,5178X15904R11,5178X,,CANCELED,,
2026-10-07T05:11:34Z,5178X28252R2S,5178X,,SCHEDULED,1440,24.0
2026-10-07T05:11:34Z,5178X77510R4,5178X,,SCHEDULED,0,0.0
2026-10-07T05:11:34Z,5178X78600R8,5178X,,SCHEDULED,720,12.0
2026-10-07T05:11:34Z,5178X78602R8,5178X,,CANCELED,,
2026-10-07T05:11:34Z,5178X77314R3,5178X,,SCHEDULED,-180,-3.0
2026-10-07T05:11:34Z,5178X77316R3,5178X,,CANCELED,,
2026-10-07T05:11:34Z,6078X26109C1,6078X,,SCHEDULED,120,2.0
2026-10-07T05:11:34Z,6078X26505C3,6078X,,SCHEDULED,120,2.0
2026-10-07T05:11:34Z,6078X71581C5,6078X,,SCHEDULED,180,3.0
2026-10-07T05:11:34Z,6078X26010C2,6078X,,SCHEDULED,240,4.0
2026-10-07T05:11:34Z,6078X71571C4,6078X,,SCHEDULED,120,2.0
2026-10-07T05:11:34Z,6078X26012C2,6078X,,SCHEDULED,0,0.0
2026-10-07T05:11:34Z,6078X26603C3,6078X,,SCHEDULED,0,0.0
2026-10-07T05:11:34Z,6078X26009C2,6078X,,SCHEDULED,180,3.0
2026-10-07T05:11:34Z,6078X26008C2,6078X,,SCHEDULED,180,3.0
2026-10-07T05:11:34Z,6078X26111C1,6078X,,SCHEDULED,0,0.0
2026-10-07T05:11:34Z,6078X71507C4,6078X,,SCHEDULED,0,0.0
2026-10-07T05:11:34Z,6078X26506C3,6078X,,SCHEDULED,60,1.0
2026-10-07T05:11:34Z,6078X71505C4,6078X,,SCHEDULED,60,1.0
2026-10-07T05:11:34Z,6078X26508C3,6078X,,SCHEDULED,180,3.0
2026-10-07T05:11:34Z,6078X26110C1,6078X,,SCHEDULED,60,1.0
2026-10-07T05:11:34Z,6078X71504C4,6078X,,SCHEDULED,0,0.0
2026-10-07T05:11:34Z,6078X26011C2,6078X,,SCHEDULED,240,4.0
2026-10-07T05:11:34Z,6078X26013C2,6078X,,SCHEDULED,0,0.0
2026-10-07T05:11:34Z,6078X26507C3,6078X,,SCHEDULED,-60,-1.0
2026-10-07T05:11:34Z,6078X26509C3,6078X,,SCHEDULED,120,2.0
2026-10-07T05:11:34Z,6078X71502C4,6078X,,SCHEDULED,60,1.0
2026-10-07T05:11:34Z,6078X26510C3,6078X,,SCHEDULED,0,0.0
2026-10-07T05:11:34Z,6178X35613C1,6178X,,SCHEDULED,720,12.0
2026-10-07T05:11:34Z,6178X35612C1,6178X,,SCHEDULED,180,3.0
2026-10-07T05:11:34Z,6178X35687C1,6178X,,SCHEDULED,0,0.0
2026-10-07T05:11:34Z,6178X35614C1,6178X,,SCHEDULED,-60,-1.0
2026-10-07T05:11:34Z,6178X35665C1,6178X,,SCHEDULED,120,2.0
2026-10-07T05:11:34Z,6278X26907C1,6278X,,SCHEDULED,60,1.0
2026-10-07T05:11:34Z,6278X71300C3,6278X,,SCHEDULED,0,0.0
2026-10-07T05:11:34Z,6278X71154C2,6278X,,SCHEDULED,840,14.0
2026-10-07T05:11:34Z,6278X71353C3,6278X,,SCHEDULED,60,1.0
2026-10-07T05:11:34Z,6278X26902C1,6278X,,SCHEDULED,60,1.0
2026-10-07T05:11:34Z,6278X71350C3,6278X,,SCHEDULED,-60,-1.0
2026-10-07T05:11:34Z,6278X71153C2,6278X,,SCHEDULED,0,0.0
2026-10-07T05:11:34Z,6278X71106C2,6278X,,CANCELED,,
2026-10-07T05:11:34Z,6278X26905C1,6278X,,SCHEDULED,0,0.0
2026-10-07T05:11:34Z,6278X71840C3,6278X,,SCHEDULED,-120,-2.0
2026-10-07T05:11:34Z,6278X71103C2,6278X,,SCHEDULED,1200,20.0
2026-10-07T05:11:34Z,6278X26904C1,6278X,,SCHEDULED,0,0.0
2026-10-07T05:11:34Z,6278X71107C2,6278X,,CANCELED,,
2026-10-07T05:11:34Z,6278X26903C1,6278X,,SCHEDULED,1200,20.0
2026-10-07T05:11:34Z,6278X71105C2,6278X,,CANCELED,,
2026-10-07T05:11:34Z,4678X70051C1,4678X,,SCHEDULED,0,0.0
2026-10-07T05:11:34Z,4678X70150C1,4678X,,SCHEDULED,0,0.0
2026-10-07T05:11:34Z,4778X71090C1,4778X,,SCHEDULED,0,0.0
2026-10-07T05:11:34Z,4778X71051C1,4778X,,SCHEDULED,0,0.0
2026-10-07T05:11:34Z,2078X22004C1,2078X,,SCHEDULED,180,3.0
2026-10-07T05:11:34Z,2078X22005C1,2078X,,SCHEDULED,0,0.0
2026-10-07T05:11:34Z,2078X22203C2,2078X,,SCHEDULED,60,1.0
2026-10-07T05:11:34Z,2078X22006C1,2078X,,SCHEDULED,360,6.0
2026-10-07T05:11:34Z,2078X70757C6,2078X,,SCHEDULED,120,2.0
2026-10-07T05:11:34Z,2078X70853C6,2078X,,SCHEDULED,120,2.0
2026-10-07T05:11:34Z,2078X70855C6,2078X,,SCHEDULED,0,0.0
2026-10-07T05:11:34Z,2078X70850C6,2078X,,SCHEDULED,540,9.0
2026-10-07T05:11:34Z,2078X70251C4,2078X,,SCHEDULED,60,1.0
2026-10-07T05:11:34Z,2078X70250C4,2078X,,SCHEDULED,300,5.0
2026-10-07T05:11:34Z,2078X70803C6,2078X,,SCHEDULED,120,2.0
2026-10-07T05:11:34Z,2078X70300C4,2078X,,SCHEDULED,660,11.0
2026-10-07T05:11:34Z,2078X22100C1,2078X,,SCHEDULED,180,3.0
2026-10-07T05:11:34Z,2078X22102C1,2078X,,SCHEDULED,0,0.0
2026-10-07T05:11:34Z,2078X70461C5a,2078X,,SCHEDULED,0,0.0
2026-10-07T05:11:34Z,2078X22302C3,2078X,,SCHEDULED,480,8.0
2026-10-07T05:11:34Z,2078X22105C1,2078X,,SCHEDULED,300,5.0
2026-10-07T05:11:34Z,2078X22304C3,2078X,,SCHEDULED,0,0.0
2026-10-07T05:11:34Z,2078X22305C3,2078X,,SCHEDULED,240,4.0
2026-10-07T05:11:34Z,2078X70302C4,2078X,,SCHEDULED,660,11.0
2026-10-07T05:11:34Z,2078X70503C7,2078X,,SCHEDULED,120,2.0
2026-10-07T05:11:34Z,2078X22309C3,2078X,,SCHEDULED,60,1.0
2026-10-07T05:11:34Z,2078X70301C4,2078X,,SCHEDULED,0,0.0
2026-10-07T05:11:34Z,2078X70203C4,2078X,,SCHEDULED,420,7.0
2026-10-07T05:11:34Z,2078X70756C6,2078X,,SCHEDULED,1260,21.0
2026-10-07T05:11:34Z,2078X70401C5,2078X,,SCHEDULED,120,2.0
2026-10-07T05:11:34Z,2078X70404C5,2078X,,SCHEDULED,0,0.0
2026-10-07T05:11:34Z,2078X70206C4,2078X,,SCHEDULED,-60,-1.0
2026-10-07T05:11:34Z,2078X22311C3,2078X,,SCHEDULED,0,0.0
2026-10-07T05:11:34Z,2078X70563C5a,2078X,,SCHEDULED,0,0.0
2026-10-07T05:11:34Z,2078X70202C4,2078X,,SCHEDULED,2460,41.0
2026-10-07T05:11:34Z,2078X70201C4,2078X,,SCHEDULED,1740,29.0
2026-10-07T05:11:34Z,2078X22001C1,2078X,,SCHEDULED,300,5.0
2026-10-07T05:11:34Z,2078X70904C8,2078X,,SCHEDULED,0,0.0
2026-10-07T05:11:34Z,2078X22003C1,2078X,,SCHEDULED,60,1.0
2026-10-07T05:11:34Z,2078X70505C7,2078X,,SCHEDULED,240,4.0
2026-10-07T05:11:34Z,2078X22201C2,2078X,,SCHEDULED,300,5.0
2026-10-07T05:11:34Z,2078X70901C8,2078X,,SCHEDULED,1080,18.0
2026-10-07T05:11:34Z,2078X70504C7,2078X,,SCHEDULED,540,9.0
2026-10-07T05:11:34Z,2078X70903C8,2078X,,SCHEDULED,0,0.0
2026-10-07T05:11:34Z,2078X70507C7,2078X,,SCHEDULED,0,0.0
2026-10-07T05:11:34Z,2078X70902C8,2078X,,SCHEDULED,720,12.0
2026-10-07T05:11:34Z,2078X70506C7,2078X,,SCHEDULED,300,5.0
2026-10-07T05:11:34Z,2078X22008C1,2078X,,CANCELED,,
2026-10-07T05:11:34Z,2078X22206C2,2078X,,SCHEDULED,0,0.0
2026-10-07T05:11:34Z,4178X84902C2,4178X,,SCHEDULED,0,0.0
2026-10-07T05:11:34Z,4178X84903C2,4178X,,SCHEDULED,0,0.0
2026-10-07T05:11:34Z,4178X32801C3,4178X,,SCHEDULED,0,0.0
2026-10-07T05:11:34Z,4178X24701C1,4178X,,SCHEDULED,660,11.0
2026-10-07T05:11:34Z,4178X84900C2,4178X,,SCHEDULED,3960,66.0
2026-10-07T05:11:34Z,4178X32800C3,4178X,,SCHEDULED,180,3.0
2026-10-07T05:11:34Z,4178X84901C2,4178X,,SCHEDULED,4260,71.0
2026-10-07T05:11:34Z,4178X24704C1,4178X,,SCHEDULED,0,0.0
2026-10-07T05:11:34Z,4178X24703C1,4178X,,SCHEDULED,120,2.0
2026-10-07T05:11:34Z,4178X24705C1,4178X,,SCHEDULED,0,0.0
2026-10-07T05:11:34Z,4178X24700C1,4178X,,SCHEDULED,240,4.0
2026-10-07T05:11:34Z,4578X71600C1,4578X,,SCHEDULED,0,0.0
2026-10-07T05:11:34Z,4578X71603C1,4578X,,SCHEDULED,0,0.0
2026-10-07T05:11:34Z,4578X71602C1,4578X,,SCHEDULED,0,0.0
2026-10-07T05:11:34Z,4578X71605C1,4578X,,SCHEDULED,0,0.0
2026-10-07T05:11:34Z,7078X31529C1,7078X,,SCHEDULED,120,2.0
2026-10-07T05:11:34Z,7078X31502C1,7078X,,SCHEDULED,0,0.0
2026-10-07T05:11:34Z,7078X31505C1,7078X,,SCHEDULED,0,0.0
2026-10-07T05:11:34Z,1078X20018C3,1078X,,SCHEDULED,0,0.0
2026-10-07T05:11:34Z,1078X20414C4b,1078X,,CANCELED,,
2026-10-07T05:11:34Z,1078X19563C5,1078X,,SCHEDULED,360,6.0
2026-10-07T05:11:34Z,1078X21806C7,1078X,,SCHEDULED,540,9.0
2026-10-07T05:11:34Z,1078X21106C10,1078X,,SCHEDULED,0,0.0
2026-10-07T05:11:34Z,1078X20017C3,1078X,,SCHEDULED,60,1.0
2026-10-07T05:11:34Z,1078X19560C5,1078X,,SCHEDULED,0,0.0
2026-10-07T05:11:34Z,1078X36202C10,1078X,,SCHEDULED,300,5.0
2026-10-07T05:11:34Z,1078X20715C5,1078X,,SCHEDULED,60,1.0
2026-10-07T05:11:34Z,1078X21182C10,1078X,,SCHEDULED,60,1.0
2026-10-07T05:11:34Z,1078X21804C7,1078X,,SCHEDULED,600,10.0
2026-10-07T05:11:34Z,1078X20423C4b,1078X,,SCHEDULED,240,4.0
2026-10-07T05:11:34Z,1078X20714C5,1078X,,SCHEDULED,60,1.0
2026-10-07T05:11:34Z,1078X21802C7,1078X,,SCHEDULED,120,2.0
2026-10-07T05:11:34Z,1078X21512C2,1078X,,SCHEDULED,360,6.0
2026-10-07T05:11:34Z,1078X20710C5,1078X,,SCHEDULED,240,4.0
2026-10-07T05:11:34Z,1078X20709C5,1078X,,SCHEDULED,180,3.0
2026-10-07T05:11:34Z,1078X21511C2,1078X,,SCHEDULED,0,0.0
2026-10-07T05:11:34Z,1078X19569C5,1078X,,SCHEDULED,0,0.0
2026-10-07T05:11:34Z,1078X19557C5,1078X,,SCHEDULED,240,4.0
2026-10-07T05:11:34Z,1078X20720C5,1078X,,SCHEDULED,0,0.0
2026-10-07T05:11:34Z,1078X21510C2,1078X,,SCHEDULED,540,9.0
2026-10-07T05:11:34Z,1078X21817C7,1078X,,SCHEDULED,180,3.0
2026-10-07T05:11:34Z,1078X20606C8b,1078X,,SCHEDULED,0,0.0
2026-10-07T05:11:34Z,1078X19556C5,1078X,,SCHEDULED,0,0.0
2026-10-07T05:11:34Z,1078X20420C4b,1078X,,SCHEDULED,0,0.0
2026-10-07T05:11:34Z,1078X20727C5,1078X,,SCHEDULED,60,1.0
2026-10-07T05:11:34Z,1078X19551C5,1078X,,SCHEDULED,0,0.0
2026-10-07T05:11:34Z,1078X20605C8b,1078X,,SCHEDULED,0,0.0
2026-10-07T05:11:34Z,1078X21815C7,1078X,,SCHEDULED,0,0.0
2026-10-07T05:11:34Z,1078X19550C5,1078X,,SCHEDULED,0,0.0
2026-10-07T05:11:34Z,1078X20726C5,1078X,,SCHEDULED,180,3.0
2026-10-07T05:11:34Z,1078X21110C10,1078X,,SCHEDULED,0,0.0
2026-10-07T05:11:34Z,1078X20604C8b,1078X,,SCHEDULED,180,3.0
2026-10-07T05:11:34Z,1078X20603C8b,1078X,,SCHEDULED,360,6.0
2026-10-07T05:11:34Z,1078X20021C3,1078X,,SCHEDULED,0,0.0
2026-10-07T05:11:34Z,1078X21605C2,1078X,,SCHEDULED,300,5.0
2026-10-07T05:11:34Z,1078X21813C7,1078X,,SCHEDULED,120,2.0
2026-10-07T05:11:34Z,1078X21602C2,1078X,,SCHEDULED,0,0.0
2026-10-07T05:11:34Z,1078X21206C10,1078X,,SCHEDULED,0,0.0
2026-10-07T05:11:34Z,1078X19808C1,1078X,,SCHEDULED,120,2.0
2026-10-07T05:11:34Z,1078X21719C2,1078X,,SCHEDULED,0,0.0
2026-10-07T05:11:34Z,1078X19528C5,1078X,,SCHEDULED,180,3.0
2026-10-07T05:11:34Z,1078X20723C5,1078X,,SCHEDULED,60,1.0
2026-10-07T05:11:34Z,1078X19533C5,1078X,,SCHEDULED,180,3.0
2026-10-07T05:11:34Z,1078X20602C8b,1078X,,SCHEDULED,180,3.0
2026-10-07T05:11:34Z,1078X19810C1,1078X,,SCHEDULED,0,0.0
2026-10-07T05:11:34Z,1078X21811C7,1078X,,SCHEDULED,480,8.0
2026-10-07T05:11:34Z,1078X19530C5,1078X,,SCHEDULED,0,0.0
2026-10-07T05:11:34Z,1078X20408C4b,1078X,,SCHEDULED,180,3.0
2026-10-07T05:11:34Z,1078X20406C4b,1078X,,SCHEDULED,240,4.0
2026-10-07T05:11:34Z,1078X20601C8b,1078X,,SCHEDULED,60,1.0
2026-10-07T05:11:34Z,1078X19815C1,1078X,,SCHEDULED,0,0.0
2026-10-07T05:11:34Z,1078X21808C7,1078X,,SCHEDULED,120,2.0
2026-10-07T05:11:34Z,1078X19812C1,1078X,,SCHEDULED,0,0.0
2026-10-07T05:11:34Z,1078X19537C5,1078X,,SCHEDULED,60,1.0
2026-10-07T05:11:34Z,1078X20719C5,1078X,,SCHEDULED,240,4.0
2026-10-07T05:11:34Z,1078X19539C5,1078X,,SCHEDULED,60,1.0
2026-10-07T05:11:34Z,1078X19813C1,1078X,,SCHEDULED,300,5.0
2026-10-07T05:11:34Z,1078X35809C7,1078X,,SCHEDULED,240,4.0
2026-10-07T05:11:34Z,1078X19544C5,1078X,,SCHEDULED,120,2.0
2026-10-07T05:11:34Z,1078X19538C5,1078X,,SCHEDULED,180,3.0
2026-10-07T05:11:34Z,1078X20016C3,1078X,,SCHEDULED,240,4.0
2026-10-07T05:11:34Z,1078X20412C4b,1078X,,SCHEDULED,240,4.0
2026-10-07T05:11:34Z,1078X35980C2,1078X,,SCHEDULED,60,1.0
2026-10-07T05:11:34Z,1078X20015C3,1078X,,SCHEDULED,60,1.0
2026-10-07T05:11:34Z,1078X21104C10,1078X,,SCHEDULED,120,2.0
2026-10-07T05:11:34Z,1078X20706C5,1078X,,SCHEDULED,840,14.0
2026-10-07T05:11:34Z,1078X20014C3,1078X,,SCHEDULED,180,3.0
2026-10-07T05:11:34Z,1078X20429C4b,1078X,,SCHEDULED,0,0.0
2026-10-07T05:11:34Z,1078X20410C4b,1078X,,SCHEDULED,0,0.0
2026-10-07T05:11:34Z,1078X19545C5,1078X,,SCHEDULED,1800,30.0
2026-10-07T05:11:34Z,1078X20013C3,1078X,,SCHEDULED,300,5.0
2026-10-07T05:11:34Z,1078X21517C2,1078X,,SCHEDULED,0,0.0
2026-10-07T05:11:34Z,1078X20427C4b,1078X,,SCHEDULED,0,0.0
2026-10-07T05:11:34Z,1078X20731C5,1078X,,SCHEDULED,0,0.0
2026-10-07T05:11:34Z,1078X21516C2,1078X,,SCHEDULED,480,8.0
2026-10-07T05:11:34Z,1078X20730C5,1078X,,CANCELED,,
2026-10-07T05:11:34Z,1078X20739C5,1078X,,SCHEDULED,0,0.0
2026-10-07T05:11:34Z,1078X20737C5,1078X,,SCHEDULED,0,0.0
2026-10-07T05:11:34Z,1078X20425C4b,1078X,,SCHEDULED,240,4.0
2026-10-07T05:11:34Z,1078X21309C10,1078X,,SCHEDULED,0,0.0
2026-10-07T05:11:34Z,1078X21514C2,1078X,,SCHEDULED,360,6.0
2026-10-07T05:11:34Z,1078X21308C10,1078X,,SCHEDULED,540,9.0
2026-10-07T05:11:34Z,1078X20219C4a,1078X,,SCHEDULED,120,2.0
2026-10-07T05:11:34Z,1078X21307C10,1078X,,SCHEDULED,120,2.0
2026-10-07T05:11:34Z,1078X21513C2,1078X,,SCHEDULED,0,0.0
2026-10-07T05:11:34Z,1078X35983C2,1078X,,SCHEDULED,0,0.0
2026-10-07T05:11:34Z,1078X20218C4a,1078X,,SCHEDULED,120,2.0
2026-10-07T05:11:34Z,1078X20734C5,1078X,,SCHEDULED,0,0.0
2026-10-07T05:11:34Z,1078X35981C2,1078X,,SCHEDULED,0,0.0
2026-10-07T05:11:34Z,1078X21306C10,1078X,,SCHEDULED,240,4.0
2026-10-07T05:11:34Z,1078X20217C4a,1078X,,SCHEDULED,120,2.0
2026-10-07T05:11:34Z,1078X20216C4a,1078X,,SCHEDULED,120,2.0
2026-10-07T05:11:34Z,1078X20215C4a,1078X,,SCHEDULED,120,2.0
2026-10-07T05:11:34Z,1078X21304C10,1078X,,SCHEDULED,600,10.0
2026-10-07T05:11:34Z,1078X20225C4a,1078X,,SCHEDULED,0,0.0
2026-10-07T05:11:34Z,1078X20224C4a,1078X,,SCHEDULED,0,0.0
2026-10-07T05:11:34Z,1078X20740C5,1078X,,SCHEDULED,0,0.0
2026-10-07T05:11:34Z,1078X20223C4a,1078X,,SCHEDULED,480,8.0
2026-10-07T05:11:34Z,1078X20222C4a,1078X,,SCHEDULED,240,4.0
2026-10-07T05:11:34Z,1078X20221C4a,1078X,,SCHEDULED,60,1.0
2026-10-07T05:11:34Z,1078X20220C4a,1078X,,SCHEDULED,180,3.0
2026-10-07T05:11:34Z,1078X20748C5,1078X,,SCHEDULED,0,0.0
2026-10-07T05:11:34Z,1078X20229C4a,1078X,,SCHEDULED,0,0.0
2026-10-07T05:11:34Z,1078X20228C4a,1078X,,SCHEDULED,180,3.0
2026-10-07T05:11:34Z,1078X21600C2,1078X,,SCHEDULED,240,4.0
2026-10-07T05:11:34Z,1078X20227C4a,1078X,,SCHEDULED,0,0.0
2026-10-07T05:11:34Z,1078X20226C4a,1078X,,SCHEDULED,120,2.0
2026-10-07T05:11:34Z,1078X19518C5,1078X,,SCHEDULED,780,13.0
2026-10-07T05:11:34Z,1078X21204C10,1078X,,SCHEDULED,360,6.0
2026-10-07T05:11:34Z,1078X19522C5,1078X,,SCHEDULED,600,10.0
2026-10-07T05:11:34Z,1078X21200C10,1078X,,SCHEDULED,120,2.0
2026-10-07T05:11:34Z,1078X21006C8a,1078X,,SCHEDULED,900,15.0
2026-10-07T05:11:34Z,1078X20230C4a,1078X,,SCHEDULED,0,0.0
2026-10-07T05:11:34Z,1078X21607C2,1078X,,SCHEDULED,120,2.0
2026-10-07T05:11:34Z,1078X19565C5,1078X,,SCHEDULED,0,0.0
2026-10-07T05:11:34Z,1078X19540C5,1078X,,SCHEDULED,60,1.0
2026-10-07T05:11:34Z,1078X20012C3,1078X,,SCHEDULED,120,2.0
2026-10-07T05:11:34Z,1078X21004C8a,1078X,,SCHEDULED,0,0.0
2026-10-07T05:11:34Z,1078X21520C2,1078X,,SCHEDULED,0,0.0
2026-10-07T05:11:34Z,1078X21003C8a,1078X,,SCHEDULED,300,5.0
2026-10-07T05:11:34Z,1078X21002C8a,1078X,,SCHEDULED,0,0.0
2026-10-07T05:11:34Z,1078X20131C3,1078X,,SCHEDULED,0,0.0
2026-10-07T05:11:34Z,1078X20010C3,1078X,,SCHEDULED,180,3.0
2026-10-07T05:11:34Z,1078X21186C10,1078X,,SCHEDULED,0,0.0
2026-10-07T05:11:34Z,1078X19541C5,1078X,,SCHEDULED,0,0.0
2026-10-07T05:11:34Z,1078X35991C2,1078X,,SCHEDULED,0,0.0
2026-10-07T05:11:34Z,1078X21509C2,1078X,,SCHEDULED,60,1.0
2026-10-07T05:11:34Z,1078X20419C4b,1078X,,SCHEDULED,0,0.0
2026-10-07T05:11:34Z,1078X21508C2,1078X,,SCHEDULED,900,15.0
2026-10-07T05:11:34Z,1078X20418C4b,1078X,,SCHEDULED,60,1.0
2026-10-07T05:11:34Z,1078X20417C4b,1078X,,SCHEDULED,0,0.0
2026-10-07T05:11:34Z,1078X20416C4b,1078X,,SCHEDULED,60,1.0
2026-10-07T05:11:34Z,1078X21505C2,1078X,,SCHEDULED,240,4.0
2026-10-07T05:11:34Z,1078X20019C3,1078X,,SCHEDULED,0,0.0
2026-10-07T05:11:34Z,1078X21108C10,1078X,,SCHEDULED,0,0.0
2026-10-07T05:11:34Z,1078X20415C4b,1078X,,SCHEDULED,120,2.0
2026-10-07T05:16:34Z,3078X23705C5,3078X,,SCHEDULED,0,0.0
2026-10-07T05:16:34Z,3078X23507C1,3078X,,SCHEDULED,420,7.0
2026-10-07T05:16:34Z,3078X23805C5,3078X,,SCHEDULED,0,0.0
2026-10-07T05:16:34Z,3078X23508C1,3078X,,SCHEDULED,120,2.0
2026-10-07T05:16:34Z,3078X23509C1,3078X,,SCHEDULED,780,13.0
2026-10-07T05:16:34Z,3078X23801C5,3078X,,SCHEDULED,1860,31.0
2026-10-07T05:16:34Z,3078X23703C5,3078X,,SCHEDULED,-180,-3.0
2026-10-07T05:16:34Z,3078X23505C1,3078X,,SCHEDULED,1020,17.0
2026-10-07T05:16:34Z,3078X23100C3,3078X,,SCHEDULED,0,0.0
2026-10-07T05:16:34Z,3078X23605C4,3078X,,SCHEDULED,720,12.0
2026-10-07T05:16:34Z,3078X23803C5,3078X,,SCHEDULED,420,7.0
2026-10-07T05:16:34Z,3078X23506C1,3078X,,SCHEDULED,300,5.0
2026-10-07T05:16:34Z,3078X23510C1,3078X,,SCHEDULED,0,0.0
2026-10-07T05:16:34Z,3078X23511C1,3078X,,SCHEDULED,-60,-1.0
2026-10-07T05:16:34Z,3078X23512C1,3078X,,SCHEDULED,420,7.0
2026-10-07T05:16:34Z,3078X23513C1,3078X,,SCHEDULED,0,0.0
2026-10-07T05:16:34Z,3078X23102C3,3078X,,SCHEDULED,60,1.0
2026-10-07T05:16:34Z,3078X23701C5,3078X,,SCHEDULED,1380,23.0
2026-10-07T05:16:34Z,3078X23515C1,3078X,,SCHEDULED,0,0.0
2026-10-07T05:16:34Z,3178X23423T1,3178X,,SCHEDULED,0,0.0
2026-10-07T05:16:34Z,3178X23205C1,3178X,,SCHEDULED,0,0.0
2026-10-07T05:16:34Z,3178X23206C1,3178X,,SCHEDULED,0,0.0
2026-10-07T05:16:34Z,3178X23204C1,3178X,,SCHEDULED,60,1.0
2026-10-07T05:16:34Z,3178X23424T1,3178X,,SCHEDULED,0,0.0
2026-10-07T05:16:34Z,3178X23270C1,3178X,,SCHEDULED,0,0.0
2026-10-07T05:16:34Z,3178X23207C1,3178X,,SCHEDULED,60,1.0
2026-10-07T05:16:34Z,3178X23208C1,3178X,,SCHEDULED,0,0.0
2026-10-07T05:16:34Z,3278X23153C2,3278X,,SCHEDULED,180,3.0
2026-10-07T05:16:34Z,3278X23311C1,3278X,,SCHEDULED,0,0.0
2026-10-07T05:16:34Z,3278X23304C1,3278X,,SCHEDULED,60,1.0
2026-10-07T05:16:34Z,3278X23309C1,3278X,,SCHEDULED,120,2.0
2026-10-07T05:16:34Z,3278X23306C1,3278X,,SCHEDULED,0,0.0
2026-10-07T05:16:34Z,3278X23307C1,3278X,,SCHEDULED,300,5.0
2026-10-07T05:16:34Z,4078X24003C2,4078X,,SCHEDULED,-540,-9.0
2026-10-07T05:16:34Z,4078X24300C6,4078X,,SCHEDULED,360,6.0
2026-10-07T05:16:34Z,4078X24004C2,4078X,,SCHEDULED,120,2.0
2026-10-07T05:16:34Z,4078X24005C2,4078X,,SCHEDULED,360,6.0
2026-10-07T05:16:34Z,4078X24302C6,4078X,,SCHEDULED,420,7.0
2026-10-07T05:16:34Z,4078X24203C1,4078X,,SCHEDULED,-60,-1.0
2026-10-07T05:16:34Z,4078X24204C1,4078X,,SCHEDULED,-120,-2.0
2026-10-07T05:16:34Z,4078X24303C6,4078X,,SCHEDULED,360,6.0
2026-10-07T05:16:34Z,4078X24007C2,4078X,,SCHEDULED,180,3.0
2026-10-07T05:16:34Z,4078X24304C6,4078X,,SCHEDULED,420,7.0
2026-10-07T05:16:34Z,4078X24206C1,4078X,,SCHEDULED,60,1.0
2026-10-07T05:16:34Z,4078X24008C2,4078X,,SCHEDULED,120,2.0
2026-10-07T05:16:34Z,4078X24305C6,4078X,,SCHEDULED,60,1.0
2026-10-07T05:16:34Z,4078X24306C6,4078X,,SCHEDULED,0,0.0
2026-10-07T05:16:34Z,4078X24009C2,4078X,,SCHEDULED,0,0.0
2026-10-07T05:16:34Z,4078X24382C6,4078X,,SCHEDULED,60,1.0
2026-10-07T05:16:34Z,4078X24283C1,4078X,,SCHEDULED,60,1.0
2026-10-07T05:16:34Z,4078X24381C6,4078X,,SCHEDULED,240,4.0
2026-10-07T05:16:34Z,4078X24011C2,4078X,,SCHEDULED,0,0.0
2026-10-07T05:16:34Z,4078X31402C3,4078X,,SCHEDULED,0,0.0
2026-10-07T05:16:34Z,4078X84600C5,4078X,,SCHEDULED,0,0.0
2026-10-07T05:16:34Z,4078X82000C3,4078X,,SCHEDULED,0,0.0
2026-10-07T05:16:34Z,4078X30433C6,4078X,,SCHEDULED,0,0.0
2026-10-07T05:16:34Z,4078X36404C1,4078X,,SCHEDULED,0,0.0
2026-10-07T05:16:34Z,4078X36405C1,4078X,,SCHEDULED,0,0.0
2026-10-07T05:16:34Z,4078X31454C3,4078X,,SCHEDULED,0,0.0
2026-10-07T05:16:34Z,4078X84008C2,4078X,,SCHEDULED,0,0.0
2026-10-07T05:16:34Z,4078X31456C3,4078X,,SCHEDULED,60,1.0
2026-10-07T05:16:34Z,5178X25608R1,5178X,,CANCELED,,
2026-10-07T05:16:34Z,5178X25607R1,5178X,,CANCELED,,
2026-10-07T05:16:34Z,5178X25609R1,5178X,,CANCELED,,
2026-10-07T05:16:34Z,5178X15000R15,5178X,,CANCELED,,
2026-10-07T05:16:34Z,5178X25600R1,5178X,,CANCELED,,
2026-10-07T05:16:34Z,5178X25404R2N,5178X,,CANCELED,,
2026-10-07T05:16:34Z,5178X25601R1,5178X,,CANCELED,,
2026-10-07T05:16:34Z,5178X25406R2N,5178X,,CANCELED,,
2026-10-07T05:16:34Z,5178X25603R1,5178X,,CANCELED,,
2026-10-07T05:16:34Z,5178X35518R3,5178X,,SCHEDULED,120,2.0
2026-10-07T05:16:34Z,5178X15900R11,5178X,,CANCELED,,
2026-10-07T05:16:34Z,5178X25480R2S,5178X,,CANCELED,,
2026-10-07T05:16:34Z,5178X77410R4,5178X,,CANCELED,,
2026-10-07T05:16:34Z,5178X25710R1,5178X,,CANCELED,,
2026-10-07T05:16:34Z,5178X25562R2S,5178X,,CANCELED,,
2026-10-07T05:16:34Z,5178X15722R11,5178X,,CANCELED,,
2026-10-07T05:16:34Z,5178X25712R1,5178X,,CANCELED,,
2026-10-07T05:16:34Z,5178X28506R2,5178X,,SCHEDULED,3240,54.0
2026-10-07T05:16:34Z,5178X77980R4,5178X,,CANCELED,,
2026-10-07T05:16:34Z,5178X15720R11,5178X,,CANCELED,,
2026-10-07T05:16:34Z,5178X35502R8,5178X,,CANCELED,,
2026-10-07T05:16:34Z,5178X77982R4,5178X,,CANCELED,,
2026-10-07T05:16:34Z,5178X28271R2S,5178X,,CANCELED,,
2026-10-07T05:16:34Z,5178X28470R2,5178X,,SCHEDULED,0,0.0
2026-10-07T05:16:34Z,5178X28466R2,5178X,,CANCELED,,
2026-10-07T05:16:34Z,5178X77984R4,5178X,,CANCELED,,
2026-10-07T05:16:34Z,5178X15252RG1,5178X,,SCHEDULED,0,0.0
2026-10-07T05:16:34Z,5178X25616R1,5178X,,CANCELED,,
2026-10-07T05:16:34Z,5178X28269R2S,5178X,,CANCELED,,
2026-10-07T05:16:34Z,5178X15850R11,5178X,,CANCELED,,
2026-10-07T05:16:34Z,5178X28267R2S,5178X,,CANCELED,,
2026-10-07T05:16:34Z,5178X77502R4,5178X,,SCHEDULED,3960,66.0
2026-10-07T05:16:34Z,5178X28406R2N,5178X,,CANCELED,,
2026-10-07T05:16:34Z,5178X25614R1,5178X,,CANCELED,,
2026-10-07T05:16:34Z,5178X77504R4,5178X,,SCHEDULED,300,5.0
2026-10-07T05:16:34Z,5178X35523R3,5178X,,CANCELED,,
2026-10-07T05:16:34Z,5178X77506R4,5178X,,SCHEDULED,1500,25.0
2026-10-07T05:16:34Z,5178X33521RL4,5178X,,SCHEDULED,420,7.0
2026-10-07T05:16:34Z,5178X28564R2,5178X,,CANCELED,,
2026-10-07T05:16:34Z,5178X77404R4,5178X,,SCHEDULED,360,6.0
2026-10-07T05:16:34Z,5178X77706R4,5178X,,CANCELED,,
2026-10-07T05:16:34Z,5178X77802R7,5178X,,CANCELED,,
2026-10-07T05:16:34Z,5178X15852R11,5178X,,CANCELED,,
2026-10-07T05:16:34Z,5178X77406R4,5178X,,SCHEDULED,540,9.0
2026-10-07T05:16:34Z,5178X25605R1,5178X,,CANCELED,,
2026-10-07T05:16:34Z,5178X15774R11,5178X,,CANCELED,,
2026-10-07T05:16:34Z,5178X77606R4,5178X,,CANCELED,,
2026-10-07T05:16:34Z,5178X77408R4,5178X,,CANCELED,,
2026-10-07T05:16:34Z,5178X15041R13,5178X,,CANCELED,,
2026-10-07T05:16:34Z,5178X25507R2S,5178X,,CANCELED,,
2026-10-07T05:16:34Z,5178X77805R7,5178X,,CANCELED,,
2026-10-07T05:16:34Z,5178X25705R1,5178X,,CANCELED,,
2026-10-07T05:16:34Z,5178X25707R1,5178X,,CANCELED,,
2026-10-07T05:16:34Z,5178X25706R1,5178X,,CANCELED,,
2026-10-07T05:16:34Z,5178X15772R11,5178X,,CANCELED,,
2026-10-07T05:16:34Z,5178X25709R1,5178X,,CANCELED,,
2026-10-07T05:16:34Z,5178X18123R16,5178X,,CANCELED,,
2026-10-07T05:16:34Z,5178X25708R1,5178X,,CANCELED,,
2026-10-07T05:16:34Z,5178X15770R11,5178X,,CANCELED,,
2026-10-07T05:16:34Z,5178X25611R1,5178X,,CANCELED,,
2026-10-07T05:16:34Z,5178X25610R1,5178X,,CANCELED,,
2026-10-07T05:16:34Z,5178X28408R2N,5178X,,CANCELED,,
2026-10-07T05:16:34Z,5178X25500R2S,5178X,,CANCELED,,
2026-10-07T05:16:34Z,5178X25503R2S,5178X,,SCHEDULED,1200,20.0
2026-10-07T05:16:34Z,5178X25612R1,5178X,,CANCELED,,
2026-10-07T05:16:34Z,5178X25700R1,5178X,,CANCELED,,
2026-10-07T05:16:34Z,5178X25502R2S,5178X,,CANCELED,,
2026-10-07T05:16:34Z,5178X25505R2S,5178X,,SCHEDULED,180,3.0
2026-10-07T05:16:34Z,5178X25504R2S,5178X,,CANCELED,,
2026-10-07T05:16:34Z,5178X28254R2S,5178X,,CANCELED,,
2026-10-07T05:16:34Z,5178X15904R11,5178X,,CANCELED,,
2026-10-07T05:16:34Z,5178X28252R2S,5178X,,SCHEDULED,1500,25.0
2026-10-07T05:16:34Z,5178X77510R4,5178X,,SCHEDULED,0,0.0
2026-10-07T05:16:34Z,5178X78600R8,5178X,,SCHEDULED,720,12.0
2026-10-07T05:16:34Z,5178X78602R8,5178X,,CANCELED,,
2026-10-07T05:16:34Z,5178X28410R2N,5178X,,CANCELED,,
2026-10-07T05:16:34Z,5178X77316R3,5178X,,CANCELED,,
2026-10-07T05:16:34Z,6078X26111C1,6078X,,SCHEDULED,120,2.0
2026-10-07T05:16:34Z,6078X26508C3,6078X,,SCHEDULED,240,4.0
2026-10-07T05:16:34Z,6078X26110C1,6078X,,SCHEDULED,120,2.0
2026-10-07T05:16:34Z,6078X26011C2,6078X,,SCHEDULED,180,3.0
2026-10-07T05:16:34Z,6078X26507C3,6078X,,SCHEDULED,0,0.0
2026-10-07T05:16:34Z,6078X26112C1,6078X,,SCHEDULED,0,0.0
2026-10-07T05:16:34Z,6078X26509C3,6078X,,SCHEDULED,60,1.0
2026-10-07T05:16:34Z,6078X26013C2,6078X,,SCHEDULED,0,0.0
2026-10-07T05:16:34Z,6078X71570C4,6078X,,SCHEDULED,0,0.0
2026-10-07T05:16:34Z,6078X71571C4,6078X,,SCHEDULED,240,4.0
2026-10-07T05:16:34Z,6078X71504C4,6078X,,SCHEDULED,60,1.0
2026-10-07T05:16:34Z,6078X26511C3,6078X,,SCHEDULED,0,0.0
2026-10-07T05:16:34Z,6078X26510C3,6078X,,SCHEDULED,0,0.0
2026-10-07T05:16:34Z,6078X26604C3,6078X,,SCHEDULED,60,1.0
2026-10-07T05:16:34Z,6078X26010C2,6078X,,SCHEDULED,300,5.0
2026-10-07T05:16:34Z,6078X26012C2,6078X,,SCHEDULED,0,0.0
2026-10-07T05:16:34Z,6078X26505C3,6078X,,SCHEDULED,180,3.0
2026-10-07T05:16:34Z,6078X71507C4,6078X,,SCHEDULED,-60,-1.0
2026-10-07T05:16:34Z,6078X71505C4,6078X,,SCHEDULED,0,0.0
2026-10-07T05:16:34Z,6078X26009C2,6078X,,SCHEDULED,240,4.0
2026-10-07T05:16:34Z,6078X26008C2,6078X,,SCHEDULED,240,4.0
2026-10-07T05:16:34Z,6078X26506C3,6078X,,SCHEDULED,60,1.0
2026-10-07T05:16:34Z,6178X35613C1,6178X,,SCHEDULED,900,15.0
2026-10-07T05:16:34Z,6178X35614C1,6178X,,SCHEDULED,0,0.0
2026-10-07T05:16:34Z,6178X35615C1,6178X,,SCHEDULED,0,0.0
2026-10-07T05:16:34Z,6178X35616C1,6178X,,SCHEDULED,0,0.0
2026-10-07T05:16:34Z,6178X35665C1,6178X,,SCHEDULED,120,2.0
2026-10-07T05:16:34Z,6278X71355C3,6278X,,SCHEDULED,0,0.0
2026-10-07T05:16:34Z,6278X71106C2,6278X,,CANCELED,,
2026-10-07T05:16:34Z,6278X26905C1,6278X,,SCHEDULED,0,0.0
2026-10-07T05:16:34Z,6278X71840C3,6278X,,SCHEDULED,-60,-1.0
2026-10-07T05:16:34Z,6278X71300C3,6278X,,SCHEDULED,0,0.0
2026-10-07T05:16:34Z,6278X26907C1,6278X,,SCHEDULED,120,2.0
2026-10-07T05:16:34Z,6278X26904C1,6278X,,SCHEDULED,0,0.0
2026-10-07T05:16:34Z,6278X71154C2,6278X,,SCHEDULED,1080,18.0
2026-10-07T05:16:34Z,6278X71353C3,6278X,,SCHEDULED,-180,-3.0
2026-10-07T05:16:34Z,6278X71107C2,6278X,,CANCELED,,
2026-10-07T05:16:34Z,6278X71153C2,6278X,,SCHEDULED,0,0.0
2026-10-07T05:16:34Z,6278X71105C2,6278X,,CANCELED,,
2026-10-07T05:16:34Z,6278X71151C2,6278X,,SCHEDULED,60,1.0
2026-10-07T05:16:34Z,4678X70051C1,4678X,,SCHEDULED,0,0.0
2026-10-07T05:16:34Z,4678X70150C1,4678X,,SCHEDULED,0,0.0
2026-10-07T05:16:34Z,4778X71090C1,4778X,,SCHEDULED,0,0.0
2026-10-07T05:16:34Z,4778X71051C1,4778X,,SCHEDULED,0,0.0
2026-10-07T05:16:34Z,2078X22005C1,2078X,,SCHEDULED,0,0.0
2026-10-07T05:16:34Z,2078X22204C2,2078X,,SCHEDULED,600,10.0
2026-10-07T05:16:34Z,2078X22006C1,2078X,,SCHEDULED,480,8.0
2026-10-07T05:16:34Z,2078X22205C2,2078X,,SCHEDULED,0,0.0
2026-10-07T05:16:34Z,2078X70757C6,2078X,,SCHEDULED,240,4.0
2026-10-07T05:16:34Z,2078X70853C6,2078X,,SCHEDULED,60,1.0
2026-10-07T05:16:34Z,2078X70855C6,2078X,,SCHEDULED,0,0.0
2026-10-07T05:16:34Z,2078X70850C6,2078X,,SCHEDULED,600,10.0
2026-10-07T05:16:34Z,2078X70251C4,2078X,,SCHEDULED,120,2.0
2026-10-07T05:16:34Z,2078X70250C4,2078X,,SCHEDULED,180,3.0
2026-10-07T05:16:34Z,2078X70300C4,2078X,,SCHEDULED,180,3.0
2026-10-07T05:16:34Z,2078X22100C1,2078X,,SCHEDULED,240,4.0
2026-10-07T05:16:34Z,2078X22102C1,2078X,,SCHEDULED,0,0.0
2026-10-07T05:16:34Z,2078X22302C3,2078X,,SCHEDULED,540,9.0
2026-10-07T05:16:34Z,2078X22105C1,2078X,,SCHEDULED,420,7.0
2026-10-07T05:16:34Z,2078X22304C3,2078X,,SCHEDULED,120,2.0
2026-10-07T05:16:34Z,2078X22306C3,2078X,,SCHEDULED,0,0.0
2026-10-07T05:16:34Z,2078X70302C4,2078X,,SCHEDULED,780,13.0
2026-10-07T05:16:34Z,2078X22307C3,2078X,,SCHEDULED,0,0.0
2026-10-07T05:16:34Z,2078X70503C7,2078X,,SCHEDULED,60,1.0
2026-10-07T05:16:34Z,2078X22309C3,2078X,,SCHEDULED,360,6.0
2026-10-07T05:16:34Z,2078X70301C4,2078X,,SCHEDULED,0,0.0
2026-10-07T05:16:34Z,2078X70402C5,2078X,,SCHEDULED,0,0.0
2026-10-07T05:16:34Z,2078X70401C5,2078X,,SCHEDULED,0,0.0
2026-10-07T05:16:34Z,2078X70404C5,2078X,,SCHEDULED,0,0.0
2026-10-07T05:16:34Z,2078X70206C4,2078X,,SCHEDULED,240,4.0
2026-10-07T05:16:34Z,2078X70800C6,2078X,,SCHEDULED,60,1.0
2026-10-07T05:16:34Z,2078X70563C5a,2078X,,SCHEDULED,300,5.0
2026-10-07T05:16:34Z,2078X70202C4,2078X,,SCHEDULED,2760,46.0
2026-10-07T05:16:34Z,2078X70201C4,2078X,,SCHEDULED,2040,34.0
2026-10-07T05:16:34Z,2078X22001C1,2078X,,SCHEDULED,240,4.0
2026-10-07T05:16:34Z,2078X22003C1,2078X,,SCHEDULED,120,2.0
2026-10-07T05:16:34Z,2078X22004C1,2078X,,SCHEDULED,120,2.0
2026-10-07T05:16:34Z,2078X70756C6,2078X,,SCHEDULED,1560,26.0
2026-10-07T05:16:34Z,2078X22311C3,2078X,,SCHEDULED,0,0.0
2026-10-07T05:16:34Z,2078X70904C8,2078X,,SCHEDULED,0,0.0
2026-10-07T05:16:34Z,2078X70505C7,2078X,,SCHEDULED,0,0.0
2026-10-07T05:16:34Z,2078X70901C8,2078X,,SCHEDULED,960,16.0
2026-10-07T05:16:34Z,2078X70504C7,2078X,,SCHEDULED,840,14.0
2026-10-07T05:16:34Z,2078X70903C8,2078X,,SCHEDULED,0,0.0
2026-10-07T05:16:34Z,2078X70507C7,2078X,,SCHEDULED,0,0.0
2026-10-07T05:16:34Z,2078X70902C8,2078X,,SCHEDULED,840,14.0
2026-10-07T05:16:34Z,2078X70506C7,2078X,,SCHEDULED,300,5.0
2026-10-07T05:16:34Z,2078X22008C1,2078X,,CANCELED,,
2026-10-07T05:16:34Z,2078X22206C2,2078X,,SCHEDULED,0,0.0
2026-10-07T05:16:34Z,4178X84902C2,4178X,,SCHEDULED,0,0.0
2026-10-07T05:16:34Z,4178X32801C3,4178X,,SCHEDULED,120,2.0
2026-10-07T05:16:34Z,4178X32800C3,4178X,,SCHEDULED,240,4.0
2026-10-07T05:16:34Z,4178X84901C2,4178X,,SCHEDULED,4560,76.0
2026-10-07T05:16:34Z,4178X84903C2,4178X,,SCHEDULED,0,0.0
2026-10-07T05:16:34Z,4178X24702C1,4178X,,SCHEDULED,480,8.0
2026-10-07T05:16:34Z,4178X24701C1,4178X,,SCHEDULED,960,16.0
2026-10-07T05:16:34Z,4178X84900C2,4178X,,SCHEDULED,4260,71.0
2026-10-07T05:16:34Z,4178X24704C1,4178X,,SCHEDULED,0,0.0
2026-10-07T05:16:34Z,4178X24703C1,4178X,,SCHEDULED,180,3.0
2026-10-07T05:16:34Z,4178X24705C1,4178X,,SCHEDULED,0,0.0
2026-10-07T05:16:34Z,4178X24700C1,4178X,,SCHEDULED,540,9.0
2026-10-07T05:16:34Z,4578X71600C1,4578X,,SCHEDULED,180,3.0
2026-10-07T05:16:34Z,4578X71605C1,4578X,,SCHEDULED,0,0.0
2026-10-07T05:16:34Z,4578X71603C1,4578X,,SCHEDULED,120,2.0
2026-10-07T05:16:34Z,4578X71602C1,4578X,,SCHEDULED,0,0.0
2026-10-07T05:16:34Z,7078X31529C1,7078X,,SCHEDULED,120,2.0
2026-10-07T05:16:34Z,7078X31502C1,7078X,,SCHEDULED,0,0.0
2026-10-07T05:16:34Z,7078X31505C1,7078X,,SCHEDULED,0,0.0
2026-10-07T05:16:34Z,1078X20018C3,1078X,,SCHEDULED,0,0.0
2026-10-07T05:16:34Z,1078X20414C4b,1078X,,CANCELED,,
2026-10-07T05:16:34Z,1078X21106C10,1078X,,SCHEDULED,60,1.0
2026-10-07T05:16:34Z,1078X20017C3,1078X,,SCHEDULED,60,1.0
2026-10-07T05:16:34Z,1078X36202C10,1078X,,SCHEDULED,420,7.0
2026-10-07T05:16:34Z,1078X20423C4b,1078X,,SCHEDULED,600,10.0
2026-10-07T05:16:34Z,1078X21512C2,1078X,,SCHEDULED,600,10.0
2026-10-07T05:16:34Z,1078X20422C4b,1078X,,SCHEDULED,0,0.0
2026-10-07T05:16:34Z,1078X21511C2,1078X,,SCHEDULED,120,2.0
2026-10-07T05:16:34Z,1078X19557C5,1078X,,SCHEDULED,0,0.0
2026-10-07T05:16:34Z,1078X21510C2,1078X,,SCHEDULED,360,6.0
2026-10-07T05:16:34Z,1078X20421C4b,1078X,,SCHEDULED,120,2.0
2026-10-07T05:16:34Z,1078X19556C5,1078X,,SCHEDULED,0,0.0
2026-10-07T05:16:34Z,1078X20420C4b,1078X,,SCHEDULED,0,0.0
2026-10-07T05:16:34Z,1078X19551C5,1078X,,SCHEDULED,120,2.0
2026-10-07T05:16:34Z,1078X19550C5,1078X,,SCHEDULED,0,0.0
2026-10-07T05:16:34Z,1078X20021C3,1078X,,SCHEDULED,0,0.0
2026-10-07T05:16:34Z,1078X21110C10,1078X,,SCHEDULED,120,2.0
2026-10-07T05:16:34Z,1078X19540C5,1078X,,SCHEDULED,0,0.0
2026-10-07T05:16:34Z,1078X20012C3,1078X,,SCHEDULED,120,2.0
2026-10-07T05:16:34Z,1078X20011C3,1078X,,SCHEDULED,540,9.0
2026-10-07T05:16:34Z,1078X20131C3,1078X,,SCHEDULED,240,4.0
2026-10-07T05:16:34Z,1078X20010C3,1078X,,SCHEDULED,300,5.0
2026-10-07T05:16:34Z,1078X21186C10,1078X,,SCHEDULED,0,0.0
2026-10-07T05:16:34Z,1078X19541C5,1078X,,SCHEDULED,0,0.0
2026-10-07T05:16:34Z,1078X35991C2,1078X,,SCHEDULED,0,0.0
2026-10-07T05:16:34Z,1078X20419C4b,1078X,,SCHEDULED,0,0.0
2026-10-07T05:16:34Z,1078X21508C2,1078X,,SCHEDULED,900,15.0
2026-10-07T05:16:34Z,1078X20418C4b,1078X,,SCHEDULED,420,7.0
2026-10-07T05:16:34Z,1078X20417C4b,1078X,,SCHEDULED,60,1.0
2026-10-07T05:16:34Z,1078X20416C4b,1078X,,SCHEDULED,0,0.0
2026-10-07T05:16:34Z,1078X21505C2,1078X,,SCHEDULED,480,8.0
2026-10-07T05:16:34Z,1078X20019C3,1078X,,SCHEDULED,0,0.0
2026-10-07T05:16:34Z,1078X21108C10,1078X,,SCHEDULED,0,0.0
2026-10-07T05:16:34Z,1078X20415C4b,1078X,,SCHEDULED,420,7.0
2026-10-07T05:16:34Z,1078X21003C8a,1078X,,SCHEDULED,60,1.0
2026-10-07T05:16:34Z,1078X19563C5,1078X,,SCHEDULED,660,11.0
2026-10-07T05:16:34Z,1078X21806C7,1078X,,SCHEDULED,120,2.0
2026-10-07T05:16:34Z,1078X19560C5,1078X,,SCHEDULED,0,0.0
2026-10-07T05:16:34Z,1078X20715C5,1078X,,SCHEDULED,120,2.0
2026-10-07T05:16:34Z,1078X21804C7,1078X,,SCHEDULED,480,8.0
2026-10-07T05:16:34Z,1078X20714C5,1078X,,SCHEDULED,0,0.0
2026-10-07T05:16:34Z,1078X21007C8a,1078X,,SCHEDULED,0,0.0
2026-10-07T05:16:34Z,1078X20710C5,1078X,,SCHEDULED,300,5.0
2026-10-07T05:16:34Z,1078X19569C5,1078X,,SCHEDULED,0,0.0
2026-10-07T05:16:34Z,1078X20720C5,1078X,,SCHEDULED,0,0.0
2026-10-07T05:16:34Z,1078X19573C5,1078X,,SCHEDULED,0,0.0
2026-10-07T05:16:34Z,1078X21817C7,1078X,,SCHEDULED,0,0.0
2026-10-07T05:16:34Z,1078X20606C8b,1078X,,SCHEDULED,0,0.0
2026-10-07T05:16:34Z,1078X20727C5,1078X,,SCHEDULED,180,3.0
2026-10-07T05:16:34Z,1078X20605C8b,1078X,,SCHEDULED,120,2.0
2026-10-07T05:16:34Z,1078X21815C7,1078X,,SCHEDULED,120,2.0
2026-10-07T05:16:34Z,1078X20726C5,1078X,,SCHEDULED,120,2.0
2026-10-07T05:16:34Z,1078X20604C8b,1078X,,SCHEDULED,60,1.0
2026-10-07T05:16:34Z,1078X20603C8b,1078X,,SCHEDULED,480,8.0
2026-10-07T05:16:34Z,1078X21813C7,1078X,,SCHEDULED,180,3.0
2026-10-07T05:16:34Z,1078X20723C5,1078X,,SCHEDULED,240,4.0
2026-10-07T05:16:34Z,1078X20602C8b,1078X,,SCHEDULED,300,5.0
2026-10-07T05:16:34Z,1078X21811C7,1078X,,SCHEDULED,300,5.0
2026-10-07T05:16:34Z,1078X20601C8b,1078X,,SCHEDULED,240,4.0
2026-10-07T05:16:34Z,1078X21810C7,1078X,,SCHEDULED,0,0.0
2026-10-07T05:16:34Z,1078X21808C7,1078X,,SCHEDULED,180,3.0
2026-10-07T05:16:34Z,1078X20719C5,1078X,,SCHEDULED,240,4.0
2026-10-07T05:16:34Z,1078X35809C7,1078X,,SCHEDULED,60,1.0
2026-10-07T05:16:34Z,1078X19544C5,1078X,,SCHEDULED,480,8.0
2026-10-07T05:16:34Z,1078X20016C3,1078X,,SCHEDULED,0,0.0
2026-10-07T05:16:34Z,1078X20412C4b,1078X,,SCHEDULED,300,5.0
2026-10-07T05:16:34Z,1078X20015C3,1078X,,SCHEDULED,60,1.0
2026-10-07T05:16:34Z,1078X21104C10,1078X,,SCHEDULED,240,4.0
2026-10-07T05:16:34Z,1078X20014C3,1078X,,SCHEDULED,60,1.0
2026-10-07T05:16:34Z,1078X20410C4b,1078X,,SCHEDULED,300,5.0
2026-10-07T05:16:34Z,1078X19545C5,1078X,,SCHEDULED,2100,35.0
2026-10-07T05:16:34Z,1078X20013C3,1078X,,SCHEDULED,240,4.0
2026-10-07T05:16:34Z,1078X20731C5,1078X,,SCHEDULED,60,1.0
2026-10-07T05:16:34Z,1078X20730C5,1078X,,CANCELED,,
2026-10-07T05:16:34Z,1078X20739C5,1078X,,SCHEDULED,0,0.0
2026-10-07T05:16:34Z,1078X21706C2,1078X,,SCHEDULED,840,14.0
2026-10-07T05:16:34Z,1078X20737C5,1078X,,SCHEDULED,0,0.0
2026-10-07T05:16:34Z,1078X21309C10,1078X,,SCHEDULED,180,3.0
2026-10-07T05:16:34Z,1078X21308C10,1078X,,SCHEDULED,840,14.0
2026-10-07T05:16:34Z,1078X20219C4a,1078X,,SCHEDULED,0,0.0
2026-10-07T05:16:34Z,1078X21307C10,1078X,,SCHEDULED,300,5.0
2026-10-07T05:16:34Z,1078X20218C4a,1078X,,SCHEDULED,120,2.0
2026-10-07T05:16:34Z,1078X20734C5,1078X,,SCHEDULED,0,0.0
2026-10-07T05:16:34Z,1078X21306C10,1078X,,SCHEDULED,420,7.0
2026-10-07T05:16:34Z,1078X20217C4a,1078X,,SCHEDULED,180,3.0
2026-10-07T05:16:34Z,1078X20215C4a,1078X,,SCHEDULED,120,2.0
2026-10-07T05:16:34Z,1078X21304C10,1078X,,SCHEDULED,960,16.0
2026-10-07T05:16:34Z,1078X20225C4a,1078X,,SCHEDULED,300,5.0
2026-10-07T05:16:34Z,1078X20224C4a,1078X,,SCHEDULED,180,3.0
2026-10-07T05:16:34Z,1078X20223C4a,1078X,,SCHEDULED,240,4.0
2026-10-07T05:16:34Z,1078X20740C5,1078X,,SCHEDULED,240,4.0
2026-10-07T05:16:34Z,1078X21311C10,1078X,,SCHEDULED,0,0.0
2026-10-07T05:16:34Z,1078X20222C4a,1078X,,SCHEDULED,300,5.0
2026-10-07T05:16:34Z,1078X21310C10,1078X,,SCHEDULED,0,0.0
2026-10-07T05:16:34Z,1078X20220C4a,1078X,,SCHEDULED,120,2.0
2026-10-07T05:16:34Z,1078X20748C5,1078X,,SCHEDULED,0,0.0
2026-10-07T05:16:34Z,1078X20229C4a,1078X,,SCHEDULED,0,0.0
2026-10-07T05:16:34Z,1078X20745C5,1078X,,SCHEDULED,0,0.0
2026-10-07T05:16:34Z,1078X20228C4a,1078X,,SCHEDULED,540,9.0
2026-10-07T05:16:34Z,1078X20227C4a,1078X,,SCHEDULED,0,0.0
2026-10-07T05:16:34Z,1078X20226C4a,1078X,,SCHEDULED,240,4.0
2026-10-07T05:16:34Z,1078X19518C5,1078X,,SCHEDULED,900,15.0
2026-10-07T05:16:34Z,1078X21006C8a,1078X,,SCHEDULED,0,0.0
2026-10-07T05:16:34Z,1078X21522C2,1078X,,SCHEDULED,0,0.0
2026-10-07T05:16:34Z,1078X19565C5,1078X,,SCHEDULED,0,0.0
2026-10-07T05:16:34Z,1078X21004C8a,1078X,,SCHEDULED,0,0.0
2026-10-07T05:16:34Z,1078X20431C4b,1078X,,SCHEDULED,0,0.0
2026-10-07T05:16:34Z,1078X21520C2,1078X,,SCHEDULED,0,0.0
2026-10-07T05:16:34Z,1078X21605C2,1078X,,SCHEDULED,300,5.0
2026-10-07T05:16:34Z,1078X21602C2,1078X,,SCHEDULED,0,0.0
2026-10-07T05:16:34Z,1078X21206C10,1078X,,SCHEDULED,0,0.0
2026-10-07T05:16:34Z,1078X20754C5,1078X,,CANCELED,,
2026-10-07T05:16:34Z,1078X19808C1,1078X,,SCHEDULED,60,1.0
2026-10-07T05:16:34Z,1078X21719C2,1078X,,SCHEDULED,-60,-1.0
2026-10-07T05:16:34Z,1078X19528C5,1078X,,SCHEDULED,180,3.0
2026-10-07T05:16:34Z,1078X19533C5,1078X,,SCHEDULED,240,4.0
2026-10-07T05:16:34Z,1078X19810C1,1078X,,SCHEDULED,300,5.0
2026-10-07T05:16:34Z,1078X19530C5,1078X,,SCHEDULED,180,3.0
2026-10-07T05:16:34Z,1078X20408C4b,1078X,,SCHEDULED,120,2.0
2026-10-07T05:16:34Z,1078X20406C4b,1078X,,SCHEDULED,120,2.0
2026-10-07T05:16:34Z,1078X19815C1,1078X,,SCHEDULED,0,0.0
2026-10-07T05:16:34Z,1078X19817C1,1078X,,SCHEDULED,0,0.0
2026-10-07T05:16:34Z,1078X19812C1,1078X,,SCHEDULED,0,0.0
2026-10-07T05:16:34Z,1078X19537C5,1078X,,SCHEDULED,240,4.0
2026-10-07T05:16:34Z,1078X19539C5,1078X,,SCHEDULED,60,1.0
2026-10-07T05:16:34Z,1078X19813C1,1078X,,SCHEDULED,120,2.0
2026-10-07T05:16:34Z,1078X19538C5,1078X,,SCHEDULED,180,3.0
2026-10-07T05:16:34Z,1078X20020C3,1078X,,SCHEDULED,0,0.0
2026-10-07T05:16:34Z,1078X35980C2,1078X,,SCHEDULED,60,1.0
2026-10-07T05:16:34Z,1078X20706C5,1078X,,SCHEDULED,900,15.0
2026-10-07T05:16:34Z,1078X20429C4b,1078X,,SCHEDULED,0,0.0
2026-10-07T05:16:34Z,1078X21517C2,1078X,,SCHEDULED,0,0.0
2026-10-07T05:16:34Z,1078X20427C4b,1078X,,SCHEDULED,0,0.0
2026-10-07T05:16:34Z,1078X20425C4b,1078X,,SCHEDULED,360,6.0
2026-10-07T05:16:34Z,1078X21514C2,1078X,,SCHEDULED,420,7.0
2026-10-07T05:16:34Z,1078X21513C2,1078X,,SCHEDULED,0,0.0
2026-10-07T05:16:34Z,1078X35983C2,1078X,,SCHEDULED,0,0.0
2026-10-07T05:16:34Z,1078X35981C2,1078X,,SCHEDULED,360,6.0
2026-10-07T05:16:34Z,1078X21600C2,1078X,,SCHEDULED,300,5.0
2026-10-07T05:16:34Z,1078X21204C10,1078X,,SCHEDULED,60,1.0
2026-10-07T05:16:34Z,1078X19522C5,1078X,,SCHEDULED,480,8.0
2026-10-07T05:16:34Z,1078X20232C4a,1078X,,SCHEDULED,0,0.0
2026-10-07T05:16:34Z,1078X20230C4a,1078X,,SCHEDULED,0,0.0
2026-10-07T05:16:34Z,1078X17100C8a,1078X,,SCHEDULED,0,0.0
2026-10-07T05:16:34Z,1078X21607C2,1078X,,SCHEDULED,180,3.0
2026-10-07T05:21:33Z,3078X23705C5,3078X,,SCHEDULED,0,0.0
2026-10-07T05:21:33Z,3078X23507C1,3078X,,SCHEDULED,360,6.0
2026-10-07T05:21:33Z,3078X23805C5,3078X,,SCHEDULED,0,0.0
2026-10-07T05:21:33Z,3078X23508C1,3078X,,SCHEDULED,240,4.0
2026-10-07T05:21:33Z,3078X23509C1,3078X,,SCHEDULED,780,13.0
2026-10-07T05:21:33Z,3078X23801C5,3078X,,SCHEDULED,1860,31.0
2026-10-07T05:21:33Z,3078X23703C5,3078X,,SCHEDULED,60,1.0
2026-10-07T05:21:33Z,3078X23505C1,3078X,,SCHEDULED,1020,17.0
2026-10-07T05:21:33Z,3078X23100C3,3078X,,SCHEDULED,0,0.0
2026-10-07T05:21:33Z,3078X23605C4,3078X,,SCHEDULED,840,14.0
2026-10-07T05:21:33Z,3078X23803C5,3078X,,SCHEDULED,480,8.0
2026-10-07T05:21:33Z,3078X23102C3,3078X,,SCHEDULED,60,1.0
2026-10-07T05:21:33Z,3078X23506C1,3078X,,SCHEDULED,420,7.0
2026-10-07T05:21:33Z,3078X23701C5,3078X,,SCHEDULED,1260,21.0
2026-10-07T05:21:33Z,3078X23510C1,3078X,,SCHEDULED,0,0.0
2026-10-07T05:21:33Z,3078X23515C1,3078X,,SCHEDULED,0,0.0
2026-10-07T05:21:33Z,3078X23512C1,3078X,,SCHEDULED,420,7.0
2026-10-07T05:21:33Z,3078X23513C1,3078X,,SCHEDULED,0,0.0
2026-10-07T05:21:33Z,3178X23423T1,3178X,,SCHEDULED,0,0.0
2026-10-07T05:21:33Z,3178X23205C1,3178X,,SCHEDULED,120,2.0
2026-10-07T05:21:33Z,3178X23206C1,3178X,,SCHEDULED,0,0.0
2026-10-07T05:21:33Z,3178X23204C1,3178X,,SCHEDULED,0,0.0
2026-10-07T05:21:33Z,3178X23424T1,3178X,,SCHEDULED,0,0.0
2026-10-07T05:21:33Z,3178X23270C1,3178X,,SCHEDULED,0,0.0
2026-10-07T05:21:33Z,3178X23207C1,3178X,,SCHEDULED,0,0.0
2026-10-07T05:21:33Z,3178X23208C1,3178X,,SCHEDULED,0,0.0
2026-10-07T05:21:33Z,3278X23311C1,3278X,,SCHEDULED,0,0.0
2026-10-07T05:21:33Z,3278X23304C1,3278X,,SCHEDULED,120,2.0
2026-10-07T05:21:33Z,3278X23309C1,3278X,,SCHEDULED,240,4.0
2026-10-07T05:21:33Z,3278X23153C2,3278X,,SCHEDULED,-120,-2.0
2026-10-07T05:21:33Z,3278X23306C1,3278X,,SCHEDULED,0,0.0
2026-10-07T05:21:33Z,4078X24300C6,4078X,,SCHEDULED,420,7.0
2026-10-07T05:21:33Z,4078X24004C2,4078X,,SCHEDULED,60,1.0
2026-10-07T05:21:33Z,4078X24005C2,4078X,,SCHEDULED,420,7.0
2026-10-07T05:21:33Z,4078X24302C6,4078X,,SCHEDULED,480,8.0
2026-10-07T05:21:33Z,4078X24203C1,4078X,,SCHEDULED,240,4.0
2026-10-07T05:21:33Z,4078X24204C1,4078X,,SCHEDULED,0,0.0
2026-10-07T05:21:33Z,4078X24303C6,4078X,,SCHEDULED,420,7.0
2026-10-07T05:21:33Z,4078X24007C2,4078X,,SCHEDULED,180,3.0
2026-10-07T05:21:33Z,4078X24304C6,4078X,,SCHEDULED,420,7.0
2026-10-07T05:21:33Z,4078X24206C1,4078X,,SCHEDULED,60,1.0
2026-10-07T05:21:33Z,4078X24008C2,4078X,,SCHEDULED,60,1.0
2026-10-07T05:21:33Z,4078X24283C1,4078X,,SCHEDULED,120,2.0
2026-10-07T05:21:33Z,4078X24385C6,4078X,,SCHEDULED,0,0.0
2026-10-07T05:21:33Z,4078X24011C2,4078X,,SCHEDULED,0,0.0
2026-10-07T05:21:33Z,4078X31402C3,4078X,,SCHEDULED,-120,-2.0
2026-10-07T05:21:33Z,4078X24305C6,4078X,,SCHEDULED,-60,-1.0
2026-10-07T05:21:33Z,4078X24306C6,4078X,,SCHEDULED,0,0.0
2026-10-07T05:21:33Z,4078X24009C2,4078X,,SCHEDULED,0,0.0
2026-10-07T05:21:33Z,4078X24382C6,4078X,,SCHEDULED,180,3.0
2026-10-07T05:21:33Z,4078X82000C3,4078X,,SCHEDULED,0,0.0
2026-10-07T05:21:33Z,4078X30433C6,4078X,,SCHEDULED,60,1.0
2026-10-07T05:21:33Z,4078X36404C1,4078X,,SCHEDULED,0,0.0
2026-10-07T05:21:33Z,4078X24209C1,4078X,,SCHEDULED,0,0.0
2026-10-07T05:21:33Z,4078X24291C1,4078X,,SCHEDULED,180,3.0
2026-10-07T05:21:33Z,4078X84008C2,4078X,,SCHEDULED,0,0.0
2026-10-07T05:21:33Z,4078X31456C3,4078X,,SCHEDULED,60,1.0
2026-10-07T05:21:33Z,4078X84600C5,4078X,,SCHEDULED,0,0.0
2026-10-07T05:21:33Z,5178X25603R1,5178X,,CANCELED,,
2026-10-07T05:21:33Z,5178X25480R2S,5178X,,CANCELED,,
2026-10-07T05:21:33Z,5178X77410R4,5178X,,CANCELED,,
2026-10-07T05:21:33Z,5178X25562R2S,5178X,,CANCELED,,
2026-10-07T05:21:33Z,5178X15722R11,5178X,,CANCELED,,
2026-10-07T05:21:33Z,5178X15720R11,5178X,,CANCELED,,
2026-10-07T05:21:33Z,5178X28271R2S,5178X,,CANCELED,,
2026-10-07T05:21:33Z,5178X15252RG1,5178X,,SCHEDULED,0,0.0
2026-10-07T05:21:33Z,5178X25616R1,5178X,,CANCELED,,
2026-10-07T05:21:33Z,5178X15850R11,5178X,,CANCELED,,
2026-10-07T05:21:33Z,5178X18120R16,5178X,,SCHEDULED,420,7.0
2026-10-07T05:21:33Z,5178X25608R1,5178X,,CANCELED,,
2026-10-07T05:21:33Z,5178X25607R1,5178X,,CANCELED,,
2026-10-07T05:21:33Z,5178X25609R1,5178X,,CANCELED,,
2026-10-07T05:21:33Z,5178X15000R15,5178X,,CANCELED,,
2026-10-07T05:21:33Z,5178X25600R1,5178X,,CANCELED,,
2026-10-07T05:21:33Z,5178X25404R2N,5178X,,CANCELED,,
2026-10-07T05:21:33Z,5178X25601R1,5178X,,CANCELED,,
2026-10-07T05:21:33Z,5178X25406R2N,5178X,,CANCELED,,
2026-10-07T05:21:33Z,5178X25614R1,5178X,,CANCELED,,
2026-10-07T05:21:33Z,5178X35523R3,5178X,,CANCELED,,
2026-10-07T05:21:33Z,5178X28564R2,5178X,,CANCELED,,
2026-10-07T05:21:33Z,5178X77404R4,5178X,,SCHEDULED,600,10.0
2026-10-07T05:21:33Z,5178X77802R7,5178X,,CANCELED,,
2026-10-07T05:21:33Z,5178X15852R11,5178X,,CANCELED,,
2026-10-07T05:21:33Z,5178X77406R4,5178X,,SCHEDULED,600,10.0
2026-10-07T05:21:33Z,5178X15774R11,5178X,,CANCELED,,
2026-10-07T05:21:33Z,5178X77606R4,5178X,,CANCELED,,
2026-10-07T05:21:33Z,5178X77408R4,5178X,,CANCELED,,
2026-10-07T05:21:33Z,5178X77805R7,5178X,,CANCELED,,
2026-10-07T05:21:33Z,5178X77608R4,5178X,,CANCELED,,
2026-10-07T05:21:33Z,5178X15772R11,5178X,,CANCELED,,
2026-10-07T05:21:33Z,5178X18123R16,5178X,,CANCELED,,
2026-10-07T05:21:33Z,5178X15770R11,5178X,,CANCELED,,
2026-10-07T05:21:33Z,5178X25611R1,5178X,,CANCELED,,
2026-10-07T05:21:33Z,5178X25610R1,5178X,,CANCELED,,
2026-10-07T05:21:33Z,5178X28408R2N,5178X,,CANCELED,,
2026-10-07T05:21:33Z,5178X25612R1,5178X,,CANCELED,,
2026-10-07T05:21:33Z,5178X28406R2N,5178X,,CANCELED,,
2026-10-07T05:21:33Z,5178X15900R11,5178X,,CANCELED,,
2026-10-07T05:21:33Z,5178X25507R2S,5178X,,CANCELED,,
2026-10-07T05:21:33Z,5178X25710R1,5178X,,CANCELED,,
2026-10-07T05:21:33Z,5178X25705R1,5178X,,CANCELED,,
2026-10-07T05:21:33Z,5178X25707R1,5178X,,CANCELED,,
2026-10-07T05:21:33Z,5178X25712R1,5178X,,CANCELED,,
2026-10-07T05:21:33Z,5178X25714R1,5178X,,CANCELED,,
2026-10-07T05:21:33Z,5178X28506R2,5178X,,SCHEDULED,3240,54.0
2026-10-07T05:21:33Z,5178X25706R1,5178X,,CANCELED,,
2026-10-07T05:21:33Z,5178X77980R4,5178X,,CANCELED,,
2026-10-07T05:21:33Z,5178X35502R8,5178X,,CANCELED,,
2026-10-07T05:21:33Z,5178X25709R1,5178X,,CANCELED,,
2026-10-07T05:21:33Z,5178X77982R4,5178X,,CANCELED,,
2026-10-07T05:21:33Z,5178X25708R1,5178X,,CANCELED,,
2026-10-07T05:21:33Z,5178X28466R2,5178X,,CANCELED,,
2026-10-07T05:21:33Z,5178X77984R4,5178X,,CANCELED,,
2026-10-07T05:21:33Z,5178X28269R2S,5178X,,CANCELED,,
2026-10-07T05:21:33Z,5178X25500R2S,5178X,,CANCELED,,
2026-10-07T05:21:33Z,5178X25700R1,5178X,,CANCELED,,
2026-10-07T05:21:33Z,5178X78634R8,5178X,,CANCELED,,
2026-10-07T05:21:33Z,5178X25505R2S,5178X,,SCHEDULED,180,3.0
2026-10-07T05:21:33Z,5178X25504R2S,5178X,,CANCELED,,
2026-10-07T05:21:33Z,5178X28267R2S,5178X,,CANCELED,,
2026-10-07T05:21:33Z,5178X28254R2S,5178X,,CANCELED,,
2026-10-07T05:21:33Z,5178X77502R4,5178X,,SCHEDULED,3900,65.0
2026-10-07T05:21:33Z,5178X15904R11,5178X,,CANCELED,,
2026-10-07T05:21:33Z,5178X28252R2S,5178X,,SCHEDULED,1560,26.0
2026-10-07T05:21:33Z,5178X33521RL4,5178X,,SCHEDULED,420,7.0
2026-10-07T05:21:33Z,5178X77706R4,5178X,,CANCELED,,
2026-10-07T05:21:33Z,5178X77510R4,5178X,,SCHEDULED,0,0.0
2026-10-07T05:21:33Z,5178X77508R4,5178X,,SCHEDULED,1320,22.0
2026-10-07T05:21:33Z,5178X78600R8,5178X,,SCHEDULED,720,12.0
2026-10-07T05:21:33Z,5178X25605R1,5178X,,CANCELED,,
2026-10-07T05:21:33Z,5178X78602R8,5178X,,CANCELED,,
2026-10-07T05:21:33Z,5178X15041R13,5178X,,CANCELED,,
2026-10-07T05:21:33Z,5178X77314R3,5178X,,SCHEDULED,60,1.0
2026-10-07T05:21:33Z,5178X28410R2N,5178X,,CANCELED,,
2026-10-07T05:21:33Z,5178X77316R3,5178X,,CANCELED,,
2026-10-07T05:21:33Z,5178X35518R3,5178X,,SCHEDULED,120,2.0
2026-10-07T05:21:33Z,6078X26604C3,6078X,,SCHEDULED,0,0.0
2026-10-07T05:21:33Z,6078X26010C2,6078X,,SCHEDULED,360,6.0
2026-10-07T05:21:33Z,6078X26510C3,6078X,,SCHEDULED,60,1.0
2026-10-07T05:21:33Z,6078X26012C2,6078X,,SCHEDULED,0,0.0
2026-10-07T05:21:33Z,6078X71570C4,6078X,,SCHEDULED,0,0.0
2026-10-07T05:21:33Z,6078X71571C4,6078X,,SCHEDULED,180,3.0
2026-10-07T05:21:33Z,6078X26111C1,6078X,,SCHEDULED,0,0.0
2026-10-07T05:21:33Z,6078X26009C2,6078X,,SCHEDULED,240,4.0
2026-10-07T05:21:33Z,6078X26110C1,6078X,,SCHEDULED,120,2.0
2026-10-07T05:21:33Z,6078X71580C5,6078X,,SCHEDULED,0,0.0
2026-10-07T05:21:33Z,6078X26011C2,6078X,,SCHEDULED,240,4.0
2026-10-07T05:21:33Z,6078X71507C4,6078X,,SCHEDULED,60,1.0
2026-10-07T05:21:33Z,6078X26508C3,6078X,,SCHEDULED,180,3.0
2026-10-07T05:21:33Z,6078X71505C4,6078X,,SCHEDULED,-60,-1.0
2026-10-07T05:21:33Z,6078X71504C4,6078X,,SCHEDULED,60,1.0
2026-10-07T05:21:33Z,6078X26507C3,6078X,,SCHEDULED,0,0.0
2026-10-07T05:21:33Z,6078X26509C3,6078X,,SCHEDULED,180,3.0
2026-10-07T05:21:33Z,6078X71502C4,6078X,,SCHEDULED,-60,-1.0
2026-10-07T05:21:33Z,6078X26511C3,6078X,,SCHEDULED,0,0.0
2026-10-07T05:21:33Z,6078X26113C1,6078X,,SCHEDULED,0,0.0
2026-10-07T05:21:33Z,6078X26112C1,6078X,,SCHEDULED,0,0.0
2026-10-07T05:21:33Z,6078X26013C2,6078X,,SCHEDULED,0,0.0
2026-10-07T05:21:33Z,6178X35613C1,6178X,,SCHEDULED,900,15.0
2026-10-07T05:21:33Z,6178X35665C1,6178X,,SCHEDULED,60,1.0
2026-10-07T05:21:33Z,6178X35615C1,6178X,,SCHEDULED,0,0.0
2026-10-07T05:21:33Z,6178X35616C1,6178X,,SCHEDULED,0,0.0
2026-10-07T05:21:33Z,6278X71355C3,6278X,,SCHEDULED,0,0.0
2026-10-07T05:21:33Z,6278X71106C2,6278X,,CANCELED,,
2026-10-07T05:21:33Z,6278X26905C1,6278X,,SCHEDULED,60,1.0
2026-10-07T05:21:33Z,6278X71300C3,6278X,,SCHEDULED,0,0.0
2026-10-07T05:21:33Z,6278X71840C3,6278X,,SCHEDULED,-120,-2.0
2026-10-07T05:21:33Z,6278X26907C1,6278X,,SCHEDULED,180,3.0
2026-10-07T05:21:33Z,6278X71154C2,6278X,,SCHEDULED,1080,18.0
2026-10-07T05:21:33Z,6278X71151C2,6278X,,SCHEDULED,360,6.0
2026-10-07T05:21:33Z,6278X26904C1,6278X,,SCHEDULED,0,0.0
2026-10-07T05:21:33Z,6278X71350C3,6278X,,SCHEDULED,-120,-2.0
2026-10-07T05:21:33Z,6278X71153C2,6278X,,SCHEDULED,0,0.0
2026-10-07T05:21:33Z,6278X71107C2,6278X,,CANCELED,,
2026-10-07T05:21:33Z,4678X70150C1,4678X,,SCHEDULED,0,0.0
2026-10-07T05:21:33Z,4678X70051C1,4678X,,SCHEDULED,0,0.0
2026-10-07T05:21:33Z,4778X71090C1,4778X,,SCHEDULED,0,0.0
2026-10-07T05:21:33Z,4778X71051C1,4778X,,SCHEDULED,0,0.0
2026-10-07T05:21:33Z,2078X70404C5,2078X,,SCHEDULED,0,0.0
2026-10-07T05:21:33Z,2078X70206C4,2078X,,SCHEDULED,540,9.0
2026-10-07T05:21:33Z,2078X22307C3,2078X,,SCHEDULED,120,2.0
2026-10-07T05:21:33Z,2078X70563C5a,2078X,,SCHEDULED,60,1.0
2026-10-07T05:21:33Z,2078X70903C8,2078X,,SCHEDULED,0,0.0
2026-10-07T05:21:33Z,2078X70301C4,2078X,,SCHEDULED,0,0.0
2026-10-07T05:21:33Z,2078X70507C7,2078X,,SCHEDULED,0,0.0
2026-10-07T05:21:33Z,2078X70300C4,2078X,,SCHEDULED,120,2.0
2026-10-07T05:21:33Z,2078X70803C6,2078X,,SCHEDULED,240,4.0
2026-10-07T05:21:33Z,2078X22100C1,2078X,,SCHEDULED,240,4.0
2026-10-07T05:21:33Z,2078X70902C8,2078X,,SCHEDULED,960,16.0
2026-10-07T05:21:33Z,2078X22001C1,2078X,,SCHEDULED,120,2.0
2026-10-07T05:21:33Z,2078X22102C1,2078X,,SCHEDULED,180,3.0
2026-10-07T05:21:33Z,2078X70506C7,2078X,,SCHEDULED,240,4.0
2026-10-07T05:21:33Z,2078X22003C1,2078X,,SCHEDULED,0,0.0
2026-10-07T05:21:33Z,2078X22008C1,2078X,,CANCELED,,
2026-10-07T05:21:33Z,2078X22004C1,2078X,,SCHEDULED,120,2.0
2026-10-07T05:21:33Z,2078X22206C2,2078X,,SCHEDULED,60,1.0
2026-10-07T05:21:33Z,2078X70402C5,2078X,,SCHEDULED,0,0.0
2026-10-07T05:21:33Z,2078X22005C1,2078X,,SCHEDULED,0,0.0
2026-10-07T05:21:33Z,2078X22306C3,2078X,,SCHEDULED,0,0.0
2026-10-07T05:21:33Z,2078X22203C2,2078X,,SCHEDULED,240,4.0
2026-10-07T05:21:33Z,2078X70302C4,2078X,,SCHEDULED,660,11.0
2026-10-07T05:21:33Z,2078X22302C3,2078X,,SCHEDULED,480,8.0
2026-10-07T05:21:33Z,2078X70401C5,2078X,,SCHEDULED,120,2.0
2026-10-07T05:21:33Z,2078X22006C1,2078X,,SCHEDULED,480,8.0
2026-10-07T05:21:33Z,2078X70853C6,2078X,,SCHEDULED,180,3.0
2026-10-07T05:21:33Z,2078X70756C6,2078X,,SCHEDULED,1860,31.0
2026-10-07T05:21:33Z,2078X22007C1,2078X,,SCHEDULED,0,0.0
2026-10-07T05:21:33Z,2078X22205C2,2078X,,SCHEDULED,0,0.0
2026-10-07T05:21:33Z,2078X22304C3,2078X,,SCHEDULED,420,7.0
2026-10-07T05:21:33Z,2078X70855C6,2078X,,SCHEDULED,0,0.0
2026-10-07T05:21:33Z,2078X70850C6,2078X,,SCHEDULED,780,13.0
2026-10-07T05:21:33Z,2078X70251C4,2078X,,SCHEDULED,120,2.0
2026-10-07T05:21:33Z,2078X70250C4,2078X,,SCHEDULED,240,4.0
2026-10-07T05:21:33Z,2078X22311C3,2078X,,SCHEDULED,0,0.0
2026-10-07T05:21:33Z,2078X22313C3,2078X,,SCHEDULED,0,0.0
2026-10-07T05:21:33Z,2078X70904C8,2078X,,SCHEDULED,0,0.0
2026-10-07T05:21:33Z,2078X70505C7,2078X,,SCHEDULED,300,5.0
2026-10-07T05:21:33Z,2078X70901C8,2078X,,SCHEDULED,840,14.0
2026-10-07T05:21:33Z,2078X70504C7,2078X,,SCHEDULED,1140,19.0
2026-10-07T05:21:33Z,4178X84902C2,4178X,,SCHEDULED,60,1.0
2026-10-07T05:21:33Z,4178X32801C3,4178X,,SCHEDULED,420,7.0
2026-10-07T05:21:33Z,4178X32800C3,4178X,,SCHEDULED,540,9.0
2026-10-07T05:21:33Z,4178X84901C2,4178X,,SCHEDULED,4860,81.0
2026-10-07T05:21:33Z,4178X84903C2,4178X,,SCHEDULED,0,0.0
2026-10-07T05:21:33Z,4178X24702C1,4178X,,SCHEDULED,780,13.0
2026-10-07T05:21:33Z,4178X24701C1,4178X,,SCHEDULED,240,4.0
2026-10-07T05:21:33Z,4178X84900C2,4178X,,SCHEDULED,4560,76.0
2026-10-07T05:21:33Z,4178X24704C1,4178X,,SCHEDULED,0,0.0
2026-10-07T05:21:33Z,4178X24703C1,4178X,,SCHEDULED,480,8.0
2026-10-07T05:21:33Z,4178X24705C1,4178X,,SCHEDULED,0,0.0
2026-10-07T05:21:33Z,4178X24700C1,4178X,,SCHEDULED,840,14.0
2026-10-07T05:21:33Z,4578X71600C1,4578X,,SCHEDULED,60,1.0
2026-10-07T05:21:33Z,4578X71605C1,4578X,,SCHEDULED,0,0.0
2026-10-07T05:21:33Z,4578X71603C1,4578X,,SCHEDULED,300,5.0
2026-10-07T05:21:33Z,4578X71602C1,4578X,,SCHEDULED,0,0.0
2026-10-07T05:21:33Z,7078X31502C1,7078X,,SCHEDULED,0,0.0
2026-10-07T05:21:33Z,7078X31505C1,7078X,,SCHEDULED,0,0.0
2026-10-07T05:21:33Z,1078X20415C4b,1078X,,SCHEDULED,660,11.0
2026-10-07T05:21:33Z,1078X20018C3,1078X,,SCHEDULED,0,0.0
2026-10-07T05:21:33Z,1078X20414C4b,1078X,,CANCELED,,
2026-10-07T05:21:33Z,1078X21106C10,1078X,,SCHEDULED,120,2.0
2026-10-07T05:21:33Z,1078X20017C3,1078X,,SCHEDULED,0,0.0
2026-10-07T05:21:33Z,1078X36202C10,1078X,,SCHEDULED,240,4.0
2026-10-07T05:21:33Z,1078X21182C10,1078X,,SCHEDULED,0,0.0
2026-10-07T05:21:33Z,1078X20423C4b,1078X,,SCHEDULED,540,9.0
2026-10-07T05:21:33Z,1078X21512C2,1078X,,SCHEDULED,660,11.0
2026-10-07T05:21:33Z,1078X20422C4b,1078X,,SCHEDULED,0,0.0
2026-10-07T05:21:33Z,1078X21511C2,1078X,,SCHEDULED,60,1.0
2026-10-07T05:21:33Z,1078X19557C5,1078X,,SCHEDULED,240,4.0
2026-10-07T05:21:33Z,1078X21510C2,1078X,,SCHEDULED,600,10.0
2026-10-07T05:21:33Z,1078X20421C4b,1078X,,SCHEDULED,240,4.0
2026-10-07T05:21:33Z,1078X19556C5,1078X,,SCHEDULED,0,0.0
2026-10-07T05:21:33Z,1078X20420C4b,1078X,,SCHEDULED,0,0.0
2026-10-07T05:21:33Z,1078X20023C3,1078X,,SCHEDULED,0,0.0
2026-10-07T05:21:33Z,1078X19551C5,1078X,,SCHEDULED,120,2.0
2026-10-07T05:21:33Z,1078X19550C5,1078X,,SCHEDULED,120,2.0
2026-10-07T05:21:33Z,1078X19564C5,1078X,,SCHEDULED,0,0.0
2026-10-07T05:21:33Z,1078X19563C5,1078X,,SCHEDULED,0,0.0
2026-10-07T05:21:33Z,1078X21806C7,1078X,,SCHEDULED,120,2.0
2026-10-07T05:21:33Z,1078X19560C5,1078X,,SCHEDULED,0,0.0
2026-10-07T05:21:33Z,1078X20715C5,1078X,,SCHEDULED,120,2.0
2026-10-07T05:21:33Z,1078X20714C5,1078X,,SCHEDULED,240,4.0
2026-10-07T05:21:33Z,1078X21007C8a,1078X,,SCHEDULED,0,0.0
2026-10-07T05:21:33Z,1078X20710C5,1078X,,SCHEDULED,420,7.0
2026-10-07T05:21:33Z,1078X19569C5,1078X,,SCHEDULED,0,0.0
2026-10-07T05:21:33Z,1078X20720C5,1078X,,SCHEDULED,0,0.0
2026-10-07T05:21:33Z,1078X19573C5,1078X,,SCHEDULED,0,0.0
2026-10-07T05:21:33Z,1078X21817C7,1078X,,SCHEDULED,60,1.0
2026-10-07T05:21:33Z,1078X20606C8b,1078X,,SCHEDULED,60,1.0
2026-10-07T05:21:33Z,1078X20727C5,1078X,,SCHEDULED,240,4.0
2026-10-07T05:21:33Z,1078X20605C8b,1078X,,SCHEDULED,360,6.0
2026-10-07T05:21:33Z,1078X21815C7,1078X,,SCHEDULED,180,3.0
2026-10-07T05:21:33Z,1078X20726C5,1078X,,SCHEDULED,60,1.0
2026-10-07T05:21:33Z,1078X20604C8b,1078X,,SCHEDULED,180,3.0
2026-10-07T05:21:33Z,1078X20603C8b,1078X,,SCHEDULED,180,3.0
2026-10-07T05:21:33Z,1078X21813C7,1078X,,SCHEDULED,180,3.0
2026-10-07T05:21:33Z,1078X20230C4a,1078X,,SCHEDULED,0,0.0
2026-10-07T05:21:33Z,1078X17100C8a,1078X,,SCHEDULED,0,0.0
2026-10-07T05:21:33Z,1078X20723C5,1078X,,SCHEDULED,240,4.0
2026-10-07T05:21:33Z,1078X21607C2,1078X,,SCHEDULED,240,4.0
2026-10-07T05:21:33Z,1078X21602C2,1078X,,SCHEDULED,0,0.0
2026-10-07T05:21:33Z,1078X21206C10,1078X,,SCHEDULED,0,0.0
2026-10-07T05:21:33Z,1078X20602C8b,1078X,,SCHEDULED,600,10.0
2026-10-07T05:21:33Z,1078X20754C5,1078X,,CANCELED,,
2026-10-07T05:21:33Z,1078X21719C2,1078X,,SCHEDULED,180,3.0
2026-10-07T05:21:33Z,1078X19528C5,1078X,,SCHEDULED,120,2.0
2026-10-07T05:21:33Z,1078X21811C7,1078X,,SCHEDULED,420,7.0
2026-10-07T05:21:33Z,1078X19810C1,1078X,,SCHEDULED,600,10.0
2026-10-07T05:21:33Z,1078X21810C7,1078X,,SCHEDULED,0,0.0
2026-10-07T05:21:33Z,1078X19530C5,1078X,,SCHEDULED,180,3.0
2026-10-07T05:21:33Z,1078X20408C4b,1078X,,SCHEDULED,180,3.0
2026-10-07T05:21:33Z,1078X21808C7,1078X,,SCHEDULED,60,1.0
2026-10-07T05:21:33Z,1078X19815C1,1078X,,SCHEDULED,0,0.0
2026-10-07T05:21:33Z,1078X20719C5,1078X,,SCHEDULED,180,3.0
2026-10-07T05:21:33Z,1078X19817C1,1078X,,SCHEDULED,0,0.0
2026-10-07T05:21:33Z,1078X35809C7,1078X,,SCHEDULED,180,3.0
2026-10-07T05:21:33Z,1078X19544C5,1078X,,SCHEDULED,60,1.0
2026-10-07T05:21:33Z,1078X20016C3,1078X,,SCHEDULED,60,1.0
2026-10-07T05:21:33Z,1078X19812C1,1078X,,SCHEDULED,0,0.0
2026-10-07T05:21:33Z,1078X20412C4b,1078X,,SCHEDULED,360,6.0
2026-10-07T05:21:33Z,1078X20015C3,1078X,,SCHEDULED,240,4.0
2026-10-07T05:21:33Z,1078X20014C3,1078X,,SCHEDULED,300,5.0
2026-10-07T05:21:33Z,1078X19537C5,1078X,,SCHEDULED,240,4.0
2026-10-07T05:21:33Z,1078X20410C4b,1078X,,SCHEDULED,120,2.0
2026-10-07T05:21:33Z,1078X19814C1,1078X,,SCHEDULED,0,0.0
2026-10-07T05:21:33Z,1078X19545C5,1078X,,SCHEDULED,2400,40.0
2026-10-07T05:21:33Z,1078X19539C5,1078X,,SCHEDULED,180,3.0
2026-10-07T05:21:33Z,1078X20133C3,1078X,,SCHEDULED,0,0.0
2026-10-07T05:21:33Z,1078X19813C1,1078X,,SCHEDULED,60,1.0
2026-10-07T05:21:33Z,1078X19538C5,1078X,,SCHEDULED,60,1.0
2026-10-07T05:21:33Z,1078X20021C3,1078X,,SCHEDULED,0,0.0
2026-10-07T05:21:33Z,1078X20731C5,1078X,,SCHEDULED,360,6.0
2026-10-07T05:21:33Z,1078X21110C10,1078X,,SCHEDULED,360,6.0
2026-10-07T05:21:33Z,1078X20020C3,1078X,,SCHEDULED,0,0.0
2026-10-07T05:21:33Z,1078X35980C2,1078X,,SCHEDULED,360,6.0
2026-10-07T05:21:33Z,1078X20730C5,1078X,,CANCELED,,
2026-10-07T05:21:33Z,1078X20739C5,1078X,,SCHEDULED,0,0.0
2026-10-07T05:21:33Z,1078X20429C4b,1078X,,SCHEDULED,0,0.0
2026-10-07T05:21:33Z,1078X21706C2,1078X,,SCHEDULED,780,13.0
2026-10-07T05:21:33Z,1078X20737C5,1078X,,SCHEDULED,0,0.0
2026-10-07T05:21:33Z,1078X21309C10,1078X,,SCHEDULED,120,2.0
2026-10-07T05:21:33Z,1078X21517C2,1078X,,SCHEDULED,0,0.0
2026-10-07T05:21:33Z,1078X20427C4b,1078X,,SCHEDULED,120,2.0
2026-10-07T05:21:33Z,1078X21308C10,1078X,,SCHEDULED,300,5.0
2026-10-07T05:21:33Z,1078X20219C4a,1078X,,SCHEDULED,60,1.0
2026-10-07T05:21:33Z,1078X21516C2,1078X,,SCHEDULED,540,9.0
2026-10-07T05:21:33Z,1078X21307C10,1078X,,SCHEDULED,300,5.0
2026-10-07T05:21:33Z,1078X20218C4a,1078X,,SCHEDULED,0,0.0
2026-10-07T05:21:33Z,1078X20734C5,1078X,,SCHEDULED,60,1.0
2026-10-07T05:21:33Z,1078X21306C10,1078X,,SCHEDULED,360,6.0
2026-10-07T05:21:33Z,1078X20217C4a,1078X,,SCHEDULED,180,3.0
2026-10-07T05:21:33Z,1078X20425C4b,1078X,,SCHEDULED,300,5.0
2026-10-07T05:21:33Z,1078X20225C4a,1078X,,SCHEDULED,360,6.0
2026-10-07T05:21:33Z,1078X20224C4a,1078X,,SCHEDULED,60,1.0
2026-10-07T05:21:33Z,1078X21514C2,1078X,,SCHEDULED,240,4.0
2026-10-07T05:21:33Z,1078X20223C4a,1078X,,SCHEDULED,480,8.0
2026-10-07T05:21:33Z,1078X20740C5,1078X,,SCHEDULED,0,0.0
2026-10-07T05:21:33Z,1078X21311C10,1078X,,SCHEDULED,0,0.0
2026-10-07T05:21:33Z,1078X20222C4a,1078X,,SCHEDULED,120,2.0
2026-10-07T05:21:33Z,1078X21310C10,1078X,,SCHEDULED,0,0.0
2026-10-07T05:21:33Z,1078X20221C4a,1078X,,SCHEDULED,60,1.0
2026-10-07T05:21:33Z,1078X21513C2,1078X,,SCHEDULED,0,0.0
2026-10-07T05:21:33Z,1078X35983C2,1078X,,SCHEDULED,0,0.0
2026-10-07T05:21:33Z,1078X35981C2,1078X,,SCHEDULED,660,11.0
2026-10-07T05:21:33Z,1078X20220C4a,1078X,,SCHEDULED,0,0.0
2026-10-07T05:21:33Z,1078X21600C2,1078X,,SCHEDULED,360,6.0
2026-10-07T05:21:33Z,1078X20748C5,1078X,,SCHEDULED,0,0.0
2026-10-07T05:21:33Z,1078X21204C10,1078X,,SCHEDULED,180,3.0
2026-10-07T05:21:33Z,1078X19522C5,1078X,,SCHEDULED,540,9.0
2026-10-07T05:21:33Z,1078X20229C4a,1078X,,SCHEDULED,0,0.0
2026-10-07T05:21:33Z,1078X20745C5,1078X,,SCHEDULED,0,0.0
2026-10-07T05:21:33Z,1078X20232C4a,1078X,,SCHEDULED,0,0.0
2026-10-07T05:21:33Z,1078X20228C4a,1078X,,SCHEDULED,120,2.0
2026-10-07T05:21:33Z,1078X20231C4a,1078X,,SCHEDULED,0,0.0
2026-10-07T05:21:33Z,1078X19540C5,1078X,,SCHEDULED,60,1.0
2026-10-07T05:21:33Z,1078X20012C3,1078X,,SCHEDULED,60,1.0
2026-10-07T05:21:33Z,1078X20011C3,1078X,,SCHEDULED,60,1.0
2026-10-07T05:21:33Z,1078X20227C4a,1078X,,SCHEDULED,0,0.0
2026-10-07T05:21:33Z,1078X20131C3,1078X,,SCHEDULED,0,0.0
2026-10-07T05:21:33Z,1078X20226C4a,1078X,,SCHEDULED,180,3.0
2026-10-07T05:21:33Z,1078X20010C3,1078X,,SCHEDULED,240,4.0
2026-10-07T05:21:33Z,1078X19518C5,1078X,,SCHEDULED,720,12.0
2026-10-07T05:21:33Z,1078X21186C10,1078X,,SCHEDULED,0,0.0
2026-10-07T05:21:33Z,1078X19541C5,1078X,,SCHEDULED,0,0.0
2026-10-07T05:21:33Z,1078X21006C8a,1078X,,SCHEDULED,240,4.0
2026-10-07T05:21:33Z,1078X21522C2,1078X,,SCHEDULED,0,0.0
2026-10-07T05:21:33Z,1078X35991C2,1078X,,SCHEDULED,240,4.0
2026-10-07T05:21:33Z,1078X19565C5,1078X,,SCHEDULED,0,0.0
2026-10-07T05:21:33Z,1078X21509C2,1078X,,SCHEDULED,120,2.0
2026-10-07T05:21:33Z,1078X21004C8a,1078X,,SCHEDULED,0,0.0
2026-10-07T05:21:33Z,1078X20431C4b,1078X,,SCHEDULED,0,0.0
2026-10-07T05:21:33Z,1078X21520C2,1078X,,SCHEDULED,240,4.0
2026-10-07T05:21:33Z,1078X21003C8a,1078X,,SCHEDULED,300,5.0
2026-10-07T05:21:33Z,1078X20419C4b,1078X,,SCHEDULED,60,1.0
2026-10-07T05:21:33Z,1078X21508C2,1078X,,SCHEDULED,1200,20.0
2026-10-07T05:21:33Z,1078X20418C4b,1078X,,SCHEDULED,120,2.0
2026-10-07T05:21:33Z,1078X20417C4b,1078X,,SCHEDULED,120,2.0
2026-10-07T05:21:33Z,1078X20416C4b,1078X,,SCHEDULED,120,2.0
2026-10-07T05:21:33Z,1078X21505C2,1078X,,SCHEDULED,300,5.0
2026-10-07T05:21:33Z,1078X20019C3,1078X,,SCHEDULED,60,1.0
2026-10-07T05:21:33Z,1078X21108C10,1078X,,SCHEDULED,0,0.0
2026-10-07T05:31:49Z,2078X22206C2,2078X,,SCHEDULED,540,9.0
2026-10-07T05:31:49Z,2078X70852C6,2078X,,SCHEDULED,0,0.0
2026-10-07T05:31:49Z,2078X70203C4,2078X,,SCHEDULED,1020,17.0
2026-10-07T05:31:49Z,2078X70404C5,2078X,,SCHEDULED,480,8.0
2026-10-07T05:31:49Z,2078X70206C4,2078X,,SCHEDULED,0,0.0
2026-10-07T05:31:49Z,2078X70800C6,2078X,,SCHEDULED,60,1.0
2026-10-07T05:31:49Z,2078X70403C5,2078X,,SCHEDULED,60,1.0
2026-10-07T05:31:49Z,2078X70563C5a,2078X,,SCHEDULED,0,0.0
2026-10-07T05:31:49Z,2078X70855C6,2078X,,SCHEDULED,60,1.0
2026-10-07T05:31:49Z,2078X22003C1,2078X,,SCHEDULED,240,4.0
2026-10-07T05:31:49Z,2078X22004C1,2078X,,SCHEDULED,180,3.0
2026-10-07T05:31:49Z,2078X70850C6,2078X,,SCHEDULED,900,15.0
2026-10-07T05:31:49Z,2078X70251C4,2078X,,SCHEDULED,720,12.0
2026-10-07T05:31:49Z,2078X22005C1,2078X,,SCHEDULED,0,0.0
2026-10-07T05:31:49Z,2078X70250C4,2078X,,SCHEDULED,420,7.0
2026-10-07T05:31:49Z,2078X22203C2,2078X,,SCHEDULED,300,5.0
2026-10-07T05:31:49Z,2078X70756C6,2078X,,SCHEDULED,2460,41.0
2026-10-07T05:31:49Z,2078X22311C3,2078X,,SCHEDULED,0,0.0
2026-10-07T05:31:49Z,2078X22010C1,2078X,,SCHEDULED,0,0.0
2026-10-07T05:31:49Z,2078X70802C6,2078X,,SCHEDULED,0,0.0
2026-10-07T05:31:49Z,2078X22313C3,2078X,,SCHEDULED,0,0.0
2026-10-07T05:31:49Z,2078X70301C4,2078X,,SCHEDULED,0,0.0
2026-10-07T05:31:49Z,2078X70904C8,2078X,,SCHEDULED,0,0.0
2026-10-07T05:31:49Z,2078X70300C4,2078X,,SCHEDULED,1860,31.0
2026-10-07T05:31:49Z,2078X70505C7,2078X,,SCHEDULED,60,1.0
2026-10-07T05:31:49Z,2078X22304C3,2078X,,SCHEDULED,1020,17.0
2026-10-07T05:31:49Z,2078X70208C4,2078X,,SCHEDULED,0,0.0
2026-10-07T05:31:49Z,2078X70803C6,2078X,,SCHEDULED,120,2.0
2026-10-07T05:31:49Z,2078X70901C8,2078X,,SCHEDULED,1020,17.0
2026-10-07T05:31:49Z,2078X22306C3,2078X,,SCHEDULED,0,0.0
2026-10-07T05:31:49Z,2078X70302C4,2078X,,SCHEDULED,480,8.0
2026-10-07T05:31:49Z,2078X70504C7,2078X,,SCHEDULED,1740,29.0
2026-10-07T05:31:49Z,2078X22109C1,2078X,,SCHEDULED,0,0.0
2026-10-07T05:31:49Z,2078X22307C3,2078X,,SCHEDULED,240,4.0
2026-10-07T05:31:49Z,2078X70903C8,2078X,,SCHEDULED,0,0.0
2026-10-07T05:31:49Z,2078X22006C1,2078X,,SCHEDULED,720,12.0
2026-10-07T05:31:49Z,2078X70507C7,2078X,,SCHEDULED,300,5.0
2026-10-07T05:31:49Z,2078X22007C1,2078X,,SCHEDULED,0,0.0
2026-10-07T05:31:49Z,2078X70902C8,2078X,,SCHEDULED,1020,17.0
2026-10-07T05:31:49Z,2078X22205C2,2078X,,SCHEDULED,0,0.0
2026-10-07T05:31:49Z,2078X70506C7,2078X,,SCHEDULED,120,2.0
2026-10-07T05:31:49Z,2078X70853C6,2078X,,SCHEDULED,840,14.0
2026-10-07T05:31:49Z,2078X22008C1,2078X,,SCHEDULED,60,1.0
2026-10-07T05:31:49Z,4178X84902C2,4178X,,SCHEDULED,660,11.0
2026-10-07T05:31:49Z,4178X32801C3,4178X,,SCHEDULED,0,0.0
2026-10-07T05:31:49Z,4178X32800C3,4178X,,SCHEDULED,1140,19.0
2026-10-07T05:31:49Z,4178X84901C2,4178X,,SCHEDULED,5460,91.0
2026-10-07T05:31:49Z,4178X84903C2,4178X,,SCHEDULED,360,6.0
2026-10-07T05:31:49Z,4178X24702C1,4178X,,SCHEDULED,900,15.0
2026-10-07T05:31:49Z,4178X84900C2,4178X,,SCHEDULED,5160,86.0
2026-10-07T05:31:49Z,4178X24704C1,4178X,,SCHEDULED,180,3.0
2026-10-07T05:31:49Z,4178X24703C1,4178X,,SCHEDULED,540,9.0
2026-10-07T05:31:49Z,4178X24705C1,4178X,,SCHEDULED,60,1.0
2026-10-07T05:31:49Z,4178X24751C1,4178X,,SCHEDULED,0,0.0
2026-10-07T05:31:49Z,4578X71600C1,4578X,,SCHEDULED,120,2.0
2026-10-07T05:31:49Z,4578X71603C1,4578X,,SCHEDULED,300,5.0
2026-10-07T05:31:49Z,4578X71602C1,4578X,,SCHEDULED,0,0.0
2026-10-07T05:31:49Z,4578X71605C1,4578X,,SCHEDULED,0,0.0
2026-10-07T05:31:49Z,7078X31502C1,7078X,,SCHEDULED,600,10.0
2026-10-07T05:31:49Z,7078X31504C1,7078X,,SCHEDULED,0,0.0
2026-10-07T05:31:49Z,7078X31507C1,7078X,,SCHEDULED,0,0.0
2026-10-07T05:31:49Z,7078X31505C1,7078X,,SCHEDULED,0,0.0
2026-10-07T05:31:49Z,1078X20012C3,1078X,,SCHEDULED,60,1.0
2026-10-07T05:31:49Z,1078X20131C3,1078X,,SCHEDULED,0,0.0
2026-10-07T05:31:49Z,1078X21186C10,1078X,,SCHEDULED,420,7.0
2026-10-07T05:31:49Z,1078X19541C5,1078X,,SCHEDULED,0,0.0
2026-10-07T05:31:49Z,1078X35991C2,1078X,,SCHEDULED,240,4.0
2026-10-07T05:31:49Z,1078X21509C2,1078X,,SCHEDULED,60,1.0
2026-10-07T05:31:49Z,1078X20419C4b,1078X,,SCHEDULED,0,0.0
2026-10-07T05:31:49Z,1078X21806C7,1078X,,SCHEDULED,60,1.0
2026-10-07T05:31:49Z,1078X19560C5,1078X,,SCHEDULED,0,0.0
2026-10-07T05:31:49Z,1078X20418C4b,1078X,,SCHEDULED,120,2.0
2026-10-07T05:31:49Z,1078X20715C5,1078X,,SCHEDULED,240,4.0
2026-10-07T05:31:49Z,1078X20416C4b,1078X,,SCHEDULED,60,1.0
2026-10-07T05:31:49Z,1078X21804C7,1078X,,SCHEDULED,540,9.0
2026-10-07T05:31:49Z,1078X21505C2,1078X,,SCHEDULED,540,9.0
2026-10-07T05:31:49Z,1078X21008C8a,1078X,,SCHEDULED,-60,-1.0
2026-10-07T05:31:49Z,1078X20019C3,1078X,,SCHEDULED,120,2.0
2026-10-07T05:31:49Z,1078X21108C10,1078X,,SCHEDULED,60,1.0
2026-10-07T05:31:49Z,1078X20018C3,1078X,,SCHEDULED,240,4.0
2026-10-07T05:31:49Z,1078X21106C10,1078X,,SCHEDULED,0,0.0
2026-10-07T05:31:49Z,1078X21007C8a,1078X,,SCHEDULED,0,0.0
2026-10-07T05:31:49Z,1078X20017C3,1078X,,SCHEDULED,240,4.0
2026-10-07T05:31:49Z,1078X19569C5,1078X,,SCHEDULED,0,0.0
2026-10-07T05:31:49Z,1078X36202C10,1078X,,SCHEDULED,420,7.0
2026-10-07T05:31:49Z,1078X20720C5,1078X,,SCHEDULED,0,0.0
2026-10-07T05:31:49Z,1078X21182C10,1078X,,SCHEDULED,0,0.0
2026-10-07T05:31:49Z,1078X19579C5,1078X,,SCHEDULED,0,0.0
2026-10-07T05:31:49Z,1078X21512C2,1078X,,SCHEDULED,1020,17.0
2026-10-07T05:31:49Z,1078X20422C4b,1078X,,SCHEDULED,120,2.0
2026-10-07T05:31:49Z,1078X19573C5,1078X,,SCHEDULED,0,0.0
2026-10-07T05:31:49Z,1078X21817C7,1078X,,SCHEDULED,0,0.0
2026-10-07T05:31:49Z,1078X20025C3,1078X,,SCHEDULED,0,0.0
2026-10-07T05:31:49Z,1078X20606C8b,1078X,,SCHEDULED,120,2.0
2026-10-07T05:31:49Z,1078X19557C5,1078X,,SCHEDULED,180,3.0
2026-10-07T05:31:49Z,1078X20421C4b,1078X,,SCHEDULED,180,3.0
2026-10-07T05:31:49Z,1078X20727C5,1078X,,SCHEDULED,360,6.0
2026-10-07T05:31:49Z,1078X20605C8b,1078X,,SCHEDULED,660,11.0
2026-10-07T05:31:49Z,1078X19556C5,1078X,,SCHEDULED,180,3.0
2026-10-07T05:31:49Z,1078X21815C7,1078X,,SCHEDULED,60,1.0
2026-10-07T05:31:49Z,1078X20420C4b,1078X,,SCHEDULED,540,9.0
2026-10-07T05:31:49Z,1078X20023C3,1078X,,SCHEDULED,0,0.0
2026-10-07T05:31:49Z,1078X20726C5,1078X,,SCHEDULED,60,1.0
2026-10-07T05:31:49Z,1078X19570C5,1078X,,SCHEDULED,0,0.0
2026-10-07T05:31:49Z,1078X20604C8b,1078X,,SCHEDULED,0,0.0
2026-10-07T05:31:49Z,1078X20603C8b,1078X,,SCHEDULED,60,1.0
2026-10-07T05:31:49Z,1078X19551C5,1078X,,SCHEDULED,120,2.0
2026-10-07T05:31:49Z,1078X20022C3,1078X,,SCHEDULED,0,0.0
2026-10-07T05:31:49Z,1078X21813C7,1078X,,SCHEDULED,300,5.0
2026-10-07T05:31:49Z,1078X19550C5,1078X,,SCHEDULED,0,0.0
2026-10-07T05:31:49Z,1078X20723C5,1078X,,SCHEDULED,240,4.0
2026-10-07T05:31:49Z,1078X20021C3,1078X,,SCHEDULED,0,0.0
2026-10-07T05:31:49Z,1078X20602C8b,1078X,,SCHEDULED,300,5.0
2026-10-07T05:31:49Z,1078X21110C10,1078X,,SCHEDULED,1020,17.0
2026-10-07T05:31:49Z,1078X20020C3,1078X,,SCHEDULED,0,0.0
2026-10-07T05:31:49Z,1078X21811C7,1078X,,SCHEDULED,300,5.0
2026-10-07T05:31:49Z,1078X35980C2,1078X,,SCHEDULED,420,7.0
2026-10-07T05:31:49Z,1078X20429C4b,1078X,,SCHEDULED,0,0.0
2026-10-07T05:31:49Z,1078X21810C7,1078X,,SCHEDULED,0,0.0
2026-10-07T05:31:49Z,1078X17100C8a,1078X,,SCHEDULED,0,0.0
2026-10-07T05:31:49Z,1078X21808C7,1078X,,SCHEDULED,240,4.0
2026-10-07T05:31:49Z,1078X21607C2,1078X,,SCHEDULED,300,5.0
2026-10-07T05:31:49Z,1078X20758C5,1078X,,SCHEDULED,0,0.0
2026-10-07T05:31:49Z,1078X20719C5,1078X,,SCHEDULED,240,4.0
2026-10-07T05:31:49Z,1078X21208C10,1078X,,SCHEDULED,0,0.0
2026-10-07T05:31:49Z,1078X19544C5,1078X,,SCHEDULED,60,1.0
2026-10-07T05:31:49Z,1078X20016C3,1078X,,SCHEDULED,240,4.0
2026-10-07T05:31:49Z,1078X20412C4b,1078X,,SCHEDULED,540,9.0
2026-10-07T05:31:49Z,1078X20014C3,1078X,,SCHEDULED,240,4.0
2026-10-07T05:31:49Z,1078X21602C2,1078X,,SCHEDULED,0,0.0
2026-10-07T05:31:49Z,1078X21206C10,1078X,,SCHEDULED,0,0.0
2026-10-07T05:31:49Z,1078X20754C5,1078X,,CANCELED,,
2026-10-07T05:31:49Z,1078X21719C2,1078X,,SCHEDULED,840,14.0
2026-10-07T05:31:49Z,1078X19528C5,1078X,,SCHEDULED,180,3.0
2026-10-07T05:31:49Z,1078X20410C4b,1078X,,SCHEDULED,300,5.0
2026-10-07T05:31:49Z,1078X19810C1,1078X,,SCHEDULED,60,1.0
2026-10-07T05:31:49Z,1078X19545C5,1078X,,SCHEDULED,3000,50.0
2026-10-07T05:31:49Z,1078X20013C3,1078X,,SCHEDULED,360,6.0
2026-10-07T05:31:49Z,1078X19530C5,1078X,,SCHEDULED,300,5.0
2026-10-07T05:31:49Z,1078X20408C4b,1078X,,SCHEDULED,240,4.0
2026-10-07T05:31:49Z,1078X19819C1,1078X,,SCHEDULED,0,0.0
2026-10-07T05:31:49Z,1078X20133C3,1078X,,SCHEDULED,0,0.0
2026-10-07T05:31:49Z,1078X21609C2,1078X,,SCHEDULED,0,0.0
2026-10-07T05:31:49Z,1078X19540C5,1078X,,SCHEDULED,0,0.0
2026-10-07T05:31:49Z,1078X19815C1,1078X,,SCHEDULED,120,2.0
2026-10-07T05:31:49Z,1078X20731C5,1078X,,SCHEDULED,600,10.0
2026-10-07T05:31:49Z,1078X19817C1,1078X,,SCHEDULED,0,0.0
2026-10-07T05:31:49Z,1078X19812C1,1078X,,SCHEDULED,300,5.0
2026-10-07T05:31:49Z,1078X20730C5,1078X,,CANCELED,,
2026-10-07T05:31:49Z,1078X20739C5,1078X,,SCHEDULED,0,0.0
2026-10-07T05:31:49Z,1078X19814C1,1078X,,SCHEDULED,0,0.0
2026-10-07T05:31:49Z,1078X19538C5,1078X,,SCHEDULED,0,0.0
2026-10-07T05:31:49Z,1078X21706C2,1078X,,SCHEDULED,840,14.0
2026-10-07T05:31:49Z,1078X20737C5,1078X,,SCHEDULED,60,1.0
2026-10-07T05:31:49Z,1078X21309C10,1078X,,SCHEDULED,900,15.0
2026-10-07T05:31:49Z,1078X21517C2,1078X,,SCHEDULED,240,4.0
2026-10-07T05:31:49Z,1078X20427C4b,1078X,,SCHEDULED,300,5.0
2026-10-07T05:31:49Z,1078X21308C10,1078X,,SCHEDULED,60,1.0
2026-10-07T05:31:49Z,1078X20219C4a,1078X,,SCHEDULED,180,3.0
2026-10-07T05:31:49Z,1078X21516C2,1078X,,SCHEDULED,720,12.0
2026-10-07T05:31:49Z,1078X21307C10,1078X,,SCHEDULED,300,5.0
2026-10-07T05:31:49Z,1078X20734C5,1078X,,SCHEDULED,0,0.0
2026-10-07T05:31:49Z,1078X21306C10,1078X,,SCHEDULED,360,6.0
2026-10-07T05:31:49Z,1078X20217C4a,1078X,,SCHEDULED,240,4.0
2026-10-07T05:31:49Z,1078X20425C4b,1078X,,SCHEDULED,360,6.0
2026-10-07T05:31:49Z,1078X20225C4a,1078X,,SCHEDULED,480,8.0
2026-10-07T05:31:49Z,1078X20224C4a,1078X,,SCHEDULED,480,8.0
2026-10-07T05:31:49Z,1078X20223C4a,1078X,,SCHEDULED,540,9.0
2026-10-07T05:31:49Z,1078X20740C5,1078X,,SCHEDULED,60,1.0
2026-10-07T05:31:49Z,1078X21514C2,1078X,,SCHEDULED,360,6.0
2026-10-07T05:31:49Z,1078X21311C10,1078X,,SCHEDULED,0,0.0
2026-10-07T05:31:49Z,1078X20222C4a,1078X,,SCHEDULED,120,2.0
2026-10-07T05:31:49Z,1078X21310C10,1078X,,SCHEDULED,0,0.0
2026-10-07T05:31:49Z,1078X20221C4a,1078X,,SCHEDULED,0,0.0
2026-10-07T05:31:49Z,1078X20424C4b,1078X,,SCHEDULED,0,0.0
2026-10-07T05:31:49Z,1078X20220C4a,1078X,,SCHEDULED,240,4.0
2026-10-07T05:31:49Z,1078X20748C5,1078X,,SCHEDULED,0,0.0
2026-10-07T05:31:49Z,1078X21513C2,1078X,,SCHEDULED,540,9.0
2026-10-07T05:31:49Z,1078X35983C2,1078X,,SCHEDULED,0,0.0
2026-10-07T05:31:49Z,1078X35982C2,1078X,,SCHEDULED,0,0.0
2026-10-07T05:31:49Z,1078X20229C4a,1078X,,SCHEDULED,0,0.0
2026-10-07T05:31:49Z,1078X20745C5,1078X,,SCHEDULED,0,0.0
2026-10-07T05:31:49Z,1078X20236C4a,1078X,,SCHEDULED,0,0.0
2026-10-07T05:31:49Z,1078X21600C2,1078X,,SCHEDULED,300,5.0
2026-10-07T05:31:49Z,1078X20228C4a,1078X,,SCHEDULED,300,5.0
2026-10-07T05:31:49Z,1078X21204C10,1078X,,SCHEDULED,240,4.0
2026-10-07T05:31:49Z,1078X19522C5,1078X,,SCHEDULED,780,13.0
2026-10-07T05:31:49Z,1078X20227C4a,1078X,,SCHEDULED,240,4.0
2026-10-07T05:31:49Z,1078X20226C4a,1078X,,SCHEDULED,120,2.0
2026-10-07T05:31:49Z,1078X20234C4a,1078X,,SCHEDULED,0,0.0
2026-10-07T05:31:49Z,1078X20751C5,1078X,,SCHEDULED,0,0.0
2026-10-07T05:31:49Z,1078X21006C8a,1078X,,SCHEDULED,360,6.0
2026-10-07T05:31:49Z,1078X20433C4b,1078X,,SCHEDULED,0,0.0
2026-10-07T05:31:49Z,1078X21522C2,1078X,,SCHEDULED,0,0.0
2026-10-07T05:31:49Z,1078X20232C4a,1078X,,SCHEDULED,0,0.0
2026-10-07T05:31:49Z,1078X19565C5,1078X,,SCHEDULED,300,5.0
2026-10-07T05:31:49Z,1078X21004C8a,1078X,,SCHEDULED,60,1.0
2026-10-07T05:31:49Z,1078X20431C4b,1078X,,SCHEDULED,0,0.0
2026-10-07T05:31:49Z,1078X20231C4a,1078X,,SCHEDULED,0,0.0
2026-10-07T05:31:49Z,1078X21520C2,1078X,,SCHEDULED,180,3.0
2026-10-07T05:31:49Z,1078X20230C4a,1078X,,SCHEDULED,120,2.0
2026-10-07T05:31:49Z,1078X19564C5,1078X,,SCHEDULED,0,0.0
2026-10-07T05:31:49Z,1078X19563C5,1078X,,SCHEDULED,120,2.0
2026-10-07T05:31:49Z,3078X23515C1,3078X,,SCHEDULED,60,1.0
2026-10-07T05:31:49Z,3078X23512C1,3078X,,SCHEDULED,300,5.0
2026-10-07T05:31:49Z,3078X23513C1,3078X,,SCHEDULED,0,0.0
2026-10-07T05:31:49Z,3078X23507C1,3078X,,SCHEDULED,360,6.0
2026-10-07T05:31:49Z,3078X23514C1,3078X,,SCHEDULED,0,0.0
2026-10-07T05:31:49Z,3078X23510C1,3078X,,SCHEDULED,-60,-1.0
2026-10-07T05:31:49Z,3078X23509C1,3078X,,SCHEDULED,1020,17.0
2026-10-07T05:31:49Z,3078X23801C5,3078X,,SCHEDULED,1980,33.0
2026-10-07T05:31:49Z,3078X23703C5,3078X,,SCHEDULED,-60,-1.0
2026-10-07T05:31:49Z,3078X23505C1,3078X,,SCHEDULED,1080,18.0
2026-10-07T05:31:49Z,3078X23506C1,3078X,,SCHEDULED,360,6.0
2026-10-07T05:31:49Z,3078X23705C5,3078X,,SCHEDULED,0,0.0
2026-10-07T05:31:49Z,3078X23100C3,3078X,,SCHEDULED,0,0.0
2026-10-07T05:31:49Z,3178X23206C1,3178X,,SCHEDULED,60,1.0
2026-10-07T05:31:49Z,3178X23205C1,3178X,,SCHEDULED,180,3.0
2026-10-07T05:31:49Z,3178X23426T1,3178X,,SCHEDULED,0,0.0
2026-10-07T05:31:49Z,3178X23270C1,3178X,,SCHEDULED,60,1.0
2026-10-07T05:31:49Z,3178X23423T1,3178X,,SCHEDULED,0,0.0
2026-10-07T05:31:49Z,3178X23204C1,3178X,,SCHEDULED,60,1.0
2026-10-07T05:31:49Z,3178X23424T1,3178X,,SCHEDULED,60,1.0
2026-10-07T05:31:49Z,3178X23207C1,3178X,,SCHEDULED,60,1.0
2026-10-07T05:31:49Z,3178X23208C1,3178X,,SCHEDULED,60,1.0
2026-10-07T05:31:49Z,3178X23209C1,3178X,,SCHEDULED,0,0.0
2026-10-07T05:31:49Z,4078X24385C6,4078X,,SCHEDULED,0,0.0
2026-10-07T05:31:49Z,4078X31456C3,4078X,,SCHEDULED,60,1.0
2026-10-07T05:31:49Z,4078X82000C3,4078X,,SCHEDULED,0,0.0
2026-10-07T05:31:49Z,4078X24208C1,4078X,,SCHEDULED,0,0.0
2026-10-07T05:31:49Z,4078X24209C1,4078X,,SCHEDULED,0,0.0
2026-10-07T05:31:49Z,4078X24008C2,4078X,,SCHEDULED,120,2.0
2026-10-07T05:31:49Z,4078X24009C2,4078X,,SCHEDULED,480,8.0
2026-10-07T05:31:49Z,4078X24283C1,4078X,,SCHEDULED,120,2.0
2026-10-07T05:31:49Z,4078X24011C2,4078X,,SCHEDULED,60,1.0
2026-10-07T05:31:49Z,4078X31404C3,4078X,,SCHEDULED,0,0.0
2026-10-07T05:31:49Z,4078X24004C2,4078X,,SCHEDULED,-120,-2.0
2026-10-07T05:31:49Z,4078X24005C2,4078X,,SCHEDULED,780,13.0
2026-10-07T05:31:49Z,4078X24204C1,4078X,,SCHEDULED,0,0.0
2026-10-07T05:31:49Z,4078X24007C2,4078X,,SCHEDULED,180,3.0
2026-10-07T05:31:49Z,4078X24206C1,4078X,,SCHEDULED,60,1.0
2026-10-07T05:31:49Z,4078X33720C6,4078X,,SCHEDULED,0,0.0
2026-10-07T05:31:49Z,4078X24309C6,4078X,,SCHEDULED,0,0.0
2026-10-07T05:31:49Z,4078X24300C6,4078X,,SCHEDULED,540,9.0
2026-10-07T05:31:49Z,4078X24302C6,4078X,,SCHEDULED,480,8.0
2026-10-07T05:31:49Z,4078X24303C6,4078X,,SCHEDULED,480,8.0
2026-10-07T05:31:49Z,4078X24304C6,4078X,,SCHEDULED,300,5.0
2026-10-07T05:31:49Z,4078X24305C6,4078X,,SCHEDULED,60,1.0
2026-10-07T05:31:49Z,4078X24306C6,4078X,,SCHEDULED,300,5.0
2026-10-07T05:31:49Z,4078X24382C6,4078X,,SCHEDULED,180,3.0
2026-10-07T05:31:49Z,4078X24013C2,4078X,,SCHEDULED,0,0.0
2026-10-07T05:31:49Z,4078X24291C1,4078X,,SCHEDULED,120,2.0
2026-10-07T05:31:49Z,4078X84600C5,4078X,,SCHEDULED,0,0.0
2026-10-07T05:31:49Z,4078X36404C1,4078X,,SCHEDULED,0,0.0
2026-10-07T05:31:49Z,5178X25607R1,5178X,,CANCELED,,
2026-10-07T05:31:49Z,5178X15003R15,5178X,,CANCELED,,
2026-10-07T05:31:49Z,5178X25609R1,5178X,,CANCELED,,
2026-10-07T05:31:49Z,5178X25600R1,5178X,,CANCELED,,
2026-10-07T05:31:49Z,5178X25404R2N,5178X,,CANCELED,,
2026-10-07T05:31:49Z,5178X25406R2N,5178X,,CANCELED,,
2026-10-07T05:31:49Z,5178X25603R1,5178X,,CANCELED,,
2026-10-07T05:31:49Z,5178X25480R2S,5178X,,SCHEDULED,660,11.0
2026-10-07T05:31:49Z,5178X28474R2,5178X,,CANCELED,,
2026-10-07T05:31:49Z,5178X77410R4,5178X,,CANCELED,,
2026-10-07T05:31:49Z,5178X28476R2,5178X,,CANCELED,,
2026-10-07T05:31:49Z,5178X15722R11,5178X,,CANCELED,,
2026-10-07T05:31:49Z,5178X15720R11,5178X,,CANCELED,,
2026-10-07T05:31:49Z,5178X28271R2S,5178X,,SCHEDULED,0,0.0
2026-10-07T05:31:49Z,5178X28272R2S,5178X,,CANCELED,,
2026-10-07T05:31:49Z,5178X15252RG1,5178X,,SCHEDULED,0,0.0
2026-10-07T05:31:49Z,5178X25616R1,5178X,,CANCELED,,
2026-10-07T05:31:49Z,5178X15850R11,5178X,,CANCELED,,
2026-10-07T05:31:49Z,5178X35525R3,5178X,,CANCELED,,
2026-10-07T05:31:49Z,5178X35523R3,5178X,,CANCELED,,
2026-10-07T05:31:49Z,5178X28564R2,5178X,,CANCELED,,
2026-10-07T05:31:49Z,5178X77404R4,5178X,,SCHEDULED,780,13.0
2026-10-07T05:31:49Z,5178X77802R7,5178X,,CANCELED,,
2026-10-07T05:31:49Z,5178X15852R11,5178X,,CANCELED,,
2026-10-07T05:31:49Z,5178X77406R4,5178X,,SCHEDULED,540,9.0
2026-10-07T05:31:49Z,5178X15774R11,5178X,,CANCELED,,
2026-10-07T05:31:49Z,5178X77606R4,5178X,,CANCELED,,
2026-10-07T05:31:49Z,5178X77408R4,5178X,,CANCELED,,
2026-10-07T05:31:49Z,5178X77805R7,5178X,,CANCELED,,
2026-10-07T05:31:49Z,5178X77608R4,5178X,,CANCELED,,
2026-10-07T05:31:49Z,5178X18120R16,5178X,,SCHEDULED,540,9.0
2026-10-07T05:31:49Z,5178X15772R11,5178X,,CANCELED,,
2026-10-07T05:31:49Z,5178X18123R16,5178X,,CANCELED,,
2026-10-07T05:31:49Z,5178X15770R11,5178X,,CANCELED,,
2026-10-07T05:31:49Z,5178X25611R1,5178X,,CANCELED,,
2026-10-07T05:31:49Z,5178X25610R1,5178X,,CANCELED,,
2026-10-07T05:31:49Z,5178X28408R2N,5178X,,CANCELED,,
2026-10-07T05:31:49Z,5178X25612R1,5178X,,CANCELED,,
2026-10-07T05:31:49Z,5178X25614R1,5178X,,CANCELED,,
2026-10-07T05:31:49Z,5178X25710R1,5178X,,CANCELED,,
2026-10-07T05:31:49Z,5178X25712R1,5178X,,CANCELED,,
2026-10-07T05:31:49Z,5178X25711R1,5178X,,CANCELED,,
2026-10-07T05:31:49Z,5178X25714R1,5178X,,CANCELED,,
2026-10-07T05:31:49Z,5178X28506R2,5178X,,SCHEDULED,3360,56.0
2026-10-07T05:31:49Z,5178X77980R4,5178X,,CANCELED,,
2026-10-07T05:31:49Z,5178X35502R8,5178X,,CANCELED,,
2026-10-07T05:31:49Z,5178X77982R4,5178X,,CANCELED,,
2026-10-07T05:31:49Z,5178X28466R2,5178X,,CANCELED,,
2026-10-07T05:31:49Z,5178X77984R4,5178X,,CANCELED,,
2026-10-07T05:31:49Z,5178X28269R2S,5178X,,SCHEDULED,0,0.0
2026-10-07T05:31:49Z,5178X77986R4,5178X,,CANCELED,,
2026-10-07T05:31:49Z,5178X78634R8,5178X,,CANCELED,,
2026-10-07T05:31:49Z,5178X28267R2S,5178X,,SCHEDULED,1320,22.0
2026-10-07T05:31:49Z,5178X77502R4,5178X,,SCHEDULED,4020,67.0
2026-10-07T05:31:49Z,5178X77506R4,5178X,,SCHEDULED,1800,30.0
2026-10-07T05:31:49Z,5178X33521RL4,5178X,,SCHEDULED,240,4.0
2026-10-07T05:31:49Z,5178X77706R4,5178X,,CANCELED,,
2026-10-07T05:31:49Z,5178X77708R4,5178X,,CANCELED,,
2026-10-07T05:31:49Z,5178X25408R2N,5178X,,CANCELED,,
2026-10-07T05:31:49Z,5178X25605R1,5178X,,CANCELED,,
2026-10-07T05:31:49Z,5178X15041R13,5178X,,CANCELED,,
2026-10-07T05:31:49Z,5178X25608R1,5178X,,CANCELED,,
2026-10-07T05:31:49Z,5178X25507R2S,5178X,,CANCELED,,
2026-10-07T05:31:49Z,5178X25705R1,5178X,,CANCELED,,
2026-10-07T05:31:49Z,5178X25707R1,5178X,,CANCELED,,
2026-10-07T05:31:49Z,5178X25709R1,5178X,,CANCELED,,
2026-10-07T05:31:49Z,5178X25708R1,5178X,,CANCELED,,
2026-10-07T05:31:49Z,5178X25500R2S,5178X,,CANCELED,,
2026-10-07T05:31:49Z,5178X25700R1,5178X,,CANCELED,,
2026-10-07T05:31:49Z,5178X25504R2S,5178X,,CANCELED,,
2026-10-07T05:31:49Z,5178X28254R2S,5178X,,SCHEDULED,720,12.0
2026-10-07T05:31:49Z,5178X15904R11,5178X,,CANCELED,,
2026-10-07T05:31:49Z,5178X28252R2S,5178X,,SCHEDULED,1680,28.0
2026-10-07T05:31:49Z,5178X28258R2S,5178X,,CANCELED,,
2026-10-07T05:31:49Z,5178X78602R8,5178X,,CANCELED,,
2026-10-07T05:31:49Z,5178X77314R3,5178X,,SCHEDULED,180,3.0
2026-10-07T05:31:49Z,5178X28410R2N,5178X,,CANCELED,,
2026-10-07T05:31:49Z,5178X77316R3,5178X,,SCHEDULED,180,3.0
2026-10-07T05:31:49Z,5178X35518R3,5178X,,SCHEDULED,60,1.0
2026-10-07T05:31:49Z,5178X15900R11,5178X,,CANCELED,,
2026-10-07T05:31:49Z,6078X26010C2,6078X,,SCHEDULED,300,5.0
2026-10-07T05:31:49Z,6078X26012C2,6078X,,SCHEDULED,120,2.0
2026-10-07T05:31:49Z,6078X26111C1,6078X,,SCHEDULED,180,3.0
2026-10-07T05:31:49Z,6078X26011C2,6078X,,SCHEDULED,360,6.0
2026-10-07T05:31:49Z,6078X26014C2,6078X,,SCHEDULED,0,0.0
2026-10-07T05:31:49Z,6078X26113C1,6078X,,SCHEDULED,0,0.0
2026-10-07T05:31:49Z,6078X26112C1,6078X,,SCHEDULED,60,1.0
2026-10-07T05:31:49Z,6078X26013C2,6078X,,SCHEDULED,180,3.0
2026-10-07T05:31:49Z,6078X71507C4,6078X,,SCHEDULED,-60,-1.0
2026-10-07T05:31:49Z,6078X71505C4,6078X,,SCHEDULED,120,2.0
2026-10-07T05:31:49Z,6078X26015C2,6078X,,SCHEDULED,0,0.0
2026-10-07T05:31:49Z,6078X71570C4,6078X,,SCHEDULED,60,1.0
2026-10-07T05:31:49Z,6078X26603C3,6078X,,SCHEDULED,-60,-1.0
2026-10-07T05:31:49Z,6078X71580C5,6078X,,SCHEDULED,0,0.0
2026-10-07T05:31:49Z,6078X26604C3,6078X,,SCHEDULED,0,0.0
2026-10-07T05:31:49Z,6078X26508C3,6078X,,SCHEDULED,240,4.0
2026-10-07T05:31:49Z,6078X26507C3,6078X,,SCHEDULED,60,1.0
2026-10-07T05:31:49Z,6078X71502C4,6078X,,SCHEDULED,-60,-1.0
2026-10-07T05:31:49Z,6078X26511C3,6078X,,SCHEDULED,60,1.0
2026-10-07T05:31:49Z,6178X35687C1,6178X,,SCHEDULED,720,12.0
2026-10-07T05:31:49Z,6178X35665C1,6178X,,SCHEDULED,180,3.0
2026-10-07T05:31:49Z,6178X35615C1,6178X,,SCHEDULED,240,4.0
2026-10-07T05:31:49Z,6178X35616C1,6178X,,SCHEDULED,0,0.0
2026-10-07T05:31:49Z,6178X35613C1,6178X,,SCHEDULED,780,13.0
2026-10-07T05:31:49Z,6178X35614C1,6178X,,SCHEDULED,60,1.0
2026-10-07T05:31:49Z,6278X71355C3,6278X,,SCHEDULED,60,1.0
2026-10-07T05:31:49Z,6278X71352C3,6278X,,SCHEDULED,0,0.0
2026-10-07T05:31:49Z,6278X71154C2,6278X,,SCHEDULED,960,16.0
2026-10-07T05:31:49Z,6278X71151C2,6278X,,SCHEDULED,780,13.0
2026-10-07T05:31:49Z,6278X71350C3,6278X,,SCHEDULED,0,0.0
2026-10-07T05:31:49Z,6278X71840C3,6278X,,SCHEDULED,120,2.0
2026-10-07T05:31:49Z,6278X71156C2,6278X,,SCHEDULED,0,0.0
2026-10-07T05:31:49Z,6278X26904C1,6278X,,SCHEDULED,120,2.0
2026-10-07T05:31:49Z,6278X71107C2,6278X,,CANCELED,,
2026-10-07T05:31:49Z,6278X71106C2,6278X,,CANCELED,,
2026-10-07T05:31:49Z,4678X70051C1,4678X,,SCHEDULED,0,0.0
2026-10-07T05:31:49Z,4678X70150C1,4678X,,SCHEDULED,0,0.0
2026-10-07T05:31:49Z,4778X71090C1,4778X,,SCHEDULED,0,0.0
2026-10-07T05:31:49Z,4778X71051C1,4778X,,SCHEDULED,0,0.0
2026-10-07T05:31:49Z,4778X71081C1,4778X,,SCHEDULED,0,0.0
2026-10-07T05:36:20Z,3078X23507C1,3078X,,SCHEDULED,360,6.0
2026-10-07T05:36:20Z,3078X23508C1,3078X,,SCHEDULED,540,9.0
2026-10-07T05:36:20Z,3078X23509C1,3078X,,SCHEDULED,1020,17.0
2026-10-07T05:36:20Z,3078X23102C3,3078X,,SCHEDULED,660,11.0
2026-10-07T05:36:20Z,3078X23701C5,3078X,,SCHEDULED,1320,22.0
2026-10-07T05:36:20Z,3078X23515C1,3078X,,SCHEDULED,120,2.0
2026-10-07T05:36:20Z,3078X23100C3,3078X,,SCHEDULED,120,2.0
2026-10-07T05:36:20Z,3078X23512C1,3078X,,SCHEDULED,360,6.0
2026-10-07T05:36:20Z,3078X23514C1,3078X,,SCHEDULED,0,0.0
2026-10-07T05:36:20Z,3078X23510C1,3078X,,SCHEDULED,60,1.0
2026-10-07T05:36:20Z,3078X23511C1,3078X,,SCHEDULED,660,11.0
2026-10-07T05:36:20Z,3078X23801C5,3078X,,SCHEDULED,1800,30.0
2026-10-07T05:36:20Z,3078X23703C5,3078X,,SCHEDULED,-60,-1.0
2026-10-07T05:36:20Z,3078X23505C1,3078X,,SCHEDULED,780,13.0
2026-10-07T05:36:20Z,3078X23803C5,3078X,,SCHEDULED,540,9.0
2026-10-07T05:36:20Z,3178X23426T1,3178X,,SCHEDULED,0,0.0
2026-10-07T05:36:20Z,3178X23206C1,3178X,,SCHEDULED,0,0.0
2026-10-07T05:36:20Z,3178X23270C1,3178X,,SCHEDULED,0,0.0
2026-10-07T05:36:20Z,3178X23423T1,3178X,,SCHEDULED,0,0.0
2026-10-07T05:36:20Z,3178X23424T1,3178X,,SCHEDULED,60,1.0
2026-10-07T05:36:20Z,3178X23205C1,3178X,,SCHEDULED,120,2.0
2026-10-07T05:36:20Z,3178X23207C1,3178X,,SCHEDULED,0,0.0
2026-10-07T05:36:20Z,3178X23208C1,3178X,,SCHEDULED,0,0.0
2026-10-07T05:36:20Z,3178X23209C1,3178X,,SCHEDULED,0,0.0
2026-10-07T05:36:20Z,3278X23153C2,3278X,,SCHEDULED,0,0.0
2026-10-07T05:36:20Z,3278X23311C1,3278X,,SCHEDULED,60,1.0
2026-10-07T05:36:20Z,3278X23313C1,3278X,,SCHEDULED,0,0.0
2026-10-07T05:36:20Z,3278X23309C1,3278X,,SCHEDULED,240,4.0
2026-10-07T05:36:20Z,3278X23306C1,3278X,,SCHEDULED,300,5.0
2026-10-07T05:36:20Z,3278X23308C1,3278X,,SCHEDULED,0,0.0
2026-10-07T05:36:20Z,4078X82000C3,4078X,,SCHEDULED,0,0.0
2026-10-07T05:36:20Z,4078X24208C1,4078X,,SCHEDULED,0,0.0
2026-10-07T05:36:20Z,4078X24209C1,4078X,,SCHEDULED,0,0.0
2026-10-07T05:36:20Z,4078X24385C6,4078X,,SCHEDULED,0,0.0
2026-10-07T05:36:20Z,4078X31456C3,4078X,,SCHEDULED,180,3.0
2026-10-07T05:36:20Z,4078X24008C2,4078X,,SCHEDULED,180,3.0
2026-10-07T05:36:20Z,4078X24009C2,4078X,,SCHEDULED,420,7.0
2026-10-07T05:36:20Z,4078X24283C1,4078X,,SCHEDULED,180,3.0
2026-10-07T05:36:20Z,4078X24011C2,4078X,,SCHEDULED,-60,-1.0
2026-10-07T05:36:20Z,4078X31404C3,4078X,,SCHEDULED,0,0.0
2026-10-07T05:36:20Z,4078X35484C6,4078X,,SCHEDULED,0,0.0
2026-10-07T05:36:20Z,4078X24005C2,4078X,,SCHEDULED,120,2.0
2026-10-07T05:36:20Z,4078X24204C1,4078X,,SCHEDULED,120,2.0
2026-10-07T05:36:20Z,4078X24007C2,4078X,,SCHEDULED,240,4.0
2026-10-07T05:36:20Z,4078X24206C1,4078X,,SCHEDULED,120,2.0
2026-10-07T05:36:20Z,4078X33720C6,4078X,,SCHEDULED,0,0.0
2026-10-07T05:36:20Z,4078X24309C6,4078X,,SCHEDULED,0,0.0
2026-10-07T05:36:20Z,4078X24300C6,4078X,,SCHEDULED,180,3.0
2026-10-07T05:36:20Z,4078X24302C6,4078X,,SCHEDULED,300,5.0
2026-10-07T05:36:20Z,4078X24303C6,4078X,,SCHEDULED,300,5.0
2026-10-07T05:36:20Z,4078X24305C6,4078X,,SCHEDULED,120,2.0
2026-10-07T05:36:20Z,4078X24306C6,4078X,,SCHEDULED,420,7.0
2026-10-07T05:36:20Z,4078X24382C6,4078X,,SCHEDULED,240,4.0
2026-10-07T05:36:20Z,4078X24211C1,4078X,,SCHEDULED,0,0.0
2026-10-07T05:36:20Z,4078X24013C2,4078X,,SCHEDULED,0,0.0
2026-10-07T05:36:20Z,4078X24291C1,4078X,,SCHEDULED,360,6.0
2026-10-07T05:36:20Z,4078X36404C1,4078X,,SCHEDULED,0,0.0
2026-10-07T05:36:20Z,5178X15003R15,5178X,,CANCELED,,
2026-10-07T05:36:20Z,5178X25609R1,5178X,,CANCELED,,
2026-10-07T05:36:20Z,5178X25600R1,5178X,,CANCELED,,
2026-10-07T05:36:20Z,5178X25404R2N,5178X,,CANCELED,,
2026-10-07T05:36:20Z,5178X25406R2N,5178X,,CANCELED,,
2026-10-07T05:36:20Z,5178X25603R1,5178X,,CANCELED,,
2026-10-07T05:36:20Z,5178X25480R2S,5178X,,SCHEDULED,660,11.0
2026-10-07T05:36:20Z,5178X28474R2,5178X,,CANCELED,,
2026-10-07T05:36:20Z,5178X77410R4,5178X,,CANCELED,,
2026-10-07T05:36:20Z,5178X28476R2,5178X,,CANCELED,,
2026-10-07T05:36:20Z,5178X15722R11,5178X,,CANCELED,,
2026-10-07T05:36:20Z,5178X15720R11,5178X,,CANCELED,,
2026-10-07T05:36:20Z,5178X28271R2S,5178X,,SCHEDULED,0,0.0
2026-10-07T05:36:20Z,5178X28272R2S,5178X,,CANCELED,,
2026-10-07T05:36:20Z,5178X25616R1,5178X,,CANCELED,,
2026-10-07T05:36:20Z,5178X15850R11,5178X,,CANCELED,,
2026-10-07T05:36:20Z,5178X18120R16,5178X,,SCHEDULED,540,9.0
2026-10-07T05:36:20Z,5178X15772R11,5178X,,CANCELED,,
2026-10-07T05:36:20Z,5178X15253RG1,5178X,,SCHEDULED,0,0.0
2026-10-07T05:36:20Z,5178X25710R1,5178X,,CANCELED,,
2026-10-07T05:36:20Z,5178X18123R16,5178X,,CANCELED,,
2026-10-07T05:36:20Z,5178X25712R1,5178X,,CANCELED,,
2026-10-07T05:36:20Z,5178X15770R11,5178X,,CANCELED,,
2026-10-07T05:36:20Z,5178X25611R1,5178X,,CANCELED,,
2026-10-07T05:36:20Z,5178X25610R1,5178X,,CANCELED,,
2026-10-07T05:36:20Z,5178X25613R1,5178X,,CANCELED,,
2026-10-07T05:36:20Z,5178X28408R2N,5178X,,CANCELED,,
2026-10-07T05:36:20Z,5178X25711R1,5178X,,CANCELED,,
2026-10-07T05:36:20Z,5178X25612R1,5178X,,CANCELED,,
2026-10-07T05:36:20Z,5178X25614R1,5178X,,CANCELED,,
2026-10-07T05:36:20Z,5178X35525R3,5178X,,CANCELED,,
2026-10-07T05:36:20Z,5178X25714R1,5178X,,CANCELED,,
2026-10-07T05:36:20Z,5178X28506R2,5178X,,SCHEDULED,3300,55.0
2026-10-07T05:36:20Z,5178X35523R3,5178X,,CANCELED,,
2026-10-07T05:36:20Z,5178X77980R4,5178X,,CANCELED,,
2026-10-07T05:36:20Z,5178X35520R3,5178X,,CANCELED,,
2026-10-07T05:36:20Z,5178X35502R8,5178X,,CANCELED,,
2026-10-07T05:36:20Z,5178X77982R4,5178X,,CANCELED,,
2026-10-07T05:36:20Z,5178X28564R2,5178X,,CANCELED,,
2026-10-07T05:36:20Z,5178X77404R4,5178X,,SCHEDULED,780,13.0
2026-10-07T05:36:20Z,5178X15852R11,5178X,,CANCELED,,
2026-10-07T05:36:20Z,5178X77406R4,5178X,,SCHEDULED,540,9.0
2026-10-07T05:36:20Z,5178X28466R2,5178X,,CANCELED,,
2026-10-07T05:36:20Z,5178X15774R11,5178X,,CANCELED,,
2026-10-07T05:36:20Z,5178X77984R4,5178X,,CANCELED,,
2026-10-07T05:36:20Z,5178X77804R7,5178X,,CANCELED,,
2026-10-07T05:36:20Z,5178X77606R4,5178X,,CANCELED,,
2026-10-07T05:36:20Z,5178X77408R4,5178X,,CANCELED,,
2026-10-07T05:36:20Z,5178X28269R2S,5178X,,SCHEDULED,120,2.0
2026-10-07T05:36:20Z,5178X77805R7,5178X,,CANCELED,,
2026-10-07T05:36:20Z,5178X77986R4,5178X,,CANCELED,,
2026-10-07T05:36:20Z,5178X77608R4,5178X,,CANCELED,,
2026-10-07T05:36:20Z,5178X25507R2S,5178X,,CANCELED,,
2026-10-07T05:36:20Z,5178X78634R8,5178X,,CANCELED,,
2026-10-07T05:36:20Z,5178X25509R2S,5178X,,CANCELED,,
2026-10-07T05:36:20Z,5178X25707R1,5178X,,CANCELED,,
2026-10-07T05:36:20Z,5178X28267R2S,5178X,,SCHEDULED,1260,21.0
2026-10-07T05:36:20Z,5178X25709R1,5178X,,CANCELED,,
2026-10-07T05:36:20Z,5178X77502R4,5178X,,SCHEDULED,4020,67.0
2026-10-07T05:36:20Z,5178X25708R1,5178X,,CANCELED,,
2026-10-07T05:36:20Z,5178X77506R4,5178X,,SCHEDULED,1920,32.0
2026-10-07T05:36:20Z,5178X33521RL4,5178X,,SCHEDULED,240,4.0
2026-10-07T05:36:20Z,5178X25500R2S,5178X,,CANCELED,,
2026-10-07T05:36:20Z,5178X25503R2S,5178X,,SCHEDULED,1800,30.0
2026-10-07T05:36:20Z,5178X77706R4,5178X,,CANCELED,,
2026-10-07T05:36:20Z,5178X25700R1,5178X,,CANCELED,,
2026-10-07T05:36:20Z,5178X25504R2S,5178X,,CANCELED,,
2026-10-07T05:36:20Z,5178X77508R4,5178X,,SCHEDULED,1500,25.0
2026-10-07T05:36:20Z,5178X28254R2S,5178X,,SCHEDULED,720,12.0
2026-10-07T05:36:20Z,5178X77708R4,5178X,,CANCELED,,
2026-10-07T05:36:20Z,5178X15904R11,5178X,,CANCELED,,
2026-10-07T05:36:20Z,5178X25408R2N,5178X,,CANCELED,,
2026-10-07T05:36:20Z,5178X28252R2S,5178X,,SCHEDULED,1860,31.0
2026-10-07T05:36:20Z,5178X15041R13,5178X,,CANCELED,,
2026-10-07T05:36:20Z,5178X25607R1,5178X,,CANCELED,,
2026-10-07T05:36:20Z,5178X78600R8,5178X,,SCHEDULED,1920,32.0
2026-10-07T05:36:20Z,5178X28258R2S,5178X,,CANCELED,,
2026-10-07T05:36:20Z,5178X78602R8,5178X,,CANCELED,,
2026-10-07T05:36:20Z,5178X77314R3,5178X,,SCHEDULED,240,4.0
2026-10-07T05:36:20Z,5178X28410R2N,5178X,,CANCELED,,
2026-10-07T05:36:20Z,5178X77316R3,5178X,,SCHEDULED,0,0.0
2026-10-07T05:36:20Z,5178X35518R3,5178X,,SCHEDULED,60,1.0
2026-10-07T05:36:20Z,5178X15900R11,5178X,,CANCELED,,
2026-10-07T05:36:20Z,6078X26508C3,6078X,,SCHEDULED,300,5.0
2026-10-07T05:36:20Z,6078X26509C3,6078X,,SCHEDULED,-60,-1.0
2026-10-07T05:36:20Z,6078X26113C1,6078X,,SCHEDULED,120,2.0
2026-10-07T05:36:20Z,6078X26112C1,6078X,,SCHEDULED,60,1.0
2026-10-07T05:36:20Z,6078X26013C2,6078X,,SCHEDULED,60,1.0
2026-10-07T05:36:20Z,6078X71509C4,6078X,,SCHEDULED,0,0.0
2026-10-07T05:36:20Z,6078X71505C4,6078X,,SCHEDULED,240,4.0
2026-10-07T05:36:20Z,6078X71506C4,6078X,,SCHEDULED,0,0.0
2026-10-07T05:36:20Z,6078X26512C3,6078X,,SCHEDULED,0,0.0
2026-10-07T05:36:20Z,6078X71570C4,6078X,,SCHEDULED,0,0.0
2026-10-07T05:36:20Z,6078X26603C3,6078X,,SCHEDULED,0,0.0
2026-10-07T05:36:20Z,6078X26604C3,6078X,,SCHEDULED,180,3.0
2026-10-07T05:36:20Z,6078X71504C4,6078X,,SCHEDULED,360,6.0
2026-10-07T05:36:20Z,6078X71580C5,6078X,,SCHEDULED,0,0.0
2026-10-07T05:36:20Z,6078X26010C2,6078X,,SCHEDULED,360,6.0
2026-10-07T05:36:20Z,6078X71502C4,6078X,,SCHEDULED,-120,-2.0
2026-10-07T05:36:20Z,6078X26511C3,6078X,,SCHEDULED,60,1.0
2026-10-07T05:36:20Z,6078X26114C1,6078X,,SCHEDULED,0,0.0
2026-10-07T05:36:20Z,6078X26111C1,6078X,,SCHEDULED,120,2.0
2026-10-07T05:36:20Z,6078X26015C2,6078X,,SCHEDULED,0,0.0
2026-10-07T05:36:20Z,6078X26510C3,6078X,,SCHEDULED,0,0.0
2026-10-07T05:36:20Z,6078X26011C2,6078X,,SCHEDULED,480,8.0
2026-10-07T05:36:20Z,6078X26014C2,6078X,,SCHEDULED,0,0.0
2026-10-07T05:36:20Z,6178X35613C1,6178X,,SCHEDULED,780,13.0
2026-10-07T05:36:20Z,6178X35687C1,6178X,,SCHEDULED,780,13.0
2026-10-07T05:36:20Z,6178X35615C1,6178X,,SCHEDULED,180,3.0
2026-10-07T05:36:20Z,6178X35665C1,6178X,,SCHEDULED,240,4.0
2026-10-07T05:36:20Z,6278X71355C3,6278X,,SCHEDULED,0,0.0
2026-10-07T05:36:20Z,6278X71300C3,6278X,,SCHEDULED,-120,-2.0
2026-10-07T05:36:20Z,6278X71352C3,6278X,,SCHEDULED,0,0.0
2026-10-07T05:36:20Z,6278X71154C2,6278X,,SCHEDULED,900,15.0
2026-10-07T05:36:20Z,6278X71106C2,6278X,,CANCELED,,
2026-10-07T05:36:20Z,6278X26905C1,6278X,,SCHEDULED,120,2.0
2026-10-07T05:36:20Z,6278X71840C3,6278X,,SCHEDULED,120,2.0
2026-10-07T05:36:20Z,6278X26907C1,6278X,,SCHEDULED,120,2.0
2026-10-07T05:36:20Z,6278X71156C2,6278X,,SCHEDULED,0,0.0
2026-10-07T05:36:20Z,6278X71107C2,6278X,,CANCELED,,
2026-10-07T05:36:20Z,6278X26906C1,6278X,,SCHEDULED,0,0.0
2026-10-07T05:36:20Z,6278X71151C2,6278X,,SCHEDULED,780,13.0
2026-10-07T05:36:20Z,6278X71350C3,6278X,,SCHEDULED,-60,-1.0
2026-10-07T05:36:20Z,6278X71153C2,6278X,,SCHEDULED,60,1.0
2026-10-07T05:36:20Z,4678X70051C1,4678X,,SCHEDULED,0,0.0
2026-10-07T05:36:20Z,4678X70150C1,4678X,,SCHEDULED,0,0.0
2026-10-07T05:36:20Z,4778X71090C1,4778X,,SCHEDULED,0,0.0
2026-10-07T05:36:20Z,4778X71051C1,4778X,,SCHEDULED,0,0.0
2026-10-07T05:36:20Z,4778X71081C1,4778X,,SCHEDULED,0,0.0
2026-10-07T05:36:20Z,2078X70855C6,2078X,,SCHEDULED,360,6.0
2026-10-07T05:36:20Z,2078X70850C6,2078X,,SCHEDULED,840,14.0
2026-10-07T05:36:20Z,2078X70251C4,2078X,,SCHEDULED,720,12.0
2026-10-07T05:36:20Z,2078X70250C4,2078X,,SCHEDULED,480,8.0
2026-10-07T05:36:20Z,2078X22010C1,2078X,,SCHEDULED,0,0.0
2026-10-07T05:36:20Z,2078X70802C6,2078X,,SCHEDULED,0,0.0
2026-10-07T05:36:20Z,2078X70208C4,2078X,,SCHEDULED,0,0.0
2026-10-07T05:36:20Z,2078X22006C1,2078X,,SCHEDULED,840,14.0
2026-10-07T05:36:20Z,2078X22007C1,2078X,,SCHEDULED,0,0.0
2026-10-07T05:36:20Z,2078X22205C2,2078X,,SCHEDULED,180,3.0
2026-10-07T05:36:20Z,2078X70758C6,2078X,,SCHEDULED,0,0.0
2026-10-07T05:36:20Z,2078X70853C6,2078X,,SCHEDULED,840,14.0
2026-10-07T05:36:20Z,2078X70852C6,2078X,,SCHEDULED,0,0.0
2026-10-07T05:36:20Z,2078X70301C4,2078X,,SCHEDULED,60,1.0
2026-10-07T05:36:20Z,2078X70300C4,2078X,,SCHEDULED,2160,36.0
2026-10-07T05:36:20Z,2078X22304C3,2078X,,SCHEDULED,420,7.0
2026-10-07T05:36:20Z,2078X70405C5,2078X,,SCHEDULED,0,0.0
2026-10-07T05:36:20Z,2078X70803C6,2078X,,SCHEDULED,360,6.0
2026-10-07T05:36:20Z,2078X22306C3,2078X,,SCHEDULED,0,0.0
2026-10-07T05:36:20Z,2078X70302C4,2078X,,SCHEDULED,600,10.0
2026-10-07T05:36:20Z,2078X22109C1,2078X,,SCHEDULED,0,0.0
2026-10-07T05:36:20Z,2078X22307C3,2078X,,SCHEDULED,420,7.0
2026-10-07T05:36:20Z,2078X22206C2,2078X,,SCHEDULED,660,11.0
2026-10-07T05:36:20Z,2078X70203C4,2078X,,SCHEDULED,1260,21.0
2026-10-07T05:36:20Z,2078X70404C5,2078X,,SCHEDULED,780,13.0
2026-10-07T05:36:20Z,2078X70206C4,2078X,,SCHEDULED,180,3.0
2026-10-07T05:36:20Z,2078X70800C6,2078X,,SCHEDULED,60,1.0
2026-10-07T05:36:20Z,2078X70563C5a,2078X,,SCHEDULED,120,2.0
2026-10-07T05:36:20Z,2078X22001C1,2078X,,SCHEDULED,480,8.0
2026-10-07T05:36:20Z,2078X22003C1,2078X,,SCHEDULED,60,1.0
2026-10-07T05:36:20Z,2078X22004C1,2078X,,SCHEDULED,120,2.0
2026-10-07T05:36:20Z,2078X22005C1,2078X,,SCHEDULED,240,4.0
2026-10-07T05:36:20Z,2078X70756C6,2078X,,SCHEDULED,2760,46.0
2026-10-07T05:36:20Z,2078X22311C3,2078X,,SCHEDULED,0,0.0
2026-10-07T05:36:20Z,2078X22313C3,2078X,,SCHEDULED,0,0.0
2026-10-07T05:36:20Z,2078X70904C8,2078X,,SCHEDULED,0,0.0
2026-10-07T05:36:20Z,2078X70505C7,2078X,,SCHEDULED,360,6.0
2026-10-07T05:36:20Z,2078X70901C8,2078X,,SCHEDULED,1080,18.0
2026-10-07T05:36:20Z,2078X70504C7,2078X,,SCHEDULED,2040,34.0
2026-10-07T05:36:20Z,2078X70903C8,2078X,,SCHEDULED,0,0.0
2026-10-07T05:36:20Z,2078X70507C7,2078X,,SCHEDULED,600,10.0
2026-10-07T05:36:20Z,2078X70902C8,2078X,,SCHEDULED,900,15.0
2026-10-07T05:36:20Z,2078X70506C7,2078X,,SCHEDULED,0,0.0
2026-10-07T05:36:20Z,2078X22008C1,2078X,,SCHEDULED,0,0.0
2026-10-07T05:36:20Z,4178X84902C2,4178X,,SCHEDULED,900,15.0
2026-10-07T05:36:20Z,4178X32801C3,4178X,,SCHEDULED,660,11.0
2026-10-07T05:36:20Z,4178X32800C3,4178X,,SCHEDULED,1980,33.0
2026-10-07T05:36:20Z,4178X84901C2,4178X,,SCHEDULED,5760,96.0
2026-10-07T05:36:20Z,4178X84903C2,4178X,,SCHEDULED,600,10.0
2026-10-07T05:36:20Z,4178X24702C1,4178X,,SCHEDULED,1140,19.0
2026-10-07T05:36:20Z,4178X84900C2,4178X,,SCHEDULED,5460,91.0
2026-10-07T05:36:20Z,4178X24704C1,4178X,,SCHEDULED,300,5.0
2026-10-07T05:36:20Z,4178X24703C1,4178X,,SCHEDULED,120,2.0
2026-10-07T05:36:20Z,4178X24705C1,4178X,,SCHEDULED,360,6.0
2026-10-07T05:36:20Z,4178X24751C1,4178X,,SCHEDULED,0,0.0
2026-10-07T05:36:20Z,4578X71600C1,4578X,,SCHEDULED,300,5.0
2026-10-07T05:36:20Z,4578X71605C1,4578X,,SCHEDULED,0,0.0
2026-10-07T05:36:20Z,4578X71603C1,4578X,,SCHEDULED,180,3.0
2026-10-07T05:36:20Z,4578X71602C1,4578X,,SCHEDULED,0,0.0
2026-10-07T05:36:20Z,7078X31502C1,7078X,,SCHEDULED,120,2.0
2026-10-07T05:36:20Z,7078X31504C1,7078X,,SCHEDULED,0,0.0
2026-10-07T05:36:20Z,7078X31507C1,7078X,,SCHEDULED,0,0.0
2026-10-07T05:36:20Z,7078X31505C1,7078X,,SCHEDULED,0,0.0
2026-10-07T05:36:20Z,1078X19540C5,1078X,,SCHEDULED,60,1.0
2026-10-07T05:36:20Z,1078X20131C3,1078X,,SCHEDULED,240,4.0
2026-10-07T05:36:20Z,1078X21186C10,1078X,,SCHEDULED,720,12.0
2026-10-07T05:36:20Z,1078X35991C2,1078X,,SCHEDULED,180,3.0
2026-10-07T05:36:20Z,1078X21509C2,1078X,,SCHEDULED,60,1.0
2026-10-07T05:36:20Z,1078X20419C4b,1078X,,SCHEDULED,180,3.0
2026-10-07T05:36:20Z,1078X20418C4b,1078X,,SCHEDULED,180,3.0
2026-10-07T05:36:20Z,1078X20416C4b,1078X,,SCHEDULED,180,3.0
2026-10-07T05:36:20Z,1078X21108C10,1078X,,SCHEDULED,300,5.0
2026-10-07T05:36:20Z,1078X20019C3,1078X,,SCHEDULED,120,2.0
2026-10-07T05:36:20Z,1078X20414C4b,1078X,,CANCELED,,
2026-10-07T05:36:20Z,1078X20018C3,1078X,,SCHEDULED,240,4.0
2026-10-07T05:36:20Z,1078X21106C10,1078X,,SCHEDULED,0,0.0
2026-10-07T05:36:20Z,1078X20017C3,1078X,,SCHEDULED,60,1.0
2026-10-07T05:36:20Z,1078X36202C10,1078X,,SCHEDULED,300,5.0
2026-10-07T05:36:20Z,1078X21182C10,1078X,,SCHEDULED,60,1.0
2026-10-07T05:36:20Z,1078X20423C4b,1078X,,SCHEDULED,540,9.0
2026-10-07T05:36:20Z,1078X20422C4b,1078X,,SCHEDULED,360,6.0
2026-10-07T05:36:20Z,1078X20025C3,1078X,,SCHEDULED,0,0.0
2026-10-07T05:36:20Z,1078X19557C5,1078X,,SCHEDULED,240,4.0
2026-10-07T05:36:20Z,1078X20421C4b,1078X,,SCHEDULED,240,4.0
2026-10-07T05:36:20Z,1078X19556C5,1078X,,SCHEDULED,0,0.0
2026-10-07T05:36:20Z,1078X20420C4b,1078X,,SCHEDULED,300,5.0
2026-10-07T05:36:20Z,1078X20023C3,1078X,,SCHEDULED,0,0.0
2026-10-07T05:36:20Z,1078X19551C5,1078X,,SCHEDULED,180,3.0
2026-10-07T05:36:20Z,1078X20022C3,1078X,,SCHEDULED,0,0.0
2026-10-07T05:36:20Z,1078X19550C5,1078X,,SCHEDULED,60,1.0
2026-10-07T05:36:20Z,1078X21110C10,1078X,,SCHEDULED,0,0.0
2026-10-07T05:36:20Z,1078X20021C3,1078X,,SCHEDULED,0,0.0
2026-10-07T05:36:20Z,1078X20020C3,1078X,,SCHEDULED,0,0.0
2026-10-07T05:36:20Z,1078X35980C2,1078X,,SCHEDULED,60,1.0
2026-10-07T05:36:20Z,1078X20429C4b,1078X,,SCHEDULED,240,4.0
2026-10-07T05:36:20Z,1078X21517C2,1078X,,SCHEDULED,480,8.0
2026-10-07T05:36:20Z,1078X21607C2,1078X,,SCHEDULED,420,7.0
2026-10-07T05:36:20Z,1078X20758C5,1078X,,SCHEDULED,0,0.0
2026-10-07T05:36:20Z,1078X21806C7,1078X,,SCHEDULED,60,1.0
2026-10-07T05:36:20Z,1078X21208C10,1078X,,SCHEDULED,0,0.0
2026-10-07T05:36:20Z,1078X20755C5,1078X,,SCHEDULED,0,0.0
2026-10-07T05:36:20Z,1078X19560C5,1078X,,SCHEDULED,180,3.0
2026-10-07T05:36:20Z,1078X21602C2,1078X,,SCHEDULED,0,0.0
2026-10-07T05:36:20Z,1078X21206C10,1078X,,SCHEDULED,120,2.0
2026-10-07T05:36:20Z,1078X20754C5,1078X,,CANCELED,,
2026-10-07T05:36:20Z,1078X21719C2,1078X,,SCHEDULED,1080,18.0
2026-10-07T05:36:20Z,1078X19528C5,1078X,,SCHEDULED,120,2.0
2026-10-07T05:36:20Z,1078X20764C5,1078X,,SCHEDULED,0,0.0
2026-10-07T05:36:20Z,1078X20715C5,1078X,,SCHEDULED,240,4.0
2026-10-07T05:36:20Z,1078X19530C5,1078X,,SCHEDULED,60,1.0
2026-10-07T05:36:20Z,1078X21804C7,1078X,,SCHEDULED,660,11.0
2026-10-07T05:36:20Z,1078X19819C1,1078X,,SCHEDULED,0,0.0
2026-10-07T05:36:20Z,1078X21609C2,1078X,,SCHEDULED,0,0.0
2026-10-07T05:36:20Z,1078X21008C8a,1078X,,SCHEDULED,240,4.0
2026-10-07T05:36:20Z,1078X19816C1,1078X,,SCHEDULED,0,0.0
2026-10-07T05:36:20Z,1078X19815C1,1078X,,SCHEDULED,0,0.0
2026-10-07T05:36:20Z,1078X21007C8a,1078X,,SCHEDULED,0,0.0
2026-10-07T05:36:20Z,1078X19817C1,1078X,,SCHEDULED,0,0.0
2026-10-07T05:36:20Z,1078X19569C5,1078X,,SCHEDULED,0,0.0
2026-10-07T05:36:20Z,1078X19812C1,1078X,,SCHEDULED,60,1.0
2026-10-07T05:36:20Z,1078X20720C5,1078X,,SCHEDULED,120,2.0
2026-10-07T05:36:20Z,1078X19814C1,1078X,,SCHEDULED,0,0.0
2026-10-07T05:36:20Z,1078X19538C5,1078X,,SCHEDULED,60,1.0
2026-10-07T05:36:20Z,1078X20427C4b,1078X,,SCHEDULED,300,5.0
2026-10-07T05:36:20Z,1078X19579C5,1078X,,SCHEDULED,0,0.0
2026-10-07T05:36:20Z,1078X21516C2,1078X,,SCHEDULED,720,12.0
2026-10-07T05:36:20Z,1078X19573C5,1078X,,SCHEDULED,0,0.0
2026-10-07T05:36:20Z,1078X20425C4b,1078X,,SCHEDULED,360,6.0
2026-10-07T05:36:20Z,1078X21817C7,1078X,,SCHEDULED,120,2.0
2026-10-07T05:36:20Z,1078X20606C8b,1078X,,SCHEDULED,0,0.0
2026-10-07T05:36:20Z,1078X21514C2,1078X,,SCHEDULED,420,7.0
2026-10-07T05:36:20Z,1078X20727C5,1078X,,SCHEDULED,420,7.0
2026-10-07T05:36:20Z,1078X20424C4b,1078X,,SCHEDULED,0,0.0
2026-10-07T05:36:20Z,1078X20605C8b,1078X,,SCHEDULED,660,11.0
2026-10-07T05:36:20Z,1078X21815C7,1078X,,SCHEDULED,120,2.0
2026-10-07T05:36:20Z,1078X21513C2,1078X,,SCHEDULED,360,6.0
2026-10-07T05:36:20Z,1078X35983C2,1078X,,SCHEDULED,180,3.0
2026-10-07T05:36:20Z,1078X35982C2,1078X,,SCHEDULED,0,0.0
2026-10-07T05:36:20Z,1078X20236C4a,1078X,,SCHEDULED,0,0.0
2026-10-07T05:36:20Z,1078X20726C5,1078X,,SCHEDULED,180,3.0
2026-10-07T05:36:20Z,1078X21204C10,1078X,,SCHEDULED,60,1.0
2026-10-07T05:36:20Z,1078X19570C5,1078X,,SCHEDULED,0,0.0
2026-10-07T05:36:20Z,1078X19522C5,1078X,,SCHEDULED,600,10.0
2026-10-07T05:36:20Z,1078X20604C8b,1078X,,SCHEDULED,240,4.0
2026-10-07T05:36:20Z,1078X20603C8b,1078X,,SCHEDULED,360,6.0
2026-10-07T05:36:20Z,1078X21813C7,1078X,,SCHEDULED,0,0.0
2026-10-07T05:36:20Z,1078X20234C4a,1078X,,SCHEDULED,0,0.0
2026-10-07T05:36:20Z,1078X20751C5,1078X,,SCHEDULED,0,0.0
2026-10-07T05:36:20Z,1078X20723C5,1078X,,SCHEDULED,360,6.0
2026-10-07T05:36:20Z,1078X20233C4a,1078X,,SCHEDULED,0,0.0
2026-10-07T05:36:20Z,1078X20232C4a,1078X,,SCHEDULED,180,3.0
2026-10-07T05:36:20Z,1078X20602C8b,1078X,,SCHEDULED,420,7.0
2026-10-07T05:36:20Z,1078X20231C4a,1078X,,SCHEDULED,0,0.0
2026-10-07T05:36:20Z,1078X21811C7,1078X,,SCHEDULED,600,10.0
2026-10-07T05:36:20Z,1078X20230C4a,1078X,,SCHEDULED,180,3.0
2026-10-07T05:36:20Z,1078X21810C7,1078X,,SCHEDULED,0,0.0
2026-10-07T05:36:20Z,1078X21808C7,1078X,,SCHEDULED,540,9.0
2026-10-07T05:36:20Z,1078X20731C5,1078X,,SCHEDULED,480,8.0
2026-10-07T05:36:20Z,1078X20719C5,1078X,,SCHEDULED,240,4.0
2026-10-07T05:36:20Z,1078X20730C5,1078X,,CANCELED,,
2026-10-07T05:36:20Z,1078X35809C7,1078X,,SCHEDULED,360,6.0
2026-10-07T05:36:20Z,1078X19544C5,1078X,,SCHEDULED,240,4.0
2026-10-07T05:36:20Z,1078X20016C3,1078X,,SCHEDULED,480,8.0
2026-10-07T05:36:20Z,1078X19583C5,1078X,,SCHEDULED,0,0.0
2026-10-07T05:36:20Z,1078X20412C4b,1078X,,SCHEDULED,780,13.0
2026-10-07T05:36:20Z,1078X20739C5,1078X,,SCHEDULED,60,1.0
2026-10-07T05:36:20Z,1078X20014C3,1078X,,SCHEDULED,240,4.0
2026-10-07T05:36:20Z,1078X20410C4b,1078X,,SCHEDULED,180,3.0
2026-10-07T05:36:20Z,1078X21706C2,1078X,,SCHEDULED,900,15.0
2026-10-07T05:36:20Z,1078X20737C5,1078X,,SCHEDULED,180,3.0
2026-10-07T05:36:20Z,1078X19545C5,1078X,,SCHEDULED,3300,55.0
2026-10-07T05:36:20Z,1078X20013C3,1078X,,SCHEDULED,360,6.0
2026-10-07T05:36:20Z,1078X21309C10,1078X,,SCHEDULED,480,8.0
2026-10-07T05:36:20Z,1078X21308C10,1078X,,SCHEDULED,0,0.0
2026-10-07T05:36:20Z,1078X20133C3,1078X,,SCHEDULED,0,0.0
2026-10-07T05:36:20Z,1078X20219C4a,1078X,,SCHEDULED,180,3.0
2026-10-07T05:36:20Z,1078X21307C10,1078X,,SCHEDULED,60,1.0
2026-10-07T05:36:20Z,1078X20734C5,1078X,,SCHEDULED,120,2.0
2026-10-07T05:36:20Z,1078X21306C10,1078X,,SCHEDULED,360,6.0
2026-10-07T05:36:20Z,1078X21819C7,1078X,,SCHEDULED,0,0.0
2026-10-07T05:36:20Z,1078X20225C4a,1078X,,SCHEDULED,360,6.0
2026-10-07T05:36:20Z,1078X20224C4a,1078X,,SCHEDULED,300,5.0
2026-10-07T05:36:20Z,1078X20740C5,1078X,,SCHEDULED,180,3.0
2026-10-07T05:36:20Z,1078X21311C10,1078X,,SCHEDULED,0,0.0
2026-10-07T05:36:20Z,1078X20222C4a,1078X,,SCHEDULED,60,1.0
2026-10-07T05:36:20Z,1078X21310C10,1078X,,SCHEDULED,0,0.0
2026-10-07T05:36:20Z,1078X20221C4a,1078X,,SCHEDULED,120,2.0
2026-10-07T05:36:20Z,1078X20748C5,1078X,,SCHEDULED,240,4.0
2026-10-07T05:36:20Z,1078X20229C4a,1078X,,SCHEDULED,0,0.0
2026-10-07T05:36:20Z,1078X20745C5,1078X,,SCHEDULED,0,0.0
2026-10-07T05:36:20Z,1078X20228C4a,1078X,,SCHEDULED,240,4.0
2026-10-07T05:36:20Z,1078X20227C4a,1078X,,SCHEDULED,0,0.0
2026-10-07T05:36:20Z,1078X20226C4a,1078X,,SCHEDULED,180,3.0
2026-10-07T05:36:20Z,1078X21006C8a,1078X,,SCHEDULED,120,2.0
2026-10-07T05:36:20Z,1078X20433C4b,1078X,,SCHEDULED,0,0.0
2026-10-07T05:36:20Z,1078X21522C2,1078X,,SCHEDULED,0,0.0
2026-10-07T05:36:20Z,1078X19565C5,1078X,,SCHEDULED,540,9.0
2026-10-07T05:36:20Z,1078X21004C8a,1078X,,SCHEDULED,0,0.0
2026-10-07T05:36:20Z,1078X20431C4b,1078X,,SCHEDULED,0,0.0
2026-10-07T05:36:20Z,1078X21520C2,1078X,,SCHEDULED,0,0.0
2026-10-07T05:36:20Z,1078X19564C5,1078X,,SCHEDULED,0,0.0
2026-10-07T05:36:20Z,1078X19563C5,1078X,,SCHEDULED,60,1.0
2026-10-07T05:41:41Z,3078X23507C1,3078X,,SCHEDULED,600,10.0
2026-10-07T05:41:41Z,3078X23515C1,3078X,,SCHEDULED,120,2.0
2026-10-07T05:41:41Z,3078X23513C1,3078X,,SCHEDULED,120,2.0
2026-10-07T05:41:41Z,3078X23514C1,3078X,,SCHEDULED,0,0.0
2026-10-07T05:41:41Z,3078X23510C1,3078X,,SCHEDULED,0,0.0
2026-10-07T05:41:41Z,3078X23511C1,3078X,,SCHEDULED,660,11.0
2026-10-07T05:41:41Z,3078X23512C1,3078X,,SCHEDULED,300,5.0
2026-10-07T05:41:41Z,3078X23801C5,3078X,,SCHEDULED,2040,34.0
2026-10-07T05:41:41Z,3078X23508C1,3078X,,SCHEDULED,360,6.0
2026-10-07T05:41:41Z,3078X23703C5,3078X,,SCHEDULED,0,0.0
2026-10-07T05:41:41Z,3078X23509C1,3078X,,SCHEDULED,1020,17.0
2026-10-07T05:41:41Z,3078X23803C5,3078X,,SCHEDULED,-300,-5.0
2026-10-07T05:41:41Z,3078X23506C1,3078X,,SCHEDULED,720,12.0
2026-10-07T05:41:41Z,3078X23100C3,3078X,,SCHEDULED,120,2.0
2026-10-07T05:41:41Z,3078X23102C3,3078X,,SCHEDULED,660,11.0
2026-10-07T05:41:41Z,3178X23206C1,3178X,,SCHEDULED,60,1.0
2026-10-07T05:41:41Z,3178X23270C1,3178X,,SCHEDULED,0,0.0
2026-10-07T05:41:41Z,3178X23286C1a,3178X,,SCHEDULED,300,5.0
2026-10-07T05:41:41Z,3178X23423T1,3178X,,SCHEDULED,0,0.0
2026-10-07T05:41:41Z,3178X23424T1,3178X,,SCHEDULED,180,3.0
2026-10-07T05:41:41Z,3178X23426T1,3178X,,SCHEDULED,0,0.0
2026-10-07T05:41:41Z,3178X23207C1,3178X,,SCHEDULED,120,2.0
2026-10-07T05:41:41Z,3178X23208C1,3178X,,SCHEDULED,0,0.0
2026-10-07T05:41:41Z,3178X23209C1,3178X,,SCHEDULED,0,0.0
2026-10-07T05:41:41Z,3278X23153C2,3278X,,SCHEDULED,-60,-1.0
2026-10-07T05:41:41Z,3278X23311C1,3278X,,SCHEDULED,120,2.0
2026-10-07T05:41:41Z,3278X23313C1,3278X,,SCHEDULED,60,1.0
2026-10-07T05:41:41Z,3278X23152C2,3278X,,SCHEDULED,0,0.0
2026-10-07T05:41:41Z,3278X23306C1,3278X,,SCHEDULED,180,3.0
2026-10-07T05:41:41Z,3278X23308C1,3278X,,SCHEDULED,0,0.0
2026-10-07T05:41:41Z,4078X24209C1,4078X,,SCHEDULED,120,2.0
2026-10-07T05:41:41Z,4078X24309C6,4078X,,SCHEDULED,0,0.0
2026-10-07T05:41:41Z,4078X35484C6,4078X,,SCHEDULED,0,0.0
2026-10-07T05:41:41Z,4078X24302C6,4078X,,SCHEDULED,420,7.0
2026-10-07T05:41:41Z,4078X24303C6,4078X,,SCHEDULED,180,3.0
2026-10-07T05:41:41Z,4078X24007C2,4078X,,SCHEDULED,300,5.0
2026-10-07T05:41:41Z,4078X24206C1,4078X,,SCHEDULED,60,1.0
2026-10-07T05:41:41Z,4078X24008C2,4078X,,SCHEDULED,240,4.0
2026-10-07T05:41:41Z,4078X24283C1,4078X,,SCHEDULED,180,3.0
2026-10-07T05:41:41Z,4078X31404C3,4078X,,SCHEDULED,0,0.0
2026-10-07T05:41:41Z,4078X24305C6,4078X,,SCHEDULED,120,2.0
2026-10-07T05:41:41Z,4078X24306C6,4078X,,SCHEDULED,360,6.0
2026-10-07T05:41:41Z,4078X24009C2,4078X,,SCHEDULED,480,8.0
2026-10-07T05:41:41Z,4078X24382C6,4078X,,SCHEDULED,420,7.0
2026-10-07T05:41:41Z,4078X24208C1,4078X,,SCHEDULED,0,0.0
2026-10-07T05:41:41Z,4078X33720C6,4078X,,SCHEDULED,0,0.0
2026-10-07T05:41:41Z,4078X24211C1,4078X,,SCHEDULED,0,0.0
2026-10-07T05:41:41Z,4078X24013C2,4078X,,SCHEDULED,0,0.0
2026-10-07T05:41:41Z,4078X24016C2,4078X,,SCHEDULED,0,0.0
2026-10-07T05:41:41Z,4078X24291C1,4078X,,SCHEDULED,60,1.0
2026-10-07T05:41:41Z,4078X31456C3,4078X,,SCHEDULED,60,1.0
2026-10-07T05:41:41Z,5178X15040R13,5178X,,SCHEDULED,1740,29.0
2026-10-07T05:41:41Z,5178X15003R15,5178X,,CANCELED,,
2026-10-07T05:41:41Z,5178X25609R1,5178X,,CANCELED,,
2026-10-07T05:41:41Z,5178X25600R1,5178X,,CANCELED,,
2026-10-07T05:41:41Z,5178X25406R2N,5178X,,CANCELED,,
2026-10-07T05:41:41Z,5178X25603R1,5178X,,CANCELED,,
2026-10-07T05:41:41Z,5178X25480R2S,5178X,,SCHEDULED,840,14.0
2026-10-07T05:41:41Z,5178X28474R2,5178X,,CANCELED,,
2026-10-07T05:41:41Z,5178X77410R4,5178X,,CANCELED,,
2026-10-07T05:41:41Z,5178X28554R2,5178X,,CANCELED,,
2026-10-07T05:41:41Z,5178X77412R4,5178X,,CANCELED,,
2026-10-07T05:41:41Z,5178X28476R2,5178X,,CANCELED,,
2026-10-07T05:41:41Z,5178X15722R11,5178X,,CANCELED,,
2026-10-07T05:41:41Z,5178X15720R11,5178X,,CANCELED,,
2026-10-07T05:41:41Z,5178X28271R2S,5178X,,SCHEDULED,0,0.0
2026-10-07T05:41:41Z,5178X28272R2S,5178X,,CANCELED,,
2026-10-07T05:41:41Z,5178X28470R2,5178X,,SCHEDULED,1260,21.0
2026-10-07T05:41:41Z,5178X25616R1,5178X,,CANCELED,,
2026-10-07T05:41:41Z,5178X15850R11,5178X,,CANCELED,,
2026-10-07T05:41:41Z,5178X18120R16,5178X,,SCHEDULED,540,9.0
2026-10-07T05:41:41Z,5178X15772R11,5178X,,CANCELED,,
2026-10-07T05:41:41Z,5178X18121R16,5178X,,SCHEDULED,3120,52.0
2026-10-07T05:41:41Z,5178X15253RG1,5178X,,SCHEDULED,0,0.0
2026-10-07T05:41:41Z,5178X18123R16,5178X,,CANCELED,,
2026-10-07T05:41:41Z,5178X25611R1,5178X,,CANCELED,,
2026-10-07T05:41:41Z,5178X25610R1,5178X,,CANCELED,,
2026-10-07T05:41:41Z,5178X25613R1,5178X,,CANCELED,,
2026-10-07T05:41:41Z,5178X28408R2N,5178X,,CANCELED,,
2026-10-07T05:41:41Z,5178X15050R14,5178X,,SCHEDULED,1020,17.0
2026-10-07T05:41:41Z,5178X25612R1,5178X,,CANCELED,,
2026-10-07T05:41:41Z,5178X25614R1,5178X,,CANCELED,,
2026-10-07T05:41:41Z,5178X35525R3,5178X,,CANCELED,,
2026-10-07T05:41:41Z,5178X35523R3,5178X,,CANCELED,,
2026-10-07T05:41:41Z,5178X35520R3,5178X,,CANCELED,,
2026-10-07T05:41:41Z,5178X28564R2,5178X,,CANCELED,,
2026-10-07T05:41:41Z,5178X15852R11,5178X,,CANCELED,,
2026-10-07T05:41:41Z,5178X77406R4,5178X,,SCHEDULED,540,9.0
2026-10-07T05:41:41Z,5178X15774R11,5178X,,CANCELED,,
2026-10-07T05:41:41Z,5178X77804R7,5178X,,CANCELED,,
2026-10-07T05:41:41Z,5178X77606R4,5178X,,CANCELED,,
2026-10-07T05:41:41Z,5178X77408R4,5178X,,CANCELED,,
2026-10-07T05:41:41Z,5178X77608R4,5178X,,CANCELED,,
2026-10-07T05:41:41Z,5178X25507R2S,5178X,,CANCELED,,
2026-10-07T05:41:41Z,5178X25506R2S,5178X,,CANCELED,,
2026-10-07T05:41:41Z,5178X25710R1,5178X,,CANCELED,,
2026-10-07T05:41:41Z,5178X25712R1,5178X,,CANCELED,,
2026-10-07T05:41:41Z,5178X25509R2S,5178X,,CANCELED,,
2026-10-07T05:41:41Z,5178X25711R1,5178X,,CANCELED,,
2026-10-07T05:41:41Z,5178X25707R1,5178X,,CANCELED,,
2026-10-07T05:41:41Z,5178X25714R1,5178X,,CANCELED,,
2026-10-07T05:41:41Z,5178X28506R2,5178X,,SCHEDULED,3180,53.0
2026-10-07T05:41:41Z,5178X25709R1,5178X,,CANCELED,,
2026-10-07T05:41:41Z,5178X77980R4,5178X,,CANCELED,,
2026-10-07T05:41:41Z,5178X77982R4,5178X,,CANCELED,,
2026-10-07T05:41:41Z,5178X25708R1,5178X,,CANCELED,,
2026-10-07T05:41:41Z,5178X25620R1,5178X,,CANCELED,,
2026-10-07T05:41:41Z,5178X28466R2,5178X,,CANCELED,,
2026-10-07T05:41:41Z,5178X25500R2S,5178X,,CANCELED,,
2026-10-07T05:41:41Z,5178X77500R4,5178X,,CANCELED,,
2026-10-07T05:41:41Z,5178X25503R2S,5178X,,SCHEDULED,1800,30.0
2026-10-07T05:41:41Z,5178X77984R4,5178X,,CANCELED,,
2026-10-07T05:41:41Z,5178X28269R2S,5178X,,SCHEDULED,180,3.0
2026-10-07T05:41:41Z,5178X25700R1,5178X,,CANCELED,,
2026-10-07T05:41:41Z,5178X25504R2S,5178X,,CANCELED,,
2026-10-07T05:41:41Z,5178X77986R4,5178X,,CANCELED,,
2026-10-07T05:41:41Z,5178X28254R2S,5178X,,SCHEDULED,840,14.0
2026-10-07T05:41:41Z,5178X78634R8,5178X,,CANCELED,,
2026-10-07T05:41:41Z,5178X15904R11,5178X,,CANCELED,,
2026-10-07T05:41:41Z,5178X28252R2S,5178X,,SCHEDULED,1860,31.0
2026-10-07T05:41:41Z,5178X28267R2S,5178X,,SCHEDULED,1440,24.0
2026-10-07T05:41:41Z,5178X77502R4,5178X,,SCHEDULED,4020,67.0
2026-10-07T05:41:41Z,5178X78600R8,5178X,,SCHEDULED,1860,31.0
2026-10-07T05:41:41Z,5178X77506R4,5178X,,SCHEDULED,1920,32.0
2026-10-07T05:41:41Z,5178X33521RL4,5178X,,SCHEDULED,480,8.0
2026-10-07T05:41:41Z,5178X28258R2S,5178X,,CANCELED,,
2026-10-07T05:41:41Z,5178X78602R8,5178X,,CANCELED,,
2026-10-07T05:41:41Z,5178X77706R4,5178X,,CANCELED,,
2026-10-07T05:41:41Z,5178X28410R2N,5178X,,CANCELED,,
2026-10-07T05:41:41Z,5178X77508R4,5178X,,SCHEDULED,1380,23.0
2026-10-07T05:41:41Z,5178X77316R3,5178X,,SCHEDULED,-60,-1.0
2026-10-07T05:41:41Z,5178X35518R3,5178X,,SCHEDULED,-60,-1.0
2026-10-07T05:41:41Z,5178X77708R4,5178X,,CANCELED,,
2026-10-07T05:41:41Z,5178X15900R11,5178X,,CANCELED,,
2026-10-07T05:41:41Z,5178X25408R2N,5178X,,CANCELED,,
2026-10-07T05:41:41Z,5178X15041R13,5178X,,CANCELED,,
2026-10-07T05:41:41Z,5178X25607R1,5178X,,CANCELED,,
2026-10-07T05:41:41Z,6078X26508C3,6078X,,SCHEDULED,300,5.0
2026-10-07T05:41:41Z,6078X26509C3,6078X,,SCHEDULED,0,0.0
2026-10-07T05:41:41Z,6078X26510C3,6078X,,SCHEDULED,0,0.0
2026-10-07T05:41:41Z,6078X26512C3,6078X,,SCHEDULED,0,0.0
2026-10-07T05:41:41Z,6078X71580C5,6078X,,SCHEDULED,-60,-1.0
2026-10-07T05:41:41Z,6078X26113C1,6078X,,SCHEDULED,180,3.0
2026-10-07T05:41:41Z,6078X26010C2,6078X,,SCHEDULED,360,6.0
2026-10-07T05:41:41Z,6078X26012C2,6078X,,SCHEDULED,420,7.0
2026-10-07T05:41:41Z,6078X26112C1,6078X,,SCHEDULED,60,1.0
2026-10-07T05:41:41Z,6078X26011C2,6078X,,SCHEDULED,360,6.0
2026-10-07T05:41:41Z,6078X26013C2,6078X,,SCHEDULED,60,1.0
2026-10-07T05:41:41Z,6078X26014C2,6078X,,SCHEDULED,0,0.0
2026-10-07T05:41:41Z,6078X71504C4,6078X,,SCHEDULED,300,5.0
2026-10-07T05:41:41Z,6078X71509C4,6078X,,SCHEDULED,0,0.0
2026-10-07T05:41:41Z,6078X71502C4,6078X,,SCHEDULED,-60,-1.0
2026-10-07T05:41:41Z,6078X71507C4,6078X,,SCHEDULED,-120,-2.0
2026-10-07T05:41:41Z,6078X71505C4,6078X,,SCHEDULED,240,4.0
2026-10-07T05:41:41Z,6078X26115C1,6078X,,SCHEDULED,0,0.0
2026-10-07T05:41:41Z,6078X26511C3,6078X,,SCHEDULED,0,0.0
2026-10-07T05:41:41Z,6078X71506C4,6078X,,SCHEDULED,0,0.0
2026-10-07T05:41:41Z,6078X26114C1,6078X,,SCHEDULED,0,0.0
2026-10-07T05:41:41Z,6078X71570C4,6078X,,SCHEDULED,60,1.0
2026-10-07T05:41:41Z,6078X26603C3,6078X,,SCHEDULED,60,1.0
2026-10-07T05:41:41Z,6078X26015C2,6078X,,SCHEDULED,0,0.0
2026-10-07T05:41:41Z,6078X26604C3,6078X,,SCHEDULED,120,2.0
2026-10-07T05:41:41Z,6178X35687C1,6178X,,SCHEDULED,840,14.0
2026-10-07T05:41:41Z,6178X35615C1,6178X,,SCHEDULED,300,5.0
2026-10-07T05:41:41Z,6178X35616C1,6178X,,SCHEDULED,-120,-2.0
2026-10-07T05:41:41Z,6178X35665C1,6178X,,SCHEDULED,240,4.0
2026-10-07T05:41:41Z,6278X26905C1,6278X,,SCHEDULED,180,3.0
2026-10-07T05:41:41Z,6278X71840C3,6278X,,SCHEDULED,-60,-1.0
2026-10-07T05:41:41Z,6278X71355C3,6278X,,SCHEDULED,60,1.0
2026-10-07T05:41:41Z,6278X26907C1,6278X,,SCHEDULED,120,2.0
2026-10-07T05:41:41Z,6278X71156C2,6278X,,SCHEDULED,60,1.0
2026-10-07T05:41:41Z,6278X26904C1,6278X,,SCHEDULED,-60,-1.0
2026-10-07T05:41:41Z,6278X71352C3,6278X,,SCHEDULED,0,0.0
2026-10-07T05:41:41Z,6278X71154C2,6278X,,SCHEDULED,960,16.0
2026-10-07T05:41:41Z,6278X71107C2,6278X,,CANCELED,,
2026-10-07T05:41:41Z,6278X26906C1,6278X,,SCHEDULED,0,0.0
2026-10-07T05:41:41Z,6278X71153C2,6278X,,SCHEDULED,120,2.0
2026-10-07T05:41:41Z,6278X71151C2,6278X,,SCHEDULED,900,15.0
2026-10-07T05:41:41Z,6278X71106C2,6278X,,CANCELED,,
2026-10-07T05:41:41Z,4678X70051C1,4678X,,SCHEDULED,240,4.0
2026-10-07T05:41:41Z,4678X70050C1,4678X,,SCHEDULED,0,0.0
2026-10-07T05:41:41Z,4678X70150C1,4678X,,SCHEDULED,60,1.0
2026-10-07T05:41:41Z,4678X70001C1,4678X,,SCHEDULED,0,0.0
2026-10-07T05:41:41Z,4778X71081C1,4778X,,SCHEDULED,0,0.0
2026-10-07T05:41:41Z,4778X71051C1,4778X,,SCHEDULED,0,0.0
2026-10-07T05:41:41Z,4778X71090C1,4778X,,SCHEDULED,0,0.0
2026-10-07T05:41:41Z,2078X70203C4,2078X,,SCHEDULED,1020,17.0
2026-10-07T05:41:41Z,2078X70206C4,2078X,,SCHEDULED,480,8.0
2026-10-07T05:41:41Z,2078X70800C6,2078X,,SCHEDULED,120,2.0
2026-10-07T05:41:41Z,2078X22007C1,2078X,,SCHEDULED,60,1.0
2026-10-07T05:41:41Z,2078X70565C5a,2078X,,SCHEDULED,0,0.0
2026-10-07T05:41:41Z,2078X22205C2,2078X,,SCHEDULED,480,8.0
2026-10-07T05:41:41Z,2078X22001C1,2078X,,SCHEDULED,660,11.0
2026-10-07T05:41:41Z,2078X70758C6,2078X,,SCHEDULED,0,0.0
2026-10-07T05:41:41Z,2078X22003C1,2078X,,SCHEDULED,300,5.0
2026-10-07T05:41:41Z,2078X70853C6,2078X,,SCHEDULED,600,10.0
2026-10-07T05:41:41Z,2078X22005C1,2078X,,SCHEDULED,60,1.0
2026-10-07T05:41:41Z,2078X70852C6,2078X,,SCHEDULED,0,0.0
2026-10-07T05:41:41Z,2078X22203C2,2078X,,SCHEDULED,240,4.0
2026-10-07T05:41:41Z,2078X22313C3,2078X,,SCHEDULED,0,0.0
2026-10-07T05:41:41Z,2078X70855C6,2078X,,SCHEDULED,60,1.0
2026-10-07T05:41:41Z,2078X70904C8,2078X,,SCHEDULED,240,4.0
2026-10-07T05:41:41Z,2078X70850C6,2078X,,SCHEDULED,660,11.0
2026-10-07T05:41:41Z,2078X70505C7,2078X,,SCHEDULED,300,5.0
2026-10-07T05:41:41Z,2078X70251C4,2078X,,SCHEDULED,600,10.0
2026-10-07T05:41:41Z,2078X70901C8,2078X,,SCHEDULED,1380,23.0
2026-10-07T05:41:41Z,2078X70250C4,2078X,,SCHEDULED,600,10.0
2026-10-07T05:41:41Z,2078X70504C7,2078X,,SCHEDULED,2340,39.0
2026-10-07T05:41:41Z,2078X22010C1,2078X,,SCHEDULED,0,0.0
2026-10-07T05:41:41Z,2078X70903C8,2078X,,SCHEDULED,0,0.0
2026-10-07T05:41:41Z,2078X70802C6,2078X,,SCHEDULED,0,0.0
2026-10-07T05:41:41Z,2078X70208C4,2078X,,SCHEDULED,0,0.0
2026-10-07T05:41:41Z,2078X70507C7,2078X,,SCHEDULED,0,0.0
2026-10-07T05:41:41Z,2078X70301C4,2078X,,SCHEDULED,240,4.0
2026-10-07T05:41:41Z,2078X70902C8,2078X,,SCHEDULED,780,13.0
2026-10-07T05:41:41Z,2078X70300C4,2078X,,SCHEDULED,2460,41.0
2026-10-07T05:41:41Z,2078X70506C7,2078X,,SCHEDULED,60,1.0
2026-10-07T05:41:41Z,2078X22100C1,2078X,,SCHEDULED,240,4.0
2026-10-07T05:41:41Z,2078X22304C3,2078X,,SCHEDULED,180,3.0
2026-10-07T05:41:41Z,2078X70405C5,2078X,,SCHEDULED,0,0.0
2026-10-07T05:41:41Z,2078X22008C1,2078X,,SCHEDULED,300,5.0
2026-10-07T05:41:41Z,2078X22306C3,2078X,,SCHEDULED,0,0.0
2026-10-07T05:41:41Z,2078X22206C2,2078X,,SCHEDULED,660,11.0
2026-10-07T05:41:41Z,2078X70302C4,2078X,,SCHEDULED,660,11.0
2026-10-07T05:41:41Z,2078X22109C1,2078X,,SCHEDULED,0,0.0
2026-10-07T05:41:41Z,2078X22307C3,2078X,,SCHEDULED,420,7.0
2026-10-07T05:41:41Z,4178X84902C2,4178X,,SCHEDULED,1260,21.0
2026-10-07T05:41:41Z,4178X84901C2,4178X,,SCHEDULED,6060,101.0
2026-10-07T05:41:41Z,4178X32801C3,4178X,,SCHEDULED,1020,17.0
2026-10-07T05:41:41Z,4178X32800C3,4178X,,SCHEDULED,2280,38.0
2026-10-07T05:41:41Z,4178X84903C2,4178X,,SCHEDULED,960,16.0
2026-10-07T05:41:41Z,4178X24702C1,4178X,,SCHEDULED,1080,18.0
2026-10-07T05:41:41Z,4178X84900C2,4178X,,SCHEDULED,5760,96.0
2026-10-07T05:41:41Z,4178X24704C1,4178X,,SCHEDULED,660,11.0
2026-10-07T05:41:41Z,4178X24703C1,4178X,,SCHEDULED,120,2.0
2026-10-07T05:41:41Z,4178X24705C1,4178X,,SCHEDULED,180,3.0
2026-10-07T05:41:41Z,4178X24751C1,4178X,,SCHEDULED,0,0.0
2026-10-07T05:41:41Z,4578X71600C1,4578X,,SCHEDULED,480,8.0
2026-10-07T05:41:41Z,4578X71605C1,4578X,,SCHEDULED,60,1.0
2026-10-07T05:41:41Z,4578X71602C1,4578X,,SCHEDULED,120,2.0
2026-10-07T05:41:41Z,7078X31502C1,7078X,,SCHEDULED,420,7.0
2026-10-07T05:41:41Z,7078X31504C1,7078X,,SCHEDULED,0,0.0
2026-10-07T05:41:41Z,7078X31507C1,7078X,,SCHEDULED,0,0.0
2026-10-07T05:41:41Z,7078X31505C1,7078X,,SCHEDULED,120,2.0
2026-10-07T05:41:41Z,1078X19540C5,1078X,,SCHEDULED,0,0.0
2026-10-07T05:41:41Z,1078X20012C3,1078X,,SCHEDULED,0,0.0
2026-10-07T05:41:41Z,1078X21186C10,1078X,,SCHEDULED,540,9.0
2026-10-07T05:41:41Z,1078X21509C2,1078X,,SCHEDULED,60,1.0
2026-10-07T05:41:41Z,1078X20419C4b,1078X,,SCHEDULED,0,0.0
2026-10-07T05:41:41Z,1078X20418C4b,1078X,,SCHEDULED,60,1.0
2026-10-07T05:41:41Z,1078X20416C4b,1078X,,SCHEDULED,300,5.0
2026-10-07T05:41:41Z,1078X21108C10,1078X,,SCHEDULED,480,8.0
2026-10-07T05:41:41Z,1078X20019C3,1078X,,SCHEDULED,120,2.0
2026-10-07T05:41:41Z,1078X20414C4b,1078X,,CANCELED,,
2026-10-07T05:41:41Z,1078X20018C3,1078X,,SCHEDULED,540,9.0
2026-10-07T05:41:41Z,1078X21106C10,1078X,,SCHEDULED,300,5.0
2026-10-07T05:41:41Z,1078X36202C10,1078X,,SCHEDULED,420,7.0
2026-10-07T05:41:41Z,1078X21182C10,1078X,,SCHEDULED,240,4.0
2026-10-07T05:41:41Z,1078X20423C4b,1078X,,SCHEDULED,720,12.0
2026-10-07T05:41:41Z,1078X20422C4b,1078X,,SCHEDULED,720,12.0
2026-10-07T05:41:41Z,1078X21511C2,1078X,,SCHEDULED,300,5.0
2026-10-07T05:41:41Z,1078X20025C3,1078X,,SCHEDULED,0,0.0
2026-10-07T05:41:41Z,1078X19557C5,1078X,,SCHEDULED,120,2.0
2026-10-07T05:41:41Z,1078X20421C4b,1078X,,SCHEDULED,240,4.0
2026-10-07T05:41:41Z,1078X19556C5,1078X,,SCHEDULED,0,0.0
2026-10-07T05:41:41Z,1078X20420C4b,1078X,,SCHEDULED,0,0.0
2026-10-07T05:41:41Z,1078X20023C3,1078X,,SCHEDULED,0,0.0
2026-10-07T05:41:41Z,1078X19551C5,1078X,,SCHEDULED,60,1.0
2026-10-07T05:41:41Z,1078X20022C3,1078X,,SCHEDULED,0,0.0
2026-10-07T05:41:41Z,1078X19550C5,1078X,,SCHEDULED,0,0.0
2026-10-07T05:41:41Z,1078X21110C10,1078X,,SCHEDULED,0,0.0
2026-10-07T05:41:41Z,1078X20020C3,1078X,,SCHEDULED,120,2.0
2026-10-07T05:41:41Z,1078X20429C4b,1078X,,SCHEDULED,480,8.0
2026-10-07T05:41:41Z,1078X21517C2,1078X,,SCHEDULED,360,6.0
2026-10-07T05:41:41Z,1078X20427C4b,1078X,,SCHEDULED,120,2.0
2026-10-07T05:41:41Z,1078X19563C5,1078X,,SCHEDULED,120,2.0
2026-10-07T05:41:41Z,1078X21516C2,1078X,,SCHEDULED,540,9.0
2026-10-07T05:41:41Z,1078X21806C7,1078X,,SCHEDULED,0,0.0
2026-10-07T05:41:41Z,1078X19560C5,1078X,,SCHEDULED,0,0.0
2026-10-07T05:41:41Z,1078X21514C2,1078X,,SCHEDULED,420,7.0
2026-10-07T05:41:41Z,1078X21804C7,1078X,,SCHEDULED,720,12.0
2026-10-07T05:41:41Z,1078X20424C4b,1078X,,SCHEDULED,0,0.0
2026-10-07T05:41:41Z,1078X21008C8a,1078X,,SCHEDULED,540,9.0
2026-10-07T05:41:41Z,1078X20435C4b,1078X,,SCHEDULED,0,0.0
2026-10-07T05:41:41Z,1078X21513C2,1078X,,SCHEDULED,420,7.0
2026-10-07T05:41:41Z,1078X35983C2,1078X,,SCHEDULED,480,8.0
2026-10-07T05:41:41Z,1078X35982C2,1078X,,SCHEDULED,180,3.0
2026-10-07T05:41:41Z,1078X21007C8a,1078X,,SCHEDULED,240,4.0
2026-10-07T05:41:41Z,1078X20236C4a,1078X,,SCHEDULED,0,0.0
2026-10-07T05:41:41Z,1078X21600C2,1078X,,SCHEDULED,480,8.0
2026-10-07T05:41:41Z,1078X19569C5,1078X,,SCHEDULED,300,5.0
2026-10-07T05:41:41Z,1078X21204C10,1078X,,SCHEDULED,480,8.0
2026-10-07T05:41:41Z,1078X20720C5,1078X,,SCHEDULED,120,2.0
2026-10-07T05:41:41Z,1078X20234C4a,1078X,,SCHEDULED,0,0.0
2026-10-07T05:41:41Z,1078X19579C5,1078X,,SCHEDULED,0,0.0
2026-10-07T05:41:41Z,1078X20751C5,1078X,,SCHEDULED,0,0.0
2026-10-07T05:41:41Z,1078X20233C4a,1078X,,SCHEDULED,0,0.0
2026-10-07T05:41:41Z,1078X19573C5,1078X,,SCHEDULED,120,2.0
2026-10-07T05:41:41Z,1078X20232C4a,1078X,,SCHEDULED,480,8.0
2026-10-07T05:41:41Z,1078X20231C4a,1078X,,SCHEDULED,0,0.0
2026-10-07T05:41:41Z,1078X19574C5,1078X,,SCHEDULED,0,0.0
2026-10-07T05:41:41Z,1078X20230C4a,1078X,,SCHEDULED,120,2.0
2026-10-07T05:41:41Z,1078X21817C7,1078X,,SCHEDULED,60,1.0
2026-10-07T05:41:41Z,1078X21607C2,1078X,,SCHEDULED,180,3.0
2026-10-07T05:41:41Z,1078X20758C5,1078X,,SCHEDULED,0,0.0
2026-10-07T05:41:41Z,1078X20606C8b,1078X,,SCHEDULED,180,3.0
2026-10-07T05:41:41Z,1078X21604C2,1078X,,SCHEDULED,0,0.0
2026-10-07T05:41:41Z,1078X21208C10,1078X,,SCHEDULED,0,0.0
2026-10-07T05:41:41Z,1078X20727C5,1078X,,SCHEDULED,480,8.0
2026-10-07T05:41:41Z,1078X20755C5,1078X,,SCHEDULED,0,0.0
2026-10-07T05:41:41Z,1078X20605C8b,1078X,,SCHEDULED,1020,17.0
2026-10-07T05:41:41Z,1078X21602C2,1078X,,SCHEDULED,240,4.0
2026-10-07T05:41:41Z,1078X21206C10,1078X,,SCHEDULED,180,3.0
2026-10-07T05:41:41Z,1078X20754C5,1078X,,CANCELED,,
2026-10-07T05:41:41Z,1078X21719C2,1078X,,SCHEDULED,0,0.0
2026-10-07T05:41:41Z,1078X20764C5,1078X,,SCHEDULED,0,0.0
2026-10-07T05:41:41Z,1078X20726C5,1078X,,SCHEDULED,120,2.0
2026-10-07T05:41:41Z,1078X19530C5,1078X,,SCHEDULED,180,3.0
2026-10-07T05:41:41Z,1078X19570C5,1078X,,SCHEDULED,0,0.0
2026-10-07T05:41:41Z,1078X20604C8b,1078X,,SCHEDULED,60,1.0
2026-10-07T05:41:41Z,1078X20603C8b,1078X,,SCHEDULED,480,8.0
2026-10-07T05:41:41Z,1078X19819C1,1078X,,SCHEDULED,0,0.0
2026-10-07T05:41:41Z,1078X21813C7,1078X,,SCHEDULED,180,3.0
2026-10-07T05:41:41Z,1078X21609C2,1078X,,SCHEDULED,120,2.0
2026-10-07T05:41:41Z,1078X19816C1,1078X,,SCHEDULED,0,0.0
2026-10-07T05:41:41Z,1078X20723C5,1078X,,SCHEDULED,240,4.0
2026-10-07T05:41:41Z,1078X21811C7,1078X,,SCHEDULED,300,5.0
2026-10-07T05:41:41Z,1078X19817C1,1078X,,SCHEDULED,360,6.0
2026-10-07T05:41:41Z,1078X21810C7,1078X,,SCHEDULED,0,0.0
2026-10-07T05:41:41Z,1078X19812C1,1078X,,SCHEDULED,120,2.0
2026-10-07T05:41:41Z,1078X21808C7,1078X,,SCHEDULED,120,2.0
2026-10-07T05:41:41Z,1078X19814C1,1078X,,SCHEDULED,0,0.0
2026-10-07T05:41:41Z,1078X20719C5,1078X,,SCHEDULED,120,2.0
2026-10-07T05:41:41Z,1078X19538C5,1078X,,SCHEDULED,60,1.0
2026-10-07T05:41:41Z,1078X35809C7,1078X,,SCHEDULED,540,9.0
2026-10-07T05:41:41Z,1078X19544C5,1078X,,SCHEDULED,300,5.0
2026-10-07T05:41:41Z,1078X20016C3,1078X,,SCHEDULED,300,5.0
2026-10-07T05:41:41Z,1078X20014C3,1078X,,SCHEDULED,180,3.0
2026-10-07T05:41:41Z,1078X20731C5,1078X,,SCHEDULED,660,11.0
2026-10-07T05:41:41Z,1078X20410C4b,1078X,,SCHEDULED,120,2.0
2026-10-07T05:41:41Z,1078X20730C5,1078X,,CANCELED,,
2026-10-07T05:41:41Z,1078X19545C5,1078X,,SCHEDULED,3600,60.0
2026-10-07T05:41:41Z,1078X19583C5,1078X,,SCHEDULED,0,0.0
2026-10-07T05:41:41Z,1078X20739C5,1078X,,SCHEDULED,180,3.0
2026-10-07T05:41:41Z,1078X20133C3,1078X,,SCHEDULED,0,0.0
2026-10-07T05:41:41Z,1078X21706C2,1078X,,SCHEDULED,660,11.0
2026-10-07T05:41:41Z,1078X20737C5,1078X,,SCHEDULED,120,2.0
2026-10-07T05:41:41Z,1078X21309C10,1078X,,SCHEDULED,1080,18.0
2026-10-07T05:41:41Z,1078X21308C10,1078X,,SCHEDULED,240,4.0
2026-10-07T05:41:41Z,1078X20219C4a,1078X,,SCHEDULED,120,2.0
2026-10-07T05:41:41Z,1078X20734C5,1078X,,SCHEDULED,0,0.0
2026-10-07T05:41:41Z,1078X21306C10,1078X,,SCHEDULED,540,9.0
2026-10-07T05:41:41Z,1078X21821C7,1078X,,SCHEDULED,0,0.0
2026-10-07T05:41:41Z,1078X21819C7,1078X,,SCHEDULED,0,0.0
2026-10-07T05:41:41Z,1078X20225C4a,1078X,,SCHEDULED,480,8.0
2026-10-07T05:41:41Z,1078X20224C4a,1078X,,SCHEDULED,660,11.0
2026-10-07T05:41:41Z,1078X20223C4a,1078X,,SCHEDULED,480,8.0
2026-10-07T05:41:41Z,1078X20740C5,1078X,,SCHEDULED,180,3.0
2026-10-07T05:41:41Z,1078X21311C10,1078X,,SCHEDULED,0,0.0
2026-10-07T05:41:41Z,1078X20222C4a,1078X,,SCHEDULED,180,3.0
2026-10-07T05:41:41Z,1078X21310C10,1078X,,SCHEDULED,120,2.0
2026-10-07T05:41:41Z,1078X20221C4a,1078X,,SCHEDULED,180,3.0
2026-10-07T05:41:41Z,1078X20748C5,1078X,,SCHEDULED,60,1.0
2026-10-07T05:41:41Z,1078X20229C4a,1078X,,SCHEDULED,360,6.0
2026-10-07T05:41:41Z,1078X20745C5,1078X,,SCHEDULED,0,0.0
2026-10-07T05:41:41Z,1078X20228C4a,1078X,,SCHEDULED,120,2.0
2026-10-07T05:41:41Z,1078X20227C4a,1078X,,SCHEDULED,300,5.0
2026-10-07T05:41:41Z,1078X20226C4a,1078X,,SCHEDULED,480,8.0
2026-10-07T05:41:41Z,1078X21006C8a,1078X,,SCHEDULED,120,2.0
2026-10-07T05:41:41Z,1078X20433C4b,1078X,,SCHEDULED,0,0.0
2026-10-07T05:41:41Z,1078X21522C2,1078X,,SCHEDULED,0,0.0
2026-10-07T05:41:41Z,1078X19565C5,1078X,,SCHEDULED,660,11.0
2026-10-07T05:41:41Z,1078X21004C8a,1078X,,SCHEDULED,240,4.0
2026-10-07T05:41:41Z,1078X20431C4b,1078X,,SCHEDULED,0,0.0
2026-10-07T05:41:41Z,1078X21520C2,1078X,,SCHEDULED,120,2.0
2026-10-07T05:41:41Z,1078X19564C5,1078X,,SCHEDULED,120,2.0
2026-10-07T05:46:36Z,3078X23508C1,3078X,,SCHEDULED,540,9.0
2026-10-07T05:46:36Z,3078X23509C1,3078X,,SCHEDULED,1080,18.0
2026-10-07T05:46:36Z,3078X23102C3,3078X,,SCHEDULED,780,13.0
2026-10-07T05:46:36Z,3078X23515C1,3078X,,SCHEDULED,60,1.0
2026-10-07T05:46:36Z,3078X23513C1,3078X,,SCHEDULED,120,2.0
2026-10-07T05:46:36Z,3078X23100C3,3078X,,SCHEDULED,300,5.0
2026-10-07T05:46:36Z,3078X23703C5,3078X,,SCHEDULED,0,0.0
2026-10-07T05:46:36Z,3078X23514C1,3078X,,SCHEDULED,240,4.0
2026-10-07T05:46:36Z,3078X23510C1,3078X,,SCHEDULED,60,1.0
2026-10-07T05:46:36Z,3078X23511C1,3078X,,SCHEDULED,720,12.0
2026-10-07T05:46:36Z,3078X23512C1,3078X,,SCHEDULED,240,4.0
2026-10-07T05:46:36Z,3078X23506C1,3078X,,SCHEDULED,720,12.0
2026-10-07T05:46:36Z,3078X23507C1,3078X,,SCHEDULED,300,5.0
2026-10-07T05:46:36Z,3178X23206C1,3178X,,SCHEDULED,180,3.0
2026-10-07T05:46:36Z,3178X23270C1,3178X,,SCHEDULED,0,0.0
2026-10-07T05:46:36Z,3178X23286C1a,3178X,,SCHEDULED,300,5.0
2026-10-07T05:46:36Z,3178X23287C1a,3178X,,SCHEDULED,0,0.0
2026-10-07T05:46:36Z,3178X23423T1,3178X,,SCHEDULED,0,0.0
2026-10-07T05:46:36Z,3178X23426T1,3178X,,SCHEDULED,0,0.0
2026-10-07T05:46:36Z,3178X23207C1,3178X,,SCHEDULED,120,2.0
2026-10-07T05:46:36Z,3178X23208C1,3178X,,SCHEDULED,0,0.0
2026-10-07T05:46:36Z,3178X23209C1,3178X,,SCHEDULED,60,1.0
2026-10-07T05:46:36Z,3278X23310C1,3278X,,SCHEDULED,0,0.0
2026-10-07T05:46:36Z,3278X23311C1,3278X,,SCHEDULED,120,2.0
2026-10-07T05:46:36Z,3278X23313C1,3278X,,SCHEDULED,0,0.0
2026-10-07T05:46:36Z,3278X23152C2,3278X,,SCHEDULED,0,0.0
2026-10-07T05:46:36Z,3278X23153C2,3278X,,SCHEDULED,60,1.0
2026-10-07T05:46:36Z,3278X23306C1,3278X,,SCHEDULED,180,3.0
2026-10-07T05:46:36Z,3278X23308C1,3278X,,SCHEDULED,240,4.0
2026-10-07T05:46:36Z,4078X24383C6,4078X,,SCHEDULED,120,2.0
2026-10-07T05:46:36Z,4078X31456C3,4078X,,SCHEDULED,120,2.0
2026-10-07T05:46:36Z,4078X24208C1,4078X,,SCHEDULED,120,2.0
2026-10-07T05:46:36Z,4078X24209C1,4078X,,SCHEDULED,60,1.0
2026-10-07T05:46:36Z,4078X24009C2,4078X,,SCHEDULED,480,8.0
2026-10-07T05:46:36Z,4078X24283C1,4078X,,SCHEDULED,120,2.0
2026-10-07T05:46:36Z,4078X24011C2,4078X,,SCHEDULED,60,1.0
2026-10-07T05:46:36Z,4078X35408C6,4078X,,SCHEDULED,0,0.0
2026-10-07T05:46:36Z,4078X31404C3,4078X,,SCHEDULED,0,0.0
2026-10-07T05:46:36Z,4078X35484C6,4078X,,SCHEDULED,0,0.0
2026-10-07T05:46:36Z,4078X24007C2,4078X,,SCHEDULED,300,5.0
2026-10-07T05:46:36Z,4078X24206C1,4078X,,SCHEDULED,-60,-1.0
2026-10-07T05:46:36Z,4078X24008C2,4078X,,SCHEDULED,300,5.0
2026-10-07T05:46:36Z,4078X36404C1,4078X,,SCHEDULED,-60,-1.0
2026-10-07T05:46:36Z,4078X33720C6,4078X,,SCHEDULED,60,1.0
2026-10-07T05:46:36Z,4078X24309C6,4078X,,SCHEDULED,60,1.0
2026-10-07T05:46:36Z,4078X24302C6,4078X,,SCHEDULED,480,8.0
2026-10-07T05:46:36Z,4078X24303C6,4078X,,SCHEDULED,120,2.0
2026-10-07T05:46:36Z,4078X24211C1,4078X,,SCHEDULED,0,0.0
2026-10-07T05:46:36Z,4078X24013C2,4078X,,SCHEDULED,0,0.0
2026-10-07T05:46:36Z,4078X24304C6,4078X,,SCHEDULED,300,5.0
2026-10-07T05:46:36Z,4078X24015C2,4078X,,SCHEDULED,0,0.0
2026-10-07T05:46:36Z,4078X24016C2,4078X,,SCHEDULED,0,0.0
2026-10-07T05:46:36Z,4078X24291C1,4078X,,SCHEDULED,180,3.0
2026-10-07T05:46:36Z,4078X24305C6,4078X,,SCHEDULED,240,4.0
2026-10-07T05:46:36Z,4078X24306C6,4078X,,SCHEDULED,120,2.0
2026-10-07T05:46:36Z,5178X25607R1,5178X,,CANCELED,,
2026-10-07T05:46:36Z,5178X15040R13,5178X,,SCHEDULED,1920,32.0
2026-10-07T05:46:36Z,5178X15003R15,5178X,,CANCELED,,
2026-10-07T05:46:36Z,5178X25609R1,5178X,,CANCELED,,
2026-10-07T05:46:36Z,5178X25600R1,5178X,,CANCELED,,
2026-10-07T05:46:36Z,5178X25406R2N,5178X,,CANCELED,,
2026-10-07T05:46:36Z,5178X25603R1,5178X,,CANCELED,,
2026-10-07T05:46:36Z,5178X25480R2S,5178X,,SCHEDULED,840,14.0
2026-10-07T05:46:36Z,5178X28474R2,5178X,,CANCELED,,
2026-10-07T05:46:36Z,5178X28273R2S,5178X,,CANCELED,,
2026-10-07T05:46:36Z,5178X77410R4,5178X,,CANCELED,,
2026-10-07T05:46:36Z,5178X28554R2,5178X,,CANCELED,,
2026-10-07T05:46:36Z,5178X77412R4,5178X,,CANCELED,,
2026-10-07T05:46:36Z,5178X28476R2,5178X,,CANCELED,,
2026-10-07T05:46:36Z,5178X15722R11,5178X,,CANCELED,,
2026-10-07T05:46:36Z,5178X15720R11,5178X,,CANCELED,,
2026-10-07T05:46:36Z,5178X28271R2S,5178X,,SCHEDULED,0,0.0
2026-10-07T05:46:36Z,5178X28272R2S,5178X,,CANCELED,,
2026-10-07T05:46:36Z,5178X28470R2,5178X,,SCHEDULED,1320,22.0
2026-10-07T05:46:36Z,5178X25616R1,5178X,,CANCELED,,
2026-10-07T05:46:36Z,5178X25612R1,5178X,,CANCELED,,
2026-10-07T05:46:36Z,5178X25614R1,5178X,,CANCELED,,
2026-10-07T05:46:36Z,5178X77880R7,5178X,,CANCELED,,
2026-10-07T05:46:36Z,5178X35525R3,5178X,,SCHEDULED,0,0.0
2026-10-07T05:46:36Z,5178X35523R3,5178X,,CANCELED,,
2026-10-07T05:46:36Z,5178X35520R3,5178X,,CANCELED,,
2026-10-07T05:46:36Z,5178X28564R2,5178X,,CANCELED,,
2026-10-07T05:46:36Z,5178X15852R11,5178X,,CANCELED,,
2026-10-07T05:46:36Z,5178X77406R4,5178X,,SCHEDULED,600,10.0
2026-10-07T05:46:36Z,5178X15774R11,5178X,,CANCELED,,
2026-10-07T05:46:36Z,5178X77804R7,5178X,,CANCELED,,
2026-10-07T05:46:36Z,5178X77408R4,5178X,,CANCELED,,
2026-10-07T05:46:36Z,5178X15850R11,5178X,,CANCELED,,
2026-10-07T05:46:36Z,5178X25710R1,5178X,,CANCELED,,
2026-10-07T05:46:36Z,5178X18120R16,5178X,,SCHEDULED,540,9.0
2026-10-07T05:46:36Z,5178X25712R1,5178X,,CANCELED,,
2026-10-07T05:46:36Z,5178X15772R11,5178X,,CANCELED,,
2026-10-07T05:46:36Z,5178X25711R1,5178X,,CANCELED,,
2026-10-07T05:46:36Z,5178X18121R16,5178X,,SCHEDULED,3180,53.0
2026-10-07T05:46:36Z,5178X25714R1,5178X,,CANCELED,,
2026-10-07T05:46:36Z,5178X25713R1,5178X,,CANCELED,,
2026-10-07T05:46:36Z,5178X28506R2,5178X,,SCHEDULED,3300,55.0
2026-10-07T05:46:36Z,5178X15253RG1,5178X,,SCHEDULED,0,0.0
2026-10-07T05:46:36Z,5178X77980R4,5178X,,CANCELED,,
2026-10-07T05:46:36Z,5178X18123R16,5178X,,CANCELED,,
2026-10-07T05:46:36Z,5178X77982R4,5178X,,CANCELED,,
2026-10-07T05:46:36Z,5178X25611R1,5178X,,CANCELED,,
2026-10-07T05:46:36Z,5178X25610R1,5178X,,CANCELED,,
2026-10-07T05:46:36Z,5178X25613R1,5178X,,CANCELED,,
2026-10-07T05:46:36Z,5178X28408R2N,5178X,,CANCELED,,
2026-10-07T05:46:36Z,5178X15050R14,5178X,,SCHEDULED,1020,17.0
2026-10-07T05:46:36Z,5178X77500R4,5178X,,CANCELED,,
2026-10-07T05:46:36Z,5178X25507R2S,5178X,,CANCELED,,
2026-10-07T05:46:36Z,5178X77984R4,5178X,,CANCELED,,
2026-10-07T05:46:36Z,5178X28269R2S,5178X,,SCHEDULED,60,1.0
2026-10-07T05:46:36Z,5178X25506R2S,5178X,,CANCELED,,
2026-10-07T05:46:36Z,5178X77986R4,5178X,,CANCELED,,
2026-10-07T05:46:36Z,5178X25509R2S,5178X,,CANCELED,,
2026-10-07T05:46:36Z,5178X78634R8,5178X,,CANCELED,,
2026-10-07T05:46:36Z,5178X25707R1,5178X,,CANCELED,,
2026-10-07T05:46:36Z,5178X28267R2S,5178X,,SCHEDULED,1500,25.0
2026-10-07T05:46:36Z,5178X25709R1,5178X,,CANCELED,,
2026-10-07T05:46:36Z,5178X77502R4,5178X,,SCHEDULED,4260,71.0
2026-10-07T05:46:36Z,5178X77506R4,5178X,,SCHEDULED,1860,31.0
2026-10-07T05:46:36Z,5178X33521RL4,5178X,,SCHEDULED,480,8.0
2026-10-07T05:46:36Z,5178X25708R1,5178X,,CANCELED,,
2026-10-07T05:46:36Z,5178X25620R1,5178X,,CANCELED,,
2026-10-07T05:46:36Z,5178X25500R2S,5178X,,CANCELED,,
2026-10-07T05:46:36Z,5178X77706R4,5178X,,CANCELED,,
2026-10-07T05:46:36Z,5178X77508R4,5178X,,SCHEDULED,1500,25.0
2026-10-07T05:46:36Z,5178X25700R1,5178X,,CANCELED,,
2026-10-07T05:46:36Z,5178X25504R2S,5178X,,CANCELED,,
2026-10-07T05:46:36Z,5178X28254R2S,5178X,,SCHEDULED,960,16.0
2026-10-07T05:46:36Z,5178X15904R11,5178X,,CANCELED,,
2026-10-07T05:46:36Z,5178X77708R4,5178X,,CANCELED,,
2026-10-07T05:46:36Z,5178X28252R2S,5178X,,SCHEDULED,1800,30.0
2026-10-07T05:46:36Z,5178X25408R2N,5178X,,CANCELED,,
2026-10-07T05:46:36Z,5178X15041R13,5178X,,CANCELED,,
2026-10-07T05:46:36Z,5178X28412R2N,5178X,,CANCELED,,
2026-10-07T05:46:36Z,5178X28258R2S,5178X,,CANCELED,,
2026-10-07T05:46:36Z,5178X78602R8,5178X,,CANCELED,,
2026-10-07T05:46:36Z,5178X28410R2N,5178X,,CANCELED,,
2026-10-07T05:46:36Z,5178X77316R3,5178X,,SCHEDULED,0,0.0
2026-10-07T05:46:36Z,5178X35518R3,5178X,,SCHEDULED,180,3.0
2026-10-07T05:46:36Z,5178X15900R11,5178X,,CANCELED,,
2026-10-07T05:46:36Z,5178X30532R15,5178X,,SCHEDULED,0,0.0
2026-10-07T05:46:36Z,5178X25716R1,5178X,,CANCELED,,
2026-10-07T05:46:36Z,6078X26512C3,6078X,,SCHEDULED,0,0.0
2026-10-07T05:46:36Z,6078X26603C3,6078X,,SCHEDULED,60,1.0
2026-10-07T05:46:36Z,6078X71580C5,6078X,,SCHEDULED,-60,-1.0
2026-10-07T05:46:36Z,6078X26012C2,6078X,,SCHEDULED,120,2.0
2026-10-07T05:46:36Z,6078X26014C2,6078X,,SCHEDULED,0,0.0
2026-10-07T05:46:36Z,6078X26113C1,6078X,,SCHEDULED,120,2.0
2026-10-07T05:46:36Z,6078X71509C4,6078X,,SCHEDULED,0,0.0
2026-10-07T05:46:36Z,6078X71507C4,6078X,,SCHEDULED,-60,-1.0
2026-10-07T05:46:36Z,6078X71506C4,6078X,,SCHEDULED,0,0.0
2026-10-07T05:46:36Z,6078X26112C1,6078X,,SCHEDULED,120,2.0
2026-10-07T05:46:36Z,6078X26013C2,6078X,,SCHEDULED,300,5.0
2026-10-07T05:46:36Z,6078X26511C3,6078X,,SCHEDULED,120,2.0
2026-10-07T05:46:36Z,6078X26114C1,6078X,,SCHEDULED,0,0.0
2026-10-07T05:46:36Z,6078X26015C2,6078X,,SCHEDULED,120,2.0
2026-10-07T05:46:36Z,6078X26510C3,6078X,,SCHEDULED,-60,-1.0
2026-10-07T05:46:36Z,6078X26513C3,6078X,,SCHEDULED,0,0.0
2026-10-07T05:46:36Z,6078X26508C3,6078X,,SCHEDULED,420,7.0
2026-10-07T05:46:36Z,6078X26606C3,6078X,,SCHEDULED,0,0.0
2026-10-07T05:46:36Z,6078X71504C4,6078X,,SCHEDULED,240,4.0
2026-10-07T05:46:36Z,6078X26509C3,6078X,,SCHEDULED,0,0.0
2026-10-07T05:46:36Z,6078X26115C1,6078X,,SCHEDULED,0,0.0
2026-10-07T05:46:36Z,6178X35687C1,6178X,,SCHEDULED,420,7.0
2026-10-07T05:46:36Z,6178X35665C1,6178X,,SCHEDULED,120,2.0
2026-10-07T05:46:36Z,6178X35615C1,6178X,,SCHEDULED,300,5.0
2026-10-07T05:46:36Z,6178X35613C1,6178X,,SCHEDULED,660,11.0
2026-10-07T05:46:36Z,6278X71355C3,6278X,,SCHEDULED,120,2.0
2026-10-07T05:46:36Z,6278X71300C3,6278X,,SCHEDULED,120,2.0
2026-10-07T05:46:36Z,6278X71352C3,6278X,,SCHEDULED,-60,-1.0
2026-10-07T05:46:36Z,6278X71154C2,6278X,,SCHEDULED,1200,20.0
2026-10-07T05:46:36Z,6278X71320C2,6278X,,CANCELED,,
2026-10-07T05:46:36Z,6278X71155C2,6278X,,SCHEDULED,0,0.0
2026-10-07T05:46:36Z,6278X71151C2,6278X,,SCHEDULED,900,15.0
2026-10-07T05:46:36Z,6278X26905C1,6278X,,SCHEDULED,360,6.0
2026-10-07T05:46:36Z,6278X71851C3,6278X,,SCHEDULED,0,0.0
2026-10-07T05:46:36Z,6278X26907C1,6278X,,SCHEDULED,240,4.0
2026-10-07T05:46:36Z,6278X26904C1,6278X,,SCHEDULED,0,0.0
2026-10-07T05:46:36Z,6278X71107C2,6278X,,CANCELED,,
2026-10-07T05:46:36Z,6278X26906C1,6278X,,SCHEDULED,0,0.0
2026-10-07T05:46:36Z,6278X71106C2,6278X,,CANCELED,,
2026-10-07T05:46:36Z,4678X70051C1,4678X,,SCHEDULED,120,2.0
2026-10-07T05:46:36Z,4678X70050C1,4678X,,SCHEDULED,0,0.0
2026-10-07T05:46:36Z,4678X70150C1,4678X,,SCHEDULED,120,2.0
2026-10-07T05:46:36Z,4678X70001C1,4678X,,SCHEDULED,0,0.0
2026-10-07T05:46:36Z,4778X71090C1,4778X,,SCHEDULED,0,0.0
2026-10-07T05:46:36Z,4778X71081C1,4778X,,SCHEDULED,0,0.0
2026-10-07T05:46:36Z,2078X22007C1,2078X,,SCHEDULED,360,6.0
2026-10-07T05:46:36Z,2078X22205C2,2078X,,SCHEDULED,60,1.0
2026-10-07T05:46:36Z,2078X70758C6,2078X,,SCHEDULED,0,0.0
2026-10-07T05:46:36Z,2078X70853C6,2078X,,SCHEDULED,840,14.0
2026-10-07T05:46:36Z,2078X70852C6,2078X,,SCHEDULED,0,0.0
2026-10-07T05:46:36Z,2078X70855C6,2078X,,SCHEDULED,0,0.0
2026-10-07T05:46:36Z,2078X70850C6,2078X,,SCHEDULED,720,12.0
2026-10-07T05:46:36Z,2078X70251C4,2078X,,SCHEDULED,660,11.0
2026-10-07T05:46:36Z,2078X70250C4,2078X,,SCHEDULED,720,12.0
2026-10-07T05:46:36Z,2078X22010C1,2078X,,SCHEDULED,0,0.0
2026-10-07T05:46:36Z,2078X70802C6,2078X,,SCHEDULED,0,0.0
2026-10-07T05:46:36Z,2078X70208C4,2078X,,SCHEDULED,0,0.0
2026-10-07T05:46:36Z,2078X70463C5a,2078X,,SCHEDULED,0,0.0
2026-10-07T05:46:36Z,2078X70301C4,2078X,,SCHEDULED,240,4.0
2026-10-07T05:46:36Z,2078X70300C4,2078X,,SCHEDULED,2760,46.0
2026-10-07T05:46:36Z,2078X22100C1,2078X,,SCHEDULED,420,7.0
2026-10-07T05:46:36Z,2078X70461C5a,2078X,,SCHEDULED,0,0.0
2026-10-07T05:46:36Z,2078X22304C3,2078X,,SCHEDULED,480,8.0
2026-10-07T05:46:36Z,2078X70405C5,2078X,,SCHEDULED,0,0.0
2026-10-07T05:46:36Z,2078X22306C3,2078X,,SCHEDULED,60,1.0
2026-10-07T05:46:36Z,2078X70302C4,2078X,,SCHEDULED,600,10.0
2026-10-07T05:46:36Z,2078X22109C1,2078X,,SCHEDULED,0,0.0
2026-10-07T05:46:36Z,2078X22307C3,2078X,,SCHEDULED,540,9.0
2026-10-07T05:46:36Z,2078X22309C3,2078X,,SCHEDULED,660,11.0
2026-10-07T05:46:36Z,2078X70203C4,2078X,,SCHEDULED,840,14.0
2026-10-07T05:46:36Z,2078X70404C5,2078X,,SCHEDULED,60,1.0
2026-10-07T05:46:36Z,2078X70206C4,2078X,,SCHEDULED,780,13.0
2026-10-07T05:46:36Z,2078X70800C6,2078X,,SCHEDULED,180,3.0
2026-10-07T05:46:36Z,2078X70205C4,2078X,,SCHEDULED,0,0.0
2026-10-07T05:46:36Z,2078X70403C5,2078X,,SCHEDULED,60,1.0
2026-10-07T05:46:36Z,2078X70565C5a,2078X,,SCHEDULED,0,0.0
2026-10-07T05:46:36Z,2078X22001C1,2078X,,SCHEDULED,780,13.0
2026-10-07T05:46:36Z,2078X22003C1,2078X,,SCHEDULED,240,4.0
2026-10-07T05:46:36Z,2078X22005C1,2078X,,SCHEDULED,180,3.0
2026-10-07T05:46:36Z,2078X22203C2,2078X,,SCHEDULED,300,5.0
2026-10-07T05:46:36Z,2078X22006C1,2078X,,SCHEDULED,960,16.0
2026-10-07T05:46:36Z,2078X70510C7,2078X,,SCHEDULED,0,0.0
2026-10-07T05:46:36Z,2078X22310C3,2078X,,SCHEDULED,0,0.0
2026-10-07T05:46:36Z,2078X22311C3,2078X,,SCHEDULED,240,4.0
2026-10-07T05:46:36Z,2078X22313C3,2078X,,SCHEDULED,0,0.0
2026-10-07T05:46:36Z,2078X70904C8,2078X,,SCHEDULED,60,1.0
2026-10-07T05:46:36Z,2078X70505C7,2078X,,SCHEDULED,600,10.0
2026-10-07T05:46:36Z,2078X70504C7,2078X,,SCHEDULED,2640,44.0
2026-10-07T05:46:36Z,2078X70903C8,2078X,,SCHEDULED,240,4.0
2026-10-07T05:46:36Z,2078X70507C7,2078X,,SCHEDULED,300,5.0
2026-10-07T05:46:36Z,2078X70506C7,2078X,,SCHEDULED,120,2.0
2026-10-07T05:46:36Z,2078X22008C1,2078X,,SCHEDULED,240,4.0
2026-10-07T05:46:36Z,2078X22206C2,2078X,,SCHEDULED,300,5.0
2026-10-07T05:46:36Z,4178X84902C2,4178X,,SCHEDULED,1560,26.0
2026-10-07T05:46:36Z,4178X14201C1,4178X,,SCHEDULED,420,7.0
2026-10-07T05:46:36Z,4178X32801C3,4178X,,SCHEDULED,1320,22.0
2026-10-07T05:46:36Z,4178X84901C2,4178X,,SCHEDULED,6360,106.0
2026-10-07T05:46:36Z,4178X24751C1,4178X,,SCHEDULED,0,0.0
2026-10-07T05:46:36Z,4178X84903C2,4178X,,SCHEDULED,1260,21.0
2026-10-07T05:46:36Z,4178X24702C1,4178X,,SCHEDULED,1380,23.0
2026-10-07T05:46:36Z,4178X84900C2,4178X,,SCHEDULED,6060,101.0
2026-10-07T05:46:36Z,4178X24704C1,4178X,,SCHEDULED,120,2.0
2026-10-07T05:46:36Z,4178X24703C1,4178X,,SCHEDULED,300,5.0
2026-10-07T05:46:36Z,4178X24705C1,4178X,,SCHEDULED,420,7.0
2026-10-07T05:46:36Z,4578X71605C1,4578X,,SCHEDULED,360,6.0
2026-10-07T05:46:36Z,4578X71602C1,4578X,,SCHEDULED,180,3.0
2026-10-07T05:46:36Z,7078X31502C1,7078X,,SCHEDULED,180,3.0
2026-10-07T05:46:36Z,7078X31504C1,7078X,,SCHEDULED,0,0.0
2026-10-07T05:46:36Z,7078X31507C1,7078X,,SCHEDULED,0,0.0
2026-10-07T05:46:36Z,7078X31505C1,7078X,,SCHEDULED,0,0.0
2026-10-07T05:46:36Z,1078X20133C3,1078X,,SCHEDULED,0,0.0
2026-10-07T05:46:36Z,1078X19540C5,1078X,,SCHEDULED,60,1.0
2026-10-07T05:46:36Z,1078X21186C10,1078X,,SCHEDULED,480,8.0
2026-10-07T05:46:36Z,1078X35991C2,1078X,,SCHEDULED,0,0.0
2026-10-07T05:46:36Z,1078X20418C4b,1078X,,SCHEDULED,0,0.0
2026-10-07T05:46:36Z,1078X20416C4b,1078X,,SCHEDULED,600,10.0
2026-10-07T05:46:36Z,1078X21108C10,1078X,,SCHEDULED,600,10.0
2026-10-07T05:46:36Z,1078X20019C3,1078X,,SCHEDULED,120,2.0
2026-10-07T05:46:36Z,1078X20414C4b,1078X,,CANCELED,,
2026-10-07T05:46:36Z,1078X20018C3,1078X,,SCHEDULED,600,10.0
2026-10-07T05:46:36Z,1078X21106C10,1078X,,SCHEDULED,240,4.0
2026-10-07T05:46:36Z,1078X21182C10,1078X,,SCHEDULED,120,2.0
2026-10-07T05:46:36Z,1078X20423C4b,1078X,,SCHEDULED,300,5.0
2026-10-07T05:46:36Z,1078X20422C4b,1078X,,SCHEDULED,120,2.0
2026-10-07T05:46:36Z,1078X21511C2,1078X,,SCHEDULED,60,1.0
2026-10-07T05:46:36Z,1078X20025C3,1078X,,SCHEDULED,0,0.0
2026-10-07T05:46:36Z,1078X19557C5,1078X,,SCHEDULED,240,4.0
2026-10-07T05:46:36Z,1078X20421C4b,1078X,,SCHEDULED,360,6.0
2026-10-07T05:46:36Z,1078X20024C3,1078X,,SCHEDULED,0,0.0
2026-10-07T05:46:36Z,1078X19556C5,1078X,,SCHEDULED,60,1.0
2026-10-07T05:46:36Z,1078X20420C4b,1078X,,SCHEDULED,60,1.0
2026-10-07T05:46:36Z,1078X20023C3,1078X,,SCHEDULED,0,0.0
2026-10-07T05:46:36Z,1078X21112C10,1078X,,SCHEDULED,-120,-2.0
2026-10-07T05:46:36Z,1078X19551C5,1078X,,SCHEDULED,240,4.0
2026-10-07T05:46:36Z,1078X20022C3,1078X,,SCHEDULED,0,0.0
2026-10-07T05:46:36Z,1078X19550C5,1078X,,SCHEDULED,0,0.0
2026-10-07T05:46:36Z,1078X21110C10,1078X,,SCHEDULED,120,2.0
2026-10-07T05:46:36Z,1078X20021C3,1078X,,SCHEDULED,60,1.0
2026-10-07T05:46:36Z,1078X20020C3,1078X,,SCHEDULED,420,7.0
2026-10-07T05:46:36Z,1078X20429C4b,1078X,,SCHEDULED,420,7.0
2026-10-07T05:46:36Z,1078X21517C2,1078X,,SCHEDULED,180,3.0
2026-10-07T05:46:36Z,1078X20427C4b,1078X,,SCHEDULED,420,7.0
2026-10-07T05:46:36Z,1078X19563C5,1078X,,SCHEDULED,180,3.0
2026-10-07T05:46:36Z,1078X21806C7,1078X,,SCHEDULED,0,0.0
2026-10-07T05:46:36Z,1078X19560C5,1078X,,SCHEDULED,0,0.0
2026-10-07T05:46:36Z,1078X21804C7,1078X,,SCHEDULED,720,12.0
2026-10-07T05:46:36Z,1078X21008C8a,1078X,,SCHEDULED,840,14.0
2026-10-07T05:46:36Z,1078X20435C4b,1078X,,SCHEDULED,0,0.0
2026-10-07T05:46:36Z,1078X21007C8a,1078X,,SCHEDULED,540,9.0
2026-10-07T05:46:36Z,1078X19569C5,1078X,,SCHEDULED,360,6.0
2026-10-07T05:46:36Z,1078X19576C5,1078X,,SCHEDULED,0,0.0
2026-10-07T05:46:36Z,1078X19579C5,1078X,,SCHEDULED,60,1.0
2026-10-07T05:46:36Z,1078X19573C5,1078X,,SCHEDULED,0,0.0
2026-10-07T05:46:36Z,1078X19574C5,1078X,,SCHEDULED,0,0.0
2026-10-07T05:46:36Z,1078X20607C8b,1078X,,SCHEDULED,0,0.0
2026-10-07T05:46:36Z,1078X21817C7,1078X,,SCHEDULED,60,1.0
2026-10-07T05:46:36Z,1078X20606C8b,1078X,,SCHEDULED,120,2.0
2026-10-07T05:46:36Z,1078X20727C5,1078X,,SCHEDULED,420,7.0
2026-10-07T05:46:36Z,1078X20605C8b,1078X,,SCHEDULED,780,13.0
2026-10-07T05:46:36Z,1078X21815C7,1078X,,SCHEDULED,60,1.0
2026-10-07T05:46:36Z,1078X20726C5,1078X,,SCHEDULED,300,5.0
2026-10-07T05:46:36Z,1078X19570C5,1078X,,SCHEDULED,0,0.0
2026-10-07T05:46:36Z,1078X20604C8b,1078X,,SCHEDULED,360,6.0
2026-10-07T05:46:36Z,1078X20603C8b,1078X,,SCHEDULED,480,8.0
2026-10-07T05:46:36Z,1078X21813C7,1078X,,SCHEDULED,240,4.0
2026-10-07T05:46:36Z,1078X21812C7,1078X,,SCHEDULED,0,0.0
2026-10-07T05:46:36Z,1078X20759C5,1078X,,CANCELED,,
2026-10-07T05:46:36Z,1078X20758C5,1078X,,SCHEDULED,0,0.0
2026-10-07T05:46:36Z,1078X21604C2,1078X,,SCHEDULED,0,0.0
2026-10-07T05:46:36Z,1078X21208C10,1078X,,SCHEDULED,0,0.0
2026-10-07T05:46:36Z,1078X21723C2,1078X,,SCHEDULED,0,0.0
2026-10-07T05:46:36Z,1078X20755C5,1078X,,SCHEDULED,0,0.0
2026-10-07T05:46:36Z,1078X21602C2,1078X,,SCHEDULED,540,9.0
2026-10-07T05:46:36Z,1078X21206C10,1078X,,SCHEDULED,0,0.0
2026-10-07T05:46:36Z,1078X20754C5,1078X,,CANCELED,,
2026-10-07T05:46:36Z,1078X21719C2,1078X,,SCHEDULED,120,2.0
2026-10-07T05:46:36Z,1078X20723C5,1078X,,SCHEDULED,60,1.0
2026-10-07T05:46:36Z,1078X20764C5,1078X,,SCHEDULED,0,0.0
2026-10-07T05:46:36Z,1078X21811C7,1078X,,SCHEDULED,600,10.0
2026-10-07T05:46:36Z,1078X19819C1,1078X,,SCHEDULED,0,0.0
2026-10-07T05:46:36Z,1078X21609C2,1078X,,SCHEDULED,420,7.0
2026-10-07T05:46:36Z,1078X21810C7,1078X,,SCHEDULED,0,0.0
2026-10-07T05:46:36Z,1078X21808C7,1078X,,SCHEDULED,60,1.0
2026-10-07T05:46:36Z,1078X19816C1,1078X,,SCHEDULED,0,0.0
2026-10-07T05:46:36Z,1078X19817C1,1078X,,SCHEDULED,120,2.0
2026-10-07T05:46:36Z,1078X20719C5,1078X,,SCHEDULED,420,7.0
2026-10-07T05:46:36Z,1078X19812C1,1078X,,SCHEDULED,60,1.0
2026-10-07T05:46:36Z,1078X19814C1,1078X,,SCHEDULED,300,5.0
2026-10-07T05:46:36Z,1078X35809C7,1078X,,SCHEDULED,360,6.0
2026-10-07T05:46:36Z,1078X19538C5,1078X,,SCHEDULED,120,2.0
2026-10-07T05:46:36Z,1078X19544C5,1078X,,SCHEDULED,0,0.0
2026-10-07T05:46:36Z,1078X20016C3,1078X,,SCHEDULED,600,10.0
2026-10-07T05:46:36Z,1078X20015C3,1078X,,SCHEDULED,540,9.0
2026-10-07T05:46:36Z,1078X21516C2,1078X,,SCHEDULED,840,14.0
2026-10-07T05:46:36Z,1078X19821C1,1078X,,SCHEDULED,0,0.0
2026-10-07T05:46:36Z,1078X20014C3,1078X,,SCHEDULED,180,3.0
2026-10-07T05:46:36Z,1078X19545C5,1078X,,SCHEDULED,3900,65.0
2026-10-07T05:46:36Z,1078X21514C2,1078X,,SCHEDULED,720,12.0
2026-10-07T05:46:36Z,1078X20424C4b,1078X,,SCHEDULED,180,3.0
2026-10-07T05:46:36Z,1078X20731C5,1078X,,SCHEDULED,720,12.0
2026-10-07T05:46:36Z,1078X21513C2,1078X,,SCHEDULED,480,8.0
2026-10-07T05:46:36Z,1078X35983C2,1078X,,SCHEDULED,300,5.0
2026-10-07T05:46:36Z,1078X20730C5,1078X,,CANCELED,,
2026-10-07T05:46:36Z,1078X35982C2,1078X,,SCHEDULED,480,8.0
2026-10-07T05:46:36Z,1078X20236C4a,1078X,,SCHEDULED,0,0.0
2026-10-07T05:46:36Z,1078X21600C2,1078X,,SCHEDULED,420,7.0
2026-10-07T05:46:36Z,1078X19587C5,1078X,,SCHEDULED,0,0.0
2026-10-07T05:46:36Z,1078X21204C10,1078X,,SCHEDULED,240,4.0
2026-10-07T05:46:36Z,1078X20235C4a,1078X,,SCHEDULED,0,0.0
2026-10-07T05:46:36Z,1078X19583C5,1078X,,SCHEDULED,0,0.0
2026-10-07T05:46:36Z,1078X20739C5,1078X,,SCHEDULED,300,5.0
2026-10-07T05:46:36Z,1078X20737C5,1078X,,SCHEDULED,240,4.0
2026-10-07T05:46:36Z,1078X20234C4a,1078X,,SCHEDULED,0,0.0
2026-10-07T05:46:36Z,1078X20751C5,1078X,,SCHEDULED,0,0.0
2026-10-07T05:46:36Z,1078X21309C10,1078X,,SCHEDULED,960,16.0
2026-10-07T05:46:36Z,1078X20233C4a,1078X,,SCHEDULED,0,0.0
2026-10-07T05:46:36Z,1078X21308C10,1078X,,SCHEDULED,180,3.0
2026-10-07T05:46:36Z,1078X20219C4a,1078X,,SCHEDULED,420,7.0
2026-10-07T05:46:36Z,1078X20734C5,1078X,,SCHEDULED,0,0.0
2026-10-07T05:46:36Z,1078X20232C4a,1078X,,SCHEDULED,60,1.0
2026-10-07T05:46:36Z,1078X21821C7,1078X,,SCHEDULED,0,0.0
2026-10-07T05:46:36Z,1078X20231C4a,1078X,,SCHEDULED,0,0.0
2026-10-07T05:46:36Z,1078X20230C4a,1078X,,SCHEDULED,0,0.0
2026-10-07T05:46:36Z,1078X21819C7,1078X,,SCHEDULED,60,1.0
2026-10-07T05:46:36Z,1078X21607C2,1078X,,SCHEDULED,240,4.0
2026-10-07T05:46:36Z,1078X21313C10,1078X,,SCHEDULED,0,0.0
2026-10-07T05:46:36Z,1078X20224C4a,1078X,,SCHEDULED,540,9.0
2026-10-07T05:46:36Z,1078X20223C4a,1078X,,SCHEDULED,360,6.0
2026-10-07T05:46:36Z,1078X20740C5,1078X,,SCHEDULED,0,0.0
2026-10-07T05:46:36Z,1078X21311C10,1078X,,SCHEDULED,60,1.0
2026-10-07T05:46:36Z,1078X20222C4a,1078X,,SCHEDULED,480,8.0
2026-10-07T05:46:36Z,1078X21310C10,1078X,,SCHEDULED,420,7.0
2026-10-07T05:46:36Z,1078X20221C4a,1078X,,SCHEDULED,180,3.0
2026-10-07T05:46:36Z,1078X20748C5,1078X,,SCHEDULED,0,0.0
2026-10-07T05:46:36Z,1078X20229C4a,1078X,,SCHEDULED,420,7.0
2026-10-07T05:46:36Z,1078X20745C5,1078X,,SCHEDULED,60,1.0
2026-10-07T05:46:36Z,1078X20228C4a,1078X,,SCHEDULED,420,7.0
2026-10-07T05:46:36Z,1078X21712C2,1078X,,SCHEDULED,180,3.0
2026-10-07T05:46:36Z,1078X20227C4a,1078X,,SCHEDULED,480,8.0
2026-10-07T05:46:36Z,1078X20226C4a,1078X,,SCHEDULED,780,13.0
2026-10-07T05:46:36Z,1078X21006C8a,1078X,,SCHEDULED,120,2.0
2026-10-07T05:46:36Z,1078X20433C4b,1078X,,SCHEDULED,0,0.0
2026-10-07T05:46:36Z,1078X21522C2,1078X,,SCHEDULED,60,1.0
2026-10-07T05:46:36Z,1078X19565C5,1078X,,SCHEDULED,780,13.0
2026-10-07T05:46:36Z,1078X20431C4b,1078X,,SCHEDULED,240,4.0
2026-10-07T05:46:36Z,1078X19564C5,1078X,,SCHEDULED,420,7.0
