timestamp_utc,trip_id,tren,fecha_tren,estado,retraso_seg,retraso_min
2026-06-02T02:45:28Z,5150M77502R4,5150M,,SCHEDULED,120,2.0
2026-06-02T02:50:30Z,5150M78280R2,5150M,,SCHEDULED,120,2.0
2026-06-02T02:50:30Z,1050M20203C4a,1050M,,SCHEDULED,-60,-1.0
2026-06-02T02:55:25Z,5150M77600R4,5150M,,SCHEDULED,60,1.0
2026-06-02T02:55:25Z,1050M20203C4a,1050M,,SCHEDULED,-60,-1.0
2026-06-02T03:05:26Z,5150M25602R1,5150M,,SCHEDULED,60,1.0
2026-06-02T03:05:26Z,5150M25702R1,5150M,,SCHEDULED,120,2.0
2026-06-02T03:05:26Z,5150M78280R2,5150M,,SCHEDULED,60,1.0
2026-06-02T03:05:26Z,1050M20203C4a,1050M,,SCHEDULED,180,3.0
2026-06-02T03:05:26Z,1050M21500C2,1050M,,SCHEDULED,60,1.0
2026-06-02T03:10:31Z,3050M23500C1,3050M,,SCHEDULED,-60,-1.0
2026-06-02T03:10:31Z,5150M78280R2,5150M,,SCHEDULED,120,2.0
2026-06-02T03:10:31Z,5150M28557R2N,5150M,,SCHEDULED,-60,-1.0
2026-06-02T03:10:31Z,5150M28400R2N,5150M,,SCHEDULED,120,2.0
2026-06-02T03:10:31Z,5150M77502R4,5150M,,SCHEDULED,180,3.0
2026-06-02T03:10:31Z,1050M20403C4b,1050M,,SCHEDULED,240,4.0
2026-06-02T03:10:31Z,1050M20205C4a,1050M,,SCHEDULED,180,3.0
2026-06-02T03:10:31Z,1050M21500C2,1050M,,SCHEDULED,60,1.0
2026-06-02T03:10:31Z,1050M21703C2,1050M,,SCHEDULED,120,2.0
2026-06-02T03:15:29Z,5150M77502R4,5150M,,SCHEDULED,60,1.0
2026-06-02T03:15:29Z,5150M33520RL4,5150M,,SCHEDULED,60,1.0
2026-06-02T03:15:29Z,1050M21700C7,1050M,,SCHEDULED,60,1.0
2026-06-02T03:15:29Z,1050M21601C2,1050M,,SCHEDULED,120,2.0
2026-06-02T03:15:29Z,1050M20203C4a,1050M,,SCHEDULED,240,4.0
2026-06-02T03:15:29Z,1050M21303C10,1050M,,SCHEDULED,-120,-2.0
2026-06-02T03:15:29Z,1050M21703C2,1050M,,SCHEDULED,180,3.0
2026-06-02T03:15:29Z,1050M20403C4b,1050M,,SCHEDULED,300,5.0
2026-06-02T03:15:29Z,1050M20205C4a,1050M,,SCHEDULED,300,5.0
2026-06-02T03:20:29Z,5150M77600R4,5150M,,SCHEDULED,60,1.0
2026-06-02T03:20:29Z,5150M77502R4,5150M,,SCHEDULED,60,1.0
2026-06-02T03:20:29Z,5150M25702R1,5150M,,SCHEDULED,180,3.0
2026-06-02T03:20:29Z,5150M77602R4,5150M,,SCHEDULED,120,2.0
2026-06-02T03:20:29Z,5150M78288R2,5150M,,SCHEDULED,180,3.0
2026-06-02T03:20:29Z,5150M78280R2,5150M,,SCHEDULED,60,1.0
2026-06-02T03:20:29Z,1050M78002C3,1050M,,SCHEDULED,180,3.0
2026-06-02T03:20:29Z,1050M19799C1,1050M,,SCHEDULED,60,1.0
2026-06-02T03:20:29Z,1050M21501C2,1050M,,SCHEDULED,60,1.0
2026-06-02T03:20:29Z,1050M21303C10,1050M,,SCHEDULED,-120,-2.0
2026-06-02T03:20:29Z,1050M20203C4a,1050M,,SCHEDULED,360,6.0
2026-06-02T03:20:29Z,1050M21500C2,1050M,,SCHEDULED,420,7.0
2026-06-02T03:20:29Z,1050M20403C4b,1050M,,SCHEDULED,240,4.0
2026-06-02T03:20:29Z,1050M20205C4a,1050M,,SCHEDULED,180,3.0
2026-06-02T03:20:29Z,1050M21703C2,1050M,,SCHEDULED,180,3.0
2026-06-02T03:20:29Z,1050M21701C2,1050M,,SCHEDULED,-60,-1.0
2026-06-02T03:25:26Z,5150M28400R2N,5150M,,SCHEDULED,420,7.0
2026-06-02T03:25:26Z,5150M77600R4,5150M,,SCHEDULED,-60,-1.0
2026-06-02T03:25:26Z,6050M26500C3,6050M,,SCHEDULED,60,1.0
2026-06-02T03:25:26Z,6050M26001C2,6050M,,SCHEDULED,60,1.0
2026-06-02T03:25:26Z,1050M20403C4b,1050M,,SCHEDULED,180,3.0
2026-06-02T03:25:26Z,1050M78002C3,1050M,,SCHEDULED,300,5.0
2026-06-02T03:25:26Z,1050M20203C4a,1050M,,SCHEDULED,420,7.0
2026-06-02T03:25:26Z,1050M78003C3,1050M,,SCHEDULED,120,2.0
2026-06-02T03:25:26Z,1050M21303C10,1050M,,SCHEDULED,-120,-2.0
2026-06-02T03:25:26Z,1050M19799C1,1050M,,SCHEDULED,120,2.0
2026-06-02T03:25:26Z,1050M21500C2,1050M,,SCHEDULED,420,7.0
2026-06-02T03:30:41Z,3050M23501C1,3050M,,SCHEDULED,60,1.0
2026-06-02T03:30:41Z,3250M23303C1,3250M,,SCHEDULED,60,1.0
2026-06-02T03:30:41Z,5150M28402R2N,5150M,,SCHEDULED,60,1.0
2026-06-02T03:30:41Z,5150M25702R1,5150M,,SCHEDULED,300,5.0
2026-06-02T03:30:41Z,5150M28400R2N,5150M,,SCHEDULED,420,7.0
2026-06-02T03:30:41Z,5150M78288R2,5150M,,SCHEDULED,240,4.0
2026-06-02T03:30:41Z,6050M26101C1,6050M,,SCHEDULED,180,3.0
2026-06-02T03:30:41Z,6050M26502C3,6050M,,SCHEDULED,360,6.0
2026-06-02T03:30:41Z,6050M26001C2,6050M,,SCHEDULED,60,1.0
2026-06-02T03:30:41Z,6150M32770C1,6150M,,SCHEDULED,-60,-1.0
2026-06-02T03:30:41Z,1050M78004C3,1050M,,SCHEDULED,60,1.0
2026-06-02T03:30:41Z,1050M21601C2,1050M,,SCHEDULED,60,1.0
2026-06-02T03:30:41Z,1050M20403C4b,1050M,,SCHEDULED,360,6.0
2026-06-02T03:30:41Z,1050M20203C4a,1050M,,SCHEDULED,360,6.0
2026-06-02T03:30:41Z,1050M21501C2,1050M,,SCHEDULED,60,1.0
2026-06-02T03:30:41Z,1050M21303C10,1050M,,SCHEDULED,-120,-2.0
2026-06-02T03:30:41Z,1050M21703C2,1050M,,SCHEDULED,120,2.0
2026-06-02T03:30:41Z,1050M21503C2,1050M,,SCHEDULED,0,0.0
2026-06-02T03:35:24Z,3050M23500C1,3050M,,SCHEDULED,60,1.0
2026-06-02T03:35:24Z,3050M23501C1,3050M,,SCHEDULED,60,1.0
2026-06-02T03:35:24Z,5150M25602R1,5150M,,SCHEDULED,120,2.0
2026-06-02T03:35:24Z,5150M25604R1,5150M,,SCHEDULED,60,1.0
2026-06-02T03:35:24Z,5150M78288R2,5150M,,SCHEDULED,180,3.0
2026-06-02T03:35:24Z,6050M26002C2,6050M,,SCHEDULED,60,1.0
2026-06-02T03:35:24Z,6050M26101C1,6050M,,SCHEDULED,120,2.0
2026-06-02T03:35:24Z,6050M26502C3,6050M,,SCHEDULED,360,6.0
2026-06-02T03:35:24Z,6150M32769C1,6150M,,SCHEDULED,240,4.0
2026-06-02T03:35:24Z,1050M21605C2,1050M,,SCHEDULED,-120,-2.0
2026-06-02T03:35:24Z,1050M21601C2,1050M,,SCHEDULED,60,1.0
2026-06-02T03:35:24Z,1050M21501C2,1050M,,SCHEDULED,120,2.0
2026-06-02T03:35:24Z,1050M21500C2,1050M,,SCHEDULED,420,7.0
2026-06-02T03:35:24Z,1050M20208C4,1050M,,SCHEDULED,-60,-1.0
2026-06-02T03:35:24Z,1050M21504C2,1050M,,SCHEDULED,120,2.0
2026-06-02T03:35:24Z,1050M21503C2,1050M,,SCHEDULED,0,0.0
2026-06-02T03:35:24Z,1050M21701C2,1050M,,SCHEDULED,180,3.0
2026-06-02T03:35:24Z,1050M20205C4a,1050M,,SCHEDULED,240,4.0
2026-06-02T03:35:24Z,1050M78004C3,1050M,,SCHEDULED,60,1.0
2026-06-02T03:40:30Z,3050M23501C1,3050M,,SCHEDULED,60,1.0
2026-06-02T03:40:30Z,3250M23303C1,3250M,,SCHEDULED,60,1.0
2026-06-02T03:40:30Z,4050M24000C2,4050M,,SCHEDULED,360,6.0
2026-06-02T03:40:30Z,5150M25702R1,5150M,,SCHEDULED,240,4.0
2026-06-02T03:40:30Z,5150M77200R2S,5150M,,SCHEDULED,540,9.0
2026-06-02T03:40:30Z,5150M28402R2N,5150M,,SCHEDULED,120,2.0
2026-06-02T03:40:30Z,5150M25602R1,5150M,,SCHEDULED,60,1.0
2026-06-02T03:40:30Z,5150M28400R2N,5150M,,SCHEDULED,180,3.0
2026-06-02T03:40:30Z,5150M77400R4,5150M,,SCHEDULED,1080,18.0
2026-06-02T03:40:30Z,6050M26001C2,6050M,,SCHEDULED,60,1.0
2026-06-02T03:40:30Z,6050M26600C3,6050M,,SCHEDULED,60,1.0
2026-06-02T03:40:30Z,6050M26500C3,6050M,,SCHEDULED,180,3.0
2026-06-02T03:40:30Z,6050M26003C2,6050M,,SCHEDULED,180,3.0
2026-06-02T03:40:30Z,6050M26002C2,6050M,,SCHEDULED,60,1.0
2026-06-02T03:40:30Z,6050M26101C1,6050M,,SCHEDULED,120,2.0
2026-06-02T03:40:30Z,6150M32769C1,6150M,,SCHEDULED,240,4.0
2026-06-02T03:40:30Z,1050M78004C3,1050M,,SCHEDULED,60,1.0
2026-06-02T03:40:30Z,1050M78003C3,1050M,,SCHEDULED,60,1.0
2026-06-02T03:40:30Z,1050M20209C4a,1050M,,SCHEDULED,120,2.0
2026-06-02T03:40:30Z,1050M20208C4,1050M,,SCHEDULED,-60,-1.0
2026-06-02T03:40:30Z,1050M20205C4a,1050M,,SCHEDULED,120,2.0
2026-06-02T03:40:30Z,1050M21501C2,1050M,,SCHEDULED,120,2.0
2026-06-02T03:40:30Z,1050M21703C2,1050M,,SCHEDULED,180,3.0
2026-06-02T03:40:30Z,1050M20405C4b,1050M,,SCHEDULED,120,2.0
2026-06-02T03:40:30Z,1050M21500C2,1050M,,SCHEDULED,480,8.0
2026-06-02T03:40:30Z,1050M21100C10,1050M,,SCHEDULED,60,1.0
2026-06-02T03:40:30Z,1050M21503C2,1050M,,SCHEDULED,0,0.0
2026-06-02T03:40:30Z,1050M21605C2,1050M,,SCHEDULED,-120,-2.0
2026-06-02T03:40:30Z,1050M21603C2,1050M,,SCHEDULED,120,2.0
2026-06-02T03:40:30Z,1050M21601C2,1050M,,SCHEDULED,60,1.0
2026-06-02T03:45:29Z,3050M23501C1,3050M,,SCHEDULED,-60,-1.0
2026-06-02T03:45:29Z,4050M24000C2,4050M,,SCHEDULED,480,8.0
2026-06-02T03:45:29Z,5150M28404R2N,5150M,,SCHEDULED,60,1.0
2026-06-02T03:45:29Z,5150M28400R2N,5150M,,SCHEDULED,60,1.0
2026-06-02T03:45:29Z,5150M77400R4,5150M,,SCHEDULED,1020,17.0
2026-06-02T03:45:29Z,5150M77504R4,5150M,,SCHEDULED,120,2.0
2026-06-02T03:45:29Z,5150M78288R2,5150M,,SCHEDULED,300,5.0
2026-06-02T03:45:29Z,5150M78280R2,5150M,,SCHEDULED,120,2.0
2026-06-02T03:45:29Z,6050M26502C3,6050M,,SCHEDULED,300,5.0
2026-06-02T03:45:29Z,6150M32769C1,6150M,,SCHEDULED,300,5.0
2026-06-02T03:45:29Z,1050M21500C2,1050M,,SCHEDULED,540,9.0
2026-06-02T03:45:29Z,1050M21506C2,1050M,,SCHEDULED,240,4.0
2026-06-02T03:45:29Z,1050M21503C2,1050M,,SCHEDULED,60,1.0
2026-06-02T03:45:29Z,1050M78004C3,1050M,,SCHEDULED,60,1.0
2026-06-02T03:45:29Z,1050M78003C3,1050M,,SCHEDULED,60,1.0
2026-06-02T03:45:29Z,1050M78005C3,1050M,,SCHEDULED,180,3.0
2026-06-02T03:45:29Z,1050M20209C4a,1050M,,SCHEDULED,180,3.0
2026-06-02T03:45:29Z,1050M20208C4,1050M,,SCHEDULED,-60,-1.0
2026-06-02T03:45:29Z,1050M20205C4a,1050M,,SCHEDULED,120,2.0
2026-06-02T03:45:29Z,1050M21510C2,1050M,,SCHEDULED,-120,-2.0
2026-06-02T03:45:29Z,1050M35973C2,1050M,,SCHEDULED,120,2.0
2026-06-02T03:45:29Z,1050M21303C10,1050M,,SCHEDULED,180,3.0
2026-06-02T03:45:29Z,1050M20212C4a,1050M,,SCHEDULED,60,1.0
2026-06-02T03:45:29Z,1050M21703C2,1050M,,SCHEDULED,180,3.0
2026-06-02T03:45:29Z,1050M19803C1,1050M,,SCHEDULED,-60,-1.0
2026-06-02T03:45:29Z,1050M20405C4b,1050M,,SCHEDULED,60,1.0
2026-06-02T03:45:29Z,1050M20402C4b,1050M,,SCHEDULED,60,1.0
2026-06-02T03:45:29Z,1050M21605C2,1050M,,SCHEDULED,-120,-2.0
2026-06-02T03:45:29Z,1050M21603C2,1050M,,SCHEDULED,120,2.0
2026-06-02T03:50:32Z,3050M23500C1,3050M,,SCHEDULED,720,12.0
2026-06-02T03:50:32Z,4050M76200C1,4050M,,SCHEDULED,60,1.0
2026-06-02T03:50:32Z,5150M28404R2N,5150M,,SCHEDULED,60,1.0
2026-06-02T03:50:32Z,5150M28400R2N,5150M,,SCHEDULED,120,2.0
2026-06-02T03:50:32Z,5150M77400R4,5150M,,SCHEDULED,1020,17.0
2026-06-02T03:50:32Z,5150M25604R1,5150M,,SCHEDULED,60,1.0
2026-06-02T03:50:32Z,5150M25702R1,5150M,,SCHEDULED,180,3.0
2026-06-02T03:50:32Z,5150M77602R4,5150M,,SCHEDULED,180,3.0
2026-06-02T03:50:32Z,5150M77200R2S,5150M,,SCHEDULED,540,9.0
2026-06-02T03:50:32Z,5150M25602R1,5150M,,SCHEDULED,120,2.0
2026-06-02T03:50:32Z,5150M77702R4,5150M,,SCHEDULED,60,1.0
2026-06-02T03:50:32Z,6050M26002C2,6050M,,SCHEDULED,60,1.0
2026-06-02T03:50:32Z,6050M26503C3,6050M,,SCHEDULED,120,2.0
2026-06-02T03:50:32Z,6050M26103C1,6050M,,SCHEDULED,60,1.0
2026-06-02T03:50:32Z,6150M32770C1,6150M,,SCHEDULED,-60,-1.0
2026-06-02T03:50:32Z,6150M32769C1,6150M,,SCHEDULED,360,6.0
2026-06-02T03:50:32Z,2050M70501C7,2050M,,SCHEDULED,60,1.0
2026-06-02T03:50:32Z,1050M21501C2,1050M,,SCHEDULED,120,2.0
2026-06-02T03:50:32Z,1050M21104C10,1050M,,SCHEDULED,-120,-2.0
2026-06-02T03:50:32Z,1050M21000C8a,1050M,,SCHEDULED,60,1.0
2026-06-02T03:50:32Z,1050M21500C2,1050M,,SCHEDULED,360,6.0
2026-06-02T03:50:32Z,1050M21506C2,1050M,,SCHEDULED,360,6.0
2026-06-02T03:50:32Z,1050M21504C2,1050M,,SCHEDULED,120,2.0
2026-06-02T03:50:32Z,1050M21503C2,1050M,,SCHEDULED,120,2.0
2026-06-02T03:50:32Z,1050M21800C7,1050M,,SCHEDULED,60,1.0
2026-06-02T03:50:32Z,1050M78004C3,1050M,,SCHEDULED,60,1.0
2026-06-02T03:50:32Z,1050M20208C4,1050M,,SCHEDULED,60,1.0
2026-06-02T03:50:32Z,1050M78003C3,1050M,,SCHEDULED,60,1.0
2026-06-02T03:50:32Z,1050M20205C4a,1050M,,SCHEDULED,120,2.0
2026-06-02T03:50:32Z,1050M78005C3,1050M,,SCHEDULED,180,3.0
2026-06-02T03:50:32Z,1050M21809C7,1050M,,SCHEDULED,-60,-1.0
2026-06-02T03:50:32Z,1050M21303C10,1050M,,SCHEDULED,120,2.0
2026-06-02T03:50:32Z,1050M21510C2,1050M,,SCHEDULED,-120,-2.0
2026-06-02T03:50:32Z,1050M20212C4a,1050M,,SCHEDULED,120,2.0
2026-06-02T03:50:32Z,1050M19803C1,1050M,,SCHEDULED,-60,-1.0
2026-06-02T03:50:32Z,1050M21703C2,1050M,,SCHEDULED,240,4.0
2026-06-02T03:50:32Z,1050M20407C4b,1050M,,SCHEDULED,120,2.0
2026-06-02T03:50:32Z,1050M20402C4b,1050M,,SCHEDULED,120,2.0
2026-06-02T03:50:32Z,1050M21605C2,1050M,,SCHEDULED,-120,-2.0
2026-06-02T03:50:32Z,1050M35973C2,1050M,,SCHEDULED,120,2.0
2026-06-02T03:55:26Z,3050M23500C1,3050M,,SCHEDULED,900,15.0
2026-06-02T03:55:26Z,5150M28402R2N,5150M,,SCHEDULED,360,6.0
2026-06-02T03:55:26Z,5150M77402R4,5150M,,SCHEDULED,240,4.0
2026-06-02T03:55:26Z,5150M77600R4,5150M,,SCHEDULED,240,4.0
2026-06-02T03:55:26Z,5150M77502R4,5150M,,SCHEDULED,60,1.0
2026-06-02T03:55:26Z,5150M25606R1,5150M,,SCHEDULED,-60,-1.0
2026-06-02T03:55:26Z,5150M77202R2S,5150M,,SCHEDULED,120,2.0
2026-06-02T03:55:26Z,5150M78288R2,5150M,,SCHEDULED,420,7.0
2026-06-02T03:55:26Z,5150M28556R2N,5150M,,SCHEDULED,-60,-1.0
2026-06-02T03:55:26Z,5150M78201R2S,5150M,,SCHEDULED,-60,-1.0
2026-06-02T03:55:26Z,6050M26504C3,6050M,,SCHEDULED,60,1.0
2026-06-02T03:55:26Z,6050M26102C1,6050M,,SCHEDULED,180,3.0
2026-06-02T03:55:26Z,6050M26002C2,6050M,,SCHEDULED,180,3.0
2026-06-02T03:55:26Z,6250M71100C2,6250M,,SCHEDULED,180,3.0
2026-06-02T03:55:26Z,1050M20411C4b,1050M,,SCHEDULED,60,1.0
2026-06-02T03:55:26Z,1050M21104C10,1050M,,SCHEDULED,-120,-2.0
2026-06-02T03:55:26Z,1050M21500C2,1050M,,SCHEDULED,120,2.0
2026-06-02T03:55:26Z,1050M21100C10,1050M,,SCHEDULED,180,3.0
2026-06-02T03:55:26Z,1050M21506C2,1050M,,SCHEDULED,120,2.0
2026-06-02T03:55:26Z,1050M21504C2,1050M,,SCHEDULED,120,2.0
2026-06-02T03:55:26Z,1050M21503C2,1050M,,SCHEDULED,180,3.0
2026-06-02T03:55:26Z,1050M78004C3,1050M,,SCHEDULED,60,1.0
2026-06-02T03:55:26Z,1050M21000C8a,1050M,,SCHEDULED,60,1.0
2026-06-02T03:55:26Z,1050M78003C3,1050M,,SCHEDULED,660,11.0
2026-06-02T03:55:26Z,1050M21800C7,1050M,,SCHEDULED,120,2.0
2026-06-02T03:55:26Z,1050M78005C3,1050M,,SCHEDULED,180,3.0
2026-06-02T03:55:26Z,1050M78007C3,1050M,,SCHEDULED,120,2.0
2026-06-02T03:55:26Z,1050M21510C2,1050M,,SCHEDULED,-120,-2.0
2026-06-02T03:55:26Z,1050M20205C4a,1050M,,SCHEDULED,120,2.0
2026-06-02T03:55:26Z,1050M20204C4,1050M,,SCHEDULED,60,1.0
2026-06-02T03:55:26Z,1050M21809C7,1050M,,SCHEDULED,-60,-1.0
2026-06-02T03:55:26Z,1050M21501C2,1050M,,SCHEDULED,60,1.0
2026-06-02T03:55:26Z,1050M21303C10,1050M,,SCHEDULED,180,3.0
2026-06-02T03:55:26Z,1050M20212C4a,1050M,,SCHEDULED,180,3.0
2026-06-02T03:55:26Z,1050M21703C2,1050M,,SCHEDULED,360,6.0
2026-06-02T03:55:26Z,1050M21603C2,1050M,,SCHEDULED,240,4.0
2026-06-02T03:55:26Z,1050M21601C2,1050M,,SCHEDULED,60,1.0
2026-06-02T03:55:26Z,1050M19803C1,1050M,,SCHEDULED,-60,-1.0
2026-06-02T03:55:26Z,1050M20402C4b,1050M,,SCHEDULED,180,3.0
2026-06-02T04:00:49Z,4050M24000C2,4050M,,SCHEDULED,360,6.0
2026-06-02T04:00:49Z,4050M24001C2,4050M,,SCHEDULED,60,1.0
2026-06-02T04:00:49Z,4050M76200C1,4050M,,SCHEDULED,180,3.0
2026-06-02T04:00:49Z,5150M28402R2N,5150M,,SCHEDULED,360,6.0
2026-06-02T04:00:49Z,5150M77400R4,5150M,,SCHEDULED,1080,18.0
2026-06-02T04:00:49Z,5150M77504R4,5150M,,SCHEDULED,60,1.0
2026-06-02T04:00:49Z,5150M77506R4,5150M,,SCHEDULED,60,1.0
2026-06-02T04:00:49Z,5150M77200R2S,5150M,,SCHEDULED,540,9.0
2026-06-02T04:00:49Z,6050M26502C3,6050M,,SCHEDULED,180,3.0
2026-06-02T04:00:49Z,6050M26102C1,6050M,,SCHEDULED,180,3.0
2026-06-02T04:00:49Z,6050M26003C2,6050M,,SCHEDULED,300,5.0
2026-06-02T04:00:49Z,6050M26002C2,6050M,,SCHEDULED,60,1.0
2026-06-02T04:00:49Z,6050M26005C2,6050M,,SCHEDULED,60,1.0
2026-06-02T04:00:49Z,6050M26104C1,6050M,,SCHEDULED,60,1.0
2026-06-02T04:00:49Z,6150M32769C1,6150M,,SCHEDULED,300,5.0
2026-06-02T04:00:49Z,6150M32770C1,6150M,,SCHEDULED,-60,-1.0
2026-06-02T04:00:49Z,1050M78006C3,1050M,,SCHEDULED,120,2.0
2026-06-02T04:00:49Z,1050M78005C3,1050M,,SCHEDULED,120,2.0
2026-06-02T04:00:49Z,1050M21000C8a,1050M,,SCHEDULED,120,2.0
2026-06-02T04:00:49Z,1050M78007C3,1050M,,SCHEDULED,60,1.0
2026-06-02T04:00:49Z,1050M21804C7,1050M,,SCHEDULED,-60,-1.0
2026-06-02T04:00:49Z,1050M21510C2,1050M,,SCHEDULED,-120,-2.0
2026-06-02T04:00:49Z,1050M20208C4,1050M,,SCHEDULED,240,4.0
2026-06-02T04:00:49Z,1050M20409C4b,1050M,,SCHEDULED,120,2.0
2026-06-02T04:00:49Z,1050M20205C4a,1050M,,SCHEDULED,120,2.0
2026-06-02T04:00:49Z,1050M20600C8b,1050M,,SCHEDULED,60,1.0
2026-06-02T04:00:49Z,1050M21809C7,1050M,,SCHEDULED,-60,-1.0
2026-06-02T04:00:49Z,1050M21501C2,1050M,,SCHEDULED,180,3.0
2026-06-02T04:00:49Z,1050M20411C4b,1050M,,SCHEDULED,60,1.0
2026-06-02T04:00:49Z,1050M21303C10,1050M,,SCHEDULED,300,5.0
2026-06-02T04:00:49Z,1050M21605C2,1050M,,SCHEDULED,60,1.0
2026-06-02T04:00:49Z,1050M21703C2,1050M,,SCHEDULED,540,9.0
2026-06-02T04:00:49Z,1050M21603C2,1050M,,SCHEDULED,240,4.0
2026-06-02T04:00:49Z,1050M19803C1,1050M,,SCHEDULED,60,1.0
2026-06-02T04:00:49Z,1050M21104C10,1050M,,SCHEDULED,-120,-2.0
2026-06-02T04:00:49Z,1050M21500C2,1050M,,SCHEDULED,360,6.0
2026-06-02T04:00:49Z,1050M21100C10,1050M,,SCHEDULED,120,2.0
2026-06-02T04:00:49Z,1050M21506C2,1050M,,SCHEDULED,300,5.0
2026-06-02T04:05:28Z,3050M23601C4,3050M,,SCHEDULED,1980,33.0
2026-06-02T04:05:28Z,4050M24000C2,4050M,,SCHEDULED,240,4.0
2026-06-02T04:05:28Z,5150M77202R2S,5150M,,SCHEDULED,240,4.0
2026-06-02T04:05:28Z,5150M78288R2,5150M,,SCHEDULED,300,5.0
2026-06-02T04:05:28Z,5150M77310R3,5150M,,SCHEDULED,-120,-2.0
2026-06-02T04:05:28Z,5150M77200R2S,5150M,,SCHEDULED,540,9.0
2026-06-02T04:05:28Z,5150M77504R4,5150M,,SCHEDULED,120,2.0
2026-06-02T04:05:28Z,5150M78280R2,5150M,,SCHEDULED,240,4.0
2026-06-02T04:05:28Z,5150M25602R1,5150M,,SCHEDULED,60,1.0
2026-06-02T04:05:28Z,5150M77402R4,5150M,,SCHEDULED,240,4.0
2026-06-02T04:05:28Z,5150M77506R4,5150M,,SCHEDULED,60,1.0
2026-06-02T04:05:28Z,6050M26003C2,6050M,,SCHEDULED,360,6.0
2026-06-02T04:05:28Z,6250M71102C2,6250M,,SCHEDULED,360,6.0
2026-06-02T04:05:28Z,1050M21508C2,1050M,,SCHEDULED,60,1.0
2026-06-02T04:05:28Z,1050M21506C2,1050M,,SCHEDULED,300,5.0
2026-06-02T04:05:28Z,1050M21804C7,1050M,,SCHEDULED,-60,-1.0
2026-06-02T04:05:28Z,1050M21504C2,1050M,,SCHEDULED,60,1.0
2026-06-02T04:05:28Z,1050M78002C3,1050M,,SCHEDULED,1920,32.0
2026-06-02T04:05:28Z,1050M78006C3,1050M,,SCHEDULED,180,3.0
2026-06-02T04:05:28Z,1050M78005C3,1050M,,SCHEDULED,180,3.0
2026-06-02T04:05:28Z,1050M20209C4a,1050M,,SCHEDULED,120,2.0
2026-06-02T04:05:28Z,1050M78007C3,1050M,,SCHEDULED,120,2.0
2026-06-02T04:05:28Z,1050M20600C8b,1050M,,SCHEDULED,60,1.0
2026-06-02T04:05:28Z,1050M21501C2,1050M,,SCHEDULED,60,1.0
2026-06-02T04:05:28Z,1050M21104C10,1050M,,SCHEDULED,-120,-2.0
2026-06-02T04:05:28Z,1050M21500C2,1050M,,SCHEDULED,540,9.0
2026-06-02T04:05:28Z,1050M20409C4b,1050M,,SCHEDULED,60,1.0
2026-06-02T04:05:28Z,1050M20408C4b,1050M,,SCHEDULED,-60,-1.0
2026-06-02T04:05:28Z,1050M20407C4b,1050M,,SCHEDULED,180,3.0
2026-06-02T04:05:28Z,1050M20218C4a,1050M,,SCHEDULED,-60,-1.0
2026-06-02T04:05:28Z,1050M21703C2,1050M,,SCHEDULED,300,5.0
2026-06-02T04:05:28Z,1050M19512C5,1050M,,SCHEDULED,120,2.0
2026-06-02T04:05:28Z,1050M21605C2,1050M,,SCHEDULED,120,2.0
2026-06-02T04:05:28Z,1050M21603C2,1050M,,SCHEDULED,300,5.0
2026-06-02T04:05:28Z,1050M35975C2,1050M,,SCHEDULED,60,1.0
2026-06-02T04:10:33Z,3050M23601C4,3050M,,SCHEDULED,660,11.0
2026-06-02T04:10:33Z,3150M23421T1,3150M,,SCHEDULED,60,1.0
2026-06-02T04:10:33Z,4050M24000C2,4050M,,SCHEDULED,120,2.0
2026-06-02T04:10:33Z,4050M76200C1,4050M,,SCHEDULED,60,1.0
2026-06-02T04:10:33Z,5150M25604R1,5150M,,SCHEDULED,60,1.0
2026-06-02T04:10:33Z,5150M77200R2S,5150M,,SCHEDULED,660,11.0
2026-06-02T04:10:33Z,5150M30590R15,5150M,,SCHEDULED,60,1.0
2026-06-02T04:10:33Z,5150M77402R4,5150M,,SCHEDULED,300,5.0
2026-06-02T04:10:33Z,5150M77602R4,5150M,,SCHEDULED,-60,-1.0
2026-06-02T04:10:33Z,5150M28402R2N,5150M,,SCHEDULED,120,2.0
2026-06-02T04:10:33Z,5150M77504R4,5150M,,SCHEDULED,60,1.0
2026-06-02T04:10:33Z,5150M78280R2,5150M,,SCHEDULED,180,3.0
2026-06-02T04:10:33Z,5150M78201R2S,5150M,,SCHEDULED,60,1.0
2026-06-02T04:10:33Z,5150M77508R4,5150M,,SCHEDULED,480,8.0
2026-06-02T04:10:33Z,6050M26003C2,6050M,,SCHEDULED,240,4.0
2026-06-02T04:10:33Z,6050M26004C2,6050M,,SCHEDULED,240,4.0
2026-06-02T04:10:33Z,6050M26104C1,6050M,,SCHEDULED,60,1.0
2026-06-02T04:10:33Z,2050M80851C6,2050M,,SCHEDULED,1740,29.0
2026-06-02T04:10:33Z,1050M21506C2,1050M,,SCHEDULED,300,5.0
2026-06-02T04:10:33Z,1050M21503C2,1050M,,SCHEDULED,120,2.0
2026-06-02T04:10:33Z,1050M21001C8a,1050M,,SCHEDULED,420,7.0
2026-06-02T04:10:33Z,1050M20413C4b,1050M,,SCHEDULED,60,1.0
2026-06-02T04:10:33Z,1050M78002C3,1050M,,SCHEDULED,1920,32.0
2026-06-02T04:10:33Z,1050M78003C3,1050M,,SCHEDULED,420,7.0
2026-06-02T04:10:33Z,1050M78006C3,1050M,,SCHEDULED,300,5.0
2026-06-02T04:10:33Z,1050M21804C7,1050M,,SCHEDULED,60,1.0
2026-06-02T04:10:33Z,1050M78007C3,1050M,,SCHEDULED,240,4.0
2026-06-02T04:10:33Z,1050M21510C2,1050M,,SCHEDULED,240,4.0
2026-06-02T04:10:33Z,1050M20209C4a,1050M,,SCHEDULED,120,2.0
2026-06-02T04:10:33Z,1050M20206C4,1050M,,SCHEDULED,300,5.0
2026-06-02T04:10:33Z,1050M19521C5,1050M,,SCHEDULED,420,7.0
2026-06-02T04:10:33Z,1050M20600C8b,1050M,,SCHEDULED,120,2.0
2026-06-02T04:10:33Z,1050M21200C10,1050M,,SCHEDULED,120,2.0
2026-06-02T04:10:33Z,1050M21605C2,1050M,,SCHEDULED,120,2.0
2026-06-02T04:10:33Z,1050M21809C7,1050M,,SCHEDULED,60,1.0
2026-06-02T04:10:33Z,1050M21603C2,1050M,,SCHEDULED,180,3.0
2026-06-02T04:10:33Z,1050M21601C2,1050M,,SCHEDULED,60,1.0
2026-06-02T04:10:33Z,1050M21500C2,1050M,,SCHEDULED,540,9.0
2026-06-02T04:10:33Z,1050M20212C4a,1050M,,SCHEDULED,180,3.0
2026-06-02T04:10:33Z,1050M19527C5,1050M,,SCHEDULED,240,4.0
2026-06-02T04:10:33Z,1050M20218C4a,1050M,,SCHEDULED,-60,-1.0
2026-06-02T04:10:33Z,1050M19531C5,1050M,,SCHEDULED,120,2.0
2026-06-02T04:10:33Z,1050M20216C4a,1050M,,SCHEDULED,120,2.0
2026-06-02T04:10:33Z,1050M20408C4b,1050M,,SCHEDULED,-60,-1.0
2026-06-02T04:10:33Z,1050M20407C4b,1050M,,SCHEDULED,120,2.0
2026-06-02T04:10:33Z,1050M19512C5,1050M,,SCHEDULED,60,1.0
2026-06-02T04:10:33Z,1050M20402C4b,1050M,,SCHEDULED,180,3.0
2026-06-02T04:15:32Z,3050M23101C3,3050M,,SCHEDULED,420,7.0
2026-06-02T04:15:32Z,3050M23601C4,3050M,,SCHEDULED,660,11.0
2026-06-02T04:15:32Z,3050M23502C1,3050M,,SCHEDULED,180,3.0
2026-06-02T04:15:32Z,3150M23421T1,3150M,,SCHEDULED,120,2.0
2026-06-02T04:15:32Z,3250M23305C1,3250M,,SCHEDULED,60,1.0
2026-06-02T04:15:32Z,4050M24300C6,4050M,,SCHEDULED,540,9.0
2026-06-02T04:15:32Z,4050M76202C1,4050M,,SCHEDULED,120,2.0
2026-06-02T04:15:32Z,5150M77200R2S,5150M,,SCHEDULED,720,12.0
2026-06-02T04:15:32Z,5150M77402R4,5150M,,SCHEDULED,480,8.0
2026-06-02T04:15:32Z,5150M77502R4,5150M,,SCHEDULED,60,1.0
2026-06-02T04:15:32Z,5150M28404R2N,5150M,,SCHEDULED,60,1.0
2026-06-02T04:15:32Z,5150M77202R2S,5150M,,SCHEDULED,240,4.0
2026-06-02T04:15:32Z,5150M78288R2,5150M,,SCHEDULED,240,4.0
2026-06-02T04:15:32Z,5150M77201R2S,5150M,,SCHEDULED,60,1.0
2026-06-02T04:15:32Z,6050M26504C3,6050M,,SCHEDULED,120,2.0
2026-06-02T04:15:32Z,6050M26502C3,6050M,,SCHEDULED,300,5.0
2026-06-02T04:15:32Z,4750M71091C1,4750M,,SCHEDULED,240,4.0
2026-06-02T04:15:32Z,2050M80851C6,2050M,,SCHEDULED,2040,34.0
2026-06-02T04:15:32Z,2050M70502C7,2050M,,SCHEDULED,300,5.0
2026-06-02T04:15:32Z,1050M21001C8a,1050M,,SCHEDULED,480,8.0
2026-06-02T04:15:32Z,1050M21506C2,1050M,,SCHEDULED,360,6.0
2026-06-02T04:15:32Z,1050M21505C2,1050M,,SCHEDULED,60,1.0
2026-06-02T04:15:32Z,1050M20413C4b,1050M,,SCHEDULED,60,1.0
2026-06-02T04:15:32Z,1050M78002C3,1050M,,SCHEDULED,2340,39.0
2026-06-02T04:15:32Z,1050M21800C7,1050M,,SCHEDULED,60,1.0
2026-06-02T04:15:32Z,1050M78004C3,1050M,,SCHEDULED,1320,22.0
2026-06-02T04:15:32Z,1050M78003C3,1050M,,SCHEDULED,300,5.0
2026-06-02T04:15:32Z,1050M20209C4a,1050M,,SCHEDULED,120,2.0
2026-06-02T04:15:32Z,1050M20208C4,1050M,,SCHEDULED,360,6.0
2026-06-02T04:15:32Z,1050M78008C3,1050M,,SCHEDULED,180,3.0
2026-06-02T04:15:32Z,1050M78007C3,1050M,,SCHEDULED,240,4.0
2026-06-02T04:15:32Z,1050M20206C4,1050M,,SCHEDULED,600,10.0
2026-06-02T04:15:32Z,1050M78009C3,1050M,,SCHEDULED,240,4.0
2026-06-02T04:15:32Z,1050M21510C2,1050M,,SCHEDULED,360,6.0
2026-06-02T04:15:32Z,1050M21809C7,1050M,,SCHEDULED,240,4.0
2026-06-02T04:15:32Z,1050M21501C2,1050M,,SCHEDULED,120,2.0
2026-06-02T04:15:32Z,1050M21104C10,1050M,,SCHEDULED,60,1.0
2026-06-02T04:15:32Z,1050M20411C4b,1050M,,SCHEDULED,120,2.0
2026-06-02T04:15:32Z,1050M20704C5,1050M,,SCHEDULED,180,3.0
2026-06-02T04:15:32Z,1050M21500C2,1050M,,SCHEDULED,480,8.0
2026-06-02T04:15:32Z,1050M20212C4a,1050M,,SCHEDULED,240,4.0
2026-06-02T04:15:32Z,1050M21514C2,1050M,,SCHEDULED,-60,-1.0
2026-06-02T04:15:32Z,1050M19521C5,1050M,,SCHEDULED,300,5.0
2026-06-02T04:15:32Z,1050M21605C2,1050M,,SCHEDULED,120,2.0
2026-06-02T04:15:32Z,1050M20216C4a,1050M,,SCHEDULED,120,2.0
2026-06-02T04:15:32Z,1050M21603C2,1050M,,SCHEDULED,180,3.0
2026-06-02T04:15:32Z,1050M19805C1,1050M,,SCHEDULED,60,1.0
2026-06-02T04:15:32Z,1050M19512C5,1050M,,SCHEDULED,120,2.0
2026-06-02T04:15:32Z,1050M19527C5,1050M,,SCHEDULED,420,7.0
2026-06-02T04:15:32Z,1050M19531C5,1050M,,SCHEDULED,240,4.0
2026-06-02T04:15:32Z,1050M20408C4b,1050M,,SCHEDULED,-60,-1.0
2026-06-02T04:15:32Z,1050M20407C4b,1050M,,SCHEDULED,120,2.0
2026-06-02T04:15:32Z,1050M20402C4b,1050M,,SCHEDULED,180,3.0
2026-06-02T04:20:32Z,3050M23505C1,3050M,,SCHEDULED,180,3.0
2026-06-02T04:20:32Z,3050M23504C1,3050M,,SCHEDULED,360,6.0
2026-06-02T04:20:32Z,3150M23421T1,3150M,,SCHEDULED,120,2.0
2026-06-02T04:20:32Z,4050M24301C6,4050M,,SCHEDULED,300,5.0
2026-06-02T04:20:32Z,4050M24380C6,4050M,,SCHEDULED,-60,-1.0
2026-06-02T04:20:32Z,4050M24001C2,4050M,,SCHEDULED,120,2.0
2026-06-02T04:20:32Z,5150M77204R2S,5150M,,SCHEDULED,180,3.0
2026-06-02T04:20:32Z,5150M25606R1,5150M,,SCHEDULED,60,1.0
2026-06-02T04:20:32Z,5150M77200R2S,5150M,,SCHEDULED,840,14.0
2026-06-02T04:20:32Z,5150M30590R15,5150M,,SCHEDULED,120,2.0
2026-06-02T04:20:32Z,5150M77400R4,5150M,,SCHEDULED,720,12.0
2026-06-02T04:20:32Z,5150M77203R2S,5150M,,SCHEDULED,420,7.0
2026-06-02T04:20:32Z,5150M77402R4,5150M,,SCHEDULED,480,8.0
2026-06-02T04:20:32Z,5150M28404R2N,5150M,,SCHEDULED,120,2.0
2026-06-02T04:20:32Z,5150M28402R2N,5150M,,SCHEDULED,180,3.0
2026-06-02T04:20:32Z,5150M77502R4,5150M,,SCHEDULED,240,4.0
2026-06-02T04:20:32Z,5150M77704R4,5150M,,SCHEDULED,60,1.0
2026-06-02T04:20:32Z,5150M77508R4,5150M,,SCHEDULED,480,8.0
2026-06-02T04:20:32Z,5150M77202R2S,5150M,,SCHEDULED,180,3.0
2026-06-02T04:20:32Z,5150M77310R3,5150M,,SCHEDULED,60,1.0
2026-06-02T04:20:32Z,5150M77510R4,5150M,,SCHEDULED,-60,-1.0
2026-06-02T04:20:32Z,6050M26505C3,6050M,,SCHEDULED,180,3.0
2026-06-02T04:20:32Z,6050M26602C3,6050M,,SCHEDULED,-60,-1.0
2026-06-02T04:20:32Z,6050M71500C4,6050M,,SCHEDULED,180,3.0
2026-06-02T04:20:32Z,6250M71104C2,6250M,,SCHEDULED,120,2.0
2026-06-02T04:20:32Z,2050M80851C6,2050M,,SCHEDULED,2340,39.0
2026-06-02T04:20:32Z,2050M70502C7,2050M,,SCHEDULED,600,10.0
2026-06-02T04:20:32Z,1050M78008C3,1050M,,SCHEDULED,240,4.0
2026-06-02T04:20:32Z,1050M78007C3,1050M,,SCHEDULED,240,4.0
2026-06-02T04:20:32Z,1050M78009C3,1050M,,SCHEDULED,300,5.0
2026-06-02T04:20:32Z,1050M21512C2,1050M,,SCHEDULED,300,5.0
2026-06-02T04:20:32Z,1050M21510C2,1050M,,SCHEDULED,120,2.0
2026-06-02T04:20:32Z,1050M20706C5,1050M,,SCHEDULED,120,2.0
2026-06-02T04:20:32Z,1050M21800C7,1050M,,SCHEDULED,120,2.0
2026-06-02T04:20:32Z,1050M20710C5,1050M,,SCHEDULED,0,0.0
2026-06-02T04:20:32Z,1050M21514C2,1050M,,SCHEDULED,-60,-1.0
2026-06-02T04:20:32Z,1050M19533C5,1050M,,SCHEDULED,180,3.0
2026-06-02T04:20:32Z,1050M19531C5,1050M,,SCHEDULED,360,6.0
2026-06-02T04:20:32Z,1050M20709C5,1050M,,SCHEDULED,300,5.0
2026-06-02T04:20:32Z,1050M20209C4a,1050M,,SCHEDULED,60,1.0
2026-06-02T04:20:32Z,1050M20208C4,1050M,,SCHEDULED,420,7.0
2026-06-02T04:20:32Z,1050M20408C4b,1050M,,SCHEDULED,-60,-1.0
2026-06-02T04:20:32Z,1050M20206C4,1050M,,SCHEDULED,720,12.0
2026-06-02T04:20:32Z,1050M20406C4b,1050M,,SCHEDULED,60,1.0
2026-06-02T04:20:32Z,1050M20601C8b,1050M,,SCHEDULED,120,2.0
2026-06-02T04:20:32Z,1050M20600C8b,1050M,,SCHEDULED,60,1.0
2026-06-02T04:20:32Z,1050M21809C7,1050M,,SCHEDULED,180,3.0
2026-06-02T04:20:32Z,1050M20402C4b,1050M,,SCHEDULED,180,3.0
2026-06-02T04:20:32Z,1050M21500C2,1050M,,SCHEDULED,480,8.0
2026-06-02T04:20:32Z,1050M19521C5,1050M,,SCHEDULED,300,5.0
2026-06-02T04:20:32Z,1050M20210C4,1050M,,SCHEDULED,60,1.0
2026-06-02T04:20:32Z,1050M20218C4a,1050M,,SCHEDULED,60,1.0
2026-06-02T04:20:32Z,1050M19527C5,1050M,,SCHEDULED,300,5.0
2026-06-02T04:20:32Z,1050M19512C5,1050M,,SCHEDULED,120,2.0
2026-06-02T04:20:32Z,1050M21506C2,1050M,,SCHEDULED,240,4.0
2026-06-02T04:20:32Z,1050M20415C4b,1050M,,SCHEDULED,240,4.0
2026-06-02T04:20:32Z,1050M20220C4a,1050M,,SCHEDULED,-60,-1.0
2026-06-02T04:20:32Z,1050M19518C5,1050M,,SCHEDULED,120,2.0
2026-06-02T04:20:32Z,1050M20413C4b,1050M,,SCHEDULED,60,1.0
2026-06-02T04:20:32Z,1050M78002C3,1050M,,SCHEDULED,2400,40.0
2026-06-02T04:20:32Z,1050M78004C3,1050M,,SCHEDULED,1320,22.0
2026-06-02T04:25:28Z,3050M23505C1,3050M,,SCHEDULED,300,5.0
2026-06-02T04:25:28Z,3050M23506C1,3050M,,SCHEDULED,240,4.0
2026-06-02T04:25:28Z,3150M23421T1,3150M,,SCHEDULED,120,2.0
2026-06-02T04:25:28Z,4050M24000C2,4050M,,SCHEDULED,60,1.0
2026-06-02T04:25:28Z,4050M24303C6,4050M,,SCHEDULED,60,1.0
2026-06-02T04:25:28Z,4050M76201C1,4050M,,SCHEDULED,240,4.0
2026-06-02T04:25:28Z,4050M76202C1,4050M,,SCHEDULED,120,2.0
2026-06-02T04:25:28Z,5150M25606R1,5150M,,SCHEDULED,180,3.0
2026-06-02T04:25:28Z,5150M25608R1,5150M,,SCHEDULED,-60,-1.0
2026-06-02T04:25:28Z,5150M77200R2S,5150M,,SCHEDULED,720,12.0
2026-06-02T04:25:28Z,5150M77201R2S,5150M,,SCHEDULED,120,2.0
2026-06-02T04:25:28Z,5150M77602R4,5150M,,SCHEDULED,240,4.0
2026-06-02T04:25:28Z,5150M28404R2N,5150M,,SCHEDULED,60,1.0
2026-06-02T04:25:28Z,5150M28408R2N,5150M,,SCHEDULED,180,3.0
2026-06-02T04:25:28Z,5150M33520RL4,5150M,,SCHEDULED,300,5.0
2026-06-02T04:25:28Z,5150M77202R2S,5150M,,SCHEDULED,240,4.0
2026-06-02T04:25:28Z,5150M78288R2,5150M,,SCHEDULED,300,5.0
2026-06-02T04:25:28Z,5150M77310R3,5150M,,SCHEDULED,120,2.0
2026-06-02T04:25:28Z,5150M77314R3,5150M,,SCHEDULED,120,2.0
2026-06-02T04:25:28Z,6050M26005C2,6050M,,SCHEDULED,180,3.0
2026-06-02T04:25:28Z,6050M26503C3,6050M,,SCHEDULED,60,1.0
2026-06-02T04:25:28Z,6150M32702C1,6150M,,SCHEDULED,60,1.0
2026-06-02T04:25:28Z,6150M32769C1,6150M,,SCHEDULED,300,5.0
2026-06-02T04:25:28Z,2050M80851C6,2050M,,SCHEDULED,2640,44.0
2026-06-02T04:25:28Z,1050M21508C2,1050M,,SCHEDULED,180,3.0
2026-06-02T04:25:28Z,1050M21506C2,1050M,,SCHEDULED,300,5.0
2026-06-02T04:25:28Z,1050M20415C4b,1050M,,SCHEDULED,180,3.0
2026-06-02T04:25:28Z,1050M21504C2,1050M,,SCHEDULED,60,1.0
2026-06-02T04:25:28Z,1050M78002C3,1050M,,SCHEDULED,2460,41.0
2026-06-02T04:25:28Z,1050M78004C3,1050M,,SCHEDULED,1800,30.0
2026-06-02T04:25:28Z,1050M78006C3,1050M,,SCHEDULED,180,3.0
2026-06-02T04:25:28Z,1050M21804C7,1050M,,SCHEDULED,60,1.0
2026-06-02T04:25:28Z,1050M78005C3,1050M,,SCHEDULED,120,2.0
2026-06-02T04:25:28Z,1050M21802C7,1050M,,SCHEDULED,240,4.0
2026-06-02T04:25:28Z,1050M21800C7,1050M,,SCHEDULED,60,1.0
2026-06-02T04:25:28Z,1050M78007C3,1050M,,SCHEDULED,480,8.0
2026-06-02T04:25:28Z,1050M78009C3,1050M,,SCHEDULED,300,5.0
2026-06-02T04:25:28Z,1050M21512C2,1050M,,SCHEDULED,420,7.0
2026-06-02T04:25:28Z,1050M21510C2,1050M,,SCHEDULED,360,6.0
2026-06-02T04:25:28Z,1050M20710C5,1050M,,SCHEDULED,180,3.0
2026-06-02T04:25:28Z,1050M20709C5,1050M,,SCHEDULED,240,4.0
2026-06-02T04:25:28Z,1050M20209C4a,1050M,,SCHEDULED,120,2.0
2026-06-02T04:25:28Z,1050M20208C4,1050M,,SCHEDULED,360,6.0
2026-06-02T04:25:28Z,1050M20706C5,1050M,,SCHEDULED,120,2.0
2026-06-02T04:25:28Z,1050M20704C5,1050M,,SCHEDULED,180,3.0
2026-06-02T04:25:28Z,1050M20206C4,1050M,,SCHEDULED,780,13.0
2026-06-02T04:25:28Z,1050M21514C2,1050M,,SCHEDULED,-60,-1.0
2026-06-02T04:25:28Z,1050M20601C8b,1050M,,SCHEDULED,180,3.0
2026-06-02T04:25:28Z,1050M35981C2,1050M,,SCHEDULED,-60,-1.0
2026-06-02T04:25:28Z,1050M20600C8b,1050M,,SCHEDULED,120,2.0
2026-06-02T04:25:28Z,1050M19521C5,1050M,,SCHEDULED,300,5.0
2026-06-02T04:25:28Z,1050M21200C10,1050M,,SCHEDULED,120,2.0
2026-06-02T04:25:28Z,1050M21809C7,1050M,,SCHEDULED,60,1.0
2026-06-02T04:25:28Z,1050M21603C2,1050M,,SCHEDULED,240,4.0
2026-06-02T04:25:28Z,1050M21807C7,1050M,,SCHEDULED,180,3.0
2026-06-02T04:25:28Z,1050M21501C2,1050M,,SCHEDULED,240,4.0
2026-06-02T04:25:28Z,1050M21104C10,1050M,,SCHEDULED,60,1.0
2026-06-02T04:25:28Z,1050M20212C4a,1050M,,SCHEDULED,120,2.0
2026-06-02T04:25:28Z,1050M20211C4a,1050M,,SCHEDULED,120,2.0
2026-06-02T04:25:28Z,1050M19527C5,1050M,,SCHEDULED,300,5.0
2026-06-02T04:25:28Z,1050M20210C4,1050M,,SCHEDULED,120,2.0
2026-06-02T04:25:28Z,1050M19533C5,1050M,,SCHEDULED,120,2.0
2026-06-02T04:25:28Z,1050M19531C5,1050M,,SCHEDULED,360,6.0
2026-06-02T04:25:28Z,1050M20408C4b,1050M,,SCHEDULED,60,1.0
2026-06-02T04:25:28Z,1050M20407C4b,1050M,,SCHEDULED,240,4.0
2026-06-02T04:25:28Z,1050M20215C4a,1050M,,SCHEDULED,120,2.0
2026-06-02T04:25:28Z,1050M21304C10,1050M,,SCHEDULED,240,4.0
2026-06-02T04:25:28Z,1050M19512C5,1050M,,SCHEDULED,120,2.0
2026-06-02T04:25:28Z,1050M19518C5,1050M,,SCHEDULED,180,3.0
2026-06-02T04:25:28Z,1050M21002C8a,1050M,,SCHEDULED,60,1.0
2026-06-02T04:30:41Z,3050M23505C1,3050M,,SCHEDULED,300,5.0
2026-06-02T04:30:41Z,3050M23601C4,3050M,,SCHEDULED,2160,36.0
2026-06-02T04:30:41Z,3150M23201C1,3150M,,SCHEDULED,120,2.0
2026-06-02T04:30:41Z,3150M23421T1,3150M,,SCHEDULED,120,2.0
2026-06-02T04:30:41Z,4050M24001C2,4050M,,SCHEDULED,-60,-1.0
2026-06-02T04:30:41Z,4050M76206C1,4050M,,SCHEDULED,60,1.0
2026-06-02T04:30:41Z,4050M76201C1,4050M,,SCHEDULED,300,5.0
2026-06-02T04:30:41Z,5150M77314R3,5150M,,SCHEDULED,60,1.0
2026-06-02T04:30:41Z,5150M25606R1,5150M,,SCHEDULED,60,1.0
2026-06-02T04:30:41Z,5150M78900R11,5150M,,SCHEDULED,120,2.0
2026-06-02T04:30:41Z,5150M25402R2N,5150M,,SCHEDULED,60,1.0
2026-06-02T04:30:41Z,5150M25601R1,5150M,,SCHEDULED,-60,-1.0
2026-06-02T04:30:41Z,5150M25604R1,5150M,,SCHEDULED,60,1.0
2026-06-02T04:30:41Z,5150M77204R2S,5150M,,SCHEDULED,240,4.0
2026-06-02T04:30:41Z,5150M77203R2S,5150M,,SCHEDULED,300,5.0
2026-06-02T04:30:41Z,5150M77600R4,5150M,,SCHEDULED,120,2.0
2026-06-02T04:30:41Z,5150M77602R4,5150M,,SCHEDULED,60,1.0
2026-06-02T04:30:41Z,5150M77508R4,5150M,,SCHEDULED,300,5.0
2026-06-02T04:30:41Z,5150M78288R2,5150M,,SCHEDULED,300,5.0
2026-06-02T04:30:41Z,5150M28408R2N,5150M,,SCHEDULED,180,3.0
2026-06-02T04:30:41Z,5150M77310R3,5150M,,SCHEDULED,60,1.0
2026-06-02T04:30:41Z,6150M32702C1,6150M,,SCHEDULED,120,2.0
2026-06-02T04:30:41Z,6250M71151C2,6250M,,SCHEDULED,120,2.0
2026-06-02T04:30:41Z,4750M71080C1,4750M,,SCHEDULED,60,1.0
2026-06-02T04:30:41Z,2050M80851C6,2050M,,SCHEDULED,2940,49.0
2026-06-02T04:30:41Z,1050M21509C2,1050M,,SCHEDULED,120,2.0
2026-06-02T04:30:41Z,1050M21508C2,1050M,,SCHEDULED,180,3.0
2026-06-02T04:30:41Z,1050M21506C2,1050M,,SCHEDULED,360,6.0
2026-06-02T04:30:41Z,1050M21505C2,1050M,,SCHEDULED,120,2.0
2026-06-02T04:30:41Z,1050M21504C2,1050M,,SCHEDULED,120,2.0
2026-06-02T04:30:41Z,1050M21503C2,1050M,,SCHEDULED,120,2.0
2026-06-02T04:30:41Z,1050M20413C4b,1050M,,SCHEDULED,180,3.0
2026-06-02T04:30:41Z,1050M78002C3,1050M,,SCHEDULED,2460,41.0
2026-06-02T04:30:41Z,1050M78004C3,1050M,,SCHEDULED,1980,33.0
2026-06-02T04:30:41Z,1050M78006C3,1050M,,SCHEDULED,720,12.0
2026-06-02T04:30:41Z,1050M21802C7,1050M,,SCHEDULED,300,5.0
2026-06-02T04:30:41Z,1050M20710C5,1050M,,SCHEDULED,300,5.0
2026-06-02T04:30:41Z,1050M78009C3,1050M,,SCHEDULED,240,4.0
2026-06-02T04:30:41Z,1050M21512C2,1050M,,SCHEDULED,360,6.0
2026-06-02T04:30:41Z,1050M21510C2,1050M,,SCHEDULED,300,5.0
2026-06-02T04:30:41Z,1050M20709C5,1050M,,SCHEDULED,360,6.0
2026-06-02T04:30:41Z,1050M20209C4a,1050M,,SCHEDULED,60,1.0
2026-06-02T04:30:41Z,1050M20208C4,1050M,,SCHEDULED,600,10.0
2026-06-02T04:30:41Z,1050M20706C5,1050M,,SCHEDULED,120,2.0
2026-06-02T04:30:41Z,1050M20704C5,1050M,,SCHEDULED,240,4.0
2026-06-02T04:30:41Z,1050M20602C8b,1050M,,SCHEDULED,60,1.0
2026-06-02T04:30:41Z,1050M35981C2,1050M,,SCHEDULED,-60,-1.0
2026-06-02T04:30:41Z,1050M19531C5,1050M,,SCHEDULED,420,7.0
2026-06-02T04:30:41Z,1050M19530C5,1050M,,SCHEDULED,-60,-1.0
2026-06-02T04:30:41Z,1050M20409C4b,1050M,,SCHEDULED,60,1.0
2026-06-02T04:30:41Z,1050M20600C8b,1050M,,SCHEDULED,180,3.0
2026-06-02T04:30:41Z,1050M21809C7,1050M,,SCHEDULED,180,3.0
2026-06-02T04:30:41Z,1050M20408C4b,1050M,,SCHEDULED,120,2.0
2026-06-02T04:30:41Z,1050M21807C7,1050M,,SCHEDULED,240,4.0
2026-06-02T04:30:41Z,1050M20412C4b,1050M,,SCHEDULED,-60,-1.0
2026-06-02T04:30:41Z,1050M21501C2,1050M,,SCHEDULED,300,5.0
2026-06-02T04:30:41Z,1050M78010C3,1050M,,SCHEDULED,60,1.0
2026-06-02T04:30:41Z,1050M20402C4b,1050M,,SCHEDULED,60,1.0
2026-06-02T04:30:41Z,1050M21100C10,1050M,,SCHEDULED,120,2.0
2026-06-02T04:30:41Z,1050M20212C4a,1050M,,SCHEDULED,180,3.0
2026-06-02T04:30:41Z,1050M20210C4,1050M,,SCHEDULED,480,8.0
2026-06-02T04:30:41Z,1050M78017C3,1050M,,CANCELED,,
2026-06-02T04:30:41Z,1050M19537C5,1050M,,SCHEDULED,240,4.0
2026-06-02T04:30:41Z,1050M20216C4a,1050M,,SCHEDULED,60,1.0
2026-06-02T04:30:41Z,1050M20215C4a,1050M,,SCHEDULED,360,6.0
2026-06-02T04:30:41Z,1050M19522C5,1050M,,SCHEDULED,240,4.0
2026-06-02T04:30:41Z,1050M19521C5,1050M,,SCHEDULED,360,6.0
2026-06-02T04:30:41Z,1050M21304C10,1050M,,SCHEDULED,300,5.0
2026-06-02T04:30:41Z,1050M21200C10,1050M,,SCHEDULED,180,3.0
2026-06-02T04:30:41Z,1050M21605C2,1050M,,SCHEDULED,180,3.0
2026-06-02T04:30:41Z,1050M21603C2,1050M,,SCHEDULED,120,2.0
2026-06-02T04:30:41Z,1050M19512C5,1050M,,SCHEDULED,180,3.0
2026-06-02T04:30:41Z,1050M19807C1,1050M,,SCHEDULED,180,3.0
2026-06-02T04:30:41Z,1050M19527C5,1050M,,SCHEDULED,360,6.0
2026-06-02T04:30:41Z,1050M19533C5,1050M,,SCHEDULED,240,4.0
2026-06-02T04:30:41Z,1050M21002C8a,1050M,,SCHEDULED,60,1.0
2026-06-02T04:30:41Z,1050M21001C8a,1050M,,SCHEDULED,480,8.0
2026-06-02T04:35:27Z,3050M23505C1,3050M,,SCHEDULED,360,6.0
2026-06-02T04:35:27Z,3050M23506C1,3050M,,SCHEDULED,420,7.0
2026-06-02T04:35:27Z,3050M23603C4,3050M,,SCHEDULED,2040,34.0
2026-06-02T04:35:27Z,3050M23504C1,3050M,,SCHEDULED,540,9.0
2026-06-02T04:35:27Z,3150M23421T1,3150M,,SCHEDULED,120,2.0
2026-06-02T04:35:27Z,4050M76200C1,4050M,,SCHEDULED,180,3.0
2026-06-02T04:35:27Z,4050M76203C1,4050M,,SCHEDULED,120,2.0
2026-06-02T04:35:27Z,4050M24001C2,4050M,,SCHEDULED,180,3.0
2026-06-02T04:35:27Z,4050M76656C3,4050M,,SCHEDULED,180,3.0
2026-06-02T04:35:27Z,5150M28468R2,5150M,,SCHEDULED,180,3.0
2026-06-02T04:35:27Z,5150M77200R2S,5150M,,SCHEDULED,600,10.0
2026-06-02T04:35:27Z,5150M25600R1,5150M,,SCHEDULED,-60,-1.0
2026-06-02T04:35:27Z,5150M25604R1,5150M,,SCHEDULED,60,1.0
2026-06-02T04:35:27Z,5150M78802R11,5150M,,SCHEDULED,180,3.0
2026-06-02T04:35:27Z,5150M77502R4,5150M,,SCHEDULED,360,6.0
2026-06-02T04:35:27Z,5150M77205R2S,5150M,,SCHEDULED,-60,-1.0
2026-06-02T04:35:27Z,5150M25705R1,5150M,,SCHEDULED,60,1.0
2026-06-02T04:35:27Z,5150M28408R2N,5150M,,SCHEDULED,240,4.0
2026-06-02T04:35:27Z,5150M25706R1,5150M,,SCHEDULED,120,2.0
2026-06-02T04:35:27Z,5150M77206R2S,5150M,,SCHEDULED,60,1.0
2026-06-02T04:35:27Z,5150M77202R2S,5150M,,SCHEDULED,180,3.0
2026-06-02T04:35:27Z,5150M78288R2,5150M,,SCHEDULED,240,4.0
2026-06-02T04:35:27Z,5150M77312R3,5150M,,SCHEDULED,-120,-2.0
2026-06-02T04:35:27Z,6050M26504C3,6050M,,SCHEDULED,180,3.0
2026-06-02T04:35:27Z,6050M26007C2,6050M,,SCHEDULED,60,1.0
2026-06-02T04:35:27Z,6050M26507C3,6050M,,SCHEDULED,60,1.0
2026-06-02T04:35:27Z,4750M71091C1,4750M,,SCHEDULED,10560,176.0
2026-06-02T04:35:27Z,4750M71080C1,4750M,,SCHEDULED,-1800,-30.0
2026-06-02T04:35:27Z,2050M80851C6,2050M,,SCHEDULED,3240,54.0
2026-06-02T04:35:27Z,1050M20417C4b,1050M,,SCHEDULED,360,6.0
2026-06-02T04:35:27Z,1050M21504C2,1050M,,SCHEDULED,60,1.0
2026-06-02T04:35:27Z,1050M20413C4b,1050M,,SCHEDULED,300,5.0
2026-06-02T04:35:27Z,1050M78002C3,1050M,,SCHEDULED,2400,40.0
2026-06-02T04:35:27Z,1050M78004C3,1050M,,SCHEDULED,2100,35.0
2026-06-02T04:35:27Z,1050M78006C3,1050M,,SCHEDULED,720,12.0
2026-06-02T04:35:27Z,1050M36202C10,1050M,,SCHEDULED,180,3.0
2026-06-02T04:35:27Z,1050M78009C3,1050M,,SCHEDULED,300,5.0
2026-06-02T04:35:27Z,1050M21512C2,1050M,,SCHEDULED,420,7.0
2026-06-02T04:35:27Z,1050M20706C5,1050M,,SCHEDULED,120,2.0
2026-06-02T04:35:27Z,1050M20704C5,1050M,,SCHEDULED,180,3.0
2026-06-02T04:35:27Z,1050M21514C2,1050M,,SCHEDULED,120,2.0
2026-06-02T04:35:27Z,1050M35981C2,1050M,,SCHEDULED,60,1.0
2026-06-02T04:35:27Z,1050M19522C5,1050M,,SCHEDULED,180,3.0
2026-06-02T04:35:27Z,1050M19521C5,1050M,,SCHEDULED,300,5.0
2026-06-02T04:35:27Z,1050M21200C10,1050M,,SCHEDULED,300,5.0
2026-06-02T04:35:27Z,1050M21605C2,1050M,,SCHEDULED,120,2.0
2026-06-02T04:35:27Z,1050M21603C2,1050M,,SCHEDULED,180,3.0
2026-06-02T04:35:27Z,1050M35975C2,1050M,,SCHEDULED,60,1.0
2026-06-02T04:35:27Z,1050M19807C1,1050M,,SCHEDULED,480,8.0
2026-06-02T04:35:27Z,1050M19802C1,1050M,,SCHEDULED,60,1.0
2026-06-02T04:35:27Z,1050M19527C5,1050M,,SCHEDULED,180,3.0
2026-06-02T04:35:27Z,1050M19533C5,1050M,,SCHEDULED,360,6.0
2026-06-02T04:35:27Z,1050M19531C5,1050M,,SCHEDULED,420,7.0
2026-06-02T04:35:27Z,1050M19530C5,1050M,,SCHEDULED,-60,-1.0
2026-06-02T04:35:27Z,1050M20408C4b,1050M,,SCHEDULED,180,3.0
2026-06-02T04:35:27Z,1050M78011C3,1050M,,SCHEDULED,600,10.0
2026-06-02T04:35:27Z,1050M20714C5,1050M,,SCHEDULED,60,1.0
2026-06-02T04:35:27Z,1050M78010C3,1050M,,SCHEDULED,120,2.0
2026-06-02T04:35:27Z,1050M20402C4b,1050M,,SCHEDULED,120,2.0
2026-06-02T04:35:27Z,1050M21802C7,1050M,,SCHEDULED,360,6.0
2026-06-02T04:35:27Z,1050M21800C7,1050M,,SCHEDULED,120,2.0
2026-06-02T04:35:27Z,1050M20710C5,1050M,,SCHEDULED,240,4.0
2026-06-02T04:35:27Z,1050M20709C5,1050M,,SCHEDULED,480,8.0
2026-06-02T04:35:27Z,1050M20208C4,1050M,,SCHEDULED,360,6.0
2026-06-02T04:35:27Z,1050M78017C3,1050M,,CANCELED,,
2026-06-02T04:35:27Z,1050M19537C5,1050M,,SCHEDULED,120,2.0
2026-06-02T04:35:27Z,1050M20602C8b,1050M,,SCHEDULED,120,2.0
2026-06-02T04:35:27Z,1050M19539C5,1050M,,SCHEDULED,60,1.0
2026-06-02T04:35:27Z,1050M21811C7,1050M,,SCHEDULED,120,2.0
2026-06-02T04:35:27Z,1050M20600C8b,1050M,,SCHEDULED,60,1.0
2026-06-02T04:35:27Z,1050M21809C7,1050M,,SCHEDULED,120,2.0
2026-06-02T04:35:27Z,1050M20213C4a,1050M,,SCHEDULED,180,3.0
2026-06-02T04:35:27Z,1050M20212C4a,1050M,,SCHEDULED,300,5.0
2026-06-02T04:35:27Z,1050M20412C4b,1050M,,SCHEDULED,-60,-1.0
2026-06-02T04:35:27Z,1050M21104C10,1050M,,SCHEDULED,240,4.0
2026-06-02T04:35:27Z,1050M20216C4a,1050M,,SCHEDULED,60,1.0
2026-06-02T04:35:27Z,1050M20215C4a,1050M,,SCHEDULED,480,8.0
2026-06-02T04:35:27Z,1050M21304C10,1050M,,SCHEDULED,240,4.0
2026-06-02T04:35:27Z,1050M21509C2,1050M,,SCHEDULED,120,2.0
2026-06-02T04:35:27Z,1050M21508C2,1050M,,SCHEDULED,660,11.0
2026-06-02T04:35:27Z,1050M20222C4a,1050M,,SCHEDULED,-60,-1.0
2026-06-02T04:35:27Z,1050M19512C5,1050M,,SCHEDULED,120,2.0
2026-06-02T04:35:27Z,1050M20220C4a,1050M,,SCHEDULED,120,2.0
2026-06-02T04:35:27Z,1050M19518C5,1050M,,SCHEDULED,120,2.0
2026-06-02T04:35:27Z,1050M21004C8a,1050M,,SCHEDULED,-60,-1.0
2026-06-02T04:35:27Z,1050M21002C8a,1050M,,SCHEDULED,180,3.0
2026-06-02T04:35:27Z,1050M21001C8a,1050M,,SCHEDULED,600,10.0
2026-06-02T04:35:27Z,1050M21000C8a,1050M,,SCHEDULED,60,1.0
2026-06-02T04:40:31Z,3050M23507C1,3050M,,SCHEDULED,60,1.0
2026-06-02T04:40:31Z,3050M23506C1,3050M,,SCHEDULED,420,7.0
2026-06-02T04:40:31Z,3050M23603C4,3050M,,SCHEDULED,660,11.0
2026-06-02T04:40:31Z,3050M23504C1,3050M,,SCHEDULED,540,9.0
2026-06-02T04:40:31Z,3150M23421T1,3150M,,SCHEDULED,120,2.0
2026-06-02T04:40:31Z,3150M23200C1,3150M,,SCHEDULED,120,2.0
2026-06-02T04:40:31Z,3150M23201C1,3150M,,SCHEDULED,180,3.0
2026-06-02T04:40:31Z,4050M24300C6,4050M,,SCHEDULED,360,6.0
2026-06-02T04:40:31Z,4050M76201C1,4050M,,SCHEDULED,60,1.0
2026-06-02T04:40:31Z,5150M25606R1,5150M,,SCHEDULED,120,2.0
2026-06-02T04:40:31Z,5150M28468R2,5150M,,SCHEDULED,120,2.0
2026-06-02T04:40:31Z,5150M28466R2,5150M,,SCHEDULED,900,15.0
2026-06-02T04:40:31Z,5150M15002R15,5150M,,SCHEDULED,120,2.0
2026-06-02T04:40:31Z,5150M77502R4,5150M,,SCHEDULED,360,6.0
2026-06-02T04:40:31Z,5150M77508R4,5150M,,SCHEDULED,360,6.0
2026-06-02T04:40:31Z,5150M77204R2S,5150M,,SCHEDULED,300,5.0
2026-06-02T04:40:31Z,5150M77203R2S,5150M,,SCHEDULED,300,5.0
2026-06-02T04:40:31Z,5150M77402R4,5150M,,SCHEDULED,360,6.0
2026-06-02T04:40:31Z,5150M25701R1,5150M,,SCHEDULED,-60,-1.0
2026-06-02T04:40:31Z,5150M78288R2,5150M,,SCHEDULED,360,6.0
2026-06-02T04:40:31Z,5150M77404R4,5150M,,SCHEDULED,120,2.0
2026-06-02T04:40:31Z,5150M78203R2S,5150M,,SCHEDULED,60,1.0
2026-06-02T04:40:31Z,5150M78844R11,5150M,,SCHEDULED,120,2.0
2026-06-02T04:40:31Z,5150M28408R2N,5150M,,SCHEDULED,240,4.0
2026-06-02T04:40:31Z,6050M71581C5,6050M,,SCHEDULED,-180,-3.0
2026-06-02T04:40:31Z,6050M71501C4,6050M,,SCHEDULED,840,14.0
2026-06-02T04:40:31Z,6250M71152C2,6250M,,SCHEDULED,120,2.0
2026-06-02T04:40:31Z,6250M71151C2,6250M,,SCHEDULED,180,3.0
2026-06-02T04:40:31Z,6250M71104C2,6250M,,SCHEDULED,60,1.0
2026-06-02T04:40:31Z,6250M35903C1,6250M,,SCHEDULED,180,3.0
2026-06-02T04:40:31Z,4750M71091C1,4750M,,SCHEDULED,420,7.0
2026-06-02T04:40:31Z,4750M71080C1,4750M,,SCHEDULED,240,4.0
2026-06-02T04:40:31Z,2050M80851C6,2050M,,SCHEDULED,3540,59.0
2026-06-02T04:40:31Z,1050M21510C2,1050M,,SCHEDULED,420,7.0
2026-06-02T04:40:31Z,1050M20704C5,1050M,,SCHEDULED,120,2.0
2026-06-02T04:40:31Z,1050M20714C5,1050M,,SCHEDULED,180,3.0
2026-06-02T04:40:31Z,1050M21802C7,1050M,,SCHEDULED,360,6.0
2026-06-02T04:40:31Z,1050M21514C2,1050M,,SCHEDULED,180,3.0
2026-06-02T04:40:31Z,1050M35981C2,1050M,,SCHEDULED,60,1.0
2026-06-02T04:40:31Z,1050M21509C2,1050M,,SCHEDULED,120,2.0
2026-06-02T04:40:31Z,1050M21508C2,1050M,,SCHEDULED,480,8.0
2026-06-02T04:40:31Z,1050M20417C4b,1050M,,SCHEDULED,300,5.0
2026-06-02T04:40:31Z,1050M20710C5,1050M,,SCHEDULED,120,2.0
2026-06-02T04:40:31Z,1050M21506C2,1050M,,SCHEDULED,420,7.0
2026-06-02T04:40:31Z,1050M21505C2,1050M,,SCHEDULED,120,2.0
2026-06-02T04:40:31Z,1050M20709C5,1050M,,SCHEDULED,360,6.0
2026-06-02T04:40:31Z,1050M20414C4b,1050M,,SCHEDULED,-60,-1.0
2026-06-02T04:40:31Z,1050M20413C4b,1050M,,SCHEDULED,240,4.0
2026-06-02T04:40:31Z,1050M78004C3,1050M,,SCHEDULED,1980,33.0
2026-06-02T04:40:31Z,1050M20602C8b,1050M,,SCHEDULED,60,1.0
2026-06-02T04:40:31Z,1050M78006C3,1050M,,SCHEDULED,900,15.0
2026-06-02T04:40:31Z,1050M21811C7,1050M,,SCHEDULED,180,3.0
2026-06-02T04:40:31Z,1050M36202C10,1050M,,SCHEDULED,240,4.0
2026-06-02T04:40:31Z,1050M20601C8b,1050M,,SCHEDULED,300,5.0
2026-06-02T04:40:31Z,1050M78007C3,1050M,,SCHEDULED,120,2.0
2026-06-02T04:40:31Z,1050M19531C5,1050M,,SCHEDULED,420,7.0
2026-06-02T04:40:31Z,1050M19530C5,1050M,,SCHEDULED,0,0.0
2026-06-02T04:40:31Z,1050M20408C4b,1050M,,SCHEDULED,120,2.0
2026-06-02T04:40:31Z,1050M20412C4b,1050M,,SCHEDULED,-60,-1.0
2026-06-02T04:40:31Z,1050M78011C3,1050M,,SCHEDULED,600,10.0
2026-06-02T04:40:31Z,1050M21104C10,1050M,,SCHEDULED,360,6.0
2026-06-02T04:40:31Z,1050M20411C4b,1050M,,SCHEDULED,60,1.0
2026-06-02T04:40:31Z,1050M78010C3,1050M,,SCHEDULED,60,1.0
2026-06-02T04:40:31Z,1050M20402C4b,1050M,,SCHEDULED,60,1.0
2026-06-02T04:40:31Z,1050M19541C5,1050M,,SCHEDULED,360,6.0
2026-06-02T04:40:31Z,1050M20214C4,1050M,,SCHEDULED,120,2.0
2026-06-02T04:40:31Z,1050M20213C4a,1050M,,SCHEDULED,480,8.0
2026-06-02T04:40:31Z,1050M78017C3,1050M,,CANCELED,,
2026-06-02T04:40:31Z,1050M19537C5,1050M,,SCHEDULED,360,6.0
2026-06-02T04:40:31Z,1050M19539C5,1050M,,SCHEDULED,180,3.0
2026-06-02T04:40:31Z,1050M20217C4a,1050M,,SCHEDULED,240,4.0
2026-06-02T04:40:31Z,1050M21305C10,1050M,,SCHEDULED,240,4.0
2026-06-02T04:40:31Z,1050M20215C4a,1050M,,SCHEDULED,360,6.0
2026-06-02T04:40:31Z,1050M19521C5,1050M,,SCHEDULED,300,5.0
2026-06-02T04:40:31Z,1050M21200C10,1050M,,SCHEDULED,240,4.0
2026-06-02T04:40:31Z,1050M21304C10,1050M,,SCHEDULED,240,4.0
2026-06-02T04:40:31Z,1050M21607C2,1050M,,SCHEDULED,-60,-1.0
2026-06-02T04:40:31Z,1050M21605C2,1050M,,SCHEDULED,120,2.0
2026-06-02T04:40:31Z,1050M21603C2,1050M,,SCHEDULED,240,4.0
2026-06-02T04:40:31Z,1050M20222C4a,1050M,,SCHEDULED,-60,-1.0
2026-06-02T04:40:31Z,1050M19804C1,1050M,,SCHEDULED,60,1.0
2026-06-02T04:40:31Z,1050M19512C5,1050M,,SCHEDULED,120,2.0
2026-06-02T04:40:31Z,1050M19807C1,1050M,,SCHEDULED,600,10.0
2026-06-02T04:40:31Z,1050M19527C5,1050M,,SCHEDULED,360,6.0
2026-06-02T04:40:31Z,1050M20220C4a,1050M,,SCHEDULED,60,1.0
2026-06-02T04:40:31Z,1050M19533C5,1050M,,SCHEDULED,240,4.0
2026-06-02T04:40:31Z,1050M19518C5,1050M,,SCHEDULED,180,3.0
2026-06-02T04:40:31Z,1050M21004C8a,1050M,,SCHEDULED,-60,-1.0
2026-06-02T04:40:31Z,1050M21003C8a,1050M,,SCHEDULED,60,1.0
2026-06-02T04:40:31Z,1050M21001C8a,1050M,,SCHEDULED,480,8.0
2026-06-02T04:45:34Z,3050M23102C3,3050M,,SCHEDULED,180,3.0
2026-06-02T04:45:34Z,3050M23603C4,3050M,,SCHEDULED,660,11.0
2026-06-02T04:45:34Z,3050M23506C1,3050M,,SCHEDULED,540,9.0
2026-06-02T04:45:34Z,3150M23421T1,3150M,,SCHEDULED,120,2.0
2026-06-02T04:45:34Z,3150M23422T1,3150M,,SCHEDULED,240,4.0
2026-06-02T04:45:34Z,4050M24003C2,4050M,,SCHEDULED,120,2.0
2026-06-02T04:45:34Z,4050M24300C6,4050M,,SCHEDULED,420,7.0
2026-06-02T04:45:34Z,4050M24301C6,4050M,,SCHEDULED,720,12.0
2026-06-02T04:45:34Z,5150M77982R4,5150M,,SCHEDULED,-60,-1.0
2026-06-02T04:45:34Z,5150M77204R2S,5150M,,SCHEDULED,240,4.0
2026-06-02T04:45:34Z,5150M28466R2,5150M,,SCHEDULED,1020,17.0
2026-06-02T04:45:34Z,5150M78802R11,5150M,,SCHEDULED,180,3.0
2026-06-02T04:45:34Z,5150M77203R2S,5150M,,SCHEDULED,300,5.0
2026-06-02T04:45:34Z,5150M77402R4,5150M,,SCHEDULED,360,6.0
2026-06-02T04:45:34Z,5150M77504R4,5150M,,SCHEDULED,60,1.0
2026-06-02T04:45:34Z,5150M25705R1,5150M,,SCHEDULED,60,1.0
2026-06-02T04:45:34Z,5150M77205R2S,5150M,,SCHEDULED,60,1.0
2026-06-02T04:45:34Z,5150M25706R1,5150M,,SCHEDULED,120,2.0
2026-06-02T04:45:34Z,5150M77206R2S,5150M,,SCHEDULED,60,1.0
2026-06-02T04:45:34Z,5150M28408R2N,5150M,,SCHEDULED,300,5.0
2026-06-02T04:45:34Z,5150M77201R2S,5150M,,SCHEDULED,540,9.0
2026-06-02T04:45:34Z,5150M78600R8,5150M,,SCHEDULED,60,1.0
2026-06-02T04:45:34Z,6050M26007C2,6050M,,SCHEDULED,180,3.0
2026-06-02T04:45:34Z,6050M26009C2,6050M,,SCHEDULED,60,1.0
2026-06-02T04:45:34Z,6050M26006C2,6050M,,SCHEDULED,120,2.0
2026-06-02T04:45:34Z,6150M32700C1,6150M,,SCHEDULED,-60,-1.0
2026-06-02T04:45:34Z,4650M70150C1,4650M,,SCHEDULED,120,2.0
2026-06-02T04:45:34Z,1050M21511C2,1050M,,SCHEDULED,120,2.0
2026-06-02T04:45:34Z,1050M21510C2,1050M,,SCHEDULED,540,9.0
2026-06-02T04:45:34Z,1050M35980C2,1050M,,SCHEDULED,60,1.0
2026-06-02T04:45:34Z,1050M20706C5,1050M,,SCHEDULED,60,1.0
2026-06-02T04:45:34Z,1050M21802C7,1050M,,SCHEDULED,360,6.0
2026-06-02T04:45:34Z,1050M20704C5,1050M,,SCHEDULED,120,2.0
2026-06-02T04:45:34Z,1050M21516C2,1050M,,SCHEDULED,240,4.0
2026-06-02T04:45:34Z,1050M20710C5,1050M,,SCHEDULED,360,6.0
2026-06-02T04:45:34Z,1050M20709C5,1050M,,SCHEDULED,420,7.0
2026-06-02T04:45:34Z,1050M21514C2,1050M,,SCHEDULED,180,3.0
2026-06-02T04:45:34Z,1050M19522C5,1050M,,SCHEDULED,180,3.0
2026-06-02T04:45:34Z,1050M19521C5,1050M,,SCHEDULED,300,5.0
2026-06-02T04:45:34Z,1050M21813C7,1050M,,SCHEDULED,-60,-1.0
2026-06-02T04:45:34Z,1050M78011C3,1050M,,SCHEDULED,600,10.0
2026-06-02T04:45:34Z,1050M21811C7,1050M,,SCHEDULED,300,5.0
2026-06-02T04:45:34Z,1050M20601C8b,1050M,,SCHEDULED,300,5.0
2026-06-02T04:45:34Z,1050M78017C3,1050M,,CANCELED,,
2026-06-02T04:45:34Z,1050M21104C10,1050M,,SCHEDULED,180,3.0
2026-06-02T04:45:34Z,1050M20411C4b,1050M,,SCHEDULED,120,2.0
2026-06-02T04:45:34Z,1050M20410C4b,1050M,,SCHEDULED,60,1.0
2026-06-02T04:45:34Z,1050M19537C5,1050M,,SCHEDULED,240,4.0
2026-06-02T04:45:34Z,1050M19541C5,1050M,,SCHEDULED,240,4.0
2026-06-02T04:45:34Z,1050M19539C5,1050M,,SCHEDULED,180,3.0
2026-06-02T04:45:34Z,1050M21200C10,1050M,,SCHEDULED,300,5.0
2026-06-02T04:45:34Z,1050M21607C2,1050M,,SCHEDULED,-60,-1.0
2026-06-02T04:45:34Z,1050M21508C2,1050M,,SCHEDULED,480,8.0
2026-06-02T04:45:34Z,1050M20417C4b,1050M,,SCHEDULED,420,7.0
2026-06-02T04:45:34Z,1050M21506C2,1050M,,SCHEDULED,480,8.0
2026-06-02T04:45:34Z,1050M21605C2,1050M,,SCHEDULED,120,2.0
2026-06-02T04:45:34Z,1050M20214C4,1050M,,SCHEDULED,420,7.0
2026-06-02T04:45:34Z,1050M21603C2,1050M,,SCHEDULED,120,2.0
2026-06-02T04:45:34Z,1050M20213C4a,1050M,,SCHEDULED,780,13.0
2026-06-02T04:45:34Z,1050M35975C2,1050M,,SCHEDULED,180,3.0
2026-06-02T04:45:34Z,1050M21706C2,1050M,,SCHEDULED,60,1.0
2026-06-02T04:45:34Z,1050M19809C1,1050M,,SCHEDULED,60,1.0
2026-06-02T04:45:34Z,1050M20218C4a,1050M,,SCHEDULED,60,1.0
2026-06-02T04:45:34Z,1050M19807C1,1050M,,SCHEDULED,480,8.0
2026-06-02T04:45:34Z,1050M20217C4a,1050M,,SCHEDULED,240,4.0
2026-06-02T04:45:34Z,1050M19528C5,1050M,,SCHEDULED,120,2.0
2026-06-02T04:45:34Z,1050M21305C10,1050M,,SCHEDULED,240,4.0
2026-06-02T04:45:34Z,1050M19527C5,1050M,,SCHEDULED,240,4.0
2026-06-02T04:45:34Z,1050M19533C5,1050M,,SCHEDULED,360,6.0
2026-06-02T04:45:34Z,1050M19531C5,1050M,,SCHEDULED,480,8.0
2026-06-02T04:45:34Z,1050M19530C5,1050M,,SCHEDULED,180,3.0
2026-06-02T04:45:34Z,1050M21304C10,1050M,,SCHEDULED,180,3.0
2026-06-02T04:45:34Z,1050M21505C2,1050M,,SCHEDULED,240,4.0
2026-06-02T04:45:34Z,1050M20415C4b,1050M,,SCHEDULED,240,4.0
2026-06-02T04:45:34Z,1050M19512C5,1050M,,SCHEDULED,60,1.0
2026-06-02T04:45:34Z,1050M20414C4b,1050M,,SCHEDULED,-60,-1.0
2026-06-02T04:45:34Z,1050M21503C2,1050M,,SCHEDULED,180,3.0
2026-06-02T04:45:34Z,1050M20413C4b,1050M,,SCHEDULED,180,3.0
2026-06-02T04:45:34Z,1050M21004C8a,1050M,,SCHEDULED,-60,-1.0
2026-06-02T04:45:34Z,1050M78004C3,1050M,,SCHEDULED,2040,34.0
2026-06-02T04:45:34Z,1050M78006C3,1050M,,SCHEDULED,960,16.0
2026-06-02T04:45:34Z,1050M21003C8a,1050M,,SCHEDULED,180,3.0
2026-06-02T04:45:34Z,1050M78008C3,1050M,,SCHEDULED,660,11.0
2026-06-02T04:45:34Z,1050M21001C8a,1050M,,SCHEDULED,660,11.0
2026-06-02T04:45:34Z,1050M78007C3,1050M,,SCHEDULED,60,1.0
2026-06-02T04:45:34Z,1050M21804C7,1050M,,SCHEDULED,120,2.0
2026-06-02T04:45:34Z,1050M21512C2,1050M,,SCHEDULED,420,7.0
2026-06-02T04:50:32Z,3050M23504C1,3050M,,SCHEDULED,420,7.0
2026-06-02T04:50:32Z,3150M23421T1,3150M,,SCHEDULED,120,2.0
2026-06-02T04:50:32Z,3150M23202C1,3150M,,SCHEDULED,120,2.0
2026-06-02T04:50:32Z,3150M23203C1,3150M,,SCHEDULED,60,1.0
2026-06-02T04:50:32Z,3150M23200C1,3150M,,SCHEDULED,300,5.0
2026-06-02T04:50:32Z,3250M23307C1,3250M,,SCHEDULED,60,1.0
2026-06-02T04:50:32Z,4050M76654C3,4050M,,SCHEDULED,-120,-2.0
2026-06-02T04:50:32Z,4050M76206C1,4050M,,SCHEDULED,60,1.0
2026-06-02T04:50:32Z,4050M76203C1,4050M,,SCHEDULED,120,2.0
2026-06-02T04:50:32Z,5150M25601R1,5150M,,SCHEDULED,60,1.0
2026-06-02T04:50:32Z,5150M77204R2S,5150M,,SCHEDULED,360,6.0
2026-06-02T04:50:32Z,5150M78844R11,5150M,,SCHEDULED,60,1.0
2026-06-02T04:50:32Z,5150M28404R2N,5150M,,SCHEDULED,60,1.0
2026-06-02T04:50:32Z,5150M28406R2N,5150M,,SCHEDULED,60,1.0
2026-06-02T04:50:32Z,5150M77201R2S,5150M,,SCHEDULED,720,12.0
2026-06-02T04:50:32Z,5150M77203R2S,5150M,,SCHEDULED,300,5.0
2026-06-02T04:50:32Z,5150M78900R11,5150M,,SCHEDULED,120,2.0
2026-06-02T04:50:32Z,5150M28468R2,5150M,,SCHEDULED,-60,-1.0
2026-06-02T04:50:32Z,5150M25706R1,5150M,,SCHEDULED,120,2.0
2026-06-02T04:50:32Z,5150M28466R2,5150M,,SCHEDULED,1020,17.0
2026-06-02T04:50:32Z,5150M77206R2S,5150M,,SCHEDULED,300,5.0
2026-06-02T04:50:32Z,5150M77202R2S,5150M,,SCHEDULED,120,2.0
2026-06-02T04:50:32Z,5150M77504R4,5150M,,SCHEDULED,120,2.0
2026-06-02T04:50:32Z,5150M25703R1,5150M,,SCHEDULED,-60,-1.0
2026-06-02T04:50:32Z,5150M78288R2,5150M,,SCHEDULED,240,4.0
2026-06-02T04:50:32Z,5150M77706R4,5150M,,SCHEDULED,60,1.0
2026-06-02T04:50:32Z,5150M77312R3,5150M,,SCHEDULED,60,1.0
2026-06-02T04:50:32Z,5150M77314R3,5150M,,SCHEDULED,-120,-2.0
2026-06-02T04:50:32Z,6050M26109C1,6050M,,SCHEDULED,60,1.0
2026-06-02T04:50:32Z,6150M32701C1,6150M,,SCHEDULED,60,1.0
2026-06-02T04:50:32Z,6150M30600C1,6150M,,SCHEDULED,60,1.0
2026-06-02T04:50:32Z,6250M71152C2,6250M,,SCHEDULED,60,1.0
2026-06-02T04:50:32Z,6250M71151C2,6250M,,SCHEDULED,120,2.0
2026-06-02T04:50:32Z,4650M70150C1,4650M,,SCHEDULED,180,3.0
2026-06-02T04:50:32Z,1050M20419C4b,1050M,,SCHEDULED,660,11.0
2026-06-02T04:50:32Z,1050M21508C2,1050M,,SCHEDULED,480,8.0
2026-06-02T04:50:32Z,1050M21806C7,1050M,,SCHEDULED,120,2.0
2026-06-02T04:50:32Z,1050M21506C2,1050M,,SCHEDULED,480,8.0
2026-06-02T04:50:32Z,1050M21505C2,1050M,,SCHEDULED,240,4.0
2026-06-02T04:50:32Z,1050M20715C5,1050M,,SCHEDULED,240,4.0
2026-06-02T04:50:32Z,1050M21804C7,1050M,,SCHEDULED,180,3.0
2026-06-02T04:50:32Z,1050M20415C4b,1050M,,SCHEDULED,180,3.0
2026-06-02T04:50:32Z,1050M20714C5,1050M,,SCHEDULED,120,2.0
2026-06-02T04:50:32Z,1050M20414C4b,1050M,,SCHEDULED,-60,-1.0
2026-06-02T04:50:32Z,1050M21503C2,1050M,,SCHEDULED,240,4.0
2026-06-02T04:50:32Z,1050M21802C7,1050M,,SCHEDULED,480,8.0
2026-06-02T04:50:32Z,1050M20710C5,1050M,,SCHEDULED,360,6.0
2026-06-02T04:50:32Z,1050M20413C4b,1050M,,SCHEDULED,180,3.0
2026-06-02T04:50:32Z,1050M78002C3,1050M,,SCHEDULED,1860,31.0
2026-06-02T04:50:32Z,1050M20709C5,1050M,,SCHEDULED,360,6.0
2026-06-02T04:50:32Z,1050M20720C5,1050M,,SCHEDULED,180,3.0
2026-06-02T04:50:32Z,1050M78006C3,1050M,,SCHEDULED,900,15.0
2026-06-02T04:50:32Z,1050M78008C3,1050M,,SCHEDULED,900,15.0
2026-06-02T04:50:32Z,1050M21512C2,1050M,,SCHEDULED,300,5.0
2026-06-02T04:50:32Z,1050M21511C2,1050M,,SCHEDULED,120,2.0
2026-06-02T04:50:32Z,1050M20603C8b,1050M,,SCHEDULED,480,8.0
2026-06-02T04:50:32Z,1050M21510C2,1050M,,SCHEDULED,540,9.0
2026-06-02T04:50:32Z,1050M21813C7,1050M,,SCHEDULED,-60,-1.0
2026-06-02T04:50:32Z,1050M21811C7,1050M,,SCHEDULED,300,5.0
2026-06-02T04:50:32Z,1050M20601C8b,1050M,,SCHEDULED,120,2.0
2026-06-02T04:50:32Z,1050M20704C5,1050M,,SCHEDULED,120,2.0
2026-06-02T04:50:32Z,1050M21516C2,1050M,,SCHEDULED,120,2.0
2026-06-02T04:50:32Z,1050M21809C7,1050M,,SCHEDULED,60,1.0
2026-06-02T04:50:32Z,1050M21514C2,1050M,,SCHEDULED,120,2.0
2026-06-02T04:50:32Z,1050M35981C2,1050M,,SCHEDULED,60,1.0
2026-06-02T04:50:32Z,1050M19522C5,1050M,,SCHEDULED,240,4.0
2026-06-02T04:50:32Z,1050M21807C7,1050M,,SCHEDULED,180,3.0
2026-06-02T04:50:32Z,1050M19521C5,1050M,,SCHEDULED,300,5.0
2026-06-02T04:50:32Z,1050M21200C10,1050M,,SCHEDULED,420,7.0
2026-06-02T04:50:32Z,1050M21607C2,1050M,,SCHEDULED,-60,-1.0
2026-06-02T04:50:32Z,1050M21605C2,1050M,,SCHEDULED,60,1.0
2026-06-02T04:50:32Z,1050M35975C2,1050M,,SCHEDULED,180,3.0
2026-06-02T04:50:32Z,1050M21104C10,1050M,,SCHEDULED,240,4.0
2026-06-02T04:50:32Z,1050M19545C5,1050M,,SCHEDULED,60,1.0
2026-06-02T04:50:32Z,1050M19528C5,1050M,,SCHEDULED,300,5.0
2026-06-02T04:50:32Z,1050M19527C5,1050M,,SCHEDULED,300,5.0
2026-06-02T04:50:32Z,1050M19541C5,1050M,,SCHEDULED,300,5.0
2026-06-02T04:50:32Z,1050M19533C5,1050M,,SCHEDULED,240,4.0
2026-06-02T04:50:32Z,1050M20214C4,1050M,,SCHEDULED,720,12.0
2026-06-02T04:50:32Z,1050M20213C4a,1050M,,SCHEDULED,1080,18.0
2026-06-02T04:50:32Z,1050M20212C4a,1050M,,SCHEDULED,360,6.0
2026-06-02T04:50:32Z,1050M19531C5,1050M,,SCHEDULED,480,8.0
2026-06-02T04:50:32Z,1050M19530C5,1050M,,SCHEDULED,300,5.0
2026-06-02T04:50:32Z,1050M20408C4b,1050M,,SCHEDULED,60,1.0
2026-06-02T04:50:32Z,1050M21306C10,1050M,,SCHEDULED,120,2.0
2026-06-02T04:50:32Z,1050M20404C4,1050M,,SCHEDULED,240,4.0
2026-06-02T04:50:32Z,1050M20217C4a,1050M,,SCHEDULED,360,6.0
2026-06-02T04:50:32Z,1050M78011C3,1050M,,SCHEDULED,660,11.0
2026-06-02T04:50:32Z,1050M21304C10,1050M,,SCHEDULED,420,7.0
2026-06-02T04:50:32Z,1050M78017C3,1050M,,CANCELED,,
2026-06-02T04:50:32Z,1050M20222C4a,1050M,,SCHEDULED,180,3.0
2026-06-02T04:50:32Z,1050M19512C5,1050M,,SCHEDULED,180,3.0
2026-06-02T04:50:32Z,1050M19537C5,1050M,,SCHEDULED,360,6.0
2026-06-02T04:50:32Z,1050M19518C5,1050M,,SCHEDULED,120,2.0
2026-06-02T04:50:32Z,1050M19539C5,1050M,,SCHEDULED,180,3.0
2026-06-02T04:50:32Z,1050M21004C8a,1050M,,SCHEDULED,60,1.0
2026-06-02T04:50:32Z,1050M21001C8a,1050M,,SCHEDULED,540,9.0
2026-06-02T05:00:50Z,3050M23102C3,3050M,,SCHEDULED,300,5.0
2026-06-02T05:00:50Z,3050M23506C1,3050M,,SCHEDULED,660,11.0
2026-06-02T05:00:50Z,3050M23505C1,3050M,,SCHEDULED,180,3.0
2026-06-02T05:00:50Z,3050M23605C4,3050M,,SCHEDULED,480,8.0
2026-06-02T05:00:50Z,3150M23200C1,3150M,,SCHEDULED,120,2.0
2026-06-02T05:00:50Z,3150M23421T1,3150M,,SCHEDULED,120,2.0
2026-06-02T05:00:50Z,3150M23201C1,3150M,,SCHEDULED,180,3.0
2026-06-02T05:00:50Z,3250M23309C1,3250M,,SCHEDULED,60,1.0
2026-06-02T05:00:50Z,3250M23307C1,3250M,,SCHEDULED,60,1.0
2026-06-02T05:00:50Z,4050M76205C1,4050M,,SCHEDULED,180,3.0
2026-06-02T05:00:50Z,4050M24302C6,4050M,,SCHEDULED,180,3.0
2026-06-02T05:00:50Z,4050M24006C2,4050M,,SCHEDULED,120,2.0
2026-06-02T05:00:50Z,4050M76206C1,4050M,,SCHEDULED,-60,-1.0
2026-06-02T05:00:50Z,4050M76656C3,4050M,,SCHEDULED,120,2.0
2026-06-02T05:00:50Z,5150M25404R2N,5150M,,SCHEDULED,180,3.0
2026-06-02T05:00:50Z,5150M25601R1,5150M,,SCHEDULED,60,1.0
2026-06-02T05:00:50Z,5150M78802R11,5150M,,SCHEDULED,180,3.0
2026-06-02T05:00:50Z,5150M77508R4,5150M,,SCHEDULED,120,2.0
2026-06-02T05:00:50Z,5150M25402R2N,5150M,,SCHEDULED,120,2.0
2026-06-02T05:00:50Z,5150M77402R4,5150M,,SCHEDULED,600,10.0
2026-06-02T05:00:50Z,5150M77406R4,5150M,,SCHEDULED,420,7.0
2026-06-02T05:00:50Z,5150M25610R1,5150M,,SCHEDULED,120,2.0
2026-06-02T05:00:50Z,5150M77504R4,5150M,,SCHEDULED,60,1.0
2026-06-02T05:00:50Z,5150M28408R2N,5150M,,SCHEDULED,420,7.0
2026-06-02T05:00:50Z,5150M77206R2S,5150M,,SCHEDULED,480,8.0
2026-06-02T05:00:50Z,5150M25700R1,5150M,,SCHEDULED,180,3.0
2026-06-02T05:00:50Z,5150M77400R4,5150M,,SCHEDULED,540,9.0
2026-06-02T05:00:50Z,5150M78288R2,5150M,,SCHEDULED,120,2.0
2026-06-02T05:00:50Z,5150M78204R2S,5150M,,SCHEDULED,120,2.0
2026-06-02T05:00:50Z,6050M26008C2,6050M,,SCHEDULED,120,2.0
2026-06-02T05:00:50Z,6050M26505C3,6050M,,SCHEDULED,240,4.0
2026-06-02T05:00:50Z,6050M26009C2,6050M,,SCHEDULED,180,3.0
2026-06-02T05:00:50Z,6150M32702C1,6150M,,SCHEDULED,120,2.0
2026-06-02T05:00:50Z,6150M32700C1,6150M,,SCHEDULED,900,15.0
2026-06-02T05:00:50Z,6150M32701C1,6150M,,SCHEDULED,2460,41.0
2026-06-02T05:00:50Z,6250M35902C1,6250M,,SCHEDULED,300,5.0
2026-06-02T05:00:50Z,6250M35917C1,6250M,,SCHEDULED,60,1.0
2026-06-02T05:00:50Z,6250M35903C1,6250M,,SCHEDULED,420,7.0
2026-06-02T05:00:50Z,4750M71080C1,4750M,,SCHEDULED,180,3.0
2026-06-02T05:00:50Z,4150M84900C2,4150M,,SCHEDULED,3300,55.0
2026-06-02T05:00:50Z,1050M21508C2,1050M,,SCHEDULED,600,10.0
2026-06-02T05:00:50Z,1050M21506C2,1050M,,SCHEDULED,420,7.0
2026-06-02T05:00:50Z,1050M20416C4b,1050M,,SCHEDULED,-60,-1.0
2026-06-02T05:00:50Z,1050M21505C2,1050M,,SCHEDULED,180,3.0
2026-06-02T05:00:50Z,1050M20415C4b,1050M,,SCHEDULED,120,2.0
2026-06-02T05:00:50Z,1050M20414C4b,1050M,,SCHEDULED,60,1.0
2026-06-02T05:00:50Z,1050M20413C4b,1050M,,SCHEDULED,300,5.0
2026-06-02T05:00:50Z,1050M78008C3,1050M,,SCHEDULED,960,16.0
2026-06-02T05:00:50Z,1050M78009C3,1050M,,SCHEDULED,360,6.0
2026-06-02T05:00:50Z,1050M20423C4b,1050M,,SCHEDULED,-60,-1.0
2026-06-02T05:00:50Z,1050M21512C2,1050M,,SCHEDULED,360,6.0
2026-06-02T05:00:50Z,1050M21511C2,1050M,,SCHEDULED,120,2.0
2026-06-02T05:00:50Z,1050M19557C5,1050M,,SCHEDULED,-60,-1.0
2026-06-02T05:00:50Z,1050M20421C4b,1050M,,SCHEDULED,480,8.0
2026-06-02T05:00:50Z,1050M21510C2,1050M,,SCHEDULED,420,7.0
2026-06-02T05:00:50Z,1050M19551C5,1050M,,SCHEDULED,240,4.0
2026-06-02T05:00:50Z,1050M20706C5,1050M,,SCHEDULED,60,1.0
2026-06-02T05:00:50Z,1050M20704C5,1050M,,SCHEDULED,60,1.0
2026-06-02T05:00:50Z,1050M21516C2,1050M,,SCHEDULED,180,3.0
2026-06-02T05:00:50Z,1050M21802C7,1050M,,SCHEDULED,600,10.0
2026-06-02T05:00:50Z,1050M21514C2,1050M,,SCHEDULED,360,6.0
2026-06-02T05:00:50Z,1050M20710C5,1050M,,SCHEDULED,240,4.0
2026-06-02T05:00:50Z,1050M20709C5,1050M,,SCHEDULED,360,6.0
2026-06-02T05:00:50Z,1050M20720C5,1050M,,SCHEDULED,180,3.0
2026-06-02T05:00:50Z,1050M19522C5,1050M,,SCHEDULED,120,2.0
2026-06-02T05:00:50Z,1050M21200C10,1050M,,SCHEDULED,360,6.0
2026-06-02T05:00:50Z,1050M21607C2,1050M,,SCHEDULED,60,1.0
2026-06-02T05:00:50Z,1050M20726C5,1050M,,SCHEDULED,300,5.0
2026-06-02T05:00:50Z,1050M20604C8b,1050M,,SCHEDULED,120,2.0
2026-06-02T05:00:50Z,1050M19528C5,1050M,,SCHEDULED,240,4.0
2026-06-02T05:00:50Z,1050M19527C5,1050M,,SCHEDULED,360,6.0
2026-06-02T05:00:50Z,1050M19533C5,1050M,,SCHEDULED,180,3.0
2026-06-02T05:00:50Z,1050M19531C5,1050M,,SCHEDULED,480,8.0
2026-06-02T05:00:50Z,1050M19530C5,1050M,,SCHEDULED,240,4.0
2026-06-02T05:00:50Z,1050M21811C7,1050M,,SCHEDULED,300,5.0
2026-06-02T05:00:50Z,1050M20601C8b,1050M,,SCHEDULED,240,4.0
2026-06-02T05:00:50Z,1050M20600C8b,1050M,,SCHEDULED,120,2.0
2026-06-02T05:00:50Z,1050M21809C7,1050M,,SCHEDULED,180,3.0
2026-06-02T05:00:50Z,1050M20404C4,1050M,,SCHEDULED,840,14.0
2026-06-02T05:00:50Z,1050M78011C3,1050M,,SCHEDULED,720,12.0
2026-06-02T05:00:50Z,1050M20719C5,1050M,,SCHEDULED,60,1.0
2026-06-02T05:00:50Z,1050M78010C3,1050M,,SCHEDULED,360,6.0
2026-06-02T05:00:50Z,1050M78013C3,1050M,,SCHEDULED,120,2.0
2026-06-02T05:00:50Z,1050M20412C4b,1050M,,SCHEDULED,240,4.0
2026-06-02T05:00:50Z,1050M21104C10,1050M,,SCHEDULED,360,6.0
2026-06-02T05:00:50Z,1050M19545C5,1050M,,SCHEDULED,180,3.0
2026-06-02T05:00:50Z,1050M19541C5,1050M,,SCHEDULED,360,6.0
2026-06-02T05:00:50Z,1050M21509C2,1050M,,SCHEDULED,180,3.0
2026-06-02T05:00:50Z,1050M20419C4b,1050M,,SCHEDULED,900,15.0
2026-06-02T05:00:50Z,1050M20213C4a,1050M,,SCHEDULED,1680,28.0
2026-06-02T05:00:50Z,1050M20219C4a,1050M,,SCHEDULED,660,11.0
2026-06-02T05:00:50Z,1050M19537C5,1050M,,SCHEDULED,360,6.0
2026-06-02T05:00:50Z,1050M19811C1,1050M,,SCHEDULED,60,1.0
2026-06-02T05:00:50Z,1050M20216C4a,1050M,,SCHEDULED,300,5.0
2026-06-02T05:00:50Z,1050M20215C4a,1050M,,SCHEDULED,780,13.0
2026-06-02T05:00:50Z,1050M19539C5,1050M,,SCHEDULED,240,4.0
2026-06-02T05:00:50Z,1050M21304C10,1050M,,SCHEDULED,300,5.0
2026-06-02T05:00:50Z,1050M19538C5,1050M,,SCHEDULED,240,4.0
2026-06-02T05:00:50Z,1050M20224C4a,1050M,,SCHEDULED,60,1.0
2026-06-02T05:00:50Z,1050M20222C4a,1050M,,SCHEDULED,180,3.0
2026-06-02T05:00:50Z,1050M21004C8a,1050M,,SCHEDULED,180,3.0
2026-06-02T05:00:50Z,1050M21003C8a,1050M,,SCHEDULED,120,2.0
2026-06-02T05:00:50Z,1050M21001C8a,1050M,,SCHEDULED,360,6.0
2026-06-02T05:00:50Z,1050M19563C5,1050M,,SCHEDULED,-60,-1.0
2026-06-02T05:00:50Z,1050M20715C5,1050M,,SCHEDULED,240,4.0
2026-06-02T05:00:50Z,1050M21804C7,1050M,,SCHEDULED,120,2.0
2026-06-02T05:05:30Z,3050M23508C1,3050M,,SCHEDULED,720,12.0
2026-06-02T05:05:30Z,3050M23509C1,3050M,,SCHEDULED,240,4.0
2026-06-02T05:05:30Z,3050M23505C1,3050M,,SCHEDULED,300,5.0
2026-06-02T05:05:30Z,3050M23605C4,3050M,,SCHEDULED,2340,39.0
2026-06-02T05:05:30Z,3150M23203C1,3150M,,SCHEDULED,120,2.0
2026-06-02T05:05:30Z,3150M23200C1,3150M,,SCHEDULED,240,4.0
2026-06-02T05:05:30Z,3150M23421T1,3150M,,SCHEDULED,120,2.0
2026-06-02T05:05:30Z,4050M76205C1,4050M,,SCHEDULED,180,3.0
2026-06-02T05:05:30Z,5150M78900R11,5150M,,SCHEDULED,60,1.0
2026-06-02T05:05:30Z,5150M28468R2,5150M,,SCHEDULED,120,2.0
2026-06-02T05:05:30Z,5150M25402R2N,5150M,,SCHEDULED,120,2.0
2026-06-02T05:05:30Z,5150M77204R2S,5150M,,SCHEDULED,360,6.0
2026-06-02T05:05:30Z,5150M28470R2,5150M,,SCHEDULED,240,4.0
2026-06-02T05:05:30Z,5150M77504R4,5150M,,SCHEDULED,60,1.0
2026-06-02T05:05:30Z,5150M77206R2S,5150M,,SCHEDULED,420,7.0
2026-06-02T05:05:30Z,5150M77402R4,5150M,,SCHEDULED,480,8.0
2026-06-02T05:05:30Z,5150M25610R1,5150M,,SCHEDULED,180,3.0
2026-06-02T05:05:30Z,5150M25700R1,5150M,,SCHEDULED,120,2.0
2026-06-02T05:05:30Z,5150M25612R1,5150M,,SCHEDULED,-60,-1.0
2026-06-02T05:05:30Z,5150M77400R4,5150M,,SCHEDULED,360,6.0
2026-06-02T05:05:30Z,5150M78286R2N,5150M,,SCHEDULED,-60,-1.0
2026-06-02T05:05:30Z,5150M78288R2,5150M,,SCHEDULED,-60,-1.0
2026-06-02T05:05:30Z,5150M78204R2S,5150M,,SCHEDULED,120,2.0
2026-06-02T05:05:30Z,5150M78600R8,5150M,,SCHEDULED,300,5.0
2026-06-02T05:05:30Z,5150M77312R3,5150M,,SCHEDULED,240,4.0
2026-06-02T05:05:30Z,5150M77314R3,5150M,,SCHEDULED,-60,-1.0
2026-06-02T05:05:30Z,6050M26604C3,6050M,,SCHEDULED,60,1.0
2026-06-02T05:05:30Z,6050M26505C3,6050M,,SCHEDULED,180,3.0
2026-06-02T05:05:30Z,6050M26508C3,6050M,,SCHEDULED,180,3.0
2026-06-02T05:05:30Z,6050M71505C4,6050M,,SCHEDULED,-60,-1.0
2026-06-02T05:05:30Z,6250M71151C2,6250M,,SCHEDULED,120,2.0
2026-06-02T05:05:30Z,4650M70150C1,4650M,,SCHEDULED,240,4.0
2026-06-02T05:05:30Z,4750M71090C1,4750M,,SCHEDULED,420,7.0
2026-06-02T05:05:30Z,2050M70300C4,2050M,,SCHEDULED,300,5.0
2026-06-02T05:05:30Z,2050M70504C7,2050M,,SCHEDULED,180,3.0
2026-06-02T05:05:30Z,4150M84900C2,4150M,,SCHEDULED,3600,60.0
2026-06-02T05:05:30Z,1050M21106C10,1050M,,SCHEDULED,60,1.0
2026-06-02T05:05:30Z,1050M20413C4b,1050M,,SCHEDULED,240,4.0
2026-06-02T05:05:30Z,1050M36202C10,1050M,,SCHEDULED,120,2.0
2026-06-02T05:05:30Z,1050M78008C3,1050M,,SCHEDULED,900,15.0
2026-06-02T05:05:30Z,1050M78009C3,1050M,,SCHEDULED,300,5.0
2026-06-02T05:05:30Z,1050M20423C4b,1050M,,SCHEDULED,-60,-1.0
2026-06-02T05:05:30Z,1050M21512C2,1050M,,SCHEDULED,420,7.0
2026-06-02T05:05:30Z,1050M20421C4b,1050M,,SCHEDULED,660,11.0
2026-06-02T05:05:30Z,1050M21510C2,1050M,,SCHEDULED,420,7.0
2026-06-02T05:05:30Z,1050M19551C5,1050M,,SCHEDULED,60,1.0
2026-06-02T05:05:30Z,1050M20710C5,1050M,,SCHEDULED,300,5.0
2026-06-02T05:05:30Z,1050M20706C5,1050M,,SCHEDULED,240,4.0
2026-06-02T05:05:30Z,1050M20709C5,1050M,,SCHEDULED,300,5.0
2026-06-02T05:05:30Z,1050M20720C5,1050M,,SCHEDULED,240,4.0
2026-06-02T05:05:30Z,1050M20704C5,1050M,,SCHEDULED,300,5.0
2026-06-02T05:05:30Z,1050M21516C2,1050M,,SCHEDULED,60,1.0
2026-06-02T05:05:30Z,1050M21514C2,1050M,,SCHEDULED,420,7.0
2026-06-02T05:05:30Z,1050M20726C5,1050M,,SCHEDULED,120,2.0
2026-06-02T05:05:30Z,1050M35981C2,1050M,,SCHEDULED,60,1.0
2026-06-02T05:05:30Z,1050M20604C8b,1050M,,SCHEDULED,120,2.0
2026-06-02T05:05:30Z,1050M21204C10,1050M,,SCHEDULED,300,5.0
2026-06-02T05:05:30Z,1050M19522C5,1050M,,SCHEDULED,120,2.0
2026-06-02T05:05:30Z,1050M20406C4b,1050M,,SCHEDULED,360,6.0
2026-06-02T05:05:30Z,1050M21813C7,1050M,,SCHEDULED,180,3.0
2026-06-02T05:05:30Z,1050M20723C5,1050M,,SCHEDULED,240,4.0
2026-06-02T05:05:30Z,1050M20404C4,1050M,,SCHEDULED,960,16.0
2026-06-02T05:05:30Z,1050M21811C7,1050M,,SCHEDULED,240,4.0
2026-06-02T05:05:30Z,1050M20601C8b,1050M,,SCHEDULED,180,3.0
2026-06-02T05:05:30Z,1050M20600C8b,1050M,,SCHEDULED,240,4.0
2026-06-02T05:05:30Z,1050M21809C7,1050M,,SCHEDULED,180,3.0
2026-06-02T05:05:30Z,1050M78010C3,1050M,,SCHEDULED,240,4.0
2026-06-02T05:05:30Z,1050M20719C5,1050M,,SCHEDULED,180,3.0
2026-06-02T05:05:30Z,1050M78013C3,1050M,,SCHEDULED,240,4.0
2026-06-02T05:05:30Z,1050M21104C10,1050M,,SCHEDULED,360,6.0
2026-06-02T05:05:30Z,1050M78014C3,1050M,,SCHEDULED,60,1.0
2026-06-02T05:05:30Z,1050M19545C5,1050M,,SCHEDULED,180,3.0
2026-06-02T05:05:30Z,1050M78017C3,1050M,,SCHEDULED,60,1.0
2026-06-02T05:05:30Z,1050M19541C5,1050M,,SCHEDULED,420,7.0
2026-06-02T05:05:30Z,1050M21509C2,1050M,,SCHEDULED,120,2.0
2026-06-02T05:05:30Z,1050M20419C4b,1050M,,SCHEDULED,1020,17.0
2026-06-02T05:05:30Z,1050M21508C2,1050M,,SCHEDULED,780,13.0
2026-06-02T05:05:30Z,1050M20417C4b,1050M,,SCHEDULED,1080,18.0
2026-06-02T05:05:30Z,1050M20416C4b,1050M,,SCHEDULED,-60,-1.0
2026-06-02T05:05:30Z,1050M21706C2,1050M,,SCHEDULED,180,3.0
2026-06-02T05:05:30Z,1050M20219C4a,1050M,,SCHEDULED,600,10.0
2026-06-02T05:05:30Z,1050M20218C4a,1050M,,SCHEDULED,180,3.0
2026-06-02T05:05:30Z,1050M19537C5,1050M,,SCHEDULED,360,6.0
2026-06-02T05:05:30Z,1050M19539C5,1050M,,SCHEDULED,180,3.0
2026-06-02T05:05:30Z,1050M20215C4a,1050M,,SCHEDULED,780,13.0
2026-06-02T05:05:30Z,1050M19538C5,1050M,,SCHEDULED,180,3.0
2026-06-02T05:05:30Z,1050M21200C10,1050M,,SCHEDULED,600,10.0
2026-06-02T05:05:30Z,1050M21605C2,1050M,,SCHEDULED,120,2.0
2026-06-02T05:05:30Z,1050M20224C4a,1050M,,SCHEDULED,120,2.0
2026-06-02T05:05:30Z,1050M20222C4a,1050M,,SCHEDULED,180,3.0
2026-06-02T05:05:30Z,1050M20221C4a,1050M,,SCHEDULED,360,6.0
2026-06-02T05:05:30Z,1050M19806C1,1050M,,SCHEDULED,240,4.0
2026-06-02T05:05:30Z,1050M19528C5,1050M,,SCHEDULED,360,6.0
2026-06-02T05:05:30Z,1050M19527C5,1050M,,SCHEDULED,360,6.0
2026-06-02T05:05:30Z,1050M19533C5,1050M,,SCHEDULED,300,5.0
2026-06-02T05:05:30Z,1050M21006C8a,1050M,,SCHEDULED,-60,-1.0
2026-06-02T05:05:30Z,1050M19531C5,1050M,,SCHEDULED,360,6.0
2026-06-02T05:05:30Z,1050M19530C5,1050M,,SCHEDULED,240,4.0
2026-06-02T05:05:30Z,1050M21003C8a,1050M,,SCHEDULED,540,9.0
2026-06-02T05:05:30Z,1050M19563C5,1050M,,SCHEDULED,-60,-1.0
2026-06-02T05:05:30Z,1050M20715C5,1050M,,SCHEDULED,300,5.0
2026-06-02T05:05:30Z,1050M21804C7,1050M,,SCHEDULED,240,4.0
2026-06-02T05:05:30Z,1050M20714C5,1050M,,SCHEDULED,60,1.0
2026-06-02T05:05:30Z,1050M21802C7,1050M,,SCHEDULED,720,12.0
2026-06-02T05:10:35Z,3050M23102C3,3050M,,SCHEDULED,540,9.0
2026-06-02T05:10:35Z,3050M23506C1,3050M,,SCHEDULED,660,11.0
2026-06-02T05:10:35Z,3050M23510C1,3050M,,SCHEDULED,120,2.0
2026-06-02T05:10:35Z,3150M23203C1,3150M,,SCHEDULED,120,2.0
2026-06-02T05:10:35Z,4050M24003C2,4050M,,SCHEDULED,120,2.0
2026-06-02T05:10:35Z,4050M24303C6,4050M,,SCHEDULED,180,3.0
2026-06-02T05:10:35Z,5150M25601R1,5150M,,SCHEDULED,180,3.0
2026-06-02T05:10:35Z,5150M77204R2S,5150M,,SCHEDULED,360,6.0
2026-06-02T05:10:35Z,5150M78802R11,5150M,,SCHEDULED,120,2.0
2026-06-02T05:10:35Z,5150M77500R4,5150M,,SCHEDULED,540,9.0
2026-06-02T05:10:35Z,5150M33521RL4,5150M,,SCHEDULED,600,10.0
2026-06-02T05:10:35Z,5150M77205R2S,5150M,,SCHEDULED,300,5.0
2026-06-02T05:10:35Z,5150M25610R1,5150M,,SCHEDULED,120,2.0
2026-06-02T05:10:35Z,5150M25708R1,5150M,,SCHEDULED,60,1.0
2026-06-02T05:10:35Z,5150M77203R2S,5150M,,SCHEDULED,600,10.0
2026-06-02T05:10:35Z,5150M25700R1,5150M,,SCHEDULED,120,2.0
2026-06-02T05:10:35Z,5150M77402R4,5150M,,SCHEDULED,540,9.0
2026-06-02T05:10:35Z,5150M78204R2S,5150M,,SCHEDULED,240,4.0
2026-06-02T05:10:35Z,5150M78600R8,5150M,,SCHEDULED,360,6.0
2026-06-02T05:10:35Z,5150M78846R11,5150M,,SCHEDULED,180,3.0
2026-06-02T05:10:35Z,5150M77512R4,5150M,,SCHEDULED,60,1.0
2026-06-02T05:10:35Z,5150M78205R2S,5150M,,SCHEDULED,60,1.0
2026-06-02T05:10:35Z,6050M26508C3,6050M,,SCHEDULED,120,2.0
2026-06-02T05:10:35Z,6050M26009C2,6050M,,SCHEDULED,120,2.0
2026-06-02T05:10:35Z,6050M26008C2,6050M,,SCHEDULED,60,1.0
2026-06-02T05:10:35Z,6050M71502C4,6050M,,SCHEDULED,960,16.0
2026-06-02T05:10:35Z,6150M32701C1,6150M,,SCHEDULED,60,1.0
2026-06-02T05:10:35Z,6250M35917C1,6250M,,SCHEDULED,120,2.0
2026-06-02T05:10:35Z,4750M71090C1,4750M,,SCHEDULED,360,6.0
2026-06-02T05:10:35Z,2050M70504C7,2050M,,SCHEDULED,480,8.0
2026-06-02T05:10:35Z,4150M84900C2,4150M,,SCHEDULED,3900,65.0
2026-06-02T05:10:35Z,1050M20418C4b,1050M,,SCHEDULED,-60,-1.0
2026-06-02T05:10:35Z,1050M20417C4b,1050M,,SCHEDULED,780,13.0
2026-06-02T05:10:35Z,1050M20416C4b,1050M,,SCHEDULED,120,2.0
2026-06-02T05:10:35Z,1050M21505C2,1050M,,SCHEDULED,240,4.0
2026-06-02T05:10:35Z,1050M20415C4b,1050M,,SCHEDULED,60,1.0
2026-06-02T05:10:35Z,1050M21804C7,1050M,,SCHEDULED,180,3.0
2026-06-02T05:10:35Z,1050M20414C4b,1050M,,SCHEDULED,60,1.0
2026-06-02T05:10:35Z,1050M20714C5,1050M,,SCHEDULED,120,2.0
2026-06-02T05:10:35Z,1050M21106C10,1050M,,SCHEDULED,60,1.0
2026-06-02T05:10:35Z,1050M21802C7,1050M,,SCHEDULED,840,14.0
2026-06-02T05:10:35Z,1050M78006C3,1050M,,SCHEDULED,420,7.0
2026-06-02T05:10:35Z,1050M20710C5,1050M,,SCHEDULED,420,7.0
2026-06-02T05:10:35Z,1050M78008C3,1050M,,SCHEDULED,900,15.0
2026-06-02T05:10:35Z,1050M20709C5,1050M,,SCHEDULED,480,8.0
2026-06-02T05:10:35Z,1050M78009C3,1050M,,SCHEDULED,240,4.0
2026-06-02T05:10:35Z,1050M20423C4b,1050M,,SCHEDULED,-60,-1.0
2026-06-02T05:10:35Z,1050M21512C2,1050M,,SCHEDULED,360,6.0
2026-06-02T05:10:35Z,1050M20720C5,1050M,,SCHEDULED,180,3.0
2026-06-02T05:10:35Z,1050M20421C4b,1050M,,SCHEDULED,600,10.0
2026-06-02T05:10:35Z,1050M21510C2,1050M,,SCHEDULED,480,8.0
2026-06-02T05:10:35Z,1050M21817C7,1050M,,SCHEDULED,60,1.0
2026-06-02T05:10:35Z,1050M20726C5,1050M,,SCHEDULED,180,3.0
2026-06-02T05:10:35Z,1050M19551C5,1050M,,SCHEDULED,120,2.0
2026-06-02T05:10:35Z,1050M20604C8b,1050M,,SCHEDULED,60,1.0
2026-06-02T05:10:35Z,1050M21813C7,1050M,,SCHEDULED,300,5.0
2026-06-02T05:10:35Z,1050M20723C5,1050M,,SCHEDULED,60,1.0
2026-06-02T05:10:35Z,1050M21514C2,1050M,,SCHEDULED,360,6.0
2026-06-02T05:10:35Z,1050M21811C7,1050M,,SCHEDULED,300,5.0
2026-06-02T05:10:35Z,1050M21600C2,1050M,,SCHEDULED,240,4.0
2026-06-02T05:10:35Z,1050M20601C8b,1050M,,SCHEDULED,60,1.0
2026-06-02T05:10:35Z,1050M21204C10,1050M,,SCHEDULED,360,6.0
2026-06-02T05:10:35Z,1050M20406C4b,1050M,,SCHEDULED,540,9.0
2026-06-02T05:10:35Z,1050M20404C4,1050M,,SCHEDULED,1020,17.0
2026-06-02T05:10:35Z,1050M21808C7,1050M,,SCHEDULED,60,1.0
2026-06-02T05:10:35Z,1050M78010C3,1050M,,SCHEDULED,180,3.0
2026-06-02T05:10:35Z,1050M20719C5,1050M,,SCHEDULED,180,3.0
2026-06-02T05:10:35Z,1050M20412C4b,1050M,,SCHEDULED,300,5.0
2026-06-02T05:10:35Z,1050M78012C3,1050M,,SCHEDULED,300,5.0
2026-06-02T05:10:35Z,1050M21104C10,1050M,,SCHEDULED,240,4.0
2026-06-02T05:10:35Z,1050M78014C3,1050M,,SCHEDULED,60,1.0
2026-06-02T05:10:35Z,1050M19545C5,1050M,,SCHEDULED,120,2.0
2026-06-02T05:10:35Z,1050M19540C5,1050M,,SCHEDULED,180,3.0
2026-06-02T05:10:35Z,1050M19541C5,1050M,,SCHEDULED,360,6.0
2026-06-02T05:10:35Z,1050M21508C2,1050M,,SCHEDULED,780,13.0
2026-06-02T05:10:35Z,1050M21706C2,1050M,,SCHEDULED,180,3.0
2026-06-02T05:10:35Z,1050M20218C4a,1050M,,SCHEDULED,60,1.0
2026-06-02T05:10:35Z,1050M19537C5,1050M,,SCHEDULED,300,5.0
2026-06-02T05:10:35Z,1050M21306C10,1050M,,SCHEDULED,60,1.0
2026-06-02T05:10:35Z,1050M20217C4a,1050M,,SCHEDULED,960,16.0
2026-06-02T05:10:35Z,1050M19811C1,1050M,,SCHEDULED,120,2.0
2026-06-02T05:10:35Z,1050M20216C4a,1050M,,SCHEDULED,60,1.0
2026-06-02T05:10:35Z,1050M20215C4a,1050M,,SCHEDULED,600,10.0
2026-06-02T05:10:35Z,1050M19522C5,1050M,,SCHEDULED,240,4.0
2026-06-02T05:10:35Z,1050M21200C10,1050M,,SCHEDULED,420,7.0
2026-06-02T05:10:35Z,1050M20223C4a,1050M,,SCHEDULED,60,1.0
2026-06-02T05:10:35Z,1050M21607C2,1050M,,SCHEDULED,60,1.0
2026-06-02T05:10:35Z,1050M20222C4a,1050M,,SCHEDULED,120,2.0
2026-06-02T05:10:35Z,1050M21605C2,1050M,,SCHEDULED,180,3.0
2026-06-02T05:10:35Z,1050M20221C4a,1050M,,SCHEDULED,480,8.0
2026-06-02T05:10:35Z,1050M19808C1,1050M,,SCHEDULED,60,1.0
2026-06-02T05:10:35Z,1050M19528C5,1050M,,SCHEDULED,240,4.0
2026-06-02T05:10:35Z,1050M20226C4a,1050M,,SCHEDULED,60,1.0
2026-06-02T05:10:35Z,1050M19533C5,1050M,,SCHEDULED,300,5.0
2026-06-02T05:10:35Z,1050M19518C5,1050M,,SCHEDULED,60,1.0
2026-06-02T05:10:35Z,1050M21006C8a,1050M,,SCHEDULED,-60,-1.0
2026-06-02T05:10:35Z,1050M19531C5,1050M,,SCHEDULED,420,7.0
2026-06-02T05:10:35Z,1050M19530C5,1050M,,SCHEDULED,300,5.0
2026-06-02T05:10:35Z,1050M21003C8a,1050M,,SCHEDULED,600,10.0
2026-06-02T05:10:35Z,1050M21002C8a,1050M,,SCHEDULED,60,1.0
2026-06-02T05:10:35Z,1050M19563C5,1050M,,SCHEDULED,-60,-1.0
2026-06-02T05:10:35Z,1050M20715C5,1050M,,SCHEDULED,240,4.0
2026-06-02T05:20:33Z,3050M23507C1,3050M,,SCHEDULED,420,7.0
2026-06-02T05:20:33Z,3050M23509C1,3050M,,SCHEDULED,360,6.0
2026-06-02T05:20:33Z,3050M23605C4,3050M,,SCHEDULED,240,4.0
2026-06-02T05:20:33Z,3150M23423T1,3150M,,SCHEDULED,240,4.0
2026-06-02T05:20:33Z,3250M23309C1,3250M,,SCHEDULED,60,1.0
2026-06-02T05:20:33Z,4050M24006C2,4050M,,SCHEDULED,180,3.0
2026-06-02T05:20:33Z,4050M76205C1,4050M,,SCHEDULED,120,2.0
2026-06-02T05:20:33Z,4050M24303C6,4050M,,SCHEDULED,300,5.0
2026-06-02T05:20:33Z,5150M78846R11,5150M,,SCHEDULED,180,3.0
2026-06-02T05:20:33Z,5150M25402R2N,5150M,,SCHEDULED,60,1.0
2026-06-02T05:20:33Z,5150M25601R1,5150M,,SCHEDULED,180,3.0
2026-06-02T05:20:33Z,5150M77208R2S,5150M,,SCHEDULED,120,2.0
2026-06-02T05:20:33Z,5150M25710R1,5150M,,SCHEDULED,120,2.0
2026-06-02T05:20:33Z,5150M77205R2S,5150M,,SCHEDULED,300,5.0
2026-06-02T05:20:33Z,5150M77506R4,5150M,,SCHEDULED,120,2.0
2026-06-02T05:20:33Z,5150M77207R2S,5150M,,SCHEDULED,60,1.0
2026-06-02T05:20:33Z,5150M77406R4,5150M,,SCHEDULED,600,10.0
2026-06-02T05:20:33Z,5150M25706R1,5150M,,SCHEDULED,60,1.0
2026-06-02T05:20:33Z,5150M25708R1,5150M,,SCHEDULED,60,1.0
2026-06-02T05:20:33Z,5150M77710R4,5150M,,SCHEDULED,180,3.0
2026-06-02T05:20:33Z,5150M77314R3,5150M,,SCHEDULED,60,1.0
2026-06-02T05:20:33Z,5150M78900R11,5150M,,SCHEDULED,-60,-1.0
2026-06-02T05:20:33Z,5150M28408R2N,5150M,,SCHEDULED,780,13.0
2026-06-02T05:20:33Z,5150M25612R1,5150M,,SCHEDULED,120,2.0
2026-06-02T05:20:33Z,5150M28406R2N,5150M,,SCHEDULED,120,2.0
2026-06-02T05:20:33Z,5150M77402R4,5150M,,SCHEDULED,600,10.0
2026-06-02T05:20:33Z,6050M26011C2,6050M,,SCHEDULED,60,1.0
2026-06-02T05:20:33Z,6050M71502C4,6050M,,SCHEDULED,900,15.0
2026-06-02T05:20:33Z,6050M26010C2,6050M,,SCHEDULED,300,5.0
2026-06-02T05:20:33Z,6150M32771C1,6150M,,SCHEDULED,60,1.0
2026-06-02T05:20:33Z,6150M30600C1,6150M,,SCHEDULED,60,1.0
2026-06-02T05:20:33Z,6250M71153C2,6250M,,SCHEDULED,60,1.0
2026-06-02T05:20:33Z,6250M35903C1,6250M,,SCHEDULED,360,6.0
2026-06-02T05:20:33Z,4750M71051C1,4750M,,SCHEDULED,60,1.0
2026-06-02T05:20:33Z,4150M84900C2,4150M,,SCHEDULED,4500,75.0
2026-06-02T05:20:33Z,1050M21508C2,1050M,,SCHEDULED,720,12.0
2026-06-02T05:20:33Z,1050M20418C4b,1050M,,SCHEDULED,-60,-1.0
2026-06-02T05:20:33Z,1050M20417C4b,1050M,,SCHEDULED,780,13.0
2026-06-02T05:20:33Z,1050M20416C4b,1050M,,SCHEDULED,60,1.0
2026-06-02T05:20:33Z,1050M21505C2,1050M,,SCHEDULED,360,6.0
2026-06-02T05:20:33Z,1050M21108C10,1050M,,SCHEDULED,180,3.0
2026-06-02T05:20:33Z,1050M36202C10,1050M,,SCHEDULED,120,2.0
2026-06-02T05:20:33Z,1050M21802C7,1050M,,SCHEDULED,900,15.0
2026-06-02T05:20:33Z,1050M21512C2,1050M,,SCHEDULED,540,9.0
2026-06-02T05:20:33Z,1050M19557C5,1050M,,SCHEDULED,180,3.0
2026-06-02T05:20:33Z,1050M21510C2,1050M,,SCHEDULED,540,9.0
2026-06-02T05:20:33Z,1050M20710C5,1050M,,SCHEDULED,540,9.0
2026-06-02T05:20:33Z,1050M20420C4b,1050M,,SCHEDULED,-60,-1.0
2026-06-02T05:20:33Z,1050M19551C5,1050M,,SCHEDULED,120,2.0
2026-06-02T05:20:33Z,1050M20720C5,1050M,,SCHEDULED,120,2.0
2026-06-02T05:20:33Z,1050M21110C10,1050M,,SCHEDULED,-120,-2.0
2026-06-02T05:20:33Z,1050M35980C2,1050M,,SCHEDULED,240,4.0
2026-06-02T05:20:33Z,1050M21817C7,1050M,,SCHEDULED,180,3.0
2026-06-02T05:20:33Z,1050M20727C5,1050M,,SCHEDULED,120,2.0
2026-06-02T05:20:33Z,1050M21516C2,1050M,,SCHEDULED,60,1.0
2026-06-02T05:20:33Z,1050M21514C2,1050M,,SCHEDULED,360,6.0
2026-06-02T05:20:33Z,1050M20604C8b,1050M,,SCHEDULED,120,2.0
2026-06-02T05:20:33Z,1050M20603C8b,1050M,,SCHEDULED,660,11.0
2026-06-02T05:20:33Z,1050M35981C2,1050M,,SCHEDULED,60,1.0
2026-06-02T05:20:33Z,1050M21813C7,1050M,,SCHEDULED,180,3.0
2026-06-02T05:20:33Z,1050M20723C5,1050M,,SCHEDULED,180,3.0
2026-06-02T05:20:33Z,1050M19522C5,1050M,,SCHEDULED,180,3.0
2026-06-02T05:20:33Z,1050M21811C7,1050M,,SCHEDULED,360,6.0
2026-06-02T05:20:33Z,1050M20601C8b,1050M,,SCHEDULED,300,5.0
2026-06-02T05:20:33Z,1050M20719C5,1050M,,SCHEDULED,180,3.0
2026-06-02T05:20:33Z,1050M19544C5,1050M,,SCHEDULED,120,2.0
2026-06-02T05:20:33Z,1050M20412C4b,1050M,,SCHEDULED,180,3.0
2026-06-02T05:20:33Z,1050M19545C5,1050M,,SCHEDULED,300,5.0
2026-06-02T05:20:33Z,1050M19540C5,1050M,,SCHEDULED,240,4.0
2026-06-02T05:20:33Z,1050M19528C5,1050M,,SCHEDULED,300,5.0
2026-06-02T05:20:33Z,1050M19533C5,1050M,,SCHEDULED,180,3.0
2026-06-02T05:20:33Z,1050M19541C5,1050M,,SCHEDULED,240,4.0
2026-06-02T05:20:33Z,1050M21509C2,1050M,,SCHEDULED,60,1.0
2026-06-02T05:20:33Z,1050M19530C5,1050M,,SCHEDULED,240,4.0
2026-06-02T05:20:33Z,1050M20419C4b,1050M,,SCHEDULED,1080,18.0
2026-06-02T05:20:33Z,1050M20731C5,1050M,,SCHEDULED,240,4.0
2026-06-02T05:20:33Z,1050M20408C4b,1050M,,SCHEDULED,180,3.0
2026-06-02T05:20:33Z,1050M21706C2,1050M,,SCHEDULED,120,2.0
2026-06-02T05:20:33Z,1050M20219C4a,1050M,,SCHEDULED,720,12.0
2026-06-02T05:20:33Z,1050M20406C4b,1050M,,SCHEDULED,360,6.0
2026-06-02T05:20:33Z,1050M20734C5,1050M,,SCHEDULED,360,6.0
2026-06-02T05:20:33Z,1050M78011C3,1050M,,SCHEDULED,300,5.0
2026-06-02T05:20:33Z,1050M21306C10,1050M,,SCHEDULED,120,2.0
2026-06-02T05:20:33Z,1050M20217C4a,1050M,,SCHEDULED,660,11.0
2026-06-02T05:20:33Z,1050M20215C4a,1050M,,SCHEDULED,600,10.0
2026-06-02T05:20:33Z,1050M78012C3,1050M,,SCHEDULED,540,9.0
2026-06-02T05:20:33Z,1050M78017C3,1050M,,SCHEDULED,180,3.0
2026-06-02T05:20:33Z,1050M20223C4a,1050M,,SCHEDULED,300,5.0
2026-06-02T05:20:33Z,1050M78016C3,1050M,,SCHEDULED,360,6.0
2026-06-02T05:20:33Z,1050M20226C4a,1050M,,SCHEDULED,60,1.0
2026-06-02T05:20:33Z,1050M21006C8a,1050M,,SCHEDULED,60,1.0
2026-06-02T05:20:33Z,1050M19537C5,1050M,,SCHEDULED,420,7.0
2026-06-02T05:20:33Z,1050M19565C5,1050M,,SCHEDULED,-60,-1.0
2026-06-02T05:20:33Z,1050M19539C5,1050M,,SCHEDULED,60,1.0
2026-06-02T05:20:33Z,1050M21003C8a,1050M,,SCHEDULED,660,11.0
2026-06-02T05:20:33Z,1050M19538C5,1050M,,SCHEDULED,180,3.0
2026-06-02T05:20:33Z,1050M21806C7,1050M,,SCHEDULED,60,1.0
2026-06-02T05:20:33Z,1050M20715C5,1050M,,SCHEDULED,360,6.0
2026-06-02T05:25:27Z,3050M23507C1,3050M,,SCHEDULED,360,6.0
2026-06-02T05:25:27Z,3050M23512C1,3050M,,SCHEDULED,120,2.0
2026-06-02T05:25:27Z,3050M23508C1,3050M,,SCHEDULED,960,16.0
2026-06-02T05:25:27Z,3150M23203C1,3150M,,SCHEDULED,120,2.0
2026-06-02T05:25:27Z,3150M23204C1,3150M,,SCHEDULED,60,1.0
2026-06-02T05:25:27Z,3150M23259C1,3150M,,SCHEDULED,120,2.0
2026-06-02T05:25:27Z,3150M23205C1,3150M,,SCHEDULED,120,2.0
2026-06-02T05:25:27Z,3250M23311C1,3250M,,SCHEDULED,180,3.0
2026-06-02T05:25:27Z,3250M23309C1,3250M,,SCHEDULED,60,1.0
2026-06-02T05:25:27Z,4050M76207C1,4050M,,SCHEDULED,60,1.0
2026-06-02T05:25:27Z,4050M24300C6,4050M,,SCHEDULED,600,10.0
2026-06-02T05:25:27Z,4050M76208C1,4050M,,SCHEDULED,60,1.0
2026-06-02T05:25:27Z,5150M25616R1,5150M,,SCHEDULED,180,3.0
2026-06-02T05:25:27Z,5150M25608R1,5150M,,SCHEDULED,-60,-1.0
2026-06-02T05:25:27Z,5150M77318R3,5150M,,SCHEDULED,120,2.0
2026-06-02T05:25:27Z,5150M33500R14,5150M,,SCHEDULED,300,5.0
2026-06-02T05:25:27Z,5150M25404R2N,5150M,,SCHEDULED,300,5.0
2026-06-02T05:25:27Z,5150M25601R1,5150M,,SCHEDULED,240,4.0
2026-06-02T05:25:27Z,5150M77980R4,5150M,,SCHEDULED,120,2.0
2026-06-02T05:25:27Z,5150M35503R3,5150M,,SCHEDULED,1920,32.0
2026-06-02T05:25:27Z,5150M77205R2S,5150M,,SCHEDULED,180,3.0
2026-06-02T05:25:27Z,5150M77404R4,5150M,,SCHEDULED,-60,-1.0
2026-06-02T05:25:27Z,5150M77506R4,5150M,,SCHEDULED,180,3.0
2026-06-02T05:25:27Z,5150M77408R4,5150M,,SCHEDULED,300,5.0
2026-06-02T05:25:27Z,5150M77708R4,5150M,,SCHEDULED,180,3.0
2026-06-02T05:25:27Z,5150M25610R1,5150M,,SCHEDULED,60,1.0
2026-06-02T05:25:27Z,5150M28408R2N,5150M,,SCHEDULED,900,15.0
2026-06-02T05:25:27Z,5150M78206R2S,5150M,,SCHEDULED,-60,-1.0
2026-06-02T05:25:27Z,5150M77400R4,5150M,,SCHEDULED,300,5.0
2026-06-02T05:25:27Z,5150M77512R4,5150M,,SCHEDULED,60,1.0
2026-06-02T05:25:27Z,5150M77203R2S,5150M,,SCHEDULED,660,11.0
2026-06-02T05:25:27Z,5150M77314R3,5150M,,SCHEDULED,120,2.0
2026-06-02T05:25:27Z,5150M78205R2S,5150M,,SCHEDULED,180,3.0
2026-06-02T05:25:27Z,5150M77316R3,5150M,,SCHEDULED,120,2.0
2026-06-02T05:25:27Z,6050M26010C2,6050M,,SCHEDULED,120,2.0
2026-06-02T05:25:27Z,6050M26509C3,6050M,,SCHEDULED,180,3.0
2026-06-02T05:25:27Z,6250M71840C3,6250M,,SCHEDULED,-60,-1.0
2026-06-02T05:25:27Z,4750M71090C1,4750M,,SCHEDULED,300,5.0
2026-06-02T05:25:27Z,1050M20419C4b,1050M,,SCHEDULED,960,16.0
2026-06-02T05:25:27Z,1050M20418C4b,1050M,,SCHEDULED,180,3.0
2026-06-02T05:25:27Z,1050M20417C4b,1050M,,SCHEDULED,720,12.0
2026-06-02T05:25:27Z,1050M21505C2,1050M,,SCHEDULED,360,6.0
2026-06-02T05:25:27Z,1050M21108C10,1050M,,SCHEDULED,120,2.0
2026-06-02T05:25:27Z,1050M20414C4b,1050M,,SCHEDULED,60,1.0
2026-06-02T05:25:27Z,1050M36202C10,1050M,,SCHEDULED,60,1.0
2026-06-02T05:25:27Z,1050M21512C2,1050M,,SCHEDULED,600,10.0
2026-06-02T05:25:27Z,1050M21511C2,1050M,,SCHEDULED,60,1.0
2026-06-02T05:25:27Z,1050M19557C5,1050M,,SCHEDULED,60,1.0
2026-06-02T05:25:27Z,1050M20421C4b,1050M,,SCHEDULED,780,13.0
2026-06-02T05:25:27Z,1050M21510C2,1050M,,SCHEDULED,540,9.0
2026-06-02T05:25:27Z,1050M20420C4b,1050M,,SCHEDULED,-60,-1.0
2026-06-02T05:25:27Z,1050M19551C5,1050M,,SCHEDULED,180,3.0
2026-06-02T05:25:27Z,1050M21110C10,1050M,,SCHEDULED,-120,-2.0
2026-06-02T05:25:27Z,1050M35980C2,1050M,,SCHEDULED,240,4.0
2026-06-02T05:25:27Z,1050M21516C2,1050M,,SCHEDULED,660,11.0
2026-06-02T05:25:27Z,1050M21514C2,1050M,,SCHEDULED,420,7.0
2026-06-02T05:25:27Z,1050M21204C10,1050M,,SCHEDULED,120,2.0
2026-06-02T05:25:27Z,1050M19522C5,1050M,,SCHEDULED,180,3.0
2026-06-02T05:25:27Z,1050M20715C5,1050M,,SCHEDULED,360,6.0
2026-06-02T05:25:27Z,1050M21804C7,1050M,,SCHEDULED,240,4.0
2026-06-02T05:25:27Z,1050M19528C5,1050M,,SCHEDULED,240,4.0
2026-06-02T05:25:27Z,1050M21802C7,1050M,,SCHEDULED,480,8.0
2026-06-02T05:25:27Z,1050M19810C1,1050M,,SCHEDULED,60,1.0
2026-06-02T05:25:27Z,1050M19530C5,1050M,,SCHEDULED,300,5.0
2026-06-02T05:25:27Z,1050M78011C3,1050M,,SCHEDULED,240,4.0
2026-06-02T05:25:27Z,1050M20720C5,1050M,,SCHEDULED,120,2.0
2026-06-02T05:25:27Z,1050M78131C3,1050M,,SCHEDULED,180,3.0
2026-06-02T05:25:27Z,1050M21817C7,1050M,,SCHEDULED,180,3.0
2026-06-02T05:25:27Z,1050M20727C5,1050M,,SCHEDULED,240,4.0
2026-06-02T05:25:27Z,1050M78012C3,1050M,,SCHEDULED,300,5.0
2026-06-02T05:25:27Z,1050M20605C8b,1050M,,SCHEDULED,420,7.0
2026-06-02T05:25:27Z,1050M21815C7,1050M,,SCHEDULED,180,3.0
2026-06-02T05:25:27Z,1050M78015C3,1050M,,SCHEDULED,1860,31.0
2026-06-02T05:25:27Z,1050M20726C5,1050M,,SCHEDULED,60,1.0
2026-06-02T05:25:27Z,1050M78014C3,1050M,,SCHEDULED,180,3.0
2026-06-02T05:25:27Z,1050M20603C8b,1050M,,SCHEDULED,600,10.0
2026-06-02T05:25:27Z,1050M78017C3,1050M,,SCHEDULED,180,3.0
2026-06-02T05:25:27Z,1050M21813C7,1050M,,SCHEDULED,300,5.0
2026-06-02T05:25:27Z,1050M20723C5,1050M,,SCHEDULED,120,2.0
2026-06-02T05:25:27Z,1050M78016C3,1050M,,SCHEDULED,300,5.0
2026-06-02T05:25:27Z,1050M20602C8b,1050M,,SCHEDULED,60,1.0
2026-06-02T05:25:27Z,1050M21811C7,1050M,,SCHEDULED,420,7.0
2026-06-02T05:25:27Z,1050M21809C7,1050M,,SCHEDULED,120,2.0
2026-06-02T05:25:27Z,1050M20719C5,1050M,,SCHEDULED,180,3.0
2026-06-02T05:25:27Z,1050M19544C5,1050M,,SCHEDULED,240,4.0
2026-06-02T05:25:27Z,1050M19537C5,1050M,,SCHEDULED,420,7.0
2026-06-02T05:25:27Z,1050M19539C5,1050M,,SCHEDULED,300,5.0
2026-06-02T05:25:27Z,1050M19545C5,1050M,,SCHEDULED,180,3.0
2026-06-02T05:25:27Z,1050M19540C5,1050M,,SCHEDULED,300,5.0
2026-06-02T05:25:27Z,1050M19813C1,1050M,,SCHEDULED,120,2.0
2026-06-02T05:25:27Z,1050M19541C5,1050M,,SCHEDULED,300,5.0
2026-06-02T05:25:27Z,1050M20731C5,1050M,,SCHEDULED,240,4.0
2026-06-02T05:25:27Z,1050M21706C2,1050M,,SCHEDULED,240,4.0
2026-06-02T05:25:27Z,1050M21309C10,1050M,,SCHEDULED,540,9.0
2026-06-02T05:25:27Z,1050M20219C4a,1050M,,SCHEDULED,780,13.0
2026-06-02T05:25:27Z,1050M20218C4a,1050M,,SCHEDULED,240,4.0
2026-06-02T05:25:27Z,1050M20734C5,1050M,,SCHEDULED,360,6.0
2026-06-02T05:25:27Z,1050M21306C10,1050M,,SCHEDULED,180,3.0
2026-06-02T05:25:27Z,1050M20217C4a,1050M,,SCHEDULED,660,11.0
2026-06-02T05:25:27Z,1050M20215C4a,1050M,,SCHEDULED,840,14.0
2026-06-02T05:25:27Z,1050M20225C4a,1050M,,SCHEDULED,120,2.0
2026-06-02T05:25:27Z,1050M20224C4a,1050M,,SCHEDULED,60,1.0
2026-06-02T05:25:27Z,1050M20740C5,1050M,,SCHEDULED,180,3.0
2026-06-02T05:25:27Z,1050M20220C4a,1050M,,SCHEDULED,60,1.0
2026-06-02T05:25:27Z,1050M21006C8a,1050M,,SCHEDULED,180,3.0
2026-06-02T05:25:27Z,1050M19565C5,1050M,,SCHEDULED,-60,-1.0
2026-06-02T05:25:27Z,1050M21003C8a,1050M,,SCHEDULED,540,9.0
2026-06-02T05:25:27Z,1050M19563C5,1050M,,SCHEDULED,60,1.0
2026-06-02T05:30:42Z,3050M23510C1,3050M,,SCHEDULED,420,7.0
2026-06-02T05:30:42Z,3050M23607C4,3050M,,SCHEDULED,1620,27.0
2026-06-02T05:30:42Z,3050M23511C1,3050M,,SCHEDULED,180,3.0
2026-06-02T05:30:42Z,3050M23508C1,3050M,,SCHEDULED,900,15.0
2026-06-02T05:30:42Z,3050M23512C1,3050M,,SCHEDULED,300,5.0
2026-06-02T05:30:42Z,3050M23506C1,3050M,,SCHEDULED,660,11.0
2026-06-02T05:30:42Z,3050M23507C1,3050M,,SCHEDULED,360,6.0
2026-06-02T05:30:42Z,3050M23509C1,3050M,,SCHEDULED,360,6.0
2026-06-02T05:30:42Z,3150M23259C1,3150M,,SCHEDULED,180,3.0
2026-06-02T05:30:42Z,3150M23423T1,3150M,,SCHEDULED,240,4.0
2026-06-02T05:30:42Z,3250M23309C1,3250M,,SCHEDULED,120,2.0
2026-06-02T05:30:42Z,4050M24006C2,4050M,,SCHEDULED,-60,-1.0
2026-06-02T05:30:42Z,4050M24303C6,4050M,,SCHEDULED,120,2.0
2026-06-02T05:30:42Z,4050M76604C3,4050M,,SCHEDULED,60,1.0
2026-06-02T05:30:42Z,5150M25609R1,5150M,,SCHEDULED,120,2.0
2026-06-02T05:30:42Z,5150M77318R3,5150M,,SCHEDULED,60,1.0
2026-06-02T05:30:42Z,5150M25603R1,5150M,,SCHEDULED,60,1.0
2026-06-02T05:30:42Z,5150M77208R2S,5150M,,SCHEDULED,180,3.0
2026-06-02T05:30:42Z,5150M30531R15,5150M,,SCHEDULED,120,2.0
2026-06-02T05:30:42Z,5150M28470R2,5150M,,SCHEDULED,420,7.0
2026-06-02T05:30:42Z,5150M33500R14,5150M,,SCHEDULED,600,10.0
2026-06-02T05:30:42Z,5150M78804R11,5150M,,SCHEDULED,360,6.0
2026-06-02T05:30:42Z,5150M25610R1,5150M,,SCHEDULED,60,1.0
2026-06-02T05:30:42Z,5150M25710R1,5150M,,SCHEDULED,120,2.0
2026-06-02T05:30:42Z,5150M25612R1,5150M,,SCHEDULED,120,2.0
2026-06-02T05:30:42Z,5150M25614R1,5150M,,SCHEDULED,60,1.0
2026-06-02T05:30:42Z,5150M77980R4,5150M,,SCHEDULED,60,1.0
2026-06-02T05:30:42Z,5150M77982R4,5150M,,SCHEDULED,540,9.0
2026-06-02T05:30:42Z,5150M28564R2,5150M,,SCHEDULED,180,3.0
2026-06-02T05:30:42Z,5150M77205R2S,5150M,,SCHEDULED,300,5.0
2026-06-02T05:30:42Z,5150M33521RL4,5150M,,SCHEDULED,360,6.0
2026-06-02T05:30:42Z,5150M77404R4,5150M,,SCHEDULED,-60,-1.0
2026-06-02T05:30:42Z,5150M77406R4,5150M,,SCHEDULED,480,8.0
2026-06-02T05:30:42Z,5150M77506R4,5150M,,SCHEDULED,120,2.0
2026-06-02T05:30:42Z,5150M77408R4,5150M,,SCHEDULED,240,4.0
2026-06-02T05:30:42Z,5150M25705R1,5150M,,SCHEDULED,120,2.0
2026-06-02T05:30:42Z,5150M77708R4,5150M,,SCHEDULED,60,1.0
2026-06-02T05:30:42Z,5150M25707R1,5150M,,SCHEDULED,60,1.0
2026-06-02T05:30:42Z,5150M25708R1,5150M,,SCHEDULED,60,1.0
2026-06-02T05:30:42Z,5150M77206R2S,5150M,,SCHEDULED,480,8.0
2026-06-02T05:30:42Z,5150M77512R4,5150M,,SCHEDULED,60,1.0
2026-06-02T05:30:42Z,5150M77314R3,5150M,,SCHEDULED,360,6.0
2026-06-02T05:30:42Z,5150M77514R4,5150M,,SCHEDULED,-60,-1.0
2026-06-02T05:30:42Z,6050M26111C1,6050M,,SCHEDULED,180,3.0
2026-06-02T05:30:42Z,6050M71507C4,6050M,,SCHEDULED,120,2.0
2026-06-02T05:30:42Z,6050M26511C3,6050M,,SCHEDULED,60,1.0
2026-06-02T05:30:42Z,6150M32702C1,6150M,,SCHEDULED,60,1.0
2026-06-02T05:30:42Z,6150M32771C1,6150M,,SCHEDULED,60,1.0
2026-06-02T05:30:42Z,6150M30600C1,6150M,,SCHEDULED,120,2.0
2026-06-02T05:30:42Z,6250M71154C2,6250M,,SCHEDULED,360,6.0
2026-06-02T05:30:42Z,6250M71153C2,6250M,,SCHEDULED,-60,-1.0
2026-06-02T05:30:42Z,6250M35917C1,6250M,,SCHEDULED,180,3.0
2026-06-02T05:30:42Z,4650M70150C1,4650M,,SCHEDULED,300,5.0
2026-06-02T05:30:42Z,4750M71080C1,4750M,,SCHEDULED,60,1.0
2026-06-02T05:30:42Z,4150M32801C3,4150M,,SCHEDULED,360,6.0
2026-06-02T05:30:42Z,1050M19557C5,1050M,,SCHEDULED,120,2.0
2026-06-02T05:30:42Z,1050M20421C4b,1050M,,SCHEDULED,1020,17.0
2026-06-02T05:30:42Z,1050M20420C4b,1050M,,SCHEDULED,-60,-1.0
2026-06-02T05:30:42Z,1050M19551C5,1050M,,SCHEDULED,240,4.0
2026-06-02T05:30:42Z,1050M19550C5,1050M,,SCHEDULED,60,1.0
2026-06-02T05:30:42Z,1050M21110C10,1050M,,SCHEDULED,-120,-2.0
2026-06-02T05:30:42Z,1050M35980C2,1050M,,SCHEDULED,240,4.0
2026-06-02T05:30:42Z,1050M21516C2,1050M,,SCHEDULED,600,10.0
2026-06-02T05:30:42Z,1050M20425C4b,1050M,,SCHEDULED,840,14.0
2026-06-02T05:30:42Z,1050M21514C2,1050M,,SCHEDULED,480,8.0
2026-06-02T05:30:42Z,1050M21513C2,1050M,,SCHEDULED,480,8.0
2026-06-02T05:30:42Z,1050M21600C2,1050M,,SCHEDULED,60,1.0
2026-06-02T05:30:42Z,1050M21204C10,1050M,,SCHEDULED,240,4.0
2026-06-02T05:30:42Z,1050M19541C5,1050M,,SCHEDULED,420,7.0
2026-06-02T05:30:42Z,1050M20419C4b,1050M,,SCHEDULED,900,15.0
2026-06-02T05:30:42Z,1050M20417C4b,1050M,,SCHEDULED,840,14.0
2026-06-02T05:30:42Z,1050M21505C2,1050M,,SCHEDULED,420,7.0
2026-06-02T05:30:42Z,1050M20414C4b,1050M,,SCHEDULED,60,1.0
2026-06-02T05:30:42Z,1050M21106C10,1050M,,SCHEDULED,60,1.0
2026-06-02T05:30:42Z,1050M36202C10,1050M,,SCHEDULED,180,3.0
2026-06-02T05:30:42Z,1050M21512C2,1050M,,SCHEDULED,600,10.0
2026-06-02T05:30:42Z,1050M19530C5,1050M,,SCHEDULED,120,2.0
2026-06-02T05:30:42Z,1050M78013C3,1050M,,SCHEDULED,240,4.0
2026-06-02T05:30:42Z,1050M78012C3,1050M,,SCHEDULED,300,5.0
2026-06-02T05:30:42Z,1050M78015C3,1050M,,SCHEDULED,1800,30.0
2026-06-02T05:30:42Z,1050M78014C3,1050M,,SCHEDULED,240,4.0
2026-06-02T05:30:42Z,1050M78017C3,1050M,,SCHEDULED,180,3.0
2026-06-02T05:30:42Z,1050M78016C3,1050M,,SCHEDULED,420,7.0
2026-06-02T05:30:42Z,1050M78019C3,1050M,,SCHEDULED,360,6.0
2026-06-02T05:30:42Z,1050M19815C1,1050M,,SCHEDULED,60,1.0
2026-06-02T05:30:42Z,1050M19539C5,1050M,,SCHEDULED,420,7.0
2026-06-02T05:30:42Z,1050M19538C5,1050M,,SCHEDULED,120,2.0
2026-06-02T05:30:42Z,1050M19528C5,1050M,,SCHEDULED,240,4.0
2026-06-02T05:30:42Z,1050M20715C5,1050M,,SCHEDULED,360,6.0
2026-06-02T05:30:42Z,1050M21804C7,1050M,,SCHEDULED,240,4.0
2026-06-02T05:30:42Z,1050M20731C5,1050M,,SCHEDULED,180,3.0
2026-06-02T05:30:42Z,1050M20714C5,1050M,,SCHEDULED,300,5.0
2026-06-02T05:30:42Z,1050M20730C5,1050M,,SCHEDULED,1800,30.0
2026-06-02T05:30:42Z,1050M21706C2,1050M,,SCHEDULED,300,5.0
2026-06-02T05:30:42Z,1050M20737C5,1050M,,SCHEDULED,240,4.0
2026-06-02T05:30:42Z,1050M21309C10,1050M,,SCHEDULED,600,10.0
2026-06-02T05:30:42Z,1050M20219C4a,1050M,,SCHEDULED,720,12.0
2026-06-02T05:30:42Z,1050M20734C5,1050M,,SCHEDULED,600,10.0
2026-06-02T05:30:42Z,1050M20217C4a,1050M,,SCHEDULED,600,10.0
2026-06-02T05:30:42Z,1050M20720C5,1050M,,SCHEDULED,180,3.0
2026-06-02T05:30:42Z,1050M20215C4a,1050M,,SCHEDULED,960,16.0
2026-06-02T05:30:42Z,1050M20225C4a,1050M,,SCHEDULED,300,5.0
2026-06-02T05:30:42Z,1050M20740C5,1050M,,SCHEDULED,240,4.0
2026-06-02T05:30:42Z,1050M20222C4a,1050M,,SCHEDULED,60,1.0
2026-06-02T05:30:42Z,1050M20221C4a,1050M,,SCHEDULED,660,11.0
2026-06-02T05:30:42Z,1050M20606C8b,1050M,,SCHEDULED,60,1.0
2026-06-02T05:30:42Z,1050M20727C5,1050M,,SCHEDULED,300,5.0
2026-06-02T05:30:42Z,1050M20226C4a,1050M,,SCHEDULED,60,1.0
2026-06-02T05:30:42Z,1050M21006C8a,1050M,,SCHEDULED,240,4.0
2026-06-02T05:30:42Z,1050M20605C8b,1050M,,SCHEDULED,540,9.0
2026-06-02T05:30:42Z,1050M20726C5,1050M,,SCHEDULED,120,2.0
2026-06-02T05:30:42Z,1050M19565C5,1050M,,SCHEDULED,60,1.0
2026-06-02T05:30:42Z,1050M21520C2,1050M,,SCHEDULED,120,2.0
2026-06-02T05:30:42Z,1050M20604C8b,1050M,,SCHEDULED,120,2.0
2026-06-02T05:30:42Z,1050M20603C8b,1050M,,SCHEDULED,720,12.0
2026-06-02T05:30:42Z,1050M21003C8a,1050M,,SCHEDULED,720,12.0
2026-06-02T05:30:42Z,1050M21813C7,1050M,,SCHEDULED,240,4.0
2026-06-02T05:30:42Z,1050M20723C5,1050M,,SCHEDULED,240,4.0
2026-06-02T05:30:42Z,1050M20602C8b,1050M,,SCHEDULED,60,1.0
2026-06-02T05:30:42Z,1050M21811C7,1050M,,SCHEDULED,240,4.0
2026-06-02T05:30:42Z,1050M19563C5,1050M,,SCHEDULED,60,1.0
2026-06-02T05:30:42Z,1050M21806C7,1050M,,SCHEDULED,180,3.0
2026-06-02T05:30:42Z,1050M21809C7,1050M,,SCHEDULED,180,3.0
2026-06-02T05:30:42Z,1050M19544C5,1050M,,SCHEDULED,600,10.0
2026-06-02T05:30:42Z,1050M19545C5,1050M,,SCHEDULED,240,4.0
2026-06-02T05:30:42Z,1050M19540C5,1050M,,SCHEDULED,420,7.0
2026-06-02T05:30:42Z,1050M21186C10,1050M,,SCHEDULED,420,7.0
2026-06-02T05:35:27Z,3050M23607C4,3050M,,SCHEDULED,1620,27.0
2026-06-02T05:35:27Z,3050M23511C1,3050M,,SCHEDULED,300,5.0
2026-06-02T05:35:27Z,3050M23506C1,3050M,,SCHEDULED,660,11.0
2026-06-02T05:35:27Z,3050M23509C1,3050M,,SCHEDULED,360,6.0
2026-06-02T05:35:27Z,3150M23424T1,3150M,,SCHEDULED,120,2.0
2026-06-02T05:35:27Z,3150M23205C1,3150M,,SCHEDULED,180,3.0
2026-06-02T05:35:27Z,3250M23311C1,3250M,,SCHEDULED,120,2.0
2026-06-02T05:35:27Z,4050M24303C6,4050M,,SCHEDULED,-60,-1.0
2026-06-02T05:35:27Z,4050M36407C2,4050M,,SCHEDULED,120,2.0
2026-06-02T05:35:27Z,4050M24305C6,4050M,,SCHEDULED,240,4.0
2026-06-02T05:35:27Z,4050M76208C1,4050M,,SCHEDULED,-180,-3.0
2026-06-02T05:35:27Z,5150M25605R1,5150M,,SCHEDULED,120,2.0
2026-06-02T05:35:27Z,5150M25404R2N,5150M,,SCHEDULED,420,7.0
2026-06-02T05:35:27Z,5150M25603R1,5150M,,SCHEDULED,60,1.0
2026-06-02T05:35:27Z,5150M28476R2,5150M,,SCHEDULED,300,5.0
2026-06-02T05:35:27Z,5150M77408R4,5150M,,SCHEDULED,300,5.0
2026-06-02T05:35:27Z,5150M25612R1,5150M,,SCHEDULED,180,3.0
2026-06-02T05:35:27Z,5150M30531R15,5150M,,SCHEDULED,180,3.0
2026-06-02T05:35:27Z,5150M25710R1,5150M,,SCHEDULED,120,2.0
2026-06-02T05:35:27Z,5150M77402R4,5150M,,SCHEDULED,840,14.0
2026-06-02T05:35:27Z,5150M35503R3,5150M,,SCHEDULED,1920,32.0
2026-06-02T05:35:27Z,5150M77206R2S,5150M,,SCHEDULED,480,8.0
2026-06-02T05:35:27Z,5150M28466R2,5150M,,SCHEDULED,1860,31.0
2026-06-02T05:35:27Z,5150M77506R4,5150M,,SCHEDULED,120,2.0
2026-06-02T05:35:27Z,5150M78206R2S,5150M,,SCHEDULED,120,2.0
2026-06-02T05:35:27Z,5150M77710R4,5150M,,SCHEDULED,420,7.0
2026-06-02T05:35:27Z,5150M77314R3,5150M,,SCHEDULED,300,5.0
2026-06-02T05:35:27Z,5150M77316R3,5150M,,SCHEDULED,-60,-1.0
2026-06-02T05:35:27Z,5150M78900R11,5150M,,SCHEDULED,120,2.0
2026-06-02T05:35:27Z,6050M26012C2,6050M,,SCHEDULED,300,5.0
2026-06-02T05:35:27Z,6050M71504C4,6050M,,SCHEDULED,300,5.0
2026-06-02T05:35:27Z,1050M20417C4b,1050M,,SCHEDULED,960,16.0
2026-06-02T05:35:27Z,1050M20416C4b,1050M,,SCHEDULED,240,4.0
2026-06-02T05:35:27Z,1050M21108C10,1050M,,SCHEDULED,120,2.0
2026-06-02T05:35:27Z,1050M21106C10,1050M,,SCHEDULED,240,4.0
2026-06-02T05:35:27Z,1050M36202C10,1050M,,SCHEDULED,60,1.0
2026-06-02T05:35:27Z,1050M20423C4b,1050M,,SCHEDULED,600,10.0
2026-06-02T05:35:27Z,1050M19557C5,1050M,,SCHEDULED,60,1.0
2026-06-02T05:35:27Z,1050M20421C4b,1050M,,SCHEDULED,840,14.0
2026-06-02T05:35:27Z,1050M19551C5,1050M,,SCHEDULED,120,2.0
2026-06-02T05:35:27Z,1050M19550C5,1050M,,SCHEDULED,120,2.0
2026-06-02T05:35:27Z,1050M21110C10,1050M,,SCHEDULED,-120,-2.0
2026-06-02T05:35:27Z,1050M35980C2,1050M,,SCHEDULED,240,4.0
2026-06-02T05:35:27Z,1050M20427C4b,1050M,,SCHEDULED,480,8.0
2026-06-02T05:35:27Z,1050M21516C2,1050M,,SCHEDULED,540,9.0
2026-06-02T05:35:27Z,1050M20425C4b,1050M,,SCHEDULED,900,15.0
2026-06-02T05:35:27Z,1050M21514C2,1050M,,SCHEDULED,540,9.0
2026-06-02T05:35:27Z,1050M21513C2,1050M,,SCHEDULED,480,8.0
2026-06-02T05:35:27Z,1050M21600C2,1050M,,SCHEDULED,120,2.0
2026-06-02T05:35:27Z,1050M21607C2,1050M,,SCHEDULED,60,1.0
2026-06-02T05:35:27Z,1050M21206C10,1050M,,SCHEDULED,60,1.0
2026-06-02T05:35:27Z,1050M35977C2,1050M,,SCHEDULED,540,9.0
2026-06-02T05:35:27Z,1050M20715C5,1050M,,SCHEDULED,420,7.0
2026-06-02T05:35:27Z,1050M21804C7,1050M,,SCHEDULED,360,6.0
2026-06-02T05:35:27Z,1050M19528C5,1050M,,SCHEDULED,360,6.0
2026-06-02T05:35:27Z,1050M19530C5,1050M,,SCHEDULED,60,1.0
2026-06-02T05:35:27Z,1050M78013C3,1050M,,SCHEDULED,300,5.0
2026-06-02T05:35:27Z,1050M20720C5,1050M,,SCHEDULED,60,1.0
2026-06-02T05:35:27Z,1050M78012C3,1050M,,SCHEDULED,300,5.0
2026-06-02T05:35:27Z,1050M78015C3,1050M,,SCHEDULED,1860,31.0
2026-06-02T05:35:27Z,1050M78014C3,1050M,,SCHEDULED,660,11.0
2026-06-02T05:35:27Z,1050M20606C8b,1050M,,SCHEDULED,60,1.0
2026-06-02T05:35:27Z,1050M20727C5,1050M,,SCHEDULED,360,6.0
2026-06-02T05:35:27Z,1050M78017C3,1050M,,SCHEDULED,480,8.0
2026-06-02T05:35:27Z,1050M21815C7,1050M,,SCHEDULED,60,1.0
2026-06-02T05:35:27Z,1050M20726C5,1050M,,SCHEDULED,120,2.0
2026-06-02T05:35:27Z,1050M78019C3,1050M,,SCHEDULED,420,7.0
2026-06-02T05:35:27Z,1050M20604C8b,1050M,,SCHEDULED,180,3.0
2026-06-02T05:35:27Z,1050M20603C8b,1050M,,SCHEDULED,660,11.0
2026-06-02T05:35:27Z,1050M78018C3,1050M,,SCHEDULED,120,2.0
2026-06-02T05:35:27Z,1050M21813C7,1050M,,SCHEDULED,420,7.0
2026-06-02T05:35:27Z,1050M20723C5,1050M,,SCHEDULED,240,4.0
2026-06-02T05:35:27Z,1050M21811C7,1050M,,SCHEDULED,360,6.0
2026-06-02T05:35:27Z,1050M19538C5,1050M,,SCHEDULED,60,1.0
2026-06-02T05:35:27Z,1050M20731C5,1050M,,SCHEDULED,180,3.0
2026-06-02T05:35:27Z,1050M20719C5,1050M,,SCHEDULED,180,3.0
2026-06-02T05:35:27Z,1050M20730C5,1050M,,SCHEDULED,2100,35.0
2026-06-02T05:35:27Z,1050M21706C2,1050M,,SCHEDULED,540,9.0
2026-06-02T05:35:27Z,1050M20737C5,1050M,,SCHEDULED,120,2.0
2026-06-02T05:35:27Z,1050M21309C10,1050M,,SCHEDULED,660,11.0
2026-06-02T05:35:27Z,1050M19544C5,1050M,,SCHEDULED,540,9.0
2026-06-02T05:35:27Z,1050M20219C4a,1050M,,SCHEDULED,720,12.0
2026-06-02T05:35:27Z,1050M20734C5,1050M,,SCHEDULED,720,12.0
2026-06-02T05:35:27Z,1050M20412C4b,1050M,,SCHEDULED,120,2.0
2026-06-02T05:35:27Z,1050M20217C4a,1050M,,SCHEDULED,840,14.0
2026-06-02T05:35:27Z,1050M20740C5,1050M,,SCHEDULED,480,8.0
2026-06-02T05:35:27Z,1050M20223C4a,1050M,,SCHEDULED,240,4.0
2026-06-02T05:35:27Z,1050M20222C4a,1050M,,SCHEDULED,120,2.0
2026-06-02T05:35:27Z,1050M20221C4a,1050M,,SCHEDULED,720,12.0
2026-06-02T05:35:27Z,1050M20748C5,1050M,,SCHEDULED,120,2.0
2026-06-02T05:35:27Z,1050M20226C4a,1050M,,SCHEDULED,120,2.0
2026-06-02T05:35:27Z,1050M21006C8a,1050M,,SCHEDULED,60,1.0
2026-06-02T05:35:27Z,1050M19545C5,1050M,,SCHEDULED,240,4.0
2026-06-02T05:35:27Z,1050M19565C5,1050M,,SCHEDULED,120,2.0
2026-06-02T05:35:27Z,1050M19540C5,1050M,,SCHEDULED,420,7.0
2026-06-02T05:35:27Z,1050M21186C10,1050M,,SCHEDULED,540,9.0
2026-06-02T05:35:27Z,1050M19541C5,1050M,,SCHEDULED,120,2.0
2026-06-02T05:35:27Z,1050M21003C8a,1050M,,SCHEDULED,360,6.0
2026-06-02T05:35:27Z,1050M20419C4b,1050M,,SCHEDULED,1200,20.0
2026-06-02T05:35:27Z,1050M20418C4b,1050M,,SCHEDULED,120,2.0
2026-06-02T05:35:27Z,1050M19563C5,1050M,,SCHEDULED,180,3.0
2026-06-02T05:35:27Z,1050M21806C7,1050M,,SCHEDULED,120,2.0
2026-06-02T05:40:33Z,3050M23508C1,3050M,,SCHEDULED,840,14.0
2026-06-02T05:40:33Z,3050M23510C1,3050M,,SCHEDULED,600,10.0
2026-06-02T05:40:33Z,3050M23509C1,3050M,,SCHEDULED,300,5.0
2026-06-02T05:40:33Z,3050M23506C1,3050M,,SCHEDULED,780,13.0
2026-06-02T05:40:33Z,3050M23507C1,3050M,,SCHEDULED,420,7.0
2026-06-02T05:40:33Z,3050M23100C3,3050M,,SCHEDULED,480,8.0
2026-06-02T05:40:33Z,3150M23423T1,3150M,,SCHEDULED,240,4.0
2026-06-02T05:40:33Z,5150M25605R1,5150M,,SCHEDULED,60,1.0
2026-06-02T05:40:33Z,5150M25609R1,5150M,,SCHEDULED,120,2.0
2026-06-02T05:40:33Z,5150M77208R2S,5150M,,SCHEDULED,180,3.0
2026-06-02T05:40:33Z,5150M25616R1,5150M,,SCHEDULED,300,5.0
2026-06-02T05:40:33Z,5150M28466R2,5150M,,SCHEDULED,1920,32.0
2026-06-02T05:40:33Z,5150M28408R2N,5150M,,SCHEDULED,1260,21.0
2026-06-02T05:40:33Z,5150M78634R8,5150M,,SCHEDULED,60,1.0
2026-06-02T05:40:33Z,5150M77400R4,5150M,,SCHEDULED,300,5.0
2026-06-02T05:40:33Z,5150M77708R4,5150M,,SCHEDULED,180,3.0
2026-06-02T05:40:33Z,5150M25709R1,5150M,,SCHEDULED,360,6.0
2026-06-02T05:40:33Z,5150M28564R2,5150M,,SCHEDULED,300,5.0
2026-06-02T05:40:33Z,5150M77205R2S,5150M,,SCHEDULED,480,8.0
2026-06-02T05:40:33Z,5150M77406R4,5150M,,SCHEDULED,360,6.0
2026-06-02T05:40:33Z,5150M77510R4,5150M,,SCHEDULED,60,1.0
2026-06-02T05:40:33Z,5150M77408R4,5150M,,SCHEDULED,360,6.0
2026-06-02T05:40:33Z,5150M77314R3,5150M,,SCHEDULED,540,9.0
2026-06-02T05:40:33Z,6050M26113C1,6050M,,SCHEDULED,120,2.0
2026-06-02T05:40:33Z,6050M26011C2,6050M,,SCHEDULED,360,6.0
2026-06-02T05:40:33Z,4750M71051C1,4750M,,SCHEDULED,300,5.0
2026-06-02T05:40:33Z,1050M20417C4b,1050M,,SCHEDULED,660,11.0
2026-06-02T05:40:33Z,1050M20416C4b,1050M,,SCHEDULED,180,3.0
2026-06-02T05:40:33Z,1050M21108C10,1050M,,SCHEDULED,180,3.0
2026-06-02T05:40:33Z,1050M21106C10,1050M,,SCHEDULED,360,6.0
2026-06-02T05:40:33Z,1050M20423C4b,1050M,,SCHEDULED,600,10.0
2026-06-02T05:40:33Z,1050M21511C2,1050M,,SCHEDULED,60,1.0
2026-06-02T05:40:33Z,1050M19557C5,1050M,,SCHEDULED,60,1.0
2026-06-02T05:40:33Z,1050M20421C4b,1050M,,SCHEDULED,1020,17.0
2026-06-02T05:40:33Z,1050M19556C5,1050M,,SCHEDULED,60,1.0
2026-06-02T05:40:33Z,1050M19551C5,1050M,,SCHEDULED,240,4.0
2026-06-02T05:40:33Z,1050M19550C5,1050M,,SCHEDULED,300,5.0
2026-06-02T05:40:33Z,1050M20429C4b,1050M,,SCHEDULED,60,1.0
2026-06-02T05:40:33Z,1050M21517C2,1050M,,SCHEDULED,180,3.0
2026-06-02T05:40:33Z,1050M20427C4b,1050M,,SCHEDULED,660,11.0
2026-06-02T05:40:33Z,1050M21516C2,1050M,,SCHEDULED,480,8.0
2026-06-02T05:40:33Z,1050M20425C4b,1050M,,SCHEDULED,900,15.0
2026-06-02T05:40:33Z,1050M21514C2,1050M,,SCHEDULED,600,10.0
2026-06-02T05:40:33Z,1050M21513C2,1050M,,SCHEDULED,600,10.0
2026-06-02T05:40:33Z,1050M21600C2,1050M,,SCHEDULED,240,4.0
2026-06-02T05:40:33Z,1050M21204C10,1050M,,SCHEDULED,120,2.0
2026-06-02T05:40:33Z,1050M78013C3,1050M,,SCHEDULED,240,4.0
2026-06-02T05:40:33Z,1050M21804C7,1050M,,SCHEDULED,120,2.0
2026-06-02T05:40:33Z,1050M21008C8a,1050M,,SCHEDULED,-60,-1.0
2026-06-02T05:40:33Z,1050M78015C3,1050M,,SCHEDULED,2040,34.0
2026-06-02T05:40:33Z,1050M78014C3,1050M,,SCHEDULED,780,13.0
2026-06-02T05:40:33Z,1050M21817C7,1050M,,SCHEDULED,60,1.0
2026-06-02T05:40:33Z,1050M20606C8b,1050M,,SCHEDULED,120,2.0
2026-06-02T05:40:33Z,1050M78016C3,1050M,,SCHEDULED,300,5.0
2026-06-02T05:40:33Z,1050M20727C5,1050M,,SCHEDULED,360,6.0
2026-06-02T05:40:33Z,1050M78019C3,1050M,,SCHEDULED,420,7.0
2026-06-02T05:40:33Z,1050M21609C2,1050M,,SCHEDULED,-120,-2.0
2026-06-02T05:40:33Z,1050M78018C3,1050M,,SCHEDULED,240,4.0
2026-06-02T05:40:33Z,1050M20604C8b,1050M,,SCHEDULED,180,3.0
2026-06-02T05:40:33Z,1050M20603C8b,1050M,,SCHEDULED,720,12.0
2026-06-02T05:40:33Z,1050M21813C7,1050M,,SCHEDULED,120,2.0
2026-06-02T05:40:33Z,1050M20723C5,1050M,,SCHEDULED,60,1.0
2026-06-02T05:40:33Z,1050M19815C1,1050M,,SCHEDULED,60,1.0
2026-06-02T05:40:33Z,1050M21811C7,1050M,,SCHEDULED,480,8.0
2026-06-02T05:40:33Z,1050M19812C1,1050M,,SCHEDULED,180,3.0
2026-06-02T05:40:33Z,1050M19538C5,1050M,,SCHEDULED,60,1.0
2026-06-02T05:40:33Z,1050M20230C4a,1050M,,SCHEDULED,420,7.0
2026-06-02T05:40:33Z,1050M21607C2,1050M,,SCHEDULED,60,1.0
2026-06-02T05:40:33Z,1050M21602C2,1050M,,SCHEDULED,180,3.0
2026-06-02T05:40:33Z,1050M21206C10,1050M,,SCHEDULED,120,2.0
2026-06-02T05:40:33Z,1050M35977C2,1050M,,SCHEDULED,540,9.0
2026-06-02T05:40:33Z,1050M20719C5,1050M,,SCHEDULED,180,3.0
2026-06-02T05:40:33Z,1050M19544C5,1050M,,SCHEDULED,540,9.0
2026-06-02T05:40:33Z,1050M20412C4b,1050M,,SCHEDULED,180,3.0
2026-06-02T05:40:33Z,1050M21719C2,1050M,,SCHEDULED,120,2.0
2026-06-02T05:40:33Z,1050M19545C5,1050M,,SCHEDULED,360,6.0
2026-06-02T05:40:33Z,1050M19540C5,1050M,,SCHEDULED,240,4.0
2026-06-02T05:40:33Z,1050M19530C5,1050M,,SCHEDULED,180,3.0
2026-06-02T05:40:33Z,1050M20731C5,1050M,,SCHEDULED,120,2.0
2026-06-02T05:40:33Z,1050M20730C5,1050M,,SCHEDULED,2400,40.0
2026-06-02T05:40:33Z,1050M21186C10,1050M,,SCHEDULED,480,8.0
2026-06-02T05:40:33Z,1050M20739C5,1050M,,SCHEDULED,60,1.0
2026-06-02T05:40:33Z,1050M20737C5,1050M,,SCHEDULED,180,3.0
2026-06-02T05:40:33Z,1050M20419C4b,1050M,,SCHEDULED,1140,19.0
2026-06-02T05:40:33Z,1050M21309C10,1050M,,SCHEDULED,480,8.0
2026-06-02T05:40:33Z,1050M20418C4b,1050M,,SCHEDULED,60,1.0
2026-06-02T05:40:33Z,1050M20219C4a,1050M,,SCHEDULED,900,15.0
2026-06-02T05:40:33Z,1050M20734C5,1050M,,SCHEDULED,660,11.0
2026-06-02T05:40:33Z,1050M21819C7,1050M,,SCHEDULED,-120,-2.0
2026-06-02T05:40:33Z,1050M20740C5,1050M,,SCHEDULED,240,4.0
2026-06-02T05:40:33Z,1050M20223C4a,1050M,,SCHEDULED,300,5.0
2026-06-02T05:40:33Z,1050M20221C4a,1050M,,SCHEDULED,720,12.0
2026-06-02T05:40:33Z,1050M20748C5,1050M,,SCHEDULED,300,5.0
2026-06-02T05:40:33Z,1050M20227C4a,1050M,,SCHEDULED,240,4.0
2026-06-02T05:40:33Z,1050M19565C5,1050M,,SCHEDULED,420,7.0
2026-06-02T05:40:33Z,1050M21004C8a,1050M,,SCHEDULED,180,3.0
2026-06-02T05:40:33Z,1050M19563C5,1050M,,SCHEDULED,180,3.0
2026-06-02T05:40:33Z,1050M20715C5,1050M,,SCHEDULED,120,2.0
2026-06-02T05:45:32Z,3050M23509C1,3050M,,SCHEDULED,240,4.0
2026-06-02T05:45:32Z,3050M23512C1,3050M,,SCHEDULED,360,6.0
2026-06-02T05:45:32Z,3050M23513C1,3050M,,SCHEDULED,180,3.0
2026-06-02T05:45:32Z,3050M23100C3,3050M,,SCHEDULED,420,7.0
2026-06-02T05:45:32Z,3050M23507C1,3050M,,SCHEDULED,480,8.0
2026-06-02T05:45:32Z,3150M23424T1,3150M,,SCHEDULED,240,4.0
2026-06-02T05:45:32Z,3150M23254C1,3150M,,SCHEDULED,120,2.0
2026-06-02T05:45:32Z,3150M23423T1,3150M,,SCHEDULED,240,4.0
2026-06-02T05:45:32Z,3150M23207C1,3150M,,SCHEDULED,60,1.0
2026-06-02T05:45:32Z,3250M23311C1,3250M,,SCHEDULED,120,2.0
2026-06-02T05:45:32Z,4050M24305C6,4050M,,SCHEDULED,360,6.0
2026-06-02T05:45:32Z,5150M77406R4,5150M,,SCHEDULED,360,6.0
2026-06-02T05:45:32Z,5150M25709R1,5150M,,SCHEDULED,360,6.0
2026-06-02T05:45:32Z,5150M77210R2S,5150M,,SCHEDULED,60,1.0
2026-06-02T05:45:32Z,5150M77206R2S,5150M,,SCHEDULED,420,7.0
2026-06-02T05:45:32Z,5150M25609R1,5150M,,SCHEDULED,180,3.0
2026-06-02T05:45:32Z,5150M30590R15,5150M,,SCHEDULED,-120,-2.0
2026-06-02T05:45:32Z,5150M28412R2N,5150M,,SCHEDULED,60,1.0
2026-06-02T05:45:32Z,5150M77208R2S,5150M,,SCHEDULED,180,3.0
2026-06-02T05:45:32Z,5150M33500R14,5150M,,SCHEDULED,660,11.0
2026-06-02T05:45:32Z,5150M25616R1,5150M,,SCHEDULED,240,4.0
2026-06-02T05:45:32Z,5150M28470R2,5150M,,SCHEDULED,840,14.0
2026-06-02T05:45:32Z,5150M77400R4,5150M,,SCHEDULED,300,5.0
2026-06-02T05:45:32Z,5150M28408R2N,5150M,,SCHEDULED,1320,22.0
2026-06-02T05:45:32Z,5150M28564R2,5150M,,SCHEDULED,300,5.0
2026-06-02T05:45:32Z,5150M78206R2S,5150M,,SCHEDULED,240,4.0
2026-06-02T05:45:32Z,5150M77205R2S,5150M,,SCHEDULED,660,11.0
2026-06-02T05:45:32Z,5150M77209R2S,5150M,,SCHEDULED,60,1.0
2026-06-02T05:45:32Z,5150M30531R15,5150M,,SCHEDULED,120,2.0
2026-06-02T05:45:32Z,5150M77980R4,5150M,,SCHEDULED,300,5.0
2026-06-02T05:45:32Z,5150M25714R1,5150M,,SCHEDULED,60,1.0
2026-06-02T05:45:32Z,5150M77508R4,5150M,,SCHEDULED,60,1.0
2026-06-02T05:45:32Z,5150M35503R3,5150M,,SCHEDULED,2160,36.0
2026-06-02T05:45:32Z,5150M78634R8,5150M,,SCHEDULED,120,2.0
2026-06-02T05:45:32Z,6050M26012C2,6050M,,SCHEDULED,180,3.0
2026-06-02T05:45:32Z,6050M26015C2,6050M,,SCHEDULED,60,1.0
2026-06-02T05:45:32Z,6050M26510C3,6050M,,SCHEDULED,300,5.0
2026-06-02T05:45:32Z,6050M71504C4,6050M,,SCHEDULED,60,1.0
2026-06-02T05:45:32Z,6250M35917C1,6250M,,SCHEDULED,540,9.0
2026-06-02T05:45:32Z,6250M71153C2,6250M,,SCHEDULED,480,8.0
2026-06-02T05:45:32Z,6250M71840C3,6250M,,SCHEDULED,360,6.0
2026-06-02T05:45:32Z,4650M70150C1,4650M,,SCHEDULED,180,3.0
2026-06-02T05:45:32Z,4550M71605C1,4550M,,SCHEDULED,300,5.0
2026-06-02T05:45:32Z,1050M20416C4b,1050M,,SCHEDULED,240,4.0
2026-06-02T05:45:32Z,1050M21108C10,1050M,,SCHEDULED,240,4.0
2026-06-02T05:45:32Z,1050M20414C4b,1050M,,SCHEDULED,180,3.0
2026-06-02T05:45:32Z,1050M21106C10,1050M,,SCHEDULED,120,2.0
2026-06-02T05:45:32Z,1050M21182C10,1050M,,SCHEDULED,480,8.0
2026-06-02T05:45:32Z,1050M20423C4b,1050M,,SCHEDULED,600,10.0
2026-06-02T05:45:32Z,1050M19557C5,1050M,,SCHEDULED,120,2.0
2026-06-02T05:45:32Z,1050M20421C4b,1050M,,SCHEDULED,1020,17.0
2026-06-02T05:45:32Z,1050M19556C5,1050M,,SCHEDULED,120,2.0
2026-06-02T05:45:32Z,1050M20420C4b,1050M,,SCHEDULED,120,2.0
2026-06-02T05:45:32Z,1050M19551C5,1050M,,SCHEDULED,240,4.0
2026-06-02T05:45:32Z,1050M19550C5,1050M,,SCHEDULED,120,2.0
2026-06-02T05:45:32Z,1050M20429C4b,1050M,,SCHEDULED,180,3.0
2026-06-02T05:45:32Z,1050M21517C2,1050M,,SCHEDULED,180,3.0
2026-06-02T05:45:32Z,1050M20427C4b,1050M,,SCHEDULED,540,9.0
2026-06-02T05:45:32Z,1050M19560C5,1050M,,SCHEDULED,180,3.0
2026-06-02T05:45:32Z,1050M21516C2,1050M,,SCHEDULED,480,8.0
2026-06-02T05:45:32Z,1050M21804C7,1050M,,SCHEDULED,180,3.0
2026-06-02T05:45:32Z,1050M21514C2,1050M,,SCHEDULED,600,10.0
2026-06-02T05:45:32Z,1050M21513C2,1050M,,SCHEDULED,600,10.0
2026-06-02T05:45:32Z,1050M21008C8a,1050M,,SCHEDULED,-60,-1.0
2026-06-02T05:45:32Z,1050M35983C2,1050M,,SCHEDULED,60,1.0
2026-06-02T05:45:32Z,1050M21600C2,1050M,,SCHEDULED,300,5.0
2026-06-02T05:45:32Z,1050M21204C10,1050M,,SCHEDULED,120,2.0
2026-06-02T05:45:32Z,1050M19569C5,1050M,,SCHEDULED,120,2.0
2026-06-02T05:45:32Z,1050M20720C5,1050M,,SCHEDULED,180,3.0
2026-06-02T05:45:32Z,1050M20230C4a,1050M,,SCHEDULED,360,6.0
2026-06-02T05:45:32Z,1050M20759C5,1050M,,CANCELED,,
2026-06-02T05:45:32Z,1050M19579C5,1050M,,SCHEDULED,-60,-1.0
2026-06-02T05:45:32Z,1050M21817C7,1050M,,SCHEDULED,240,4.0
2026-06-02T05:45:32Z,1050M20727C5,1050M,,SCHEDULED,360,6.0
2026-06-02T05:45:32Z,1050M21602C2,1050M,,SCHEDULED,180,3.0
2026-06-02T05:45:32Z,1050M21206C10,1050M,,SCHEDULED,180,3.0
2026-06-02T05:45:32Z,1050M20605C8b,1050M,,SCHEDULED,480,8.0
2026-06-02T05:45:32Z,1050M78021C3,1050M,,SCHEDULED,300,5.0
2026-06-02T05:45:32Z,1050M20726C5,1050M,,SCHEDULED,240,4.0
2026-06-02T05:45:32Z,1050M35977C2,1050M,,SCHEDULED,660,11.0
2026-06-02T05:45:32Z,1050M20603C8b,1050M,,SCHEDULED,600,10.0
2026-06-02T05:45:32Z,1050M21719C2,1050M,,SCHEDULED,180,3.0
2026-06-02T05:45:32Z,1050M21813C7,1050M,,SCHEDULED,180,3.0
2026-06-02T05:45:32Z,1050M20723C5,1050M,,SCHEDULED,180,3.0
2026-06-02T05:45:32Z,1050M78015C3,1050M,,SCHEDULED,2100,35.0
2026-06-02T05:45:32Z,1050M78014C3,1050M,,SCHEDULED,780,13.0
2026-06-02T05:45:32Z,1050M21808C7,1050M,,SCHEDULED,180,3.0
2026-06-02T05:45:32Z,1050M78016C3,1050M,,SCHEDULED,600,10.0
2026-06-02T05:45:32Z,1050M20719C5,1050M,,SCHEDULED,360,6.0
2026-06-02T05:45:32Z,1050M78019C3,1050M,,SCHEDULED,360,6.0
2026-06-02T05:45:32Z,1050M21609C2,1050M,,SCHEDULED,-120,-2.0
2026-06-02T05:45:32Z,1050M19544C5,1050M,,SCHEDULED,540,9.0
2026-06-02T05:45:32Z,1050M20412C4b,1050M,,SCHEDULED,300,5.0
2026-06-02T05:45:32Z,1050M19817C1,1050M,,SCHEDULED,60,1.0
2026-06-02T05:45:32Z,1050M19545C5,1050M,,SCHEDULED,60,1.0
2026-06-02T05:45:32Z,1050M19538C5,1050M,,SCHEDULED,60,1.0
2026-06-02T05:45:32Z,1050M20731C5,1050M,,SCHEDULED,240,4.0
2026-06-02T05:45:32Z,1050M19540C5,1050M,,SCHEDULED,360,6.0
2026-06-02T05:45:32Z,1050M20730C5,1050M,,SCHEDULED,2700,45.0
2026-06-02T05:45:32Z,1050M20739C5,1050M,,SCHEDULED,240,4.0
2026-06-02T05:45:32Z,1050M20737C5,1050M,,SCHEDULED,300,5.0
2026-06-02T05:45:32Z,1050M21309C10,1050M,,SCHEDULED,540,9.0
2026-06-02T05:45:32Z,1050M20219C4a,1050M,,SCHEDULED,720,12.0
2026-06-02T05:45:32Z,1050M20734C5,1050M,,SCHEDULED,780,13.0
2026-06-02T05:45:32Z,1050M20419C4b,1050M,,SCHEDULED,1200,20.0
2026-06-02T05:45:32Z,1050M21819C7,1050M,,SCHEDULED,-120,-2.0
2026-06-02T05:45:32Z,1050M20740C5,1050M,,SCHEDULED,480,8.0
2026-06-02T05:45:32Z,1050M20223C4a,1050M,,SCHEDULED,300,5.0
2026-06-02T05:45:32Z,1050M21310C10,1050M,,SCHEDULED,60,1.0
2026-06-02T05:45:32Z,1050M20221C4a,1050M,,SCHEDULED,720,12.0
2026-06-02T05:45:32Z,1050M20748C5,1050M,,SCHEDULED,180,3.0
2026-06-02T05:45:32Z,1050M20227C4a,1050M,,SCHEDULED,420,7.0
2026-06-02T05:45:32Z,1050M21006C8a,1050M,,SCHEDULED,60,1.0
2026-06-02T05:45:32Z,1050M19565C5,1050M,,SCHEDULED,300,5.0
2026-06-02T05:45:32Z,1050M19563C5,1050M,,SCHEDULED,300,5.0
2026-06-02T05:45:32Z,1050M21806C7,1050M,,SCHEDULED,180,3.0
2026-06-02T05:50:33Z,3050M23509C1,3050M,,SCHEDULED,360,6.0
2026-06-02T05:50:33Z,3150M23254C1,3150M,,SCHEDULED,120,2.0
2026-06-02T05:50:33Z,3150M23423T1,3150M,,SCHEDULED,240,4.0
2026-06-02T05:50:33Z,3150M23207C1,3150M,,SCHEDULED,60,1.0
2026-06-02T05:50:33Z,3250M23311C1,3250M,,SCHEDULED,180,3.0
2026-06-02T05:50:33Z,4050M24012C2,4050M,,SCHEDULED,-60,-1.0
2026-06-02T05:50:33Z,4050M24383C6,4050M,,SCHEDULED,180,3.0
2026-06-02T05:50:33Z,4050M24009C2,4050M,,SCHEDULED,720,12.0
2026-06-02T05:50:33Z,5150M25609R1,5150M,,SCHEDULED,60,1.0
2026-06-02T05:50:33Z,5150M15001R15,5150M,,SCHEDULED,0,0.0
2026-06-02T05:50:33Z,5150M30590R15,5150M,,SCHEDULED,120,2.0
2026-06-02T05:50:33Z,5150M25404R2N,5150M,,SCHEDULED,420,7.0
2026-06-02T05:50:33Z,5150M25603R1,5150M,,SCHEDULED,180,3.0
2026-06-02T05:50:33Z,5150M77208R2S,5150M,,SCHEDULED,240,4.0
2026-06-02T05:50:33Z,5150M77318R3,5150M,,SCHEDULED,-120,-2.0
2026-06-02T05:50:33Z,5150M28470R2,5150M,,SCHEDULED,840,14.0
2026-06-02T05:50:33Z,5150M25711R1,5150M,,SCHEDULED,420,7.0
2026-06-02T05:50:33Z,5150M25616R1,5150M,,SCHEDULED,180,3.0
2026-06-02T05:50:33Z,5150M78844R11,5150M,,SCHEDULED,1260,21.0
2026-06-02T05:50:33Z,5150M25714R1,5150M,,SCHEDULED,60,1.0
2026-06-02T05:50:33Z,5150M35503R3,5150M,,SCHEDULED,1860,31.0
2026-06-02T05:50:33Z,5150M25614R1,5150M,,SCHEDULED,-60,-1.0
2026-06-02T05:50:33Z,5150M77400R4,5150M,,SCHEDULED,300,5.0
2026-06-02T05:50:33Z,5150M77984R4,5150M,,SCHEDULED,960,16.0
2026-06-02T05:50:33Z,5150M28564R2,5150M,,SCHEDULED,180,3.0
2026-06-02T05:50:33Z,5150M77508R4,5150M,,SCHEDULED,120,2.0
2026-06-02T05:50:33Z,5150M77404R4,5150M,,SCHEDULED,60,1.0
2026-06-02T05:50:33Z,5150M25709R1,5150M,,SCHEDULED,240,4.0
2026-06-02T05:50:33Z,5150M77606R4,5150M,,SCHEDULED,180,3.0
2026-06-02T05:50:33Z,5150M77408R4,5150M,,SCHEDULED,480,8.0
2026-06-02T05:50:33Z,5150M77210R2S,5150M,,SCHEDULED,240,4.0
2026-06-02T05:50:33Z,5150M28412R2N,5150M,,SCHEDULED,60,1.0
2026-06-02T05:50:33Z,5150M77514R4,5150M,,SCHEDULED,-60,-1.0
2026-06-02T05:50:33Z,5150M78207R2S,5150M,,SCHEDULED,60,1.0
2026-06-02T05:50:33Z,5150M78900R11,5150M,,SCHEDULED,120,2.0
2026-06-02T05:50:33Z,6050M26012C2,6050M,,SCHEDULED,120,2.0
2026-06-02T05:50:33Z,6050M71507C4,6050M,,SCHEDULED,480,8.0
2026-06-02T05:50:33Z,6050M26014C2,6050M,,SCHEDULED,180,3.0
2026-06-02T05:50:33Z,6150M32703C1,6150M,,SCHEDULED,120,2.0
2026-06-02T05:50:33Z,6250M35905C1,6250M,,SCHEDULED,480,8.0
2026-06-02T05:50:33Z,6250M71106C2,6250M,,SCHEDULED,240,4.0
2026-06-02T05:50:33Z,6250M71840C3,6250M,,SCHEDULED,360,6.0
2026-06-02T05:50:33Z,6250M35904C1,6250M,,SCHEDULED,60,1.0
2026-06-02T05:50:33Z,4750M71080C1,4750M,,SCHEDULED,1320,22.0
2026-06-02T05:50:33Z,1050M19560C5,1050M,,SCHEDULED,240,4.0
2026-06-02T05:50:33Z,1050M20414C4b,1050M,,SCHEDULED,240,4.0
2026-06-02T05:50:33Z,1050M21008C8a,1050M,,SCHEDULED,-60,-1.0
2026-06-02T05:50:33Z,1050M21106C10,1050M,,SCHEDULED,240,4.0
2026-06-02T05:50:33Z,1050M21182C10,1050M,,SCHEDULED,180,3.0
2026-06-02T05:50:33Z,1050M21007C8a,1050M,,SCHEDULED,120,2.0
2026-06-02T05:50:33Z,1050M20423C4b,1050M,,SCHEDULED,540,9.0
2026-06-02T05:50:33Z,1050M20422C4b,1050M,,SCHEDULED,180,3.0
2026-06-02T05:50:33Z,1050M21511C2,1050M,,SCHEDULED,60,1.0
2026-06-02T05:50:33Z,1050M20421C4b,1050M,,SCHEDULED,960,16.0
2026-06-02T05:50:33Z,1050M19556C5,1050M,,SCHEDULED,240,4.0
2026-06-02T05:50:33Z,1050M20420C4b,1050M,,SCHEDULED,300,5.0
2026-06-02T05:50:33Z,1050M19569C5,1050M,,SCHEDULED,240,4.0
2026-06-02T05:50:33Z,1050M19551C5,1050M,,SCHEDULED,360,6.0
2026-06-02T05:50:33Z,1050M19550C5,1050M,,SCHEDULED,360,6.0
2026-06-02T05:50:33Z,1050M19579C5,1050M,,SCHEDULED,-60,-1.0
2026-06-02T05:50:33Z,1050M21110C10,1050M,,SCHEDULED,360,6.0
2026-06-02T05:50:33Z,1050M20429C4b,1050M,,SCHEDULED,120,2.0
2026-06-02T05:50:33Z,1050M21517C2,1050M,,SCHEDULED,360,6.0
2026-06-02T05:50:33Z,1050M21516C2,1050M,,SCHEDULED,540,9.0
2026-06-02T05:50:33Z,1050M21817C7,1050M,,SCHEDULED,240,4.0
2026-06-02T05:50:33Z,1050M20606C8b,1050M,,SCHEDULED,120,2.0
2026-06-02T05:50:33Z,1050M20727C5,1050M,,SCHEDULED,480,8.0
2026-06-02T05:50:33Z,1050M21514C2,1050M,,SCHEDULED,600,10.0
2026-06-02T05:50:33Z,1050M21513C2,1050M,,SCHEDULED,600,10.0
2026-06-02T05:50:33Z,1050M35983C2,1050M,,SCHEDULED,60,1.0
2026-06-02T05:50:33Z,1050M20605C8b,1050M,,SCHEDULED,660,11.0
2026-06-02T05:50:33Z,1050M21600C2,1050M,,SCHEDULED,120,2.0
2026-06-02T05:50:33Z,1050M21204C10,1050M,,SCHEDULED,240,4.0
2026-06-02T05:50:33Z,1050M20603C8b,1050M,,SCHEDULED,780,13.0
2026-06-02T05:50:33Z,1050M20232C4a,1050M,,SCHEDULED,60,1.0
2026-06-02T05:50:33Z,1050M20230C4a,1050M,,SCHEDULED,300,5.0
2026-06-02T05:50:33Z,1050M20723C5,1050M,,SCHEDULED,180,3.0
2026-06-02T05:50:33Z,1050M20759C5,1050M,,CANCELED,,
2026-06-02T05:50:33Z,1050M21810C7,1050M,,SCHEDULED,120,2.0
2026-06-02T05:50:33Z,1050M21808C7,1050M,,SCHEDULED,180,3.0
2026-06-02T05:50:33Z,1050M19544C5,1050M,,SCHEDULED,660,11.0
2026-06-02T05:50:33Z,1050M78020C3,1050M,,SCHEDULED,120,2.0
2026-06-02T05:50:33Z,1050M19540C5,1050M,,SCHEDULED,420,7.0
2026-06-02T05:50:33Z,1050M21723C2,1050M,,SCHEDULED,-120,-2.0
2026-06-02T05:50:33Z,1050M20418C4b,1050M,,SCHEDULED,360,6.0
2026-06-02T05:50:33Z,1050M21108C10,1050M,,SCHEDULED,60,1.0
2026-06-02T05:50:33Z,1050M20731C5,1050M,,SCHEDULED,360,6.0
2026-06-02T05:50:33Z,1050M21206C10,1050M,,SCHEDULED,180,3.0
2026-06-02T05:50:33Z,1050M20730C5,1050M,,SCHEDULED,3000,50.0
2026-06-02T05:50:33Z,1050M20754C5,1050M,,SCHEDULED,60,1.0
2026-06-02T05:50:33Z,1050M20739C5,1050M,,SCHEDULED,180,3.0
2026-06-02T05:50:33Z,1050M20737C5,1050M,,SCHEDULED,300,5.0
2026-06-02T05:50:33Z,1050M21309C10,1050M,,SCHEDULED,660,11.0
2026-06-02T05:50:33Z,1050M20219C4a,1050M,,SCHEDULED,960,16.0
2026-06-02T05:50:33Z,1050M20734C5,1050M,,SCHEDULED,600,10.0
2026-06-02T05:50:33Z,1050M78021C3,1050M,,SCHEDULED,300,5.0
2026-06-02T05:50:33Z,1050M35977C2,1050M,,SCHEDULED,660,11.0
2026-06-02T05:50:33Z,1050M21819C7,1050M,,SCHEDULED,-120,-2.0
2026-06-02T05:50:33Z,1050M20225C4a,1050M,,SCHEDULED,240,4.0
2026-06-02T05:50:33Z,1050M20224C4a,1050M,,SCHEDULED,60,1.0
2026-06-02T05:50:33Z,1050M20740C5,1050M,,SCHEDULED,540,9.0
2026-06-02T05:50:33Z,1050M21719C2,1050M,,SCHEDULED,300,5.0
2026-06-02T05:50:33Z,1050M20223C4a,1050M,,SCHEDULED,420,7.0
2026-06-02T05:50:33Z,1050M21311C10,1050M,,SCHEDULED,300,5.0
2026-06-02T05:50:33Z,1050M78015C3,1050M,,SCHEDULED,1980,33.0
2026-06-02T05:50:33Z,1050M21310C10,1050M,,SCHEDULED,120,2.0
2026-06-02T05:50:33Z,1050M20221C4a,1050M,,SCHEDULED,1020,17.0
2026-06-02T05:50:33Z,1050M20748C5,1050M,,SCHEDULED,180,3.0
2026-06-02T05:50:33Z,1050M78014C3,1050M,,SCHEDULED,720,12.0
2026-06-02T05:50:33Z,1050M20229C4a,1050M,,SCHEDULED,120,2.0
2026-06-02T05:50:33Z,1050M20745C5,1050M,,SCHEDULED,60,1.0
2026-06-02T05:50:33Z,1050M78017C3,1050M,,SCHEDULED,240,4.0
2026-06-02T05:50:33Z,1050M20227C4a,1050M,,SCHEDULED,480,8.0
2026-06-02T05:50:33Z,1050M20226C4a,1050M,,SCHEDULED,180,3.0
2026-06-02T05:50:33Z,1050M78016C3,1050M,,SCHEDULED,840,14.0
2026-06-02T05:50:33Z,1050M19565C5,1050M,,SCHEDULED,240,4.0
2026-06-02T05:50:33Z,1050M78019C3,1050M,,SCHEDULED,540,9.0
2026-06-02T05:50:33Z,1050M21609C2,1050M,,SCHEDULED,-120,-2.0
2026-06-02T05:50:33Z,1050M19563C5,1050M,,SCHEDULED,240,4.0
2026-06-02T05:50:33Z,1050M21806C7,1050M,,SCHEDULED,60,1.0
2026-06-02T05:50:33Z,1050M19812C1,1050M,,SCHEDULED,180,3.0
2026-06-02T05:50:33Z,1050M19538C5,1050M,,SCHEDULED,180,3.0
2026-06-02T05:55:29Z,3050M23508C1,3050M,,SCHEDULED,1020,17.0
2026-06-02T05:55:29Z,3050M23513C1,3050M,,SCHEDULED,480,8.0
2026-06-02T05:55:29Z,3050M23100C3,3050M,,SCHEDULED,540,9.0
2026-06-02T05:55:29Z,3050M23510C1,3050M,,SCHEDULED,540,9.0
2026-06-02T05:55:29Z,3050M23607C4,3050M,,SCHEDULED,1740,29.0
2026-06-02T05:55:29Z,3050M23512C1,3050M,,SCHEDULED,540,9.0
2026-06-02T05:55:29Z,3150M23423T1,3150M,,SCHEDULED,240,4.0
2026-06-02T05:55:29Z,3150M23204C1,3150M,,SCHEDULED,120,2.0
2026-06-02T05:55:29Z,4050M24011C2,4050M,,SCHEDULED,60,1.0
2026-06-02T05:55:29Z,5150M25609R1,5150M,,SCHEDULED,60,1.0
2026-06-02T05:55:29Z,5150M77208R2S,5150M,,SCHEDULED,240,4.0
2026-06-02T05:55:29Z,5150M25613R1,5150M,,SCHEDULED,60,1.0
2026-06-02T05:55:29Z,5150M25614R1,5150M,,SCHEDULED,60,1.0
2026-06-02T05:55:29Z,5150M77402R4,5150M,,SCHEDULED,720,12.0
2026-06-02T05:55:29Z,5150M28564R2,5150M,,SCHEDULED,300,5.0
2026-06-02T05:55:29Z,5150M78286R2N,5150M,,SCHEDULED,300,5.0
2026-06-02T05:55:29Z,5150M77508R4,5150M,,SCHEDULED,180,3.0
2026-06-02T05:55:29Z,5150M28408R2N,5150M,,SCHEDULED,1140,19.0
2026-06-02T05:55:29Z,5150M77406R4,5150M,,SCHEDULED,480,8.0
2026-06-02T05:55:29Z,5150M77209R2S,5150M,,SCHEDULED,60,1.0
2026-06-02T05:55:29Z,5150M77210R2S,5150M,,SCHEDULED,240,4.0
2026-06-02T05:55:29Z,5150M25708R1,5150M,,SCHEDULED,120,2.0
2026-06-02T05:55:29Z,5150M35503R3,5150M,,SCHEDULED,1920,32.0
2026-06-02T05:55:29Z,5150M78634R8,5150M,,SCHEDULED,180,3.0
2026-06-02T05:55:29Z,5150M25408R2N,5150M,,SCHEDULED,240,4.0
2026-06-02T05:55:29Z,5150M25404R2N,5150M,,SCHEDULED,480,8.0
2026-06-02T05:55:29Z,6050M26012C2,6050M,,SCHEDULED,120,2.0
2026-06-02T05:55:29Z,6050M26014C2,6050M,,SCHEDULED,240,4.0
2026-06-02T05:55:29Z,6050M26113C1,6050M,,SCHEDULED,120,2.0
2026-06-02T05:55:29Z,6050M71509C4,6050M,,SCHEDULED,360,6.0
2026-06-02T05:55:29Z,6050M26114C1,6050M,,SCHEDULED,120,2.0
2026-06-02T05:55:29Z,6250M71203C3,6250M,,SCHEDULED,60,1.0
2026-06-02T05:55:29Z,6250M35917C1,6250M,,SCHEDULED,660,11.0
2026-06-02T05:55:29Z,1050M20418C4b,1050M,,SCHEDULED,300,5.0
2026-06-02T05:55:29Z,1050M20416C4b,1050M,,SCHEDULED,60,1.0
2026-06-02T05:55:29Z,1050M19563C5,1050M,,SCHEDULED,300,5.0
2026-06-02T05:55:29Z,1050M21806C7,1050M,,SCHEDULED,60,1.0
2026-06-02T05:55:29Z,1050M20414C4b,1050M,,SCHEDULED,120,2.0
2026-06-02T05:55:29Z,1050M21182C10,1050M,,SCHEDULED,600,10.0
2026-06-02T05:55:29Z,1050M20423C4b,1050M,,SCHEDULED,840,14.0
2026-06-02T05:55:29Z,1050M20422C4b,1050M,,SCHEDULED,300,5.0
2026-06-02T05:55:29Z,1050M21511C2,1050M,,SCHEDULED,180,3.0
2026-06-02T05:55:29Z,1050M21008C8a,1050M,,SCHEDULED,-60,-1.0
2026-06-02T05:55:29Z,1050M19557C5,1050M,,SCHEDULED,60,1.0
2026-06-02T05:55:29Z,1050M20421C4b,1050M,,SCHEDULED,900,15.0
2026-06-02T05:55:29Z,1050M21007C8a,1050M,,SCHEDULED,300,5.0
2026-06-02T05:55:29Z,1050M19556C5,1050M,,SCHEDULED,300,5.0
2026-06-02T05:55:29Z,1050M20420C4b,1050M,,SCHEDULED,240,4.0
2026-06-02T05:55:29Z,1050M35015C4,1050M,,SCHEDULED,120,2.0
2026-06-02T05:55:29Z,1050M19550C5,1050M,,SCHEDULED,360,6.0
2026-06-02T05:55:29Z,1050M21110C10,1050M,,SCHEDULED,360,6.0
2026-06-02T05:55:29Z,1050M19569C5,1050M,,SCHEDULED,180,3.0
2026-06-02T05:55:29Z,1050M20429C4b,1050M,,SCHEDULED,300,5.0
2026-06-02T05:55:29Z,1050M21517C2,1050M,,SCHEDULED,360,6.0
2026-06-02T05:55:29Z,1050M21516C2,1050M,,SCHEDULED,660,11.0
2026-06-02T05:55:29Z,1050M19579C5,1050M,,SCHEDULED,-60,-1.0
2026-06-02T05:55:29Z,1050M20425C4b,1050M,,SCHEDULED,900,15.0
2026-06-02T05:55:29Z,1050M21513C2,1050M,,SCHEDULED,420,7.0
2026-06-02T05:55:29Z,1050M19573C5,1050M,,SCHEDULED,240,4.0
2026-06-02T05:55:29Z,1050M35983C2,1050M,,SCHEDULED,120,2.0
2026-06-02T05:55:29Z,1050M21204C10,1050M,,SCHEDULED,180,3.0
2026-06-02T05:55:29Z,1050M21817C7,1050M,,SCHEDULED,120,2.0
2026-06-02T05:55:29Z,1050M21600C2,1050M,,SCHEDULED,180,3.0
2026-06-02T05:55:29Z,1050M20606C8b,1050M,,SCHEDULED,120,2.0
2026-06-02T05:55:29Z,1050M20727C5,1050M,,SCHEDULED,300,5.0
2026-06-02T05:55:29Z,1050M20605C8b,1050M,,SCHEDULED,540,9.0
2026-06-02T05:55:29Z,1050M20232C4a,1050M,,SCHEDULED,180,3.0
2026-06-02T05:55:29Z,1050M20230C4a,1050M,,SCHEDULED,480,8.0
2026-06-02T05:55:29Z,1050M21719C2,1050M,,SCHEDULED,360,6.0
2026-06-02T05:55:29Z,1050M20604C8b,1050M,,SCHEDULED,60,1.0
2026-06-02T05:55:29Z,1050M20603C8b,1050M,,SCHEDULED,960,16.0
2026-06-02T05:55:29Z,1050M78131C3,1050M,,SCHEDULED,180,3.0
2026-06-02T05:55:29Z,1050M21813C7,1050M,,SCHEDULED,180,3.0
2026-06-02T05:55:29Z,1050M78133C3,1050M,,SCHEDULED,180,3.0
2026-06-02T05:55:29Z,1050M20723C5,1050M,,SCHEDULED,360,6.0
2026-06-02T05:55:29Z,1050M21811C7,1050M,,SCHEDULED,420,7.0
2026-06-02T05:55:29Z,1050M21810C7,1050M,,SCHEDULED,60,1.0
2026-06-02T05:55:29Z,1050M78014C3,1050M,,SCHEDULED,720,12.0
2026-06-02T05:55:29Z,1050M19544C5,1050M,,SCHEDULED,600,10.0
2026-06-02T05:55:29Z,1050M78017C3,1050M,,SCHEDULED,300,5.0
2026-06-02T05:55:29Z,1050M78016C3,1050M,,SCHEDULED,780,13.0
2026-06-02T05:55:29Z,1050M19540C5,1050M,,SCHEDULED,420,7.0
2026-06-02T05:55:29Z,1050M20731C5,1050M,,SCHEDULED,360,6.0
2026-06-02T05:55:29Z,1050M20730C5,1050M,,SCHEDULED,3300,55.0
2026-06-02T05:55:29Z,1050M78019C3,1050M,,SCHEDULED,540,9.0
2026-06-02T05:55:29Z,1050M20739C5,1050M,,SCHEDULED,180,3.0
2026-06-02T05:55:29Z,1050M20737C5,1050M,,SCHEDULED,300,5.0
2026-06-02T05:55:29Z,1050M21609C2,1050M,,SCHEDULED,-120,-2.0
2026-06-02T05:55:29Z,1050M21309C10,1050M,,SCHEDULED,960,16.0
2026-06-02T05:55:29Z,1050M21308C10,1050M,,SCHEDULED,60,1.0
2026-06-02T05:55:29Z,1050M20219C4a,1050M,,SCHEDULED,900,15.0
2026-06-02T05:55:29Z,1050M20734C5,1050M,,SCHEDULED,660,11.0
2026-06-02T05:55:29Z,1050M21821C7,1050M,,SCHEDULED,-60,-1.0
2026-06-02T05:55:29Z,1050M21819C7,1050M,,SCHEDULED,-120,-2.0
2026-06-02T05:55:29Z,1050M19817C1,1050M,,SCHEDULED,120,2.0
2026-06-02T05:55:29Z,1050M20740C5,1050M,,SCHEDULED,480,8.0
2026-06-02T05:55:29Z,1050M20223C4a,1050M,,SCHEDULED,360,6.0
2026-06-02T05:55:29Z,1050M20759C5,1050M,,CANCELED,,
2026-06-02T05:55:29Z,1050M21311C10,1050M,,SCHEDULED,420,7.0
2026-06-02T05:55:29Z,1050M20221C4a,1050M,,SCHEDULED,960,16.0
2026-06-02T05:55:29Z,1050M20748C5,1050M,,SCHEDULED,240,4.0
2026-06-02T05:55:29Z,1050M20229C4a,1050M,,SCHEDULED,300,5.0
2026-06-02T05:55:29Z,1050M78020C3,1050M,,SCHEDULED,180,3.0
2026-06-02T05:55:29Z,1050M20228C4a,1050M,,SCHEDULED,2160,36.0
2026-06-02T05:55:29Z,1050M20745C5,1050M,,SCHEDULED,180,3.0
2026-06-02T05:55:29Z,1050M20226C4a,1050M,,SCHEDULED,240,4.0
2026-06-02T05:55:29Z,1050M21723C2,1050M,,SCHEDULED,-120,-2.0
2026-06-02T05:55:29Z,1050M21522C2,1050M,,SCHEDULED,60,1.0
2026-06-02T05:55:29Z,1050M19565C5,1050M,,SCHEDULED,360,6.0
2026-06-02T05:55:29Z,1050M20431C4b,1050M,,SCHEDULED,60,1.0
2026-06-02T05:55:29Z,1050M21520C2,1050M,,SCHEDULED,180,3.0
2026-06-02T05:55:29Z,1050M20754C5,1050M,,SCHEDULED,120,2.0
2026-06-02T05:55:29Z,1050M19564C5,1050M,,SCHEDULED,120,2.0
2026-06-02T05:55:29Z,1050M78021C3,1050M,,SCHEDULED,300,5.0
2026-06-02T06:00:48Z,3050M23515C1,3050M,,SCHEDULED,180,3.0
2026-06-02T06:00:48Z,3050M23510C1,3050M,,SCHEDULED,420,7.0
2026-06-02T06:00:48Z,3050M23609C4,3050M,,SCHEDULED,1980,33.0
2026-06-02T06:00:48Z,3050M23513C1,3050M,,SCHEDULED,480,8.0
2026-06-02T06:00:48Z,3050M23514C1,3050M,,SCHEDULED,720,12.0
2026-06-02T06:00:48Z,3050M23508C1,3050M,,SCHEDULED,1140,19.0
2026-06-02T06:00:48Z,3150M23423T1,3150M,,SCHEDULED,240,4.0
2026-06-02T06:00:48Z,3250M23306C1,3250M,,SCHEDULED,60,1.0
2026-06-02T06:00:48Z,4050M24382C6,4050M,,SCHEDULED,60,1.0
2026-06-02T06:00:48Z,5150M77408R4,5150M,,SCHEDULED,300,5.0
2026-06-02T06:00:48Z,5150M25709R1,5150M,,SCHEDULED,120,2.0
2026-06-02T06:00:48Z,5150M77210R2S,5150M,,SCHEDULED,360,6.0
2026-06-02T06:00:48Z,5150M25708R1,5150M,,SCHEDULED,240,4.0
2026-06-02T06:00:48Z,5150M78902R11,5150M,,SCHEDULED,60,1.0
2026-06-02T06:00:48Z,5150M28412R2N,5150M,,SCHEDULED,60,1.0
2026-06-02T06:00:48Z,5150M78846R11,5150M,,SCHEDULED,120,2.0
2026-06-02T06:00:48Z,5150M77208R2S,5150M,,SCHEDULED,180,3.0
2026-06-02T06:00:48Z,5150M77316R3,5150M,,SCHEDULED,360,6.0
2026-06-02T06:00:48Z,5150M77410R4,5150M,,SCHEDULED,180,3.0
2026-06-02T06:00:48Z,5150M25611R1,5150M,,SCHEDULED,-60,-1.0
2026-06-02T06:00:48Z,5150M25716R1,5150M,,SCHEDULED,60,1.0
2026-06-02T06:00:48Z,5150M25613R1,5150M,,SCHEDULED,180,3.0
2026-06-02T06:00:48Z,5150M25612R1,5150M,,SCHEDULED,180,3.0
2026-06-02T06:00:48Z,5150M25614R1,5150M,,SCHEDULED,60,1.0
2026-06-02T06:00:48Z,5150M77402R4,5150M,,SCHEDULED,780,13.0
2026-06-02T06:00:48Z,5150M25710R1,5150M,,SCHEDULED,120,2.0
2026-06-02T06:00:48Z,5150M77404R4,5150M,,SCHEDULED,600,10.0
2026-06-02T06:00:48Z,5150M25620R1,5150M,,SCHEDULED,180,3.0
2026-06-02T06:00:48Z,5150M25711R1,5150M,,SCHEDULED,360,6.0
2026-06-02T06:00:48Z,5150M78286R2N,5150M,,SCHEDULED,300,5.0
2026-06-02T06:00:48Z,5150M28476R2,5150M,,SCHEDULED,300,5.0
2026-06-02T06:00:48Z,5150M78602R8,5150M,,SCHEDULED,60,1.0
2026-06-02T06:00:48Z,5150M78206R2S,5150M,,SCHEDULED,420,7.0
2026-06-02T06:00:48Z,5150M78209R2S,5150M,,SCHEDULED,120,2.0
2026-06-02T06:00:48Z,5150M77207R2S,5150M,,SCHEDULED,360,6.0
2026-06-02T06:00:48Z,5150M77604R4,5150M,,SCHEDULED,900,15.0
2026-06-02T06:00:48Z,5150M77508R4,5150M,,SCHEDULED,60,1.0
2026-06-02T06:00:48Z,5150M77606R4,5150M,,SCHEDULED,60,1.0
2026-06-02T06:00:48Z,5150M25607R1,5150M,,SCHEDULED,180,3.0
2026-06-02T06:00:48Z,5150M15001R15,5150M,,SCHEDULED,60,1.0
2026-06-02T06:00:48Z,5150M25713R1,5150M,,SCHEDULED,180,3.0
2026-06-02T06:00:48Z,5150M25404R2N,5150M,,SCHEDULED,420,7.0
2026-06-02T06:00:48Z,6050M26512C3,6050M,,SCHEDULED,60,1.0
2026-06-02T06:00:48Z,6050M26012C2,6050M,,SCHEDULED,120,2.0
2026-06-02T06:00:48Z,6050M26014C2,6050M,,SCHEDULED,300,5.0
2026-06-02T06:00:48Z,6050M26510C3,6050M,,SCHEDULED,300,5.0
2026-06-02T06:00:48Z,6150M32703C1,6150M,,SCHEDULED,180,3.0
2026-06-02T06:00:48Z,6250M71107C2,6250M,,SCHEDULED,420,7.0
2026-06-02T06:00:48Z,4650M70050C1,4650M,,SCHEDULED,240,4.0
2026-06-02T06:00:48Z,1050M20418C4b,1050M,,SCHEDULED,300,5.0
2026-06-02T06:00:48Z,1050M20416C4b,1050M,,SCHEDULED,120,2.0
2026-06-02T06:00:48Z,1050M21108C10,1050M,,SCHEDULED,300,5.0
2026-06-02T06:00:48Z,1050M21182C10,1050M,,SCHEDULED,840,14.0
2026-06-02T06:00:48Z,1050M20423C4b,1050M,,SCHEDULED,840,14.0
2026-06-02T06:00:48Z,1050M20422C4b,1050M,,SCHEDULED,300,5.0
2026-06-02T06:00:48Z,1050M19557C5,1050M,,SCHEDULED,120,2.0
2026-06-02T06:00:48Z,1050M19556C5,1050M,,SCHEDULED,240,4.0
2026-06-02T06:00:48Z,1050M20420C4b,1050M,,SCHEDULED,240,4.0
2026-06-02T06:00:48Z,1050M19550C5,1050M,,SCHEDULED,360,6.0
2026-06-02T06:00:48Z,1050M21110C10,1050M,,SCHEDULED,360,6.0
2026-06-02T06:00:48Z,1050M21517C2,1050M,,SCHEDULED,180,3.0
2026-06-02T06:00:48Z,1050M20427C4b,1050M,,SCHEDULED,720,12.0
2026-06-02T06:00:48Z,1050M21516C2,1050M,,SCHEDULED,600,10.0
2026-06-02T06:00:48Z,1050M20425C4b,1050M,,SCHEDULED,780,13.0
2026-06-02T06:00:48Z,1050M21513C2,1050M,,SCHEDULED,480,8.0
2026-06-02T06:00:48Z,1050M35983C2,1050M,,SCHEDULED,120,2.0
2026-06-02T06:00:48Z,1050M21204C10,1050M,,SCHEDULED,60,1.0
2026-06-02T06:00:48Z,1050M19563C5,1050M,,SCHEDULED,180,3.0
2026-06-02T06:00:48Z,1050M21806C7,1050M,,SCHEDULED,120,2.0
2026-06-02T06:00:48Z,1050M20232C4a,1050M,,SCHEDULED,120,2.0
2026-06-02T06:00:48Z,1050M20231C4a,1050M,,SCHEDULED,240,4.0
2026-06-02T06:00:48Z,1050M20230C4a,1050M,,SCHEDULED,540,9.0
2026-06-02T06:00:48Z,1050M20759C5,1050M,,CANCELED,,
2026-06-02T06:00:48Z,1050M19560C5,1050M,,SCHEDULED,180,3.0
2026-06-02T06:00:48Z,1050M20758C5,1050M,,SCHEDULED,120,2.0
2026-06-02T06:00:48Z,1050M35015C4,1050M,,SCHEDULED,360,6.0
2026-06-02T06:00:48Z,1050M21723C2,1050M,,SCHEDULED,-120,-2.0
2026-06-02T06:00:48Z,1050M19569C5,1050M,,SCHEDULED,180,3.0
2026-06-02T06:00:48Z,1050M21602C2,1050M,,SCHEDULED,60,1.0
2026-06-02T06:00:48Z,1050M20754C5,1050M,,SCHEDULED,300,5.0
2026-06-02T06:00:48Z,1050M19573C5,1050M,,SCHEDULED,60,1.0
2026-06-02T06:00:48Z,1050M78021C3,1050M,,SCHEDULED,360,6.0
2026-06-02T06:00:48Z,1050M21817C7,1050M,,SCHEDULED,240,4.0
2026-06-02T06:00:48Z,1050M20606C8b,1050M,,SCHEDULED,120,2.0
2026-06-02T06:00:48Z,1050M20727C5,1050M,,SCHEDULED,480,8.0
2026-06-02T06:00:48Z,1050M20605C8b,1050M,,SCHEDULED,420,7.0
2026-06-02T06:00:48Z,1050M78023C3,1050M,,SCHEDULED,300,5.0
2026-06-02T06:00:48Z,1050M19570C5,1050M,,SCHEDULED,60,1.0
2026-06-02T06:00:48Z,1050M20604C8b,1050M,,SCHEDULED,240,4.0
2026-06-02T06:00:48Z,1050M20603C8b,1050M,,SCHEDULED,900,15.0
2026-06-02T06:00:48Z,1050M21813C7,1050M,,SCHEDULED,660,11.0
2026-06-02T06:00:48Z,1050M21719C2,1050M,,SCHEDULED,420,7.0
2026-06-02T06:00:48Z,1050M20723C5,1050M,,SCHEDULED,360,6.0
2026-06-02T06:00:48Z,1050M21811C7,1050M,,SCHEDULED,420,7.0
2026-06-02T06:00:48Z,1050M78131C3,1050M,,SCHEDULED,240,4.0
2026-06-02T06:00:48Z,1050M21810C7,1050M,,SCHEDULED,240,4.0
2026-06-02T06:00:48Z,1050M78133C3,1050M,,SCHEDULED,60,1.0
2026-06-02T06:00:48Z,1050M21808C7,1050M,,SCHEDULED,120,2.0
2026-06-02T06:00:48Z,1050M19544C5,1050M,,SCHEDULED,660,11.0
2026-06-02T06:00:48Z,1050M78017C3,1050M,,SCHEDULED,360,6.0
2026-06-02T06:00:48Z,1050M19540C5,1050M,,SCHEDULED,420,7.0
2026-06-02T06:00:48Z,1050M19819C1,1050M,,SCHEDULED,60,1.0
2026-06-02T06:00:48Z,1050M21186C10,1050M,,SCHEDULED,360,6.0
2026-06-02T06:00:48Z,1050M20731C5,1050M,,SCHEDULED,360,6.0
2026-06-02T06:00:48Z,1050M19583C5,1050M,,SCHEDULED,-60,-1.0
2026-06-02T06:00:48Z,1050M20739C5,1050M,,SCHEDULED,120,2.0
2026-06-02T06:00:48Z,1050M20737C5,1050M,,SCHEDULED,360,6.0
2026-06-02T06:00:48Z,1050M78016C3,1050M,,SCHEDULED,840,14.0
2026-06-02T06:00:48Z,1050M21309C10,1050M,,SCHEDULED,660,11.0
2026-06-02T06:00:48Z,1050M20734C5,1050M,,SCHEDULED,720,12.0
2026-06-02T06:00:48Z,1050M21821C7,1050M,,SCHEDULED,-60,-1.0
2026-06-02T06:00:48Z,1050M21609C2,1050M,,SCHEDULED,120,2.0
2026-06-02T06:00:48Z,1050M78018C3,1050M,,SCHEDULED,360,6.0
2026-06-02T06:00:48Z,1050M20740C5,1050M,,SCHEDULED,600,10.0
2026-06-02T06:00:48Z,1050M20223C4a,1050M,,SCHEDULED,780,13.0
2026-06-02T06:00:48Z,1050M21311C10,1050M,,SCHEDULED,180,3.0
2026-06-02T06:00:48Z,1050M20221C4a,1050M,,SCHEDULED,840,14.0
2026-06-02T06:00:48Z,1050M20748C5,1050M,,SCHEDULED,180,3.0
2026-06-02T06:00:48Z,1050M20229C4a,1050M,,SCHEDULED,120,2.0
2026-06-02T06:00:48Z,1050M20228C4a,1050M,,SCHEDULED,2460,41.0
2026-06-02T06:00:48Z,1050M20745C5,1050M,,SCHEDULED,180,3.0
2026-06-02T06:00:48Z,1050M20226C4a,1050M,,SCHEDULED,120,2.0
2026-06-02T06:00:48Z,1050M19565C5,1050M,,SCHEDULED,360,6.0
2026-06-02T06:00:48Z,1050M20431C4b,1050M,,SCHEDULED,240,4.0
2026-06-02T06:00:48Z,1050M19564C5,1050M,,SCHEDULED,240,4.0
2026-06-02T06:05:29Z,3050M23513C1,3050M,,SCHEDULED,480,8.0
2026-06-02T06:05:29Z,3050M23514C1,3050M,,SCHEDULED,720,12.0
2026-06-02T06:05:29Z,3050M23609C4,3050M,,SCHEDULED,1980,33.0
2026-06-02T06:05:29Z,3050M23100C3,3050M,,SCHEDULED,720,12.0
2026-06-02T06:05:29Z,3050M23508C1,3050M,,SCHEDULED,1200,20.0
2026-06-02T06:05:29Z,3150M23423T1,3150M,,SCHEDULED,240,4.0
2026-06-02T06:05:29Z,3250M23310C1,3250M,,SCHEDULED,60,1.0
2026-06-02T06:05:29Z,4050M24306C6,4050M,,SCHEDULED,240,4.0
2026-06-02T06:05:29Z,4050M76210C1,4050M,,SCHEDULED,-180,-3.0
2026-06-02T06:05:29Z,4050M24011C2,4050M,,SCHEDULED,60,1.0
2026-06-02T06:05:29Z,5150M77710R4,5150M,,SCHEDULED,1620,27.0
2026-06-02T06:05:29Z,5150M78900R11,5150M,,SCHEDULED,60,1.0
2026-06-02T06:05:29Z,5150M77318R3,5150M,,SCHEDULED,-60,-1.0
2026-06-02T06:05:29Z,5150M77208R2S,5150M,,SCHEDULED,120,2.0
2026-06-02T06:05:29Z,5150M25716R1,5150M,,SCHEDULED,60,1.0
2026-06-02T06:05:29Z,5150M77410R4,5150M,,SCHEDULED,300,5.0
2026-06-02T06:05:29Z,5150M25710R1,5150M,,SCHEDULED,120,2.0
2026-06-02T06:05:29Z,5150M25616R1,5150M,,SCHEDULED,240,4.0
2026-06-02T06:05:29Z,5150M18121R16,5150M,,SCHEDULED,420,7.0
2026-06-02T06:05:29Z,5150M78290R2,5150M,,SCHEDULED,120,2.0
2026-06-02T06:05:29Z,5150M25610R1,5150M,,SCHEDULED,60,1.0
2026-06-02T06:05:29Z,5150M28478R2,5150M,,SCHEDULED,120,2.0
2026-06-02T06:05:29Z,5150M28470R2,5150M,,SCHEDULED,840,14.0
2026-06-02T06:05:29Z,5150M78206R2S,5150M,,SCHEDULED,480,8.0
2026-06-02T06:05:29Z,5150M77514R4,5150M,,SCHEDULED,180,3.0
2026-06-02T06:05:29Z,5150M28466R2,5150M,,SCHEDULED,1980,33.0
2026-06-02T06:05:29Z,5150M30592R14,5150M,,SCHEDULED,900,15.0
2026-06-02T06:05:29Z,5150M77207R2S,5150M,,SCHEDULED,540,9.0
2026-06-02T06:05:29Z,5150M77209R2S,5150M,,SCHEDULED,60,1.0
2026-06-02T06:05:29Z,5150M77508R4,5150M,,SCHEDULED,60,1.0
2026-06-02T06:05:29Z,5150M25607R1,5150M,,SCHEDULED,180,3.0
2026-06-02T06:05:29Z,5150M77402R4,5150M,,SCHEDULED,840,14.0
2026-06-02T06:05:29Z,5150M28564R2,5150M,,SCHEDULED,300,5.0
2026-06-02T06:05:29Z,5150M25711R1,5150M,,SCHEDULED,420,7.0
2026-06-02T06:05:29Z,5150M77404R4,5150M,,SCHEDULED,300,5.0
2026-06-02T06:05:29Z,5150M78850R11,5150M,,SCHEDULED,-60,-1.0
2026-06-02T06:05:29Z,5150M25713R1,5150M,,SCHEDULED,120,2.0
2026-06-02T06:05:29Z,5150M35503R3,5150M,,SCHEDULED,1860,31.0
2026-06-02T06:05:29Z,5150M77311R3,5150M,,SCHEDULED,660,11.0
2026-06-02T06:05:29Z,5150M25406R2N,5150M,,SCHEDULED,420,7.0
2026-06-02T06:05:29Z,6050M26014C2,6050M,,SCHEDULED,240,4.0
2026-06-02T06:05:29Z,6050M71504C4,6050M,,SCHEDULED,120,2.0
2026-06-02T06:05:29Z,6250M71156C2,6250M,,SCHEDULED,300,5.0
2026-06-02T06:05:29Z,4750M71090C1,4750M,,SCHEDULED,600,10.0
2026-06-02T06:05:29Z,4750M71080C1,4750M,,SCHEDULED,2160,36.0
2026-06-02T06:05:29Z,1050M20416C4b,1050M,,SCHEDULED,60,1.0
2026-06-02T06:05:29Z,1050M21108C10,1050M,,SCHEDULED,300,5.0
2026-06-02T06:05:29Z,1050M19563C5,1050M,,SCHEDULED,300,5.0
2026-06-02T06:05:29Z,1050M20414C4b,1050M,,SCHEDULED,120,2.0
2026-06-02T06:05:29Z,1050M21806C7,1050M,,SCHEDULED,60,1.0
2026-06-02T06:05:29Z,1050M21182C10,1050M,,SCHEDULED,840,14.0
2026-06-02T06:05:29Z,1050M19560C5,1050M,,SCHEDULED,180,3.0
2026-06-02T06:05:29Z,1050M20423C4b,1050M,,SCHEDULED,840,14.0
2026-06-02T06:05:29Z,1050M20422C4b,1050M,,SCHEDULED,360,6.0
2026-06-02T06:05:29Z,1050M19556C5,1050M,,SCHEDULED,240,4.0
2026-06-02T06:05:29Z,1050M20420C4b,1050M,,SCHEDULED,300,5.0
2026-06-02T06:05:29Z,1050M19550C5,1050M,,SCHEDULED,360,6.0
2026-06-02T06:05:29Z,1050M21110C10,1050M,,SCHEDULED,360,6.0
2026-06-02T06:05:29Z,1050M35015C4,1050M,,SCHEDULED,360,6.0
2026-06-02T06:05:29Z,1050M21517C2,1050M,,SCHEDULED,180,3.0
2026-06-02T06:05:29Z,1050M19569C5,1050M,,SCHEDULED,300,5.0
2026-06-02T06:05:29Z,1050M20427C4b,1050M,,SCHEDULED,780,13.0
2026-06-02T06:05:29Z,1050M21516C2,1050M,,SCHEDULED,600,10.0
2026-06-02T06:05:29Z,1050M20425C4b,1050M,,SCHEDULED,1020,17.0
2026-06-02T06:05:29Z,1050M21513C2,1050M,,SCHEDULED,660,11.0
2026-06-02T06:05:29Z,1050M19573C5,1050M,,SCHEDULED,180,3.0
2026-06-02T06:05:29Z,1050M35982C2,1050M,,SCHEDULED,420,7.0
2026-06-02T06:05:29Z,1050M21600C2,1050M,,SCHEDULED,240,4.0
2026-06-02T06:05:29Z,1050M21817C7,1050M,,SCHEDULED,180,3.0
2026-06-02T06:05:29Z,1050M20606C8b,1050M,,SCHEDULED,180,3.0
2026-06-02T06:05:29Z,1050M20727C5,1050M,,SCHEDULED,480,8.0
2026-06-02T06:05:29Z,1050M20234C4a,1050M,,SCHEDULED,420,7.0
2026-06-02T06:05:29Z,1050M20605C8b,1050M,,SCHEDULED,540,9.0
2026-06-02T06:05:29Z,1050M20232C4a,1050M,,SCHEDULED,300,5.0
2026-06-02T06:05:29Z,1050M20231C4a,1050M,,SCHEDULED,300,5.0
2026-06-02T06:05:29Z,1050M19570C5,1050M,,SCHEDULED,180,3.0
2026-06-02T06:05:29Z,1050M21719C2,1050M,,SCHEDULED,300,5.0
2026-06-02T06:05:29Z,1050M21813C7,1050M,,SCHEDULED,660,11.0
2026-06-02T06:05:29Z,1050M21811C7,1050M,,SCHEDULED,540,9.0
2026-06-02T06:05:29Z,1050M21810C7,1050M,,SCHEDULED,180,3.0
2026-06-02T06:05:29Z,1050M78131C3,1050M,,SCHEDULED,240,4.0
2026-06-02T06:05:29Z,1050M19544C5,1050M,,SCHEDULED,720,12.0
2026-06-02T06:05:29Z,1050M78016C3,1050M,,SCHEDULED,840,14.0
2026-06-02T06:05:29Z,1050M19540C5,1050M,,SCHEDULED,540,9.0
2026-06-02T06:05:29Z,1050M78018C3,1050M,,SCHEDULED,600,10.0
2026-06-02T06:05:29Z,1050M20731C5,1050M,,SCHEDULED,300,5.0
2026-06-02T06:05:29Z,1050M19583C5,1050M,,SCHEDULED,-60,-1.0
2026-06-02T06:05:29Z,1050M20739C5,1050M,,SCHEDULED,240,4.0
2026-06-02T06:05:29Z,1050M20737C5,1050M,,SCHEDULED,480,8.0
2026-06-02T06:05:29Z,1050M21309C10,1050M,,SCHEDULED,900,15.0
2026-06-02T06:05:29Z,1050M20734C5,1050M,,SCHEDULED,720,12.0
2026-06-02T06:05:29Z,1050M20230C4a,1050M,,SCHEDULED,480,8.0
2026-06-02T06:05:29Z,1050M21607C2,1050M,,SCHEDULED,60,1.0
2026-06-02T06:05:29Z,1050M21821C7,1050M,,SCHEDULED,-60,-1.0
2026-06-02T06:05:29Z,1050M20225C4a,1050M,,SCHEDULED,360,6.0
2026-06-02T06:05:29Z,1050M20759C5,1050M,,CANCELED,,
2026-06-02T06:05:29Z,1050M20758C5,1050M,,SCHEDULED,240,4.0
2026-06-02T06:05:29Z,1050M20740C5,1050M,,SCHEDULED,540,9.0
2026-06-02T06:05:29Z,1050M21208C10,1050M,,SCHEDULED,240,4.0
2026-06-02T06:05:29Z,1050M20223C4a,1050M,,SCHEDULED,840,14.0
2026-06-02T06:05:29Z,1050M20221C4a,1050M,,SCHEDULED,960,16.0
2026-06-02T06:05:29Z,1050M20748C5,1050M,,SCHEDULED,300,5.0
2026-06-02T06:05:29Z,1050M21723C2,1050M,,SCHEDULED,-120,-2.0
2026-06-02T06:05:29Z,1050M20228C4a,1050M,,SCHEDULED,2760,46.0
2026-06-02T06:05:29Z,1050M21602C2,1050M,,SCHEDULED,120,2.0
2026-06-02T06:05:29Z,1050M20745C5,1050M,,SCHEDULED,180,3.0
2026-06-02T06:05:29Z,1050M21206C10,1050M,,SCHEDULED,240,4.0
2026-06-02T06:05:29Z,1050M20433C4b,1050M,,SCHEDULED,180,3.0
2026-06-02T06:05:29Z,1050M20754C5,1050M,,SCHEDULED,120,2.0
2026-06-02T06:05:29Z,1050M19565C5,1050M,,SCHEDULED,360,6.0
2026-06-02T06:05:29Z,1050M78021C3,1050M,,SCHEDULED,180,3.0
2026-06-02T06:05:29Z,1050M19564C5,1050M,,SCHEDULED,180,3.0
2026-06-02T06:05:29Z,1050M35977C2,1050M,,SCHEDULED,540,9.0
2026-06-02T06:05:29Z,1050M78023C3,1050M,,SCHEDULED,60,1.0
2026-06-02T06:10:34Z,3050M23512C1,3050M,,SCHEDULED,420,7.0
2026-06-02T06:10:34Z,3050M23517C1,3050M,,SCHEDULED,60,1.0
2026-06-02T06:10:34Z,3050M23510C1,3050M,,SCHEDULED,660,11.0
2026-06-02T06:10:34Z,3150M23204C1,3150M,,SCHEDULED,60,1.0
2026-06-02T06:10:34Z,3150M23206C1,3150M,,SCHEDULED,120,2.0
2026-06-02T06:10:34Z,3250M23310C1,3250M,,SCHEDULED,120,2.0
2026-06-02T06:10:34Z,4050M76603C3,4050M,,SCHEDULED,60,1.0
2026-06-02T06:10:34Z,4050M24013C2,4050M,,SCHEDULED,120,2.0
2026-06-02T06:10:34Z,5150M77208R2S,5150M,,SCHEDULED,60,1.0
2026-06-02T06:10:34Z,5150M77410R4,5150M,,SCHEDULED,300,5.0
2026-06-02T06:10:34Z,5150M28564R2,5150M,,SCHEDULED,300,5.0
2026-06-02T06:10:34Z,5150M77404R4,5150M,,SCHEDULED,300,5.0
2026-06-02T06:10:34Z,5150M25709R1,5150M,,SCHEDULED,240,4.0
2026-06-02T06:10:34Z,5150M25610R1,5150M,,SCHEDULED,60,1.0
2026-06-02T06:10:34Z,5150M77210R2S,5150M,,SCHEDULED,360,6.0
2026-06-02T06:10:34Z,5150M28412R2N,5150M,,SCHEDULED,180,3.0
2026-06-02T06:10:34Z,5150M25620R1,5150M,,SCHEDULED,300,5.0
2026-06-02T06:10:34Z,5150M77316R3,5150M,,SCHEDULED,600,10.0
2026-06-02T06:10:34Z,5150M78286R2N,5150M,,SCHEDULED,60,1.0
2026-06-02T06:10:34Z,5150M25716R1,5150M,,SCHEDULED,120,2.0
2026-06-02T06:10:34Z,5150M77514R4,5150M,,SCHEDULED,180,3.0
2026-06-02T06:10:34Z,5150M77982R4,5150M,,SCHEDULED,1620,27.0
2026-06-02T06:10:34Z,5150M25607R1,5150M,,SCHEDULED,120,2.0
2026-06-02T06:10:34Z,5150M28478R2,5150M,,SCHEDULED,60,1.0
2026-06-02T06:10:34Z,5150M28476R2,5150M,,SCHEDULED,540,9.0
2026-06-02T06:10:34Z,5150M30592R14,5150M,,SCHEDULED,1200,20.0
2026-06-02T06:10:34Z,5150M28408R2N,5150M,,SCHEDULED,1320,22.0
2026-06-02T06:10:34Z,5150M25713R1,5150M,,SCHEDULED,120,2.0
2026-06-02T06:10:34Z,5150M35503R3,5150M,,SCHEDULED,1860,31.0
2026-06-02T06:10:34Z,5150M77207R2S,5150M,,SCHEDULED,660,11.0
2026-06-02T06:10:34Z,5150M77209R2S,5150M,,SCHEDULED,180,3.0
2026-06-02T06:10:34Z,5150M77311R3,5150M,,SCHEDULED,480,8.0
2026-06-02T06:10:34Z,5150M77211R2S,5150M,,SCHEDULED,-60,-1.0
2026-06-02T06:10:34Z,6050M26016C2,6050M,,SCHEDULED,120,2.0
2026-06-02T06:10:34Z,6050M71506C4,6050M,,SCHEDULED,180,3.0
2026-06-02T06:10:34Z,6150M32703C1,6150M,,SCHEDULED,120,2.0
2026-06-02T06:10:34Z,6250M35916C1,6250M,,SCHEDULED,120,2.0
2026-06-02T06:10:34Z,4150M84902C2,4150M,,SCHEDULED,3000,50.0
2026-06-02T06:10:34Z,1050M21517C2,1050M,,SCHEDULED,360,6.0
2026-06-02T06:10:34Z,1050M20427C4b,1050M,,SCHEDULED,780,13.0
2026-06-02T06:10:34Z,1050M20425C4b,1050M,,SCHEDULED,900,15.0
2026-06-02T06:10:34Z,1050M21513C2,1050M,,SCHEDULED,600,10.0
2026-06-02T06:10:34Z,1050M20236C4a,1050M,,SCHEDULED,360,6.0
2026-06-02T06:10:34Z,1050M21600C2,1050M,,SCHEDULED,180,3.0
2026-06-02T06:10:34Z,1050M20234C4a,1050M,,SCHEDULED,480,8.0
2026-06-02T06:10:34Z,1050M20232C4a,1050M,,SCHEDULED,420,7.0
2026-06-02T06:10:34Z,1050M20231C4a,1050M,,SCHEDULED,360,6.0
2026-06-02T06:10:34Z,1050M21607C2,1050M,,SCHEDULED,180,3.0
2026-06-02T06:10:34Z,1050M19540C5,1050M,,SCHEDULED,660,11.0
2026-06-02T06:10:34Z,1050M21186C10,1050M,,SCHEDULED,420,7.0
2026-06-02T06:10:34Z,1050M21108C10,1050M,,SCHEDULED,540,9.0
2026-06-02T06:10:34Z,1050M21182C10,1050M,,SCHEDULED,720,12.0
2026-06-02T06:10:34Z,1050M20423C4b,1050M,,SCHEDULED,1020,17.0
2026-06-02T06:10:34Z,1050M20422C4b,1050M,,SCHEDULED,240,4.0
2026-06-02T06:10:34Z,1050M19556C5,1050M,,SCHEDULED,300,5.0
2026-06-02T06:10:34Z,1050M20420C4b,1050M,,SCHEDULED,420,7.0
2026-06-02T06:10:34Z,1050M19550C5,1050M,,SCHEDULED,420,7.0
2026-06-02T06:10:34Z,1050M21110C10,1050M,,SCHEDULED,480,8.0
2026-06-02T06:10:34Z,1050M21519C2,1050M,,SCHEDULED,-120,-2.0
2026-06-02T06:10:34Z,1050M20429C4b,1050M,,SCHEDULED,480,8.0
2026-06-02T06:10:34Z,1050M20764C5,1050M,,SCHEDULED,120,2.0
2026-06-02T06:10:34Z,1050M78131C3,1050M,,SCHEDULED,360,6.0
2026-06-02T06:10:34Z,1050M19564C5,1050M,,SCHEDULED,180,3.0
2026-06-02T06:10:34Z,1050M19563C5,1050M,,SCHEDULED,300,5.0
2026-06-02T06:10:34Z,1050M19819C1,1050M,,SCHEDULED,120,2.0
2026-06-02T06:10:34Z,1050M78016C3,1050M,,SCHEDULED,780,13.0
2026-06-02T06:10:34Z,1050M19560C5,1050M,,SCHEDULED,180,3.0
2026-06-02T06:10:34Z,1050M78018C3,1050M,,SCHEDULED,600,10.0
2026-06-02T06:10:34Z,1050M21008C8a,1050M,,SCHEDULED,120,2.0
2026-06-02T06:10:34Z,1050M21007C8a,1050M,,SCHEDULED,120,2.0
2026-06-02T06:10:34Z,1050M35017C4,1050M,,SCHEDULED,120,2.0
2026-06-02T06:10:34Z,1050M20759C5,1050M,,CANCELED,,
2026-06-02T06:10:34Z,1050M20758C5,1050M,,SCHEDULED,120,2.0
2026-06-02T06:10:34Z,1050M19569C5,1050M,,SCHEDULED,240,4.0
2026-06-02T06:10:34Z,1050M21604C2,1050M,,SCHEDULED,240,4.0
2026-06-02T06:10:34Z,1050M21208C10,1050M,,SCHEDULED,300,5.0
2026-06-02T06:10:34Z,1050M78020C3,1050M,,SCHEDULED,120,2.0
2026-06-02T06:10:34Z,1050M19573C5,1050M,,SCHEDULED,180,3.0
2026-06-02T06:10:34Z,1050M21817C7,1050M,,SCHEDULED,360,6.0
2026-06-02T06:10:34Z,1050M21602C2,1050M,,SCHEDULED,240,4.0
2026-06-02T06:10:34Z,1050M20606C8b,1050M,,SCHEDULED,240,4.0
2026-06-02T06:10:34Z,1050M20727C5,1050M,,SCHEDULED,660,11.0
2026-06-02T06:10:34Z,1050M21206C10,1050M,,SCHEDULED,60,1.0
2026-06-02T06:10:34Z,1050M20605C8b,1050M,,SCHEDULED,540,9.0
2026-06-02T06:10:34Z,1050M21815C7,1050M,,SCHEDULED,240,4.0
2026-06-02T06:10:34Z,1050M20754C5,1050M,,SCHEDULED,360,6.0
2026-06-02T06:10:34Z,1050M19570C5,1050M,,SCHEDULED,180,3.0
2026-06-02T06:10:34Z,1050M35977C2,1050M,,SCHEDULED,420,7.0
2026-06-02T06:10:34Z,1050M78023C3,1050M,,SCHEDULED,240,4.0
2026-06-02T06:10:34Z,1050M20731C5,1050M,,SCHEDULED,240,4.0
2026-06-02T06:10:34Z,1050M21808C7,1050M,,SCHEDULED,180,3.0
2026-06-02T06:10:34Z,1050M20739C5,1050M,,SCHEDULED,300,5.0
2026-06-02T06:10:34Z,1050M20737C5,1050M,,SCHEDULED,360,6.0
2026-06-02T06:10:34Z,1050M21309C10,1050M,,SCHEDULED,780,13.0
2026-06-02T06:10:34Z,1050M19544C5,1050M,,SCHEDULED,660,11.0
2026-06-02T06:10:34Z,1050M20734C5,1050M,,SCHEDULED,660,11.0
2026-06-02T06:10:34Z,1050M21821C7,1050M,,SCHEDULED,-60,-1.0
2026-06-02T06:10:34Z,1050M21819C7,1050M,,SCHEDULED,300,5.0
2026-06-02T06:10:34Z,1050M20225C4a,1050M,,SCHEDULED,360,6.0
2026-06-02T06:10:34Z,1050M20740C5,1050M,,SCHEDULED,600,10.0
2026-06-02T06:10:34Z,1050M20223C4a,1050M,,SCHEDULED,720,12.0
2026-06-02T06:10:34Z,1050M21311C10,1050M,,SCHEDULED,180,3.0
2026-06-02T06:10:34Z,1050M20748C5,1050M,,SCHEDULED,360,6.0
2026-06-02T06:10:34Z,1050M20228C4a,1050M,,SCHEDULED,3060,51.0
2026-06-02T06:10:34Z,1050M20745C5,1050M,,SCHEDULED,300,5.0
2026-06-02T06:10:34Z,1050M20227C4a,1050M,,SCHEDULED,840,14.0
2026-06-02T06:10:34Z,1050M21006C8a,1050M,,SCHEDULED,240,4.0
2026-06-02T06:10:34Z,1050M20433C4b,1050M,,SCHEDULED,300,5.0
2026-06-02T06:10:34Z,1050M21522C2,1050M,,SCHEDULED,180,3.0
2026-06-02T06:10:34Z,1050M19565C5,1050M,,SCHEDULED,360,6.0
2026-06-02T06:15:34Z,3050M23512C1,3050M,,SCHEDULED,420,7.0
2026-06-02T06:15:34Z,3050M23518C1,3050M,,SCHEDULED,360,6.0
2026-06-02T06:15:34Z,3150M23425T1,3150M,,SCHEDULED,60,1.0
2026-06-02T06:15:34Z,3150M23204C1,3150M,,SCHEDULED,60,1.0
2026-06-02T06:15:34Z,3250M23310C1,3250M,,SCHEDULED,120,2.0
2026-06-02T06:15:34Z,4050M33718C6,4050M,,SCHEDULED,1140,19.0
2026-06-02T06:15:34Z,5150M77406R4,5150M,,SCHEDULED,240,4.0
2026-06-02T06:15:34Z,5150M77408R4,5150M,,SCHEDULED,300,5.0
2026-06-02T06:15:34Z,5150M77410R4,5150M,,SCHEDULED,480,8.0
2026-06-02T06:15:34Z,5150M25709R1,5150M,,SCHEDULED,180,3.0
2026-06-02T06:15:34Z,5150M77210R2S,5150M,,SCHEDULED,300,5.0
2026-06-02T06:15:34Z,5150M25616R1,5150M,,SCHEDULED,240,4.0
2026-06-02T06:15:34Z,5150M18121R16,5150M,,SCHEDULED,420,7.0
2026-06-02T06:15:34Z,5150M28412R2N,5150M,,SCHEDULED,240,4.0
2026-06-02T06:15:34Z,5150M77710R4,5150M,,SCHEDULED,1740,29.0
2026-06-02T06:15:34Z,5150M28564R2,5150M,,SCHEDULED,360,6.0
2026-06-02T06:15:34Z,5150M25620R1,5150M,,SCHEDULED,240,4.0
2026-06-02T06:15:34Z,5150M25716R1,5150M,,SCHEDULED,180,3.0
2026-06-02T06:15:34Z,5150M28478R2,5150M,,SCHEDULED,60,1.0
2026-06-02T06:15:34Z,5150M78208R2S,5150M,,SCHEDULED,300,5.0
2026-06-02T06:15:34Z,5150M25713R1,5150M,,SCHEDULED,120,2.0
2026-06-02T06:15:34Z,5150M77982R4,5150M,,SCHEDULED,1680,28.0
2026-06-02T06:15:34Z,5150M77986R4,5150M,,SCHEDULED,960,16.0
2026-06-02T06:15:34Z,5150M25607R1,5150M,,SCHEDULED,240,4.0
2026-06-02T06:15:34Z,5150M25609R1,5150M,,SCHEDULED,120,2.0
2026-06-02T06:15:34Z,5150M15001R15,5150M,,SCHEDULED,120,2.0
2026-06-02T06:15:34Z,6050M26014C2,6050M,,SCHEDULED,60,1.0
2026-06-02T06:15:34Z,6050M71507C4,6050M,,SCHEDULED,420,7.0
2026-06-02T06:15:34Z,6050M71570C4,6050M,,SCHEDULED,420,7.0
2026-06-02T06:15:34Z,6050M26015C2,6050M,,SCHEDULED,120,2.0
2026-06-02T06:15:34Z,6250M35917C1,6250M,,SCHEDULED,480,8.0
2026-06-02T06:15:34Z,4150M84902C2,4150M,,SCHEDULED,3300,55.0
2026-06-02T06:15:34Z,1050M21186C10,1050M,,SCHEDULED,600,10.0
2026-06-02T06:15:34Z,1050M20418C4b,1050M,,SCHEDULED,180,3.0
2026-06-02T06:15:34Z,1050M21108C10,1050M,,SCHEDULED,480,8.0
2026-06-02T06:15:34Z,1050M21182C10,1050M,,SCHEDULED,840,14.0
2026-06-02T06:15:34Z,1050M19565C5,1050M,,SCHEDULED,420,7.0
2026-06-02T06:15:34Z,1050M20423C4b,1050M,,SCHEDULED,1020,17.0
2026-06-02T06:15:34Z,1050M20422C4b,1050M,,SCHEDULED,300,5.0
2026-06-02T06:15:34Z,1050M19564C5,1050M,,SCHEDULED,240,4.0
2026-06-02T06:15:34Z,1050M19556C5,1050M,,SCHEDULED,240,4.0
2026-06-02T06:15:34Z,1050M20420C4b,1050M,,SCHEDULED,240,4.0
2026-06-02T06:15:34Z,1050M19563C5,1050M,,SCHEDULED,420,7.0
2026-06-02T06:15:34Z,1050M21112C10,1050M,,SCHEDULED,60,1.0
2026-06-02T06:15:34Z,1050M19550C5,1050M,,SCHEDULED,420,7.0
2026-06-02T06:15:34Z,1050M21806C7,1050M,,SCHEDULED,120,2.0
2026-06-02T06:15:34Z,1050M21110C10,1050M,,SCHEDULED,600,10.0
2026-06-02T06:15:34Z,1050M21519C2,1050M,,SCHEDULED,-120,-2.0
2026-06-02T06:15:34Z,1050M19560C5,1050M,,SCHEDULED,60,1.0
2026-06-02T06:15:34Z,1050M20429C4b,1050M,,SCHEDULED,540,9.0
2026-06-02T06:15:34Z,1050M21517C2,1050M,,SCHEDULED,420,7.0
2026-06-02T06:15:34Z,1050M20427C4b,1050M,,SCHEDULED,720,12.0
2026-06-02T06:15:34Z,1050M21007C8a,1050M,,SCHEDULED,360,6.0
2026-06-02T06:15:34Z,1050M20425C4b,1050M,,SCHEDULED,960,16.0
2026-06-02T06:15:34Z,1050M35017C4,1050M,,SCHEDULED,240,4.0
2026-06-02T06:15:34Z,1050M20424C4b,1050M,,SCHEDULED,60,1.0
2026-06-02T06:15:34Z,1050M21513C2,1050M,,SCHEDULED,480,8.0
2026-06-02T06:15:34Z,1050M35983C2,1050M,,SCHEDULED,60,1.0
2026-06-02T06:15:34Z,1050M20236C4a,1050M,,SCHEDULED,600,10.0
2026-06-02T06:15:34Z,1050M21600C2,1050M,,SCHEDULED,300,5.0
2026-06-02T06:15:34Z,1050M19569C5,1050M,,SCHEDULED,300,5.0
2026-06-02T06:15:34Z,1050M20234C4a,1050M,,SCHEDULED,600,10.0
2026-06-02T06:15:34Z,1050M20233C4a,1050M,,SCHEDULED,180,3.0
2026-06-02T06:15:34Z,1050M20232C4a,1050M,,SCHEDULED,360,6.0
2026-06-02T06:15:34Z,1050M19573C5,1050M,,SCHEDULED,60,1.0
2026-06-02T06:15:34Z,1050M20759C5,1050M,,CANCELED,,
2026-06-02T06:15:34Z,1050M20758C5,1050M,,SCHEDULED,240,4.0
2026-06-02T06:15:34Z,1050M19574C5,1050M,,SCHEDULED,180,3.0
2026-06-02T06:15:34Z,1050M21604C2,1050M,,SCHEDULED,240,4.0
2026-06-02T06:15:34Z,1050M21817C7,1050M,,SCHEDULED,300,5.0
2026-06-02T06:15:34Z,1050M20606C8b,1050M,,SCHEDULED,240,4.0
2026-06-02T06:15:34Z,1050M20727C5,1050M,,SCHEDULED,600,10.0
2026-06-02T06:15:34Z,1050M20605C8b,1050M,,SCHEDULED,420,7.0
2026-06-02T06:15:34Z,1050M21815C7,1050M,,SCHEDULED,240,4.0
2026-06-02T06:15:34Z,1050M78020C3,1050M,,SCHEDULED,360,6.0
2026-06-02T06:15:34Z,1050M21723C2,1050M,,SCHEDULED,60,1.0
2026-06-02T06:15:34Z,1050M21808C7,1050M,,SCHEDULED,60,1.0
2026-06-02T06:15:34Z,1050M19544C5,1050M,,SCHEDULED,660,11.0
2026-06-02T06:15:34Z,1050M21602C2,1050M,,SCHEDULED,120,2.0
2026-06-02T06:15:34Z,1050M19821C1,1050M,,SCHEDULED,60,1.0
2026-06-02T06:15:34Z,1050M21206C10,1050M,,SCHEDULED,120,2.0
2026-06-02T06:15:34Z,1050M20731C5,1050M,,SCHEDULED,420,7.0
2026-06-02T06:15:34Z,1050M20739C5,1050M,,SCHEDULED,180,3.0
2026-06-02T06:15:34Z,1050M20737C5,1050M,,SCHEDULED,480,8.0
2026-06-02T06:15:34Z,1050M20754C5,1050M,,SCHEDULED,360,6.0
2026-06-02T06:15:34Z,1050M20734C5,1050M,,SCHEDULED,600,10.0
2026-06-02T06:15:34Z,1050M78024C3,1050M,,SCHEDULED,60,1.0
2026-06-02T06:15:34Z,1050M21821C7,1050M,,SCHEDULED,60,1.0
2026-06-02T06:15:34Z,1050M35977C2,1050M,,SCHEDULED,720,12.0
2026-06-02T06:15:34Z,1050M21819C7,1050M,,SCHEDULED,360,6.0
2026-06-02T06:15:34Z,1050M20225C4a,1050M,,SCHEDULED,420,7.0
2026-06-02T06:15:34Z,1050M78023C3,1050M,,SCHEDULED,240,4.0
2026-06-02T06:15:34Z,1050M20740C5,1050M,,SCHEDULED,480,8.0
2026-06-02T06:15:34Z,1050M78025C3,1050M,,SCHEDULED,60,1.0
2026-06-02T06:15:34Z,1050M20223C4a,1050M,,SCHEDULED,900,15.0
2026-06-02T06:15:34Z,1050M21311C10,1050M,,SCHEDULED,120,2.0
2026-06-02T06:15:34Z,1050M20748C5,1050M,,SCHEDULED,420,7.0
2026-06-02T06:15:34Z,1050M21719C2,1050M,,SCHEDULED,360,6.0
2026-06-02T06:15:34Z,1050M20764C5,1050M,,SCHEDULED,240,4.0
2026-06-02T06:15:34Z,1050M20228C4a,1050M,,SCHEDULED,3360,56.0
2026-06-02T06:15:34Z,1050M20745C5,1050M,,SCHEDULED,180,3.0
2026-06-02T06:15:34Z,1050M20227C4a,1050M,,SCHEDULED,600,10.0
2026-06-02T06:15:34Z,1050M20433C4b,1050M,,SCHEDULED,300,5.0
2026-06-02T06:15:34Z,1050M21522C2,1050M,,SCHEDULED,120,2.0
2026-06-02T06:15:34Z,1050M78019C3,1050M,,SCHEDULED,600,10.0
2026-06-02T06:15:34Z,1050M78018C3,1050M,,SCHEDULED,540,9.0
2026-06-02T06:20:36Z,3050M23515C1,3050M,,SCHEDULED,600,10.0
2026-06-02T06:20:36Z,3050M23609C4,3050M,,SCHEDULED,60,1.0
2026-06-02T06:20:36Z,3050M23518C1,3050M,,SCHEDULED,540,9.0
2026-06-02T06:20:36Z,3050M23513C1,3050M,,SCHEDULED,840,14.0
2026-06-02T06:20:36Z,3150M23206C1,3150M,,SCHEDULED,120,2.0
2026-06-02T06:20:36Z,4050M33718C6,4050M,,SCHEDULED,1380,23.0
2026-06-02T06:20:36Z,4050M24311C6,4050M,,SCHEDULED,-60,-1.0
2026-06-02T06:20:36Z,5150M25406R2N,5150M,,SCHEDULED,420,7.0
2026-06-02T06:20:36Z,5150M77410R4,5150M,,SCHEDULED,480,8.0
2026-06-02T06:20:36Z,5150M77212R2S,5150M,,SCHEDULED,120,2.0
2026-06-02T06:20:36Z,5150M28476R2,5150M,,SCHEDULED,540,9.0
2026-06-02T06:20:36Z,5150M78804R11,5150M,,SCHEDULED,360,6.0
2026-06-02T06:20:36Z,5150M25716R1,5150M,,SCHEDULED,300,5.0
2026-06-02T06:20:36Z,5150M25616R1,5150M,,SCHEDULED,180,3.0
2026-06-02T06:20:36Z,5150M25711R1,5150M,,SCHEDULED,540,9.0
2026-06-02T06:20:36Z,5150M28564R2,5150M,,SCHEDULED,360,6.0
2026-06-02T06:20:36Z,5150M77207R2S,5150M,,SCHEDULED,840,14.0
2026-06-02T06:20:36Z,5150M77406R4,5150M,,SCHEDULED,180,3.0
2026-06-02T06:20:36Z,5150M77209R2S,5150M,,SCHEDULED,240,4.0
2026-06-02T06:20:36Z,5150M77982R4,5150M,,SCHEDULED,1620,27.0
2026-06-02T06:20:36Z,5150M77606R4,5150M,,SCHEDULED,120,2.0
2026-06-02T06:20:36Z,5150M77311R3,5150M,,SCHEDULED,900,15.0
2026-06-02T06:20:36Z,5150M78290R2,5150M,,SCHEDULED,360,6.0
2026-06-02T06:20:36Z,5150M25609R1,5150M,,SCHEDULED,180,3.0
2026-06-02T06:20:36Z,5150M25709R1,5150M,,SCHEDULED,120,2.0
2026-06-02T06:20:36Z,5150M25620R1,5150M,,SCHEDULED,360,6.0
2026-06-02T06:20:36Z,5150M78286R2N,5150M,,SCHEDULED,120,2.0
2026-06-02T06:20:36Z,5150M77710R4,5150M,,SCHEDULED,1800,30.0
2026-06-02T06:20:36Z,5150M77712R4,5150M,,SCHEDULED,960,16.0
2026-06-02T06:20:36Z,5150M77318R3,5150M,,SCHEDULED,60,1.0
2026-06-02T06:20:36Z,5150M78209R2S,5150M,,SCHEDULED,180,3.0
2026-06-02T06:20:36Z,6050M26606C3,6050M,,SCHEDULED,-60,-1.0
2026-06-02T06:20:36Z,6050M26513C3,6050M,,SCHEDULED,60,1.0
2026-06-02T06:20:36Z,4750M71090C1,4750M,,SCHEDULED,720,12.0
2026-06-02T06:20:36Z,4150M84902C2,4150M,,SCHEDULED,3600,60.0
2026-06-02T06:20:36Z,1050M21186C10,1050M,,SCHEDULED,420,7.0
2026-06-02T06:20:36Z,1050M20418C4b,1050M,,SCHEDULED,240,4.0
2026-06-02T06:20:36Z,1050M21108C10,1050M,,SCHEDULED,600,10.0
2026-06-02T06:20:36Z,1050M21182C10,1050M,,SCHEDULED,900,15.0
2026-06-02T06:20:36Z,1050M20423C4b,1050M,,SCHEDULED,720,12.0
2026-06-02T06:20:36Z,1050M20422C4b,1050M,,SCHEDULED,540,9.0
2026-06-02T06:20:36Z,1050M19556C5,1050M,,SCHEDULED,300,5.0
2026-06-02T06:20:36Z,1050M21112C10,1050M,,SCHEDULED,240,4.0
2026-06-02T06:20:36Z,1050M19550C5,1050M,,SCHEDULED,360,6.0
2026-06-02T06:20:36Z,1050M21110C10,1050M,,SCHEDULED,720,12.0
2026-06-02T06:20:36Z,1050M21519C2,1050M,,SCHEDULED,-120,-2.0
2026-06-02T06:20:36Z,1050M20429C4b,1050M,,SCHEDULED,600,10.0
2026-06-02T06:20:36Z,1050M21517C2,1050M,,SCHEDULED,360,6.0
2026-06-02T06:20:36Z,1050M20427C4b,1050M,,SCHEDULED,720,12.0
2026-06-02T06:20:36Z,1050M20425C4b,1050M,,SCHEDULED,960,16.0
2026-06-02T06:20:36Z,1050M21513C2,1050M,,SCHEDULED,600,10.0
2026-06-02T06:20:36Z,1050M35983C2,1050M,,SCHEDULED,480,8.0
2026-06-02T06:20:36Z,1050M35982C2,1050M,,SCHEDULED,600,10.0
2026-06-02T06:20:36Z,1050M20236C4a,1050M,,SCHEDULED,720,12.0
2026-06-02T06:20:36Z,1050M21600C2,1050M,,SCHEDULED,420,7.0
2026-06-02T06:20:36Z,1050M19564C5,1050M,,SCHEDULED,240,4.0
2026-06-02T06:20:36Z,1050M20234C4a,1050M,,SCHEDULED,240,4.0
2026-06-02T06:20:36Z,1050M20751C5,1050M,,SCHEDULED,60,1.0
2026-06-02T06:20:36Z,1050M19563C5,1050M,,SCHEDULED,480,8.0
2026-06-02T06:20:36Z,1050M20233C4a,1050M,,SCHEDULED,240,4.0
2026-06-02T06:20:36Z,1050M21806C7,1050M,,SCHEDULED,180,3.0
2026-06-02T06:20:36Z,1050M19560C5,1050M,,SCHEDULED,120,2.0
2026-06-02T06:20:36Z,1050M78025C3,1050M,,SCHEDULED,60,1.0
2026-06-02T06:20:36Z,1050M20435C4b,1050M,,SCHEDULED,60,1.0
2026-06-02T06:20:36Z,1050M21007C8a,1050M,,SCHEDULED,240,4.0
2026-06-02T06:20:36Z,1050M21719C2,1050M,,SCHEDULED,360,6.0
2026-06-02T06:20:36Z,1050M20764C5,1050M,,SCHEDULED,120,2.0
2026-06-02T06:20:36Z,1050M35017C4,1050M,,SCHEDULED,120,2.0
2026-06-02T06:20:36Z,1050M19569C5,1050M,,SCHEDULED,180,3.0
2026-06-02T06:20:36Z,1050M19579C5,1050M,,SCHEDULED,60,1.0
2026-06-02T06:20:36Z,1050M78019C3,1050M,,SCHEDULED,360,6.0
2026-06-02T06:20:36Z,1050M78018C3,1050M,,SCHEDULED,540,9.0
2026-06-02T06:20:36Z,1050M19573C5,1050M,,SCHEDULED,240,4.0
2026-06-02T06:20:36Z,1050M19574C5,1050M,,SCHEDULED,240,4.0
2026-06-02T06:20:36Z,1050M20230C4a,1050M,,SCHEDULED,120,2.0
2026-06-02T06:20:36Z,1050M20607C8b,1050M,,SCHEDULED,240,4.0
2026-06-02T06:20:36Z,1050M21817C7,1050M,,SCHEDULED,300,5.0
2026-06-02T06:20:36Z,1050M20606C8b,1050M,,SCHEDULED,360,6.0
2026-06-02T06:20:36Z,1050M20758C5,1050M,,SCHEDULED,240,4.0
2026-06-02T06:20:36Z,1050M20605C8b,1050M,,SCHEDULED,480,8.0
2026-06-02T06:20:36Z,1050M78020C3,1050M,,SCHEDULED,600,10.0
2026-06-02T06:20:36Z,1050M19570C5,1050M,,SCHEDULED,180,3.0
2026-06-02T06:20:36Z,1050M20238C4a,1050M,,SCHEDULED,60,1.0
2026-06-02T06:20:36Z,1050M21723C2,1050M,,SCHEDULED,180,3.0
2026-06-02T06:20:36Z,1050M78022C3,1050M,,SCHEDULED,120,2.0
2026-06-02T06:20:36Z,1050M21812C7,1050M,,SCHEDULED,60,1.0
2026-06-02T06:20:36Z,1050M21602C2,1050M,,SCHEDULED,60,1.0
2026-06-02T06:20:36Z,1050M21810C7,1050M,,SCHEDULED,180,3.0
2026-06-02T06:20:36Z,1050M21206C10,1050M,,SCHEDULED,240,4.0
2026-06-02T06:20:36Z,1050M21808C7,1050M,,SCHEDULED,60,1.0
2026-06-02T06:20:36Z,1050M20754C5,1050M,,SCHEDULED,240,4.0
2026-06-02T06:20:36Z,1050M19544C5,1050M,,SCHEDULED,780,13.0
2026-06-02T06:20:36Z,1050M35977C2,1050M,,SCHEDULED,720,12.0
2026-06-02T06:20:36Z,1050M78023C3,1050M,,SCHEDULED,60,1.0
2026-06-02T06:20:36Z,1050M19583C5,1050M,,SCHEDULED,60,1.0
2026-06-02T06:20:36Z,1050M20739C5,1050M,,SCHEDULED,300,5.0
2026-06-02T06:20:36Z,1050M20737C5,1050M,,SCHEDULED,480,8.0
2026-06-02T06:20:36Z,1050M21821C7,1050M,,SCHEDULED,60,1.0
2026-06-02T06:20:36Z,1050M21819C7,1050M,,SCHEDULED,360,6.0
2026-06-02T06:20:36Z,1050M20225C4a,1050M,,SCHEDULED,420,7.0
2026-06-02T06:20:36Z,1050M20740C5,1050M,,SCHEDULED,540,9.0
2026-06-02T06:20:36Z,1050M21311C10,1050M,,SCHEDULED,360,6.0
2026-06-02T06:20:36Z,1050M20748C5,1050M,,SCHEDULED,420,7.0
2026-06-02T06:20:36Z,1050M20229C4a,1050M,,SCHEDULED,720,12.0
2026-06-02T06:20:36Z,1050M20228C4a,1050M,,SCHEDULED,3660,61.0
2026-06-02T06:20:36Z,1050M20745C5,1050M,,SCHEDULED,360,6.0
2026-06-02T06:20:36Z,1050M21712C2,1050M,,SCHEDULED,360,6.0
2026-06-02T06:20:36Z,1050M20227C4a,1050M,,SCHEDULED,540,9.0
2026-06-02T06:20:36Z,1050M21522C2,1050M,,SCHEDULED,180,3.0
2026-06-02T06:20:36Z,1050M19565C5,1050M,,SCHEDULED,420,7.0
2026-06-02T06:25:28Z,3050M23515C1,3050M,,SCHEDULED,660,11.0
2026-06-02T06:25:28Z,3050M23003C2,3050M,,SCHEDULED,180,3.0
2026-06-02T06:25:28Z,3150M23209C1,3150M,,SCHEDULED,120,2.0
2026-06-02T06:25:28Z,4050M24015C2,4050M,,SCHEDULED,60,1.0
2026-06-02T06:25:28Z,5150M25709R1,5150M,,SCHEDULED,300,5.0
2026-06-02T06:25:28Z,5150M77210R2S,5150M,,SCHEDULED,480,8.0
2026-06-02T06:25:28Z,5150M28412R2N,5150M,,SCHEDULED,360,6.0
2026-06-02T06:25:28Z,5150M77412R4,5150M,,SCHEDULED,180,3.0
2026-06-02T06:25:28Z,5150M77318R3,5150M,,SCHEDULED,120,2.0
2026-06-02T06:25:28Z,5150M78290R2,5150M,,SCHEDULED,300,5.0
2026-06-02T06:25:28Z,5150M25716R1,5150M,,SCHEDULED,180,3.0
2026-06-02T06:25:28Z,5150M25613R1,5150M,,SCHEDULED,180,3.0
2026-06-02T06:25:28Z,5150M25615R1,5150M,,SCHEDULED,60,1.0
2026-06-02T06:25:28Z,5150M78210R2S,5150M,,SCHEDULED,-60,-1.0
2026-06-02T06:25:28Z,5150M25711R1,5150M,,SCHEDULED,540,9.0
2026-06-02T06:25:28Z,5150M35503R3,5150M,,SCHEDULED,1920,32.0
2026-06-02T06:25:28Z,5150M28564R2,5150M,,SCHEDULED,420,7.0
2026-06-02T06:25:28Z,5150M77404R4,5150M,,SCHEDULED,360,6.0
2026-06-02T06:25:28Z,5150M77406R4,5150M,,SCHEDULED,360,6.0
2026-06-02T06:25:28Z,5150M25620R1,5150M,,SCHEDULED,240,4.0
2026-06-02T06:25:28Z,5150M25406R2N,5150M,,SCHEDULED,420,7.0
2026-06-02T06:25:28Z,5150M77510R4,5150M,,SCHEDULED,60,1.0
2026-06-02T06:25:28Z,5150M77514R4,5150M,,SCHEDULED,360,6.0
2026-06-02T06:25:28Z,5150M78209R2S,5150M,,SCHEDULED,300,5.0
2026-06-02T06:25:28Z,5150M28470R2,5150M,,SCHEDULED,840,14.0
2026-06-02T06:25:28Z,5150M77322R3,5150M,,SCHEDULED,60,1.0
2026-06-02T06:25:28Z,5150M77207R2S,5150M,,SCHEDULED,840,14.0
2026-06-02T06:25:28Z,5150M77209R2S,5150M,,SCHEDULED,180,3.0
2026-06-02T06:25:28Z,5150M77606R4,5150M,,SCHEDULED,60,1.0
2026-06-02T06:25:28Z,5150M77608R4,5150M,,SCHEDULED,-60,-1.0
2026-06-02T06:25:28Z,5150M77982R4,5150M,,SCHEDULED,1800,30.0
2026-06-02T06:25:28Z,5150M25607R1,5150M,,SCHEDULED,180,3.0
2026-06-02T06:25:28Z,5150M25609R1,5150M,,SCHEDULED,180,3.0
2026-06-02T06:25:28Z,6050M71509C4,6050M,,SCHEDULED,300,5.0
2026-06-02T06:25:28Z,6050M26015C2,6050M,,SCHEDULED,300,5.0
2026-06-02T06:25:28Z,6250M71155C2,6250M,,SCHEDULED,120,2.0
2026-06-02T06:25:28Z,6250M71109C2,6250M,,SCHEDULED,240,4.0
2026-06-02T06:25:28Z,4750M71090C1,4750M,,SCHEDULED,720,12.0
2026-06-02T06:25:28Z,4750M71080C1,4750M,,SCHEDULED,3420,57.0
2026-06-02T06:25:28Z,4150M84902C2,4150M,,SCHEDULED,3900,65.0
2026-06-02T06:25:28Z,4550M71607C1,4550M,,SCHEDULED,300,5.0
2026-06-02T06:25:28Z,4550M71604C1,4550M,,SCHEDULED,300,5.0
2026-06-02T06:25:28Z,7050M31504C1,7050M,,SCHEDULED,1440,24.0
2026-06-02T06:25:28Z,1050M20418C4b,1050M,,SCHEDULED,360,6.0
2026-06-02T06:25:28Z,1050M21108C10,1050M,,SCHEDULED,600,10.0
2026-06-02T06:25:28Z,1050M19564C5,1050M,,SCHEDULED,300,5.0
2026-06-02T06:25:28Z,1050M19560C5,1050M,,SCHEDULED,120,2.0
2026-06-02T06:25:28Z,1050M20435C4b,1050M,,SCHEDULED,240,4.0
2026-06-02T06:25:28Z,1050M20422C4b,1050M,,SCHEDULED,360,6.0
2026-06-02T06:25:28Z,1050M21007C8a,1050M,,SCHEDULED,420,7.0
2026-06-02T06:25:28Z,1050M19569C5,1050M,,SCHEDULED,240,4.0
2026-06-02T06:25:28Z,1050M19556C5,1050M,,SCHEDULED,180,3.0
2026-06-02T06:25:28Z,1050M19576C5,1050M,,SCHEDULED,420,7.0
2026-06-02T06:25:28Z,1050M20420C4b,1050M,,SCHEDULED,240,4.0
2026-06-02T06:25:28Z,1050M19579C5,1050M,,SCHEDULED,120,2.0
2026-06-02T06:25:28Z,1050M21112C10,1050M,,SCHEDULED,120,2.0
2026-06-02T06:25:28Z,1050M19550C5,1050M,,SCHEDULED,300,5.0
2026-06-02T06:25:28Z,1050M19573C5,1050M,,SCHEDULED,180,3.0
2026-06-02T06:25:28Z,1050M21110C10,1050M,,SCHEDULED,540,9.0
2026-06-02T06:25:28Z,1050M21012C8a,1050M,,SCHEDULED,60,1.0
2026-06-02T06:25:28Z,1050M21519C2,1050M,,SCHEDULED,-120,-2.0
2026-06-02T06:25:28Z,1050M19574C5,1050M,,SCHEDULED,300,5.0
2026-06-02T06:25:28Z,1050M20607C8b,1050M,,SCHEDULED,300,5.0
2026-06-02T06:25:28Z,1050M20429C4b,1050M,,SCHEDULED,540,9.0
2026-06-02T06:25:28Z,1050M21817C7,1050M,,SCHEDULED,360,6.0
2026-06-02T06:25:28Z,1050M21517C2,1050M,,SCHEDULED,300,5.0
2026-06-02T06:25:28Z,1050M20605C8b,1050M,,SCHEDULED,600,10.0
2026-06-02T06:25:28Z,1050M20427C4b,1050M,,SCHEDULED,600,10.0
2026-06-02T06:25:28Z,1050M20426C4b,1050M,,SCHEDULED,180,3.0
2026-06-02T06:25:28Z,1050M20425C4b,1050M,,SCHEDULED,1140,19.0
2026-06-02T06:25:28Z,1050M21513C2,1050M,,SCHEDULED,540,9.0
2026-06-02T06:25:28Z,1050M19570C5,1050M,,SCHEDULED,180,3.0
2026-06-02T06:25:28Z,1050M35983C2,1050M,,SCHEDULED,360,6.0
2026-06-02T06:25:28Z,1050M21813C7,1050M,,SCHEDULED,660,11.0
2026-06-02T06:25:28Z,1050M21812C7,1050M,,SCHEDULED,120,2.0
2026-06-02T06:25:28Z,1050M20236C4a,1050M,,SCHEDULED,660,11.0
2026-06-02T06:25:28Z,1050M21600C2,1050M,,SCHEDULED,420,7.0
2026-06-02T06:25:28Z,1050M21810C7,1050M,,SCHEDULED,300,5.0
2026-06-02T06:25:28Z,1050M20235C4a,1050M,,SCHEDULED,300,5.0
2026-06-02T06:25:28Z,1050M21808C7,1050M,,SCHEDULED,120,2.0
2026-06-02T06:25:28Z,1050M20234C4a,1050M,,SCHEDULED,240,4.0
2026-06-02T06:25:28Z,1050M19544C5,1050M,,SCHEDULED,420,7.0
2026-06-02T06:25:28Z,1050M20751C5,1050M,,SCHEDULED,60,1.0
2026-06-02T06:25:28Z,1050M20233C4a,1050M,,SCHEDULED,120,2.0
2026-06-02T06:25:28Z,1050M20230C4a,1050M,,SCHEDULED,240,4.0
2026-06-02T06:25:28Z,1050M20758C5,1050M,,SCHEDULED,240,4.0
2026-06-02T06:25:28Z,1050M21604C2,1050M,,SCHEDULED,180,3.0
2026-06-02T06:25:28Z,1050M21186C10,1050M,,SCHEDULED,420,7.0
2026-06-02T06:25:28Z,1050M78020C3,1050M,,SCHEDULED,540,9.0
2026-06-02T06:25:28Z,1050M19587C5,1050M,,SCHEDULED,420,7.0
2026-06-02T06:25:28Z,1050M19583C5,1050M,,SCHEDULED,180,3.0
2026-06-02T06:25:28Z,1050M19580C5,1050M,,SCHEDULED,180,3.0
2026-06-02T06:25:28Z,1050M20739C5,1050M,,SCHEDULED,300,5.0
2026-06-02T06:25:28Z,1050M20737C5,1050M,,SCHEDULED,600,10.0
2026-06-02T06:25:28Z,1050M20238C4a,1050M,,SCHEDULED,360,6.0
2026-06-02T06:25:28Z,1050M21723C2,1050M,,SCHEDULED,240,4.0
2026-06-02T06:25:28Z,1050M21821C7,1050M,,SCHEDULED,120,2.0
2026-06-02T06:25:28Z,1050M78022C3,1050M,,SCHEDULED,420,7.0
2026-06-02T06:25:28Z,1050M21819C7,1050M,,SCHEDULED,240,4.0
2026-06-02T06:25:28Z,1050M21313C10,1050M,,SCHEDULED,540,9.0
2026-06-02T06:25:28Z,1050M20755C5,1050M,,SCHEDULED,60,1.0
2026-06-02T06:25:28Z,1050M21312C10,1050M,,SCHEDULED,180,3.0
2026-06-02T06:25:28Z,1050M20740C5,1050M,,SCHEDULED,600,10.0
2026-06-02T06:25:28Z,1050M21206C10,1050M,,SCHEDULED,120,2.0
2026-06-02T06:25:28Z,1050M21311C10,1050M,,SCHEDULED,420,7.0
2026-06-02T06:25:28Z,1050M20754C5,1050M,,SCHEDULED,360,6.0
2026-06-02T06:25:28Z,1050M78024C3,1050M,,SCHEDULED,180,3.0
2026-06-02T06:25:28Z,1050M20748C5,1050M,,SCHEDULED,360,6.0
2026-06-02T06:25:28Z,1050M35977C2,1050M,,SCHEDULED,720,12.0
2026-06-02T06:25:28Z,1050M20229C4a,1050M,,SCHEDULED,480,8.0
2026-06-02T06:25:28Z,1050M20745C5,1050M,,SCHEDULED,360,6.0
2026-06-02T06:25:28Z,1050M78025C3,1050M,,SCHEDULED,240,4.0
2026-06-02T06:25:28Z,1050M21712C2,1050M,,SCHEDULED,300,5.0
2026-06-02T06:25:28Z,1050M20227C4a,1050M,,SCHEDULED,840,14.0
2026-06-02T06:25:28Z,1050M21522C2,1050M,,SCHEDULED,120,2.0
2026-06-02T06:25:28Z,1050M19565C5,1050M,,SCHEDULED,300,5.0
2026-06-02T06:25:28Z,1050M20431C4b,1050M,,SCHEDULED,660,11.0
2026-06-02T06:25:28Z,1050M21719C2,1050M,,SCHEDULED,420,7.0
2026-06-02T06:25:28Z,1050M20764C5,1050M,,SCHEDULED,240,4.0
2026-06-02T06:25:28Z,1050M20240C4a,1050M,,SCHEDULED,-60,-1.0
2026-06-02T06:25:28Z,1050M78135C3,1050M,,SCHEDULED,300,5.0
2026-06-02T06:25:28Z,1050M78019C3,1050M,,SCHEDULED,600,10.0
2026-06-02T06:25:28Z,1050M21609C2,1050M,,SCHEDULED,180,3.0
2026-06-02T06:25:28Z,1050M19818C1,1050M,,SCHEDULED,300,5.0
2026-06-02T06:30:45Z,3050M23516C1,3050M,,SCHEDULED,180,3.0
2026-06-02T06:30:45Z,3050M23609C4,3050M,,SCHEDULED,1980,33.0
2026-06-02T06:30:45Z,3050M23512C1,3050M,,SCHEDULED,660,11.0
2026-06-02T06:30:45Z,3150M23425T1,3150M,,SCHEDULED,60,1.0
2026-06-02T06:30:45Z,3250M23317C1,3250M,,SCHEDULED,-60,-1.0
2026-06-02T06:30:45Z,4050M76212C1,4050M,,SCHEDULED,60,1.0
2026-06-02T06:30:45Z,4050M24011C2,4050M,,SCHEDULED,300,5.0
2026-06-02T06:30:45Z,4050M24013C2,4050M,,SCHEDULED,120,2.0
2026-06-02T06:30:45Z,4050M24015C2,4050M,,SCHEDULED,-60,-1.0
2026-06-02T06:30:45Z,5150M77406R4,5150M,,SCHEDULED,480,8.0
2026-06-02T06:30:45Z,5150M25709R1,5150M,,SCHEDULED,180,3.0
2026-06-02T06:30:45Z,5150M28412R2N,5150M,,SCHEDULED,300,5.0
2026-06-02T06:30:45Z,5150M77714R4,5150M,,SCHEDULED,780,13.0
2026-06-02T06:30:45Z,5150M25715R1,5150M,,SCHEDULED,120,2.0
2026-06-02T06:30:45Z,5150M77412R4,5150M,,SCHEDULED,180,3.0
2026-06-02T06:30:45Z,5150M25718R1,5150M,,SCHEDULED,300,5.0
2026-06-02T06:30:45Z,5150M77212R2S,5150M,,SCHEDULED,240,4.0
2026-06-02T06:30:45Z,5150M25616R1,5150M,,SCHEDULED,240,4.0
2026-06-02T06:30:45Z,5150M25618R1,5150M,,SCHEDULED,240,4.0
2026-06-02T06:30:45Z,5150M18123R16,5150M,,SCHEDULED,120,2.0
2026-06-02T06:30:45Z,5150M25711R1,5150M,,SCHEDULED,540,9.0
2026-06-02T06:30:45Z,5150M25611R1,5150M,,SCHEDULED,60,1.0
2026-06-02T06:30:45Z,5150M25613R1,5150M,,SCHEDULED,240,4.0
2026-06-02T06:30:45Z,5150M28476R2,5150M,,SCHEDULED,540,9.0
2026-06-02T06:30:45Z,5150M25615R1,5150M,,SCHEDULED,60,1.0
2026-06-02T06:30:45Z,5150M77357R3,5150M,,SCHEDULED,240,4.0
2026-06-02T06:30:45Z,5150M77322R3,5150M,,SCHEDULED,60,1.0
2026-06-02T06:30:45Z,5150M77207R2S,5150M,,SCHEDULED,900,15.0
2026-06-02T06:30:45Z,5150M28560R2,5150M,,SCHEDULED,120,2.0
2026-06-02T06:30:45Z,5150M25713R1,5150M,,SCHEDULED,60,1.0
2026-06-02T06:30:45Z,5150M25408R2N,5150M,,SCHEDULED,360,6.0
2026-06-02T06:30:45Z,5150M77404R4,5150M,,SCHEDULED,240,4.0
2026-06-02T06:30:45Z,5150M28478R2,5150M,,SCHEDULED,120,2.0
2026-06-02T06:30:45Z,5150M77512R4,5150M,,SCHEDULED,1320,22.0
2026-06-02T06:30:45Z,5150M78208R2S,5150M,,SCHEDULED,360,6.0
2026-06-02T06:30:45Z,5150M78209R2S,5150M,,SCHEDULED,300,5.0
2026-06-02T06:30:45Z,5150M77982R4,5150M,,SCHEDULED,1800,30.0
2026-06-02T06:30:45Z,5150M77986R4,5150M,,SCHEDULED,1140,19.0
2026-06-02T06:30:45Z,6050M26019C2,6050M,,SCHEDULED,60,1.0
2026-06-02T06:30:45Z,6050M26514C3,6050M,,SCHEDULED,60,1.0
2026-06-02T06:30:45Z,6050M26117C1,6050M,,SCHEDULED,60,1.0
2026-06-02T06:30:45Z,6050M26017C2,6050M,,SCHEDULED,180,3.0
2026-06-02T06:30:45Z,6050M26016C2,6050M,,SCHEDULED,60,1.0
2026-06-02T06:30:45Z,6250M35917C1,6250M,,SCHEDULED,720,12.0
2026-06-02T06:30:45Z,4750M71090C1,4750M,,SCHEDULED,660,11.0
2026-06-02T06:30:45Z,4150M84902C2,4150M,,SCHEDULED,4200,70.0
2026-06-02T06:30:45Z,1050M20418C4b,1050M,,SCHEDULED,120,2.0
2026-06-02T06:30:45Z,1050M19823C1,1050M,,SCHEDULED,60,1.0
2026-06-02T06:30:45Z,1050M20422C4b,1050M,,SCHEDULED,540,9.0
2026-06-02T06:30:45Z,1050M19556C5,1050M,,SCHEDULED,180,3.0
2026-06-02T06:30:45Z,1050M20420C4b,1050M,,SCHEDULED,360,6.0
2026-06-02T06:30:45Z,1050M19550C5,1050M,,SCHEDULED,660,11.0
2026-06-02T06:30:45Z,1050M21110C10,1050M,,SCHEDULED,540,9.0
2026-06-02T06:30:45Z,1050M21519C2,1050M,,SCHEDULED,60,1.0
2026-06-02T06:30:45Z,1050M20429C4b,1050M,,SCHEDULED,540,9.0
2026-06-02T06:30:45Z,1050M20427C4b,1050M,,SCHEDULED,840,14.0
2026-06-02T06:30:45Z,1050M20426C4b,1050M,,SCHEDULED,600,10.0
2026-06-02T06:30:45Z,1050M20425C4b,1050M,,SCHEDULED,1080,18.0
2026-06-02T06:30:45Z,1050M21513C2,1050M,,SCHEDULED,720,12.0
2026-06-02T06:30:45Z,1050M35983C2,1050M,,SCHEDULED,480,8.0
2026-06-02T06:30:45Z,1050M20236C4a,1050M,,SCHEDULED,660,11.0
2026-06-02T06:30:45Z,1050M20235C4a,1050M,,SCHEDULED,300,5.0
2026-06-02T06:30:45Z,1050M20234C4a,1050M,,SCHEDULED,300,5.0
2026-06-02T06:30:45Z,1050M20751C5,1050M,,SCHEDULED,60,1.0
2026-06-02T06:30:45Z,1050M20232C4a,1050M,,SCHEDULED,180,3.0
2026-06-02T06:30:45Z,1050M78025C3,1050M,,SCHEDULED,180,3.0
2026-06-02T06:30:45Z,1050M78027C3,1050M,,SCHEDULED,360,6.0
2026-06-02T06:30:45Z,1050M21719C2,1050M,,SCHEDULED,480,8.0
2026-06-02T06:30:45Z,1050M20764C5,1050M,,SCHEDULED,240,4.0
2026-06-02T06:30:45Z,1050M20240C4a,1050M,,SCHEDULED,-60,-1.0
2026-06-02T06:30:45Z,1050M78133C3,1050M,,SCHEDULED,180,3.0
2026-06-02T06:30:45Z,1050M78135C3,1050M,,SCHEDULED,240,4.0
2026-06-02T06:30:45Z,1050M19564C5,1050M,,SCHEDULED,240,4.0
2026-06-02T06:30:45Z,1050M21609C2,1050M,,SCHEDULED,240,4.0
2026-06-02T06:30:45Z,1050M19560C5,1050M,,SCHEDULED,120,2.0
2026-06-02T06:30:45Z,1050M19818C1,1050M,,SCHEDULED,300,5.0
2026-06-02T06:30:45Z,1050M20231C4a,1050M,,SCHEDULED,720,12.0
2026-06-02T06:30:45Z,1050M20230C4a,1050M,,SCHEDULED,300,5.0
2026-06-02T06:30:45Z,1050M20437C4,1050M,,SCHEDULED,60,1.0
2026-06-02T06:30:45Z,1050M20758C5,1050M,,SCHEDULED,240,4.0
2026-06-02T06:30:45Z,1050M20435C4b,1050M,,SCHEDULED,120,2.0
2026-06-02T06:30:45Z,1050M21604C2,1050M,,SCHEDULED,60,1.0
2026-06-02T06:30:45Z,1050M21007C8a,1050M,,SCHEDULED,300,5.0
2026-06-02T06:30:45Z,1050M21208C10,1050M,,SCHEDULED,240,4.0
2026-06-02T06:30:45Z,1050M78020C3,1050M,,SCHEDULED,480,8.0
2026-06-02T06:30:45Z,1050M21206C10,1050M,,SCHEDULED,240,4.0
2026-06-02T06:30:45Z,1050M19569C5,1050M,,SCHEDULED,180,3.0
2026-06-02T06:30:45Z,1050M20238C4a,1050M,,SCHEDULED,300,5.0
2026-06-02T06:30:45Z,1050M21723C2,1050M,,SCHEDULED,420,7.0
2026-06-02T06:30:45Z,1050M19576C5,1050M,,SCHEDULED,600,10.0
2026-06-02T06:30:45Z,1050M78022C3,1050M,,SCHEDULED,660,11.0
2026-06-02T06:30:45Z,1050M20754C5,1050M,,SCHEDULED,420,7.0
2026-06-02T06:30:45Z,1050M19573C5,1050M,,SCHEDULED,180,3.0
2026-06-02T06:30:45Z,1050M21012C8a,1050M,,SCHEDULED,60,1.0
2026-06-02T06:30:45Z,1050M78026C3,1050M,,SCHEDULED,120,2.0
2026-06-02T06:30:45Z,1050M19574C5,1050M,,SCHEDULED,180,3.0
2026-06-02T06:30:45Z,1050M19587C5,1050M,,SCHEDULED,300,5.0
2026-06-02T06:30:45Z,1050M19583C5,1050M,,SCHEDULED,120,2.0
2026-06-02T06:30:45Z,1050M21817C7,1050M,,SCHEDULED,240,4.0
2026-06-02T06:30:45Z,1050M19580C5,1050M,,SCHEDULED,240,4.0
2026-06-02T06:30:45Z,1050M20739C5,1050M,,SCHEDULED,480,8.0
2026-06-02T06:30:45Z,1050M20737C5,1050M,,SCHEDULED,300,5.0
2026-06-02T06:30:45Z,1050M21819C7,1050M,,SCHEDULED,300,5.0
2026-06-02T06:30:45Z,1050M21313C10,1050M,,SCHEDULED,840,14.0
2026-06-02T06:30:45Z,1050M21813C7,1050M,,SCHEDULED,600,10.0
2026-06-02T06:30:45Z,1050M21312C10,1050M,,SCHEDULED,360,6.0
2026-06-02T06:30:45Z,1050M21812C7,1050M,,SCHEDULED,240,4.0
2026-06-02T06:30:45Z,1050M21810C7,1050M,,SCHEDULED,480,8.0
2026-06-02T06:30:45Z,1050M21311C10,1050M,,SCHEDULED,420,7.0
2026-06-02T06:30:45Z,1050M19591C5,1050M,,SCHEDULED,60,1.0
2026-06-02T06:30:45Z,1050M21808C7,1050M,,SCHEDULED,60,1.0
2026-06-02T06:30:45Z,1050M20748C5,1050M,,SCHEDULED,600,10.0
2026-06-02T06:30:45Z,1050M20229C4a,1050M,,SCHEDULED,480,8.0
2026-06-02T06:30:45Z,1050M20772C5,1050M,,SCHEDULED,120,2.0
2026-06-02T06:30:45Z,1050M20745C5,1050M,,SCHEDULED,360,6.0
2026-06-02T06:30:45Z,1050M20227C4a,1050M,,SCHEDULED,600,10.0
2026-06-02T06:30:45Z,1050M21186C10,1050M,,SCHEDULED,540,9.0
2026-06-02T06:30:45Z,1050M21523C2,1050M,,SCHEDULED,-60,-1.0
2026-06-02T06:30:45Z,1050M20433C4b,1050M,,SCHEDULED,360,6.0
2026-06-02T06:30:45Z,1050M21522C2,1050M,,SCHEDULED,180,3.0
2026-06-02T06:30:45Z,1050M19565C5,1050M,,SCHEDULED,480,8.0
2026-06-02T06:30:45Z,1050M20431C4b,1050M,,SCHEDULED,480,8.0
2026-06-02T06:35:27Z,3050M23518C1,3050M,,SCHEDULED,600,10.0
2026-06-02T06:35:27Z,3050M23513C1,3050M,,SCHEDULED,900,15.0
2026-06-02T06:35:27Z,3050M23611C4,3050M,,SCHEDULED,1740,29.0
2026-06-02T06:35:27Z,3150M23426T1,3150M,,SCHEDULED,180,3.0
2026-06-02T06:35:27Z,3150M23208C1,3150M,,SCHEDULED,120,2.0
2026-06-02T06:35:27Z,3250M23310C1,3250M,,SCHEDULED,120,2.0
2026-06-02T06:35:27Z,4050M33720C6,4050M,,SCHEDULED,180,3.0
2026-06-02T06:35:27Z,4050M24020C2,4050M,,SCHEDULED,-60,-1.0
2026-06-02T06:35:27Z,4050M24013C2,4050M,,SCHEDULED,60,1.0
2026-06-02T06:35:27Z,4050M24019C2,4050M,,SCHEDULED,-60,-1.0
2026-06-02T06:35:27Z,5150M77210R2S,5150M,,SCHEDULED,420,7.0
2026-06-02T06:35:27Z,5150M78902R11,5150M,,SCHEDULED,240,4.0
2026-06-02T06:35:27Z,5150M77710R4,5150M,,SCHEDULED,1860,31.0
2026-06-02T06:35:27Z,5150M78290R2,5150M,,SCHEDULED,300,5.0
2026-06-02T06:35:27Z,5150M78292R2,5150M,,SCHEDULED,120,2.0
2026-06-02T06:35:27Z,5150M25613R1,5150M,,SCHEDULED,180,3.0
2026-06-02T06:35:27Z,5150M25716R1,5150M,,SCHEDULED,300,5.0
2026-06-02T06:35:27Z,5150M25615R1,5150M,,SCHEDULED,60,1.0
2026-06-02T06:35:27Z,5150M25614R1,5150M,,SCHEDULED,60,1.0
2026-06-02T06:35:27Z,5150M25717R1,5150M,,SCHEDULED,180,3.0
2026-06-02T06:35:27Z,5150M28560R2,5150M,,SCHEDULED,120,2.0
2026-06-02T06:35:27Z,5150M77404R4,5150M,,SCHEDULED,420,7.0
2026-06-02T06:35:27Z,5150M78848R11,5150M,,SCHEDULED,300,5.0
2026-06-02T06:35:27Z,5150M25622R1,5150M,,SCHEDULED,180,3.0
2026-06-02T06:35:27Z,5150M77357R3,5150M,,SCHEDULED,180,3.0
2026-06-02T06:35:27Z,5150M77512R4,5150M,,SCHEDULED,1260,21.0
2026-06-02T06:35:27Z,5150M35503R3,5150M,,SCHEDULED,2160,36.0
2026-06-02T06:35:27Z,5150M77311R3,5150M,,SCHEDULED,720,12.0
2026-06-02T06:35:27Z,5150M77986R4,5150M,,SCHEDULED,1080,18.0
2026-06-02T06:35:27Z,5150M28478R2,5150M,,SCHEDULED,120,2.0
2026-06-02T06:35:27Z,5150M28554R2,5150M,,SCHEDULED,2340,39.0
2026-06-02T06:35:27Z,6050M26118C1,6050M,,SCHEDULED,60,1.0
2026-06-02T06:35:27Z,6050M26019C2,6050M,,SCHEDULED,120,2.0
2026-06-02T06:35:27Z,6050M71583C5,6050M,,SCHEDULED,-180,-3.0
2026-06-02T06:35:27Z,6050M26016C2,6050M,,SCHEDULED,60,1.0
2026-06-02T06:35:27Z,6050M26117C1,6050M,,SCHEDULED,60,1.0
2026-06-02T06:35:27Z,6250M35918C1,6250M,,SCHEDULED,600,10.0
2026-06-02T06:35:27Z,4750M71090C1,4750M,,SCHEDULED,660,11.0
2026-06-02T06:35:27Z,4150M84902C2,4150M,,SCHEDULED,4500,75.0
2026-06-02T06:35:27Z,1050M20426C4b,1050M,,SCHEDULED,660,11.0
2026-06-02T06:35:27Z,1050M20425C4b,1050M,,SCHEDULED,840,14.0
2026-06-02T06:35:27Z,1050M20424C4b,1050M,,SCHEDULED,180,3.0
2026-06-02T06:35:27Z,1050M21513C2,1050M,,SCHEDULED,540,9.0
2026-06-02T06:35:27Z,1050M35983C2,1050M,,SCHEDULED,480,8.0
2026-06-02T06:35:27Z,1050M20236C4a,1050M,,SCHEDULED,780,13.0
2026-06-02T06:35:27Z,1050M20235C4a,1050M,,SCHEDULED,360,6.0
2026-06-02T06:35:27Z,1050M20234C4a,1050M,,SCHEDULED,300,5.0
2026-06-02T06:35:27Z,1050M20751C5,1050M,,SCHEDULED,120,2.0
2026-06-02T06:35:27Z,1050M20233C4a,1050M,,SCHEDULED,240,4.0
2026-06-02T06:35:27Z,1050M20232C4a,1050M,,SCHEDULED,240,4.0
2026-06-02T06:35:27Z,1050M20231C4a,1050M,,SCHEDULED,540,9.0
2026-06-02T06:35:27Z,1050M19564C5,1050M,,SCHEDULED,300,5.0
2026-06-02T06:35:27Z,1050M20437C4,1050M,,SCHEDULED,180,3.0
2026-06-02T06:35:27Z,1050M21007C8a,1050M,,SCHEDULED,360,6.0
2026-06-02T06:35:27Z,1050M19569C5,1050M,,SCHEDULED,360,6.0
2026-06-02T06:35:27Z,1050M21719C2,1050M,,SCHEDULED,300,5.0
2026-06-02T06:35:27Z,1050M19576C5,1050M,,SCHEDULED,480,8.0
2026-06-02T06:35:27Z,1050M20764C5,1050M,,SCHEDULED,180,3.0
2026-06-02T06:35:27Z,1050M20763C5,1050M,,SCHEDULED,540,9.0
2026-06-02T06:35:27Z,1050M19579C5,1050M,,SCHEDULED,60,1.0
2026-06-02T06:35:27Z,1050M19573C5,1050M,,SCHEDULED,120,2.0
2026-06-02T06:35:27Z,1050M21012C8a,1050M,,SCHEDULED,60,1.0
2026-06-02T06:35:27Z,1050M19574C5,1050M,,SCHEDULED,420,7.0
2026-06-02T06:35:27Z,1050M20240C4a,1050M,,SCHEDULED,60,1.0
2026-06-02T06:35:27Z,1050M21817C7,1050M,,SCHEDULED,480,8.0
2026-06-02T06:35:27Z,1050M20606C8b,1050M,,SCHEDULED,540,9.0
2026-06-02T06:35:27Z,1050M78133C3,1050M,,SCHEDULED,480,8.0
2026-06-02T06:35:27Z,1050M21815C7,1050M,,SCHEDULED,240,4.0
2026-06-02T06:35:27Z,1050M78135C3,1050M,,SCHEDULED,540,9.0
2026-06-02T06:35:27Z,1050M21609C2,1050M,,SCHEDULED,360,6.0
2026-06-02T06:35:27Z,1050M19570C5,1050M,,SCHEDULED,60,1.0
2026-06-02T06:35:27Z,1050M19818C1,1050M,,SCHEDULED,300,5.0
2026-06-02T06:35:27Z,1050M21813C7,1050M,,SCHEDULED,720,12.0
2026-06-02T06:35:27Z,1050M21812C7,1050M,,SCHEDULED,480,8.0
2026-06-02T06:35:27Z,1050M20758C5,1050M,,SCHEDULED,180,3.0
2026-06-02T06:35:27Z,1050M21604C2,1050M,,SCHEDULED,120,2.0
2026-06-02T06:35:27Z,1050M21810C7,1050M,,SCHEDULED,420,7.0
2026-06-02T06:35:27Z,1050M21808C7,1050M,,SCHEDULED,60,1.0
2026-06-02T06:35:27Z,1050M21208C10,1050M,,SCHEDULED,180,3.0
2026-06-02T06:35:27Z,1050M78020C3,1050M,,SCHEDULED,480,8.0
2026-06-02T06:35:27Z,1050M21206C10,1050M,,SCHEDULED,60,1.0
2026-06-02T06:35:27Z,1050M20238C4a,1050M,,SCHEDULED,420,7.0
2026-06-02T06:35:27Z,1050M21723C2,1050M,,SCHEDULED,360,6.0
2026-06-02T06:35:27Z,1050M20772C5,1050M,,SCHEDULED,120,2.0
2026-06-02T06:35:27Z,1050M78022C3,1050M,,SCHEDULED,660,11.0
2026-06-02T06:35:27Z,1050M21186C10,1050M,,SCHEDULED,240,4.0
2026-06-02T06:35:27Z,1050M21602C2,1050M,,SCHEDULED,60,1.0
2026-06-02T06:35:27Z,1050M20754C5,1050M,,SCHEDULED,360,6.0
2026-06-02T06:35:27Z,1050M20610C8b,1050M,,SCHEDULED,240,4.0
2026-06-02T06:35:27Z,1050M19587C5,1050M,,SCHEDULED,420,7.0
2026-06-02T06:35:27Z,1050M19583C5,1050M,,SCHEDULED,300,5.0
2026-06-02T06:35:27Z,1050M19586C5,1050M,,SCHEDULED,120,2.0
2026-06-02T06:35:27Z,1050M19580C5,1050M,,SCHEDULED,360,6.0
2026-06-02T06:35:27Z,1050M20739C5,1050M,,SCHEDULED,360,6.0
2026-06-02T06:35:27Z,1050M78026C3,1050M,,SCHEDULED,180,3.0
2026-06-02T06:35:27Z,1050M21313C10,1050M,,SCHEDULED,720,12.0
2026-06-02T06:35:27Z,1050M21312C10,1050M,,SCHEDULED,420,7.0
2026-06-02T06:35:27Z,1050M78027C3,1050M,,SCHEDULED,540,9.0
2026-06-02T06:35:27Z,1050M19591C5,1050M,,SCHEDULED,360,6.0
2026-06-02T06:35:27Z,1050M19823C1,1050M,,SCHEDULED,240,4.0
2026-06-02T06:35:27Z,1050M20748C5,1050M,,SCHEDULED,480,8.0
2026-06-02T06:35:27Z,1050M20229C4a,1050M,,SCHEDULED,480,8.0
2026-06-02T06:35:27Z,1050M20745C5,1050M,,SCHEDULED,240,4.0
2026-06-02T06:35:27Z,1050M21712C2,1050M,,SCHEDULED,360,6.0
2026-06-02T06:35:27Z,1050M20227C4a,1050M,,SCHEDULED,720,12.0
2026-06-02T06:35:27Z,1050M19556C5,1050M,,SCHEDULED,480,8.0
2026-06-02T06:35:27Z,1050M21523C2,1050M,,SCHEDULED,-60,-1.0
2026-06-02T06:35:27Z,1050M20420C4b,1050M,,SCHEDULED,420,7.0
2026-06-02T06:35:27Z,1050M20433C4b,1050M,,SCHEDULED,420,7.0
2026-06-02T06:35:27Z,1050M21112C10,1050M,,SCHEDULED,60,1.0
2026-06-02T06:35:27Z,1050M19550C5,1050M,,SCHEDULED,540,9.0
2026-06-02T06:35:27Z,1050M20431C4b,1050M,,SCHEDULED,360,6.0
2026-06-02T06:35:27Z,1050M21110C10,1050M,,SCHEDULED,480,8.0
2026-06-02T06:35:27Z,1050M20429C4b,1050M,,SCHEDULED,480,8.0
2026-06-02T06:35:27Z,1050M21517C2,1050M,,SCHEDULED,360,6.0
2026-06-02T06:35:27Z,1050M20427C4b,1050M,,SCHEDULED,840,14.0
2026-06-02T06:40:37Z,3050M23517C1,3050M,,SCHEDULED,480,8.0
2026-06-02T06:40:37Z,3050M23513C1,3050M,,SCHEDULED,900,15.0
2026-06-02T06:40:37Z,3050M23514C1,3050M,,SCHEDULED,720,12.0
2026-06-02T06:40:37Z,3050M23520C1,3050M,,SCHEDULED,60,1.0
2026-06-02T06:40:37Z,3050M23611C4,3050M,,SCHEDULED,360,6.0
2026-06-02T06:40:37Z,3150M23206C1,3150M,,SCHEDULED,120,2.0
2026-06-02T06:40:37Z,3150M23425T1,3150M,,SCHEDULED,60,1.0
2026-06-02T06:40:37Z,4050M76212C1,4050M,,SCHEDULED,60,1.0
2026-06-02T06:40:37Z,4050M24017C2,4050M,,SCHEDULED,120,2.0
2026-06-02T06:40:37Z,4050M84011C2,4050M,,SCHEDULED,60,1.0
2026-06-02T06:40:37Z,4050M76211C1,4050M,,SCHEDULED,-60,-1.0
2026-06-02T06:40:37Z,5150M77212R2S,5150M,,SCHEDULED,180,3.0
2026-06-02T06:40:37Z,5150M25611R1,5150M,,SCHEDULED,180,3.0
2026-06-02T06:40:37Z,5150M77714R4,5150M,,SCHEDULED,840,14.0
2026-06-02T06:40:37Z,5150M25614R1,5150M,,SCHEDULED,60,1.0
2026-06-02T06:40:37Z,5150M25715R1,5150M,,SCHEDULED,120,2.0
2026-06-02T06:40:37Z,5150M78211R2S,5150M,,SCHEDULED,60,1.0
2026-06-02T06:40:37Z,5150M78210R2S,5150M,,SCHEDULED,360,6.0
2026-06-02T06:40:37Z,5150M25718R1,5150M,,SCHEDULED,360,6.0
2026-06-02T06:40:37Z,5150M28560R2,5150M,,SCHEDULED,60,1.0
2026-06-02T06:40:37Z,5150M25622R1,5150M,,SCHEDULED,180,3.0
2026-06-02T06:40:37Z,5150M25717R1,5150M,,SCHEDULED,180,3.0
2026-06-02T06:40:37Z,5150M25624R1,5150M,,SCHEDULED,240,4.0
2026-06-02T06:40:37Z,5150M25711R1,5150M,,SCHEDULED,660,11.0
2026-06-02T06:40:37Z,5150M25720R1,5150M,,SCHEDULED,120,2.0
2026-06-02T06:40:37Z,5150M77410R4,5150M,,SCHEDULED,360,6.0
2026-06-02T06:40:37Z,5150M77412R4,5150M,,SCHEDULED,240,4.0
2026-06-02T06:40:37Z,5150M28478R2,5150M,,SCHEDULED,120,2.0
2026-06-02T06:40:37Z,5150M77357R3,5150M,,SCHEDULED,180,3.0
2026-06-02T06:40:37Z,5150M77322R3,5150M,,SCHEDULED,120,2.0
2026-06-02T06:40:37Z,5150M77406R4,5150M,,SCHEDULED,300,5.0
2026-06-02T06:40:37Z,5150M77209R2S,5150M,,SCHEDULED,420,7.0
2026-06-02T06:40:37Z,5150M77608R4,5150M,,SCHEDULED,180,3.0
2026-06-02T06:40:37Z,5150M25408R2N,5150M,,SCHEDULED,300,5.0
2026-06-02T06:40:37Z,5150M18054R16,5150M,,SCHEDULED,1020,17.0
2026-06-02T06:40:37Z,5150M77210R2S,5150M,,SCHEDULED,720,12.0
2026-06-02T06:40:37Z,5150M28416R2N,5150M,,SCHEDULED,60,1.0
2026-06-02T06:40:37Z,5150M78902R11,5150M,,SCHEDULED,180,3.0
2026-06-02T06:40:37Z,5150M28412R2N,5150M,,SCHEDULED,120,2.0
2026-06-02T06:40:37Z,6050M26119C1,6050M,,SCHEDULED,60,1.0
2026-06-02T06:40:37Z,6250M71155C2,6250M,,SCHEDULED,300,5.0
2026-06-02T06:40:37Z,1050M21186C10,1050M,,SCHEDULED,300,5.0
2026-06-02T06:40:37Z,1050M20422C4b,1050M,,SCHEDULED,420,7.0
2026-06-02T06:40:37Z,1050M19556C5,1050M,,SCHEDULED,180,3.0
2026-06-02T06:40:37Z,1050M21112C10,1050M,,SCHEDULED,240,4.0
2026-06-02T06:40:37Z,1050M21110C10,1050M,,SCHEDULED,780,13.0
2026-06-02T06:40:37Z,1050M20429C4b,1050M,,SCHEDULED,600,10.0
2026-06-02T06:40:37Z,1050M20428C4b,1050M,,SCHEDULED,180,3.0
2026-06-02T06:40:37Z,1050M21517C2,1050M,,SCHEDULED,180,3.0
2026-06-02T06:40:37Z,1050M20427C4b,1050M,,SCHEDULED,660,11.0
2026-06-02T06:40:37Z,1050M20426C4b,1050M,,SCHEDULED,660,11.0
2026-06-02T06:40:37Z,1050M21513C2,1050M,,SCHEDULED,720,12.0
2026-06-02T06:40:37Z,1050M35982C2,1050M,,SCHEDULED,540,9.0
2026-06-02T06:40:37Z,1050M20236C4a,1050M,,SCHEDULED,900,15.0
2026-06-02T06:40:37Z,1050M20233C4a,1050M,,SCHEDULED,300,5.0
2026-06-02T06:40:37Z,1050M20232C4a,1050M,,SCHEDULED,180,3.0
2026-06-02T06:40:37Z,1050M19564C5,1050M,,SCHEDULED,360,6.0
2026-06-02T06:40:37Z,1050M19560C5,1050M,,SCHEDULED,180,3.0
2026-06-02T06:40:37Z,1050M20437C4,1050M,,SCHEDULED,300,5.0
2026-06-02T06:40:37Z,1050M19569C5,1050M,,SCHEDULED,240,4.0
2026-06-02T06:40:37Z,1050M19576C5,1050M,,SCHEDULED,540,9.0
2026-06-02T06:40:37Z,1050M19579C5,1050M,,SCHEDULED,120,2.0
2026-06-02T06:40:37Z,1050M19573C5,1050M,,SCHEDULED,180,3.0
2026-06-02T06:40:37Z,1050M19574C5,1050M,,SCHEDULED,420,7.0
2026-06-02T06:40:37Z,1050M20607C8b,1050M,,SCHEDULED,180,3.0
2026-06-02T06:40:37Z,1050M21817C7,1050M,,SCHEDULED,420,7.0
2026-06-02T06:40:37Z,1050M20606C8b,1050M,,SCHEDULED,660,11.0
2026-06-02T06:40:37Z,1050M21815C7,1050M,,SCHEDULED,120,2.0
2026-06-02T06:40:37Z,1050M19570C5,1050M,,SCHEDULED,120,2.0
2026-06-02T06:40:37Z,1050M21810C7,1050M,,SCHEDULED,360,6.0
2026-06-02T06:40:37Z,1050M21808C7,1050M,,SCHEDULED,120,2.0
2026-06-02T06:40:37Z,1050M20772C5,1050M,,SCHEDULED,240,4.0
2026-06-02T06:40:37Z,1050M19587C5,1050M,,SCHEDULED,480,8.0
2026-06-02T06:40:37Z,1050M19583C5,1050M,,SCHEDULED,240,4.0
2026-06-02T06:40:37Z,1050M19586C5,1050M,,SCHEDULED,420,7.0
2026-06-02T06:40:37Z,1050M19580C5,1050M,,SCHEDULED,480,8.0
2026-06-02T06:40:37Z,1050M20739C5,1050M,,SCHEDULED,420,7.0
2026-06-02T06:40:37Z,1050M21821C7,1050M,,SCHEDULED,60,1.0
2026-06-02T06:40:37Z,1050M21819C7,1050M,,SCHEDULED,360,6.0
2026-06-02T06:40:37Z,1050M21313C10,1050M,,SCHEDULED,780,13.0
2026-06-02T06:40:37Z,1050M21312C10,1050M,,SCHEDULED,300,5.0
2026-06-02T06:40:37Z,1050M19595C5,1050M,,SCHEDULED,60,1.0
2026-06-02T06:40:37Z,1050M19591C5,1050M,,SCHEDULED,420,7.0
2026-06-02T06:40:37Z,1050M21714C2,1050M,,SCHEDULED,900,15.0
2026-06-02T06:40:37Z,1050M20229C4a,1050M,,SCHEDULED,420,7.0
2026-06-02T06:40:37Z,1050M20745C5,1050M,,SCHEDULED,480,8.0
2026-06-02T06:40:37Z,1050M21712C2,1050M,,SCHEDULED,240,4.0
2026-06-02T06:40:37Z,1050M20227C4a,1050M,,SCHEDULED,780,13.0
2026-06-02T06:40:37Z,1050M21523C2,1050M,,SCHEDULED,-60,-1.0
2026-06-02T06:40:37Z,1050M20433C4b,1050M,,SCHEDULED,480,8.0
2026-06-02T06:40:37Z,1050M20431C4b,1050M,,SCHEDULED,420,7.0
2026-06-02T06:40:37Z,1050M20231C4a,1050M,,SCHEDULED,480,8.0
2026-06-02T06:40:37Z,1050M20758C5,1050M,,SCHEDULED,300,5.0
2026-06-02T06:40:37Z,1050M21604C2,1050M,,SCHEDULED,180,3.0
2026-06-02T06:40:37Z,1050M21208C10,1050M,,SCHEDULED,120,2.0
2026-06-02T06:40:37Z,1050M21723C2,1050M,,SCHEDULED,480,8.0
2026-06-02T06:40:37Z,1050M78022C3,1050M,,SCHEDULED,720,12.0
2026-06-02T06:40:37Z,1050M20755C5,1050M,,SCHEDULED,60,1.0
2026-06-02T06:40:37Z,1050M21602C2,1050M,,SCHEDULED,120,2.0
2026-06-02T06:40:37Z,1050M20754C5,1050M,,SCHEDULED,360,6.0
2026-06-02T06:40:37Z,1050M78023C3,1050M,,SCHEDULED,300,5.0
2026-06-02T06:40:37Z,1050M78027C3,1050M,,SCHEDULED,600,10.0
2026-06-02T06:40:37Z,1050M20764C5,1050M,,SCHEDULED,120,2.0
2026-06-02T06:40:37Z,1050M20763C5,1050M,,SCHEDULED,360,6.0
2026-06-02T06:40:37Z,1050M78133C3,1050M,,SCHEDULED,240,4.0
2026-06-02T06:40:37Z,1050M21609C2,1050M,,SCHEDULED,360,6.0
2026-06-02T06:50:37Z,3050M23515C1,3050M,,SCHEDULED,600,10.0
2026-06-02T06:50:37Z,3050M23053C2,3050M,,SCHEDULED,60,1.0
2026-06-02T06:50:37Z,3050M23520C1,3050M,,SCHEDULED,180,3.0
2026-06-02T06:50:37Z,3150M23206C1,3150M,,SCHEDULED,240,4.0
2026-06-02T06:50:37Z,3150M23426T1,3150M,,SCHEDULED,540,9.0
2026-06-02T06:50:37Z,3150M23425T1,3150M,,SCHEDULED,60,1.0
2026-06-02T06:50:37Z,3250M23317C1,3250M,,SCHEDULED,60,1.0
2026-06-02T06:50:37Z,4050M76605C3,4050M,,SCHEDULED,60,1.0
2026-06-02T06:50:37Z,4050M76603C3,4050M,,SCHEDULED,60,1.0
2026-06-02T06:50:37Z,4050M84011C2,4050M,,SCHEDULED,60,1.0
2026-06-02T06:50:37Z,4050M24311C6,4050M,,SCHEDULED,-60,-1.0
2026-06-02T06:50:37Z,5150M28476R2,5150M,,SCHEDULED,960,16.0
2026-06-02T06:50:37Z,5150M25616R1,5150M,,SCHEDULED,120,2.0
2026-06-02T06:50:37Z,5150M25618R1,5150M,,SCHEDULED,300,5.0
2026-06-02T06:50:37Z,5150M77213R2S,5150M,,SCHEDULED,60,1.0
2026-06-02T06:50:37Z,5150M28554R2,5150M,,SCHEDULED,2400,40.0
2026-06-02T06:50:37Z,5150M77214R2S,5150M,,SCHEDULED,120,2.0
2026-06-02T06:50:37Z,5150M25715R1,5150M,,SCHEDULED,60,1.0
2026-06-02T06:50:37Z,5150M28478R2,5150M,,SCHEDULED,-60,-1.0
2026-06-02T06:50:37Z,5150M25717R1,5150M,,SCHEDULED,240,4.0
2026-06-02T06:50:37Z,5150M77212R2S,5150M,,SCHEDULED,240,4.0
2026-06-02T06:50:37Z,5150M77322R3,5150M,,SCHEDULED,-120,-2.0
2026-06-02T06:50:37Z,5150M77404R4,5150M,,SCHEDULED,180,3.0
2026-06-02T06:50:37Z,5150M25719R1,5150M,,SCHEDULED,240,4.0
2026-06-02T06:50:37Z,5150M77406R4,5150M,,SCHEDULED,180,3.0
2026-06-02T06:50:37Z,5150M77209R2S,5150M,,SCHEDULED,540,9.0
2026-06-02T06:50:37Z,5150M77311R3,5150M,,SCHEDULED,600,10.0
2026-06-02T06:50:37Z,5150M78290R2,5150M,,SCHEDULED,420,7.0
2026-06-02T06:50:37Z,5150M78292R2,5150M,,SCHEDULED,300,5.0
2026-06-02T06:50:37Z,5150M25613R1,5150M,,SCHEDULED,180,3.0
2026-06-02T06:50:37Z,5150M77210R2S,5150M,,SCHEDULED,720,12.0
2026-06-02T06:50:37Z,5150M25620R1,5150M,,SCHEDULED,180,3.0
2026-06-02T06:50:37Z,5150M78211R2S,5150M,,SCHEDULED,120,2.0
2026-06-02T06:50:37Z,5150M78210R2S,5150M,,SCHEDULED,480,8.0
2026-06-02T06:50:37Z,5150M28414R2N,5150M,,SCHEDULED,300,5.0
2026-06-02T06:50:37Z,5150M25624R1,5150M,,SCHEDULED,240,4.0
2026-06-02T06:50:37Z,5150M78902R11,5150M,,SCHEDULED,120,2.0
2026-06-02T06:50:37Z,5150M78213R2S,5150M,,SCHEDULED,-60,-1.0
2026-06-02T06:50:37Z,5150M77710R4,5150M,,SCHEDULED,1740,29.0
2026-06-02T06:50:37Z,5150M77518R4,5150M,,SCHEDULED,-60,-1.0
2026-06-02T06:50:37Z,6050M26118C1,6050M,,SCHEDULED,120,2.0
2026-06-02T06:50:37Z,6050M26018C2,6050M,,SCHEDULED,540,9.0
2026-06-02T06:50:37Z,6150M32705C1,6150M,,SCHEDULED,60,1.0
2026-06-02T06:50:37Z,6250M71108C2,6250M,,SCHEDULED,420,7.0
2026-06-02T06:50:37Z,4650M70000C1,4650M,,SCHEDULED,720,12.0
2026-06-02T06:50:37Z,1050M20772C5,1050M,,SCHEDULED,240,4.0
2026-06-02T06:50:37Z,1050M20776C5,1050M,,SCHEDULED,540,9.0
2026-06-02T06:50:37Z,1050M21116C10,1050M,,SCHEDULED,-120,-2.0
2026-06-02T06:50:37Z,1050M20422C4b,1050M,,SCHEDULED,540,9.0
2026-06-02T06:50:37Z,1050M21112C10,1050M,,SCHEDULED,360,6.0
2026-06-02T06:50:37Z,1050M21110C10,1050M,,SCHEDULED,720,12.0
2026-06-02T06:50:37Z,1050M20429C4b,1050M,,SCHEDULED,480,8.0
2026-06-02T06:50:37Z,1050M20428C4b,1050M,,SCHEDULED,420,7.0
2026-06-02T06:50:37Z,1050M21517C2,1050M,,SCHEDULED,240,4.0
2026-06-02T06:50:37Z,1050M20426C4b,1050M,,SCHEDULED,720,12.0
2026-06-02T06:50:37Z,1050M20424C4b,1050M,,SCHEDULED,60,1.0
2026-06-02T06:50:37Z,1050M21513C2,1050M,,SCHEDULED,600,10.0
2026-06-02T06:50:37Z,1050M20234C4a,1050M,,SCHEDULED,180,3.0
2026-06-02T06:50:37Z,1050M20751C5,1050M,,SCHEDULED,360,6.0
2026-06-02T06:50:37Z,1050M20233C4a,1050M,,SCHEDULED,180,3.0
2026-06-02T06:50:37Z,1050M20231C4a,1050M,,SCHEDULED,420,7.0
2026-06-02T06:50:37Z,1050M20759C5,1050M,,CANCELED,,
2026-06-02T06:50:37Z,1050M20764C5,1050M,,SCHEDULED,120,2.0
2026-06-02T06:50:37Z,1050M21731C2,1050M,,SCHEDULED,-120,-2.0
2026-06-02T06:50:37Z,1050M20763C5,1050M,,SCHEDULED,480,8.0
2026-06-02T06:50:37Z,1050M20242C4a,1050M,,SCHEDULED,180,3.0
2026-06-02T06:50:37Z,1050M20439C4b,1050M,,SCHEDULED,240,4.0
2026-06-02T06:50:37Z,1050M21210C10,1050M,,SCHEDULED,540,9.0
2026-06-02T06:50:37Z,1050M20435C4b,1050M,,SCHEDULED,420,7.0
2026-06-02T06:50:37Z,1050M20769C5,1050M,,SCHEDULED,360,6.0
2026-06-02T06:50:37Z,1050M21609C2,1050M,,SCHEDULED,300,5.0
2026-06-02T06:50:37Z,1050M21606C2,1050M,,SCHEDULED,780,13.0
2026-06-02T06:50:37Z,1050M20758C5,1050M,,SCHEDULED,360,6.0
2026-06-02T06:50:37Z,1050M21604C2,1050M,,SCHEDULED,60,1.0
2026-06-02T06:50:37Z,1050M19576C5,1050M,,SCHEDULED,540,9.0
2026-06-02T06:50:37Z,1050M21208C10,1050M,,SCHEDULED,60,1.0
2026-06-02T06:50:37Z,1050M19579C5,1050M,,SCHEDULED,120,2.0
2026-06-02T06:50:37Z,1050M78020C3,1050M,,SCHEDULED,60,1.0
2026-06-02T06:50:37Z,1050M20239C4a,1050M,,SCHEDULED,180,3.0
2026-06-02T06:50:37Z,1050M20238C4a,1050M,,SCHEDULED,420,7.0
2026-06-02T06:50:37Z,1050M21723C2,1050M,,SCHEDULED,300,5.0
2026-06-02T06:50:37Z,1050M19573C5,1050M,,SCHEDULED,480,8.0
2026-06-02T06:50:37Z,1050M21011C8a,1050M,,SCHEDULED,720,12.0
2026-06-02T06:50:37Z,1050M78022C3,1050M,,SCHEDULED,660,11.0
2026-06-02T06:50:37Z,1050M19574C5,1050M,,SCHEDULED,420,7.0
2026-06-02T06:50:37Z,1050M20607C8b,1050M,,SCHEDULED,480,8.0
2026-06-02T06:50:37Z,1050M20754C5,1050M,,SCHEDULED,480,8.0
2026-06-02T06:50:37Z,1050M78024C3,1050M,,SCHEDULED,720,12.0
2026-06-02T06:50:37Z,1050M21816C7,1050M,,SCHEDULED,-120,-2.0
2026-06-02T06:50:37Z,1050M78023C3,1050M,,SCHEDULED,240,4.0
2026-06-02T06:50:37Z,1050M19570C5,1050M,,SCHEDULED,240,4.0
2026-06-02T06:50:37Z,1050M78025C3,1050M,,SCHEDULED,240,4.0
2026-06-02T06:50:37Z,1050M21810C7,1050M,,SCHEDULED,360,6.0
2026-06-02T06:50:37Z,1050M78028C3,1050M,,SCHEDULED,240,4.0
2026-06-02T06:50:37Z,1050M78027C3,1050M,,SCHEDULED,660,11.0
2026-06-02T06:50:37Z,1050M20773C5,1050M,,SCHEDULED,240,4.0
2026-06-02T06:50:37Z,1050M78029C3,1050M,,SCHEDULED,240,4.0
2026-06-02T06:50:37Z,1050M20610C8b,1050M,,SCHEDULED,60,1.0
2026-06-02T06:50:37Z,1050M19587C5,1050M,,SCHEDULED,720,12.0
2026-06-02T06:50:37Z,1050M19583C5,1050M,,SCHEDULED,360,6.0
2026-06-02T06:50:37Z,1050M19586C5,1050M,,SCHEDULED,600,10.0
2026-06-02T06:50:37Z,1050M19580C5,1050M,,SCHEDULED,480,8.0
2026-06-02T06:50:37Z,1050M21821C7,1050M,,SCHEDULED,60,1.0
2026-06-02T06:50:37Z,1050M21819C7,1050M,,SCHEDULED,480,8.0
2026-06-02T06:50:37Z,1050M21313C10,1050M,,SCHEDULED,600,10.0
2026-06-02T06:50:37Z,1050M21312C10,1050M,,SCHEDULED,300,5.0
2026-06-02T06:50:37Z,1050M19595C5,1050M,,SCHEDULED,240,4.0
2026-06-02T06:50:37Z,1050M19594C5,1050M,,SCHEDULED,60,1.0
2026-06-02T06:50:37Z,1050M19591C5,1050M,,SCHEDULED,600,10.0
2026-06-02T06:50:37Z,1050M19590C5,1050M,,SCHEDULED,240,4.0
2026-06-02T06:50:37Z,1050M21716C2,1050M,,SCHEDULED,240,4.0
2026-06-02T06:50:37Z,1050M21714C2,1050M,,SCHEDULED,840,14.0
2026-06-02T06:50:37Z,1050M21712C2,1050M,,SCHEDULED,300,5.0
2026-06-02T06:50:37Z,1050M21315C10,1050M,,SCHEDULED,120,2.0
2026-06-02T06:50:37Z,1050M20433C4b,1050M,,SCHEDULED,660,11.0
2026-06-02T06:50:37Z,1050M21522C2,1050M,,SCHEDULED,180,3.0
2026-06-02T06:50:37Z,1050M20431C4b,1050M,,SCHEDULED,480,8.0
2026-06-02T06:50:37Z,1050M20430C4b,1050M,,SCHEDULED,420,7.0
2026-06-02T06:50:37Z,1050M19564C5,1050M,,SCHEDULED,240,4.0
2026-06-02T06:55:29Z,3050M23521C1,3050M,,SCHEDULED,600,10.0
2026-06-02T06:55:29Z,3050M23611C4,3050M,,SCHEDULED,300,5.0
2026-06-02T06:55:29Z,3050M23513C1,3050M,,SCHEDULED,960,16.0
2026-06-02T06:55:29Z,3050M23514C1,3050M,,SCHEDULED,660,11.0
2026-06-02T06:55:29Z,3150M23425T1,3150M,,SCHEDULED,60,1.0
2026-06-02T06:55:29Z,3250M23319C1,3250M,,SCHEDULED,60,1.0
2026-06-02T06:55:29Z,4050M24020C2,4050M,,SCHEDULED,540,9.0
2026-06-02T06:55:29Z,4050M24015C2,4050M,,SCHEDULED,240,4.0
2026-06-02T06:55:29Z,5150M28554R2,5150M,,SCHEDULED,2340,39.0
2026-06-02T06:55:29Z,5150M25715R1,5150M,,SCHEDULED,60,1.0
2026-06-02T06:55:29Z,5150M77212R2S,5150M,,SCHEDULED,240,4.0
2026-06-02T06:55:29Z,5150M25718R1,5150M,,SCHEDULED,300,5.0
2026-06-02T06:55:29Z,5150M28476R2,5150M,,SCHEDULED,840,14.0
2026-06-02T06:55:29Z,5150M25719R1,5150M,,SCHEDULED,240,4.0
2026-06-02T06:55:29Z,5150M33501R14,5150M,,SCHEDULED,1380,23.0
2026-06-02T06:55:29Z,5150M25618R1,5150M,,SCHEDULED,360,6.0
2026-06-02T06:55:29Z,5150M77322R3,5150M,,SCHEDULED,0,0.0
2026-06-02T06:55:29Z,5150M77408R4,5150M,,SCHEDULED,360,6.0
2026-06-02T06:55:29Z,5150M77311R3,5150M,,SCHEDULED,840,14.0
2026-06-02T06:55:29Z,5150M25488R2,5150M,,SCHEDULED,1140,19.0
2026-06-02T06:55:29Z,5150M78290R2,5150M,,SCHEDULED,420,7.0
2026-06-02T06:55:29Z,5150M78292R2,5150M,,SCHEDULED,300,5.0
2026-06-02T06:55:29Z,5150M25720R1,5150M,,SCHEDULED,120,2.0
2026-06-02T06:55:29Z,5150M78211R2S,5150M,,SCHEDULED,240,4.0
2026-06-02T06:55:29Z,5150M78210R2S,5150M,,SCHEDULED,420,7.0
2026-06-02T06:55:29Z,5150M25620R1,5150M,,SCHEDULED,240,4.0
2026-06-02T06:55:29Z,5150M78213R2S,5150M,,SCHEDULED,-60,-1.0
2026-06-02T06:55:29Z,5150M78212R2S,5150M,,SCHEDULED,-60,-1.0
2026-06-02T06:55:29Z,5150M28414R2N,5150M,,SCHEDULED,240,4.0
2026-06-02T06:55:29Z,5150M78902R11,5150M,,SCHEDULED,180,3.0
2026-06-02T06:55:29Z,5150M28412R2N,5150M,,SCHEDULED,360,6.0
2026-06-02T06:55:29Z,5150M77710R4,5150M,,SCHEDULED,1860,31.0
2026-06-02T06:55:29Z,5150M77514R4,5150M,,SCHEDULED,300,5.0
2026-06-02T06:55:29Z,5150M25716R1,5150M,,SCHEDULED,180,3.0
2026-06-02T06:55:29Z,6050M71511C4,6050M,,SCHEDULED,-120,-2.0
2026-06-02T06:55:29Z,6050M26019C2,6050M,,SCHEDULED,420,7.0
2026-06-02T06:55:29Z,6050M26018C2,6050M,,SCHEDULED,240,4.0
2026-06-02T06:55:29Z,6050M26513C3,6050M,,SCHEDULED,60,1.0
2026-06-02T06:55:29Z,6050M26119C1,6050M,,SCHEDULED,60,1.0
2026-06-02T06:55:29Z,6250M26909C1,6250M,,SCHEDULED,480,8.0
2026-06-02T06:55:29Z,6250M71851C3,6250M,,SCHEDULED,60,1.0
2026-06-02T06:55:29Z,6250M26913C1,6250M,,SCHEDULED,120,2.0
2026-06-02T06:55:29Z,2050M22310C3,2050M,,SCHEDULED,2400,40.0
2026-06-02T06:55:29Z,1050M21810C7,1050M,,SCHEDULED,240,4.0
2026-06-02T06:55:29Z,1050M20773C5,1050M,,SCHEDULED,180,3.0
2026-06-02T06:55:29Z,1050M20772C5,1050M,,SCHEDULED,240,4.0
2026-06-02T06:55:29Z,1050M20776C5,1050M,,SCHEDULED,420,7.0
2026-06-02T06:55:29Z,1050M19822C1,1050M,,SCHEDULED,60,1.0
2026-06-02T06:55:29Z,1050M19825C1,1050M,,SCHEDULED,60,1.0
2026-06-02T06:55:29Z,1050M21116C10,1050M,,SCHEDULED,-120,-2.0
2026-06-02T06:55:29Z,1050M21114C10,1050M,,SCHEDULED,60,1.0
2026-06-02T06:55:29Z,1050M21519C2,1050M,,SCHEDULED,120,2.0
2026-06-02T06:55:29Z,1050M20428C4b,1050M,,SCHEDULED,660,11.0
2026-06-02T06:55:29Z,1050M21517C2,1050M,,SCHEDULED,480,8.0
2026-06-02T06:55:29Z,1050M20426C4b,1050M,,SCHEDULED,780,13.0
2026-06-02T06:55:29Z,1050M20424C4b,1050M,,SCHEDULED,60,1.0
2026-06-02T06:55:29Z,1050M20235C4a,1050M,,SCHEDULED,660,11.0
2026-06-02T06:55:29Z,1050M20234C4a,1050M,,SCHEDULED,540,9.0
2026-06-02T06:55:29Z,1050M20751C5,1050M,,SCHEDULED,360,6.0
2026-06-02T06:55:29Z,1050M20233C4a,1050M,,SCHEDULED,180,3.0
2026-06-02T06:55:29Z,1050M20231C4a,1050M,,SCHEDULED,600,10.0
2026-06-02T06:55:29Z,1050M21729C2,1050M,,SCHEDULED,60,1.0
2026-06-02T06:55:29Z,1050M20759C5,1050M,,CANCELED,,
2026-06-02T06:55:29Z,1050M21606C2,1050M,,SCHEDULED,780,13.0
2026-06-02T06:55:29Z,1050M20758C5,1050M,,SCHEDULED,480,8.0
2026-06-02T06:55:29Z,1050M21208C10,1050M,,SCHEDULED,180,3.0
2026-06-02T06:55:29Z,1050M21604C2,1050M,,SCHEDULED,180,3.0
2026-06-02T06:55:29Z,1050M20239C4a,1050M,,SCHEDULED,240,4.0
2026-06-02T06:55:29Z,1050M20238C4a,1050M,,SCHEDULED,480,8.0
2026-06-02T06:55:29Z,1050M21723C2,1050M,,SCHEDULED,420,7.0
2026-06-02T06:55:29Z,1050M78024C3,1050M,,SCHEDULED,660,11.0
2026-06-02T06:55:29Z,1050M78026C3,1050M,,SCHEDULED,300,5.0
2026-06-02T06:55:29Z,1050M78025C3,1050M,,SCHEDULED,300,5.0
2026-06-02T06:55:29Z,1050M78028C3,1050M,,SCHEDULED,240,4.0
2026-06-02T06:55:29Z,1050M78027C3,1050M,,SCHEDULED,600,10.0
2026-06-02T06:55:29Z,1050M78029C3,1050M,,SCHEDULED,240,4.0
2026-06-02T06:55:29Z,1050M19564C5,1050M,,SCHEDULED,240,4.0
2026-06-02T06:55:29Z,1050M20764C5,1050M,,SCHEDULED,120,2.0
2026-06-02T06:55:29Z,1050M20439C4b,1050M,,SCHEDULED,360,6.0
2026-06-02T06:55:29Z,1050M21731C2,1050M,,SCHEDULED,-120,-2.0
2026-06-02T06:55:29Z,1050M20435C4b,1050M,,SCHEDULED,420,7.0
2026-06-02T06:55:29Z,1050M20763C5,1050M,,SCHEDULED,420,7.0
2026-06-02T06:55:29Z,1050M20242C4a,1050M,,SCHEDULED,120,2.0
2026-06-02T06:55:29Z,1050M21210C10,1050M,,SCHEDULED,480,8.0
2026-06-02T06:55:29Z,1050M20240C4a,1050M,,SCHEDULED,240,4.0
2026-06-02T06:55:29Z,1050M20769C5,1050M,,SCHEDULED,420,7.0
2026-06-02T06:55:29Z,1050M21609C2,1050M,,SCHEDULED,240,4.0
2026-06-02T06:55:29Z,1050M19576C5,1050M,,SCHEDULED,540,9.0
2026-06-02T06:55:29Z,1050M19587C5,1050M,,SCHEDULED,600,10.0
2026-06-02T06:55:29Z,1050M19579C5,1050M,,SCHEDULED,300,5.0
2026-06-02T06:55:29Z,1050M19583C5,1050M,,SCHEDULED,420,7.0
2026-06-02T06:55:29Z,1050M19586C5,1050M,,SCHEDULED,480,8.0
2026-06-02T06:55:29Z,1050M19580C5,1050M,,SCHEDULED,360,6.0
2026-06-02T06:55:29Z,1050M21821C7,1050M,,SCHEDULED,180,3.0
2026-06-02T06:55:29Z,1050M19574C5,1050M,,SCHEDULED,360,6.0
2026-06-02T06:55:29Z,1050M20607C8b,1050M,,SCHEDULED,300,5.0
2026-06-02T06:55:29Z,1050M21819C7,1050M,,SCHEDULED,540,9.0
2026-06-02T06:55:29Z,1050M19599C5,1050M,,SCHEDULED,240,4.0
2026-06-02T06:55:29Z,1050M21313C10,1050M,,SCHEDULED,960,16.0
2026-06-02T06:55:29Z,1050M21817C7,1050M,,SCHEDULED,360,6.0
2026-06-02T06:55:29Z,1050M21816C7,1050M,,SCHEDULED,-120,-2.0
2026-06-02T06:55:29Z,1050M21312C10,1050M,,SCHEDULED,540,9.0
2026-06-02T06:55:29Z,1050M19595C5,1050M,,SCHEDULED,360,6.0
2026-06-02T06:55:29Z,1050M19594C5,1050M,,SCHEDULED,120,2.0
2026-06-02T06:55:29Z,1050M19591C5,1050M,,SCHEDULED,600,10.0
2026-06-02T06:55:29Z,1050M19590C5,1050M,,SCHEDULED,300,5.0
2026-06-02T06:55:29Z,1050M21716C2,1050M,,SCHEDULED,300,5.0
2026-06-02T06:55:29Z,1050M21815C7,1050M,,SCHEDULED,120,2.0
2026-06-02T06:55:29Z,1050M78031C3,1050M,,SCHEDULED,60,1.0
2026-06-02T06:55:29Z,1050M21714C2,1050M,,SCHEDULED,1140,19.0
2026-06-02T06:55:29Z,1050M21812C7,1050M,,SCHEDULED,420,7.0
2026-06-02T06:55:29Z,1050M21712C2,1050M,,SCHEDULED,480,8.0
2026-06-02T06:55:29Z,1050M21315C10,1050M,,SCHEDULED,180,3.0
2026-06-02T06:55:29Z,1050M21523C2,1050M,,SCHEDULED,60,1.0
2026-06-02T06:55:29Z,1050M20433C4b,1050M,,SCHEDULED,420,7.0
2026-06-02T06:55:29Z,1050M21522C2,1050M,,SCHEDULED,180,3.0
2026-06-02T06:55:29Z,1050M20431C4b,1050M,,SCHEDULED,600,10.0
2026-06-02T06:55:29Z,1050M20430C4b,1050M,,SCHEDULED,300,5.0
2026-06-02T07:00:54Z,3050M23518C1,3050M,,SCHEDULED,780,13.0
2026-06-02T07:00:54Z,3050M23521C1,3050M,,SCHEDULED,720,12.0
2026-06-02T07:00:54Z,3050M23519C1,3050M,,SCHEDULED,960,16.0
2026-06-02T07:00:54Z,3050M23520C1,3050M,,SCHEDULED,300,5.0
2026-06-02T07:00:54Z,3050M23513C1,3050M,,SCHEDULED,1020,17.0
2026-06-02T07:00:54Z,3050M23515C1,3050M,,SCHEDULED,780,13.0
2026-06-02T07:00:54Z,3150M23425T1,3150M,,SCHEDULED,60,1.0
2026-06-02T07:00:54Z,3150M23272C1,3150M,,SCHEDULED,300,5.0
2026-06-02T07:00:54Z,3150M23211C1,3150M,,SCHEDULED,240,4.0
2026-06-02T07:00:54Z,3150M23256C1,3150M,,SCHEDULED,60,1.0
2026-06-02T07:00:54Z,3150M23208C1,3150M,,SCHEDULED,120,2.0
2026-06-02T07:00:54Z,3250M23312C1,3250M,,SCHEDULED,60,1.0
2026-06-02T07:00:54Z,3250M23316C1,3250M,,SCHEDULED,-60,-1.0
2026-06-02T07:00:54Z,3250M23319C1,3250M,,SCHEDULED,60,1.0
2026-06-02T07:00:54Z,4050M33720C6,4050M,,SCHEDULED,240,4.0
2026-06-02T07:00:54Z,4050M24310C6,4050M,,SCHEDULED,60,1.0
2026-06-02T07:00:54Z,4050M24015C2,4050M,,SCHEDULED,240,4.0
2026-06-02T07:00:54Z,4050M76214C1,4050M,,SCHEDULED,60,1.0
2026-06-02T07:00:54Z,4050M24017C2,4050M,,SCHEDULED,180,3.0
2026-06-02T07:00:54Z,5150M77408R4,5150M,,SCHEDULED,420,7.0
2026-06-02T07:00:54Z,5150M25618R1,5150M,,SCHEDULED,240,4.0
2026-06-02T07:00:54Z,5150M18054R16,5150M,,SCHEDULED,1320,22.0
2026-06-02T07:00:54Z,5150M28416R2N,5150M,,SCHEDULED,180,3.0
2026-06-02T07:00:54Z,5150M78290R2,5150M,,SCHEDULED,540,9.0
2026-06-02T07:00:54Z,5150M78902R11,5150M,,SCHEDULED,180,3.0
2026-06-02T07:00:54Z,5150M78210R2S,5150M,,SCHEDULED,300,5.0
2026-06-02T07:00:54Z,5150M77712R4,5150M,,SCHEDULED,1020,17.0
2026-06-02T07:00:54Z,5150M77520R4,5150M,,SCHEDULED,120,2.0
2026-06-02T07:00:54Z,5150M78212R2S,5150M,,SCHEDULED,60,1.0
2026-06-02T07:00:54Z,5150M77714R4,5150M,,SCHEDULED,840,14.0
2026-06-02T07:00:54Z,5150M25716R1,5150M,,SCHEDULED,180,3.0
2026-06-02T07:00:54Z,5150M78850R11,5150M,,SCHEDULED,60,1.0
2026-06-02T07:00:54Z,5150M25624R1,5150M,,SCHEDULED,660,11.0
2026-06-02T07:00:54Z,5150M25626R1,5150M,,SCHEDULED,60,1.0
2026-06-02T07:00:54Z,5150M15003R15,5150M,,SCHEDULED,60,1.0
2026-06-02T07:00:54Z,5150M25715R1,5150M,,SCHEDULED,120,2.0
2026-06-02T07:00:54Z,5150M25720R1,5150M,,SCHEDULED,120,2.0
2026-06-02T07:00:54Z,5150M25719R1,5150M,,SCHEDULED,240,4.0
2026-06-02T07:00:54Z,5150M77212R2S,5150M,,SCHEDULED,180,3.0
2026-06-02T07:00:54Z,5150M25711R1,5150M,,SCHEDULED,660,11.0
2026-06-02T07:00:54Z,5150M35505R3,5150M,,SCHEDULED,360,6.0
2026-06-02T07:00:54Z,5150M28478R2,5150M,,SCHEDULED,60,1.0
2026-06-02T07:00:54Z,5150M77214R2S,5150M,,SCHEDULED,180,3.0
2026-06-02T07:00:54Z,6050M26021C2,6050M,,SCHEDULED,60,1.0
2026-06-02T07:00:54Z,6050M26020C2,6050M,,SCHEDULED,660,11.0
2026-06-02T07:00:54Z,6050M26516C3,6050M,,SCHEDULED,120,2.0
2026-06-02T07:00:54Z,6150M32705C1,6150M,,SCHEDULED,60,1.0
2026-06-02T07:00:54Z,4650M71800C1,4650M,,SCHEDULED,360,6.0
2026-06-02T07:00:54Z,4750M71090C1,4750M,,SCHEDULED,660,11.0
2026-06-02T07:00:54Z,4750M71081C1,4750M,,SCHEDULED,660,11.0
2026-06-02T07:00:54Z,4150M84904C2,4150M,,SCHEDULED,8700,145.0
2026-06-02T07:00:54Z,1050M21810C7,1050M,,SCHEDULED,300,5.0
2026-06-02T07:00:54Z,1050M21526C2,1050M,,SCHEDULED,180,3.0
2026-06-02T07:00:54Z,1050M20437C4,1050M,,SCHEDULED,660,11.0
2026-06-02T07:00:54Z,1050M20435C4b,1050M,,SCHEDULED,420,7.0
2026-06-02T07:00:54Z,1050M19576C5,1050M,,SCHEDULED,540,9.0
2026-06-02T07:00:54Z,1050M20773C5,1050M,,SCHEDULED,420,7.0
2026-06-02T07:00:54Z,1050M20772C5,1050M,,SCHEDULED,240,4.0
2026-06-02T07:00:54Z,1050M19579C5,1050M,,SCHEDULED,480,8.0
2026-06-02T07:00:54Z,1050M20779C5,1050M,,SCHEDULED,60,1.0
2026-06-02T07:00:54Z,1050M20441C4,1050M,,SCHEDULED,300,5.0
2026-06-02T07:00:54Z,1050M20776C5,1050M,,SCHEDULED,480,8.0
2026-06-02T07:00:54Z,1050M21011C8a,1050M,,SCHEDULED,360,6.0
2026-06-02T07:00:54Z,1050M19827C1,1050M,,SCHEDULED,60,1.0
2026-06-02T07:00:54Z,1050M19574C5,1050M,,SCHEDULED,360,6.0
2026-06-02T07:00:54Z,1050M20607C8b,1050M,,SCHEDULED,240,4.0
2026-06-02T07:00:54Z,1050M21817C7,1050M,,SCHEDULED,480,8.0
2026-06-02T07:00:54Z,1050M21816C7,1050M,,SCHEDULED,-120,-2.0
2026-06-02T07:00:54Z,1050M21814C7,1050M,,SCHEDULED,360,6.0
2026-06-02T07:00:54Z,1050M19570C5,1050M,,SCHEDULED,120,2.0
2026-06-02T07:00:54Z,1050M21116C10,1050M,,SCHEDULED,-120,-2.0
2026-06-02T07:00:54Z,1050M21812C7,1050M,,SCHEDULED,660,11.0
2026-06-02T07:00:54Z,1050M20422C4b,1050M,,SCHEDULED,360,6.0
2026-06-02T07:00:54Z,1050M20610C8b,1050M,,SCHEDULED,120,2.0
2026-06-02T07:00:54Z,1050M19587C5,1050M,,SCHEDULED,720,12.0
2026-06-02T07:00:54Z,1050M19583C5,1050M,,SCHEDULED,420,7.0
2026-06-02T07:00:54Z,1050M21114C10,1050M,,SCHEDULED,180,3.0
2026-06-02T07:00:54Z,1050M19586C5,1050M,,SCHEDULED,660,11.0
2026-06-02T07:00:54Z,1050M19580C5,1050M,,SCHEDULED,480,8.0
2026-06-02T07:00:54Z,1050M21112C10,1050M,,SCHEDULED,240,4.0
2026-06-02T07:00:54Z,1050M21821C7,1050M,,SCHEDULED,120,2.0
2026-06-02T07:00:54Z,1050M21519C2,1050M,,SCHEDULED,60,1.0
2026-06-02T07:00:54Z,1050M20428C4b,1050M,,SCHEDULED,720,12.0
2026-06-02T07:00:54Z,1050M21819C7,1050M,,SCHEDULED,540,9.0
2026-06-02T07:00:54Z,1050M21314C10,1050M,,SCHEDULED,600,10.0
2026-06-02T07:00:54Z,1050M19599C5,1050M,,SCHEDULED,60,1.0
2026-06-02T07:00:54Z,1050M19598C5,1050M,,SCHEDULED,360,6.0
2026-06-02T07:00:54Z,1050M21313C10,1050M,,SCHEDULED,1080,18.0
2026-06-02T07:00:54Z,1050M20426C4b,1050M,,SCHEDULED,960,16.0
2026-06-02T07:00:54Z,1050M20424C4b,1050M,,SCHEDULED,180,3.0
2026-06-02T07:00:54Z,1050M21312C10,1050M,,SCHEDULED,420,7.0
2026-06-02T07:00:54Z,1050M19595C5,1050M,,SCHEDULED,480,8.0
2026-06-02T07:00:54Z,1050M19594C5,1050M,,SCHEDULED,240,4.0
2026-06-02T07:00:54Z,1050M19591C5,1050M,,SCHEDULED,600,10.0
2026-06-02T07:00:54Z,1050M19590C5,1050M,,SCHEDULED,180,3.0
2026-06-02T07:00:54Z,1050M21716C2,1050M,,SCHEDULED,300,5.0
2026-06-02T07:00:54Z,1050M20236C4a,1050M,,SCHEDULED,1020,17.0
2026-06-02T07:00:54Z,1050M20235C4a,1050M,,SCHEDULED,540,9.0
2026-06-02T07:00:54Z,1050M78031C3,1050M,,SCHEDULED,120,2.0
2026-06-02T07:00:54Z,1050M21714C2,1050M,,SCHEDULED,1080,18.0
2026-06-02T07:00:54Z,1050M20234C4a,1050M,,SCHEDULED,600,10.0
2026-06-02T07:00:54Z,1050M21712C2,1050M,,SCHEDULED,240,4.0
2026-06-02T07:00:54Z,1050M20751C5,1050M,,SCHEDULED,720,12.0
2026-06-02T07:00:54Z,1050M21315C10,1050M,,SCHEDULED,60,1.0
2026-06-02T07:00:54Z,1050M20233C4a,1050M,,SCHEDULED,180,3.0
2026-06-02T07:00:54Z,1050M21523C2,1050M,,SCHEDULED,120,2.0
2026-06-02T07:00:54Z,1050M21729C2,1050M,,SCHEDULED,60,1.0
2026-06-02T07:00:54Z,1050M20433C4b,1050M,,SCHEDULED,600,10.0
2026-06-02T07:00:54Z,1050M20759C5,1050M,,CANCELED,,
2026-06-02T07:00:54Z,1050M21522C2,1050M,,SCHEDULED,180,3.0
2026-06-02T07:00:54Z,1050M21606C2,1050M,,SCHEDULED,600,10.0
2026-06-02T07:00:54Z,1050M20432C4b,1050M,,SCHEDULED,240,4.0
2026-06-02T07:00:54Z,1050M20431C4b,1050M,,SCHEDULED,660,11.0
2026-06-02T07:00:54Z,1050M21208C10,1050M,,SCHEDULED,60,1.0
2026-06-02T07:00:54Z,1050M21604C2,1050M,,SCHEDULED,60,1.0
2026-06-02T07:00:54Z,1050M20239C4a,1050M,,SCHEDULED,60,1.0
2026-06-02T07:00:54Z,1050M20430C4b,1050M,,SCHEDULED,420,7.0
2026-06-02T07:00:54Z,1050M20238C4a,1050M,,SCHEDULED,480,8.0
2026-06-02T07:00:54Z,1050M21723C2,1050M,,SCHEDULED,360,6.0
2026-06-02T07:00:54Z,1050M20755C5,1050M,,SCHEDULED,300,5.0
2026-06-02T07:00:54Z,1050M78024C3,1050M,,SCHEDULED,720,12.0
2026-06-02T07:00:54Z,1050M78026C3,1050M,,SCHEDULED,540,9.0
2026-06-02T07:00:54Z,1050M78025C3,1050M,,SCHEDULED,240,4.0
2026-06-02T07:00:54Z,1050M78027C3,1050M,,SCHEDULED,660,11.0
2026-06-02T07:00:54Z,1050M78029C3,1050M,,SCHEDULED,180,3.0
2026-06-02T07:00:54Z,1050M20764C5,1050M,,SCHEDULED,60,1.0
2026-06-02T07:00:54Z,1050M21731C2,1050M,,SCHEDULED,-120,-2.0
2026-06-02T07:00:54Z,1050M20763C5,1050M,,SCHEDULED,480,8.0
2026-06-02T07:00:54Z,1050M20244C4a,1050M,,SCHEDULED,60,1.0
2026-06-02T07:00:54Z,1050M21210C10,1050M,,SCHEDULED,360,6.0
2026-06-02T07:00:54Z,1050M20241C4a,1050M,,SCHEDULED,180,3.0
2026-06-02T07:00:54Z,1050M20240C4a,1050M,,SCHEDULED,180,3.0
2026-06-02T07:00:54Z,1050M20769C5,1050M,,SCHEDULED,480,8.0
2026-06-02T07:00:54Z,1050M21609C2,1050M,,SCHEDULED,420,7.0
2026-06-02T07:05:30Z,3050M23515C1,3050M,,SCHEDULED,780,13.0
2026-06-02T07:05:30Z,3050M23518C1,3050M,,SCHEDULED,720,12.0
2026-06-02T07:05:30Z,3050M23519C1,3050M,,SCHEDULED,1020,17.0
2026-06-02T07:05:30Z,3050M23520C1,3050M,,SCHEDULED,360,6.0
2026-06-02T07:05:30Z,3050M23613C4,3050M,,SCHEDULED,2040,34.0
2026-06-02T07:05:30Z,3050M23514C1,3050M,,SCHEDULED,540,9.0
2026-06-02T07:05:30Z,3150M23211C1,3150M,,SCHEDULED,240,4.0
2026-06-02T07:05:30Z,3150M23272C1,3150M,,SCHEDULED,240,4.0
2026-06-02T07:05:30Z,3150M23256C1,3150M,,SCHEDULED,60,1.0
2026-06-02T07:05:30Z,3250M23321C1,3250M,,SCHEDULED,180,3.0
2026-06-02T07:05:30Z,4050M76213C1,4050M,,SCHEDULED,180,3.0
2026-06-02T07:05:30Z,5150M77212R2S,5150M,,SCHEDULED,360,6.0
2026-06-02T07:05:30Z,5150M77710R4,5150M,,SCHEDULED,1800,30.0
2026-06-02T07:05:30Z,5150M78292R2,5150M,,SCHEDULED,120,2.0
2026-06-02T07:05:30Z,5150M25715R1,5150M,,SCHEDULED,120,2.0
2026-06-02T07:05:30Z,5150M25718R1,5150M,,SCHEDULED,240,4.0
2026-06-02T07:05:30Z,5150M28560R2,5150M,,SCHEDULED,240,4.0
2026-06-02T07:05:30Z,5150M28478R2,5150M,,SCHEDULED,60,1.0
2026-06-02T07:05:30Z,5150M77215R2S,5150M,,SCHEDULED,-60,-1.0
2026-06-02T07:05:30Z,5150M77322R3,5150M,,SCHEDULED,-120,-2.0
2026-06-02T07:05:30Z,5150M77216R2S,5150M,,SCHEDULED,60,1.0
2026-06-02T07:05:30Z,5150M25622R1,5150M,,SCHEDULED,360,6.0
2026-06-02T07:05:30Z,5150M25626R1,5150M,,SCHEDULED,360,6.0
2026-06-02T07:05:30Z,5150M77514R4,5150M,,SCHEDULED,360,6.0
2026-06-02T07:05:30Z,5150M78636R8,5150M,,SCHEDULED,720,12.0
2026-06-02T07:05:30Z,5150M35505R3,5150M,,SCHEDULED,240,4.0
2026-06-02T07:05:30Z,5150M25720R1,5150M,,SCHEDULED,180,3.0
2026-06-02T07:05:30Z,5150M77211R2S,5150M,,SCHEDULED,360,6.0
2026-06-02T07:05:30Z,5150M77213R2S,5150M,,SCHEDULED,120,2.0
2026-06-02T07:05:30Z,6050M26018C2,6050M,,SCHEDULED,360,6.0
2026-06-02T07:05:30Z,6150M32704C1,6150M,,SCHEDULED,120,2.0
2026-06-02T07:05:30Z,6250M71850C2,6250M,,SCHEDULED,600,10.0
2026-06-02T07:05:30Z,6250M71851C3,6250M,,SCHEDULED,60,1.0
2026-06-02T07:05:30Z,6250M71155C2,6250M,,SCHEDULED,300,5.0
2026-06-02T07:05:30Z,6250M71322C2,6250M,,SCHEDULED,300,5.0
2026-06-02T07:05:30Z,6250M35918C1,6250M,,SCHEDULED,1020,17.0
2026-06-02T07:05:30Z,2050M70304C4,2050M,,SCHEDULED,300,5.0
2026-06-02T07:05:30Z,4150M84904C2,4150M,,SCHEDULED,9000,150.0
2026-06-02T07:05:30Z,1050M21812C7,1050M,,SCHEDULED,360,6.0
2026-06-02T07:05:30Z,1050M21810C7,1050M,,SCHEDULED,360,6.0
2026-06-02T07:05:30Z,1050M20773C5,1050M,,SCHEDULED,300,5.0
2026-06-02T07:05:30Z,1050M20772C5,1050M,,SCHEDULED,240,4.0
2026-06-02T07:05:30Z,1050M20779C5,1050M,,SCHEDULED,180,3.0
2026-06-02T07:05:30Z,1050M20776C5,1050M,,SCHEDULED,540,9.0
2026-06-02T07:05:30Z,1050M19822C1,1050M,,SCHEDULED,300,5.0
2026-06-02T07:05:30Z,1050M21114C10,1050M,,SCHEDULED,240,4.0
2026-06-02T07:05:30Z,1050M20782C5,1050M,,SCHEDULED,420,7.0
2026-06-02T07:05:30Z,1050M21112C10,1050M,,SCHEDULED,660,11.0
2026-06-02T07:05:30Z,1050M21519C2,1050M,,SCHEDULED,60,1.0
2026-06-02T07:05:30Z,1050M20428C4b,1050M,,SCHEDULED,420,7.0
2026-06-02T07:05:30Z,1050M20426C4b,1050M,,SCHEDULED,900,15.0
2026-06-02T07:05:30Z,1050M20424C4b,1050M,,SCHEDULED,360,6.0
2026-06-02T07:05:30Z,1050M20236C4a,1050M,,SCHEDULED,840,14.0
2026-06-02T07:05:30Z,1050M20235C4a,1050M,,SCHEDULED,780,13.0
2026-06-02T07:05:30Z,1050M20233C4a,1050M,,SCHEDULED,300,5.0
2026-06-02T07:05:30Z,1050M20759C5,1050M,,CANCELED,,
2026-06-02T07:05:30Z,1050M21606C2,1050M,,SCHEDULED,540,9.0
2026-06-02T07:05:30Z,1050M21604C2,1050M,,SCHEDULED,240,4.0
2026-06-02T07:05:30Z,1050M21723C2,1050M,,SCHEDULED,420,7.0
2026-06-02T07:05:30Z,1050M78022C3,1050M,,SCHEDULED,240,4.0
2026-06-02T07:05:30Z,1050M20755C5,1050M,,SCHEDULED,540,9.0
2026-06-02T07:05:30Z,1050M78024C3,1050M,,SCHEDULED,720,12.0
2026-06-02T07:05:30Z,1050M78026C3,1050M,,SCHEDULED,540,9.0
2026-06-02T07:05:30Z,1050M78025C3,1050M,,SCHEDULED,240,4.0
2026-06-02T07:05:30Z,1050M78028C3,1050M,,SCHEDULED,60,1.0
2026-06-02T07:05:30Z,1050M78027C3,1050M,,SCHEDULED,660,11.0
2026-06-02T07:05:30Z,1050M78029C3,1050M,,SCHEDULED,60,1.0
2026-06-02T07:05:30Z,1050M21611C2,1050M,,SCHEDULED,420,7.0
2026-06-02T07:05:30Z,1050M21731C2,1050M,,SCHEDULED,-120,-2.0
2026-06-02T07:05:30Z,1050M20430C4b,1050M,,SCHEDULED,420,7.0
2026-06-02T07:05:30Z,1050M20763C5,1050M,,SCHEDULED,540,9.0
2026-06-02T07:05:30Z,1050M21212C10,1050M,,SCHEDULED,60,1.0
2026-06-02T07:05:30Z,1050M20244C4a,1050M,,SCHEDULED,120,2.0
2026-06-02T07:05:30Z,1050M20437C4,1050M,,SCHEDULED,720,12.0
2026-06-02T07:05:30Z,1050M20435C4b,1050M,,SCHEDULED,360,6.0
2026-06-02T07:05:30Z,1050M21210C10,1050M,,SCHEDULED,300,5.0
2026-06-02T07:05:30Z,1050M19602C5,1050M,,SCHEDULED,300,5.0
2026-06-02T07:05:30Z,1050M20241C4a,1050M,,SCHEDULED,240,4.0
2026-06-02T07:05:30Z,1050M19605C5,1050M,,SCHEDULED,240,4.0
2026-06-02T07:05:30Z,1050M20769C5,1050M,,SCHEDULED,420,7.0
2026-06-02T07:05:30Z,1050M78135C3,1050M,,SCHEDULED,420,7.0
2026-06-02T07:05:30Z,1050M21609C2,1050M,,SCHEDULED,360,6.0
2026-06-02T07:05:30Z,1050M19576C5,1050M,,SCHEDULED,600,10.0
2026-06-02T07:05:30Z,1050M20610C8b,1050M,,SCHEDULED,120,2.0
2026-06-02T07:05:30Z,1050M19587C5,1050M,,SCHEDULED,660,11.0
2026-06-02T07:05:30Z,1050M19583C5,1050M,,SCHEDULED,300,5.0
2026-06-02T07:05:30Z,1050M19586C5,1050M,,SCHEDULED,720,12.0
2026-06-02T07:05:30Z,1050M19580C5,1050M,,SCHEDULED,420,7.0
2026-06-02T07:05:30Z,1050M19579C5,1050M,,SCHEDULED,780,13.0
2026-06-02T07:05:30Z,1050M20441C4,1050M,,SCHEDULED,480,8.0
2026-06-02T07:05:30Z,1050M21011C8a,1050M,,SCHEDULED,540,9.0
2026-06-02T07:05:30Z,1050M21819C7,1050M,,SCHEDULED,420,7.0
2026-06-02T07:05:30Z,1050M21314C10,1050M,,SCHEDULED,660,11.0
2026-06-02T07:05:30Z,1050M19599C5,1050M,,SCHEDULED,240,4.0
2026-06-02T07:05:30Z,1050M19598C5,1050M,,SCHEDULED,420,7.0
2026-06-02T07:05:30Z,1050M21313C10,1050M,,SCHEDULED,960,16.0
2026-06-02T07:05:30Z,1050M19574C5,1050M,,SCHEDULED,540,9.0
2026-06-02T07:05:30Z,1050M20607C8b,1050M,,SCHEDULED,180,3.0
2026-06-02T07:05:30Z,1050M21817C7,1050M,,SCHEDULED,240,4.0
2026-06-02T07:05:30Z,1050M21312C10,1050M,,SCHEDULED,420,7.0
2026-06-02T07:05:30Z,1050M19595C5,1050M,,SCHEDULED,480,8.0
2026-06-02T07:05:30Z,1050M19594C5,1050M,,SCHEDULED,300,5.0
2026-06-02T07:05:30Z,1050M19591C5,1050M,,SCHEDULED,540,9.0
2026-06-02T07:05:30Z,1050M19590C5,1050M,,SCHEDULED,420,7.0
2026-06-02T07:05:30Z,1050M21716C2,1050M,,SCHEDULED,120,2.0
2026-06-02T07:05:30Z,1050M21816C7,1050M,,SCHEDULED,-120,-2.0
2026-06-02T07:05:30Z,1050M21814C7,1050M,,SCHEDULED,360,6.0
2026-06-02T07:05:30Z,1050M78031C3,1050M,,SCHEDULED,120,2.0
2026-06-02T07:05:30Z,1050M78030C3,1050M,,SCHEDULED,240,4.0
2026-06-02T07:05:30Z,1050M21712C2,1050M,,SCHEDULED,300,5.0
2026-06-02T07:05:30Z,1050M21315C10,1050M,,SCHEDULED,240,4.0
2026-06-02T07:05:30Z,1050M20433C4b,1050M,,SCHEDULED,540,9.0
2026-06-02T07:05:30Z,1050M20432C4b,1050M,,SCHEDULED,240,4.0
2026-06-02T07:20:35Z,3050M23523C1,3050M,,SCHEDULED,720,12.0
2026-06-02T07:20:35Z,3050M23520C1,3050M,,SCHEDULED,300,5.0
2026-06-02T07:20:35Z,3050M23518C1,3050M,,SCHEDULED,900,15.0
2026-06-02T07:20:35Z,3050M23519C1,3050M,,SCHEDULED,960,16.0
2026-06-02T07:20:35Z,3150M23211C1,3150M,,SCHEDULED,240,4.0
2026-06-02T07:20:35Z,3150M23210C1,3150M,,SCHEDULED,240,4.0
2026-06-02T07:20:35Z,3150M23427T1,3150M,,SCHEDULED,120,2.0
2026-06-02T07:20:35Z,3250M23323C1,3250M,,SCHEDULED,60,1.0
2026-06-02T07:20:35Z,3250M23314C1,3250M,,SCHEDULED,60,1.0
2026-06-02T07:20:35Z,3250M23154C2,3250M,,SCHEDULED,180,3.0
2026-06-02T07:20:35Z,4050M24024C2,4050M,,SCHEDULED,60,1.0
2026-06-02T07:20:35Z,4050M24313C6,4050M,,SCHEDULED,120,2.0
2026-06-02T07:20:35Z,5150M35505R3,5150M,,SCHEDULED,840,14.0
2026-06-02T07:20:35Z,5150M25721R1,5150M,,SCHEDULED,240,4.0
2026-06-02T07:20:35Z,5150M78806R11,5150M,,SCHEDULED,420,7.0
2026-06-02T07:20:35Z,5150M78904R11,5150M,,SCHEDULED,240,4.0
2026-06-02T07:20:35Z,5150M25722R1,5150M,,SCHEDULED,360,6.0
2026-06-02T07:20:35Z,5150M77322R3,5150M,,SCHEDULED,0,0.0
2026-06-02T07:20:35Z,5150M77408R4,5150M,,SCHEDULED,180,3.0
2026-06-02T07:20:35Z,5150M78854R11,5150M,,SCHEDULED,480,8.0
2026-06-02T07:20:35Z,5150M28516R2,5150M,,SCHEDULED,900,15.0
2026-06-02T07:20:35Z,5150M25410R2N,5150M,,SCHEDULED,1200,20.0
2026-06-02T07:20:35Z,5150M77211R2S,5150M,,SCHEDULED,300,5.0
2026-06-02T07:20:35Z,5150M25412R2N,5150M,,SCHEDULED,660,11.0
2026-06-02T07:20:35Z,5150M77410R4,5150M,,SCHEDULED,300,5.0
2026-06-02T07:20:35Z,5150M25628R1,5150M,,SCHEDULED,240,4.0
2026-06-02T07:20:35Z,5150M25613R1,5150M,,SCHEDULED,900,15.0
2026-06-02T07:20:35Z,5150M78212R2S,5150M,,SCHEDULED,120,2.0
2026-06-02T07:20:35Z,5150M28414R2N,5150M,,SCHEDULED,120,2.0
2026-06-02T07:20:35Z,5150M28418R2N,5150M,,SCHEDULED,60,1.0
2026-06-02T07:20:35Z,5150M77213R2S,5150M,,SCHEDULED,300,5.0
2026-06-02T07:20:35Z,5150M77214R2S,5150M,,SCHEDULED,120,2.0
2026-06-02T07:20:35Z,5150M77512R4,5150M,,SCHEDULED,1260,21.0
2026-06-02T07:20:35Z,5150M77712R4,5150M,,SCHEDULED,840,14.0
2026-06-02T07:20:35Z,5150M77714R4,5150M,,SCHEDULED,960,16.0
2026-06-02T07:20:35Z,5150M77412R4,5150M,,SCHEDULED,180,3.0
2026-06-02T07:20:35Z,5150M77215R2S,5150M,,SCHEDULED,60,1.0
2026-06-02T07:20:35Z,5150M77612R4,5150M,,SCHEDULED,180,3.0
2026-06-02T07:20:35Z,6050M26023C2,6050M,,SCHEDULED,120,2.0
2026-06-02T07:20:35Z,6050M26608C3,6050M,,SCHEDULED,-60,-1.0
2026-06-02T07:20:35Z,6050M26517C3,6050M,,SCHEDULED,120,2.0
2026-06-02T07:20:35Z,6250M71851C3,6250M,,SCHEDULED,120,2.0
2026-06-02T07:20:35Z,2050M70304C4,2050M,,SCHEDULED,1200,20.0
2026-06-02T07:20:35Z,4150M84904C2,4150M,,SCHEDULED,9900,165.0
2026-06-02T07:20:35Z,1050M21812C7,1050M,,SCHEDULED,660,11.0
2026-06-02T07:20:35Z,1050M21810C7,1050M,,SCHEDULED,60,1.0
2026-06-02T07:20:35Z,1050M20773C5,1050M,,SCHEDULED,360,6.0
2026-06-02T07:20:35Z,1050M20772C5,1050M,,SCHEDULED,540,9.0
2026-06-02T07:20:35Z,1050M20779C5,1050M,,SCHEDULED,120,2.0
2026-06-02T07:20:35Z,1050M20776C5,1050M,,SCHEDULED,540,9.0
2026-06-02T07:20:35Z,1050M20430C4b,1050M,,SCHEDULED,660,11.0
2026-06-02T07:20:35Z,1050M21116C10,1050M,,SCHEDULED,60,1.0
2026-06-02T07:20:35Z,1050M20785C5,1050M,,SCHEDULED,180,3.0
2026-06-02T07:20:35Z,1050M20439C4b,1050M,,SCHEDULED,480,8.0
2026-06-02T07:20:35Z,1050M21526C2,1050M,,SCHEDULED,120,2.0
2026-06-02T07:20:35Z,1050M20436C4b,1050M,,SCHEDULED,60,1.0
2026-06-02T07:20:35Z,1050M20435C4b,1050M,,SCHEDULED,420,7.0
2026-06-02T07:20:35Z,1050M20782C5,1050M,,SCHEDULED,480,8.0
2026-06-02T07:20:35Z,1050M19606C5,1050M,,SCHEDULED,420,7.0
2026-06-02T07:20:35Z,1050M21112C10,1050M,,SCHEDULED,840,14.0
2026-06-02T07:20:35Z,1050M19609C5,1050M,,SCHEDULED,60,1.0
2026-06-02T07:20:35Z,1050M19602C5,1050M,,SCHEDULED,600,10.0
2026-06-02T07:20:35Z,1050M20428C4b,1050M,,SCHEDULED,720,12.0
2026-06-02T07:20:35Z,1050M19605C5,1050M,,SCHEDULED,240,4.0
2026-06-02T07:20:35Z,1050M21611C2,1050M,,SCHEDULED,480,8.0
2026-06-02T07:20:35Z,1050M21731C2,1050M,,SCHEDULED,180,3.0
2026-06-02T07:20:35Z,1050M20246C4a,1050M,,SCHEDULED,240,4.0
2026-06-02T07:20:35Z,1050M20763C5,1050M,,SCHEDULED,480,8.0
2026-06-02T07:20:35Z,1050M19576C5,1050M,,SCHEDULED,600,10.0
2026-06-02T07:20:35Z,1050M20244C4a,1050M,,SCHEDULED,60,1.0
2026-06-02T07:20:35Z,1050M21015C8a,1050M,,SCHEDULED,300,5.0
2026-06-02T07:20:35Z,1050M20443C4b,1050M,,SCHEDULED,600,10.0
2026-06-02T07:20:35Z,1050M20243C4a,1050M,,SCHEDULED,660,11.0
2026-06-02T07:20:35Z,1050M21014C8a,1050M,,SCHEDULED,60,1.0
2026-06-02T07:20:35Z,1050M21011C8a,1050M,,SCHEDULED,540,9.0
2026-06-02T07:20:35Z,1050M20607C8b,1050M,,SCHEDULED,420,7.0
2026-06-02T07:20:35Z,1050M21210C10,1050M,,SCHEDULED,540,9.0
2026-06-02T07:20:35Z,1050M21816C7,1050M,,SCHEDULED,240,4.0
2026-06-02T07:20:35Z,1050M20240C4a,1050M,,SCHEDULED,60,1.0
2026-06-02T07:20:35Z,1050M20769C5,1050M,,SCHEDULED,420,7.0
2026-06-02T07:20:35Z,1050M20248C4a,1050M,,SCHEDULED,120,2.0
2026-06-02T07:20:35Z,1050M20235C4a,1050M,,SCHEDULED,780,13.0
2026-06-02T07:20:35Z,1050M19587C5,1050M,,SCHEDULED,660,11.0
2026-06-02T07:20:35Z,1050M19586C5,1050M,,SCHEDULED,600,10.0
2026-06-02T07:20:35Z,1050M21608C2,1050M,,SCHEDULED,180,3.0
2026-06-02T07:20:35Z,1050M19580C5,1050M,,SCHEDULED,720,12.0
2026-06-02T07:20:35Z,1050M21729C2,1050M,,SCHEDULED,120,2.0
2026-06-02T07:20:35Z,1050M21825C7,1050M,,SCHEDULED,-120,-2.0
2026-06-02T07:20:35Z,1050M21606C2,1050M,,SCHEDULED,840,14.0
2026-06-02T07:20:35Z,1050M21823C7,1050M,,SCHEDULED,120,2.0
2026-06-02T07:20:35Z,1050M21604C2,1050M,,SCHEDULED,300,5.0
2026-06-02T07:20:35Z,1050M20239C4a,1050M,,SCHEDULED,180,3.0
2026-06-02T07:20:35Z,1050M21821C7,1050M,,SCHEDULED,240,4.0
2026-06-02T07:20:35Z,1050M21819C7,1050M,,SCHEDULED,900,15.0
2026-06-02T07:20:35Z,1050M20238C4a,1050M,,SCHEDULED,480,8.0
2026-06-02T07:20:35Z,1050M21818C7,1050M,,SCHEDULED,-120,-2.0
2026-06-02T07:20:35Z,1050M21314C10,1050M,,SCHEDULED,720,12.0
2026-06-02T07:20:35Z,1050M19599C5,1050M,,SCHEDULED,420,7.0
2026-06-02T07:20:35Z,1050M19598C5,1050M,,SCHEDULED,660,11.0
2026-06-02T07:20:35Z,1050M19595C5,1050M,,SCHEDULED,360,6.0
2026-06-02T07:20:35Z,1050M19594C5,1050M,,SCHEDULED,300,5.0
2026-06-02T07:20:35Z,1050M19591C5,1050M,,SCHEDULED,540,9.0
2026-06-02T07:20:35Z,1050M19590C5,1050M,,SCHEDULED,360,6.0
2026-06-02T07:20:35Z,1050M21716C2,1050M,,SCHEDULED,360,6.0
2026-06-02T07:20:35Z,1050M78031C3,1050M,,SCHEDULED,240,4.0
2026-06-02T07:20:35Z,1050M21714C2,1050M,,SCHEDULED,960,16.0
2026-06-02T07:20:35Z,1050M78028C3,1050M,,SCHEDULED,660,11.0
2026-06-02T07:20:35Z,1050M78033C3,1050M,,SCHEDULED,180,3.0
2026-06-02T07:20:35Z,1050M78027C3,1050M,,SCHEDULED,900,15.0
2026-06-02T07:20:35Z,1050M21315C10,1050M,,SCHEDULED,540,9.0
2026-06-02T07:20:35Z,1050M20434C4b,1050M,,SCHEDULED,60,1.0
2026-06-02T07:20:35Z,1050M78029C3,1050M,,SCHEDULED,720,12.0
2026-06-02T07:20:35Z,1050M21523C2,1050M,,SCHEDULED,60,1.0
2026-06-02T07:20:35Z,1050M20432C4b,1050M,,SCHEDULED,180,3.0
2026-06-02T07:25:28Z,3050M23519C1,3050M,,SCHEDULED,900,15.0
2026-06-02T07:25:28Z,3150M23213C1,3150M,,SCHEDULED,60,1.0
2026-06-02T07:25:28Z,3150M23427T1,3150M,,SCHEDULED,180,3.0
2026-06-02T07:25:28Z,3150M23210C1,3150M,,SCHEDULED,420,7.0
2026-06-02T07:25:28Z,3250M23316C1,3250M,,SCHEDULED,180,3.0
2026-06-02T07:25:28Z,4050M24024C2,4050M,,SCHEDULED,60,1.0
2026-06-02T07:25:28Z,4050M24312C6,4050M,,SCHEDULED,-60,-1.0
2026-06-02T07:25:28Z,4050M76214C1,4050M,,SCHEDULED,-60,-1.0
2026-06-02T07:25:28Z,5150M35507R3,5150M,,SCHEDULED,120,2.0
2026-06-02T07:25:28Z,5150M77215R2S,5150M,,SCHEDULED,120,2.0
2026-06-02T07:25:28Z,5150M25488R2,5150M,,SCHEDULED,960,16.0
2026-06-02T07:25:28Z,5150M28516R2,5150M,,SCHEDULED,900,15.0
2026-06-02T07:25:28Z,5150M77416R4,5150M,,SCHEDULED,120,2.0
2026-06-02T07:25:28Z,5150M25724R1,5150M,,SCHEDULED,420,7.0
2026-06-02T07:25:28Z,5150M25628R1,5150M,,SCHEDULED,360,6.0
2026-06-02T07:25:28Z,5150M77322R3,5150M,,SCHEDULED,120,2.0
2026-06-02T07:25:28Z,5150M28416R2N,5150M,,SCHEDULED,360,6.0
2026-06-02T07:25:28Z,5150M25626R1,5150M,,SCHEDULED,240,4.0
2026-06-02T07:25:28Z,5150M78215R2S,5150M,,SCHEDULED,120,2.0
2026-06-02T07:25:28Z,5150M77512R4,5150M,,SCHEDULED,1020,17.0
2026-06-02T07:25:28Z,5150M77514R4,5150M,,SCHEDULED,960,16.0
2026-06-02T07:25:28Z,5150M77712R4,5150M,,SCHEDULED,780,13.0
2026-06-02T07:25:28Z,5150M78214R2S,5150M,,SCHEDULED,-60,-1.0
2026-06-02T07:25:28Z,5150M77216R2S,5150M,,SCHEDULED,300,5.0
2026-06-02T07:25:28Z,5150M78852R11,5150M,,SCHEDULED,240,4.0
2026-06-02T07:25:28Z,5150M25715R1,5150M,,SCHEDULED,240,4.0
2026-06-02T07:25:28Z,5150M25410R2N,5150M,,SCHEDULED,1320,22.0
2026-06-02T07:25:28Z,5150M25717R1,5150M,,SCHEDULED,120,2.0
2026-06-02T07:25:28Z,5150M25412R2N,5150M,,SCHEDULED,600,10.0
2026-06-02T07:25:28Z,5150M25613R1,5150M,,SCHEDULED,840,14.0
2026-06-02T07:25:28Z,5150M78213R2S,5150M,,SCHEDULED,300,5.0
2026-06-02T07:25:28Z,6250M71110C2,6250M,,SCHEDULED,120,2.0
2026-06-02T07:25:28Z,6250M71158C2,6250M,,SCHEDULED,420,7.0
2026-06-02T07:25:28Z,6250M26913C1,6250M,,SCHEDULED,60,1.0
2026-06-02T07:25:28Z,4750M71090C1,4750M,,SCHEDULED,540,9.0
2026-06-02T07:25:28Z,4150M84904C2,4150M,,SCHEDULED,10200,170.0
2026-06-02T07:25:28Z,1050M19829C1,1050M,,SCHEDULED,120,2.0
2026-06-02T07:25:28Z,1050M20786C5,1050M,,SCHEDULED,180,3.0
2026-06-02T07:25:28Z,1050M21116C10,1050M,,SCHEDULED,60,1.0
2026-06-02T07:25:28Z,1050M20785C5,1050M,,SCHEDULED,120,2.0
2026-06-02T07:25:28Z,1050M21114C10,1050M,,SCHEDULED,60,1.0
2026-06-02T07:25:28Z,1050M20782C5,1050M,,SCHEDULED,480,8.0
2026-06-02T07:25:28Z,1050M21112C10,1050M,,SCHEDULED,840,14.0
2026-06-02T07:25:28Z,1050M21519C2,1050M,,SCHEDULED,120,2.0
2026-06-02T07:25:28Z,1050M20426C4b,1050M,,SCHEDULED,840,14.0
2026-06-02T07:25:28Z,1050M20434C4b,1050M,,SCHEDULED,300,5.0
2026-06-02T07:25:28Z,1050M20432C4b,1050M,,SCHEDULED,300,5.0
2026-06-02T07:25:28Z,1050M20430C4b,1050M,,SCHEDULED,600,10.0
2026-06-02T07:25:28Z,1050M21528C2,1050M,,SCHEDULED,300,5.0
2026-06-02T07:25:28Z,1050M20439C4b,1050M,,SCHEDULED,420,7.0
2026-06-02T07:25:28Z,1050M20438C4b,1050M,,SCHEDULED,-60,-1.0
2026-06-02T07:25:28Z,1050M21526C2,1050M,,SCHEDULED,180,3.0
2026-06-02T07:25:28Z,1050M19606C5,1050M,,SCHEDULED,600,10.0
2026-06-02T07:25:28Z,1050M19609C5,1050M,,SCHEDULED,120,2.0
2026-06-02T07:25:28Z,1050M19602C5,1050M,,SCHEDULED,480,8.0
2026-06-02T07:25:28Z,1050M19605C5,1050M,,SCHEDULED,240,4.0
2026-06-02T07:25:28Z,1050M19610C5,1050M,,SCHEDULED,660,11.0
2026-06-02T07:25:28Z,1050M19576C5,1050M,,SCHEDULED,720,12.0
2026-06-02T07:25:28Z,1050M21015C8a,1050M,,SCHEDULED,360,6.0
2026-06-02T07:25:28Z,1050M21014C8a,1050M,,SCHEDULED,120,2.0
2026-06-02T07:25:28Z,1050M21011C8a,1050M,,SCHEDULED,600,10.0
2026-06-02T07:25:28Z,1050M20607C8b,1050M,,SCHEDULED,540,9.0
2026-06-02T07:25:28Z,1050M21816C7,1050M,,SCHEDULED,60,1.0
2026-06-02T07:25:28Z,1050M19587C5,1050M,,SCHEDULED,780,13.0
2026-06-02T07:25:28Z,1050M19586C5,1050M,,SCHEDULED,660,11.0
2026-06-02T07:25:28Z,1050M19580C5,1050M,,SCHEDULED,720,12.0
2026-06-02T07:25:28Z,1050M21825C7,1050M,,SCHEDULED,-120,-2.0
2026-06-02T07:25:28Z,1050M21611C2,1050M,,SCHEDULED,300,5.0
2026-06-02T07:25:28Z,1050M21823C7,1050M,,SCHEDULED,60,1.0
2026-06-02T07:25:28Z,1050M21731C2,1050M,,SCHEDULED,180,3.0
2026-06-02T07:25:28Z,1050M21821C7,1050M,,SCHEDULED,240,4.0
2026-06-02T07:25:28Z,1050M20609C8b,1050M,,SCHEDULED,360,6.0
2026-06-02T07:25:28Z,1050M20763C5,1050M,,SCHEDULED,660,11.0
2026-06-02T07:25:28Z,1050M20244C4a,1050M,,SCHEDULED,60,1.0
2026-06-02T07:25:28Z,1050M21818C7,1050M,,SCHEDULED,-120,-2.0
2026-06-02T07:25:28Z,1050M21314C10,1050M,,SCHEDULED,720,12.0
2026-06-02T07:25:28Z,1050M19599C5,1050M,,SCHEDULED,300,5.0
2026-06-02T07:25:28Z,1050M19598C5,1050M,,SCHEDULED,660,11.0
2026-06-02T07:25:28Z,1050M19595C5,1050M,,SCHEDULED,420,7.0
2026-06-02T07:25:28Z,1050M19594C5,1050M,,SCHEDULED,240,4.0
2026-06-02T07:25:28Z,1050M19591C5,1050M,,SCHEDULED,540,9.0
2026-06-02T07:25:28Z,1050M19590C5,1050M,,SCHEDULED,420,7.0
2026-06-02T07:25:28Z,1050M20243C4a,1050M,,SCHEDULED,720,12.0
2026-06-02T07:25:28Z,1050M21716C2,1050M,,SCHEDULED,60,1.0
2026-06-02T07:25:28Z,1050M21210C10,1050M,,SCHEDULED,540,9.0
2026-06-02T07:25:28Z,1050M20241C4a,1050M,,SCHEDULED,360,6.0
2026-06-02T07:25:28Z,1050M21714C2,1050M,,SCHEDULED,1020,17.0
2026-06-02T07:25:28Z,1050M20769C5,1050M,,SCHEDULED,540,9.0
2026-06-02T07:25:28Z,1050M21733C2,1050M,,SCHEDULED,-60,-1.0
2026-06-02T07:25:28Z,1050M78030C3,1050M,,SCHEDULED,360,6.0
2026-06-02T07:25:28Z,1050M78033C3,1050M,,SCHEDULED,180,3.0
2026-06-02T07:25:28Z,1050M20248C4a,1050M,,SCHEDULED,180,3.0
2026-06-02T07:25:28Z,1050M21315C10,1050M,,SCHEDULED,720,12.0
2026-06-02T07:25:28Z,1050M20235C4a,1050M,,SCHEDULED,900,15.0
2026-06-02T07:25:28Z,1050M21812C7,1050M,,SCHEDULED,660,11.0
2026-06-02T07:25:28Z,1050M21608C2,1050M,,SCHEDULED,300,5.0
2026-06-02T07:25:28Z,1050M21606C2,1050M,,SCHEDULED,720,12.0
2026-06-02T07:25:28Z,1050M21604C2,1050M,,SCHEDULED,300,5.0
2026-06-02T07:25:28Z,1050M20239C4a,1050M,,SCHEDULED,360,6.0
2026-06-02T07:25:28Z,1050M19613C5,1050M,,SCHEDULED,60,1.0
2026-06-02T07:25:28Z,1050M78028C3,1050M,,SCHEDULED,660,11.0
2026-06-02T07:25:28Z,1050M20773C5,1050M,,SCHEDULED,360,6.0
2026-06-02T07:25:28Z,1050M78027C3,1050M,,SCHEDULED,900,15.0
2026-06-02T07:25:28Z,1050M20772C5,1050M,,SCHEDULED,360,6.0
2026-06-02T07:25:28Z,1050M20779C5,1050M,,SCHEDULED,180,3.0
2026-06-02T07:25:28Z,1050M20776C5,1050M,,SCHEDULED,600,10.0
2026-06-02T07:30:44Z,3050M23522C1,3050M,,SCHEDULED,300,5.0
2026-06-02T07:30:44Z,3050M23523C1,3050M,,SCHEDULED,840,14.0
2026-06-02T07:30:44Z,3050M23519C1,3050M,,SCHEDULED,900,15.0
2026-06-02T07:30:44Z,3050M23525C1,3050M,,SCHEDULED,240,4.0
2026-06-02T07:30:44Z,3150M23213C1,3150M,,SCHEDULED,60,1.0
2026-06-02T07:30:44Z,3150M23210C1,3150M,,SCHEDULED,420,7.0
2026-06-02T07:30:44Z,3150M23427T1,3150M,,SCHEDULED,180,3.0
2026-06-02T07:30:44Z,3150M23428T1,3150M,,SCHEDULED,120,2.0
2026-06-02T07:30:44Z,3250M23323C1,3250M,,SCHEDULED,60,1.0
2026-06-02T07:30:44Z,3250M23316C1,3250M,,SCHEDULED,180,3.0
2026-06-02T07:30:44Z,4050M24023C2,4050M,,SCHEDULED,-60,-1.0
2026-06-02T07:30:44Z,4050M24019C2,4050M,,SCHEDULED,120,2.0
2026-06-02T07:30:44Z,4050M76610C3,4050M,,SCHEDULED,180,3.0
2026-06-02T07:30:44Z,5150M77416R4,5150M,,SCHEDULED,120,2.0
2026-06-02T07:30:44Z,5150M25717R1,5150M,,SCHEDULED,120,2.0
2026-06-02T07:30:44Z,5150M28554R2,5150M,,SCHEDULED,2640,44.0
2026-06-02T07:30:44Z,5150M25719R1,5150M,,SCHEDULED,360,6.0
2026-06-02T07:30:44Z,5150M77610R4,5150M,,SCHEDULED,120,2.0
2026-06-02T07:30:44Z,5150M25488R2,5150M,,SCHEDULED,960,16.0
2026-06-02T07:30:44Z,5150M25721R1,5150M,,SCHEDULED,60,1.0
2026-06-02T07:30:44Z,5150M77412R4,5150M,,SCHEDULED,180,3.0
2026-06-02T07:30:44Z,5150M25723R1,5150M,,SCHEDULED,180,3.0
2026-06-02T07:30:44Z,5150M77612R4,5150M,,SCHEDULED,60,1.0
2026-06-02T07:30:44Z,5150M25725R1,5150M,,SCHEDULED,180,3.0
2026-06-02T07:30:44Z,5150M77614R4,5150M,,SCHEDULED,1260,21.0
2026-06-02T07:30:44Z,5150M25724R1,5150M,,SCHEDULED,840,14.0
2026-06-02T07:30:44Z,5150M77410R4,5150M,,SCHEDULED,540,9.0
2026-06-02T07:30:44Z,5150M78215R2S,5150M,,SCHEDULED,180,3.0
2026-06-02T07:30:44Z,5150M77522R4,5150M,,SCHEDULED,-60,-1.0
2026-06-02T07:30:44Z,5150M25484R2S,5150M,,SCHEDULED,180,3.0
2026-06-02T07:30:44Z,5150M78852R11,5150M,,SCHEDULED,360,6.0
2026-06-02T07:30:44Z,5150M77213R2S,5150M,,SCHEDULED,240,4.0
2026-06-02T07:30:44Z,5150M78854R11,5150M,,SCHEDULED,480,8.0
2026-06-02T07:30:44Z,5150M25628R1,5150M,,SCHEDULED,600,10.0
2026-06-02T07:30:44Z,5150M28416R2N,5150M,,SCHEDULED,360,6.0
2026-06-02T07:30:44Z,5150M15061R17,5150M,,SCHEDULED,600,10.0
2026-06-02T07:30:44Z,5150M25624R1,5150M,,SCHEDULED,540,9.0
2026-06-02T07:30:44Z,5150M28418R2N,5150M,,SCHEDULED,60,1.0
2026-06-02T07:30:44Z,5150M30592R14,5150M,,SCHEDULED,780,13.0
2026-06-02T07:30:44Z,5150M78902R11,5150M,,SCHEDULED,120,2.0
2026-06-02T07:30:44Z,5150M28560R2,5150M,,SCHEDULED,120,2.0
2026-06-02T07:30:44Z,5150M77512R4,5150M,,SCHEDULED,1020,17.0
2026-06-02T07:30:44Z,5150M77514R4,5150M,,SCHEDULED,840,14.0
2026-06-02T07:30:44Z,5150M33522RL4,5150M,,SCHEDULED,480,8.0
2026-06-02T07:30:44Z,5150M77516R4,5150M,,SCHEDULED,60,1.0
2026-06-02T07:30:44Z,5150M77716R4,5150M,,SCHEDULED,60,1.0
2026-06-02T07:30:44Z,5150M77518R4,5150M,,SCHEDULED,60,1.0
2026-06-02T07:30:44Z,6150M32706C1,6150M,,SCHEDULED,300,5.0
2026-06-02T07:30:44Z,6250M71204C3,6250M,,SCHEDULED,60,1.0
2026-06-02T07:30:44Z,6250M71158C2,6250M,,SCHEDULED,420,7.0
2026-06-02T07:30:44Z,4650M71800C1,4650M,,SCHEDULED,480,8.0
2026-06-02T07:30:44Z,4750M71053C1,4750M,,SCHEDULED,720,12.0
2026-06-02T07:30:44Z,1050M21315C10,1050M,,SCHEDULED,780,13.0
2026-06-02T07:30:44Z,1050M21814C7,1050M,,SCHEDULED,540,9.0
2026-06-02T07:30:44Z,1050M21812C7,1050M,,SCHEDULED,480,8.0
2026-06-02T07:30:44Z,1050M20434C4b,1050M,,SCHEDULED,300,5.0
2026-06-02T07:30:44Z,1050M20432C4b,1050M,,SCHEDULED,300,5.0
2026-06-02T07:30:44Z,1050M20430C4b,1050M,,SCHEDULED,600,10.0
2026-06-02T07:30:44Z,1050M19613C5,1050M,,SCHEDULED,180,3.0
2026-06-02T07:30:44Z,1050M21528C2,1050M,,SCHEDULED,120,2.0
2026-06-02T07:30:44Z,1050M20439C4b,1050M,,SCHEDULED,780,13.0
2026-06-02T07:30:44Z,1050M20438C4b,1050M,,SCHEDULED,-60,-1.0
2026-06-02T07:30:44Z,1050M20773C5,1050M,,SCHEDULED,360,6.0
2026-06-02T07:30:44Z,1050M21526C2,1050M,,SCHEDULED,360,6.0
2026-06-02T07:30:44Z,1050M20436C4b,1050M,,SCHEDULED,120,2.0
2026-06-02T07:30:44Z,1050M19606C5,1050M,,SCHEDULED,600,10.0
2026-06-02T07:30:44Z,1050M20779C5,1050M,,SCHEDULED,300,5.0
2026-06-02T07:30:44Z,1050M19602C5,1050M,,SCHEDULED,720,12.0
2026-06-02T07:30:44Z,1050M20776C5,1050M,,SCHEDULED,480,8.0
2026-06-02T07:30:44Z,1050M19605C5,1050M,,SCHEDULED,180,3.0
2026-06-02T07:30:44Z,1050M20445C4b,1050M,,SCHEDULED,660,11.0
2026-06-02T07:30:44Z,1050M21116C10,1050M,,SCHEDULED,120,2.0
2026-06-02T07:30:44Z,1050M19610C5,1050M,,SCHEDULED,660,11.0
2026-06-02T07:30:44Z,1050M20786C5,1050M,,SCHEDULED,180,3.0
2026-06-02T07:30:44Z,1050M20785C5,1050M,,SCHEDULED,240,4.0
2026-06-02T07:30:44Z,1050M21114C10,1050M,,SCHEDULED,120,2.0
2026-06-02T07:30:44Z,1050M19831C1,1050M,,SCHEDULED,60,1.0
2026-06-02T07:30:44Z,1050M21011C8a,1050M,,SCHEDULED,720,12.0
2026-06-02T07:30:44Z,1050M21816C7,1050M,,SCHEDULED,180,3.0
2026-06-02T07:30:44Z,1050M20782C5,1050M,,SCHEDULED,540,9.0
2026-06-02T07:30:44Z,1050M21519C2,1050M,,SCHEDULED,120,2.0
2026-06-02T07:30:44Z,1050M20610C8b,1050M,,SCHEDULED,180,3.0
2026-06-02T07:30:44Z,1050M20426C4b,1050M,,SCHEDULED,960,16.0
2026-06-02T07:30:44Z,1050M19586C5,1050M,,SCHEDULED,900,15.0
2026-06-02T07:30:44Z,1050M21611C2,1050M,,SCHEDULED,240,4.0
2026-06-02T07:30:44Z,1050M21825C7,1050M,,SCHEDULED,-120,-2.0
2026-06-02T07:30:44Z,1050M21731C2,1050M,,SCHEDULED,60,1.0
2026-06-02T07:30:44Z,1050M20763C5,1050M,,SCHEDULED,480,8.0
2026-06-02T07:30:44Z,1050M21821C7,1050M,,SCHEDULED,180,3.0
2026-06-02T07:30:44Z,1050M20609C8b,1050M,,SCHEDULED,540,9.0
2026-06-02T07:30:44Z,1050M20243C4a,1050M,,SCHEDULED,720,12.0
2026-06-02T07:30:44Z,1050M21818C7,1050M,,SCHEDULED,-120,-2.0
2026-06-02T07:30:44Z,1050M19599C5,1050M,,SCHEDULED,420,7.0
2026-06-02T07:30:44Z,1050M21210C10,1050M,,SCHEDULED,480,8.0
2026-06-02T07:30:44Z,1050M19598C5,1050M,,SCHEDULED,540,9.0
2026-06-02T07:30:44Z,1050M19595C5,1050M,,SCHEDULED,300,5.0
2026-06-02T07:30:44Z,1050M19594C5,1050M,,SCHEDULED,300,5.0
2026-06-02T07:30:44Z,1050M19591C5,1050M,,SCHEDULED,660,11.0
2026-06-02T07:30:44Z,1050M19590C5,1050M,,SCHEDULED,420,7.0
2026-06-02T07:30:44Z,1050M21716C2,1050M,,SCHEDULED,120,2.0
2026-06-02T07:30:44Z,1050M20241C4a,1050M,,SCHEDULED,420,7.0
2026-06-02T07:30:44Z,1050M20769C5,1050M,,SCHEDULED,480,8.0
2026-06-02T07:30:44Z,1050M21714C2,1050M,,SCHEDULED,720,12.0
2026-06-02T07:30:44Z,1050M21733C2,1050M,,SCHEDULED,-60,-1.0
2026-06-02T07:30:44Z,1050M21317C10,1050M,,SCHEDULED,780,13.0
2026-06-02T07:30:44Z,1050M20248C4a,1050M,,SCHEDULED,300,5.0
2026-06-02T07:30:44Z,1050M78030C3,1050M,,SCHEDULED,660,11.0
2026-06-02T07:30:44Z,1050M21316C10,1050M,,SCHEDULED,480,8.0
2026-06-02T07:30:44Z,1050M78033C3,1050M,,SCHEDULED,180,3.0
2026-06-02T07:30:44Z,1050M78032C3,1050M,,SCHEDULED,120,2.0
2026-06-02T07:30:44Z,1050M21608C2,1050M,,SCHEDULED,240,4.0
2026-06-02T07:30:44Z,1050M21729C2,1050M,,SCHEDULED,120,2.0
2026-06-02T07:30:44Z,1050M21606C2,1050M,,SCHEDULED,720,12.0
2026-06-02T07:30:44Z,1050M20239C4a,1050M,,SCHEDULED,420,7.0
2026-06-02T07:30:44Z,1050M20237C4a,1050M,,SCHEDULED,1020,17.0
2026-06-02T07:30:44Z,1050M78028C3,1050M,,SCHEDULED,540,9.0
2026-06-02T07:30:44Z,1050M78027C3,1050M,,SCHEDULED,960,16.0
2026-06-02T07:30:44Z,1050M78029C3,1050M,,SCHEDULED,420,7.0
2026-06-02T07:35:26Z,3050M23522C1,3050M,,SCHEDULED,480,8.0
2026-06-02T07:35:26Z,3050M23615C4,3050M,,SCHEDULED,1740,29.0
2026-06-02T07:35:26Z,3050M23525C1,3050M,,SCHEDULED,300,5.0
2026-06-02T07:35:26Z,3150M23213C1,3150M,,SCHEDULED,120,2.0
2026-06-02T07:35:26Z,3150M23210C1,3150M,,SCHEDULED,360,6.0
2026-06-02T07:35:26Z,3150M23427T1,3150M,,SCHEDULED,180,3.0
2026-06-02T07:35:26Z,3150M23428T1,3150M,,SCHEDULED,60,1.0
2026-06-02T07:35:26Z,3250M23318C1,3250M,,SCHEDULED,60,1.0
2026-06-02T07:35:26Z,3250M23323C1,3250M,,SCHEDULED,60,1.0
2026-06-02T07:35:26Z,5150M28554R2,5150M,,SCHEDULED,2640,44.0
2026-06-02T07:35:26Z,5150M35507R3,5150M,,SCHEDULED,60,1.0
2026-06-02T07:35:26Z,5150M35505R3,5150M,,SCHEDULED,780,13.0
2026-06-02T07:35:26Z,5150M77412R4,5150M,,SCHEDULED,240,4.0
2026-06-02T07:35:26Z,5150M25488R2,5150M,,SCHEDULED,1080,18.0
2026-06-02T07:35:26Z,5150M77215R2S,5150M,,SCHEDULED,120,2.0
2026-06-02T07:35:26Z,5150M25725R1,5150M,,SCHEDULED,120,2.0
2026-06-02T07:35:26Z,5150M28516R2,5150M,,SCHEDULED,900,15.0
2026-06-02T07:35:26Z,5150M77416R4,5150M,,SCHEDULED,60,1.0
2026-06-02T07:35:26Z,5150M25724R1,5150M,,SCHEDULED,660,11.0
2026-06-02T07:35:26Z,5150M25628R1,5150M,,SCHEDULED,540,9.0
2026-06-02T07:35:26Z,5150M25622R1,5150M,,SCHEDULED,60,1.0
2026-06-02T07:35:26Z,5150M25624R1,5150M,,SCHEDULED,540,9.0
2026-06-02T07:35:26Z,5150M78806R11,5150M,,SCHEDULED,480,8.0
2026-06-02T07:35:26Z,5150M25626R1,5150M,,SCHEDULED,300,5.0
2026-06-02T07:35:26Z,5150M77512R4,5150M,,SCHEDULED,1080,18.0
2026-06-02T07:35:26Z,5150M77518R4,5150M,,SCHEDULED,60,1.0
2026-06-02T07:35:26Z,5150M77216R2S,5150M,,SCHEDULED,480,8.0
2026-06-02T07:35:26Z,5150M78852R11,5150M,,SCHEDULED,360,6.0
2026-06-02T07:35:26Z,5150M77408R4,5150M,,SCHEDULED,120,2.0
2026-06-02T07:35:26Z,5150M25613R1,5150M,,SCHEDULED,960,16.0
2026-06-02T07:35:26Z,6150M32706C1,6150M,,SCHEDULED,360,6.0
2026-06-02T07:35:26Z,6250M71851C3,6250M,,SCHEDULED,-120,-2.0
2026-06-02T07:35:26Z,6250M71158C2,6250M,,SCHEDULED,420,7.0
2026-06-02T07:35:26Z,4650M70151C1,4650M,,SCHEDULED,780,13.0
2026-06-02T07:35:26Z,4150M32805C3,4150M,,SCHEDULED,180,3.0
2026-06-02T07:35:26Z,1050M21812C7,1050M,,SCHEDULED,540,9.0
2026-06-02T07:35:26Z,1050M19614C5,1050M,,SCHEDULED,300,5.0
2026-06-02T07:35:26Z,1050M19613C5,1050M,,SCHEDULED,240,4.0
2026-06-02T07:35:26Z,1050M20773C5,1050M,,SCHEDULED,300,5.0
2026-06-02T07:35:26Z,1050M20779C5,1050M,,SCHEDULED,180,3.0
2026-06-02T07:35:26Z,1050M20776C5,1050M,,SCHEDULED,540,9.0
2026-06-02T07:35:26Z,1050M21116C10,1050M,,SCHEDULED,240,4.0
2026-06-02T07:35:26Z,1050M20786C5,1050M,,SCHEDULED,360,6.0
2026-06-02T07:35:26Z,1050M20785C5,1050M,,SCHEDULED,120,2.0
2026-06-02T07:35:26Z,1050M20782C5,1050M,,SCHEDULED,540,9.0
2026-06-02T07:35:26Z,1050M21519C2,1050M,,SCHEDULED,360,6.0
2026-06-02T07:35:26Z,1050M21611C2,1050M,,SCHEDULED,420,7.0
2026-06-02T07:35:26Z,1050M21731C2,1050M,,SCHEDULED,60,1.0
2026-06-02T07:35:26Z,1050M20245C4a,1050M,,SCHEDULED,540,9.0
2026-06-02T07:35:26Z,1050M21212C10,1050M,,SCHEDULED,240,4.0
2026-06-02T07:35:26Z,1050M21210C10,1050M,,SCHEDULED,600,10.0
2026-06-02T07:35:26Z,1050M20241C4a,1050M,,SCHEDULED,360,6.0
2026-06-02T07:35:26Z,1050M20434C4b,1050M,,SCHEDULED,120,2.0
2026-06-02T07:35:26Z,1050M20769C5,1050M,,SCHEDULED,600,10.0
2026-06-02T07:35:26Z,1050M20432C4b,1050M,,SCHEDULED,240,4.0
2026-06-02T07:35:26Z,1050M21733C2,1050M,,SCHEDULED,-60,-1.0
2026-06-02T07:35:26Z,1050M20793C5,1050M,,SCHEDULED,120,2.0
2026-06-02T07:35:26Z,1050M20248C4a,1050M,,SCHEDULED,300,5.0
2026-06-02T07:35:26Z,1050M20430C4b,1050M,,SCHEDULED,600,10.0
2026-06-02T07:35:26Z,1050M21608C2,1050M,,SCHEDULED,240,4.0
2026-06-02T07:35:26Z,1050M21729C2,1050M,,SCHEDULED,180,3.0
2026-06-02T07:35:26Z,1050M21606C2,1050M,,SCHEDULED,660,11.0
2026-06-02T07:35:26Z,1050M20239C4a,1050M,,SCHEDULED,420,7.0
2026-06-02T07:35:26Z,1050M20439C4b,1050M,,SCHEDULED,720,12.0
2026-06-02T07:35:26Z,1050M20237C4a,1050M,,SCHEDULED,1020,17.0
2026-06-02T07:35:26Z,1050M21527C2,1050M,,SCHEDULED,180,3.0
2026-06-02T07:35:26Z,1050M20438C4b,1050M,,SCHEDULED,-60,-1.0
2026-06-02T07:35:26Z,1050M21526C2,1050M,,SCHEDULED,120,2.0
2026-06-02T07:35:26Z,1050M20436C4b,1050M,,SCHEDULED,180,3.0
2026-06-02T07:35:26Z,1050M78028C3,1050M,,SCHEDULED,540,9.0
2026-06-02T07:35:26Z,1050M19606C5,1050M,,SCHEDULED,540,9.0
2026-06-02T07:35:26Z,1050M19609C5,1050M,,SCHEDULED,120,2.0
2026-06-02T07:35:26Z,1050M78029C3,1050M,,SCHEDULED,240,4.0
2026-06-02T07:35:26Z,1050M19602C5,1050M,,SCHEDULED,720,12.0
2026-06-02T07:35:26Z,1050M19605C5,1050M,,SCHEDULED,300,5.0
2026-06-02T07:35:26Z,1050M20610C8b,1050M,,SCHEDULED,240,4.0
2026-06-02T07:35:26Z,1050M20445C4b,1050M,,SCHEDULED,660,11.0
2026-06-02T07:35:26Z,1050M19586C5,1050M,,SCHEDULED,540,9.0
2026-06-02T07:35:26Z,1050M19610C5,1050M,,SCHEDULED,480,8.0
2026-06-02T07:35:26Z,1050M21015C8a,1050M,,SCHEDULED,120,2.0
2026-06-02T07:35:26Z,1050M20443C4b,1050M,,SCHEDULED,480,8.0
2026-06-02T07:35:26Z,1050M21825C7,1050M,,SCHEDULED,60,1.0
2026-06-02T07:35:26Z,1050M21823C7,1050M,,SCHEDULED,120,2.0
2026-06-02T07:35:26Z,1050M20612C8b,1050M,,SCHEDULED,120,2.0
2026-06-02T07:35:26Z,1050M21821C7,1050M,,SCHEDULED,180,3.0
2026-06-02T07:35:26Z,1050M21816C7,1050M,,SCHEDULED,60,1.0
2026-06-02T07:35:26Z,1050M21814C7,1050M,,SCHEDULED,720,12.0
2026-06-02T07:35:26Z,1050M21819C7,1050M,,SCHEDULED,780,13.0
2026-06-02T07:35:26Z,1050M21818C7,1050M,,SCHEDULED,-120,-2.0
2026-06-02T07:35:26Z,1050M19599C5,1050M,,SCHEDULED,360,6.0
2026-06-02T07:35:26Z,1050M19598C5,1050M,,SCHEDULED,540,9.0
2026-06-02T07:35:26Z,1050M19595C5,1050M,,SCHEDULED,480,8.0
2026-06-02T07:35:26Z,1050M19594C5,1050M,,SCHEDULED,240,4.0
2026-06-02T07:35:26Z,1050M19590C5,1050M,,SCHEDULED,540,9.0
2026-06-02T07:35:26Z,1050M21716C2,1050M,,SCHEDULED,120,2.0
2026-06-02T07:35:26Z,1050M21319C10,1050M,,SCHEDULED,-120,-2.0
2026-06-02T07:35:26Z,1050M21317C10,1050M,,SCHEDULED,660,11.0
2026-06-02T07:35:26Z,1050M78030C3,1050M,,SCHEDULED,660,11.0
2026-06-02T07:35:26Z,1050M21316C10,1050M,,SCHEDULED,540,9.0
2026-06-02T07:35:26Z,1050M78033C3,1050M,,SCHEDULED,360,6.0
2026-06-02T07:35:26Z,1050M78032C3,1050M,,SCHEDULED,120,2.0
2026-06-02T07:35:26Z,1050M21315C10,1050M,,SCHEDULED,600,10.0
2026-06-02T07:40:33Z,3050M23519C1,3050M,,SCHEDULED,900,15.0
2026-06-02T07:40:33Z,3150M23273C1,3150M,,SCHEDULED,120,2.0
2026-06-02T07:40:33Z,3150M23427T1,3150M,,SCHEDULED,180,3.0
2026-06-02T07:40:33Z,5150M25630R1,5150M,,SCHEDULED,300,5.0
2026-06-02T07:40:33Z,5150M77616R4,5150M,,SCHEDULED,60,1.0
2026-06-02T07:40:33Z,5150M25617R1,5150M,,SCHEDULED,120,2.0
2026-06-02T07:40:33Z,5150M33501R14,5150M,,SCHEDULED,1440,24.0
2026-06-02T07:40:33Z,5150M35507R3,5150M,,SCHEDULED,60,1.0
2026-06-02T07:40:33Z,5150M25412R2N,5150M,,SCHEDULED,960,16.0
2026-06-02T07:40:33Z,5150M25722R1,5150M,,SCHEDULED,420,7.0
2026-06-02T07:40:33Z,5150M28516R2,5150M,,SCHEDULED,1260,21.0
2026-06-02T07:40:33Z,5150M77215R2S,5150M,,SCHEDULED,180,3.0
2026-06-02T07:40:33Z,5150M25724R1,5150M,,SCHEDULED,420,7.0
2026-06-02T07:40:33Z,5150M25484R2S,5150M,,SCHEDULED,300,5.0
2026-06-02T07:40:33Z,5150M77213R2S,5150M,,SCHEDULED,660,11.0
2026-06-02T07:40:33Z,5150M25615R1,5150M,,SCHEDULED,600,10.0
2026-06-02T07:40:33Z,5150M25628R1,5150M,,SCHEDULED,600,10.0
2026-06-02T07:40:33Z,5150M28416R2N,5150M,,SCHEDULED,180,3.0
2026-06-02T07:40:33Z,5150M25626R1,5150M,,SCHEDULED,240,4.0
2026-06-02T07:40:33Z,5150M28560R2,5150M,,SCHEDULED,120,2.0
2026-06-02T07:40:33Z,5150M77512R4,5150M,,SCHEDULED,1140,19.0
2026-06-02T07:40:33Z,5150M78215R2S,5150M,,SCHEDULED,300,5.0
2026-06-02T07:40:33Z,5150M33522RL4,5150M,,SCHEDULED,420,7.0
2026-06-02T07:40:33Z,5150M77714R4,5150M,,SCHEDULED,900,15.0
2026-06-02T07:40:33Z,5150M77516R4,5150M,,SCHEDULED,240,4.0
2026-06-02T07:40:33Z,5150M25719R1,5150M,,SCHEDULED,420,7.0
2026-06-02T07:40:33Z,6150M30601C1,6150M,,SCHEDULED,180,3.0
2026-06-02T07:40:33Z,6250M26911C1,6250M,,SCHEDULED,1200,20.0
2026-06-02T07:40:33Z,4650M70151C1,4650M,,SCHEDULED,780,13.0
2026-06-02T07:40:33Z,4150M32805C3,4150M,,SCHEDULED,480,8.0
2026-06-02T07:40:33Z,1050M20447C4,1050M,,SCHEDULED,540,9.0
2026-06-02T07:40:33Z,1050M19614C5,1050M,,SCHEDULED,180,3.0
2026-06-02T07:40:33Z,1050M19613C5,1050M,,SCHEDULED,240,4.0
2026-06-02T07:40:33Z,1050M20773C5,1050M,,SCHEDULED,420,7.0
2026-06-02T07:40:33Z,1050M20814C5,1050M,,SCHEDULED,-1380,-23.0
2026-06-02T07:40:33Z,1050M20779C5,1050M,,SCHEDULED,240,4.0
2026-06-02T07:40:33Z,1050M20776C5,1050M,,SCHEDULED,660,11.0
2026-06-02T07:40:33Z,1050M20250C4a,1050M,,SCHEDULED,120,2.0
2026-06-02T07:40:33Z,1050M21116C10,1050M,,SCHEDULED,540,9.0
2026-06-02T07:40:33Z,1050M20786C5,1050M,,SCHEDULED,180,3.0
2026-06-02T07:40:33Z,1050M20785C5,1050M,,SCHEDULED,300,5.0
2026-06-02T07:40:33Z,1050M21114C10,1050M,,SCHEDULED,180,3.0
2026-06-02T07:40:33Z,1050M19831C1,1050M,,SCHEDULED,60,1.0
2026-06-02T07:40:33Z,1050M20782C5,1050M,,SCHEDULED,420,7.0
2026-06-02T07:40:33Z,1050M21519C2,1050M,,SCHEDULED,420,7.0
2026-06-02T07:40:33Z,1050M20426C4b,1050M,,SCHEDULED,720,12.0
2026-06-02T07:40:33Z,1050M21608C2,1050M,,SCHEDULED,300,5.0
2026-06-02T07:40:33Z,1050M21606C2,1050M,,SCHEDULED,420,7.0
2026-06-02T07:40:33Z,1050M20239C4a,1050M,,SCHEDULED,420,7.0
2026-06-02T07:40:33Z,1050M78029C3,1050M,,SCHEDULED,360,6.0
2026-06-02T07:40:33Z,1050M21611C2,1050M,,SCHEDULED,300,5.0
2026-06-02T07:40:33Z,1050M21214C10,1050M,,SCHEDULED,540,9.0
2026-06-02T07:40:33Z,1050M20245C4a,1050M,,SCHEDULED,720,12.0
2026-06-02T07:40:33Z,1050M20434C4b,1050M,,SCHEDULED,300,5.0
2026-06-02T07:40:33Z,1050M21212C10,1050M,,SCHEDULED,120,2.0
2026-06-02T07:40:33Z,1050M20244C4a,1050M,,SCHEDULED,120,2.0
2026-06-02T07:40:33Z,1050M21210C10,1050M,,SCHEDULED,720,12.0
2026-06-02T07:40:33Z,1050M20241C4a,1050M,,SCHEDULED,360,6.0
2026-06-02T07:40:33Z,1050M20793C5,1050M,,SCHEDULED,240,4.0
2026-06-02T07:40:33Z,1050M21733C2,1050M,,SCHEDULED,-60,-1.0
2026-06-02T07:40:33Z,1050M20248C4a,1050M,,SCHEDULED,240,4.0
2026-06-02T07:40:33Z,1050M20439C4b,1050M,,SCHEDULED,720,12.0
2026-06-02T07:40:33Z,1050M21527C2,1050M,,SCHEDULED,180,3.0
2026-06-02T07:40:33Z,1050M21526C2,1050M,,SCHEDULED,120,2.0
2026-06-02T07:40:33Z,1050M20436C4b,1050M,,SCHEDULED,60,1.0
2026-06-02T07:40:33Z,1050M19606C5,1050M,,SCHEDULED,540,9.0
2026-06-02T07:40:33Z,1050M19586C5,1050M,,SCHEDULED,720,12.0
2026-06-02T07:40:33Z,1050M21827C7,1050M,,SCHEDULED,-120,-2.0
2026-06-02T07:40:33Z,1050M19602C5,1050M,,SCHEDULED,660,11.0
2026-06-02T07:40:33Z,1050M19605C5,1050M,,SCHEDULED,300,5.0
2026-06-02T07:40:33Z,1050M21823C7,1050M,,SCHEDULED,120,2.0
2026-06-02T07:40:33Z,1050M20445C4b,1050M,,SCHEDULED,540,9.0
2026-06-02T07:40:33Z,1050M21821C7,1050M,,SCHEDULED,360,6.0
2026-06-02T07:40:33Z,1050M19610C5,1050M,,SCHEDULED,600,10.0
2026-06-02T07:40:33Z,1050M21819C7,1050M,,SCHEDULED,900,15.0
2026-06-02T07:40:33Z,1050M21015C8a,1050M,,SCHEDULED,300,5.0
2026-06-02T07:40:33Z,1050M19599C5,1050M,,SCHEDULED,300,5.0
2026-06-02T07:40:33Z,1050M20443C4b,1050M,,SCHEDULED,540,9.0
2026-06-02T07:40:33Z,1050M19598C5,1050M,,SCHEDULED,600,10.0
2026-06-02T07:40:33Z,1050M19595C5,1050M,,SCHEDULED,420,7.0
2026-06-02T07:40:33Z,1050M19594C5,1050M,,SCHEDULED,360,6.0
2026-06-02T07:40:33Z,1050M19590C5,1050M,,SCHEDULED,300,5.0
2026-06-02T07:40:33Z,1050M21319C10,1050M,,SCHEDULED,-120,-2.0
2026-06-02T07:40:33Z,1050M78031C3,1050M,,SCHEDULED,360,6.0
2026-06-02T07:40:33Z,1050M21814C7,1050M,,SCHEDULED,480,8.0
2026-06-02T07:40:33Z,1050M21317C10,1050M,,SCHEDULED,540,9.0
2026-06-02T07:40:33Z,1050M21812C7,1050M,,SCHEDULED,600,10.0
2026-06-02T07:40:33Z,1050M78030C3,1050M,,SCHEDULED,840,14.0
2026-06-02T07:40:33Z,1050M21316C10,1050M,,SCHEDULED,480,8.0
2026-06-02T07:40:33Z,1050M78033C3,1050M,,SCHEDULED,360,6.0
2026-06-02T07:40:33Z,1050M78032C3,1050M,,SCHEDULED,240,4.0
2026-06-02T07:45:35Z,3050M23524C1,3050M,,SCHEDULED,60,1.0
2026-06-02T07:45:35Z,3050M23519C1,3050M,,SCHEDULED,900,15.0
2026-06-02T07:45:35Z,3150M23273C1,3150M,,SCHEDULED,240,4.0
2026-06-02T07:45:35Z,3150M23213C1,3150M,,SCHEDULED,240,4.0
2026-06-02T07:45:35Z,4050M76215C1,4050M,,SCHEDULED,240,4.0
2026-06-02T07:45:35Z,4050M76217C1,4050M,,SCHEDULED,60,1.0
2026-06-02T07:45:35Z,5150M77614R4,5150M,,SCHEDULED,1440,24.0
2026-06-02T07:45:35Z,5150M77416R4,5150M,,SCHEDULED,300,5.0
2026-06-02T07:45:35Z,5150M78806R11,5150M,,SCHEDULED,480,8.0
2026-06-02T07:45:35Z,5150M35507R3,5150M,,SCHEDULED,-240,-4.0
2026-06-02T07:45:35Z,5150M35505R3,5150M,,SCHEDULED,300,5.0
2026-06-02T07:45:35Z,5150M78214R2S,5150M,,SCHEDULED,180,3.0
2026-06-02T07:45:35Z,5150M25723R1,5150M,,SCHEDULED,120,2.0
2026-06-02T07:45:35Z,5150M25722R1,5150M,,SCHEDULED,480,8.0
2026-06-02T07:45:35Z,5150M77216R2S,5150M,,SCHEDULED,480,8.0
2026-06-02T07:45:35Z,5150M25725R1,5150M,,SCHEDULED,360,6.0
2026-06-02T07:45:35Z,5150M25615R1,5150M,,SCHEDULED,480,8.0
2026-06-02T07:45:35Z,5150M25628R1,5150M,,SCHEDULED,600,10.0
2026-06-02T07:45:35Z,5150M25626R1,5150M,,SCHEDULED,240,4.0
2026-06-02T07:45:35Z,5150M28560R2,5150M,,SCHEDULED,240,4.0
2026-06-02T07:45:35Z,5150M78215R2S,5150M,,SCHEDULED,300,5.0
2026-06-02T07:45:35Z,6150M32706C1,6150M,,SCHEDULED,420,7.0
2026-06-02T07:45:35Z,6150M35603C1,6150M,,SCHEDULED,60,1.0
2026-06-02T07:45:35Z,6250M71850C2,6250M,,SCHEDULED,960,16.0
2026-06-02T07:45:35Z,6250M71158C2,6250M,,SCHEDULED,660,11.0
2026-06-02T07:45:35Z,4650M70151C1,4650M,,SCHEDULED,780,13.0
2026-06-02T07:45:35Z,4650M71811C1,4650M,,SCHEDULED,720,12.0
2026-06-02T07:45:35Z,1050M20779C5,1050M,,SCHEDULED,180,3.0
2026-06-02T07:45:35Z,1050M20250C4a,1050M,,SCHEDULED,180,3.0
2026-06-02T07:45:35Z,1050M21116C10,1050M,,SCHEDULED,420,7.0
2026-06-02T07:45:35Z,1050M20786C5,1050M,,SCHEDULED,300,5.0
2026-06-02T07:45:35Z,1050M20785C5,1050M,,SCHEDULED,300,5.0
2026-06-02T07:45:35Z,1050M21114C10,1050M,,SCHEDULED,180,3.0
2026-06-02T07:45:35Z,1050M20782C5,1050M,,SCHEDULED,420,7.0
2026-06-02T07:45:35Z,1050M21519C2,1050M,,SCHEDULED,420,7.0
2026-06-02T07:45:35Z,1050M20434C4b,1050M,,SCHEDULED,540,9.0
2026-06-02T07:45:35Z,1050M21611C2,1050M,,SCHEDULED,300,5.0
2026-06-02T07:45:35Z,1050M20793C5,1050M,,SCHEDULED,180,3.0
2026-06-02T07:45:35Z,1050M21610C2,1050M,,SCHEDULED,180,3.0
2026-06-02T07:45:35Z,1050M21214C10,1050M,,SCHEDULED,600,10.0
2026-06-02T07:45:35Z,1050M20245C4a,1050M,,SCHEDULED,660,11.0
2026-06-02T07:45:35Z,1050M21212C10,1050M,,SCHEDULED,180,3.0
2026-06-02T07:45:35Z,1050M20243C4a,1050M,,SCHEDULED,840,14.0
2026-06-02T07:45:35Z,1050M21528C2,1050M,,SCHEDULED,60,1.0
2026-06-02T07:45:35Z,1050M20439C4b,1050M,,SCHEDULED,600,10.0
2026-06-02T07:45:35Z,1050M21527C2,1050M,,SCHEDULED,60,1.0
2026-06-02T07:45:35Z,1050M20241C4a,1050M,,SCHEDULED,300,5.0
2026-06-02T07:45:35Z,1050M21526C2,1050M,,SCHEDULED,120,2.0
2026-06-02T07:45:35Z,1050M19606C5,1050M,,SCHEDULED,660,11.0
2026-06-02T07:45:35Z,1050M19609C5,1050M,,SCHEDULED,120,2.0
2026-06-02T07:45:35Z,1050M19602C5,1050M,,SCHEDULED,720,12.0
2026-06-02T07:45:35Z,1050M19605C5,1050M,,SCHEDULED,300,5.0
2026-06-02T07:45:35Z,1050M20248C4a,1050M,,SCHEDULED,300,5.0
2026-06-02T07:45:35Z,1050M19833C1,1050M,,SCHEDULED,60,1.0
2026-06-02T07:45:35Z,1050M19610C5,1050M,,SCHEDULED,660,11.0
2026-06-02T07:45:35Z,1050M21608C2,1050M,,SCHEDULED,420,7.0
2026-06-02T07:45:35Z,1050M21606C2,1050M,,SCHEDULED,600,10.0
2026-06-02T07:45:35Z,1050M21015C8a,1050M,,SCHEDULED,480,8.0
2026-06-02T07:45:35Z,1050M20443C4b,1050M,,SCHEDULED,480,8.0
2026-06-02T07:45:35Z,1050M20239C4a,1050M,,SCHEDULED,540,9.0
2026-06-02T07:45:35Z,1050M21814C7,1050M,,SCHEDULED,600,10.0
2026-06-02T07:45:35Z,1050M21812C7,1050M,,SCHEDULED,540,9.0
2026-06-02T07:45:35Z,1050M20447C4,1050M,,SCHEDULED,660,11.0
2026-06-02T07:45:35Z,1050M21827C7,1050M,,SCHEDULED,-120,-2.0
2026-06-02T07:45:35Z,1050M19619C5,1050M,,SCHEDULED,120,2.0
2026-06-02T07:45:35Z,1050M21825C7,1050M,,SCHEDULED,120,2.0
2026-06-02T07:45:35Z,1050M19614C5,1050M,,SCHEDULED,360,6.0
2026-06-02T07:45:35Z,1050M21823C7,1050M,,SCHEDULED,180,3.0
2026-06-02T07:45:35Z,1050M20612C8b,1050M,,SCHEDULED,180,3.0
2026-06-02T07:45:35Z,1050M19613C5,1050M,,SCHEDULED,300,5.0
2026-06-02T07:45:35Z,1050M20609C8b,1050M,,SCHEDULED,360,6.0
2026-06-02T07:45:35Z,1050M20773C5,1050M,,SCHEDULED,420,7.0
2026-06-02T07:45:35Z,1050M21819C7,1050M,,SCHEDULED,720,12.0
2026-06-02T07:45:35Z,1050M21818C7,1050M,,SCHEDULED,60,1.0
2026-06-02T07:45:35Z,1050M19599C5,1050M,,SCHEDULED,420,7.0
2026-06-02T07:45:35Z,1050M19598C5,1050M,,SCHEDULED,540,9.0
2026-06-02T07:45:35Z,1050M19594C5,1050M,,SCHEDULED,360,6.0
2026-06-02T07:45:35Z,1050M19590C5,1050M,,SCHEDULED,240,4.0
2026-06-02T07:45:35Z,1050M20814C5,1050M,,SCHEDULED,-1380,-23.0
2026-06-02T07:45:35Z,1050M21319C10,1050M,,SCHEDULED,-120,-2.0
2026-06-02T07:45:35Z,1050M78031C3,1050M,,SCHEDULED,480,8.0
2026-06-02T07:45:35Z,1050M21317C10,1050M,,SCHEDULED,360,6.0
2026-06-02T07:45:35Z,1050M78030C3,1050M,,SCHEDULED,900,15.0
2026-06-02T07:45:35Z,1050M21316C10,1050M,,SCHEDULED,600,10.0
2026-06-02T07:45:35Z,1050M78033C3,1050M,,SCHEDULED,480,8.0
2026-06-02T07:50:37Z,3050M35305C2,3050M,,SCHEDULED,900,15.0
2026-06-02T07:50:37Z,3050M23522C1,3050M,,SCHEDULED,540,9.0
2026-06-02T07:50:37Z,3050M23527C1,3050M,,SCHEDULED,480,8.0
2026-06-02T07:50:37Z,3150M23210C1,3150M,,SCHEDULED,720,12.0
2026-06-02T07:50:37Z,3150M23427T1,3150M,,SCHEDULED,180,3.0
2026-06-02T07:50:37Z,3150M23212C1,3150M,,SCHEDULED,180,3.0
2026-06-02T07:50:37Z,4050M76215C1,4050M,,SCHEDULED,300,5.0
2026-06-02T07:50:37Z,5150M77213R2S,5150M,,SCHEDULED,720,12.0
2026-06-02T07:50:37Z,5150M77412R4,5150M,,SCHEDULED,120,2.0
2026-06-02T07:50:37Z,5150M77215R2S,5150M,,SCHEDULED,240,4.0
2026-06-02T07:50:37Z,5150M28420R2N,5150M,,SCHEDULED,120,2.0
2026-06-02T07:50:37Z,5150M77612R4,5150M,,SCHEDULED,120,2.0
2026-06-02T07:50:37Z,5150M33501R14,5150M,,SCHEDULED,1440,24.0
2026-06-02T07:50:37Z,5150M77614R4,5150M,,SCHEDULED,1440,24.0
2026-06-02T07:50:37Z,5150M78638R8,5150M,,SCHEDULED,360,6.0
2026-06-02T07:50:37Z,5150M35505R3,5150M,,SCHEDULED,540,9.0
2026-06-02T07:50:37Z,5150M25727R1,5150M,,SCHEDULED,60,1.0
2026-06-02T07:50:37Z,5150M25722R1,5150M,,SCHEDULED,360,6.0
2026-06-02T07:50:37Z,5150M25617R1,5150M,,SCHEDULED,60,1.0
2026-06-02T07:50:37Z,5150M25725R1,5150M,,SCHEDULED,300,5.0
2026-06-02T07:50:37Z,5150M28516R2,5150M,,SCHEDULED,1260,21.0
2026-06-02T07:50:37Z,5150M77522R4,5150M,,SCHEDULED,-60,-1.0
2026-06-02T07:50:37Z,5150M78214R2S,5150M,,SCHEDULED,180,3.0
2026-06-02T07:50:37Z,5150M25724R1,5150M,,SCHEDULED,420,7.0
2026-06-02T07:50:37Z,5150M25412R2N,5150M,,SCHEDULED,900,15.0
2026-06-02T07:50:37Z,5150M25484R2S,5150M,,SCHEDULED,120,2.0
2026-06-02T07:50:37Z,5150M25615R1,5150M,,SCHEDULED,600,10.0
2026-06-02T07:50:37Z,5150M25628R1,5150M,,SCHEDULED,660,11.0
2026-06-02T07:50:37Z,5150M28416R2N,5150M,,SCHEDULED,180,3.0
2026-06-02T07:50:37Z,5150M25626R1,5150M,,SCHEDULED,360,6.0
2026-06-02T07:50:37Z,5150M77218R2S,5150M,,SCHEDULED,240,4.0
2026-06-02T07:50:37Z,5150M28418R2N,5150M,,SCHEDULED,180,3.0
2026-06-02T07:50:37Z,5150M77516R4,5150M,,SCHEDULED,540,9.0
2026-06-02T07:50:37Z,5150M77518R4,5150M,,SCHEDULED,60,1.0
2026-06-02T07:50:37Z,5150M77718R4,5150M,,SCHEDULED,60,1.0
2026-06-02T07:50:37Z,5150M25630R1,5150M,,SCHEDULED,600,10.0
2026-06-02T07:50:37Z,5150M78215R2S,5150M,,SCHEDULED,300,5.0
2026-06-02T07:50:37Z,5150M77720R4,5150M,,SCHEDULED,180,3.0
2026-06-02T07:50:37Z,6150M32705C1,6150M,,SCHEDULED,60,1.0
2026-06-02T07:50:37Z,6150M32707C1,6150M,,SCHEDULED,120,2.0
2026-06-02T07:50:37Z,6250M35918C1,6250M,,SCHEDULED,1320,22.0
2026-06-02T07:50:37Z,6250M71110C2,6250M,,SCHEDULED,60,1.0
2026-06-02T07:50:37Z,6250M26913C1,6250M,,SCHEDULED,780,13.0
2026-06-02T07:50:37Z,4750M71093C1,4750M,,SCHEDULED,360,6.0
2026-06-02T07:50:37Z,4750M71053C1,4750M,,SCHEDULED,840,14.0
2026-06-02T07:50:37Z,1050M20779C5,1050M,,SCHEDULED,360,6.0
2026-06-02T07:50:37Z,1050M20250C4a,1050M,,SCHEDULED,180,3.0
2026-06-02T07:50:37Z,1050M80681C9,1050M,,SCHEDULED,900,15.0
2026-06-02T07:50:37Z,1050M21116C10,1050M,,SCHEDULED,360,6.0
2026-06-02T07:50:37Z,1050M20786C5,1050M,,SCHEDULED,300,5.0
2026-06-02T07:50:37Z,1050M20785C5,1050M,,SCHEDULED,300,5.0
2026-06-02T07:50:37Z,1050M20782C5,1050M,,SCHEDULED,420,7.0
2026-06-02T07:50:37Z,1050M21118C10,1050M,,SCHEDULED,420,7.0
2026-06-02T07:50:37Z,1050M21814C7,1050M,,SCHEDULED,780,13.0
2026-06-02T07:50:37Z,1050M21812C7,1050M,,SCHEDULED,300,5.0
2026-06-02T07:50:37Z,1050M20447C4,1050M,,SCHEDULED,540,9.0
2026-06-02T07:50:37Z,1050M19619C5,1050M,,SCHEDULED,60,1.0
2026-06-02T07:50:37Z,1050M19614C5,1050M,,SCHEDULED,420,7.0
2026-06-02T07:50:37Z,1050M19613C5,1050M,,SCHEDULED,180,3.0
2026-06-02T07:50:37Z,1050M21611C2,1050M,,SCHEDULED,240,4.0
2026-06-02T07:50:37Z,1050M21610C2,1050M,,SCHEDULED,360,6.0
2026-06-02T07:50:37Z,1050M21214C10,1050M,,SCHEDULED,360,6.0
2026-06-02T07:50:37Z,1050M21731C2,1050M,,SCHEDULED,120,2.0
2026-06-02T07:50:37Z,1050M21212C10,1050M,,SCHEDULED,60,1.0
2026-06-02T07:50:37Z,1050M20244C4a,1050M,,SCHEDULED,180,3.0
2026-06-02T07:50:37Z,1050M20243C4a,1050M,,SCHEDULED,960,16.0
2026-06-02T07:50:37Z,1050M20241C4a,1050M,,SCHEDULED,180,3.0
2026-06-02T07:50:37Z,1050M20248C4a,1050M,,SCHEDULED,360,6.0
2026-06-02T07:50:37Z,1050M21608C2,1050M,,SCHEDULED,480,8.0
2026-06-02T07:50:37Z,1050M21606C2,1050M,,SCHEDULED,900,15.0
2026-06-02T07:50:37Z,1050M20239C4a,1050M,,SCHEDULED,660,11.0
2026-06-02T07:50:37Z,1050M20434C4b,1050M,,SCHEDULED,300,5.0
2026-06-02T07:50:37Z,1050M21523C2,1050M,,SCHEDULED,60,1.0
2026-06-02T07:50:37Z,1050M20793C5,1050M,,SCHEDULED,180,3.0
2026-06-02T07:50:37Z,1050M20430C4b,1050M,,SCHEDULED,1080,18.0
2026-06-02T07:50:37Z,1050M20790C5,1050M,,SCHEDULED,60,1.0
2026-06-02T07:50:37Z,1050M21528C2,1050M,,SCHEDULED,120,2.0
2026-06-02T07:50:37Z,1050M20439C4b,1050M,,SCHEDULED,780,13.0
2026-06-02T07:50:37Z,1050M21526C2,1050M,,SCHEDULED,60,1.0
2026-06-02T07:50:37Z,1050M20436C4b,1050M,,SCHEDULED,120,2.0
2026-06-02T07:50:37Z,1050M19606C5,1050M,,SCHEDULED,600,10.0
2026-06-02T07:50:37Z,1050M19602C5,1050M,,SCHEDULED,660,11.0
2026-06-02T07:50:37Z,1050M19605C5,1050M,,SCHEDULED,240,4.0
2026-06-02T07:50:37Z,1050M21017C8a,1050M,,SCHEDULED,480,8.0
2026-06-02T07:50:37Z,1050M20445C4b,1050M,,SCHEDULED,600,10.0
2026-06-02T07:50:37Z,1050M19610C5,1050M,,SCHEDULED,540,9.0
2026-06-02T07:50:37Z,1050M21015C8a,1050M,,SCHEDULED,420,7.0
2026-06-02T07:50:37Z,1050M20443C4b,1050M,,SCHEDULED,480,8.0
2026-06-02T07:50:37Z,1050M19621C5,1050M,,SCHEDULED,60,1.0
2026-06-02T07:50:37Z,1050M21827C7,1050M,,SCHEDULED,-120,-2.0
2026-06-02T07:50:37Z,1050M21825C7,1050M,,SCHEDULED,120,2.0
2026-06-02T07:50:37Z,1050M21823C7,1050M,,SCHEDULED,240,4.0
2026-06-02T07:50:37Z,1050M20612C8b,1050M,,SCHEDULED,240,4.0
2026-06-02T07:50:37Z,1050M20609C8b,1050M,,SCHEDULED,600,10.0
2026-06-02T07:50:37Z,1050M21818C7,1050M,,SCHEDULED,60,1.0
2026-06-02T07:50:37Z,1050M19599C5,1050M,,SCHEDULED,300,5.0
2026-06-02T07:50:37Z,1050M19598C5,1050M,,SCHEDULED,600,10.0
2026-06-02T07:50:37Z,1050M19594C5,1050M,,SCHEDULED,120,2.0
2026-06-02T07:50:37Z,1050M21319C10,1050M,,SCHEDULED,-120,-2.0
2026-06-02T07:50:37Z,1050M21318C10,1050M,,SCHEDULED,360,6.0
2026-06-02T07:50:37Z,1050M78031C3,1050M,,SCHEDULED,420,7.0
2026-06-02T07:50:37Z,1050M21317C10,1050M,,SCHEDULED,720,12.0
2026-06-02T07:50:37Z,1050M78030C3,1050M,,SCHEDULED,780,13.0
2026-06-02T07:50:37Z,1050M21316C10,1050M,,SCHEDULED,960,16.0
2026-06-02T07:55:28Z,3050M23524C1,3050M,,SCHEDULED,60,1.0
2026-06-02T07:55:28Z,3050M23615C4,3050M,,SCHEDULED,480,8.0
2026-06-02T07:55:28Z,3150M23427T1,3150M,,SCHEDULED,180,3.0
2026-06-02T07:55:28Z,3150M23212C1,3150M,,SCHEDULED,420,7.0
2026-06-02T07:55:28Z,4050M24027C2,4050M,,SCHEDULED,60,1.0
2026-06-02T07:55:28Z,5150M77215R2S,5150M,,SCHEDULED,180,3.0
2026-06-02T07:55:28Z,5150M77612R4,5150M,,SCHEDULED,60,1.0
2026-06-02T07:55:28Z,5150M28420R2N,5150M,,SCHEDULED,120,2.0
2026-06-02T07:55:28Z,5150M25726R1,5150M,,SCHEDULED,420,7.0
2026-06-02T07:55:28Z,5150M25724R1,5150M,,SCHEDULED,480,8.0
2026-06-02T07:55:28Z,5150M77410R4,5150M,,SCHEDULED,360,6.0
2026-06-02T07:55:28Z,5150M25617R1,5150M,,SCHEDULED,180,3.0
2026-06-02T07:55:28Z,5150M15061R17,5150M,,SCHEDULED,1620,27.0
2026-06-02T07:55:28Z,5150M25624R1,5150M,,SCHEDULED,420,7.0
2026-06-02T07:55:28Z,5150M28418R2N,5150M,,SCHEDULED,120,2.0
2026-06-02T07:55:28Z,5150M77514R4,5150M,,SCHEDULED,660,11.0
2026-06-02T07:55:28Z,5150M25630R1,5150M,,SCHEDULED,540,9.0
2026-06-02T07:55:28Z,5150M78904R11,5150M,,SCHEDULED,420,7.0
2026-06-02T07:55:28Z,5150M78214R2S,5150M,,SCHEDULED,60,1.0
2026-06-02T07:55:28Z,5150M18123R16,5150M,,SCHEDULED,300,5.0
2026-06-02T07:55:28Z,5150M25414R2N,5150M,,SCHEDULED,900,15.0
2026-06-02T07:55:28Z,6150M30601C1,6150M,,SCHEDULED,180,3.0
2026-06-02T07:55:28Z,6250M35918C1,6250M,,SCHEDULED,1380,23.0
2026-06-02T07:55:28Z,6250M26911C1,6250M,,SCHEDULED,1440,24.0
2026-06-02T07:55:28Z,6250M26913C1,6250M,,SCHEDULED,780,13.0
2026-06-02T07:55:28Z,4650M70151C1,4650M,,SCHEDULED,780,13.0
2026-06-02T07:55:28Z,1050M21014C8a,1050M,,SCHEDULED,60,1.0
2026-06-02T07:55:28Z,1050M21816C7,1050M,,SCHEDULED,240,4.0
2026-06-02T07:55:28Z,1050M21814C7,1050M,,SCHEDULED,840,14.0
2026-06-02T07:55:28Z,1050M21812C7,1050M,,SCHEDULED,60,1.0
2026-06-02T07:55:28Z,1050M19614C5,1050M,,SCHEDULED,480,8.0
2026-06-02T07:55:28Z,1050M19613C5,1050M,,SCHEDULED,300,5.0
2026-06-02T07:55:28Z,1050M21523C2,1050M,,SCHEDULED,240,4.0
2026-06-02T07:55:28Z,1050M19616C5,1050M,,SCHEDULED,240,4.0
2026-06-02T07:55:28Z,1050M20432C4b,1050M,,SCHEDULED,780,13.0
2026-06-02T07:55:28Z,1050M20793C5,1050M,,SCHEDULED,120,2.0
2026-06-02T07:55:28Z,1050M20779C5,1050M,,SCHEDULED,420,7.0
2026-06-02T07:55:28Z,1050M20250C4a,1050M,,SCHEDULED,180,3.0
2026-06-02T07:55:28Z,1050M20430C4b,1050M,,SCHEDULED,1020,17.0
2026-06-02T07:55:28Z,1050M80681C9,1050M,,SCHEDULED,1200,20.0
2026-06-02T07:55:28Z,1050M19830C1,1050M,,SCHEDULED,240,4.0
2026-06-02T07:55:28Z,1050M21116C10,1050M,,SCHEDULED,180,3.0
2026-06-02T07:55:28Z,1050M20786C5,1050M,,SCHEDULED,360,6.0
2026-06-02T07:55:28Z,1050M21120C10,1050M,,SCHEDULED,-60,-1.0
2026-06-02T07:55:28Z,1050M20785C5,1050M,,SCHEDULED,180,3.0
2026-06-02T07:55:28Z,1050M20790C5,1050M,,SCHEDULED,120,2.0
2026-06-02T07:55:28Z,1050M21528C2,1050M,,SCHEDULED,180,3.0
2026-06-02T07:55:28Z,1050M21527C2,1050M,,SCHEDULED,120,2.0
2026-06-02T07:55:28Z,1050M20782C5,1050M,,SCHEDULED,360,6.0
2026-06-02T07:55:28Z,1050M20438C4b,1050M,,SCHEDULED,120,2.0
2026-06-02T07:55:28Z,1050M20247C4a,1050M,,SCHEDULED,180,3.0
2026-06-02T07:55:28Z,1050M21526C2,1050M,,SCHEDULED,300,5.0
2026-06-02T07:55:28Z,1050M21611C2,1050M,,SCHEDULED,180,3.0
2026-06-02T07:55:28Z,1050M20436C4b,1050M,,SCHEDULED,180,3.0
2026-06-02T07:55:28Z,1050M21610C2,1050M,,SCHEDULED,240,4.0
2026-06-02T07:55:28Z,1050M21214C10,1050M,,SCHEDULED,300,5.0
2026-06-02T07:55:28Z,1050M19606C5,1050M,,SCHEDULED,600,10.0
2026-06-02T07:55:28Z,1050M20243C4a,1050M,,SCHEDULED,900,15.0
2026-06-02T07:55:28Z,1050M20241C4a,1050M,,SCHEDULED,300,5.0
2026-06-02T07:55:28Z,1050M21733C2,1050M,,SCHEDULED,120,2.0
2026-06-02T07:55:28Z,1050M19609C5,1050M,,SCHEDULED,120,2.0
2026-06-02T07:55:28Z,1050M20248C4a,1050M,,SCHEDULED,480,8.0
2026-06-02T07:55:28Z,1050M21118C10,1050M,,SCHEDULED,600,10.0
2026-06-02T07:55:28Z,1050M19602C5,1050M,,SCHEDULED,780,13.0
2026-06-02T07:55:28Z,1050M19833C1,1050M,,SCHEDULED,60,1.0
2026-06-02T07:55:28Z,1050M19605C5,1050M,,SCHEDULED,240,4.0
2026-06-02T07:55:28Z,1050M21608C2,1050M,,SCHEDULED,420,7.0
2026-06-02T07:55:28Z,1050M21606C2,1050M,,SCHEDULED,720,12.0
2026-06-02T07:55:28Z,1050M21017C8a,1050M,,SCHEDULED,600,10.0
2026-06-02T07:55:28Z,1050M21722C2,1050M,,SCHEDULED,120,2.0
2026-06-02T07:55:28Z,1050M20445C4b,1050M,,SCHEDULED,720,12.0
2026-06-02T07:55:28Z,1050M19610C5,1050M,,SCHEDULED,600,10.0
2026-06-02T07:55:28Z,1050M21820C7,1050M,,SCHEDULED,-60,-1.0
2026-06-02T07:55:28Z,1050M21015C8a,1050M,,SCHEDULED,240,4.0
2026-06-02T07:55:28Z,1050M19621C5,1050M,,SCHEDULED,420,7.0
2026-06-02T07:55:28Z,1050M20443C4b,1050M,,SCHEDULED,480,8.0
2026-06-02T07:55:28Z,1050M21827C7,1050M,,SCHEDULED,-120,-2.0
2026-06-02T07:55:28Z,1050M21825C7,1050M,,SCHEDULED,180,3.0
2026-06-02T07:55:28Z,1050M21823C7,1050M,,SCHEDULED,120,2.0
2026-06-02T07:55:28Z,1050M20612C8b,1050M,,SCHEDULED,240,4.0
2026-06-02T07:55:28Z,1050M21821C7,1050M,,SCHEDULED,180,3.0
2026-06-02T07:55:28Z,1050M20609C8b,1050M,,SCHEDULED,840,14.0
2026-06-02T07:55:28Z,1050M21818C7,1050M,,SCHEDULED,180,3.0
2026-06-02T07:55:28Z,1050M19598C5,1050M,,SCHEDULED,780,13.0
2026-06-02T07:55:28Z,1050M21318C10,1050M,,SCHEDULED,360,6.0
2026-06-02T07:55:28Z,1050M21317C10,1050M,,SCHEDULED,660,11.0
2026-06-02T07:55:28Z,1050M78030C3,1050M,,SCHEDULED,960,16.0
2026-06-02T07:55:28Z,1050M21316C10,1050M,,SCHEDULED,960,16.0
2026-06-02T08:00:57Z,3050M23529C1,3050M,,SCHEDULED,540,9.0
2026-06-02T08:00:57Z,3050M23522C1,3050M,,SCHEDULED,720,12.0
2026-06-02T08:00:57Z,3050M23615C4,3050M,,SCHEDULED,1980,33.0
2026-06-02T08:00:57Z,3150M23212C1,3150M,,SCHEDULED,420,7.0
2026-06-02T08:00:57Z,3150M23427T1,3150M,,SCHEDULED,180,3.0
2026-06-02T08:00:57Z,3150M23429T1,3150M,,SCHEDULED,60,1.0
2026-06-02T08:00:57Z,3150M23210C1,3150M,,SCHEDULED,840,14.0
2026-06-02T08:00:57Z,4050M24315C6,4050M,,SCHEDULED,360,6.0
2026-06-02T08:00:57Z,4050M76218C1,4050M,,SCHEDULED,60,1.0
2026-06-02T08:00:57Z,4050M24023C2,4050M,,SCHEDULED,120,2.0
2026-06-02T08:00:57Z,5150M25632R1,5150M,,SCHEDULED,60,1.0
2026-06-02T08:00:57Z,5150M28420R2N,5150M,,SCHEDULED,180,3.0
2026-06-02T08:00:57Z,5150M25727R1,5150M,,SCHEDULED,120,2.0
2026-06-02T08:00:57Z,5150M25412R2N,5150M,,SCHEDULED,900,15.0
2026-06-02T08:00:57Z,5150M25414R2N,5150M,,SCHEDULED,900,15.0
2026-06-02T08:00:57Z,5150M25726R1,5150M,,SCHEDULED,300,5.0
2026-06-02T08:00:57Z,5150M25615R1,5150M,,SCHEDULED,780,13.0
2026-06-02T08:00:57Z,5150M25416R2N,5150M,,SCHEDULED,120,2.0
2026-06-02T08:00:57Z,5150M25729R1,5150M,,SCHEDULED,-60,-1.0
2026-06-02T08:00:57Z,5150M25722R1,5150M,,SCHEDULED,240,4.0
2026-06-02T08:00:57Z,5150M77218R2S,5150M,,SCHEDULED,360,6.0
2026-06-02T08:00:57Z,5150M25724R1,5150M,,SCHEDULED,660,11.0
2026-06-02T08:00:57Z,5150M25621R1,5150M,,SCHEDULED,60,1.0
2026-06-02T08:00:57Z,5150M78215R2S,5150M,,SCHEDULED,480,8.0
2026-06-02T08:00:57Z,5150M77720R4,5150M,,SCHEDULED,120,2.0
2026-06-02T08:00:57Z,5150M25626R1,5150M,,SCHEDULED,180,3.0
2026-06-02T08:00:57Z,5150M77414R4,5150M,,SCHEDULED,120,2.0
2026-06-02T08:00:57Z,5150M77514R4,5150M,,SCHEDULED,720,12.0
2026-06-02T08:00:57Z,5150M15006R15,5150M,,SCHEDULED,300,5.0
2026-06-02T08:00:57Z,5150M77716R4,5150M,,SCHEDULED,300,5.0
2026-06-02T08:00:57Z,5150M25630R1,5150M,,SCHEDULED,600,10.0
2026-06-02T08:00:57Z,5150M77219R2S,5150M,,SCHEDULED,180,3.0
2026-06-02T08:00:57Z,6150M32708C1,6150M,,SCHEDULED,-60,-1.0
2026-06-02T08:00:57Z,6150M30601C1,6150M,,SCHEDULED,240,4.0
2026-06-02T08:00:57Z,6250M71850C2,6250M,,SCHEDULED,960,16.0
2026-06-02T08:00:57Z,1050M20440C4b,1050M,,SCHEDULED,60,1.0
2026-06-02T08:00:57Z,1050M21814C7,1050M,,SCHEDULED,840,14.0
2026-06-02T08:00:57Z,1050M20449C4b,1050M,,SCHEDULED,960,16.0
2026-06-02T08:00:57Z,1050M20447C4,1050M,,SCHEDULED,420,7.0
2026-06-02T08:00:57Z,1050M19619C5,1050M,,SCHEDULED,60,1.0
2026-06-02T08:00:57Z,1050M19614C5,1050M,,SCHEDULED,360,6.0
2026-06-02T08:00:57Z,1050M19613C5,1050M,,SCHEDULED,180,3.0
2026-06-02T08:00:57Z,1050M19616C5,1050M,,SCHEDULED,360,6.0
2026-06-02T08:00:57Z,1050M20254C4a,1050M,,SCHEDULED,-60,-1.0
2026-06-02T08:00:57Z,1050M20252C4a,1050M,,SCHEDULED,120,2.0
2026-06-02T08:00:57Z,1050M20250C4a,1050M,,SCHEDULED,180,3.0
2026-06-02T08:00:57Z,1050M80681C9,1050M,,SCHEDULED,1500,25.0
2026-06-02T08:00:57Z,1050M19830C1,1050M,,SCHEDULED,300,5.0
2026-06-02T08:00:57Z,1050M21116C10,1050M,,SCHEDULED,420,7.0
2026-06-02T08:00:57Z,1050M20786C5,1050M,,SCHEDULED,360,6.0
2026-06-02T08:00:57Z,1050M20785C5,1050M,,SCHEDULED,360,6.0
2026-06-02T08:00:57Z,1050M20782C5,1050M,,SCHEDULED,540,9.0
2026-06-02T08:00:57Z,1050M20247C4a,1050M,,SCHEDULED,180,3.0
2026-06-02T08:00:57Z,1050M21610C2,1050M,,SCHEDULED,300,5.0
2026-06-02T08:00:57Z,1050M21214C10,1050M,,SCHEDULED,240,4.0
2026-06-02T08:00:57Z,1050M21731C2,1050M,,SCHEDULED,180,3.0
2026-06-02T08:00:57Z,1050M20245C4a,1050M,,SCHEDULED,540,9.0
2026-06-02T08:00:57Z,1050M21212C10,1050M,,SCHEDULED,180,3.0
2026-06-02T08:00:57Z,1050M20243C4a,1050M,,SCHEDULED,840,14.0
2026-06-02T08:00:57Z,1050M21613C2,1050M,,SCHEDULED,60,1.0
2026-06-02T08:00:57Z,1050M21118C10,1050M,,SCHEDULED,540,9.0
2026-06-02T08:00:57Z,1050M19835C1,1050M,,SCHEDULED,60,1.0
2026-06-02T08:00:57Z,1050M21608C2,1050M,,SCHEDULED,360,6.0
2026-06-02T08:00:57Z,1050M21606C2,1050M,,SCHEDULED,840,14.0
2026-06-02T08:00:57Z,1050M21722C2,1050M,,SCHEDULED,240,4.0
2026-06-02T08:00:57Z,1050M21523C2,1050M,,SCHEDULED,240,4.0
2026-06-02T08:00:57Z,1050M20432C4b,1050M,,SCHEDULED,780,13.0
2026-06-02T08:00:57Z,1050M20793C5,1050M,,SCHEDULED,240,4.0
2026-06-02T08:00:57Z,1050M20430C4b,1050M,,SCHEDULED,1260,21.0
2026-06-02T08:00:57Z,1050M21120C10,1050M,,SCHEDULED,-60,-1.0
2026-06-02T08:00:57Z,1050M20790C5,1050M,,SCHEDULED,60,1.0
2026-06-02T08:00:57Z,1050M21528C2,1050M,,SCHEDULED,180,3.0
2026-06-02T08:00:57Z,1050M21527C2,1050M,,SCHEDULED,60,1.0
2026-06-02T08:00:57Z,1050M20438C4b,1050M,,SCHEDULED,120,2.0
2026-06-02T08:00:57Z,1050M21526C2,1050M,,SCHEDULED,60,1.0
2026-06-02T08:00:57Z,1050M19606C5,1050M,,SCHEDULED,480,8.0
2026-06-02T08:00:57Z,1050M19609C5,1050M,,SCHEDULED,60,1.0
2026-06-02T08:00:57Z,1050M19602C5,1050M,,SCHEDULED,720,12.0
2026-06-02T08:00:57Z,1050M19605C5,1050M,,SCHEDULED,420,7.0
2026-06-02T08:00:57Z,1050M20445C4b,1050M,,SCHEDULED,720,12.0
2026-06-02T08:00:57Z,1050M19610C5,1050M,,SCHEDULED,540,9.0
2026-06-02T08:00:57Z,1050M21015C8a,1050M,,SCHEDULED,420,7.0
2026-06-02T08:00:57Z,1050M20443C4b,1050M,,SCHEDULED,480,8.0
2026-06-02T08:00:57Z,1050M21014C8a,1050M,,SCHEDULED,60,1.0
2026-06-02T08:00:57Z,1050M21820C7,1050M,,SCHEDULED,-60,-1.0
2026-06-02T08:00:57Z,1050M19621C5,1050M,,SCHEDULED,540,9.0
2026-06-02T08:00:57Z,1050M21825C7,1050M,,SCHEDULED,60,1.0
2026-06-02T08:00:57Z,1050M21823C7,1050M,,SCHEDULED,300,5.0
2026-06-02T08:00:57Z,1050M20612C8b,1050M,,SCHEDULED,300,5.0
2026-06-02T08:00:57Z,1050M21821C7,1050M,,SCHEDULED,300,5.0
2026-06-02T08:00:57Z,1050M20609C8b,1050M,,SCHEDULED,660,11.0
2026-06-02T08:00:57Z,1050M21318C10,1050M,,SCHEDULED,480,8.0
2026-06-02T08:00:57Z,1050M21317C10,1050M,,SCHEDULED,600,10.0
2026-06-02T08:00:57Z,1050M78030C3,1050M,,SCHEDULED,1320,22.0
2026-06-02T08:00:57Z,1050M21316C10,1050M,,SCHEDULED,840,14.0
2026-06-02T08:00:57Z,1050M78032C3,1050M,,SCHEDULED,420,7.0
2026-06-02T08:00:57Z,1050M78035C3,1050M,,SCHEDULED,300,5.0
2026-06-02T08:00:57Z,1050M78034C3,1050M,,SCHEDULED,60,1.0
2026-06-02T08:00:57Z,1050M20434C4b,1050M,,SCHEDULED,480,8.0
2026-06-02T08:05:32Z,3050M35315C2,3050M,,SCHEDULED,600,10.0
2026-06-02T08:05:32Z,3050M23617C4,3050M,,SCHEDULED,2160,36.0
2026-06-02T08:05:32Z,5150M33502R14,5150M,,SCHEDULED,360,6.0
2026-06-02T08:05:32Z,5150M77217R2S,5150M,,SCHEDULED,60,1.0
2026-06-02T08:05:32Z,5150M25725R1,5150M,,SCHEDULED,180,3.0
2026-06-02T08:05:32Z,5150M25724R1,5150M,,SCHEDULED,540,9.0
2026-06-02T08:05:32Z,5150M77616R4,5150M,,SCHEDULED,180,3.0
2026-06-02T08:05:32Z,5150M77412R4,5150M,,SCHEDULED,180,3.0
2026-06-02T08:05:32Z,5150M28418R2N,5150M,,SCHEDULED,-60,-1.0
2026-06-02T08:05:32Z,5150M77514R4,5150M,,SCHEDULED,840,14.0
2026-06-02T08:05:32Z,5150M77716R4,5150M,,SCHEDULED,120,2.0
2026-06-02T08:05:32Z,5150M25630R1,5150M,,SCHEDULED,540,9.0
2026-06-02T08:05:32Z,5150M25412R2N,5150M,,SCHEDULED,780,13.0
2026-06-02T08:05:32Z,5150M77218R2S,5150M,,SCHEDULED,420,7.0
2026-06-02T08:05:32Z,5150M25490R2S,5150M,,SCHEDULED,420,7.0
2026-06-02T08:05:32Z,5150M77520R4,5150M,,SCHEDULED,60,1.0
2026-06-02T08:05:32Z,5150M77216R2S,5150M,,SCHEDULED,420,7.0
2026-06-02T08:05:32Z,5150M78854R11,5150M,,SCHEDULED,360,6.0
2026-06-02T08:05:32Z,6150M32706C1,6150M,,SCHEDULED,420,7.0
2026-06-02T08:05:32Z,4750M71082C1,4750M,,SCHEDULED,600,10.0
2026-06-02T08:05:32Z,1050M21816C7,1050M,,SCHEDULED,120,2.0
2026-06-02T08:05:32Z,1050M21814C7,1050M,,SCHEDULED,840,14.0
2026-06-02T08:05:32Z,1050M20449C4b,1050M,,SCHEDULED,1080,18.0
2026-06-02T08:05:32Z,1050M20447C4,1050M,,SCHEDULED,480,8.0
2026-06-02T08:05:32Z,1050M20797C5,1050M,,SCHEDULED,240,4.0
2026-06-02T08:05:32Z,1050M20434C4b,1050M,,SCHEDULED,480,8.0
2026-06-02T08:05:32Z,1050M20432C4b,1050M,,SCHEDULED,960,16.0
2026-06-02T08:05:32Z,1050M19614C5,1050M,,SCHEDULED,480,8.0
2026-06-02T08:05:32Z,1050M19613C5,1050M,,SCHEDULED,240,4.0
2026-06-02T08:05:32Z,1050M20793C5,1050M,,SCHEDULED,300,5.0
2026-06-02T08:05:32Z,1050M20430C4b,1050M,,SCHEDULED,1320,22.0
2026-06-02T08:05:32Z,1050M19616C5,1050M,,SCHEDULED,300,5.0
2026-06-02T08:05:32Z,1050M20254C4a,1050M,,SCHEDULED,-60,-1.0
2026-06-02T08:05:32Z,1050M20252C4a,1050M,,SCHEDULED,240,4.0
2026-06-02T08:05:32Z,1050M21120C10,1050M,,SCHEDULED,-60,-1.0
2026-06-02T08:05:32Z,1050M20250C4a,1050M,,SCHEDULED,420,7.0
2026-06-02T08:05:32Z,1050M20790C5,1050M,,SCHEDULED,60,1.0
2026-06-02T08:05:32Z,1050M21529C2,1050M,,SCHEDULED,-120,-2.0
2026-06-02T08:05:32Z,1050M80681C9,1050M,,SCHEDULED,1800,30.0
2026-06-02T08:05:32Z,1050M19830C1,1050M,,SCHEDULED,240,4.0
2026-06-02T08:05:32Z,1050M21116C10,1050M,,SCHEDULED,660,11.0
2026-06-02T08:05:32Z,1050M20786C5,1050M,,SCHEDULED,360,6.0
2026-06-02T08:05:32Z,1050M20785C5,1050M,,SCHEDULED,240,4.0
2026-06-02T08:05:32Z,1050M21528C2,1050M,,SCHEDULED,60,1.0
2026-06-02T08:05:32Z,1050M21118C10,1050M,,SCHEDULED,360,6.0
2026-06-02T08:05:32Z,1050M20438C4b,1050M,,SCHEDULED,120,2.0
2026-06-02T08:05:32Z,1050M21526C2,1050M,,SCHEDULED,180,3.0
2026-06-02T08:05:32Z,1050M21608C2,1050M,,SCHEDULED,480,8.0
2026-06-02T08:05:32Z,1050M19606C5,1050M,,SCHEDULED,420,7.0
2026-06-02T08:05:32Z,1050M19609C5,1050M,,SCHEDULED,240,4.0
2026-06-02T08:05:32Z,1050M19602C5,1050M,,SCHEDULED,840,14.0
2026-06-02T08:05:32Z,1050M21611C2,1050M,,SCHEDULED,300,5.0
2026-06-02T08:05:32Z,1050M21610C2,1050M,,SCHEDULED,480,8.0
2026-06-02T08:05:32Z,1050M21214C10,1050M,,SCHEDULED,540,9.0
2026-06-02T08:05:32Z,1050M21731C2,1050M,,SCHEDULED,180,3.0
2026-06-02T08:05:32Z,1050M20245C4a,1050M,,SCHEDULED,600,10.0
2026-06-02T08:05:32Z,1050M20445C4b,1050M,,SCHEDULED,540,9.0
2026-06-02T08:05:32Z,1050M19610C5,1050M,,SCHEDULED,480,8.0
2026-06-02T08:05:32Z,1050M21212C10,1050M,,SCHEDULED,60,1.0
2026-06-02T08:05:32Z,1050M20243C4a,1050M,,SCHEDULED,840,14.0
2026-06-02T08:05:32Z,1050M21015C8a,1050M,,SCHEDULED,480,8.0
2026-06-02T08:05:32Z,1050M20443C4b,1050M,,SCHEDULED,360,6.0
2026-06-02T08:05:32Z,1050M21613C2,1050M,,SCHEDULED,60,1.0
2026-06-02T08:05:32Z,1050M21820C7,1050M,,SCHEDULED,-60,-1.0
2026-06-02T08:05:32Z,1050M19621C5,1050M,,SCHEDULED,360,6.0
2026-06-02T08:05:32Z,1050M20248C4a,1050M,,SCHEDULED,480,8.0
2026-06-02T08:05:32Z,1050M21823C7,1050M,,SCHEDULED,540,9.0
2026-06-02T08:05:32Z,1050M20612C8b,1050M,,SCHEDULED,120,2.0
2026-06-02T08:05:32Z,1050M21821C7,1050M,,SCHEDULED,360,6.0
2026-06-02T08:05:32Z,1050M20609C8b,1050M,,SCHEDULED,840,14.0
2026-06-02T08:05:32Z,1050M21318C10,1050M,,SCHEDULED,300,5.0
2026-06-02T08:05:32Z,1050M21317C10,1050M,,SCHEDULED,720,12.0
2026-06-02T08:05:32Z,1050M78030C3,1050M,,SCHEDULED,1440,24.0
2026-06-02T08:05:32Z,1050M78033C3,1050M,,SCHEDULED,360,6.0
2026-06-02T08:05:32Z,1050M78032C3,1050M,,SCHEDULED,720,12.0
2026-06-02T08:05:32Z,1050M78035C3,1050M,,SCHEDULED,360,6.0
2026-06-02T08:10:38Z,3050M23524C1,3050M,,SCHEDULED,180,3.0
2026-06-02T08:10:38Z,3050M23529C1,3050M,,SCHEDULED,660,11.0
2026-06-02T08:10:38Z,3050M23617C4,3050M,,SCHEDULED,2160,36.0
2026-06-02T08:10:38Z,3150M23212C1,3150M,,SCHEDULED,420,7.0
2026-06-02T08:10:38Z,4050M76217C1,4050M,,SCHEDULED,180,3.0
2026-06-02T08:10:38Z,4050M76610C3,4050M,,SCHEDULED,60,1.0
2026-06-02T08:10:38Z,5150M25632R1,5150M,,SCHEDULED,60,1.0
2026-06-02T08:10:38Z,5150M77614R4,5150M,,SCHEDULED,1620,27.0
2026-06-02T08:10:38Z,5150M28420R2N,5150M,,SCHEDULED,180,3.0
2026-06-02T08:10:38Z,5150M25726R1,5150M,,SCHEDULED,360,6.0
2026-06-02T08:10:38Z,5150M77418R4,5150M,,SCHEDULED,120,2.0
2026-06-02T08:10:38Z,5150M25617R1,5150M,,SCHEDULED,480,8.0
2026-06-02T08:10:38Z,5150M78216R2S,5150M,,SCHEDULED,300,5.0
2026-06-02T08:10:38Z,5150M25729R1,5150M,,SCHEDULED,60,1.0
2026-06-02T08:10:38Z,5150M77216R2S,5150M,,SCHEDULED,420,7.0
2026-06-02T08:10:38Z,5150M25626R1,5150M,,SCHEDULED,120,2.0
2026-06-02T08:10:38Z,5150M25725R1,5150M,,SCHEDULED,300,5.0
2026-06-02T08:10:38Z,5150M33523RL4,5150M,,SCHEDULED,720,12.0
2026-06-02T08:10:38Z,5150M25724R1,5150M,,SCHEDULED,540,9.0
2026-06-02T08:10:38Z,5150M77412R4,5150M,,SCHEDULED,60,1.0
2026-06-02T08:10:38Z,5150M25630R1,5150M,,SCHEDULED,600,10.0
2026-06-02T08:10:38Z,5150M25414R2N,5150M,,SCHEDULED,1020,17.0
2026-06-02T08:10:38Z,5150M25416R2N,5150M,,SCHEDULED,60,1.0
2026-06-02T08:10:38Z,5150M77218R2S,5150M,,SCHEDULED,420,7.0
2026-06-02T08:10:38Z,5150M25490R2S,5150M,,SCHEDULED,540,9.0
2026-06-02T08:10:38Z,5150M77720R4,5150M,,SCHEDULED,180,3.0
2026-06-02T08:10:38Z,5150M78217R2S,5150M,,SCHEDULED,60,1.0
2026-06-02T08:10:38Z,6150M30601C1,6150M,,SCHEDULED,180,3.0
2026-06-02T08:10:38Z,6150M32707C1,6150M,,SCHEDULED,180,3.0
2026-06-02T08:10:38Z,4150M84906C2,4150M,,SCHEDULED,3000,50.0
2026-06-02T08:10:38Z,1050M21816C7,1050M,,SCHEDULED,180,3.0
2026-06-02T08:10:38Z,1050M21814C7,1050M,,SCHEDULED,1080,18.0
2026-06-02T08:10:38Z,1050M20449C4b,1050M,,SCHEDULED,960,16.0
2026-06-02T08:10:38Z,1050M20447C4,1050M,,SCHEDULED,540,9.0
2026-06-02T08:10:38Z,1050M19619C5,1050M,,SCHEDULED,60,1.0
2026-06-02T08:10:38Z,1050M19614C5,1050M,,SCHEDULED,420,7.0
2026-06-02T08:10:38Z,1050M19613C5,1050M,,SCHEDULED,360,6.0
2026-06-02T08:10:38Z,1050M19616C5,1050M,,SCHEDULED,300,5.0
2026-06-02T08:10:38Z,1050M20252C4a,1050M,,SCHEDULED,180,3.0
2026-06-02T08:10:38Z,1050M20250C4a,1050M,,SCHEDULED,480,8.0
2026-06-02T08:10:38Z,1050M80681C9,1050M,,SCHEDULED,2100,35.0
2026-06-02T08:10:38Z,1050M21116C10,1050M,,SCHEDULED,660,11.0
2026-06-02T08:10:38Z,1050M20786C5,1050M,,SCHEDULED,300,5.0
2026-06-02T08:10:38Z,1050M19832C1,1050M,,SCHEDULED,60,1.0
2026-06-02T08:10:38Z,1050M21118C10,1050M,,SCHEDULED,480,8.0
2026-06-02T08:10:38Z,1050M20245C4a,1050M,,SCHEDULED,420,7.0
2026-06-02T08:10:38Z,1050M20243C4a,1050M,,SCHEDULED,780,13.0
2026-06-02T08:10:38Z,1050M20249C4a,1050M,,SCHEDULED,180,3.0
2026-06-02T08:10:38Z,1050M20434C4b,1050M,,SCHEDULED,720,12.0
2026-06-02T08:10:38Z,1050M21216C10,1050M,,SCHEDULED,180,3.0
2026-06-02T08:10:38Z,1050M20248C4a,1050M,,SCHEDULED,480,8.0
2026-06-02T08:10:38Z,1050M19835C1,1050M,,SCHEDULED,180,3.0
2026-06-02T08:10:38Z,1050M21321C10,1050M,,SCHEDULED,-120,-2.0
2026-06-02T08:10:38Z,1050M20432C4b,1050M,,SCHEDULED,1020,17.0
2026-06-02T08:10:38Z,1050M21608C2,1050M,,SCHEDULED,300,5.0
2026-06-02T08:10:38Z,1050M21722C2,1050M,,SCHEDULED,60,1.0
2026-06-02T08:10:38Z,1050M20793C5,1050M,,SCHEDULED,120,2.0
2026-06-02T08:10:38Z,1050M21611C2,1050M,,SCHEDULED,240,4.0
2026-06-02T08:10:38Z,1050M21610C2,1050M,,SCHEDULED,480,8.0
2026-06-02T08:10:38Z,1050M21214C10,1050M,,SCHEDULED,300,5.0
2026-06-02T08:10:38Z,1050M21820C7,1050M,,SCHEDULED,-60,-1.0
2026-06-02T08:10:38Z,1050M19621C5,1050M,,SCHEDULED,540,9.0
2026-06-02T08:10:38Z,1050M20792C5,1050M,,SCHEDULED,60,1.0
2026-06-02T08:10:38Z,1050M21120C10,1050M,,SCHEDULED,-60,-1.0
2026-06-02T08:10:38Z,1050M20790C5,1050M,,SCHEDULED,120,2.0
2026-06-02T08:10:38Z,1050M21529C2,1050M,,SCHEDULED,-120,-2.0
2026-06-02T08:10:38Z,1050M21827C7,1050M,,SCHEDULED,60,1.0
2026-06-02T08:10:38Z,1050M21528C2,1050M,,SCHEDULED,120,2.0
2026-06-02T08:10:38Z,1050M21527C2,1050M,,SCHEDULED,60,1.0
2026-06-02T08:10:38Z,1050M21825C7,1050M,,SCHEDULED,120,2.0
2026-06-02T08:10:38Z,1050M20438C4b,1050M,,SCHEDULED,120,2.0
2026-06-02T08:10:38Z,1050M21823C7,1050M,,SCHEDULED,600,10.0
2026-06-02T08:10:38Z,1050M20612C8b,1050M,,SCHEDULED,120,2.0
2026-06-02T08:10:38Z,1050M20436C4b,1050M,,SCHEDULED,240,4.0
2026-06-02T08:10:38Z,1050M19606C5,1050M,,SCHEDULED,540,9.0
2026-06-02T08:10:38Z,1050M20609C8b,1050M,,SCHEDULED,900,15.0
2026-06-02T08:10:38Z,1050M19609C5,1050M,,SCHEDULED,120,2.0
2026-06-02T08:10:38Z,1050M21017C8a,1050M,,SCHEDULED,600,10.0
2026-06-02T08:10:38Z,1050M20445C4b,1050M,,SCHEDULED,600,10.0
2026-06-02T08:10:38Z,1050M21319C10,1050M,,SCHEDULED,60,1.0
2026-06-02T08:10:38Z,1050M19610C5,1050M,,SCHEDULED,660,11.0
2026-06-02T08:10:38Z,1050M20443C4b,1050M,,SCHEDULED,600,10.0
2026-06-02T08:10:38Z,1050M78033C3,1050M,,SCHEDULED,540,9.0
2026-06-02T08:10:38Z,1050M78032C3,1050M,,SCHEDULED,780,13.0
2026-06-02T08:10:38Z,1050M78035C3,1050M,,SCHEDULED,360,6.0
2026-06-02T08:10:38Z,1050M21530C2,1050M,,SCHEDULED,300,5.0
2026-06-02T08:10:38Z,1050M20797C5,1050M,,SCHEDULED,60,1.0
2026-06-02T08:15:39Z,3050M23524C1,3050M,,SCHEDULED,180,3.0
2026-06-02T08:15:39Z,3050M23529C1,3050M,,SCHEDULED,660,11.0
2026-06-02T08:15:39Z,3050M23522C1,3050M,,SCHEDULED,660,11.0
2026-06-02T08:15:39Z,3150M23212C1,3150M,,SCHEDULED,480,8.0
2026-06-02T08:15:39Z,4050M24027C2,4050M,,SCHEDULED,120,2.0
2026-06-02T08:15:39Z,4050M76218C1,4050M,,SCHEDULED,240,4.0
2026-06-02T08:15:39Z,4050M24315C6,4050M,,SCHEDULED,-60,-1.0
2026-06-02T08:15:39Z,5150M77410R4,5150M,,SCHEDULED,300,5.0
2026-06-02T08:15:39Z,5150M77215R2S,5150M,,SCHEDULED,780,13.0
2026-06-02T08:15:39Z,5150M35502R3,5150M,,SCHEDULED,360,6.0
2026-06-02T08:15:39Z,5150M28422R2N,5150M,,SCHEDULED,120,2.0
2026-06-02T08:15:39Z,5150M77217R2S,5150M,,SCHEDULED,60,1.0
2026-06-02T08:15:39Z,5150M28420R2N,5150M,,SCHEDULED,240,4.0
2026-06-02T08:15:39Z,5150M15006R15,5150M,,SCHEDULED,300,5.0
2026-06-02T08:15:39Z,5150M25727R1,5150M,,SCHEDULED,180,3.0
2026-06-02T08:15:39Z,5150M77614R4,5150M,,SCHEDULED,1620,27.0
2026-06-02T08:15:39Z,5150M25725R1,5150M,,SCHEDULED,240,4.0
2026-06-02T08:15:39Z,5150M77219R2S,5150M,,SCHEDULED,60,1.0
2026-06-02T08:15:39Z,5150M25724R1,5150M,,SCHEDULED,540,9.0
2026-06-02T08:15:39Z,5150M77616R4,5150M,,SCHEDULED,180,3.0
2026-06-02T08:15:39Z,5150M25628R1,5150M,,SCHEDULED,480,8.0
2026-06-02T08:15:39Z,5150M77618R4,5150M,,SCHEDULED,420,7.0
2026-06-02T08:15:39Z,5150M77516R4,5150M,,SCHEDULED,480,8.0
2026-06-02T08:15:39Z,5150M25617R1,5150M,,SCHEDULED,600,10.0
2026-06-02T08:15:39Z,5150M25630R1,5150M,,SCHEDULED,600,10.0
2026-06-02T08:15:39Z,5150M77216R2S,5150M,,SCHEDULED,300,5.0
2026-06-02T08:15:39Z,5150M25414R2N,5150M,,SCHEDULED,1020,17.0
2026-06-02T08:15:39Z,5150M78904R11,5150M,,SCHEDULED,780,13.0
2026-06-02T08:15:39Z,5150M25416R2N,5150M,,SCHEDULED,60,1.0
2026-06-02T08:15:39Z,5150M77218R2S,5150M,,SCHEDULED,360,6.0
2026-06-02T08:15:39Z,5150M25490R2S,5150M,,SCHEDULED,600,10.0
2026-06-02T08:15:39Z,6150M30601C1,6150M,,SCHEDULED,180,3.0
2026-06-02T08:15:39Z,6250M26917C1,6250M,,SCHEDULED,300,5.0
2026-06-02T08:15:39Z,4750M71093C1,4750M,,SCHEDULED,360,6.0
2026-06-02T08:15:39Z,4150M84906C2,4150M,,SCHEDULED,3300,55.0
2026-06-02T08:15:39Z,1050M21816C7,1050M,,SCHEDULED,120,2.0
2026-06-02T08:15:39Z,1050M21814C7,1050M,,SCHEDULED,1020,17.0
2026-06-02T08:15:39Z,1050M20447C4,1050M,,SCHEDULED,720,12.0
2026-06-02T08:15:39Z,1050M19614C5,1050M,,SCHEDULED,480,8.0
2026-06-02T08:15:39Z,1050M19613C5,1050M,,SCHEDULED,360,6.0
2026-06-02T08:15:39Z,1050M19616C5,1050M,,SCHEDULED,360,6.0
2026-06-02T08:15:39Z,1050M20254C4a,1050M,,SCHEDULED,60,1.0
2026-06-02T08:15:39Z,1050M80681C9,1050M,,SCHEDULED,2400,40.0
2026-06-02T08:15:39Z,1050M21116C10,1050M,,SCHEDULED,420,7.0
2026-06-02T08:15:39Z,1050M20786C5,1050M,,SCHEDULED,360,6.0
2026-06-02T08:15:39Z,1050M21118C10,1050M,,SCHEDULED,540,9.0
2026-06-02T08:15:39Z,1050M21214C10,1050M,,SCHEDULED,420,7.0
2026-06-02T08:15:39Z,1050M20245C4a,1050M,,SCHEDULED,540,9.0
2026-06-02T08:15:39Z,1050M20243C4a,1050M,,SCHEDULED,1020,17.0
2026-06-02T08:15:39Z,1050M20797C5,1050M,,SCHEDULED,180,3.0
2026-06-02T08:15:39Z,1050M21735C2,1050M,,SCHEDULED,60,1.0
2026-06-02T08:15:39Z,1050M20434C4b,1050M,,SCHEDULED,900,15.0
2026-06-02T08:15:39Z,1050M20249C4a,1050M,,SCHEDULED,180,3.0
2026-06-02T08:15:39Z,1050M21216C10,1050M,,SCHEDULED,240,4.0
2026-06-02T08:15:39Z,1050M20248C4a,1050M,,SCHEDULED,780,13.0
2026-06-02T08:15:39Z,1050M19837C1,1050M,,SCHEDULED,60,1.0
2026-06-02T08:15:39Z,1050M20793C5,1050M,,SCHEDULED,240,4.0
2026-06-02T08:15:39Z,1050M21122C10,1050M,,SCHEDULED,-120,-2.0
2026-06-02T08:15:39Z,1050M21321C10,1050M,,SCHEDULED,-120,-2.0
2026-06-02T08:15:39Z,1050M20792C5,1050M,,SCHEDULED,120,2.0
2026-06-02T08:15:39Z,1050M21608C2,1050M,,SCHEDULED,540,9.0
2026-06-02T08:15:39Z,1050M21120C10,1050M,,SCHEDULED,240,4.0
2026-06-02T08:15:39Z,1050M21722C2,1050M,,SCHEDULED,180,3.0
2026-06-02T08:15:39Z,1050M20247C4a,1050M,,SCHEDULED,120,2.0
2026-06-02T08:15:39Z,1050M21611C2,1050M,,SCHEDULED,420,7.0
2026-06-02T08:15:39Z,1050M21529C2,1050M,,SCHEDULED,-120,-2.0
2026-06-02T08:15:39Z,1050M21610C2,1050M,,SCHEDULED,420,7.0
2026-06-02T08:15:39Z,1050M19621C5,1050M,,SCHEDULED,480,8.0
2026-06-02T08:15:39Z,1050M20436C4b,1050M,,SCHEDULED,300,5.0
2026-06-02T08:15:39Z,1050M19606C5,1050M,,SCHEDULED,360,6.0
2026-06-02T08:15:39Z,1050M19623C5,1050M,,SCHEDULED,480,8.0
2026-06-02T08:15:39Z,1050M21017C8a,1050M,,SCHEDULED,600,10.0
2026-06-02T08:15:39Z,1050M20451C4b,1050M,,SCHEDULED,360,6.0
2026-06-02T08:15:39Z,1050M20445C4b,1050M,,SCHEDULED,600,10.0
2026-06-02T08:15:39Z,1050M19610C5,1050M,,SCHEDULED,600,10.0
2026-06-02T08:15:39Z,1050M21530C2,1050M,,SCHEDULED,180,3.0
2026-06-02T08:15:39Z,1050M21822C7,1050M,,SCHEDULED,-120,-2.0
2026-06-02T08:15:39Z,1050M20612C8b,1050M,,SCHEDULED,60,1.0
2026-06-02T08:15:39Z,1050M20440C4b,1050M,,SCHEDULED,120,2.0
2026-06-02T08:15:39Z,1050M20609C8b,1050M,,SCHEDULED,720,12.0
2026-06-02T08:15:39Z,1050M21319C10,1050M,,SCHEDULED,120,2.0
2026-06-02T08:15:39Z,1050M21318C10,1050M,,SCHEDULED,360,6.0
2026-06-02T08:15:39Z,1050M78033C3,1050M,,SCHEDULED,480,8.0
2026-06-02T08:15:39Z,1050M78032C3,1050M,,SCHEDULED,900,15.0
2026-06-02T08:15:39Z,1050M78035C3,1050M,,SCHEDULED,360,6.0
2026-06-02T08:20:38Z,3050M23522C1,3050M,,SCHEDULED,660,11.0
2026-06-02T08:20:38Z,3050M23617C4,3050M,,SCHEDULED,660,11.0
2026-06-02T08:20:38Z,3150M23212C1,3150M,,SCHEDULED,360,6.0
2026-06-02T08:20:38Z,4050M24026C2,4050M,,SCHEDULED,60,1.0
2026-06-02T08:20:38Z,4050M24027C2,4050M,,SCHEDULED,60,1.0
2026-06-02T08:20:38Z,5150M77215R2S,5150M,,SCHEDULED,900,15.0
2026-06-02T08:20:38Z,5150M77414R4,5150M,,SCHEDULED,120,2.0
2026-06-02T08:20:38Z,5150M77420R4,5150M,,SCHEDULED,180,3.0
2026-06-02T08:20:38Z,5150M77616R4,5150M,,SCHEDULED,180,3.0
2026-06-02T08:20:38Z,5150M28422R2N,5150M,,SCHEDULED,60,1.0
2026-06-02T08:20:38Z,5150M77618R4,5150M,,SCHEDULED,240,4.0
2026-06-02T08:20:38Z,5150M33502R14,5150M,,SCHEDULED,420,7.0
2026-06-02T08:20:38Z,5150M77520R4,5150M,,SCHEDULED,60,1.0
2026-06-02T08:20:38Z,5150M77720R4,5150M,,SCHEDULED,180,3.0
2026-06-02T08:20:38Z,5150M78217R2S,5150M,,SCHEDULED,60,1.0
2026-06-02T08:20:38Z,5150M78216R2S,5150M,,SCHEDULED,480,8.0
2026-06-02T08:20:38Z,5150M78219R2S,5150M,,SCHEDULED,-60,-1.0
2026-06-02T08:20:38Z,5150M25727R1,5150M,,SCHEDULED,300,5.0
2026-06-02T08:20:38Z,5150M77220R2S,5150M,,SCHEDULED,120,2.0
2026-06-02T08:20:38Z,5150M25726R1,5150M,,SCHEDULED,300,5.0
2026-06-02T08:20:38Z,5150M18093R16,5150M,,SCHEDULED,0,0.0
2026-06-02T08:20:38Z,5150M28418R2N,5150M,,SCHEDULED,120,2.0
2026-06-02T08:20:38Z,5150M25724R1,5150M,,SCHEDULED,660,11.0
2026-06-02T08:20:38Z,5150M77518R4,5150M,,SCHEDULED,60,1.0
2026-06-02T08:20:38Z,5150M25630R1,5150M,,SCHEDULED,660,11.0
2026-06-02T08:20:38Z,6150M30601C1,6150M,,SCHEDULED,180,3.0
2026-06-02T08:20:38Z,6150M32706C1,6150M,,SCHEDULED,480,8.0
2026-06-02T08:20:38Z,4650M70151C1,4650M,,SCHEDULED,900,15.0
2026-06-02T08:20:38Z,4750M71082C1,4750M,,SCHEDULED,780,13.0
2026-06-02T08:20:38Z,4150M84906C2,4150M,,SCHEDULED,3600,60.0
2026-06-02T08:20:38Z,1050M21816C7,1050M,,SCHEDULED,120,2.0
2026-06-02T08:20:38Z,1050M21814C7,1050M,,SCHEDULED,1080,18.0
2026-06-02T08:20:38Z,1050M19618C5,1050M,,SCHEDULED,120,2.0
2026-06-02T08:20:38Z,1050M19619C5,1050M,,SCHEDULED,60,1.0
2026-06-02T08:20:38Z,1050M19614C5,1050M,,SCHEDULED,360,6.0
2026-06-02T08:20:38Z,1050M19613C5,1050M,,SCHEDULED,120,2.0
2026-06-02T08:20:38Z,1050M19616C5,1050M,,SCHEDULED,360,6.0
2026-06-02T08:20:38Z,1050M20252C4a,1050M,,SCHEDULED,180,3.0
2026-06-02T08:20:38Z,1050M20250C4a,1050M,,SCHEDULED,360,6.0
2026-06-02T08:20:38Z,1050M20786C5,1050M,,SCHEDULED,300,5.0
2026-06-02T08:20:38Z,1050M21118C10,1050M,,SCHEDULED,660,11.0
2026-06-02T08:20:38Z,1050M21321C10,1050M,,SCHEDULED,-120,-2.0
2026-06-02T08:20:38Z,1050M21608C2,1050M,,SCHEDULED,660,11.0
2026-06-02T08:20:38Z,1050M21724C2,1050M,,SCHEDULED,240,4.0
2026-06-02T08:20:38Z,1050M21722C2,1050M,,SCHEDULED,300,5.0
2026-06-02T08:20:38Z,1050M20247C4a,1050M,,SCHEDULED,60,1.0
2026-06-02T08:20:38Z,1050M21829C7,1050M,,SCHEDULED,-60,-1.0
2026-06-02T08:20:38Z,1050M21611C2,1050M,,SCHEDULED,240,4.0
2026-06-02T08:20:38Z,1050M21610C2,1050M,,SCHEDULED,420,7.0
2026-06-02T08:20:38Z,1050M21214C10,1050M,,SCHEDULED,480,8.0
2026-06-02T08:20:38Z,1050M20797C5,1050M,,SCHEDULED,60,1.0
2026-06-02T08:20:38Z,1050M20245C4a,1050M,,SCHEDULED,360,6.0
2026-06-02T08:20:38Z,1050M20434C4b,1050M,,SCHEDULED,1020,17.0
2026-06-02T08:20:38Z,1050M21735C2,1050M,,SCHEDULED,180,3.0
2026-06-02T08:20:38Z,1050M20432C4b,1050M,,SCHEDULED,960,16.0
2026-06-02T08:20:38Z,1050M21216C10,1050M,,SCHEDULED,180,3.0
2026-06-02T08:20:38Z,1050M20248C4a,1050M,,SCHEDULED,900,15.0
2026-06-02T08:20:38Z,1050M21820C7,1050M,,SCHEDULED,420,7.0
2026-06-02T08:20:38Z,1050M20793C5,1050M,,SCHEDULED,240,4.0
2026-06-02T08:20:38Z,1050M21122C10,1050M,,SCHEDULED,-120,-2.0
2026-06-02T08:20:38Z,1050M19621C5,1050M,,SCHEDULED,360,6.0
2026-06-02T08:20:38Z,1050M20792C5,1050M,,SCHEDULED,60,1.0
2026-06-02T08:20:38Z,1050M21120C10,1050M,,SCHEDULED,360,6.0
2026-06-02T08:20:38Z,1050M19623C5,1050M,,SCHEDULED,240,4.0
2026-06-02T08:20:38Z,1050M21529C2,1050M,,SCHEDULED,-120,-2.0
2026-06-02T08:20:38Z,1050M20436C4b,1050M,,SCHEDULED,540,9.0
2026-06-02T08:20:38Z,1050M21827C7,1050M,,SCHEDULED,60,1.0
2026-06-02T08:20:38Z,1050M21825C7,1050M,,SCHEDULED,180,3.0
2026-06-02T08:20:38Z,1050M21017C8a,1050M,,SCHEDULED,420,7.0
2026-06-02T08:20:38Z,1050M20445C4b,1050M,,SCHEDULED,780,13.0
2026-06-02T08:20:38Z,1050M21822C7,1050M,,SCHEDULED,-120,-2.0
2026-06-02T08:20:38Z,1050M20609C8b,1050M,,SCHEDULED,960,16.0
2026-06-02T08:20:38Z,1050M21818C7,1050M,,SCHEDULED,180,3.0
2026-06-02T08:20:38Z,1050M19625C5,1050M,,SCHEDULED,-60,-1.0
2026-06-02T08:20:38Z,1050M21016C8a,1050M,,SCHEDULED,360,6.0
2026-06-02T08:20:38Z,1050M20442C4b,1050M,,SCHEDULED,120,2.0
2026-06-02T08:20:38Z,1050M21530C2,1050M,,SCHEDULED,240,4.0
2026-06-02T08:20:38Z,1050M21318C10,1050M,,SCHEDULED,60,1.0
2026-06-02T08:20:38Z,1050M78033C3,1050M,,SCHEDULED,600,10.0
2026-06-02T08:20:38Z,1050M78032C3,1050M,,SCHEDULED,840,14.0
2026-06-02T08:20:38Z,1050M78035C3,1050M,,SCHEDULED,600,10.0
2026-06-02T08:20:38Z,1050M78034C3,1050M,,SCHEDULED,120,2.0
2026-06-02T08:25:44Z,3150M23212C1,3150M,,SCHEDULED,420,7.0
2026-06-02T08:25:44Z,4050M76220C1,4050M,,SCHEDULED,120,2.0
2026-06-02T08:25:44Z,5150M77412R4,5150M,,SCHEDULED,120,2.0
2026-06-02T08:25:44Z,5150M77215R2S,5150M,,SCHEDULED,900,15.0
2026-06-02T08:25:44Z,5150M77414R4,5150M,,SCHEDULED,180,3.0
2026-06-02T08:25:44Z,5150M77217R2S,5150M,,SCHEDULED,240,4.0
2026-06-02T08:25:44Z,5150M77420R4,5150M,,SCHEDULED,180,3.0
2026-06-02T08:25:44Z,5150M35502R3,5150M,,SCHEDULED,60,1.0
2026-06-02T08:25:44Z,5150M28420R2N,5150M,,SCHEDULED,300,5.0
2026-06-02T08:25:44Z,5150M77614R4,5150M,,SCHEDULED,1500,25.0
2026-06-02T08:25:44Z,5150M35507R3,5150M,,SCHEDULED,360,6.0
2026-06-02T08:25:44Z,5150M25727R1,5150M,,SCHEDULED,240,4.0
2026-06-02T08:25:44Z,5150M25726R1,5150M,,SCHEDULED,300,5.0
2026-06-02T08:25:44Z,5150M77616R4,5150M,,SCHEDULED,240,4.0
2026-06-02T08:25:44Z,5150M25628R1,5150M,,SCHEDULED,420,7.0
2026-06-02T08:25:44Z,5150M25623R1,5150M,,SCHEDULED,60,1.0
2026-06-02T08:25:44Z,5150M77315R3,5150M,,SCHEDULED,180,3.0
2026-06-02T08:25:44Z,5150M77516R4,5150M,,SCHEDULED,600,10.0
2026-06-02T08:25:44Z,5150M77618R4,5150M,,SCHEDULED,300,5.0
2026-06-02T08:25:44Z,5150M25414R2N,5150M,,SCHEDULED,900,15.0
2026-06-02T08:25:44Z,5150M25418R2N,5150M,,SCHEDULED,240,4.0
2026-06-02T08:25:44Z,5150M77218R2S,5150M,,SCHEDULED,420,7.0
2026-06-02T08:25:44Z,5150M25490R2S,5150M,,SCHEDULED,420,7.0
2026-06-02T08:25:44Z,5150M77720R4,5150M,,SCHEDULED,180,3.0
2026-06-02T08:25:44Z,5150M78904R11,5150M,,SCHEDULED,660,11.0
2026-06-02T08:25:44Z,5150M25619R1,5150M,,SCHEDULED,120,2.0
2026-06-02T08:25:44Z,5150M25731R1,5150M,,SCHEDULED,240,4.0
2026-06-02T08:25:44Z,6150M32707C1,6150M,,SCHEDULED,120,2.0
2026-06-02T08:25:44Z,6250M26913C1,6250M,,SCHEDULED,1320,22.0
2026-06-02T08:25:44Z,6250M71112C2,6250M,,SCHEDULED,120,2.0
2026-06-02T08:25:44Z,4650M70151C1,4650M,,SCHEDULED,900,15.0
2026-06-02T08:25:44Z,4750M71082C1,4750M,,SCHEDULED,720,12.0
2026-06-02T08:25:44Z,4750M71052C1,4750M,,SCHEDULED,300,5.0
2026-06-02T08:25:44Z,4150M84906C2,4150M,,SCHEDULED,3900,65.0
2026-06-02T08:25:44Z,1050M78034C3,1050M,,SCHEDULED,180,3.0
2026-06-02T08:25:44Z,1050M78036C3,1050M,,SCHEDULED,60,1.0
2026-06-02T08:25:44Z,1050M21530C2,1050M,,SCHEDULED,240,4.0
2026-06-02T08:25:44Z,1050M21829C7,1050M,,SCHEDULED,-60,-1.0
2026-06-02T08:25:44Z,1050M20440C4b,1050M,,SCHEDULED,120,2.0
2026-06-02T08:25:44Z,1050M20797C5,1050M,,SCHEDULED,120,2.0
2026-06-02T08:25:44Z,1050M21814C7,1050M,,SCHEDULED,1020,17.0
2026-06-02T08:25:44Z,1050M20449C4b,1050M,,SCHEDULED,1200,20.0
2026-06-02T08:25:44Z,1050M19618C5,1050M,,SCHEDULED,120,2.0
2026-06-02T08:25:44Z,1050M20794C5,1050M,,SCHEDULED,120,2.0
2026-06-02T08:25:44Z,1050M19619C5,1050M,,SCHEDULED,60,1.0
2026-06-02T08:25:44Z,1050M20793C5,1050M,,SCHEDULED,360,6.0
2026-06-02T08:25:44Z,1050M21122C10,1050M,,SCHEDULED,-120,-2.0
2026-06-02T08:25:44Z,1050M19614C5,1050M,,SCHEDULED,240,4.0
2026-06-02T08:25:44Z,1050M20792C5,1050M,,SCHEDULED,60,1.0
2026-06-02T08:25:44Z,1050M19616C5,1050M,,SCHEDULED,300,5.0
2026-06-02T08:25:44Z,1050M21120C10,1050M,,SCHEDULED,240,4.0
2026-06-02T08:25:44Z,1050M21527C2,1050M,,SCHEDULED,60,1.0
2026-06-02T08:25:44Z,1050M20436C4b,1050M,,SCHEDULED,600,10.0
2026-06-02T08:25:44Z,1050M20252C4a,1050M,,SCHEDULED,180,3.0
2026-06-02T08:25:44Z,1050M20250C4a,1050M,,SCHEDULED,240,4.0
2026-06-02T08:25:44Z,1050M21017C8a,1050M,,SCHEDULED,360,6.0
2026-06-02T08:25:44Z,1050M20445C4b,1050M,,SCHEDULED,840,14.0
2026-06-02T08:25:44Z,1050M21118C10,1050M,,SCHEDULED,540,9.0
2026-06-02T08:25:44Z,1050M20245C4a,1050M,,SCHEDULED,660,11.0
2026-06-02T08:25:44Z,1050M21016C8a,1050M,,SCHEDULED,360,6.0
2026-06-02T08:25:44Z,1050M20442C4b,1050M,,SCHEDULED,60,1.0
2026-06-02T08:25:44Z,1050M21820C7,1050M,,SCHEDULED,240,4.0
2026-06-02T08:25:44Z,1050M21735C2,1050M,,SCHEDULED,180,3.0
2026-06-02T08:25:44Z,1050M19621C5,1050M,,SCHEDULED,420,7.0
2026-06-02T08:25:44Z,1050M21613C2,1050M,,SCHEDULED,120,2.0
2026-06-02T08:25:44Z,1050M21216C10,1050M,,SCHEDULED,180,3.0
2026-06-02T08:25:44Z,1050M19623C5,1050M,,SCHEDULED,360,6.0
2026-06-02T08:25:44Z,1050M20248C4a,1050M,,SCHEDULED,1080,18.0
2026-06-02T08:25:44Z,1050M19837C1,1050M,,SCHEDULED,180,3.0
2026-06-02T08:25:44Z,1050M19834C1,1050M,,SCHEDULED,60,1.0
2026-06-02T08:25:44Z,1050M21320C10,1050M,,SCHEDULED,180,3.0
2026-06-02T08:25:44Z,1050M21608C2,1050M,,SCHEDULED,660,11.0
2026-06-02T08:25:44Z,1050M21724C2,1050M,,SCHEDULED,300,5.0
2026-06-02T08:25:44Z,1050M21722C2,1050M,,SCHEDULED,360,6.0
2026-06-02T08:25:44Z,1050M21825C7,1050M,,SCHEDULED,300,5.0
2026-06-02T08:25:44Z,1050M21610C2,1050M,,SCHEDULED,480,8.0
2026-06-02T08:25:44Z,1050M21214C10,1050M,,SCHEDULED,360,6.0
2026-06-02T08:25:44Z,1050M21823C7,1050M,,SCHEDULED,600,10.0
2026-06-02T08:25:44Z,1050M21822C7,1050M,,SCHEDULED,-120,-2.0
2026-06-02T08:25:44Z,1050M20609C8b,1050M,,SCHEDULED,900,15.0
2026-06-02T08:25:44Z,1050M21818C7,1050M,,SCHEDULED,300,5.0
2026-06-02T08:25:44Z,1050M19625C5,1050M,,SCHEDULED,-60,-1.0
2026-06-02T08:25:44Z,1050M21319C10,1050M,,SCHEDULED,120,2.0
2026-06-02T08:25:44Z,1050M21318C10,1050M,,SCHEDULED,240,4.0
2026-06-02T08:25:44Z,1050M78032C3,1050M,,SCHEDULED,840,14.0
2026-06-02T08:25:44Z,1050M78035C3,1050M,,SCHEDULED,240,4.0
2026-06-02T08:30:49Z,3050M23524C1,3050M,,SCHEDULED,60,1.0
2026-06-02T08:30:49Z,3050M23617C4,3050M,,SCHEDULED,720,12.0
2026-06-02T08:30:49Z,3050M23529C1,3050M,,SCHEDULED,840,14.0
2026-06-02T08:30:49Z,3050M23531C1,3050M,,SCHEDULED,600,10.0
2026-06-02T08:30:49Z,3150M23430T1,3150M,,SCHEDULED,300,5.0
2026-06-02T08:30:49Z,3150M23212C1,3150M,,SCHEDULED,720,12.0
2026-06-02T08:30:49Z,4050M76220C1,4050M,,SCHEDULED,120,2.0
2026-06-02T08:30:49Z,5150M77618R4,5150M,,SCHEDULED,360,6.0
2026-06-02T08:30:49Z,5150M25617R1,5150M,,SCHEDULED,660,11.0
2026-06-02T08:30:49Z,5150M25418R2N,5150M,,SCHEDULED,120,2.0
2026-06-02T08:30:49Z,5150M78904R11,5150M,,SCHEDULED,720,12.0
2026-06-02T08:30:49Z,5150M25619R1,5150M,,SCHEDULED,60,1.0
2026-06-02T08:30:49Z,5150M25731R1,5150M,,SCHEDULED,120,2.0
2026-06-02T08:30:49Z,5150M78216R2S,5150M,,SCHEDULED,720,12.0
2026-06-02T08:30:49Z,5150M25632R1,5150M,,SCHEDULED,60,1.0
2026-06-02T08:30:49Z,5150M77420R4,5150M,,SCHEDULED,120,2.0
2026-06-02T08:30:49Z,5150M77220R2S,5150M,,SCHEDULED,180,3.0
2026-06-02T08:30:49Z,5150M25414R2N,5150M,,SCHEDULED,960,16.0
2026-06-02T08:30:49Z,5150M28420R2N,5150M,,SCHEDULED,300,5.0
2026-06-02T08:30:49Z,5150M25416R2N,5150M,,SCHEDULED,360,6.0
2026-06-02T08:30:49Z,5150M77218R2S,5150M,,SCHEDULED,480,8.0
2026-06-02T08:30:49Z,5150M77720R4,5150M,,SCHEDULED,120,2.0
2026-06-02T08:30:49Z,5150M25726R1,5150M,,SCHEDULED,360,6.0
2026-06-02T08:30:49Z,5150M18093R16,5150M,,SCHEDULED,120,2.0
2026-06-02T08:30:49Z,5150M25724R1,5150M,,SCHEDULED,600,10.0
2026-06-02T08:30:49Z,5150M77516R4,5150M,,SCHEDULED,660,11.0
2026-06-02T08:30:49Z,6250M71160C2,6250M,,SCHEDULED,180,3.0
2026-06-02T08:30:49Z,6250M71159C2,6250M,,SCHEDULED,480,8.0
2026-06-02T08:30:49Z,6250M71359C3,6250M,,SCHEDULED,60,1.0
2026-06-02T08:30:49Z,4650M70151C1,4650M,,SCHEDULED,1080,18.0
2026-06-02T08:30:49Z,4750M71082C1,4750M,,SCHEDULED,720,12.0
2026-06-02T08:30:49Z,4150M84906C2,4150M,,SCHEDULED,4200,70.0
2026-06-02T08:30:49Z,1050M78034C3,1050M,,SCHEDULED,240,4.0
2026-06-02T08:30:49Z,1050M78036C3,1050M,,SCHEDULED,120,2.0
2026-06-02T08:30:49Z,1050M21530C2,1050M,,SCHEDULED,240,4.0
2026-06-02T08:30:49Z,1050M21829C7,1050M,,SCHEDULED,-60,-1.0
2026-06-02T08:30:49Z,1050M20440C4b,1050M,,SCHEDULED,120,2.0
2026-06-02T08:30:49Z,1050M20797C5,1050M,,SCHEDULED,120,2.0
2026-06-02T08:30:49Z,1050M21816C7,1050M,,SCHEDULED,120,2.0
2026-06-02T08:30:49Z,1050M21814C7,1050M,,SCHEDULED,1020,17.0
2026-06-02T08:30:49Z,1050M20449C4b,1050M,,SCHEDULED,1380,23.0
2026-06-02T08:30:49Z,1050M20794C5,1050M,,SCHEDULED,60,1.0
2026-06-02T08:30:49Z,1050M21122C10,1050M,,SCHEDULED,-120,-2.0
2026-06-02T08:30:49Z,1050M19618C5,1050M,,SCHEDULED,60,1.0
2026-06-02T08:30:49Z,1050M21529C2,1050M,,SCHEDULED,60,1.0
2026-06-02T08:30:49Z,1050M19619C5,1050M,,SCHEDULED,180,3.0
2026-06-02T08:30:49Z,1050M19614C5,1050M,,SCHEDULED,360,6.0
2026-06-02T08:30:49Z,1050M20799C5,1050M,,SCHEDULED,540,9.0
2026-06-02T08:30:49Z,1050M20436C4b,1050M,,SCHEDULED,840,14.0
2026-06-02T08:30:49Z,1050M19616C5,1050M,,SCHEDULED,300,5.0
2026-06-02T08:30:49Z,1050M21017C8a,1050M,,SCHEDULED,420,7.0
2026-06-02T08:30:49Z,1050M20445C4b,1050M,,SCHEDULED,900,15.0
2026-06-02T08:30:49Z,1050M20250C4a,1050M,,SCHEDULED,480,8.0
2026-06-02T08:30:49Z,1050M21016C8a,1050M,,SCHEDULED,420,7.0
2026-06-02T08:30:49Z,1050M20442C4b,1050M,,SCHEDULED,60,1.0
2026-06-02T08:30:49Z,1050M21820C7,1050M,,SCHEDULED,360,6.0
2026-06-02T08:30:49Z,1050M21610C2,1050M,,SCHEDULED,300,5.0
2026-06-02T08:30:49Z,1050M19621C5,1050M,,SCHEDULED,480,8.0
2026-06-02T08:30:49Z,1050M21735C2,1050M,,SCHEDULED,240,4.0
2026-06-02T08:30:49Z,1050M19623C5,1050M,,SCHEDULED,480,8.0
2026-06-02T08:30:49Z,1050M21613C2,1050M,,SCHEDULED,120,2.0
2026-06-02T08:30:49Z,1050M21118C10,1050M,,SCHEDULED,420,7.0
2026-06-02T08:30:49Z,1050M20451C4b,1050M,,SCHEDULED,540,9.0
2026-06-02T08:30:49Z,1050M19839C1,1050M,,SCHEDULED,60,1.0
2026-06-02T08:30:49Z,1050M21321C10,1050M,,SCHEDULED,60,1.0
2026-06-02T08:30:49Z,1050M21825C7,1050M,,SCHEDULED,180,3.0
2026-06-02T08:30:49Z,1050M21320C10,1050M,,SCHEDULED,240,4.0
2026-06-02T08:30:49Z,1050M21608C2,1050M,,SCHEDULED,660,11.0
2026-06-02T08:30:49Z,1050M21724C2,1050M,,SCHEDULED,120,2.0
2026-06-02T08:30:49Z,1050M21722C2,1050M,,SCHEDULED,240,4.0
2026-06-02T08:30:49Z,1050M21823C7,1050M,,SCHEDULED,720,12.0
2026-06-02T08:30:49Z,1050M20247C4a,1050M,,SCHEDULED,60,1.0
2026-06-02T08:30:49Z,1050M21214C10,1050M,,SCHEDULED,480,8.0
2026-06-02T08:30:49Z,1050M21822C7,1050M,,SCHEDULED,-120,-2.0
2026-06-02T08:30:49Z,1050M20612C8b,1050M,,SCHEDULED,180,3.0
2026-06-02T08:30:49Z,1050M20611C8b,1050M,,SCHEDULED,840,14.0
2026-06-02T08:30:49Z,1050M20609C8b,1050M,,SCHEDULED,1140,19.0
2026-06-02T08:30:49Z,1050M21818C7,1050M,,SCHEDULED,300,5.0
2026-06-02T08:35:31Z,3050M23528C1,3050M,,SCHEDULED,120,2.0
2026-06-02T08:35:31Z,3050M23529C1,3050M,,SCHEDULED,780,13.0
2026-06-02T08:35:31Z,3050M23531C1,3050M,,SCHEDULED,660,11.0
2026-06-02T08:35:31Z,3150M23212C1,3150M,,SCHEDULED,780,13.0
2026-06-02T08:35:31Z,3150M23430T1,3150M,,SCHEDULED,360,6.0
2026-06-02T08:35:31Z,4050M76218C1,4050M,,SCHEDULED,-60,-1.0
2026-06-02T08:35:31Z,4050M24314C6,4050M,,SCHEDULED,120,2.0
2026-06-02T08:35:31Z,5150M77222R2S,5150M,,SCHEDULED,120,2.0
2026-06-02T08:35:31Z,5150M77420R4,5150M,,SCHEDULED,120,2.0
2026-06-02T08:35:31Z,5150M25623R1,5150M,,SCHEDULED,300,5.0
2026-06-02T08:35:31Z,5150M77217R2S,5150M,,SCHEDULED,360,6.0
2026-06-02T08:35:31Z,5150M18093R16,5150M,,SCHEDULED,180,3.0
2026-06-02T08:35:31Z,5150M77614R4,5150M,,SCHEDULED,1800,30.0
2026-06-02T08:35:31Z,5150M77516R4,5150M,,SCHEDULED,780,13.0
2026-06-02T08:35:31Z,5150M25617R1,5150M,,SCHEDULED,480,8.0
2026-06-02T08:35:31Z,5150M25414R2N,5150M,,SCHEDULED,1020,17.0
2026-06-02T08:35:31Z,5150M25630R1,5150M,,SCHEDULED,660,11.0
2026-06-02T08:35:31Z,5150M77218R2S,5150M,,SCHEDULED,360,6.0
2026-06-02T08:35:31Z,5150M77720R4,5150M,,SCHEDULED,180,3.0
2026-06-02T08:35:31Z,5150M77522R4,5150M,,SCHEDULED,60,1.0
2026-06-02T08:35:31Z,5150M78216R2S,5150M,,SCHEDULED,540,9.0
2026-06-02T08:35:31Z,5150M78856R11,5150M,,SCHEDULED,1740,29.0
2026-06-02T08:35:31Z,6250M71870C3,6250M,,SCHEDULED,-60,-1.0
2026-06-02T08:35:31Z,6250M71206C3,6250M,,SCHEDULED,180,3.0
2026-06-02T08:35:31Z,4750M71082C1,4750M,,SCHEDULED,720,12.0
2026-06-02T08:35:31Z,4750M71052C1,4750M,,SCHEDULED,300,5.0
2026-06-02T08:35:31Z,4150M84906C2,4150M,,SCHEDULED,4500,75.0
2026-06-02T08:35:31Z,1050M21118C10,1050M,,SCHEDULED,360,6.0
2026-06-02T08:35:31Z,1050M20442C4b,1050M,,SCHEDULED,180,3.0
2026-06-02T08:35:31Z,1050M21530C2,1050M,,SCHEDULED,420,7.0
2026-06-02T08:35:31Z,1050M20440C4b,1050M,,SCHEDULED,120,2.0
2026-06-02T08:35:31Z,1050M21816C7,1050M,,SCHEDULED,60,1.0
2026-06-02T08:35:31Z,1050M21814C7,1050M,,SCHEDULED,840,14.0
2026-06-02T08:35:31Z,1050M20449C4b,1050M,,SCHEDULED,1440,24.0
2026-06-02T08:35:31Z,1050M19618C5,1050M,,SCHEDULED,60,1.0
2026-06-02T08:35:31Z,1050M19619C5,1050M,,SCHEDULED,180,3.0
2026-06-02T08:35:31Z,1050M19616C5,1050M,,SCHEDULED,240,4.0
2026-06-02T08:35:31Z,1050M21610C2,1050M,,SCHEDULED,300,5.0
2026-06-02T08:35:31Z,1050M78037C3,1050M,,SCHEDULED,600,10.0
2026-06-02T08:35:31Z,1050M21829C7,1050M,,SCHEDULED,-60,-1.0
2026-06-02T08:35:31Z,1050M21218C10,1050M,,SCHEDULED,60,1.0
2026-06-02T08:35:31Z,1050M21735C2,1050M,,SCHEDULED,240,4.0
2026-06-02T08:35:31Z,1050M20797C5,1050M,,SCHEDULED,60,1.0
2026-06-02T08:35:31Z,1050M20249C4a,1050M,,SCHEDULED,360,6.0
2026-06-02T08:35:31Z,1050M21216C10,1050M,,SCHEDULED,300,5.0
2026-06-02T08:35:31Z,1050M21733C2,1050M,,SCHEDULED,180,3.0
2026-06-02T08:35:31Z,1050M20794C5,1050M,,SCHEDULED,120,2.0
2026-06-02T08:35:31Z,1050M20792C5,1050M,,SCHEDULED,120,2.0
2026-06-02T08:35:31Z,1050M21320C10,1050M,,SCHEDULED,240,4.0
2026-06-02T08:35:31Z,1050M21120C10,1050M,,SCHEDULED,240,4.0
2026-06-02T08:35:31Z,1050M21608C2,1050M,,SCHEDULED,660,11.0
2026-06-02T08:35:31Z,1050M21724C2,1050M,,SCHEDULED,120,2.0
2026-06-02T08:35:31Z,1050M21722C2,1050M,,SCHEDULED,240,4.0
2026-06-02T08:35:31Z,1050M20790C5,1050M,,SCHEDULED,120,2.0
2026-06-02T08:35:31Z,1050M20247C4a,1050M,,SCHEDULED,60,1.0
2026-06-02T08:35:31Z,1050M21214C10,1050M,,SCHEDULED,660,11.0
2026-06-02T08:35:31Z,1050M21527C2,1050M,,SCHEDULED,120,2.0
2026-06-02T08:35:31Z,1050M21820C7,1050M,,SCHEDULED,360,6.0
2026-06-02T08:35:31Z,1050M19621C5,1050M,,SCHEDULED,540,9.0
2026-06-02T08:35:31Z,1050M20799C5,1050M,,SCHEDULED,360,6.0
2026-06-02T08:35:31Z,1050M19623C5,1050M,,SCHEDULED,480,8.0
2026-06-02T08:35:31Z,1050M21016C8a,1050M,,SCHEDULED,480,8.0
2026-06-02T08:35:31Z,1050M20451C4b,1050M,,SCHEDULED,720,12.0
2026-06-02T08:35:31Z,1050M21825C7,1050M,,SCHEDULED,360,6.0
2026-06-02T08:35:31Z,1050M21823C7,1050M,,SCHEDULED,540,9.0
2026-06-02T08:35:31Z,1050M20612C8b,1050M,,SCHEDULED,300,5.0
2026-06-02T08:35:31Z,1050M20611C8b,1050M,,SCHEDULED,840,14.0
2026-06-02T08:35:31Z,1050M20609C8b,1050M,,SCHEDULED,1260,21.0
2026-06-02T08:35:31Z,1050M21818C7,1050M,,SCHEDULED,360,6.0
2026-06-02T08:35:31Z,1050M19625C5,1050M,,SCHEDULED,180,3.0
2026-06-02T08:35:31Z,1050M78034C3,1050M,,SCHEDULED,60,1.0
2026-06-02T08:40:34Z,3050M23528C1,3050M,,SCHEDULED,240,4.0
2026-06-02T08:40:34Z,3050M23529C1,3050M,,SCHEDULED,780,13.0
2026-06-02T08:40:34Z,3150M23212C1,3150M,,SCHEDULED,1020,17.0
2026-06-02T08:40:34Z,3150M23214C1,3150M,,SCHEDULED,120,2.0
2026-06-02T08:40:34Z,3150M23430T1,3150M,,SCHEDULED,360,6.0
2026-06-02T08:40:34Z,4050M24314C6,4050M,,SCHEDULED,240,4.0
2026-06-02T08:40:34Z,5150M77217R2S,5150M,,SCHEDULED,420,7.0
2026-06-02T08:40:34Z,5150M77614R4,5150M,,SCHEDULED,1980,33.0
2026-06-02T08:40:34Z,5150M25632R1,5150M,,SCHEDULED,300,5.0
2026-06-02T08:40:34Z,5150M77416R4,5150M,,SCHEDULED,720,12.0
2026-06-02T08:40:34Z,5150M25634R1,5150M,,SCHEDULED,240,4.0
2026-06-02T08:40:34Z,5150M77219R2S,5150M,,SCHEDULED,120,2.0
2026-06-02T08:40:34Z,5150M77221R2S,5150M,,SCHEDULED,-60,-1.0
2026-06-02T08:40:34Z,5150M25418R2N,5150M,,SCHEDULED,60,1.0
2026-06-02T08:40:34Z,5150M78904R11,5150M,,SCHEDULED,780,13.0
2026-06-02T08:40:34Z,5150M35507R3,5150M,,SCHEDULED,240,4.0
2026-06-02T08:40:34Z,5150M25731R1,5150M,,SCHEDULED,60,1.0
2026-06-02T08:40:34Z,5150M78219R2S,5150M,,SCHEDULED,60,1.0
2026-06-02T08:40:34Z,5150M25623R1,5150M,,SCHEDULED,360,6.0
2026-06-02T08:40:34Z,5150M25733R1,5150M,,SCHEDULED,120,2.0
2026-06-02T08:40:34Z,5150M25416R2N,5150M,,SCHEDULED,300,5.0
2026-06-02T08:40:34Z,5150M77720R4,5150M,,SCHEDULED,180,3.0
2026-06-02T08:40:34Z,6150M32708C1,6150M,,SCHEDULED,120,2.0
2026-06-02T08:40:34Z,6250M71159C2,6250M,,SCHEDULED,360,6.0
2026-06-02T08:40:34Z,6250M26913C1,6250M,,SCHEDULED,1380,23.0
2026-06-02T08:40:34Z,6250M71160C2,6250M,,SCHEDULED,360,6.0
2026-06-02T08:40:34Z,4650M70151C1,4650M,,SCHEDULED,1020,17.0
2026-06-02T08:40:34Z,4150M32807C3,4150M,,SCHEDULED,300,5.0
2026-06-02T08:40:34Z,1050M20254C4a,1050M,,SCHEDULED,120,2.0
2026-06-02T08:40:34Z,1050M20252C4a,1050M,,SCHEDULED,300,5.0
2026-06-02T08:40:34Z,1050M21118C10,1050M,,SCHEDULED,540,9.0
2026-06-02T08:40:34Z,1050M20442C4b,1050M,,SCHEDULED,60,1.0
2026-06-02T08:40:34Z,1050M21530C2,1050M,,SCHEDULED,360,6.0
2026-06-02T08:40:34Z,1050M21816C7,1050M,,SCHEDULED,60,1.0
2026-06-02T08:40:34Z,1050M20449C4b,1050M,,SCHEDULED,1320,22.0
2026-06-02T08:40:34Z,1050M19618C5,1050M,,SCHEDULED,120,2.0
2026-06-02T08:40:34Z,1050M19616C5,1050M,,SCHEDULED,240,4.0
2026-06-02T08:40:34Z,1050M20256C4a,1050M,,SCHEDULED,120,2.0
2026-06-02T08:40:34Z,1050M21214C10,1050M,,SCHEDULED,480,8.0
2026-06-02T08:40:34Z,1050M21610C2,1050M,,SCHEDULED,420,7.0
2026-06-02T08:40:34Z,1050M21829C7,1050M,,SCHEDULED,60,1.0
2026-06-02T08:40:34Z,1050M21615C2,1050M,,SCHEDULED,-60,-1.0
2026-06-02T08:40:34Z,1050M21218C10,1050M,,SCHEDULED,120,2.0
2026-06-02T08:40:34Z,1050M20797C5,1050M,,SCHEDULED,120,2.0
2026-06-02T08:40:34Z,1050M21735C2,1050M,,SCHEDULED,360,6.0
2026-06-02T08:40:34Z,1050M20249C4a,1050M,,SCHEDULED,120,2.0
2026-06-02T08:40:34Z,1050M21216C10,1050M,,SCHEDULED,180,3.0
2026-06-02T08:40:34Z,1050M19839C1,1050M,,SCHEDULED,60,1.0
2026-06-02T08:40:34Z,1050M19836C1,1050M,,SCHEDULED,60,1.0
2026-06-02T08:40:34Z,1050M20794C5,1050M,,SCHEDULED,60,1.0
2026-06-02T08:40:34Z,1050M21320C10,1050M,,SCHEDULED,180,3.0
2026-06-02T08:40:34Z,1050M21724C2,1050M,,SCHEDULED,240,4.0
2026-06-02T08:40:34Z,1050M21120C10,1050M,,SCHEDULED,360,6.0
2026-06-02T08:40:34Z,1050M21722C2,1050M,,SCHEDULED,300,5.0
2026-06-02T08:40:34Z,1050M21529C2,1050M,,SCHEDULED,60,1.0
2026-06-02T08:40:34Z,1050M21527C2,1050M,,SCHEDULED,120,2.0
2026-06-02T08:40:34Z,1050M20799C5,1050M,,SCHEDULED,420,7.0
2026-06-02T08:40:34Z,1050M19621C5,1050M,,SCHEDULED,540,9.0
2026-06-02T08:40:34Z,1050M20455C4b,1050M,,SCHEDULED,120,2.0
2026-06-02T08:40:34Z,1050M19620C5,1050M,,SCHEDULED,120,2.0
2026-06-02T08:40:34Z,1050M20444C4b,1050M,,SCHEDULED,120,2.0
2026-06-02T08:40:34Z,1050M19623C5,1050M,,SCHEDULED,420,7.0
2026-06-02T08:40:34Z,1050M21016C8a,1050M,,SCHEDULED,360,6.0
2026-06-02T08:40:34Z,1050M19622C5,1050M,,SCHEDULED,-60,-1.0
2026-06-02T08:40:34Z,1050M20453C4b,1050M,,SCHEDULED,1260,21.0
2026-06-02T08:40:34Z,1050M20451C4b,1050M,,SCHEDULED,720,12.0
2026-06-02T08:40:34Z,1050M21825C7,1050M,,SCHEDULED,540,9.0
2026-06-02T08:40:34Z,1050M20614C8b,1050M,,SCHEDULED,480,8.0
2026-06-02T08:40:34Z,1050M21818C7,1050M,,SCHEDULED,180,3.0
2026-06-02T08:40:34Z,1050M19625C5,1050M,,SCHEDULED,60,1.0
2026-06-02T08:40:34Z,1050M78035C3,1050M,,SCHEDULED,240,4.0
2026-06-02T08:40:34Z,1050M78034C3,1050M,,SCHEDULED,120,2.0
2026-06-02T08:40:34Z,1050M78037C3,1050M,,SCHEDULED,660,11.0
2026-06-02T08:45:38Z,3050M23524C1,3050M,,SCHEDULED,180,3.0
2026-06-02T08:45:38Z,3050M23528C1,3050M,,SCHEDULED,300,5.0
2026-06-02T08:45:38Z,3150M23430T1,3150M,,SCHEDULED,600,10.0
2026-06-02T08:45:38Z,3150M23212C1,3150M,,SCHEDULED,1140,19.0
2026-06-02T08:45:38Z,3150M23215C1,3150M,,SCHEDULED,120,2.0
2026-06-02T08:45:38Z,4050M24030C2,4050M,,SCHEDULED,180,3.0
2026-06-02T08:45:38Z,4050M76220C1,4050M,,SCHEDULED,240,4.0
2026-06-02T08:45:38Z,5150M77414R4,5150M,,SCHEDULED,120,2.0
2026-06-02T08:45:38Z,5150M77221R2S,5150M,,SCHEDULED,60,1.0
2026-06-02T08:45:38Z,5150M77222R2S,5150M,,SCHEDULED,240,4.0
2026-06-02T08:45:38Z,5150M77217R2S,5150M,,SCHEDULED,420,7.0
2026-06-02T08:45:38Z,5150M77420R4,5150M,,SCHEDULED,300,5.0
2026-06-02T08:45:38Z,5150M78904R11,5150M,,SCHEDULED,780,13.0
2026-06-02T08:45:38Z,5150M25726R1,5150M,,SCHEDULED,360,6.0
2026-06-02T08:45:38Z,5150M25619R1,5150M,,SCHEDULED,60,1.0
2026-06-02T08:45:38Z,5150M25731R1,5150M,,SCHEDULED,60,1.0
2026-06-02T08:45:38Z,5150M78218R2S,5150M,,SCHEDULED,180,3.0
2026-06-02T08:45:38Z,5150M77220R2S,5150M,,SCHEDULED,360,6.0
2026-06-02T08:45:38Z,5150M25733R1,5150M,,SCHEDULED,120,2.0
2026-06-02T08:45:38Z,5150M25728R1,5150M,,SCHEDULED,60,1.0
2026-06-02T08:45:38Z,5150M25416R2N,5150M,,SCHEDULED,360,6.0
2026-06-02T08:45:38Z,5150M18093R16,5150M,,SCHEDULED,180,3.0
2026-06-02T08:45:38Z,5150M30581R15,5150M,,SCHEDULED,720,12.0
2026-06-02T08:45:38Z,5150M77218R2S,5150M,,SCHEDULED,300,5.0
2026-06-02T08:45:38Z,5150M77720R4,5150M,,SCHEDULED,60,1.0
2026-06-02T08:45:38Z,5150M78608R8,5150M,,SCHEDULED,120,2.0
2026-06-02T08:45:38Z,5150M77518R4,5150M,,SCHEDULED,60,1.0
2026-06-02T08:45:38Z,5150M25630R1,5150M,,SCHEDULED,600,10.0
2026-06-02T08:45:38Z,5150M28424R2N,5150M,,SCHEDULED,120,2.0
2026-06-02T08:45:38Z,5150M25632R1,5150M,,SCHEDULED,180,3.0
2026-06-02T08:45:38Z,5150M25634R1,5150M,,SCHEDULED,180,3.0
2026-06-02T08:45:38Z,6250M71159C2,6250M,,SCHEDULED,360,6.0
2026-06-02T08:45:38Z,6250M71112C2,6250M,,SCHEDULED,180,3.0
2026-06-02T08:45:38Z,6250M26913C1,6250M,,SCHEDULED,1320,22.0
2026-06-02T08:45:38Z,4750M71082C1,4750M,,SCHEDULED,720,12.0
2026-06-02T08:45:38Z,1050M21016C8a,1050M,,SCHEDULED,180,3.0
2026-06-02T08:45:38Z,1050M20442C4b,1050M,,SCHEDULED,120,2.0
2026-06-02T08:45:38Z,1050M21530C2,1050M,,SCHEDULED,360,6.0
2026-06-02T08:45:38Z,1050M21816C7,1050M,,SCHEDULED,120,2.0
2026-06-02T08:45:38Z,1050M20449C4b,1050M,,SCHEDULED,1380,23.0
2026-06-02T08:45:38Z,1050M19616C5,1050M,,SCHEDULED,180,3.0
2026-06-02T08:45:38Z,1050M20258C4a,1050M,,SCHEDULED,-60,-1.0
2026-06-02T08:45:38Z,1050M20256C4a,1050M,,SCHEDULED,180,3.0
2026-06-02T08:45:38Z,1050M20252C4a,1050M,,SCHEDULED,360,6.0
2026-06-02T08:45:38Z,1050M21118C10,1050M,,SCHEDULED,420,7.0
2026-06-02T08:45:38Z,1050M21321C10,1050M,,SCHEDULED,240,4.0
2026-06-02T08:45:38Z,1050M21320C10,1050M,,SCHEDULED,300,5.0
2026-06-02T08:45:38Z,1050M21724C2,1050M,,SCHEDULED,300,5.0
2026-06-02T08:45:38Z,1050M21610C2,1050M,,SCHEDULED,480,8.0
2026-06-02T08:45:38Z,1050M21615C2,1050M,,SCHEDULED,-60,-1.0
2026-06-02T08:45:38Z,1050M21735C2,1050M,,SCHEDULED,360,6.0
2026-06-02T08:45:38Z,1050M20249C4a,1050M,,SCHEDULED,300,5.0
2026-06-02T08:45:38Z,1050M21612C2,1050M,,SCHEDULED,180,3.0
2026-06-02T08:45:38Z,1050M21216C10,1050M,,SCHEDULED,300,5.0
2026-06-02T08:45:38Z,1050M78034C3,1050M,,SCHEDULED,60,1.0
2026-06-02T08:45:38Z,1050M78037C3,1050M,,SCHEDULED,600,10.0
2026-06-02T08:45:38Z,1050M78036C3,1050M,,SCHEDULED,240,4.0
2026-06-02T08:45:38Z,1050M21829C7,1050M,,SCHEDULED,240,4.0
2026-06-02T08:45:38Z,1050M19841C1,1050M,,SCHEDULED,60,1.0
2026-06-02T08:45:38Z,1050M20797C5,1050M,,SCHEDULED,60,1.0
2026-06-02T08:45:38Z,1050M20796C5,1050M,,SCHEDULED,300,5.0
2026-06-02T08:45:38Z,1050M20794C5,1050M,,SCHEDULED,60,1.0
2026-06-02T08:45:38Z,1050M21122C10,1050M,,SCHEDULED,60,1.0
2026-06-02T08:45:38Z,1050M21120C10,1050M,,SCHEDULED,120,2.0
2026-06-02T08:45:38Z,1050M21529C2,1050M,,SCHEDULED,180,3.0
2026-06-02T08:45:38Z,1050M20799C5,1050M,,SCHEDULED,360,6.0
2026-06-02T08:45:38Z,1050M19621C5,1050M,,SCHEDULED,540,9.0
2026-06-02T08:45:38Z,1050M20455C4b,1050M,,SCHEDULED,240,4.0
2026-06-02T08:45:38Z,1050M19623C5,1050M,,SCHEDULED,420,7.0
2026-06-02T08:45:38Z,1050M19622C5,1050M,,SCHEDULED,-60,-1.0
2026-06-02T08:45:38Z,1050M20453C4b,1050M,,SCHEDULED,1320,22.0
2026-06-02T08:45:38Z,1050M20451C4b,1050M,,SCHEDULED,600,10.0
2026-06-02T08:45:38Z,1050M21825C7,1050M,,SCHEDULED,540,9.0
2026-06-02T08:45:38Z,1050M20614C8b,1050M,,SCHEDULED,480,8.0
2026-06-02T08:45:38Z,1050M21822C7,1050M,,SCHEDULED,120,2.0
2026-06-02T08:45:38Z,1050M21818C7,1050M,,SCHEDULED,180,3.0
2026-06-02T08:45:38Z,1050M19625C5,1050M,,SCHEDULED,180,3.0
2026-06-02T08:45:38Z,1050M21831C7,1050M,,SCHEDULED,-60,-1.0
2026-06-02T08:45:38Z,1050M78035C3,1050M,,SCHEDULED,60,1.0
2026-06-02T08:50:37Z,3050M23529C1,3050M,,SCHEDULED,840,14.0
2026-06-02T08:50:37Z,3050M23619C4,3050M,,SCHEDULED,960,16.0
2026-06-02T08:50:37Z,4050M24319C6,4050M,,SCHEDULED,240,4.0
2026-06-02T08:50:37Z,4050M76220C1,4050M,,SCHEDULED,120,2.0
2026-06-02T08:50:37Z,5150M77412R4,5150M,,SCHEDULED,120,2.0
2026-06-02T08:50:37Z,5150M77222R2S,5150M,,SCHEDULED,240,4.0
2026-06-02T08:50:37Z,5150M28422R2N,5150M,,SCHEDULED,180,3.0
2026-06-02T08:50:37Z,5150M15005R15,5150M,,SCHEDULED,0,0.0
2026-06-02T08:50:37Z,5150M77616R4,5150M,,SCHEDULED,300,5.0
2026-06-02T08:50:37Z,5150M28420R2N,5150M,,SCHEDULED,60,1.0
2026-06-02T08:50:37Z,5150M77618R4,5150M,,SCHEDULED,480,8.0
2026-06-02T08:50:37Z,5150M25728R1,5150M,,SCHEDULED,60,1.0
2026-06-02T08:50:37Z,5150M25619R1,5150M,,SCHEDULED,180,3.0
2026-06-02T08:50:37Z,5150M18122R16,5150M,,SCHEDULED,1620,27.0
2026-06-02T08:50:37Z,5150M77720R4,5150M,,SCHEDULED,120,2.0
2026-06-02T08:50:37Z,5150M77722R4,5150M,,SCHEDULED,60,1.0
2026-06-02T08:50:37Z,5150M25621R1,5150M,,SCHEDULED,60,1.0
2026-06-02T08:50:37Z,5150M77724R4,5150M,,SCHEDULED,0,0.0
2026-06-02T08:50:37Z,5150M77526R4,5150M,,SCHEDULED,-60,-1.0
2026-06-02T08:50:37Z,5150M25623R1,5150M,,SCHEDULED,300,5.0
2026-06-02T08:50:37Z,5150M78218R2S,5150M,,SCHEDULED,120,2.0
2026-06-02T08:50:37Z,5150M78608R8,5150M,,SCHEDULED,60,1.0
2026-06-02T08:50:37Z,5150M77518R4,5150M,,SCHEDULED,120,2.0
2026-06-02T08:50:37Z,5150M28424R2N,5150M,,SCHEDULED,120,2.0
2026-06-02T08:50:37Z,5150M25632R1,5150M,,SCHEDULED,120,2.0
2026-06-02T08:50:37Z,6250M71112C2,6250M,,SCHEDULED,120,2.0
2026-06-02T08:50:37Z,6250M26917C1,6250M,,SCHEDULED,360,6.0
2026-06-02T08:50:37Z,1050M78035C3,1050M,,SCHEDULED,300,5.0
2026-06-02T08:50:37Z,1050M78037C3,1050M,,SCHEDULED,660,11.0
2026-06-02T08:50:37Z,1050M78036C3,1050M,,SCHEDULED,240,4.0
2026-06-02T08:50:37Z,1050M20444C4b,1050M,,SCHEDULED,120,2.0
2026-06-02T08:50:37Z,1050M21829C7,1050M,,SCHEDULED,300,5.0
2026-06-02T08:50:37Z,1050M20442C4b,1050M,,SCHEDULED,60,1.0
2026-06-02T08:50:37Z,1050M20797C5,1050M,,SCHEDULED,180,3.0
2026-06-02T08:50:37Z,1050M21530C2,1050M,,SCHEDULED,420,7.0
2026-06-02T08:50:37Z,1050M20796C5,1050M,,SCHEDULED,300,5.0
2026-06-02T08:50:37Z,1050M21124C10,1050M,,SCHEDULED,-120,-2.0
2026-06-02T08:50:37Z,1050M20794C5,1050M,,SCHEDULED,120,2.0
2026-06-02T08:50:37Z,1050M20449C4b,1050M,,SCHEDULED,1380,23.0
2026-06-02T08:50:37Z,1050M21019C8a,1050M,,SCHEDULED,60,1.0
2026-06-02T08:50:37Z,1050M20438C4b,1050M,,SCHEDULED,240,4.0
2026-06-02T08:50:37Z,1050M20799C5,1050M,,SCHEDULED,420,7.0
2026-06-02T08:50:37Z,1050M19616C5,1050M,,SCHEDULED,120,2.0
2026-06-02T08:50:37Z,1050M20258C4a,1050M,,SCHEDULED,-60,-1.0
2026-06-02T08:50:37Z,1050M20256C4a,1050M,,SCHEDULED,120,2.0
2026-06-02T08:50:37Z,1050M21820C7,1050M,,SCHEDULED,360,6.0
2026-06-02T08:50:37Z,1050M19621C5,1050M,,SCHEDULED,540,9.0
2026-06-02T08:50:37Z,1050M20455C4b,1050M,,SCHEDULED,420,7.0
2026-06-02T08:50:37Z,1050M19620C5,1050M,,SCHEDULED,180,3.0
2026-06-02T08:50:37Z,1050M19623C5,1050M,,SCHEDULED,540,9.0
2026-06-02T08:50:37Z,1050M20252C4a,1050M,,SCHEDULED,540,9.0
2026-06-02T08:50:37Z,1050M20251C4a,1050M,,SCHEDULED,1260,21.0
2026-06-02T08:50:37Z,1050M21118C10,1050M,,SCHEDULED,480,8.0
2026-06-02T08:50:37Z,1050M20453C4b,1050M,,SCHEDULED,1260,21.0
2026-06-02T08:50:37Z,1050M21610C2,1050M,,SCHEDULED,420,7.0
2026-06-02T08:50:37Z,1050M20451C4b,1050M,,SCHEDULED,960,16.0
2026-06-02T08:50:37Z,1050M21737C2,1050M,,SCHEDULED,300,5.0
2026-06-02T08:50:37Z,1050M20801C5,1050M,,SCHEDULED,60,1.0
2026-06-02T08:50:37Z,1050M21615C2,1050M,,SCHEDULED,-60,-1.0
2026-06-02T08:50:37Z,1050M21824C7,1050M,,SCHEDULED,-180,-3.0
2026-06-02T08:50:37Z,1050M20614C8b,1050M,,SCHEDULED,960,16.0
2026-06-02T08:50:37Z,1050M20249C4a,1050M,,SCHEDULED,420,7.0
2026-06-02T08:50:37Z,1050M21612C2,1050M,,SCHEDULED,300,5.0
2026-06-02T08:50:37Z,1050M21216C10,1050M,,SCHEDULED,240,4.0
2026-06-02T08:50:37Z,1050M21822C7,1050M,,SCHEDULED,60,1.0
2026-06-02T08:50:37Z,1050M20611C8b,1050M,,SCHEDULED,780,13.0
2026-06-02T08:50:37Z,1050M21818C7,1050M,,SCHEDULED,300,5.0
2026-06-02T08:50:37Z,1050M21323C10,1050M,,SCHEDULED,120,2.0
2026-06-02T08:50:37Z,1050M21322C10,1050M,,SCHEDULED,60,1.0
2026-06-02T08:50:37Z,1050M21321C10,1050M,,SCHEDULED,240,4.0
2026-06-02T08:50:37Z,1050M19625C5,1050M,,SCHEDULED,60,1.0
2026-06-02T08:50:37Z,1050M21320C10,1050M,,SCHEDULED,300,5.0
2026-06-02T08:50:37Z,1050M21724C2,1050M,,SCHEDULED,360,6.0
2026-06-02T08:50:37Z,1050M19627C5,1050M,,SCHEDULED,240,4.0
2026-06-02T08:50:37Z,1050M21831C7,1050M,,SCHEDULED,-60,-1.0
2026-06-02T08:55:31Z,3050M23528C1,3050M,,SCHEDULED,300,5.0
2026-06-02T08:55:31Z,3050M23619C4,3050M,,SCHEDULED,1020,17.0
2026-06-02T08:55:31Z,3050M23529C1,3050M,,SCHEDULED,840,14.0
2026-06-02T08:55:31Z,3050M23057C2,3050M,,SCHEDULED,360,6.0
2026-06-02T08:55:31Z,4050M76220C1,4050M,,SCHEDULED,120,2.0
2026-06-02T08:55:31Z,5150M77217R2S,5150M,,SCHEDULED,600,10.0
2026-06-02T08:55:31Z,5150M77222R2S,5150M,,SCHEDULED,300,5.0
2026-06-02T08:55:31Z,5150M77420R4,5150M,,SCHEDULED,180,3.0
2026-06-02T08:55:31Z,5150M35502R3,5150M,,SCHEDULED,60,1.0
2026-06-02T08:55:31Z,5150M77219R2S,5150M,,SCHEDULED,660,11.0
2026-06-02T08:55:31Z,5150M77418R4,5150M,,SCHEDULED,-60,-1.0
2026-06-02T08:55:31Z,5150M77616R4,5150M,,SCHEDULED,240,4.0
2026-06-02T08:55:31Z,5150M25726R1,5150M,,SCHEDULED,300,5.0
2026-06-02T08:55:31Z,5150M77618R4,5150M,,SCHEDULED,540,9.0
2026-06-02T08:55:31Z,5150M25418R2N,5150M,,SCHEDULED,240,4.0
2026-06-02T08:55:31Z,5150M78220R2S,5150M,,SCHEDULED,-60,-1.0
2026-06-02T08:55:31Z,5150M78221R2S,5150M,,SCHEDULED,-60,-1.0
2026-06-02T08:55:31Z,5150M78219R2S,5150M,,SCHEDULED,180,3.0
2026-06-02T08:55:31Z,5150M77724R4,5150M,,SCHEDULED,0,0.0
2026-06-02T08:55:31Z,5150M25623R1,5150M,,SCHEDULED,360,6.0
2026-06-02T08:55:31Z,5150M78218R2S,5150M,,SCHEDULED,60,1.0
2026-06-02T08:55:31Z,5150M78640R8,5150M,,SCHEDULED,180,3.0
2026-06-02T08:55:31Z,5150M77220R2S,5150M,,SCHEDULED,360,6.0
2026-06-02T08:55:31Z,5150M78608R8,5150M,,SCHEDULED,60,1.0
2026-06-02T08:55:31Z,5150M77518R4,5150M,,SCHEDULED,180,3.0
2026-06-02T08:55:31Z,5150M25416R2N,5150M,,SCHEDULED,180,3.0
2026-06-02T08:55:31Z,5150M77720R4,5150M,,SCHEDULED,60,1.0
2026-06-02T08:55:31Z,5150M77522R4,5150M,,SCHEDULED,-120,-2.0
2026-06-02T08:55:31Z,5150M25630R1,5150M,,SCHEDULED,660,11.0
2026-06-02T08:55:31Z,5150M28424R2N,5150M,,SCHEDULED,60,1.0
2026-06-02T08:55:31Z,5150M25632R1,5150M,,SCHEDULED,120,2.0
2026-06-02T08:55:31Z,1050M20444C4b,1050M,,SCHEDULED,420,7.0
2026-06-02T08:55:31Z,1050M20442C4b,1050M,,SCHEDULED,180,3.0
2026-06-02T08:55:31Z,1050M21530C2,1050M,,SCHEDULED,180,3.0
2026-06-02T08:55:31Z,1050M20440C4b,1050M,,SCHEDULED,180,3.0
2026-06-02T08:55:31Z,1050M21019C8a,1050M,,SCHEDULED,120,2.0
2026-06-02T08:55:31Z,1050M20256C4a,1050M,,SCHEDULED,120,2.0
2026-06-02T08:55:31Z,1050M20252C4a,1050M,,SCHEDULED,600,10.0
2026-06-02T08:55:31Z,1050M20251C4a,1050M,,SCHEDULED,1440,24.0
2026-06-02T08:55:31Z,1050M21739C2,1050M,,SCHEDULED,-60,-1.0
2026-06-02T08:55:31Z,1050M21737C2,1050M,,SCHEDULED,300,5.0
2026-06-02T08:55:31Z,1050M20801C5,1050M,,SCHEDULED,120,2.0
2026-06-02T08:55:31Z,1050M21615C2,1050M,,SCHEDULED,-60,-1.0
2026-06-02T08:55:31Z,1050M20249C4a,1050M,,SCHEDULED,600,10.0
2026-06-02T08:55:31Z,1050M21612C2,1050M,,SCHEDULED,240,4.0
2026-06-02T08:55:31Z,1050M21216C10,1050M,,SCHEDULED,240,4.0
2026-06-02T08:55:31Z,1050M19838C1,1050M,,SCHEDULED,60,1.0
2026-06-02T08:55:31Z,1050M21322C10,1050M,,SCHEDULED,120,2.0
2026-06-02T08:55:31Z,1050M21321C10,1050M,,SCHEDULED,60,1.0
2026-06-02T08:55:31Z,1050M21320C10,1050M,,SCHEDULED,180,3.0
2026-06-02T08:55:31Z,1050M21724C2,1050M,,SCHEDULED,300,5.0
2026-06-02T08:55:31Z,1050M21610C2,1050M,,SCHEDULED,420,7.0
2026-06-02T08:55:31Z,1050M78037C3,1050M,,SCHEDULED,660,11.0
2026-06-02T08:55:31Z,1050M78036C3,1050M,,SCHEDULED,420,7.0
2026-06-02T08:55:31Z,1050M78038C3,1050M,,SCHEDULED,180,3.0
2026-06-02T08:55:31Z,1050M21829C7,1050M,,SCHEDULED,240,4.0
2026-06-02T08:55:31Z,1050M19841C1,1050M,,SCHEDULED,60,1.0
2026-06-02T08:55:31Z,1050M20796C5,1050M,,SCHEDULED,420,7.0
2026-06-02T08:55:31Z,1050M21124C10,1050M,,SCHEDULED,-120,-2.0
2026-06-02T08:55:31Z,1050M20792C5,1050M,,SCHEDULED,180,3.0
2026-06-02T08:55:31Z,1050M21529C2,1050M,,SCHEDULED,240,4.0
2026-06-02T08:55:31Z,1050M20799C5,1050M,,SCHEDULED,360,6.0
2026-06-02T08:55:31Z,1050M21820C7,1050M,,SCHEDULED,480,8.0
2026-06-02T08:55:31Z,1050M20455C4b,1050M,,SCHEDULED,540,9.0
2026-06-02T08:55:31Z,1050M19620C5,1050M,,SCHEDULED,180,3.0
2026-06-02T08:55:31Z,1050M19623C5,1050M,,SCHEDULED,360,6.0
2026-06-02T08:55:31Z,1050M20451C4b,1050M,,SCHEDULED,960,16.0
2026-06-02T08:55:31Z,1050M21824C7,1050M,,SCHEDULED,-180,-3.0
2026-06-02T08:55:31Z,1050M20614C8b,1050M,,SCHEDULED,840,14.0
2026-06-02T08:55:31Z,1050M21822C7,1050M,,SCHEDULED,180,3.0
2026-06-02T08:55:31Z,1050M20611C8b,1050M,,SCHEDULED,960,16.0
2026-06-02T08:55:31Z,1050M21818C7,1050M,,SCHEDULED,360,6.0
2026-06-02T08:55:31Z,1050M19629C5,1050M,,SCHEDULED,-60,-1.0
2026-06-02T08:55:31Z,1050M19625C5,1050M,,SCHEDULED,120,2.0
2026-06-02T08:55:31Z,1050M19627C5,1050M,,SCHEDULED,360,6.0
2026-06-02T08:55:31Z,1050M21831C7,1050M,,SCHEDULED,-60,-1.0
2026-06-02T09:01:01Z,3050M23533C1,3050M,,SCHEDULED,600,10.0
2026-06-02T09:01:01Z,3150M23431T1,3150M,,SCHEDULED,120,2.0
2026-06-02T09:01:01Z,3150M23214C1,3150M,,SCHEDULED,60,1.0
2026-06-02T09:01:01Z,4050M76222C1,4050M,,SCHEDULED,60,1.0
2026-06-02T09:01:01Z,4050M24319C6,4050M,,SCHEDULED,360,6.0
2026-06-02T09:01:01Z,4050M24318C6,4050M,,SCHEDULED,180,3.0
2026-06-02T09:01:01Z,5150M77222R2S,5150M,,SCHEDULED,480,8.0
2026-06-02T09:01:01Z,5150M77416R4,5150M,,SCHEDULED,9780,163.0
2026-06-02T09:01:01Z,5150M25726R1,5150M,,SCHEDULED,2760,46.0
2026-06-02T09:01:01Z,5150M15005R15,5150M,,SCHEDULED,120,2.0
2026-06-02T09:01:01Z,5150M77418R4,5150M,,SCHEDULED,11700,195.0
2026-06-02T09:01:01Z,5150M25621R1,5150M,,SCHEDULED,10380,173.0
2026-06-02T09:01:01Z,5150M25625R1,5150M,,SCHEDULED,60,1.0
2026-06-02T09:01:01Z,5150M25420R2N,5150M,,SCHEDULED,240,4.0
2026-06-02T09:01:01Z,5150M77616R4,5150M,,SCHEDULED,2220,37.0
2026-06-02T09:01:01Z,5150M78608R8,5150M,,SCHEDULED,60,1.0
2026-06-02T09:01:01Z,5150M77518R4,5150M,,SCHEDULED,6900,115.0
2026-06-02T09:01:01Z,5150M78904R11,5150M,,SCHEDULED,780,13.0
2026-06-02T09:01:01Z,5150M77526R4,5150M,,SCHEDULED,-60,-1.0
2026-06-02T09:01:01Z,5150M77220R2S,5150M,,SCHEDULED,1260,21.0
2026-06-02T09:01:01Z,5150M28424R2N,5150M,,SCHEDULED,60,1.0
2026-06-02T09:01:01Z,5150M77224R2S,5150M,,SCHEDULED,60,1.0
2026-06-02T09:01:01Z,5150M25632R1,5150M,,SCHEDULED,1500,25.0
2026-06-02T09:01:01Z,5150M77522R4,5150M,,SCHEDULED,60,1.0
2026-06-02T09:01:01Z,5150M77722R4,5150M,,SCHEDULED,60,1.0
2026-06-02T09:01:01Z,5150M77524R4,5150M,,SCHEDULED,4560,76.0
2026-06-02T09:01:01Z,6150M32709C1,6150M,,SCHEDULED,240,4.0
2026-06-02T09:01:01Z,6150M32708C1,6150M,,SCHEDULED,60,1.0
2026-06-02T09:01:01Z,6250M71870C3,6250M,,SCHEDULED,-120,-2.0
2026-06-02T09:01:01Z,6250M35912C1,6250M,,SCHEDULED,480,8.0
2026-06-02T09:01:01Z,4650M71801C1,4650M,,SCHEDULED,180,3.0
2026-06-02T09:01:01Z,4750M71082C1,4750M,,SCHEDULED,660,11.0
2026-06-02T09:01:01Z,4750M71093C1,4750M,,SCHEDULED,1140,19.0
2026-06-02T09:01:01Z,2050M70908C8,2050M,,SCHEDULED,3720,62.0
2026-06-02T09:01:01Z,1050M20444C4b,1050M,,SCHEDULED,180,3.0
2026-06-02T09:01:01Z,1050M21016C8a,1050M,,SCHEDULED,420,7.0
2026-06-02T09:01:01Z,1050M21531C2,1050M,,SCHEDULED,-180,-3.0
2026-06-02T09:01:01Z,1050M20258C4a,1050M,,SCHEDULED,120,2.0
2026-06-02T09:01:01Z,1050M20253C4a,1050M,,SCHEDULED,480,8.0
2026-06-02T09:01:01Z,1050M20252C4a,1050M,,SCHEDULED,420,7.0
2026-06-02T09:01:01Z,1050M20251C4a,1050M,,SCHEDULED,1380,23.0
2026-06-02T09:01:01Z,1050M80680C9,1050M,,SCHEDULED,1020,17.0
2026-06-02T09:01:01Z,1050M21739C2,1050M,,SCHEDULED,-60,-1.0
2026-06-02T09:01:01Z,1050M21737C2,1050M,,SCHEDULED,420,7.0
2026-06-02T09:01:01Z,1050M21615C2,1050M,,SCHEDULED,180,3.0
2026-06-02T09:01:01Z,1050M20801C5,1050M,,SCHEDULED,60,1.0
2026-06-02T09:01:01Z,1050M21218C10,1050M,,SCHEDULED,120,2.0
2026-06-02T09:01:01Z,1050M20249C4a,1050M,,SCHEDULED,480,8.0
2026-06-02T09:01:01Z,1050M21216C10,1050M,,SCHEDULED,420,7.0
2026-06-02T09:01:01Z,1050M21612C2,1050M,,SCHEDULED,360,6.0
2026-06-02T09:01:01Z,1050M19838C1,1050M,,SCHEDULED,60,1.0
2026-06-02T09:01:01Z,1050M21321C10,1050M,,SCHEDULED,60,1.0
2026-06-02T09:01:01Z,1050M21724C2,1050M,,SCHEDULED,360,6.0
2026-06-02T09:01:01Z,1050M78036C3,1050M,,SCHEDULED,480,8.0
2026-06-02T09:01:01Z,1050M78039C3,1050M,,SCHEDULED,420,7.0
2026-06-02T09:01:01Z,1050M78038C3,1050M,,SCHEDULED,300,5.0
2026-06-02T09:01:01Z,1050M21829C7,1050M,,SCHEDULED,180,3.0
2026-06-02T09:01:01Z,1050M20796C5,1050M,,SCHEDULED,300,5.0
2026-06-02T09:01:01Z,1050M19843C1,1050M,,SCHEDULED,120,2.0
2026-06-02T09:01:01Z,1050M21124C10,1050M,,SCHEDULED,-120,-2.0
2026-06-02T09:01:01Z,1050M21122C10,1050M,,SCHEDULED,120,2.0
2026-06-02T09:01:01Z,1050M20792C5,1050M,,SCHEDULED,180,3.0
2026-06-02T09:01:01Z,1050M21120C10,1050M,,SCHEDULED,180,3.0
2026-06-02T09:01:01Z,1050M21820C7,1050M,,SCHEDULED,660,11.0
2026-06-02T09:01:01Z,1050M21529C2,1050M,,SCHEDULED,300,5.0
2026-06-02T09:01:01Z,1050M20799C5,1050M,,SCHEDULED,420,7.0
2026-06-02T09:01:01Z,1050M19620C5,1050M,,SCHEDULED,180,3.0
2026-06-02T09:01:01Z,1050M19623C5,1050M,,SCHEDULED,540,9.0
2026-06-02T09:01:01Z,1050M19622C5,1050M,,SCHEDULED,120,2.0
2026-06-02T09:01:01Z,1050M20451C4b,1050M,,SCHEDULED,1020,17.0
2026-06-02T09:01:01Z,1050M21827C7,1050M,,SCHEDULED,180,3.0
2026-06-02T09:01:01Z,1050M21825C7,1050M,,SCHEDULED,600,10.0
2026-06-02T09:01:01Z,1050M21824C7,1050M,,SCHEDULED,-180,-3.0
2026-06-02T09:01:01Z,1050M20614C8b,1050M,,SCHEDULED,900,15.0
2026-06-02T09:01:01Z,1050M20611C8b,1050M,,SCHEDULED,780,13.0
2026-06-02T09:01:01Z,1050M21818C7,1050M,,SCHEDULED,480,8.0
2026-06-02T09:01:01Z,1050M19629C5,1050M,,SCHEDULED,-60,-1.0
2026-06-02T09:01:01Z,1050M19625C5,1050M,,SCHEDULED,180,3.0
2026-06-02T09:01:01Z,1050M19624C5,1050M,,SCHEDULED,-60,-1.0
2026-06-02T09:01:01Z,1050M19627C5,1050M,,SCHEDULED,180,3.0
2026-06-02T09:01:01Z,1050M21831C7,1050M,,SCHEDULED,60,1.0
2026-06-02T09:05:33Z,3050M23528C1,3050M,,SCHEDULED,420,7.0
2026-06-02T09:05:33Z,3050M23619C4,3050M,,SCHEDULED,1020,17.0
2026-06-02T09:05:33Z,3150M23214C1,3150M,,SCHEDULED,180,3.0
2026-06-02T09:05:33Z,4050M24320C6,4050M,,SCHEDULED,180,3.0
2026-06-02T09:05:33Z,4050M24031C2,4050M,,SCHEDULED,360,6.0
2026-06-02T09:05:33Z,4050M24318C6,4050M,,SCHEDULED,180,3.0
2026-06-02T09:05:33Z,5150M77219R2S,5150M,,SCHEDULED,660,11.0
2026-06-02T09:05:33Z,5150M77616R4,5150M,,SCHEDULED,240,4.0
2026-06-02T09:05:33Z,5150M77618R4,5150M,,SCHEDULED,540,9.0
2026-06-02T09:05:33Z,5150M25418R2N,5150M,,SCHEDULED,420,7.0
2026-06-02T09:05:33Z,5150M78808R11,5150M,,SCHEDULED,120,2.0
2026-06-02T09:05:33Z,5150M77524R4,5150M,,SCHEDULED,60,1.0
2026-06-02T09:05:33Z,5150M25733R1,5150M,,SCHEDULED,60,1.0
2026-06-02T09:05:33Z,5150M77222R2S,5150M,,SCHEDULED,480,8.0
2026-06-02T09:05:33Z,5150M77420R4,5150M,,SCHEDULED,60,1.0
2026-06-02T09:05:33Z,5150M77620R4,5150M,,SCHEDULED,60,1.0
2026-06-02T09:05:33Z,5150M28422R2N,5150M,,SCHEDULED,-60,-1.0
2026-06-02T09:05:33Z,5150M25726R1,5150M,,SCHEDULED,360,6.0
2026-06-02T09:05:33Z,5150M25420R2N,5150M,,SCHEDULED,300,5.0
2026-06-02T09:05:33Z,5150M33523RL4,5150M,,SCHEDULED,1500,25.0
2026-06-02T09:05:33Z,5150M77518R4,5150M,,SCHEDULED,120,2.0
2026-06-02T09:05:33Z,6150M32708C1,6150M,,SCHEDULED,60,1.0
2026-06-02T09:05:33Z,4650M70151C1,4650M,,SCHEDULED,960,16.0
2026-06-02T09:05:33Z,1050M19618C5,1050M,,SCHEDULED,300,5.0
2026-06-02T09:05:33Z,1050M21831C7,1050M,,SCHEDULED,60,1.0
2026-06-02T09:05:33Z,1050M20258C4a,1050M,,SCHEDULED,180,3.0
2026-06-02T09:05:33Z,1050M78036C3,1050M,,SCHEDULED,480,8.0
2026-06-02T09:05:33Z,1050M78039C3,1050M,,SCHEDULED,300,5.0
2026-06-02T09:05:33Z,1050M21829C7,1050M,,SCHEDULED,300,5.0
2026-06-02T09:05:33Z,1050M20253C4a,1050M,,SCHEDULED,600,10.0
2026-06-02T09:05:33Z,1050M20796C5,1050M,,SCHEDULED,540,9.0
2026-06-02T09:05:33Z,1050M21124C10,1050M,,SCHEDULED,-120,-2.0
2026-06-02T09:05:33Z,1050M80680C9,1050M,,SCHEDULED,1320,22.0
2026-06-02T09:05:33Z,1050M21122C10,1050M,,SCHEDULED,240,4.0
2026-06-02T09:05:33Z,1050M21739C2,1050M,,SCHEDULED,-60,-1.0
2026-06-02T09:05:33Z,1050M21737C2,1050M,,SCHEDULED,360,6.0
2026-06-02T09:05:33Z,1050M21529C2,1050M,,SCHEDULED,420,7.0
2026-06-02T09:05:33Z,1050M20799C5,1050M,,SCHEDULED,420,7.0
2026-06-02T09:05:33Z,1050M21615C2,1050M,,SCHEDULED,180,3.0
2026-06-02T09:05:33Z,1050M20801C5,1050M,,SCHEDULED,60,1.0
2026-06-02T09:05:33Z,1050M21820C7,1050M,,SCHEDULED,480,8.0
2026-06-02T09:05:33Z,1050M20455C4b,1050M,,SCHEDULED,360,6.0
2026-06-02T09:05:33Z,1050M21613C2,1050M,,SCHEDULED,120,2.0
2026-06-02T09:05:33Z,1050M19620C5,1050M,,SCHEDULED,120,2.0
2026-06-02T09:05:33Z,1050M20249C4a,1050M,,SCHEDULED,660,11.0
2026-06-02T09:05:33Z,1050M21216C10,1050M,,SCHEDULED,180,3.0
2026-06-02T09:05:33Z,1050M19623C5,1050M,,SCHEDULED,420,7.0
2026-06-02T09:05:33Z,1050M20453C4b,1050M,,SCHEDULED,1320,22.0
2026-06-02T09:05:33Z,1050M20451C4b,1050M,,SCHEDULED,1020,17.0
2026-06-02T09:05:33Z,1050M21724C2,1050M,,SCHEDULED,300,5.0
2026-06-02T09:05:33Z,1050M20444C4b,1050M,,SCHEDULED,360,6.0
2026-06-02T09:05:33Z,1050M21827C7,1050M,,SCHEDULED,180,3.0
2026-06-02T09:05:33Z,1050M21016C8a,1050M,,SCHEDULED,540,9.0
2026-06-02T09:05:33Z,1050M21531C2,1050M,,SCHEDULED,-180,-3.0
2026-06-02T09:05:33Z,1050M21825C7,1050M,,SCHEDULED,720,12.0
2026-06-02T09:05:33Z,1050M21530C2,1050M,,SCHEDULED,180,3.0
2026-06-02T09:05:33Z,1050M21824C7,1050M,,SCHEDULED,-180,-3.0
2026-06-02T09:05:33Z,1050M20614C8b,1050M,,SCHEDULED,1080,18.0
2026-06-02T09:05:33Z,1050M20457C4b,1050M,,SCHEDULED,300,5.0
2026-06-02T09:05:33Z,1050M20611C8b,1050M,,SCHEDULED,900,15.0
2026-06-02T09:05:33Z,1050M21818C7,1050M,,SCHEDULED,360,6.0
2026-06-02T09:05:33Z,1050M19629C5,1050M,,SCHEDULED,-60,-1.0
2026-06-02T09:05:33Z,1050M19625C5,1050M,,SCHEDULED,120,2.0
2026-06-02T09:05:33Z,1050M19624C5,1050M,,SCHEDULED,-60,-1.0
2026-06-02T09:05:33Z,1050M19627C5,1050M,,SCHEDULED,300,5.0
2026-06-02T09:10:37Z,4050M76222C1,4050M,,SCHEDULED,-60,-1.0
2026-06-02T09:10:37Z,4050M24033C2,4050M,,SCHEDULED,120,2.0
2026-06-02T09:10:37Z,5150M77618R4,5150M,,SCHEDULED,480,8.0
2026-06-02T09:10:37Z,5150M77220R2S,5150M,,SCHEDULED,120,2.0
2026-06-02T09:10:37Z,5150M18122R16,5150M,,SCHEDULED,1800,30.0
2026-06-02T09:10:37Z,5150M25735R1,5150M,,SCHEDULED,120,2.0
2026-06-02T09:10:37Z,5150M25636R1,5150M,,SCHEDULED,180,3.0
2026-06-02T09:10:37Z,5150M77420R4,5150M,,SCHEDULED,120,2.0
2026-06-02T09:10:37Z,5150M77223R2S,5150M,,SCHEDULED,-60,-1.0
2026-06-02T09:10:37Z,5150M25623R1,5150M,,SCHEDULED,360,6.0
2026-06-02T09:10:37Z,5150M77422R4,5150M,,SCHEDULED,180,3.0
2026-06-02T09:10:37Z,5150M18093R16,5150M,,SCHEDULED,240,4.0
2026-06-02T09:10:37Z,5150M77315R3,5150M,,SCHEDULED,60,1.0
2026-06-02T09:10:37Z,6250M26917C1,6250M,,SCHEDULED,540,9.0
2026-06-02T09:10:37Z,4150M84908C2,4150M,,SCHEDULED,3000,50.0
2026-06-02T09:10:37Z,1050M19618C5,1050M,,SCHEDULED,300,5.0
2026-06-02T09:10:37Z,1050M20258C4a,1050M,,SCHEDULED,120,2.0
2026-06-02T09:10:37Z,1050M19627C5,1050M,,SCHEDULED,480,8.0
2026-06-02T09:10:37Z,1050M21831C7,1050M,,SCHEDULED,120,2.0
2026-06-02T09:10:37Z,1050M78037C3,1050M,,SCHEDULED,180,3.0
2026-06-02T09:10:37Z,1050M78036C3,1050M,,SCHEDULED,480,8.0
2026-06-02T09:10:37Z,1050M78039C3,1050M,,SCHEDULED,300,5.0
2026-06-02T09:10:37Z,1050M78038C3,1050M,,SCHEDULED,120,2.0
2026-06-02T09:10:37Z,1050M80680C9,1050M,,SCHEDULED,1620,27.0
2026-06-02T09:10:37Z,1050M21829C7,1050M,,SCHEDULED,180,3.0
2026-06-02T09:10:37Z,1050M21737C2,1050M,,SCHEDULED,360,6.0
2026-06-02T09:10:37Z,1050M20796C5,1050M,,SCHEDULED,540,9.0
2026-06-02T09:10:37Z,1050M19843C1,1050M,,SCHEDULED,120,2.0
2026-06-02T09:10:37Z,1050M21615C2,1050M,,SCHEDULED,300,5.0
2026-06-02T09:10:37Z,1050M20801C5,1050M,,SCHEDULED,60,1.0
2026-06-02T09:10:37Z,1050M21122C10,1050M,,SCHEDULED,120,2.0
2026-06-02T09:10:37Z,1050M21120C10,1050M,,SCHEDULED,60,1.0
2026-06-02T09:10:37Z,1050M21529C2,1050M,,SCHEDULED,360,6.0
2026-06-02T09:10:37Z,1050M21613C2,1050M,,SCHEDULED,120,2.0
2026-06-02T09:10:37Z,1050M20249C4a,1050M,,SCHEDULED,600,10.0
2026-06-02T09:10:37Z,1050M20799C5,1050M,,SCHEDULED,360,6.0
2026-06-02T09:10:37Z,1050M21612C2,1050M,,SCHEDULED,300,5.0
2026-06-02T09:10:37Z,1050M20798C5,1050M,,SCHEDULED,120,2.0
2026-06-02T09:10:37Z,1050M21820C7,1050M,,SCHEDULED,600,10.0
2026-06-02T09:10:37Z,1050M20455C4b,1050M,,SCHEDULED,600,10.0
2026-06-02T09:10:37Z,1050M19620C5,1050M,,SCHEDULED,120,2.0
2026-06-02T09:10:37Z,1050M21724C2,1050M,,SCHEDULED,120,2.0
2026-06-02T09:10:37Z,1050M19623C5,1050M,,SCHEDULED,540,9.0
2026-06-02T09:10:37Z,1050M20444C4b,1050M,,SCHEDULED,360,6.0
2026-06-02T09:10:37Z,1050M21016C8a,1050M,,SCHEDULED,300,5.0
2026-06-02T09:10:37Z,1050M19622C5,1050M,,SCHEDULED,180,3.0
2026-06-02T09:10:37Z,1050M21531C2,1050M,,SCHEDULED,-180,-3.0
2026-06-02T09:10:37Z,1050M20442C4b,1050M,,SCHEDULED,60,1.0
2026-06-02T09:10:37Z,1050M21530C2,1050M,,SCHEDULED,300,5.0
2026-06-02T09:10:37Z,1050M20453C4b,1050M,,SCHEDULED,1440,24.0
2026-06-02T09:10:37Z,1050M20451C4b,1050M,,SCHEDULED,1140,19.0
2026-06-02T09:10:37Z,1050M21019C8a,1050M,,SCHEDULED,180,3.0
2026-06-02T09:10:37Z,1050M20446C4b,1050M,,SCHEDULED,120,2.0
2026-06-02T09:10:37Z,1050M21825C7,1050M,,SCHEDULED,480,8.0
2026-06-02T09:10:37Z,1050M20614C8b,1050M,,SCHEDULED,1260,21.0
2026-06-02T09:10:37Z,1050M20457C4b,1050M,,SCHEDULED,240,4.0
2026-06-02T09:10:37Z,1050M20611C8b,1050M,,SCHEDULED,900,15.0
2026-06-02T09:10:37Z,1050M21818C7,1050M,,SCHEDULED,300,5.0
2026-06-02T09:10:37Z,1050M19625C5,1050M,,SCHEDULED,180,3.0
2026-06-02T09:15:38Z,3150M23431T1,3150M,,SCHEDULED,540,9.0
2026-06-02T09:15:38Z,3150M23214C1,3150M,,SCHEDULED,360,6.0
2026-06-02T09:15:38Z,4050M24031C2,4050M,,SCHEDULED,360,6.0
2026-06-02T09:15:38Z,5150M77416R4,5150M,,SCHEDULED,780,13.0
2026-06-02T09:15:38Z,5150M25636R1,5150M,,SCHEDULED,120,2.0
2026-06-02T09:15:38Z,5150M77221R2S,5150M,,SCHEDULED,60,1.0
2026-06-02T09:15:38Z,5150M77219R2S,5150M,,SCHEDULED,900,15.0
2026-06-02T09:15:38Z,5150M77222R2S,5150M,,SCHEDULED,600,10.0
2026-06-02T09:15:38Z,5150M25418R2N,5150M,,SCHEDULED,480,8.0
2026-06-02T09:15:38Z,5150M77422R4,5150M,,SCHEDULED,180,3.0
2026-06-02T09:15:38Z,5150M25735R1,5150M,,SCHEDULED,120,2.0
2026-06-02T09:15:38Z,5150M77520R4,5150M,,SCHEDULED,60,1.0
2026-06-02T09:15:38Z,5150M77620R4,5150M,,SCHEDULED,120,2.0
2026-06-02T09:15:38Z,5150M28422R2N,5150M,,SCHEDULED,60,1.0
2026-06-02T09:15:38Z,5150M25621R1,5150M,,SCHEDULED,60,1.0
2026-06-02T09:15:38Z,5150M77518R4,5150M,,SCHEDULED,240,4.0
2026-06-02T09:15:38Z,5150M28426R2N,5150M,,SCHEDULED,120,2.0
2026-06-02T09:15:38Z,6150M32773C1,6150M,,SCHEDULED,-60,-1.0
2026-06-02T09:15:38Z,6150M18412C1,6150M,,SCHEDULED,60,1.0
2026-06-02T09:15:38Z,4150M84908C2,4150M,,SCHEDULED,3300,55.0
2026-06-02T09:15:38Z,1050M20798C5,1050M,,SCHEDULED,240,4.0
2026-06-02T09:15:38Z,1050M19845C1,1050M,,SCHEDULED,60,1.0
2026-06-02T09:15:38Z,1050M20444C4b,1050M,,SCHEDULED,360,6.0
2026-06-02T09:15:38Z,1050M21532C2,1050M,,SCHEDULED,600,10.0
2026-06-02T09:15:38Z,1050M21531C2,1050M,,SCHEDULED,-180,-3.0
2026-06-02T09:15:38Z,1050M20442C4b,1050M,,SCHEDULED,120,2.0
2026-06-02T09:15:38Z,1050M19625C5,1050M,,SCHEDULED,60,1.0
2026-06-02T09:15:38Z,1050M21530C2,1050M,,SCHEDULED,360,6.0
2026-06-02T09:15:38Z,1050M21019C8a,1050M,,SCHEDULED,300,5.0
2026-06-02T09:15:38Z,1050M20446C4b,1050M,,SCHEDULED,60,1.0
2026-06-02T09:15:38Z,1050M19627C5,1050M,,SCHEDULED,480,8.0
2026-06-02T09:15:38Z,1050M19618C5,1050M,,SCHEDULED,360,6.0
2026-06-02T09:15:38Z,1050M21831C7,1050M,,SCHEDULED,120,2.0
2026-06-02T09:15:38Z,1050M20255C4a,1050M,,SCHEDULED,360,6.0
2026-06-02T09:15:38Z,1050M21220C10,1050M,,SCHEDULED,600,10.0
2026-06-02T09:15:38Z,1050M20251C4a,1050M,,SCHEDULED,1440,24.0
2026-06-02T09:15:38Z,1050M21833C7,1050M,,SCHEDULED,-60,-1.0
2026-06-02T09:15:38Z,1050M78037C3,1050M,,SCHEDULED,360,6.0
2026-06-02T09:15:38Z,1050M78039C3,1050M,,SCHEDULED,300,5.0
2026-06-02T09:15:38Z,1050M78038C3,1050M,,SCHEDULED,300,5.0
2026-06-02T09:15:38Z,1050M21829C7,1050M,,SCHEDULED,300,5.0
2026-06-02T09:15:38Z,1050M21737C2,1050M,,SCHEDULED,360,6.0
2026-06-02T09:15:38Z,1050M21615C2,1050M,,SCHEDULED,300,5.0
2026-06-02T09:15:38Z,1050M20801C5,1050M,,SCHEDULED,120,2.0
2026-06-02T09:15:38Z,1050M20796C5,1050M,,SCHEDULED,420,7.0
2026-06-02T09:15:38Z,1050M20794C5,1050M,,SCHEDULED,120,2.0
2026-06-02T09:15:38Z,1050M21122C10,1050M,,SCHEDULED,180,3.0
2026-06-02T09:15:38Z,1050M21218C10,1050M,,SCHEDULED,60,1.0
2026-06-02T09:15:38Z,1050M21612C2,1050M,,SCHEDULED,360,6.0
2026-06-02T09:15:38Z,1050M21529C2,1050M,,SCHEDULED,240,4.0
2026-06-02T09:15:38Z,1050M20799C5,1050M,,SCHEDULED,420,7.0
2026-06-02T09:15:38Z,1050M80680C9,1050M,,SCHEDULED,1920,32.0
2026-06-02T09:15:38Z,1050M21820C7,1050M,,SCHEDULED,840,14.0
2026-06-02T09:15:38Z,1050M20455C4b,1050M,,SCHEDULED,420,7.0
2026-06-02T09:15:38Z,1050M19620C5,1050M,,SCHEDULED,120,2.0
2026-06-02T09:15:38Z,1050M21323C10,1050M,,SCHEDULED,120,2.0
2026-06-02T09:15:38Z,1050M19622C5,1050M,,SCHEDULED,240,4.0
2026-06-02T09:15:38Z,1050M21322C10,1050M,,SCHEDULED,120,2.0
2026-06-02T09:15:38Z,1050M20453C4b,1050M,,SCHEDULED,1560,26.0
2026-06-02T09:15:38Z,1050M20451C4b,1050M,,SCHEDULED,900,15.0
2026-06-02T09:15:38Z,1050M20614C8b,1050M,,SCHEDULED,1200,20.0
2026-06-02T09:15:38Z,1050M20457C4b,1050M,,SCHEDULED,360,6.0
2026-06-02T09:15:38Z,1050M20611C8b,1050M,,SCHEDULED,1260,21.0
2026-06-02T09:15:38Z,1050M21818C7,1050M,,SCHEDULED,360,6.0
2026-06-02T09:15:38Z,1050M19629C5,1050M,,SCHEDULED,120,2.0
2026-06-02T09:25:30Z,3050M23533C1,3050M,,SCHEDULED,480,8.0
2026-06-02T09:25:30Z,3050M23528C1,3050M,,SCHEDULED,360,6.0
2026-06-02T09:25:30Z,4050M24320C6,4050M,,SCHEDULED,60,1.0
2026-06-02T09:25:30Z,4050M24032C2,4050M,,SCHEDULED,60,1.0
2026-06-02T09:25:30Z,4050M76221C1,4050M,,SCHEDULED,360,6.0
2026-06-02T09:25:30Z,4050M76222C1,4050M,,SCHEDULED,-60,-1.0
2026-06-02T09:25:30Z,5150M78222R2S,5150M,,SCHEDULED,-60,-1.0
2026-06-02T09:25:30Z,5150M78223R2S,5150M,,SCHEDULED,-60,-1.0
2026-06-02T09:25:30Z,5150M28424R2N,5150M,,SCHEDULED,300,5.0
2026-06-02T09:25:30Z,5150M77618R4,5150M,,SCHEDULED,480,8.0
2026-06-02T09:25:30Z,5150M78856R11,5150M,,SCHEDULED,1980,33.0
2026-06-02T09:25:30Z,5150M77528R4,5150M,,SCHEDULED,-120,-2.0
2026-06-02T09:25:30Z,5150M77221R2S,5150M,,SCHEDULED,60,1.0
2026-06-02T09:25:30Z,5150M77222R2S,5150M,,SCHEDULED,660,11.0
2026-06-02T09:25:30Z,5150M77223R2S,5150M,,SCHEDULED,60,1.0
2026-06-02T09:25:30Z,5150M78858R11,5150M,,SCHEDULED,840,14.0
2026-06-02T09:25:30Z,5150M77424R4,5150M,,SCHEDULED,240,4.0
2026-06-02T09:25:30Z,5150M25627R1,5150M,,SCHEDULED,60,1.0
2026-06-02T09:25:30Z,5150M25422R2N,5150M,,SCHEDULED,-60,-1.0
2026-06-02T09:25:30Z,5150M25621R1,5150M,,SCHEDULED,180,3.0
2026-06-02T09:25:30Z,5150M30581R15,5150M,,SCHEDULED,660,11.0
2026-06-02T09:25:30Z,5150M25420R2N,5150M,,SCHEDULED,300,5.0
2026-06-02T09:25:30Z,5150M25638R1,5150M,,SCHEDULED,120,2.0
2026-06-02T09:25:30Z,6150M32773C1,6150M,,SCHEDULED,60,1.0
2026-06-02T09:25:30Z,6250M26917C1,6250M,,SCHEDULED,660,11.0
2026-06-02T09:25:30Z,4150M84908C2,4150M,,SCHEDULED,3900,65.0
2026-06-02T09:25:30Z,1050M19845C1,1050M,,SCHEDULED,120,2.0
2026-06-02T09:25:30Z,1050M21532C2,1050M,,SCHEDULED,540,9.0
2026-06-02T09:25:30Z,1050M20446C4b,1050M,,SCHEDULED,120,2.0
2026-06-02T09:25:30Z,1050M20258C4a,1050M,,SCHEDULED,180,3.0
2026-06-02T09:25:30Z,1050M21741C2,1050M,,SCHEDULED,-60,-1.0
2026-06-02T09:25:30Z,1050M20255C4a,1050M,,SCHEDULED,660,11.0
2026-06-02T09:25:30Z,1050M20253C4a,1050M,,SCHEDULED,360,6.0
2026-06-02T09:25:30Z,1050M21220C10,1050M,,SCHEDULED,720,12.0
2026-06-02T09:25:30Z,1050M20251C4a,1050M,,SCHEDULED,1560,26.0
2026-06-02T09:25:30Z,1050M80680C9,1050M,,SCHEDULED,2520,42.0
2026-06-02T09:25:30Z,1050M20260C4a,1050M,,SCHEDULED,180,3.0
2026-06-02T09:25:30Z,1050M21324C10,1050M,,SCHEDULED,480,8.0
2026-06-02T09:25:30Z,1050M19625C5,1050M,,SCHEDULED,240,4.0
2026-06-02T09:25:30Z,1050M21323C10,1050M,,SCHEDULED,120,2.0
2026-06-02T09:25:30Z,1050M21322C10,1050M,,SCHEDULED,240,4.0
2026-06-02T09:25:30Z,1050M19624C5,1050M,,SCHEDULED,120,2.0
2026-06-02T09:25:30Z,1050M19627C5,1050M,,SCHEDULED,420,7.0
2026-06-02T09:25:30Z,1050M20803C5,1050M,,SCHEDULED,900,15.0
2026-06-02T09:25:30Z,1050M21737C2,1050M,,SCHEDULED,420,7.0
2026-06-02T09:25:30Z,1050M21615C2,1050M,,SCHEDULED,180,3.0
2026-06-02T09:25:30Z,1050M20801C5,1050M,,SCHEDULED,60,1.0
2026-06-02T09:25:30Z,1050M21833C7,1050M,,SCHEDULED,-60,-1.0
2026-06-02T09:25:30Z,1050M78039C3,1050M,,SCHEDULED,180,3.0
2026-06-02T09:25:30Z,1050M78038C3,1050M,,SCHEDULED,540,9.0
2026-06-02T09:25:30Z,1050M21829C7,1050M,,SCHEDULED,480,8.0
2026-06-02T09:25:30Z,1050M20800C5,1050M,,SCHEDULED,60,1.0
2026-06-02T09:25:30Z,1050M21126C10,1050M,,SCHEDULED,-120,-2.0
2026-06-02T09:25:30Z,1050M21612C2,1050M,,SCHEDULED,180,3.0
2026-06-02T09:25:30Z,1050M20796C5,1050M,,SCHEDULED,480,8.0
2026-06-02T09:25:30Z,1050M19842C1,1050M,,SCHEDULED,300,5.0
2026-06-02T09:25:30Z,1050M21124C10,1050M,,SCHEDULED,300,5.0
2026-06-02T09:25:30Z,1050M21820C7,1050M,,SCHEDULED,840,14.0
2026-06-02T09:25:30Z,1050M20455C4b,1050M,,SCHEDULED,660,11.0
2026-06-02T09:25:30Z,1050M21529C2,1050M,,SCHEDULED,300,5.0
2026-06-02T09:25:30Z,1050M19620C5,1050M,,SCHEDULED,360,6.0
2026-06-02T09:25:30Z,1050M20798C5,1050M,,SCHEDULED,240,4.0
2026-06-02T09:25:30Z,1050M19622C5,1050M,,SCHEDULED,120,2.0
2026-06-02T09:25:30Z,1050M20453C4b,1050M,,SCHEDULED,1500,25.0
2026-06-02T09:25:30Z,1050M21827C7,1050M,,SCHEDULED,300,5.0
2026-06-02T09:25:30Z,1050M21826C7,1050M,,SCHEDULED,-120,-2.0
2026-06-02T09:25:30Z,1050M78040C3,1050M,,SCHEDULED,180,3.0
2026-06-02T09:25:30Z,1050M21824C7,1050M,,SCHEDULED,300,5.0
2026-06-02T09:25:30Z,1050M20614C8b,1050M,,SCHEDULED,1560,26.0
2026-06-02T09:25:30Z,1050M20613C8b,1050M,,SCHEDULED,360,6.0
2026-06-02T09:25:30Z,1050M20459C4b,1050M,,SCHEDULED,120,2.0
2026-06-02T09:25:30Z,1050M21822C7,1050M,,SCHEDULED,120,2.0
2026-06-02T09:25:30Z,1050M20457C4b,1050M,,SCHEDULED,180,3.0
2026-06-02T09:25:30Z,1050M20611C8b,1050M,,SCHEDULED,1320,22.0
2026-06-02T09:25:30Z,1050M19629C5,1050M,,SCHEDULED,540,9.0
2026-06-02T09:30:50Z,3050M23528C1,3050M,,SCHEDULED,540,9.0
2026-06-02T09:30:50Z,3050M23533C1,3050M,,SCHEDULED,360,6.0
2026-06-02T09:30:50Z,3150M23217C1,3150M,,SCHEDULED,60,1.0
2026-06-02T09:30:50Z,3150M23432T1,3150M,,SCHEDULED,540,9.0
2026-06-02T09:30:50Z,3150M23431T1,3150M,,SCHEDULED,480,8.0
2026-06-02T09:30:50Z,4050M76613C3,4050M,,SCHEDULED,120,2.0
2026-06-02T09:30:50Z,4050M24031C2,4050M,,SCHEDULED,540,9.0
2026-06-02T09:30:50Z,4050M76224C1,4050M,,SCHEDULED,60,1.0
2026-06-02T09:30:50Z,4050M76221C1,4050M,,SCHEDULED,60,1.0
2026-06-02T09:30:50Z,5150M77418R4,5150M,,SCHEDULED,60,1.0
2026-06-02T09:30:50Z,5150M77618R4,5150M,,SCHEDULED,360,6.0
2026-06-02T09:30:50Z,5150M28424R2N,5150M,,SCHEDULED,240,4.0
2026-06-02T09:30:50Z,5150M25418R2N,5150M,,SCHEDULED,360,6.0
2026-06-02T09:30:50Z,5150M25636R1,5150M,,SCHEDULED,120,2.0
2026-06-02T09:30:50Z,5150M78856R11,5150M,,SCHEDULED,1920,32.0
2026-06-02T09:30:50Z,5150M77222R2S,5150M,,SCHEDULED,660,11.0
2026-06-02T09:30:50Z,5150M77420R4,5150M,,SCHEDULED,120,2.0
2026-06-02T09:30:50Z,5150M25730R1,5150M,,SCHEDULED,360,6.0
2026-06-02T09:30:50Z,5150M25735R1,5150M,,SCHEDULED,60,1.0
2026-06-02T09:30:50Z,5150M25728R1,5150M,,SCHEDULED,60,1.0
2026-06-02T09:30:50Z,5150M77224R2S,5150M,,SCHEDULED,240,4.0
2026-06-02T09:30:50Z,5150M25627R1,5150M,,SCHEDULED,60,1.0
2026-06-02T09:30:50Z,5150M77520R4,5150M,,SCHEDULED,360,6.0
2026-06-02T09:30:50Z,5150M78222R2S,5150M,,SCHEDULED,60,1.0
2026-06-02T09:30:50Z,5150M77530R4,5150M,,SCHEDULED,-60,-1.0
2026-06-02T09:30:50Z,5150M25623R1,5150M,,SCHEDULED,540,9.0
2026-06-02T09:30:50Z,5150M25625R1,5150M,,SCHEDULED,-60,-1.0
2026-06-02T09:30:50Z,5150M77315R3,5150M,,SCHEDULED,240,4.0
2026-06-02T09:30:50Z,5150M77317R3,5150M,,SCHEDULED,360,6.0
2026-06-02T09:30:50Z,5150M28426R2N,5150M,,SCHEDULED,60,1.0
2026-06-02T09:30:50Z,6150M32773C1,6150M,,SCHEDULED,60,1.0
2026-06-02T09:30:50Z,6250M26917C1,6250M,,SCHEDULED,720,12.0
2026-06-02T09:30:50Z,6250M71161C2,6250M,,SCHEDULED,420,7.0
2026-06-02T09:30:50Z,6250M35912C1,6250M,,SCHEDULED,120,2.0
2026-06-02T09:30:50Z,4650M71801C1,4650M,,SCHEDULED,420,7.0
2026-06-02T09:30:50Z,4750M71093C1,4750M,,SCHEDULED,1680,28.0
2026-06-02T09:30:50Z,4150M84908C2,4150M,,SCHEDULED,4200,70.0
2026-06-02T09:30:50Z,1050M19847C1,1050M,,SCHEDULED,60,1.0
2026-06-02T09:30:50Z,1050M20444C4b,1050M,,SCHEDULED,300,5.0
2026-06-02T09:30:50Z,1050M21532C2,1050M,,SCHEDULED,600,10.0
2026-06-02T09:30:50Z,1050M21531C2,1050M,,SCHEDULED,60,1.0
2026-06-02T09:30:50Z,1050M20448C4b,1050M,,SCHEDULED,720,12.0
2026-06-02T09:30:50Z,1050M20446C4b,1050M,,SCHEDULED,60,1.0
2026-06-02T09:30:50Z,1050M20257C4a,1050M,,SCHEDULED,180,3.0
2026-06-02T09:30:50Z,1050M21741C2,1050M,,SCHEDULED,-60,-1.0
2026-06-02T09:30:50Z,1050M20255C4a,1050M,,SCHEDULED,480,8.0
2026-06-02T09:30:50Z,1050M20253C4a,1050M,,SCHEDULED,540,9.0
2026-06-02T09:30:50Z,1050M21220C10,1050M,,SCHEDULED,840,14.0
2026-06-02T09:30:50Z,1050M20251C4a,1050M,,SCHEDULED,1560,26.0
2026-06-02T09:30:50Z,1050M20260C4a,1050M,,SCHEDULED,180,3.0
2026-06-02T09:30:50Z,1050M21325C10,1050M,,SCHEDULED,720,12.0
2026-06-02T09:30:50Z,1050M21324C10,1050M,,SCHEDULED,240,4.0
2026-06-02T09:30:50Z,1050M20805C5,1050M,,SCHEDULED,540,9.0
2026-06-02T09:30:50Z,1050M20803C5,1050M,,SCHEDULED,1020,17.0
2026-06-02T09:30:50Z,1050M20802C5,1050M,,SCHEDULED,-60,-1.0
2026-06-02T09:30:50Z,1050M21737C2,1050M,,SCHEDULED,180,3.0
2026-06-02T09:30:50Z,1050M21615C2,1050M,,SCHEDULED,240,4.0
2026-06-02T09:30:50Z,1050M20801C5,1050M,,SCHEDULED,240,4.0
2026-06-02T09:30:50Z,1050M20800C5,1050M,,SCHEDULED,120,2.0
2026-06-02T09:30:50Z,1050M19624C5,1050M,,SCHEDULED,60,1.0
2026-06-02T09:30:50Z,1050M19627C5,1050M,,SCHEDULED,420,7.0
2026-06-02T09:30:50Z,1050M78038C3,1050M,,SCHEDULED,360,6.0
2026-06-02T09:30:50Z,1050M21829C7,1050M,,SCHEDULED,540,9.0
2026-06-02T09:30:50Z,1050M21126C10,1050M,,SCHEDULED,-120,-2.0
2026-06-02T09:30:50Z,1050M20796C5,1050M,,SCHEDULED,600,10.0
2026-06-02T09:30:50Z,1050M19842C1,1050M,,SCHEDULED,360,6.0
2026-06-02T09:30:50Z,1050M21124C10,1050M,,SCHEDULED,360,6.0
2026-06-02T09:30:50Z,1050M21122C10,1050M,,SCHEDULED,360,6.0
2026-06-02T09:30:50Z,1050M21529C2,1050M,,SCHEDULED,120,2.0
2026-06-02T09:30:50Z,1050M20798C5,1050M,,SCHEDULED,180,3.0
2026-06-02T09:30:50Z,1050M21820C7,1050M,,SCHEDULED,840,14.0
2026-06-02T09:30:50Z,1050M20455C4b,1050M,,SCHEDULED,660,11.0
2026-06-02T09:30:50Z,1050M19620C5,1050M,,SCHEDULED,480,8.0
2026-06-02T09:30:50Z,1050M19622C5,1050M,,SCHEDULED,180,3.0
2026-06-02T09:30:50Z,1050M20453C4b,1050M,,SCHEDULED,1380,23.0
2026-06-02T09:30:50Z,1050M21826C7,1050M,,SCHEDULED,-120,-2.0
2026-06-02T09:30:50Z,1050M21824C7,1050M,,SCHEDULED,180,3.0
2026-06-02T09:30:50Z,1050M20614C8b,1050M,,SCHEDULED,1500,25.0
2026-06-02T09:30:50Z,1050M20613C8b,1050M,,SCHEDULED,540,9.0
2026-06-02T09:30:50Z,1050M78041C3,1050M,,SCHEDULED,60,1.0
2026-06-02T09:30:50Z,1050M20459C4b,1050M,,SCHEDULED,60,1.0
2026-06-02T09:30:50Z,1050M21822C7,1050M,,SCHEDULED,120,2.0
2026-06-02T09:30:50Z,1050M20457C4b,1050M,,SCHEDULED,300,5.0
2026-06-02T09:30:50Z,1050M20611C8b,1050M,,SCHEDULED,1260,21.0
2026-06-02T09:30:50Z,1050M19629C5,1050M,,SCHEDULED,660,11.0
2026-06-02T09:35:33Z,3050M23533C1,3050M,,SCHEDULED,420,7.0
2026-06-02T09:35:33Z,3150M23216C1,3150M,,SCHEDULED,120,2.0
2026-06-02T09:35:33Z,4050M76611C3,4050M,,SCHEDULED,360,6.0
2026-06-02T09:35:33Z,4050M24031C2,4050M,,SCHEDULED,540,9.0
2026-06-02T09:35:33Z,4050M24032C2,4050M,,SCHEDULED,120,2.0
2026-06-02T09:35:33Z,5150M77416R4,5150M,,SCHEDULED,600,10.0
2026-06-02T09:35:33Z,5150M25730R1,5150M,,SCHEDULED,240,4.0
2026-06-02T09:35:33Z,5150M25735R1,5150M,,SCHEDULED,60,1.0
2026-06-02T09:35:33Z,5150M77526R4,5150M,,SCHEDULED,60,1.0
2026-06-02T09:35:33Z,5150M77223R2S,5150M,,SCHEDULED,60,1.0
2026-06-02T09:35:33Z,5150M77226R2S,5150M,,SCHEDULED,120,2.0
2026-06-02T09:35:33Z,5150M77424R4,5150M,,SCHEDULED,180,3.0
2026-06-02T09:35:33Z,5150M33523RL4,5150M,,SCHEDULED,3060,51.0
2026-06-02T09:35:33Z,5150M25638R1,5150M,,SCHEDULED,180,3.0
2026-06-02T09:35:33Z,5150M77317R3,5150M,,SCHEDULED,180,3.0
2026-06-02T09:35:33Z,6150M32773C1,6150M,,SCHEDULED,60,1.0
2026-06-02T09:35:33Z,6250M71114C2,6250M,,SCHEDULED,240,4.0
2026-06-02T09:35:33Z,4650M70152C1,4650M,,SCHEDULED,540,9.0
2026-06-02T09:35:33Z,2050M70854C6,2050M,,SCHEDULED,5280,88.0
2026-06-02T09:35:33Z,4150M84908C2,4150M,,SCHEDULED,4500,75.0
2026-06-02T09:35:33Z,1050M19624C5,1050M,,SCHEDULED,60,1.0
2026-06-02T09:35:33Z,1050M20444C4b,1050M,,SCHEDULED,420,7.0
2026-06-02T09:35:33Z,1050M21532C2,1050M,,SCHEDULED,600,10.0
2026-06-02T09:35:33Z,1050M19627C5,1050M,,SCHEDULED,540,9.0
2026-06-02T09:35:33Z,1050M20448C4b,1050M,,SCHEDULED,720,12.0
2026-06-02T09:35:33Z,1050M21018C8a,1050M,,SCHEDULED,1500,25.0
2026-06-02T09:35:33Z,1050M20257C4a,1050M,,SCHEDULED,240,4.0
2026-06-02T09:35:33Z,1050M21741C2,1050M,,SCHEDULED,-60,-1.0
2026-06-02T09:35:33Z,1050M20253C4a,1050M,,SCHEDULED,420,7.0
2026-06-02T09:35:33Z,1050M21220C10,1050M,,SCHEDULED,540,9.0
2026-06-02T09:35:33Z,1050M20251C4a,1050M,,SCHEDULED,1500,25.0
2026-06-02T09:35:33Z,1050M21833C7,1050M,,SCHEDULED,60,1.0
2026-06-02T09:35:33Z,1050M78038C3,1050M,,SCHEDULED,360,6.0
2026-06-02T09:35:33Z,1050M20805C5,1050M,,SCHEDULED,420,7.0
2026-06-02T09:35:33Z,1050M21829C7,1050M,,SCHEDULED,420,7.0
2026-06-02T09:35:33Z,1050M21126C10,1050M,,SCHEDULED,-120,-2.0
2026-06-02T09:35:33Z,1050M20803C5,1050M,,SCHEDULED,960,16.0
2026-06-02T09:35:33Z,1050M20802C5,1050M,,SCHEDULED,-60,-1.0
2026-06-02T09:35:33Z,1050M21737C2,1050M,,SCHEDULED,300,5.0
2026-06-02T09:35:33Z,1050M20796C5,1050M,,SCHEDULED,540,9.0
2026-06-02T09:35:33Z,1050M21124C10,1050M,,SCHEDULED,420,7.0
2026-06-02T09:35:33Z,1050M21122C10,1050M,,SCHEDULED,360,6.0
2026-06-02T09:35:33Z,1050M21615C2,1050M,,SCHEDULED,420,7.0
2026-06-02T09:35:33Z,1050M21529C2,1050M,,SCHEDULED,240,4.0
2026-06-02T09:35:33Z,1050M20801C5,1050M,,SCHEDULED,240,4.0
2026-06-02T09:35:33Z,1050M20798C5,1050M,,SCHEDULED,300,5.0
2026-06-02T09:35:33Z,1050M21820C7,1050M,,SCHEDULED,840,14.0
2026-06-02T09:35:33Z,1050M20455C4b,1050M,,SCHEDULED,720,12.0
2026-06-02T09:35:33Z,1050M21612C2,1050M,,SCHEDULED,120,2.0
2026-06-02T09:35:33Z,1050M19620C5,1050M,,SCHEDULED,660,11.0
2026-06-02T09:35:33Z,1050M19622C5,1050M,,SCHEDULED,60,1.0
2026-06-02T09:35:33Z,1050M21325C10,1050M,,SCHEDULED,540,9.0
2026-06-02T09:35:33Z,1050M21324C10,1050M,,SCHEDULED,360,6.0
2026-06-02T09:35:33Z,1050M21826C7,1050M,,SCHEDULED,-120,-2.0
2026-06-02T09:35:33Z,1050M21824C7,1050M,,SCHEDULED,180,3.0
2026-06-02T09:35:33Z,1050M20614C8b,1050M,,SCHEDULED,1560,26.0
2026-06-02T09:35:33Z,1050M78041C3,1050M,,SCHEDULED,60,1.0
2026-06-02T09:35:33Z,1050M21822C7,1050M,,SCHEDULED,360,6.0
2026-06-02T09:35:33Z,1050M20457C4b,1050M,,SCHEDULED,300,5.0
2026-06-02T09:35:33Z,1050M20611C8b,1050M,,SCHEDULED,1320,22.0
2026-06-02T09:35:33Z,1050M19629C5,1050M,,SCHEDULED,780,13.0
2026-06-02T09:45:38Z,3050M23530C1,3050M,,SCHEDULED,240,4.0
2026-06-02T09:45:38Z,3150M23431T1,3150M,,SCHEDULED,480,8.0
2026-06-02T09:45:38Z,3150M23217C1,3150M,,SCHEDULED,180,3.0
2026-06-02T09:45:38Z,4050M24323C6,4050M,,SCHEDULED,-60,-1.0
2026-06-02T09:45:38Z,4050M76225C1,4050M,,SCHEDULED,120,2.0
2026-06-02T09:45:38Z,5150M78222R2S,5150M,,SCHEDULED,120,2.0
2026-06-02T09:45:38Z,5150M77416R4,5150M,,SCHEDULED,600,10.0
2026-06-02T09:45:38Z,5150M25730R1,5150M,,SCHEDULED,240,4.0
2026-06-02T09:45:38Z,5150M25636R1,5150M,,SCHEDULED,300,5.0
2026-06-02T09:45:38Z,5150M77221R2S,5150M,,SCHEDULED,480,8.0
2026-06-02T09:45:38Z,5150M77224R2S,5150M,,SCHEDULED,240,4.0
2026-06-02T09:45:38Z,5150M77522R4,5150M,,SCHEDULED,60,1.0
2026-06-02T09:45:38Z,5150M78906R11,5150M,,SCHEDULED,240,4.0
2026-06-02T09:45:38Z,5150M15060R17,5150M,,SCHEDULED,300,5.0
2026-06-02T09:45:38Z,5150M77223R2S,5150M,,SCHEDULED,120,2.0
2026-06-02T09:45:38Z,5150M25623R1,5150M,,SCHEDULED,480,8.0
2026-06-02T09:45:38Z,5150M77424R4,5150M,,SCHEDULED,360,6.0
2026-06-02T09:45:38Z,6150M32773C1,6150M,,SCHEDULED,60,1.0
2026-06-02T09:45:38Z,6250M71161C2,6250M,,SCHEDULED,240,4.0
2026-06-02T09:45:38Z,4650M70152C1,4650M,,SCHEDULED,780,13.0
2026-06-02T09:45:38Z,4750M71093C1,4750M,,SCHEDULED,1920,32.0
2026-06-02T09:45:38Z,1050M20444C4b,1050M,,SCHEDULED,900,15.0
2026-06-02T09:45:38Z,1050M21532C2,1050M,,SCHEDULED,600,10.0
2026-06-02T09:45:38Z,1050M21531C2,1050M,,SCHEDULED,180,3.0
2026-06-02T09:45:38Z,1050M19627C5,1050M,,SCHEDULED,420,7.0
2026-06-02T09:45:38Z,1050M20448C4b,1050M,,SCHEDULED,780,13.0
2026-06-02T09:45:38Z,1050M21018C8a,1050M,,SCHEDULED,2100,35.0
2026-06-02T09:45:38Z,1050M19626C5,1050M,,SCHEDULED,120,2.0
2026-06-02T09:45:38Z,1050M20258C4a,1050M,,SCHEDULED,360,6.0
2026-06-02T09:45:38Z,1050M21831C7,1050M,,SCHEDULED,60,1.0
2026-06-02T09:45:38Z,1050M19631C5,1050M,,SCHEDULED,360,6.0
2026-06-02T09:45:38Z,1050M21741C2,1050M,,SCHEDULED,180,3.0
2026-06-02T09:45:38Z,1050M20255C4a,1050M,,SCHEDULED,660,11.0
2026-06-02T09:45:38Z,1050M21222C10,1050M,,SCHEDULED,240,4.0
2026-06-02T09:45:38Z,1050M20253C4a,1050M,,SCHEDULED,600,10.0
2026-06-02T09:45:38Z,1050M21220C10,1050M,,SCHEDULED,900,15.0
2026-06-02T09:45:38Z,1050M20251C4a,1050M,,SCHEDULED,1500,25.0
2026-06-02T09:45:38Z,1050M20461C4b,1050M,,SCHEDULED,120,2.0
2026-06-02T09:45:38Z,1050M20805C5,1050M,,SCHEDULED,600,10.0
2026-06-02T09:45:38Z,1050M21833C7,1050M,,SCHEDULED,120,2.0
2026-06-02T09:45:38Z,1050M78039C3,1050M,,SCHEDULED,60,1.0
2026-06-02T09:45:38Z,1050M21829C7,1050M,,SCHEDULED,720,12.0
2026-06-02T09:45:38Z,1050M20803C5,1050M,,SCHEDULED,960,16.0
2026-06-02T09:45:38Z,1050M21126C10,1050M,,SCHEDULED,180,3.0
2026-06-02T09:45:38Z,1050M21615C2,1050M,,SCHEDULED,420,7.0
2026-06-02T09:45:38Z,1050M20796C5,1050M,,SCHEDULED,600,10.0
2026-06-02T09:45:38Z,1050M21614C2,1050M,,SCHEDULED,180,3.0
2026-06-02T09:45:38Z,1050M21124C10,1050M,,SCHEDULED,360,6.0
2026-06-02T09:45:38Z,1050M21122C10,1050M,,SCHEDULED,480,8.0
2026-06-02T09:45:38Z,1050M21529C2,1050M,,SCHEDULED,180,3.0
2026-06-02T09:45:38Z,1050M20800C5,1050M,,SCHEDULED,240,4.0
2026-06-02T09:45:38Z,1050M21612C2,1050M,,SCHEDULED,180,3.0
2026-06-02T09:45:38Z,1050M20798C5,1050M,,SCHEDULED,300,5.0
2026-06-02T09:45:38Z,1050M21820C7,1050M,,SCHEDULED,1080,18.0
2026-06-02T09:45:38Z,1050M20455C4b,1050M,,SCHEDULED,840,14.0
2026-06-02T09:45:38Z,1050M19622C5,1050M,,SCHEDULED,360,6.0
2026-06-02T09:45:38Z,1050M20260C4a,1050M,,SCHEDULED,240,4.0
2026-06-02T09:45:38Z,1050M21325C10,1050M,,SCHEDULED,420,7.0
2026-06-02T09:45:38Z,1050M21324C10,1050M,,SCHEDULED,420,7.0
2026-06-02T09:45:38Z,1050M20616C8b,1050M,,SCHEDULED,780,13.0
2026-06-02T09:45:38Z,1050M78040C3,1050M,,SCHEDULED,300,5.0
2026-06-02T09:45:38Z,1050M78041C3,1050M,,SCHEDULED,60,1.0
2026-06-02T09:45:38Z,1050M21822C7,1050M,,SCHEDULED,420,7.0
2026-06-02T09:45:38Z,1050M20457C4b,1050M,,SCHEDULED,240,4.0
2026-06-02T09:45:38Z,1050M19629C5,1050M,,SCHEDULED,540,9.0
2026-06-02T09:45:38Z,1050M19628C5,1050M,,SCHEDULED,-60,-1.0
2026-06-02T09:50:36Z,3050M23537C1,3050M,,SCHEDULED,180,3.0
2026-06-02T09:50:36Z,3150M23431T1,3150M,,SCHEDULED,480,8.0
2026-06-02T09:50:36Z,3250M23335C1,3250M,,SCHEDULED,60,1.0
2026-06-02T09:50:36Z,4050M24032C2,4050M,,SCHEDULED,60,1.0
2026-06-02T09:50:36Z,4050M24033C2,4050M,,SCHEDULED,300,5.0
2026-06-02T09:50:36Z,5150M28424R2N,5150M,,SCHEDULED,120,2.0
2026-06-02T09:50:36Z,5150M77416R4,5150M,,SCHEDULED,540,9.0
2026-06-02T09:50:36Z,5150M28428R2N,5150M,,SCHEDULED,360,6.0
2026-06-02T09:50:36Z,5150M77522R4,5150M,,SCHEDULED,120,2.0
2026-06-02T09:50:36Z,5150M77326R3,5150M,,SCHEDULED,120,2.0
2026-06-02T09:50:36Z,5150M77726R4,5150M,,SCHEDULED,60,1.0
2026-06-02T09:50:36Z,5150M77728R4,5150M,,SCHEDULED,180,3.0
2026-06-02T09:50:36Z,5150M78906R11,5150M,,SCHEDULED,240,4.0
2026-06-02T09:50:36Z,5150M77420R4,5150M,,SCHEDULED,60,1.0
2026-06-02T09:50:36Z,5150M25732R1,5150M,,SCHEDULED,120,2.0
2026-06-02T09:50:36Z,5150M77620R4,5150M,,SCHEDULED,180,3.0
2026-06-02T09:50:36Z,5150M25420R2N,5150M,,SCHEDULED,300,5.0
2026-06-02T09:50:36Z,5150M77224R2S,5150M,,SCHEDULED,300,5.0
2026-06-02T09:50:36Z,5150M33523RL4,5150M,,SCHEDULED,2940,49.0
2026-06-02T09:50:36Z,5150M25638R1,5150M,,SCHEDULED,420,7.0
2026-06-02T09:50:36Z,5150M77317R3,5150M,,SCHEDULED,-120,-2.0
2026-06-02T09:50:36Z,5150M28426R2N,5150M,,SCHEDULED,120,2.0
2026-06-02T09:50:36Z,6250M71162C2,6250M,,SCHEDULED,360,6.0
2026-06-02T09:50:36Z,4750M71093C1,4750M,,SCHEDULED,2040,34.0
2026-06-02T09:50:36Z,4150M84910C2,4150M,,SCHEDULED,2820,47.0
2026-06-02T09:50:36Z,1050M20444C4b,1050M,,SCHEDULED,1020,17.0
2026-06-02T09:50:36Z,1050M21532C2,1050M,,SCHEDULED,720,12.0
2026-06-02T09:50:36Z,1050M20448C4b,1050M,,SCHEDULED,1020,17.0
2026-06-02T09:50:36Z,1050M21018C8a,1050M,,SCHEDULED,2400,40.0
2026-06-02T09:50:36Z,1050M20258C4a,1050M,,SCHEDULED,600,10.0
2026-06-02T09:50:36Z,1050M21741C2,1050M,,SCHEDULED,180,3.0
2026-06-02T09:50:36Z,1050M20255C4a,1050M,,SCHEDULED,660,11.0
2026-06-02T09:50:36Z,1050M21222C10,1050M,,SCHEDULED,180,3.0
2026-06-02T09:50:36Z,1050M20253C4a,1050M,,SCHEDULED,540,9.0
2026-06-02T09:50:36Z,1050M21220C10,1050M,,SCHEDULED,720,12.0
2026-06-02T09:50:36Z,1050M20259C4a,1050M,,SCHEDULED,60,1.0
2026-06-02T09:50:36Z,1050M80685C9,1050M,,SCHEDULED,900,15.0
2026-06-02T09:50:36Z,1050M19627C5,1050M,,SCHEDULED,540,9.0
2026-06-02T09:50:36Z,1050M20805C5,1050M,,SCHEDULED,600,10.0
2026-06-02T09:50:36Z,1050M19626C5,1050M,,SCHEDULED,60,1.0
2026-06-02T09:50:36Z,1050M20803C5,1050M,,SCHEDULED,1020,17.0
2026-06-02T09:50:36Z,1050M19631C5,1050M,,SCHEDULED,420,7.0
2026-06-02T09:50:36Z,1050M20802C5,1050M,,SCHEDULED,120,2.0
2026-06-02T09:50:36Z,1050M19633C5,1050M,,SCHEDULED,60,1.0
2026-06-02T09:50:36Z,1050M21615C2,1050M,,SCHEDULED,300,5.0
2026-06-02T09:50:36Z,1050M21614C2,1050M,,SCHEDULED,300,5.0
2026-06-02T09:50:36Z,1050M20800C5,1050M,,SCHEDULED,180,3.0
2026-06-02T09:50:36Z,1050M20461C4b,1050M,,SCHEDULED,300,5.0
2026-06-02T09:50:36Z,1050M21612C2,1050M,,SCHEDULED,180,3.0
2026-06-02T09:50:36Z,1050M20262C4a,1050M,,SCHEDULED,720,12.0
2026-06-02T09:50:36Z,1050M21833C7,1050M,,SCHEDULED,120,2.0
2026-06-02T09:50:36Z,1050M20260C4a,1050M,,SCHEDULED,120,2.0
2026-06-02T09:50:36Z,1050M21325C10,1050M,,SCHEDULED,540,9.0
2026-06-02T09:50:36Z,1050M21126C10,1050M,,SCHEDULED,60,1.0
2026-06-02T09:50:36Z,1050M21324C10,1050M,,SCHEDULED,420,7.0
2026-06-02T09:50:36Z,1050M21124C10,1050M,,SCHEDULED,300,5.0
2026-06-02T09:50:36Z,1050M21327C10,1050M,,SCHEDULED,180,3.0
2026-06-02T09:50:36Z,1050M21820C7,1050M,,SCHEDULED,840,14.0
2026-06-02T09:50:36Z,1050M20455C4b,1050M,,SCHEDULED,540,9.0
2026-06-02T09:50:36Z,1050M20798C5,1050M,,SCHEDULED,240,4.0
2026-06-02T09:50:36Z,1050M19849C1,1050M,,SCHEDULED,240,4.0
2026-06-02T09:50:36Z,1050M19622C5,1050M,,SCHEDULED,420,7.0
2026-06-02T09:50:36Z,1050M20450C4b,1050M,,SCHEDULED,60,1.0
2026-06-02T09:50:36Z,1050M21826C7,1050M,,SCHEDULED,300,5.0
2026-06-02T09:50:36Z,1050M20616C8b,1050M,,SCHEDULED,600,10.0
2026-06-02T09:50:36Z,1050M78040C3,1050M,,SCHEDULED,540,9.0
2026-06-02T09:50:36Z,1050M20613C8b,1050M,,SCHEDULED,780,13.0
2026-06-02T09:50:36Z,1050M78041C3,1050M,,SCHEDULED,120,2.0
2026-06-02T09:50:36Z,1050M20459C4b,1050M,,SCHEDULED,120,2.0
2026-06-02T09:50:36Z,1050M21822C7,1050M,,SCHEDULED,420,7.0
2026-06-02T09:50:36Z,1050M20457C4b,1050M,,SCHEDULED,240,4.0
2026-06-02T09:50:36Z,1050M19629C5,1050M,,SCHEDULED,720,12.0
2026-06-02T09:55:31Z,3050M23537C1,3050M,,SCHEDULED,240,4.0
2026-06-02T09:55:31Z,3150M23431T1,3150M,,SCHEDULED,480,8.0
2026-06-02T09:55:31Z,3150M23216C1,3150M,,SCHEDULED,120,2.0
2026-06-02T09:55:31Z,3250M23337C1,3250M,,SCHEDULED,60,1.0
2026-06-02T09:55:31Z,4050M24033C2,4050M,,SCHEDULED,240,4.0
2026-06-02T09:55:31Z,4050M76226C1,4050M,,SCHEDULED,240,4.0
2026-06-02T09:55:31Z,5150M78222R2S,5150M,,SCHEDULED,60,1.0
2026-06-02T09:55:31Z,5150M77530R4,5150M,,SCHEDULED,60,1.0
2026-06-02T09:55:31Z,5150M78225R2S,5150M,,SCHEDULED,-60,-1.0
2026-06-02T09:55:31Z,5150M77416R4,5150M,,SCHEDULED,600,10.0
2026-06-02T09:55:31Z,5150M77522R4,5150M,,SCHEDULED,180,3.0
2026-06-02T09:55:31Z,5150M77326R3,5150M,,SCHEDULED,120,2.0
2026-06-02T09:55:31Z,5150M28428R2N,5150M,,SCHEDULED,360,6.0
2026-06-02T09:55:31Z,5150M78906R11,5150M,,SCHEDULED,240,4.0
2026-06-02T09:55:31Z,5150M25629R1,5150M,,SCHEDULED,120,2.0
2026-06-02T09:55:31Z,5150M77222R2S,5150M,,SCHEDULED,840,14.0
2026-06-02T09:55:31Z,5150M77420R4,5150M,,SCHEDULED,180,3.0
2026-06-02T09:55:31Z,5150M77223R2S,5150M,,SCHEDULED,60,1.0
2026-06-02T09:55:31Z,5150M25638R1,5150M,,SCHEDULED,420,7.0
2026-06-02T09:55:31Z,5150M77620R4,5150M,,SCHEDULED,180,3.0
2026-06-02T09:55:31Z,5150M28426R2N,5150M,,SCHEDULED,60,1.0
2026-06-02T09:55:31Z,5150M77302R3,5150M,,SCHEDULED,60,1.0
2026-06-02T09:55:31Z,5150M77225R2S,5150M,,SCHEDULED,60,1.0
2026-06-02T09:55:31Z,5150M77226R2S,5150M,,SCHEDULED,360,6.0
2026-06-02T09:55:31Z,5150M77424R4,5150M,,SCHEDULED,300,5.0
2026-06-02T09:55:31Z,6150M32709C1,6150M,,SCHEDULED,60,1.0
2026-06-02T09:55:31Z,6150M32711C1,6150M,,SCHEDULED,180,3.0
2026-06-02T09:55:31Z,4750M71055C1,4750M,,SCHEDULED,300,5.0
2026-06-02T09:55:31Z,4150M84910C2,4150M,,SCHEDULED,3120,52.0
2026-06-02T09:55:31Z,1050M19629C5,1050M,,SCHEDULED,720,12.0
2026-06-02T09:55:31Z,1050M20257C4a,1050M,,SCHEDULED,120,2.0
2026-06-02T09:55:31Z,1050M20255C4a,1050M,,SCHEDULED,600,10.0
2026-06-02T09:55:31Z,1050M21222C10,1050M,,SCHEDULED,180,3.0
2026-06-02T09:55:31Z,1050M21220C10,1050M,,SCHEDULED,660,11.0
2026-06-02T09:55:31Z,1050M19626C5,1050M,,SCHEDULED,60,1.0
2026-06-02T09:55:31Z,1050M20259C4a,1050M,,SCHEDULED,120,2.0
2026-06-02T09:55:31Z,1050M80685C9,1050M,,SCHEDULED,1200,20.0
2026-06-02T09:55:31Z,1050M21831C7,1050M,,SCHEDULED,180,3.0
2026-06-02T09:55:31Z,1050M19631C5,1050M,,SCHEDULED,420,7.0
2026-06-02T09:55:31Z,1050M20805C5,1050M,,SCHEDULED,480,8.0
2026-06-02T09:55:31Z,1050M19633C5,1050M,,SCHEDULED,240,4.0
2026-06-02T09:55:31Z,1050M20803C5,1050M,,SCHEDULED,1080,18.0
2026-06-02T09:55:31Z,1050M20802C5,1050M,,SCHEDULED,120,2.0
2026-06-02T09:55:31Z,1050M21615C2,1050M,,SCHEDULED,240,4.0
2026-06-02T09:55:31Z,1050M21833C7,1050M,,SCHEDULED,60,1.0
2026-06-02T09:55:31Z,1050M21614C2,1050M,,SCHEDULED,240,4.0
2026-06-02T09:55:31Z,1050M20800C5,1050M,,SCHEDULED,240,4.0
2026-06-02T09:55:31Z,1050M20264C4a,1050M,,SCHEDULED,60,1.0
2026-06-02T09:55:31Z,1050M21126C10,1050M,,SCHEDULED,180,3.0
2026-06-02T09:55:31Z,1050M21124C10,1050M,,SCHEDULED,120,2.0
2026-06-02T09:55:31Z,1050M20262C4a,1050M,,SCHEDULED,1200,20.0
2026-06-02T09:55:31Z,1050M20798C5,1050M,,SCHEDULED,420,7.0
2026-06-02T09:55:31Z,1050M19849C1,1050M,,SCHEDULED,120,2.0
2026-06-02T09:55:31Z,1050M21820C7,1050M,,SCHEDULED,900,15.0
2026-06-02T09:55:31Z,1050M21325C10,1050M,,SCHEDULED,480,8.0
2026-06-02T09:55:31Z,1050M21324C10,1050M,,SCHEDULED,420,7.0
2026-06-02T09:55:31Z,1050M21327C10,1050M,,SCHEDULED,240,4.0
2026-06-02T09:55:31Z,1050M19622C5,1050M,,SCHEDULED,360,6.0
2026-06-02T09:55:31Z,1050M21326C10,1050M,,SCHEDULED,420,7.0
2026-06-02T09:55:31Z,1050M19846C1,1050M,,SCHEDULED,60,1.0
2026-06-02T09:55:31Z,1050M20450C4b,1050M,,SCHEDULED,120,2.0
2026-06-02T09:55:31Z,1050M21021C8a,1050M,,SCHEDULED,660,11.0
2026-06-02T09:55:31Z,1050M20444C4b,1050M,,SCHEDULED,1140,19.0
2026-06-02T09:55:31Z,1050M21532C2,1050M,,SCHEDULED,660,11.0
2026-06-02T09:55:31Z,1050M21826C7,1050M,,SCHEDULED,360,6.0
2026-06-02T09:55:31Z,1050M20616C8b,1050M,,SCHEDULED,900,15.0
2026-06-02T09:55:31Z,1050M78040C3,1050M,,SCHEDULED,420,7.0
2026-06-02T09:55:31Z,1050M21018C8a,1050M,,SCHEDULED,2700,45.0
2026-06-02T09:55:31Z,1050M20446C4b,1050M,,SCHEDULED,240,4.0
2026-06-02T09:55:31Z,1050M20258C4a,1050M,,SCHEDULED,780,13.0
2026-06-02T09:55:31Z,1050M21824C7,1050M,,SCHEDULED,420,7.0
2026-06-02T09:55:31Z,1050M20613C8b,1050M,,SCHEDULED,960,16.0
2026-06-02T09:55:31Z,1050M20459C4b,1050M,,SCHEDULED,120,2.0
2026-06-02T09:55:31Z,1050M78043C3,1050M,,SCHEDULED,60,1.0
2026-06-02T09:55:31Z,1050M20457C4b,1050M,,SCHEDULED,60,1.0
2026-06-02T10:01:03Z,3050M23537C1,3050M,,SCHEDULED,240,4.0
2026-06-02T10:01:03Z,3050M23530C1,3050M,,SCHEDULED,480,8.0
2026-06-02T10:01:03Z,3050M23533C1,3050M,,SCHEDULED,360,6.0
2026-06-02T10:01:03Z,3150M23217C1,3150M,,SCHEDULED,180,3.0
2026-06-02T10:01:03Z,3150M23216C1,3150M,,SCHEDULED,180,3.0
2026-06-02T10:01:03Z,3150M23431T1,3150M,,SCHEDULED,480,8.0
2026-06-02T10:01:03Z,3250M23337C1,3250M,,SCHEDULED,60,1.0
2026-06-02T10:01:03Z,3250M23334C1,3250M,,SCHEDULED,-60,-1.0
2026-06-02T10:01:03Z,4050M24033C2,4050M,,SCHEDULED,240,4.0
2026-06-02T10:01:03Z,4050M76226C1,4050M,,SCHEDULED,180,3.0
2026-06-02T10:01:03Z,4050M24037C2,4050M,,SCHEDULED,60,1.0
2026-06-02T10:01:03Z,5150M78225R2S,5150M,,SCHEDULED,60,1.0
2026-06-02T10:01:03Z,5150M78810R11,5150M,,SCHEDULED,360,6.0
2026-06-02T10:01:03Z,5150M15007R15,5150M,,SCHEDULED,60,1.0
2026-06-02T10:01:03Z,5150M25730R1,5150M,,SCHEDULED,120,2.0
2026-06-02T10:01:03Z,5150M25732R1,5150M,,SCHEDULED,120,2.0
2026-06-02T10:01:03Z,5150M28428R2N,5150M,,SCHEDULED,360,6.0
2026-06-02T10:01:03Z,5150M77224R2S,5150M,,SCHEDULED,240,4.0
2026-06-02T10:01:03Z,5150M25636R1,5150M,,SCHEDULED,480,8.0
2026-06-02T10:01:03Z,5150M77522R4,5150M,,SCHEDULED,120,2.0
2026-06-02T10:01:03Z,5150M77326R3,5150M,,SCHEDULED,60,1.0
2026-06-02T10:01:03Z,5150M77526R4,5150M,,SCHEDULED,60,1.0
2026-06-02T10:01:03Z,5150M77726R4,5150M,,SCHEDULED,60,1.0
2026-06-02T10:01:03Z,5150M77528R4,5150M,,SCHEDULED,60,1.0
2026-06-02T10:01:03Z,5150M77728R4,5150M,,SCHEDULED,240,4.0
2026-06-02T10:01:03Z,5150M25629R1,5150M,,SCHEDULED,180,3.0
2026-06-02T10:01:03Z,5150M77422R4,5150M,,SCHEDULED,120,2.0
2026-06-02T10:01:03Z,5150M25422R2N,5150M,,SCHEDULED,180,3.0
2026-06-02T10:01:03Z,5150M77620R4,5150M,,SCHEDULED,180,3.0
2026-06-02T10:01:03Z,5150M25424R2N,5150M,,SCHEDULED,60,1.0
2026-06-02T10:01:03Z,5150M25623R1,5150M,,SCHEDULED,720,12.0
2026-06-02T10:01:03Z,5150M25625R1,5150M,,SCHEDULED,180,3.0
2026-06-02T10:01:03Z,5150M77226R2S,5150M,,SCHEDULED,480,8.0
2026-06-02T10:01:03Z,5150M18093R16,5150M,,SCHEDULED,2400,40.0
2026-06-02T10:01:03Z,5150M77424R4,5150M,,SCHEDULED,300,5.0
2026-06-02T10:01:03Z,5150M77317R3,5150M,,SCHEDULED,-60,-1.0
2026-06-02T10:01:03Z,6150M32709C1,6150M,,SCHEDULED,120,2.0
2026-06-02T10:01:03Z,6250M71164C2,6250M,,SCHEDULED,120,2.0
2026-06-02T10:01:03Z,4150M84910C2,4150M,,SCHEDULED,3420,57.0
2026-06-02T10:01:03Z,1050M19851C1,1050M,,SCHEDULED,60,1.0
2026-06-02T10:01:03Z,1050M21532C2,1050M,,SCHEDULED,600,10.0
2026-06-02T10:01:03Z,1050M21531C2,1050M,,SCHEDULED,120,2.0
2026-06-02T10:01:03Z,1050M21018C8a,1050M,,SCHEDULED,3000,50.0
2026-06-02T10:01:03Z,1050M19626C5,1050M,,SCHEDULED,180,3.0
2026-06-02T10:01:03Z,1050M20446C4b,1050M,,SCHEDULED,480,8.0
2026-06-02T10:01:03Z,1050M20258C4a,1050M,,SCHEDULED,960,16.0
2026-06-02T10:01:03Z,1050M21831C7,1050M,,SCHEDULED,360,6.0
2026-06-02T10:01:03Z,1050M20257C4a,1050M,,SCHEDULED,180,3.0
2026-06-02T10:01:03Z,1050M19631C5,1050M,,SCHEDULED,420,7.0
2026-06-02T10:01:03Z,1050M19633C5,1050M,,SCHEDULED,240,4.0
2026-06-02T10:01:03Z,1050M20255C4a,1050M,,SCHEDULED,660,11.0
2026-06-02T10:01:03Z,1050M20259C4a,1050M,,SCHEDULED,180,3.0
2026-06-02T10:01:03Z,1050M80685C9,1050M,,SCHEDULED,1500,25.0
2026-06-02T10:01:03Z,1050M20807C5,1050M,,SCHEDULED,1140,19.0
2026-06-02T10:01:03Z,1050M20264C4a,1050M,,SCHEDULED,60,1.0
2026-06-02T10:01:03Z,1050M21833C7,1050M,,SCHEDULED,60,1.0
2026-06-02T10:01:03Z,1050M21829C7,1050M,,SCHEDULED,540,9.0
2026-06-02T10:01:03Z,1050M19635C5,1050M,,SCHEDULED,-60,-1.0
2026-06-02T10:01:03Z,1050M21124C10,1050M,,SCHEDULED,240,4.0
2026-06-02T10:01:03Z,1050M20262C4a,1050M,,SCHEDULED,1140,19.0
2026-06-02T10:01:03Z,1050M20260C4a,1050M,,SCHEDULED,360,6.0
2026-06-02T10:01:03Z,1050M20798C5,1050M,,SCHEDULED,420,7.0
2026-06-02T10:01:03Z,1050M21325C10,1050M,,SCHEDULED,420,7.0
2026-06-02T10:01:03Z,1050M21327C10,1050M,,SCHEDULED,180,3.0
2026-06-02T10:01:03Z,1050M21820C7,1050M,,SCHEDULED,600,10.0
2026-06-02T10:01:03Z,1050M21326C10,1050M,,SCHEDULED,540,9.0
2026-06-02T10:01:03Z,1050M21730C2,1050M,,SCHEDULED,720,12.0
2026-06-02T10:01:03Z,1050M20805C5,1050M,,SCHEDULED,600,10.0
2026-06-02T10:01:03Z,1050M20452C4b,1050M,,SCHEDULED,60,1.0
2026-06-02T10:01:03Z,1050M20450C4b,1050M,,SCHEDULED,120,2.0
2026-06-02T10:01:03Z,1050M21617C2,1050M,,SCHEDULED,60,1.0
2026-06-02T10:01:03Z,1050M20803C5,1050M,,SCHEDULED,960,16.0
2026-06-02T10:01:03Z,1050M21021C8a,1050M,,SCHEDULED,660,11.0
2026-06-02T10:01:03Z,1050M20802C5,1050M,,SCHEDULED,60,1.0
2026-06-02T10:01:03Z,1050M21615C2,1050M,,SCHEDULED,480,8.0
2026-06-02T10:01:03Z,1050M21614C2,1050M,,SCHEDULED,120,2.0
2026-06-02T10:01:03Z,1050M20800C5,1050M,,SCHEDULED,240,4.0
2026-06-02T10:01:03Z,1050M21826C7,1050M,,SCHEDULED,360,6.0
2026-06-02T10:01:03Z,1050M20616C8b,1050M,,SCHEDULED,900,15.0
2026-06-02T10:01:03Z,1050M78040C3,1050M,,SCHEDULED,420,7.0
2026-06-02T10:01:03Z,1050M21824C7,1050M,,SCHEDULED,540,9.0
2026-06-02T10:01:03Z,1050M20614C8b,1050M,,SCHEDULED,2160,36.0
2026-06-02T10:01:03Z,1050M20613C8b,1050M,,SCHEDULED,900,15.0
2026-06-02T10:01:03Z,1050M21822C7,1050M,,SCHEDULED,480,8.0
2026-06-02T10:01:03Z,1050M78043C3,1050M,,SCHEDULED,120,2.0
2026-06-02T10:01:03Z,1050M20457C4b,1050M,,SCHEDULED,240,4.0
2026-06-02T10:01:03Z,1050M19629C5,1050M,,SCHEDULED,660,11.0
2026-06-02T10:01:03Z,1050M19628C5,1050M,,SCHEDULED,120,2.0
2026-06-02T10:15:37Z,3250M23332C1,3250M,,SCHEDULED,60,1.0
2026-06-02T10:15:37Z,3250M23339C1,3250M,,SCHEDULED,60,1.0
2026-06-02T10:15:37Z,3250M23334C1,3250M,,SCHEDULED,60,1.0
2026-06-02T10:15:37Z,4050M76618C3,4050M,,SCHEDULED,60,1.0
2026-06-02T10:15:37Z,5150M28430R2N,5150M,,SCHEDULED,60,1.0
2026-06-02T10:15:37Z,5150M78224R2S,5150M,,SCHEDULED,180,3.0
2026-06-02T10:15:37Z,5150M25640R1,5150M,,SCHEDULED,240,4.0
2026-06-02T10:15:37Z,5150M77418R4,5150M,,SCHEDULED,60,1.0
2026-06-02T10:15:37Z,5150M28428R2N,5150M,,SCHEDULED,480,8.0
2026-06-02T10:15:37Z,5150M77302R3,5150M,,SCHEDULED,-60,-1.0
2026-06-02T10:15:37Z,5150M77226R2S,5150M,,SCHEDULED,480,8.0
2026-06-02T10:15:37Z,5150M77424R4,5150M,,SCHEDULED,360,6.0
2026-06-02T10:15:37Z,5150M77426R4,5150M,,SCHEDULED,180,3.0
2026-06-02T10:15:37Z,5150M77624R4,5150M,,SCHEDULED,180,3.0
2026-06-02T10:15:37Z,5150M25422R2N,5150M,,SCHEDULED,60,1.0
2026-06-02T10:15:37Z,5150M25424R2N,5150M,,SCHEDULED,300,5.0
2026-06-02T10:15:37Z,5150M18093R16,5150M,,SCHEDULED,2400,40.0
2026-06-02T10:15:37Z,5150M77524R4,5150M,,SCHEDULED,60,1.0
2026-06-02T10:15:37Z,5150M77726R4,5150M,,SCHEDULED,120,2.0
2026-06-02T10:15:37Z,6150M32711C1,6150M,,SCHEDULED,180,3.0
2026-06-02T10:15:37Z,6150M32710C1,6150M,,SCHEDULED,60,1.0
2026-06-02T10:15:37Z,4650M71801C1,4650M,,SCHEDULED,660,11.0
2026-06-02T10:15:37Z,4150M84910C2,4150M,,SCHEDULED,4320,72.0
2026-06-02T10:15:37Z,1050M21532C2,1050M,,SCHEDULED,720,12.0
2026-06-02T10:15:37Z,1050M19853C1,1050M,,SCHEDULED,60,1.0
2026-06-02T10:15:37Z,1050M19626C5,1050M,,SCHEDULED,120,2.0
2026-06-02T10:15:37Z,1050M21531C2,1050M,,SCHEDULED,60,1.0
2026-06-02T10:15:37Z,1050M19631C5,1050M,,SCHEDULED,480,8.0
2026-06-02T10:15:37Z,1050M19633C5,1050M,,SCHEDULED,780,13.0
2026-06-02T10:15:37Z,1050M20257C4a,1050M,,SCHEDULED,60,1.0
2026-06-02T10:15:37Z,1050M20463C4b,1050M,,SCHEDULED,900,15.0
2026-06-02T10:15:37Z,1050M21224C10,1050M,,SCHEDULED,240,4.0
2026-06-02T10:15:37Z,1050M20461C4b,1050M,,SCHEDULED,240,4.0
2026-06-02T10:15:37Z,1050M21222C10,1050M,,SCHEDULED,300,5.0
2026-06-02T10:15:37Z,1050M20259C4a,1050M,,SCHEDULED,120,2.0
2026-06-02T10:15:37Z,1050M80685C9,1050M,,SCHEDULED,2400,40.0
2026-06-02T10:15:37Z,1050M21835C7,1050M,,SCHEDULED,360,6.0
2026-06-02T10:15:37Z,1050M21833C7,1050M,,SCHEDULED,300,5.0
2026-06-02T10:15:37Z,1050M20807C5,1050M,,SCHEDULED,1080,18.0
2026-06-02T10:15:37Z,1050M21829C7,1050M,,SCHEDULED,600,10.0
2026-06-02T10:15:37Z,1050M19635C5,1050M,,SCHEDULED,360,6.0
2026-06-02T10:15:37Z,1050M20266C4a,1050M,,SCHEDULED,60,1.0
2026-06-02T10:15:37Z,1050M20264C4a,1050M,,SCHEDULED,120,2.0
2026-06-02T10:15:37Z,1050M21126C10,1050M,,SCHEDULED,240,4.0
2026-06-02T10:15:37Z,1050M21124C10,1050M,,SCHEDULED,480,8.0
2026-06-02T10:15:37Z,1050M21128C10,1050M,,SCHEDULED,180,3.0
2026-06-02T10:15:37Z,1050M20262C4a,1050M,,SCHEDULED,1080,18.0
2026-06-02T10:15:37Z,1050M20798C5,1050M,,SCHEDULED,1080,18.0
2026-06-02T10:15:37Z,1050M20260C4a,1050M,,SCHEDULED,660,11.0
2026-06-02T10:15:37Z,1050M21730C2,1050M,,SCHEDULED,720,12.0
2026-06-02T10:15:37Z,1050M20454C4b,1050M,,SCHEDULED,-60,-1.0
2026-06-02T10:15:37Z,1050M20805C5,1050M,,SCHEDULED,420,7.0
2026-06-02T10:15:37Z,1050M20452C4b,1050M,,SCHEDULED,180,3.0
2026-06-02T10:15:37Z,1050M20804C5,1050M,,SCHEDULED,120,2.0
2026-06-02T10:15:37Z,1050M20450C4b,1050M,,SCHEDULED,180,3.0
2026-06-02T10:15:37Z,1050M20802C5,1050M,,SCHEDULED,120,2.0
2026-06-02T10:15:37Z,1050M21021C8a,1050M,,SCHEDULED,600,10.0
2026-06-02T10:15:37Z,1050M21615C2,1050M,,SCHEDULED,600,10.0
2026-06-02T10:15:37Z,1050M21614C2,1050M,,SCHEDULED,120,2.0
2026-06-02T10:15:37Z,1050M20800C5,1050M,,SCHEDULED,180,3.0
2026-06-02T10:15:37Z,1050M20616C8b,1050M,,SCHEDULED,960,16.0
2026-06-02T10:15:37Z,1050M78042C3,1050M,,SCHEDULED,240,4.0
2026-06-02T10:15:37Z,1050M21824C7,1050M,,SCHEDULED,960,16.0
2026-06-02T10:15:37Z,1050M20614C8b,1050M,,SCHEDULED,2280,38.0
2026-06-02T10:15:37Z,1050M20613C8b,1050M,,SCHEDULED,840,14.0
2026-06-02T10:15:37Z,1050M78041C3,1050M,,SCHEDULED,60,1.0
2026-06-02T10:15:37Z,1050M21822C7,1050M,,SCHEDULED,600,10.0
2026-06-02T10:15:37Z,1050M78043C3,1050M,,SCHEDULED,180,3.0
2026-06-02T10:15:37Z,1050M21020C8a,1050M,,SCHEDULED,60,1.0
2026-06-02T10:15:37Z,1050M19629C5,1050M,,SCHEDULED,720,12.0
2026-06-02T10:15:37Z,1050M19628C5,1050M,,SCHEDULED,180,3.0
2026-06-02T10:15:37Z,1050M19624C5,1050M,,SCHEDULED,720,12.0
2026-06-02T10:20:33Z,3150M23433T1,3150M,,SCHEDULED,60,1.0
2026-06-02T10:20:33Z,3250M23339C1,3250M,,SCHEDULED,60,1.0
2026-06-02T10:20:33Z,4050M24324C6,4050M,,SCHEDULED,-60,-1.0
2026-06-02T10:20:33Z,4050M24325C6,4050M,,SCHEDULED,120,2.0
2026-06-02T10:20:33Z,4050M24035C2,4050M,,SCHEDULED,360,6.0
2026-06-02T10:20:33Z,5150M28430R2N,5150M,,SCHEDULED,60,1.0
2026-06-02T10:20:33Z,5150M78224R2S,5150M,,SCHEDULED,180,3.0
2026-06-02T10:20:33Z,5150M78225R2S,5150M,,SCHEDULED,120,2.0
2026-06-02T10:20:33Z,5150M77524R4,5150M,,SCHEDULED,120,2.0
2026-06-02T10:20:33Z,5150M77728R4,5150M,,SCHEDULED,180,3.0
2026-06-02T10:20:33Z,5150M18124R16,5150M,,SCHEDULED,-240,-4.0
2026-06-02T10:20:33Z,5150M18125R16,5150M,,SCHEDULED,0,0.0
2026-06-02T10:20:33Z,5150M25734R1,5150M,,SCHEDULED,240,4.0
2026-06-02T10:20:33Z,5150M25422R2N,5150M,,SCHEDULED,60,1.0
2026-06-02T10:20:33Z,5150M77223R2S,5150M,,SCHEDULED,780,13.0
2026-06-02T10:20:33Z,5150M25424R2N,5150M,,SCHEDULED,300,5.0
2026-06-02T10:20:33Z,5150M77422R4,5150M,,SCHEDULED,120,2.0
2026-06-02T10:20:33Z,5150M25625R1,5150M,,SCHEDULED,180,3.0
2026-06-02T10:20:33Z,5150M77302R3,5150M,,SCHEDULED,180,3.0
2026-06-02T10:20:33Z,5150M18093R16,5150M,,SCHEDULED,2400,40.0
2026-06-02T10:20:33Z,5150M77227R2S,5150M,,SCHEDULED,60,1.0
2026-06-02T10:20:33Z,5150M77228R2S,5150M,,SCHEDULED,180,3.0
2026-06-02T10:20:33Z,5150M25638R1,5150M,,SCHEDULED,660,11.0
2026-06-02T10:20:33Z,5150M28426R2N,5150M,,SCHEDULED,60,1.0
2026-06-02T10:20:33Z,6150M32712C1,6150M,,SCHEDULED,-60,-1.0
2026-06-02T10:20:33Z,6250M71163C2,6250M,,SCHEDULED,300,5.0
2026-06-02T10:20:33Z,4650M70152C1,4650M,,SCHEDULED,480,8.0
2026-06-02T10:20:33Z,4750M71000C1,4750M,,SCHEDULED,1560,26.0
2026-06-02T10:20:33Z,4150M84910C2,4150M,,SCHEDULED,4620,77.0
2026-06-02T10:20:33Z,1050M21532C2,1050M,,SCHEDULED,960,16.0
2026-06-02T10:20:33Z,1050M21130C10,1050M,,SCHEDULED,-120,-2.0
2026-06-02T10:20:33Z,1050M20257C4a,1050M,,SCHEDULED,180,3.0
2026-06-02T10:20:33Z,1050M21224C10,1050M,,SCHEDULED,180,3.0
2026-06-02T10:20:33Z,1050M21741C2,1050M,,SCHEDULED,60,1.0
2026-06-02T10:20:33Z,1050M21222C10,1050M,,SCHEDULED,1080,18.0
2026-06-02T10:20:33Z,1050M20259C4a,1050M,,SCHEDULED,360,6.0
2026-06-02T10:20:33Z,1050M20807C5,1050M,,SCHEDULED,1020,17.0
2026-06-02T10:20:33Z,1050M20266C4a,1050M,,SCHEDULED,60,1.0
2026-06-02T10:20:33Z,1050M20264C4a,1050M,,SCHEDULED,300,5.0
2026-06-02T10:20:33Z,1050M20262C4a,1050M,,SCHEDULED,1140,19.0
2026-06-02T10:20:33Z,1050M20261C4a,1050M,,SCHEDULED,660,11.0
2026-06-02T10:20:33Z,1050M21327C10,1050M,,SCHEDULED,600,10.0
2026-06-02T10:20:33Z,1050M21730C2,1050M,,SCHEDULED,720,12.0
2026-06-02T10:20:33Z,1050M20805C5,1050M,,SCHEDULED,540,9.0
2026-06-02T10:20:33Z,1050M20804C5,1050M,,SCHEDULED,360,6.0
2026-06-02T10:20:33Z,1050M20802C5,1050M,,SCHEDULED,120,2.0
2026-06-02T10:20:33Z,1050M21614C2,1050M,,SCHEDULED,120,2.0
2026-06-02T10:20:33Z,1050M20800C5,1050M,,SCHEDULED,660,11.0
2026-06-02T10:20:33Z,1050M19631C5,1050M,,SCHEDULED,480,8.0
2026-06-02T10:20:33Z,1050M19633C5,1050M,,SCHEDULED,780,13.0
2026-06-02T10:20:33Z,1050M20463C4b,1050M,,SCHEDULED,1140,19.0
2026-06-02T10:20:33Z,1050M19630C5,1050M,,SCHEDULED,60,1.0
2026-06-02T10:20:33Z,1050M20461C4b,1050M,,SCHEDULED,240,4.0
2026-06-02T10:20:33Z,1050M20454C4b,1050M,,SCHEDULED,120,2.0
2026-06-02T10:20:33Z,1050M21835C7,1050M,,SCHEDULED,540,9.0
2026-06-02T10:20:33Z,1050M20452C4b,1050M,,SCHEDULED,60,1.0
2026-06-02T10:20:33Z,1050M21833C7,1050M,,SCHEDULED,300,5.0
2026-06-02T10:20:33Z,1050M21829C7,1050M,,SCHEDULED,600,10.0
2026-06-02T10:20:33Z,1050M19635C5,1050M,,SCHEDULED,360,6.0
2026-06-02T10:20:33Z,1050M21021C8a,1050M,,SCHEDULED,720,12.0
2026-06-02T10:20:33Z,1050M21126C10,1050M,,SCHEDULED,240,4.0
2026-06-02T10:20:33Z,1050M21124C10,1050M,,SCHEDULED,480,8.0
2026-06-02T10:20:33Z,1050M21128C10,1050M,,SCHEDULED,240,4.0
2026-06-02T10:20:33Z,1050M20616C8b,1050M,,SCHEDULED,1020,17.0
2026-06-02T10:20:33Z,1050M78042C3,1050M,,SCHEDULED,420,7.0
2026-06-02T10:20:33Z,1050M21824C7,1050M,,SCHEDULED,960,16.0
2026-06-02T10:20:33Z,1050M20613C8b,1050M,,SCHEDULED,720,12.0
2026-06-02T10:20:33Z,1050M20459C4b,1050M,,SCHEDULED,60,1.0
2026-06-02T10:20:33Z,1050M21822C7,1050M,,SCHEDULED,720,12.0
2026-06-02T10:20:33Z,1050M78043C3,1050M,,SCHEDULED,540,9.0
2026-06-02T10:20:33Z,1050M21020C8a,1050M,,SCHEDULED,60,1.0
2026-06-02T10:20:33Z,1050M19628C5,1050M,,SCHEDULED,180,3.0
2026-06-02T10:20:33Z,1050M19624C5,1050M,,SCHEDULED,1080,18.0
2026-06-02T10:20:33Z,1050M19626C5,1050M,,SCHEDULED,180,3.0
2026-06-02T10:35:29Z,3150M23433T1,3150M,,SCHEDULED,60,1.0
2026-06-02T10:35:29Z,3150M23434T1,3150M,,SCHEDULED,60,1.0
2026-06-02T10:35:29Z,3250M23341C1,3250M,,SCHEDULED,60,1.0
2026-06-02T10:35:29Z,4050M24037C2,4050M,,SCHEDULED,240,4.0
2026-06-02T10:35:29Z,4050M24038C2,4050M,,SCHEDULED,300,5.0
2026-06-02T10:35:29Z,5150M35509R3,5150M,,SCHEDULED,540,9.0
2026-06-02T10:35:29Z,5150M77530R4,5150M,,SCHEDULED,60,1.0
2026-06-02T10:35:29Z,5150M28428R2N,5150M,,SCHEDULED,660,11.0
2026-06-02T10:35:29Z,5150M77226R2S,5150M,,SCHEDULED,480,8.0
2026-06-02T10:35:29Z,5150M77428R4,5150M,,SCHEDULED,240,4.0
2026-06-02T10:35:29Z,5150M25629R1,5150M,,SCHEDULED,180,3.0
2026-06-02T10:35:29Z,5150M78862R11,5150M,,SCHEDULED,-60,-1.0
2026-06-02T10:35:29Z,5150M25424R2N,5150M,,SCHEDULED,540,9.0
2026-06-02T10:35:29Z,5150M25638R1,5150M,,SCHEDULED,540,9.0
2026-06-02T10:35:29Z,5150M25734R1,5150M,,SCHEDULED,240,4.0
2026-06-02T10:35:29Z,5150M77726R4,5150M,,SCHEDULED,60,1.0
2026-06-02T10:35:29Z,5150M77728R4,5150M,,SCHEDULED,180,3.0
2026-06-02T10:35:29Z,5150M78860R11,5150M,,SCHEDULED,660,11.0
2026-06-02T10:35:29Z,6250M71831C2,6250M,,SCHEDULED,660,11.0
2026-06-02T10:35:29Z,4750M71000C1,4750M,,SCHEDULED,2340,39.0
2026-06-02T10:35:29Z,1050M21130C10,1050M,,SCHEDULED,-120,-2.0
2026-06-02T10:35:29Z,1050M21224C10,1050M,,SCHEDULED,180,3.0
2026-06-02T10:35:29Z,1050M21222C10,1050M,,SCHEDULED,1260,21.0
2026-06-02T10:35:29Z,1050M20811C5,1050M,,SCHEDULED,780,13.0
2026-06-02T10:35:29Z,1050M20259C4a,1050M,,SCHEDULED,300,5.0
2026-06-02T10:35:29Z,1050M19633C5,1050M,,SCHEDULED,900,15.0
2026-06-02T10:35:29Z,1050M20809C5,1050M,,SCHEDULED,1560,26.0
2026-06-02T10:35:29Z,1050M20807C5,1050M,,SCHEDULED,1140,19.0
2026-06-02T10:35:29Z,1050M19630C5,1050M,,SCHEDULED,60,1.0
2026-06-02T10:35:29Z,1050M20461C4b,1050M,,SCHEDULED,360,6.0
2026-06-02T10:35:29Z,1050M20806C5,1050M,,SCHEDULED,300,5.0
2026-06-02T10:35:29Z,1050M20268C4a,1050M,,SCHEDULED,60,1.0
2026-06-02T10:35:29Z,1050M20266C4a,1050M,,SCHEDULED,480,8.0
2026-06-02T10:35:29Z,1050M21837C7,1050M,,SCHEDULED,240,4.0
2026-06-02T10:35:29Z,1050M20262C4a,1050M,,SCHEDULED,1020,17.0
2026-06-02T10:35:29Z,1050M21835C7,1050M,,SCHEDULED,480,8.0
2026-06-02T10:35:29Z,1050M20261C4a,1050M,,SCHEDULED,1020,17.0
2026-06-02T10:35:29Z,1050M21833C7,1050M,,SCHEDULED,420,7.0
2026-06-02T10:35:29Z,1050M21328C10,1050M,,SCHEDULED,840,14.0
2026-06-02T10:35:29Z,1050M21327C10,1050M,,SCHEDULED,420,7.0
2026-06-02T10:35:29Z,1050M21732C2,1050M,,SCHEDULED,360,6.0
2026-06-02T10:35:29Z,1050M19635C5,1050M,,SCHEDULED,720,12.0
2026-06-02T10:35:29Z,1050M19637C5,1050M,,SCHEDULED,360,6.0
2026-06-02T10:35:29Z,1050M21730C2,1050M,,SCHEDULED,900,15.0
2026-06-02T10:35:29Z,1050M21126C10,1050M,,SCHEDULED,1200,20.0
2026-06-02T10:35:29Z,1050M21128C10,1050M,,SCHEDULED,360,6.0
2026-06-02T10:35:29Z,1050M21619C2,1050M,,SCHEDULED,1740,29.0
2026-06-02T10:35:29Z,1050M20804C5,1050M,,SCHEDULED,480,8.0
2026-06-02T10:35:29Z,1050M21534C2,1050M,,SCHEDULED,780,13.0
2026-06-02T10:35:29Z,1050M21533C2,1050M,,SCHEDULED,120,2.0
2026-06-02T10:35:29Z,1050M21531C2,1050M,,SCHEDULED,240,4.0
2026-06-02T10:35:29Z,1050M20456C4b,1050M,,SCHEDULED,-60,-1.0
2026-06-02T10:35:29Z,1050M20802C5,1050M,,SCHEDULED,180,3.0
2026-06-02T10:35:29Z,1050M20454C4b,1050M,,SCHEDULED,120,2.0
2026-06-02T10:35:29Z,1050M21614C2,1050M,,SCHEDULED,120,2.0
2026-06-02T10:35:29Z,1050M20800C5,1050M,,SCHEDULED,1020,17.0
2026-06-02T10:35:29Z,1050M20452C4b,1050M,,SCHEDULED,420,7.0
2026-06-02T10:35:29Z,1050M20450C4b,1050M,,SCHEDULED,300,5.0
2026-06-02T10:35:29Z,1050M21021C8a,1050M,,SCHEDULED,600,10.0
2026-06-02T10:35:29Z,1050M20618C8b,1050M,,SCHEDULED,360,6.0
2026-06-02T10:35:29Z,1050M21826C7,1050M,,SCHEDULED,720,12.0
2026-06-02T10:35:29Z,1050M20615C8b,1050M,,SCHEDULED,900,15.0
2026-06-02T10:35:29Z,1050M78042C3,1050M,,SCHEDULED,360,6.0
2026-06-02T10:35:29Z,1050M21824C7,1050M,,SCHEDULED,900,15.0
2026-06-02T10:35:29Z,1050M78044C3,1050M,,SCHEDULED,540,9.0
2026-06-02T10:35:29Z,1050M78045C3,1050M,,SCHEDULED,60,1.0
2026-06-02T10:35:29Z,1050M21020C8a,1050M,,SCHEDULED,180,3.0
2026-06-02T10:35:29Z,1050M19628C5,1050M,,SCHEDULED,60,1.0
2026-06-02T10:35:29Z,1050M19626C5,1050M,,SCHEDULED,960,16.0
2026-06-02T10:35:29Z,1050M20465C4b,1050M,,SCHEDULED,720,12.0
2026-06-02T10:45:34Z,3150M23433T1,3150M,,SCHEDULED,60,1.0
2026-06-02T10:45:34Z,5150M28432R2N,5150M,,SCHEDULED,60,1.0
2026-06-02T10:45:34Z,5150M28428R2N,5150M,,SCHEDULED,600,10.0
2026-06-02T10:45:34Z,5150M28566R2,5150M,,SCHEDULED,600,10.0
2026-06-02T10:45:34Z,5150M77526R4,5150M,,SCHEDULED,60,1.0
2026-06-02T10:45:34Z,5150M77728R4,5150M,,SCHEDULED,60,1.0
2026-06-02T10:45:34Z,5150M18125R16,5150M,,SCHEDULED,180,3.0
2026-06-02T10:45:34Z,5150M25739R1,5150M,,SCHEDULED,240,4.0
2026-06-02T10:45:34Z,5150M25629R1,5150M,,SCHEDULED,300,5.0
2026-06-02T10:45:34Z,5150M77225R2S,5150M,,SCHEDULED,600,10.0
2026-06-02T10:45:34Z,5150M77226R2S,5150M,,SCHEDULED,360,6.0
2026-06-02T10:45:34Z,5150M77227R2S,5150M,,SCHEDULED,60,1.0
2026-06-02T10:45:34Z,5150M78862R11,5150M,,SCHEDULED,-60,-1.0
2026-06-02T10:45:34Z,5150M77228R2S,5150M,,SCHEDULED,240,4.0
2026-06-02T10:45:34Z,5150M77624R4,5150M,,SCHEDULED,480,8.0
2026-06-02T10:45:34Z,5150M25426R2N,5150M,,SCHEDULED,60,1.0
2026-06-02T10:45:34Z,5150M78644R8,5150M,,SCHEDULED,120,2.0
2026-06-02T10:45:34Z,5150M77229R2S,5150M,,SCHEDULED,60,1.0
2026-06-02T10:45:34Z,5150M33524RL4,5150M,,SCHEDULED,120,2.0
2026-06-02T10:45:34Z,5150M77626R4,5150M,,SCHEDULED,-60,-1.0
2026-06-02T10:45:34Z,5150M25638R1,5150M,,SCHEDULED,480,8.0
2026-06-02T10:45:34Z,5150M77428R4,5150M,,SCHEDULED,420,7.0
2026-06-02T10:45:34Z,6250M71163C2,6250M,,SCHEDULED,240,4.0
2026-06-02T10:45:34Z,1050M20465C4b,1050M,,SCHEDULED,720,12.0
2026-06-02T10:45:34Z,1050M19633C5,1050M,,SCHEDULED,900,15.0
2026-06-02T10:45:34Z,1050M21531C2,1050M,,SCHEDULED,120,2.0
2026-06-02T10:45:34Z,1050M20463C4b,1050M,,SCHEDULED,1380,23.0
2026-06-02T10:45:34Z,1050M19630C5,1050M,,SCHEDULED,120,2.0
2026-06-02T10:45:34Z,1050M20461C4b,1050M,,SCHEDULED,180,3.0
2026-06-02T10:45:34Z,1050M21130C10,1050M,,SCHEDULED,60,1.0
2026-06-02T10:45:34Z,1050M19857C1,1050M,,SCHEDULED,60,1.0
2026-06-02T10:45:34Z,1050M21837C7,1050M,,SCHEDULED,420,7.0
2026-06-02T10:45:34Z,1050M21226C10,1050M,,SCHEDULED,240,4.0
2026-06-02T10:45:34Z,1050M21835C7,1050M,,SCHEDULED,480,8.0
2026-06-02T10:45:34Z,1050M21224C10,1050M,,SCHEDULED,180,3.0
2026-06-02T10:45:34Z,1050M21222C10,1050M,,SCHEDULED,1260,21.0
2026-06-02T10:45:34Z,1050M21833C7,1050M,,SCHEDULED,1440,24.0
2026-06-02T10:45:34Z,1050M20811C5,1050M,,SCHEDULED,720,12.0
2026-06-02T10:45:34Z,1050M19635C5,1050M,,SCHEDULED,720,12.0
2026-06-02T10:45:34Z,1050M19637C5,1050M,,SCHEDULED,660,11.0
2026-06-02T10:45:34Z,1050M21126C10,1050M,,SCHEDULED,1260,21.0
2026-06-02T10:45:34Z,1050M21128C10,1050M,,SCHEDULED,660,11.0
2026-06-02T10:45:34Z,1050M21745C2,1050M,,SCHEDULED,360,6.0
2026-06-02T10:45:34Z,1050M20259C4a,1050M,,SCHEDULED,300,5.0
2026-06-02T10:45:34Z,1050M20809C5,1050M,,SCHEDULED,1560,26.0
2026-06-02T10:45:34Z,1050M21534C2,1050M,,SCHEDULED,960,16.0
2026-06-02T10:45:34Z,1050M20807C5,1050M,,SCHEDULED,1260,21.0
2026-06-02T10:45:34Z,1050M20456C4b,1050M,,SCHEDULED,60,1.0
2026-06-02T10:45:34Z,1050M20806C5,1050M,,SCHEDULED,300,5.0
2026-06-02T10:45:34Z,SPECIAL_10_91072,SPECI,,ADDED,0,0.0
2026-06-02T10:45:34Z,1050M21328C10,1050M,,SCHEDULED,1020,17.0
2026-06-02T10:45:34Z,1050M21732C2,1050M,,SCHEDULED,420,7.0
2026-06-02T10:45:34Z,1050M21730C2,1050M,,SCHEDULED,660,11.0
2026-06-02T10:45:34Z,1050M21619C2,1050M,,SCHEDULED,1740,29.0
2026-06-02T10:45:34Z,1050M20804C5,1050M,,SCHEDULED,420,7.0
2026-06-02T10:45:34Z,1050M20802C5,1050M,,SCHEDULED,960,16.0
2026-06-02T10:45:34Z,1050M21022C8a,1050M,,SCHEDULED,-120,-2.0
2026-06-02T10:45:34Z,1050M21614C2,1050M,,SCHEDULED,120,2.0
2026-06-02T10:45:34Z,1050M20450C4b,1050M,,SCHEDULED,540,9.0
2026-06-02T10:45:34Z,1050M20618C8b,1050M,,SCHEDULED,360,6.0
2026-06-02T10:45:34Z,1050M20268C4a,1050M,,SCHEDULED,120,2.0
2026-06-02T10:45:34Z,1050M20266C4a,1050M,,SCHEDULED,480,8.0
2026-06-02T10:45:34Z,1050M20264C4a,1050M,,SCHEDULED,360,6.0
2026-06-02T10:45:34Z,1050M21826C7,1050M,,SCHEDULED,780,13.0
2026-06-02T10:45:34Z,1050M20616C8b,1050M,,SCHEDULED,900,15.0
2026-06-02T10:45:34Z,1050M20263C4a,1050M,,SCHEDULED,960,16.0
2026-06-02T10:45:34Z,1050M20262C4a,1050M,,SCHEDULED,1440,24.0
2026-06-02T10:45:34Z,1050M21824C7,1050M,,SCHEDULED,1020,17.0
2026-06-02T10:45:34Z,1050M78043C3,1050M,,SCHEDULED,420,7.0
2026-06-02T10:45:34Z,1050M78045C3,1050M,,SCHEDULED,120,2.0
2026-06-02T10:45:34Z,1050M78047C3,1050M,,SCHEDULED,60,1.0
2026-06-02T10:45:34Z,1050M19628C5,1050M,,SCHEDULED,360,6.0
2026-06-02T10:45:34Z,1050M19626C5,1050M,,SCHEDULED,1200,20.0
2026-06-02T10:45:34Z,1050M20467C4b,1050M,,SCHEDULED,-60,-1.0
2026-06-02T10:55:28Z,3150M23433T1,3150M,,SCHEDULED,60,1.0
2026-06-02T10:55:28Z,3250M23343C1,3250M,,SCHEDULED,60,1.0
2026-06-02T10:55:28Z,3250M23338C1,3250M,,SCHEDULED,60,1.0
2026-06-02T10:55:28Z,4050M24038C2,4050M,,SCHEDULED,420,7.0
2026-06-02T10:55:28Z,5150M35509R3,5150M,,SCHEDULED,900,15.0
2026-06-02T10:55:28Z,5150M28430R2N,5150M,,SCHEDULED,120,2.0
2026-06-02T10:55:28Z,5150M25638R1,5150M,,SCHEDULED,480,8.0
2026-06-02T10:55:28Z,5150M78228R2S,5150M,,SCHEDULED,-60,-1.0
2026-06-02T10:55:28Z,5150M25633R1,5150M,,SCHEDULED,120,2.0
2026-06-02T10:55:28Z,5150M35504R3,5150M,,SCHEDULED,60,1.0
2026-06-02T10:55:28Z,5150M78229R2S,5150M,,SCHEDULED,-60,-1.0
2026-06-02T10:55:28Z,5150M77302R3,5150M,,SCHEDULED,60,1.0
2026-06-02T10:55:28Z,5150M18125R16,5150M,,SCHEDULED,180,3.0
2026-06-02T10:55:28Z,5150M77225R2S,5150M,,SCHEDULED,600,10.0
2026-06-02T10:55:28Z,5150M77526R4,5150M,,SCHEDULED,180,3.0
2026-06-02T10:55:28Z,5150M77424R4,5150M,,SCHEDULED,420,7.0
2026-06-02T10:55:28Z,5150M77728R4,5150M,,SCHEDULED,60,1.0
2026-06-02T10:55:28Z,5150M25741R1,5150M,,SCHEDULED,660,11.0
2026-06-02T10:55:28Z,5150M25424R2N,5150M,,SCHEDULED,480,8.0
2026-06-02T10:55:28Z,5150M77228R2S,5150M,,SCHEDULED,360,6.0
2026-06-02T10:55:28Z,5150M77624R4,5150M,,SCHEDULED,240,4.0
2026-06-02T10:55:28Z,5150M25426R2N,5150M,,SCHEDULED,240,4.0
2026-06-02T10:55:28Z,6250M26916C1,6250M,,SCHEDULED,480,8.0
2026-06-02T10:55:28Z,1050M19854C1,1050M,,SCHEDULED,60,1.0
2026-06-02T10:55:28Z,1050M21535C2,1050M,,SCHEDULED,-120,-2.0
2026-06-02T10:55:28Z,1050M21130C10,1050M,,SCHEDULED,60,1.0
2026-06-02T10:55:28Z,1050M19857C1,1050M,,SCHEDULED,120,2.0
2026-06-02T10:55:28Z,1050M20811C5,1050M,,SCHEDULED,720,12.0
2026-06-02T10:55:28Z,1050M21745C2,1050M,,SCHEDULED,300,5.0
2026-06-02T10:55:28Z,1050M20809C5,1050M,,SCHEDULED,1560,26.0
2026-06-02T10:55:28Z,1050M20808C5,1050M,,SCHEDULED,120,2.0
2026-06-02T10:55:28Z,1050M20807C5,1050M,,SCHEDULED,1320,22.0
2026-06-02T10:55:28Z,1050M20806C5,1050M,,SCHEDULED,300,5.0
2026-06-02T10:55:28Z,1050M20268C4a,1050M,,SCHEDULED,120,2.0
2026-06-02T10:55:28Z,1050M20263C4a,1050M,,SCHEDULED,1020,17.0
2026-06-02T10:55:28Z,1050M20262C4a,1050M,,SCHEDULED,1200,20.0
2026-06-02T10:55:28Z,1050M20261C4a,1050M,,SCHEDULED,1260,21.0
2026-06-02T10:55:28Z,SPECIAL_10_91072,SPECI,,ADDED,0,0.0
2026-06-02T10:55:28Z,1050M21732C2,1050M,,SCHEDULED,540,9.0
2026-06-02T10:55:28Z,1050M21330C10,1050M,,SCHEDULED,480,8.0
2026-06-02T10:55:28Z,1050M20804C5,1050M,,SCHEDULED,480,8.0
2026-06-02T10:55:28Z,1050M21617C2,1050M,,SCHEDULED,60,1.0
2026-06-02T10:55:28Z,1050M19633C5,1050M,,SCHEDULED,1020,17.0
2026-06-02T10:55:28Z,1050M20456C4b,1050M,,SCHEDULED,60,1.0
2026-06-02T10:55:28Z,1050M20463C4b,1050M,,SCHEDULED,1500,25.0
2026-06-02T10:55:28Z,1050M20454C4b,1050M,,SCHEDULED,420,7.0
2026-06-02T10:55:28Z,1050M20452C4b,1050M,,SCHEDULED,180,3.0
2026-06-02T10:55:28Z,1050M21023C8a,1050M,,SCHEDULED,420,7.0
2026-06-02T10:55:28Z,1050M21837C7,1050M,,SCHEDULED,180,3.0
2026-06-02T10:55:28Z,1050M21022C8a,1050M,,SCHEDULED,-120,-2.0
2026-06-02T10:55:28Z,1050M20618C8b,1050M,,SCHEDULED,840,14.0
2026-06-02T10:55:28Z,1050M21835C7,1050M,,SCHEDULED,360,6.0
2026-06-02T10:55:28Z,1050M21826C7,1050M,,SCHEDULED,600,10.0
2026-06-02T10:55:28Z,1050M20615C8b,1050M,,SCHEDULED,1080,18.0
2026-06-02T10:55:28Z,1050M19639C5,1050M,,SCHEDULED,300,5.0
2026-06-02T10:55:28Z,1050M21824C7,1050M,,SCHEDULED,960,16.0
2026-06-02T10:55:28Z,1050M20458C4b,1050M,,SCHEDULED,-60,-1.0
2026-06-02T10:55:28Z,1050M78044C3,1050M,,SCHEDULED,780,13.0
2026-06-02T10:55:28Z,1050M19635C5,1050M,,SCHEDULED,840,14.0
2026-06-02T10:55:28Z,1050M78046C3,1050M,,SCHEDULED,300,5.0
2026-06-02T10:55:28Z,1050M78047C3,1050M,,SCHEDULED,60,1.0
2026-06-02T10:55:28Z,1050M19637C5,1050M,,SCHEDULED,720,12.0
2026-06-02T10:55:28Z,1050M21020C8a,1050M,,SCHEDULED,60,1.0
2026-06-02T10:55:28Z,1050M21126C10,1050M,,SCHEDULED,1500,25.0
2026-06-02T10:55:28Z,1050M21128C10,1050M,,SCHEDULED,780,13.0
2026-06-02T10:55:28Z,1050M19628C5,1050M,,SCHEDULED,660,11.0
2026-06-02T10:55:28Z,1050M20270C4a,1050M,,SCHEDULED,60,1.0
2026-06-02T10:55:28Z,1050M21534C2,1050M,,SCHEDULED,1140,19.0
2026-06-02T10:55:28Z,1050M19632C5,1050M,,SCHEDULED,180,3.0
2026-06-02T10:55:28Z,1050M20465C4b,1050M,,SCHEDULED,780,13.0
2026-06-02T11:01:02Z,3150M23433T1,3150M,,SCHEDULED,60,1.0
2026-06-02T11:01:02Z,3150M23218C1,3150M,,SCHEDULED,60,1.0
2026-06-02T11:01:02Z,4050M76230C1,4050M,,SCHEDULED,60,1.0
2026-06-02T11:01:02Z,4050M24037C2,4050M,,SCHEDULED,300,5.0
2026-06-02T11:01:02Z,4050M24038C2,4050M,,SCHEDULED,420,7.0
2026-06-02T11:01:02Z,4050M24039C2,4050M,,SCHEDULED,240,4.0
2026-06-02T11:01:02Z,5150M77428R4,5150M,,SCHEDULED,480,8.0
2026-06-02T11:01:02Z,5150M35509R3,5150M,,SCHEDULED,600,10.0
2026-06-02T11:01:02Z,5150M25642R1,5150M,,SCHEDULED,120,2.0
2026-06-02T11:01:02Z,5150M77530R4,5150M,,SCHEDULED,60,1.0
2026-06-02T11:01:02Z,5150M78228R2S,5150M,,SCHEDULED,60,1.0
2026-06-02T11:01:02Z,5150M25640R1,5150M,,SCHEDULED,300,5.0
2026-06-02T11:01:02Z,5150M28432R2N,5150M,,SCHEDULED,60,1.0
2026-06-02T11:01:02Z,5150M25734R1,5150M,,SCHEDULED,60,1.0
2026-06-02T11:01:02Z,5150M25736R1,5150M,,SCHEDULED,120,2.0
2026-06-02T11:01:02Z,5150M28566R2,5150M,,SCHEDULED,480,8.0
2026-06-02T11:01:02Z,5150M25633R1,5150M,,SCHEDULED,180,3.0
2026-06-02T11:01:02Z,5150M28428R2N,5150M,,SCHEDULED,600,10.0
2026-06-02T11:01:02Z,5150M77228R2S,5150M,,SCHEDULED,300,5.0
2026-06-02T11:01:02Z,5150M77426R4,5150M,,SCHEDULED,120,2.0
2026-06-02T11:01:02Z,5150M77624R4,5150M,,SCHEDULED,180,3.0
2026-06-02T11:01:02Z,5150M77626R4,5150M,,SCHEDULED,60,1.0
2026-06-02T11:01:02Z,5150M25629R1,5150M,,SCHEDULED,480,8.0
2026-06-02T11:01:02Z,5150M25741R1,5150M,,SCHEDULED,600,10.0
2026-06-02T11:01:02Z,5150M25424R2N,5150M,,SCHEDULED,360,6.0
2026-06-02T11:01:02Z,5150M77230R2S,5150M,,SCHEDULED,180,3.0
2026-06-02T11:01:02Z,5150M77232R2S,5150M,,SCHEDULED,60,1.0
2026-06-02T11:01:02Z,5150M33524RL4,5150M,,SCHEDULED,1080,18.0
2026-06-02T11:01:02Z,6150M32713C1,6150M,,SCHEDULED,300,5.0
2026-06-02T11:01:02Z,6250M26921C1,6250M,,SCHEDULED,720,12.0
2026-06-02T11:01:02Z,4650M70053C1,4650M,,SCHEDULED,1560,26.0
2026-06-02T11:01:02Z,4750M71054C1,4750M,,SCHEDULED,2340,39.0
2026-06-02T11:01:02Z,1050M21224C10,1050M,,SCHEDULED,1920,32.0
2026-06-02T11:01:02Z,1050M20813C5,1050M,,SCHEDULED,1140,19.0
2026-06-02T11:01:02Z,1050M20811C5,1050M,,SCHEDULED,780,13.0
2026-06-02T11:01:02Z,1050M20810C5,1050M,,SCHEDULED,240,4.0
2026-06-02T11:01:02Z,1050M21745C2,1050M,,SCHEDULED,360,6.0
2026-06-02T11:01:02Z,1050M80684C9,1050M,,SCHEDULED,1020,17.0
2026-06-02T11:01:02Z,1050M20809C5,1050M,,SCHEDULED,1680,28.0
2026-06-02T11:01:02Z,1050M20808C5,1050M,,SCHEDULED,60,1.0
2026-06-02T11:01:02Z,1050M20806C5,1050M,,SCHEDULED,360,6.0
2026-06-02T11:01:02Z,1050M21132C10,1050M,,SCHEDULED,-60,-1.0
2026-06-02T11:01:02Z,1050M21535C2,1050M,,SCHEDULED,-120,-2.0
2026-06-02T11:01:02Z,1050M21130C10,1050M,,SCHEDULED,120,2.0
2026-06-02T11:01:02Z,1050M19859C1,1050M,,SCHEDULED,60,1.0
2026-06-02T11:01:02Z,1050M21226C10,1050M,,SCHEDULED,720,12.0
2026-06-02T11:01:02Z,SPECIAL_10_91072,SPECI,,ADDED,0,0.0
2026-06-02T11:01:02Z,1050M21328C10,1050M,,SCHEDULED,1080,18.0
2026-06-02T11:01:02Z,1050M21732C2,1050M,,SCHEDULED,660,11.0
2026-06-02T11:01:02Z,1050M21330C10,1050M,,SCHEDULED,480,8.0
2026-06-02T11:01:02Z,1050M21619C2,1050M,,SCHEDULED,1920,32.0
2026-06-02T11:01:02Z,1050M20804C5,1050M,,SCHEDULED,660,11.0
2026-06-02T11:01:02Z,1050M21617C2,1050M,,SCHEDULED,180,3.0
2026-06-02T11:01:02Z,1050M21616C2,1050M,,SCHEDULED,1080,18.0
2026-06-02T11:01:02Z,1050M21734C2,1050M,,SCHEDULED,900,15.0
2026-06-02T11:01:02Z,1050M20261C4a,1050M,,SCHEDULED,1200,20.0
2026-06-02T11:01:02Z,1050M19641C5,1050M,,SCHEDULED,240,4.0
2026-06-02T11:01:02Z,1050M20463C4b,1050M,,SCHEDULED,1500,25.0
2026-06-02T11:01:02Z,1050M19630C5,1050M,,SCHEDULED,240,4.0
2026-06-02T11:01:02Z,1050M21835C7,1050M,,SCHEDULED,540,9.0
2026-06-02T11:01:02Z,1050M19639C5,1050M,,SCHEDULED,660,11.0
2026-06-02T11:01:02Z,1050M19635C5,1050M,,SCHEDULED,840,14.0
2026-06-02T11:01:02Z,1050M19637C5,1050M,,SCHEDULED,720,12.0
2026-06-02T11:01:02Z,1050M21126C10,1050M,,SCHEDULED,1380,23.0
2026-06-02T11:01:02Z,1050M21128C10,1050M,,SCHEDULED,900,15.0
2026-06-02T11:01:02Z,1050M21534C2,1050M,,SCHEDULED,1020,17.0
2026-06-02T11:01:02Z,1050M21533C2,1050M,,SCHEDULED,120,2.0
2026-06-02T11:01:02Z,1050M20456C4b,1050M,,SCHEDULED,60,1.0
2026-06-02T11:01:02Z,1050M20454C4b,1050M,,SCHEDULED,420,7.0
2026-06-02T11:01:02Z,1050M20452C4b,1050M,,SCHEDULED,360,6.0
2026-06-02T11:01:02Z,1050M21023C8a,1050M,,SCHEDULED,600,10.0
2026-06-02T11:01:02Z,1050M21022C8a,1050M,,SCHEDULED,-120,-2.0
2026-06-02T11:01:02Z,1050M21828C7,1050M,,SCHEDULED,2280,38.0
2026-06-02T11:01:02Z,1050M20618C8b,1050M,,SCHEDULED,840,14.0
2026-06-02T11:01:02Z,1050M21826C7,1050M,,SCHEDULED,720,12.0
2026-06-02T11:01:02Z,1050M20615C8b,1050M,,SCHEDULED,1020,17.0
2026-06-02T11:01:02Z,1050M21824C7,1050M,,SCHEDULED,1080,18.0
2026-06-02T11:01:02Z,1050M20458C4b,1050M,,SCHEDULED,60,1.0
2026-06-02T11:01:02Z,1050M78044C3,1050M,,SCHEDULED,960,16.0
2026-06-02T11:01:02Z,1050M78047C3,1050M,,SCHEDULED,60,1.0
2026-06-02T11:01:02Z,1050M21020C8a,1050M,,SCHEDULED,240,4.0
2026-06-02T11:01:02Z,1050M19632C5,1050M,,SCHEDULED,180,3.0
2026-06-02T11:01:02Z,1050M19634C5,1050M,,SCHEDULED,60,1.0
2026-06-02T11:01:02Z,1050M20465C4b,1050M,,SCHEDULED,900,15.0
2026-06-02T11:05:28Z,3150M23218C1,3150M,,SCHEDULED,60,1.0
2026-06-02T11:05:28Z,4050M24037C2,4050M,,SCHEDULED,420,7.0
2026-06-02T11:05:28Z,4050M24039C2,4050M,,SCHEDULED,120,2.0
2026-06-02T11:05:28Z,5150M78228R2S,5150M,,SCHEDULED,60,1.0
2026-06-02T11:05:28Z,5150M25642R1,5150M,,SCHEDULED,240,4.0
2026-06-02T11:05:28Z,5150M28430R2N,5150M,,SCHEDULED,-120,-2.0
2026-06-02T11:05:28Z,5150M25736R1,5150M,,SCHEDULED,120,2.0
2026-06-02T11:05:28Z,5150M28566R2,5150M,,SCHEDULED,420,7.0
2026-06-02T11:05:28Z,5150M77728R4,5150M,,SCHEDULED,60,1.0
2026-06-02T11:05:28Z,5150M77227R2S,5150M,,SCHEDULED,360,6.0
2026-06-02T11:05:28Z,5150M77426R4,5150M,,SCHEDULED,180,3.0
2026-06-02T11:05:28Z,5150M25629R1,5150M,,SCHEDULED,420,7.0
2026-06-02T11:05:28Z,5150M77626R4,5150M,,SCHEDULED,120,2.0
2026-06-02T11:05:28Z,5150M77628R4,5150M,,SCHEDULED,180,3.0
2026-06-02T11:05:28Z,5150M25426R2N,5150M,,SCHEDULED,300,5.0
2026-06-02T11:05:28Z,5150M33524RL4,5150M,,SCHEDULED,720,12.0
2026-06-02T11:05:28Z,6250M26921C1,6250M,,SCHEDULED,720,12.0
2026-06-02T11:05:28Z,6250M71831C2,6250M,,SCHEDULED,600,10.0
2026-06-02T11:05:28Z,4650M70053C1,4650M,,SCHEDULED,1560,26.0
2026-06-02T11:05:28Z,1050M20811C5,1050M,,SCHEDULED,840,14.0
2026-06-02T11:05:28Z,1050M21228C10,1050M,,SCHEDULED,180,3.0
2026-06-02T11:05:28Z,1050M20810C5,1050M,,SCHEDULED,240,4.0
2026-06-02T11:05:28Z,1050M21745C2,1050M,,SCHEDULED,240,4.0
2026-06-02T11:05:28Z,1050M80684C9,1050M,,SCHEDULED,1320,22.0
2026-06-02T11:05:28Z,1050M20809C5,1050M,,SCHEDULED,1680,28.0
2026-06-02T11:05:28Z,1050M20808C5,1050M,,SCHEDULED,60,1.0
2026-06-02T11:05:28Z,1050M20806C5,1050M,,SCHEDULED,300,5.0
2026-06-02T11:05:28Z,1050M21535C2,1050M,,SCHEDULED,-120,-2.0
2026-06-02T11:05:28Z,1050M21130C10,1050M,,SCHEDULED,240,4.0
2026-06-02T11:05:28Z,1050M21226C10,1050M,,SCHEDULED,720,12.0
2026-06-02T11:05:28Z,1050M20463C4b,1050M,,SCHEDULED,1440,24.0
2026-06-02T11:05:28Z,1050M19630C5,1050M,,SCHEDULED,120,2.0
2026-06-02T11:05:28Z,1050M21224C10,1050M,,SCHEDULED,1680,28.0
2026-06-02T11:05:28Z,1050M20813C5,1050M,,SCHEDULED,1080,18.0
2026-06-02T11:05:28Z,SPECIAL_10_91072,SPECI,,ADDED,0,0.0
2026-06-02T11:05:28Z,1050M21328C10,1050M,,SCHEDULED,1500,25.0
2026-06-02T11:05:28Z,1050M21732C2,1050M,,SCHEDULED,540,9.0
2026-06-02T11:05:28Z,1050M21330C10,1050M,,SCHEDULED,960,16.0
2026-06-02T11:05:28Z,1050M21837C7,1050M,,SCHEDULED,240,4.0
2026-06-02T11:05:28Z,1050M20804C5,1050M,,SCHEDULED,600,10.0
2026-06-02T11:05:28Z,1050M21835C7,1050M,,SCHEDULED,300,5.0
2026-06-02T11:05:28Z,1050M20469C4b,1050M,,SCHEDULED,240,4.0
2026-06-02T11:05:28Z,1050M21617C2,1050M,,SCHEDULED,240,4.0
2026-06-02T11:05:28Z,1050M21616C2,1050M,,SCHEDULED,1320,22.0
2026-06-02T11:05:28Z,1050M21734C2,1050M,,SCHEDULED,960,16.0
2026-06-02T11:05:28Z,1050M20266C4a,1050M,,SCHEDULED,420,7.0
2026-06-02T11:05:28Z,1050M19639C5,1050M,,SCHEDULED,960,16.0
2026-06-02T11:05:28Z,1050M19635C5,1050M,,SCHEDULED,780,13.0
2026-06-02T11:05:28Z,1050M19637C5,1050M,,SCHEDULED,660,11.0
2026-06-02T11:05:28Z,1050M21128C10,1050M,,SCHEDULED,1200,20.0
2026-06-02T11:05:28Z,1050M20261C4a,1050M,,SCHEDULED,1140,19.0
2026-06-02T11:05:28Z,1050M20270C4a,1050M,,SCHEDULED,120,2.0
2026-06-02T11:05:28Z,1050M21534C2,1050M,,SCHEDULED,1020,17.0
2026-06-02T11:05:28Z,1050M21132C10,1050M,,SCHEDULED,-60,-1.0
2026-06-02T11:05:28Z,1050M20456C4b,1050M,,SCHEDULED,120,2.0
2026-06-02T11:05:28Z,1050M19641C5,1050M,,SCHEDULED,540,9.0
2026-06-02T11:05:28Z,1050M21828C7,1050M,,SCHEDULED,2580,43.0
2026-06-02T11:05:28Z,1050M20618C8b,1050M,,SCHEDULED,1020,17.0
2026-06-02T11:05:28Z,1050M21826C7,1050M,,SCHEDULED,780,13.0
2026-06-02T11:05:28Z,1050M20615C8b,1050M,,SCHEDULED,1080,18.0
2026-06-02T11:05:28Z,1050M21824C7,1050M,,SCHEDULED,660,11.0
2026-06-02T11:05:28Z,1050M78044C3,1050M,,SCHEDULED,1020,17.0
2026-06-02T11:05:28Z,1050M78047C3,1050M,,SCHEDULED,180,3.0
2026-06-02T11:05:28Z,1050M78049C3,1050M,,SCHEDULED,60,1.0
2026-06-02T11:05:28Z,1050M21020C8a,1050M,,SCHEDULED,300,5.0
2026-06-02T11:05:28Z,1050M19632C5,1050M,,SCHEDULED,120,2.0
2026-06-02T11:05:28Z,1050M19634C5,1050M,,SCHEDULED,120,2.0
2026-06-02T11:05:28Z,1050M20465C4b,1050M,,SCHEDULED,900,15.0
2026-06-02T11:15:37Z,3250M23345C1,3250M,,SCHEDULED,60,1.0
2026-06-02T11:15:37Z,3250M23340C1,3250M,,SCHEDULED,60,1.0
2026-06-02T11:15:37Z,3250M23338C1,3250M,,SCHEDULED,60,1.0
2026-06-02T11:15:37Z,4050M76231C1,4050M,,SCHEDULED,120,2.0
2026-06-02T11:15:37Z,5150M77628R4,5150M,,SCHEDULED,120,2.0
2026-06-02T11:15:37Z,5150M35509R3,5150M,,SCHEDULED,360,6.0
2026-06-02T11:15:37Z,5150M25642R1,5150M,,SCHEDULED,240,4.0
2026-06-02T11:15:37Z,5150M77530R4,5150M,,SCHEDULED,-60,-1.0
2026-06-02T11:15:37Z,5150M77730R4,5150M,,SCHEDULED,60,1.0
2026-06-02T11:15:37Z,5150M28434R2N,5150M,,SCHEDULED,60,1.0
2026-06-02T11:15:37Z,5150M33524RL4,5150M,,SCHEDULED,1260,21.0
2026-06-02T11:15:37Z,5150M78908R11,5150M,,SCHEDULED,3000,50.0
2026-06-02T11:15:37Z,5150M78228R2S,5150M,,SCHEDULED,120,2.0
2026-06-02T11:15:37Z,5150M77422R4,5150M,,SCHEDULED,60,1.0
2026-06-02T11:15:37Z,5150M77227R2S,5150M,,SCHEDULED,480,8.0
2026-06-02T11:15:37Z,5150M77228R2S,5150M,,SCHEDULED,360,6.0
2026-06-02T11:15:37Z,5150M77426R4,5150M,,SCHEDULED,60,1.0
2026-06-02T11:15:37Z,5150M77229R2S,5150M,,SCHEDULED,60,1.0
2026-06-02T11:15:37Z,5150M78864R11,5150M,,SCHEDULED,300,5.0
2026-06-02T11:15:37Z,5150M28568R2,5150M,,SCHEDULED,1140,19.0
2026-06-02T11:15:37Z,5150M25736R1,5150M,,SCHEDULED,180,3.0
2026-06-02T11:15:37Z,5150M77428R4,5150M,,SCHEDULED,420,7.0
2026-06-02T11:15:37Z,5150M25629R1,5150M,,SCHEDULED,420,7.0
2026-06-02T11:15:37Z,5150M25741R1,5150M,,SCHEDULED,540,9.0
2026-06-02T11:15:37Z,5150M25426R2N,5150M,,SCHEDULED,300,5.0
2026-06-02T11:15:37Z,5150M77230R2S,5150M,,SCHEDULED,180,3.0
2026-06-02T11:15:37Z,5150M77231R2S,5150M,,SCHEDULED,60,1.0
2026-06-02T11:15:37Z,5150M28570R2,5150M,,SCHEDULED,60,1.0
2026-06-02T11:15:37Z,6150M32713C1,6150M,,SCHEDULED,180,3.0
2026-06-02T11:15:37Z,6150M32714C1,6150M,,SCHEDULED,180,3.0
2026-06-02T11:15:37Z,6250M71165C2,6250M,,SCHEDULED,420,7.0
2026-06-02T11:15:37Z,1050M21536C2,1050M,,SCHEDULED,180,3.0
2026-06-02T11:15:37Z,1050M21535C2,1050M,,SCHEDULED,60,1.0
2026-06-02T11:15:37Z,1050M21226C10,1050M,,SCHEDULED,720,12.0
2026-06-02T11:15:37Z,1050M21224C10,1050M,,SCHEDULED,1800,30.0
2026-06-02T11:15:37Z,1050M20813C5,1050M,,SCHEDULED,1200,20.0
2026-06-02T11:15:37Z,1050M21747C2,1050M,,SCHEDULED,240,4.0
2026-06-02T11:15:37Z,1050M20811C5,1050M,,SCHEDULED,840,14.0
2026-06-02T11:15:37Z,1050M21228C10,1050M,,SCHEDULED,240,4.0
2026-06-02T11:15:37Z,1050M20810C5,1050M,,SCHEDULED,780,13.0
2026-06-02T11:15:37Z,1050M21745C2,1050M,,SCHEDULED,360,6.0
2026-06-02T11:15:37Z,1050M80684C9,1050M,,SCHEDULED,1920,32.0
2026-06-02T11:15:37Z,1050M20809C5,1050M,,SCHEDULED,1740,29.0
2026-06-02T11:15:37Z,1050M20808C5,1050M,,SCHEDULED,60,1.0
2026-06-02T11:15:37Z,1050M20806C5,1050M,,SCHEDULED,240,4.0
2026-06-02T11:15:37Z,1050M20267C4a,1050M,,SCHEDULED,120,2.0
2026-06-02T11:15:37Z,SPECIAL_10_91072,SPECI,,ADDED,0,0.0
2026-06-02T11:15:37Z,1050M21732C2,1050M,,SCHEDULED,660,11.0
2026-06-02T11:15:37Z,1050M21333C10,1050M,,SCHEDULED,-60,-1.0
2026-06-02T11:15:37Z,1050M21331C10,1050M,,SCHEDULED,120,2.0
2026-06-02T11:15:37Z,1050M21330C10,1050M,,SCHEDULED,900,15.0
2026-06-02T11:15:37Z,1050M21619C2,1050M,,SCHEDULED,120,2.0
2026-06-02T11:15:37Z,1050M21616C2,1050M,,SCHEDULED,1440,24.0
2026-06-02T11:15:37Z,1050M21734C2,1050M,,SCHEDULED,960,16.0
2026-06-02T11:15:37Z,1050M20265C4a,1050M,,SCHEDULED,1320,22.0
2026-06-02T11:15:37Z,1050M20263C4a,1050M,,SCHEDULED,1380,23.0
2026-06-02T11:15:37Z,1050M20261C4a,1050M,,SCHEDULED,1080,18.0
2026-06-02T11:15:37Z,1050M19643C5,1050M,,SCHEDULED,300,5.0
2026-06-02T11:15:37Z,1050M19641C5,1050M,,SCHEDULED,480,8.0
2026-06-02T11:15:37Z,1050M19630C5,1050M,,SCHEDULED,660,11.0
2026-06-02T11:15:37Z,1050M21839C7,1050M,,SCHEDULED,60,1.0
2026-06-02T11:15:37Z,1050M21837C7,1050M,,SCHEDULED,180,3.0
2026-06-02T11:15:37Z,1050M21835C7,1050M,,SCHEDULED,540,9.0
2026-06-02T11:15:37Z,1050M20469C4b,1050M,,SCHEDULED,360,6.0
2026-06-02T11:15:37Z,1050M21833C7,1050M,,SCHEDULED,1860,31.0
2026-06-02T11:15:37Z,1050M19639C5,1050M,,SCHEDULED,900,15.0
2026-06-02T11:15:37Z,1050M19635C5,1050M,,SCHEDULED,840,14.0
2026-06-02T11:15:37Z,1050M19637C5,1050M,,SCHEDULED,720,12.0
2026-06-02T11:15:37Z,1050M20454C4b,1050M,,SCHEDULED,300,5.0
2026-06-02T11:15:37Z,1050M21023C8a,1050M,,SCHEDULED,480,8.0
2026-06-02T11:15:37Z,1050M21128C10,1050M,,SCHEDULED,1320,22.0
2026-06-02T11:15:37Z,1050M20270C4a,1050M,,SCHEDULED,180,3.0
2026-06-02T11:15:37Z,1050M21022C8a,1050M,,SCHEDULED,60,1.0
2026-06-02T11:15:37Z,1050M21534C2,1050M,,SCHEDULED,840,14.0
2026-06-02T11:15:37Z,1050M19861C1,1050M,,SCHEDULED,60,1.0
2026-06-02T11:15:37Z,1050M21132C10,1050M,,SCHEDULED,240,4.0
2026-06-02T11:15:37Z,1050M20618C8b,1050M,,SCHEDULED,1080,18.0
2026-06-02T11:15:37Z,1050M21826C7,1050M,,SCHEDULED,1020,17.0
2026-06-02T11:15:37Z,1050M20615C8b,1050M,,SCHEDULED,900,15.0
2026-06-02T11:15:37Z,1050M20458C4b,1050M,,SCHEDULED,180,3.0
2026-06-02T11:15:37Z,1050M78044C3,1050M,,SCHEDULED,960,16.0
2026-06-02T11:15:37Z,1050M78046C3,1050M,,SCHEDULED,600,10.0
2026-06-02T11:15:37Z,1050M78045C3,1050M,,SCHEDULED,60,1.0
2026-06-02T11:15:37Z,1050M20467C4b,1050M,,SCHEDULED,300,5.0
2026-06-02T11:15:37Z,1050M19632C5,1050M,,SCHEDULED,120,2.0
2026-06-02T11:15:37Z,1050M19634C5,1050M,,SCHEDULED,60,1.0
2026-06-02T11:15:37Z,1050M20465C4b,1050M,,SCHEDULED,840,14.0
2026-06-02T11:15:37Z,1050M20463C4b,1050M,,SCHEDULED,1320,22.0
2026-06-02T11:20:34Z,3250M23345C1,3250M,,SCHEDULED,60,1.0
2026-06-02T11:20:34Z,5150M77232R2S,5150M,,SCHEDULED,180,3.0
2026-06-02T11:20:34Z,5150M28430R2N,5150M,,SCHEDULED,60,1.0
2026-06-02T11:20:34Z,5150M77532R4,5150M,,SCHEDULED,180,3.0
2026-06-02T11:20:34Z,5150M25631R1,5150M,,SCHEDULED,60,1.0
2026-06-02T11:20:34Z,5150M28434R2N,5150M,,SCHEDULED,60,1.0
2026-06-02T11:20:34Z,5150M25633R1,5150M,,SCHEDULED,60,1.0
2026-06-02T11:20:34Z,5150M78228R2S,5150M,,SCHEDULED,180,3.0
2026-06-02T11:20:34Z,5150M78231R2S,5150M,,SCHEDULED,-60,-1.0
2026-06-02T11:20:34Z,5150M25640R1,5150M,,SCHEDULED,120,2.0
2026-06-02T11:20:34Z,5150M28432R2N,5150M,,SCHEDULED,120,2.0
2026-06-02T11:20:34Z,5150M77424R4,5150M,,SCHEDULED,480,8.0
2026-06-02T11:20:34Z,5150M77227R2S,5150M,,SCHEDULED,480,8.0
2026-06-02T11:20:34Z,5150M25629R1,5150M,,SCHEDULED,360,6.0
2026-06-02T11:20:34Z,5150M25741R1,5150M,,SCHEDULED,540,9.0
2026-06-02T11:20:34Z,5150M78864R11,5150M,,SCHEDULED,300,5.0
2026-06-02T11:20:34Z,5150M25426R2N,5150M,,SCHEDULED,300,5.0
2026-06-02T11:20:34Z,5150M77528R4,5150M,,SCHEDULED,120,2.0
2026-06-02T11:20:34Z,5150M25738R1,5150M,,SCHEDULED,120,2.0
2026-06-02T11:20:34Z,5150M18125R16,5150M,,SCHEDULED,180,3.0
2026-06-02T11:20:34Z,5150M77230R2S,5150M,,SCHEDULED,240,4.0
2026-06-02T11:20:34Z,5150M35509R3,5150M,,SCHEDULED,300,5.0
2026-06-02T11:20:34Z,5150M25642R1,5150M,,SCHEDULED,180,3.0
2026-06-02T11:20:34Z,5150M77632R4,5150M,,CANCELED,,
2026-06-02T11:20:34Z,5150M25644R1,5150M,,SCHEDULED,420,7.0
2026-06-02T11:20:34Z,6250M71166C2,6250M,,SCHEDULED,120,2.0
2026-06-02T11:20:34Z,6250M26916C1,6250M,,SCHEDULED,780,13.0
2026-06-02T11:20:34Z,6250M71119C2,6250M,,SCHEDULED,300,5.0
2026-06-02T11:20:34Z,4650M70053C1,4650M,,SCHEDULED,3120,52.0
2026-06-02T11:20:34Z,4650M70153C1,4650M,,SCHEDULED,480,8.0
2026-06-02T11:20:34Z,4650M70052C1,4650M,,SCHEDULED,360,6.0
2026-06-02T11:20:34Z,4750M71054C1,4750M,,SCHEDULED,2340,39.0
2026-06-02T11:20:34Z,1050M21536C2,1050M,,SCHEDULED,300,5.0
2026-06-02T11:20:34Z,1050M21226C10,1050M,,SCHEDULED,780,13.0
2026-06-02T11:20:34Z,1050M21224C10,1050M,,SCHEDULED,1920,32.0
2026-06-02T11:20:34Z,1050M20813C5,1050M,,SCHEDULED,1260,21.0
2026-06-02T11:20:34Z,1050M21747C2,1050M,,SCHEDULED,420,7.0
2026-06-02T11:20:34Z,1050M20811C5,1050M,,SCHEDULED,900,15.0
2026-06-02T11:20:34Z,1050M21228C10,1050M,,SCHEDULED,300,5.0
2026-06-02T11:20:34Z,1050M20810C5,1050M,,SCHEDULED,660,11.0
2026-06-02T11:20:34Z,1050M21745C2,1050M,,SCHEDULED,120,2.0
2026-06-02T11:20:34Z,1050M80684C9,1050M,,SCHEDULED,2220,37.0
2026-06-02T11:20:34Z,1050M20465C4b,1050M,,SCHEDULED,780,13.0
2026-06-02T11:20:34Z,1050M20809C5,1050M,,SCHEDULED,1740,29.0
2026-06-02T11:20:34Z,1050M20463C4b,1050M,,SCHEDULED,1560,26.0
2026-06-02T11:20:34Z,1050M20808C5,1050M,,SCHEDULED,180,3.0
2026-06-02T11:20:34Z,1050M20806C5,1050M,,SCHEDULED,480,8.0
2026-06-02T11:20:34Z,1050M20268C4a,1050M,,SCHEDULED,120,2.0
2026-06-02T11:20:34Z,1050M20267C4a,1050M,,SCHEDULED,360,6.0
2026-06-02T11:20:34Z,1050M20266C4a,1050M,,SCHEDULED,360,6.0
2026-06-02T11:20:34Z,1050M21837C7,1050M,,SCHEDULED,300,5.0
2026-06-02T11:20:34Z,1050M20265C4a,1050M,,SCHEDULED,1320,22.0
2026-06-02T11:20:34Z,SPECIAL_10_91072,SPECI,,ADDED,0,0.0
2026-06-02T11:20:34Z,1050M19647C5,1050M,,SCHEDULED,-60,-1.0
2026-06-02T11:20:34Z,1050M21732C2,1050M,,SCHEDULED,420,7.0
2026-06-02T11:20:34Z,1050M21333C10,1050M,,SCHEDULED,-60,-1.0
2026-06-02T11:20:34Z,1050M21833C7,1050M,,SCHEDULED,1980,33.0
2026-06-02T11:20:34Z,1050M19639C5,1050M,,SCHEDULED,900,15.0
2026-06-02T11:20:34Z,1050M19637C5,1050M,,SCHEDULED,780,13.0
2026-06-02T11:20:34Z,1050M21330C10,1050M,,SCHEDULED,1020,17.0
2026-06-02T11:20:34Z,1050M21128C10,1050M,,SCHEDULED,1560,26.0
2026-06-02T11:20:34Z,1050M21619C2,1050M,,SCHEDULED,120,2.0
2026-06-02T11:20:34Z,1050M20270C4a,1050M,,SCHEDULED,180,3.0
2026-06-02T11:20:34Z,1050M21534C2,1050M,,SCHEDULED,1080,18.0
2026-06-02T11:20:34Z,1050M21616C2,1050M,,SCHEDULED,1380,23.0
2026-06-02T11:20:34Z,1050M21734C2,1050M,,SCHEDULED,1020,17.0
2026-06-02T11:20:34Z,1050M21132C10,1050M,,SCHEDULED,240,4.0
2026-06-02T11:20:34Z,1050M20263C4a,1050M,,SCHEDULED,1260,21.0
2026-06-02T11:20:34Z,1050M20454C4b,1050M,,SCHEDULED,300,5.0
2026-06-02T11:20:34Z,1050M21023C8a,1050M,,SCHEDULED,720,12.0
2026-06-02T11:20:34Z,1050M20261C4a,1050M,,SCHEDULED,1320,22.0
2026-06-02T11:20:34Z,1050M19643C5,1050M,,SCHEDULED,300,5.0
2026-06-02T11:20:34Z,1050M19645C5,1050M,,SCHEDULED,360,6.0
2026-06-02T11:20:34Z,1050M21022C8a,1050M,,SCHEDULED,60,1.0
2026-06-02T11:20:34Z,1050M19641C5,1050M,,SCHEDULED,600,10.0
2026-06-02T11:20:34Z,1050M20618C8b,1050M,,SCHEDULED,1020,17.0
2026-06-02T11:20:34Z,1050M20617C8b,1050M,,SCHEDULED,540,9.0
2026-06-02T11:20:34Z,1050M21826C7,1050M,,SCHEDULED,1020,17.0
2026-06-02T11:20:34Z,1050M20615C8b,1050M,,SCHEDULED,1260,21.0
2026-06-02T11:20:34Z,1050M20458C4b,1050M,,SCHEDULED,60,1.0
2026-06-02T11:20:34Z,1050M78046C3,1050M,,SCHEDULED,600,10.0
2026-06-02T11:20:34Z,1050M20467C4b,1050M,,SCHEDULED,240,4.0
2026-06-02T11:20:34Z,1050M19632C5,1050M,,SCHEDULED,420,7.0
2026-06-02T11:20:34Z,1050M21830C7,1050M,,SCHEDULED,1920,32.0
2026-06-02T11:20:34Z,1050M19634C5,1050M,,SCHEDULED,120,2.0
2026-06-02T11:25:31Z,3150M23221C1,3150M,,SCHEDULED,120,2.0
2026-06-02T11:25:31Z,5150M78228R2S,5150M,,SCHEDULED,60,1.0
2026-06-02T11:25:31Z,5150M77732R4,5150M,,SCHEDULED,180,3.0
2026-06-02T11:25:31Z,5150M28432R2N,5150M,,SCHEDULED,120,2.0
2026-06-02T11:25:31Z,5150M33525RL4,5150M,,SCHEDULED,420,7.0
2026-06-02T11:25:31Z,5150M33524RL4,5150M,,SCHEDULED,240,4.0
2026-06-02T11:25:31Z,5150M25631R1,5150M,,SCHEDULED,120,2.0
2026-06-02T11:25:31Z,5150M78864R11,5150M,,SCHEDULED,360,6.0
2026-06-02T11:25:31Z,5150M28568R2,5150M,,SCHEDULED,1380,23.0
2026-06-02T11:25:31Z,5150M77526R4,5150M,,SCHEDULED,900,15.0
2026-06-02T11:25:31Z,5150M77528R4,5150M,,SCHEDULED,240,4.0
2026-06-02T11:25:31Z,5150M78230R2S,5150M,,SCHEDULED,-60,-1.0
2026-06-02T11:25:31Z,5150M35504R3,5150M,,SCHEDULED,60,1.0
2026-06-02T11:25:31Z,5150M25629R1,5150M,,SCHEDULED,480,8.0
2026-06-02T11:25:31Z,5150M25741R1,5150M,,SCHEDULED,540,9.0
2026-06-02T11:25:31Z,5150M77424R4,5150M,,SCHEDULED,480,8.0
2026-06-02T11:25:31Z,5150M25426R2N,5150M,,SCHEDULED,360,6.0
2026-06-02T11:25:31Z,5150M77231R2S,5150M,,SCHEDULED,60,1.0
2026-06-02T11:25:31Z,5150M25430R2N,5150M,,SCHEDULED,240,4.0
2026-06-02T11:25:31Z,5150M77227R2S,5150M,,SCHEDULED,420,7.0
2026-06-02T11:25:31Z,5150M77432R4,5150M,,SCHEDULED,120,2.0
2026-06-02T11:25:31Z,5150M77426R4,5150M,,SCHEDULED,240,4.0
2026-06-02T11:25:31Z,5150M77632R4,5150M,,CANCELED,,
2026-06-02T11:25:31Z,6150M32714C1,6150M,,SCHEDULED,180,3.0
2026-06-02T11:25:31Z,4750M71054C1,4750M,,SCHEDULED,2340,39.0
2026-06-02T11:25:31Z,4150M84912C2,4150M,,SCHEDULED,3900,65.0
2026-06-02T11:25:31Z,1050M21538C2,1050M,,SCHEDULED,60,1.0
2026-06-02T11:25:31Z,1050M19634C5,1050M,,SCHEDULED,120,2.0
2026-06-02T11:25:31Z,1050M21536C2,1050M,,SCHEDULED,300,5.0
2026-06-02T11:25:31Z,1050M20465C4b,1050M,,SCHEDULED,960,16.0
2026-06-02T11:25:31Z,1050M21535C2,1050M,,SCHEDULED,60,1.0
2026-06-02T11:25:31Z,1050M20463C4b,1050M,,SCHEDULED,1320,22.0
2026-06-02T11:25:31Z,1050M19858C1,1050M,,SCHEDULED,60,1.0
2026-06-02T11:25:31Z,1050M21839C7,1050M,,SCHEDULED,60,1.0
2026-06-02T11:25:31Z,1050M21226C10,1050M,,SCHEDULED,600,10.0
2026-06-02T11:25:31Z,1050M21224C10,1050M,,SCHEDULED,1860,31.0
2026-06-02T11:25:31Z,1050M20813C5,1050M,,SCHEDULED,1320,22.0
2026-06-02T11:25:31Z,1050M21747C2,1050M,,SCHEDULED,420,7.0
2026-06-02T11:25:31Z,1050M21833C7,1050M,,SCHEDULED,1740,29.0
2026-06-02T11:25:31Z,1050M19639C5,1050M,,SCHEDULED,960,16.0
2026-06-02T11:25:31Z,1050M20811C5,1050M,,SCHEDULED,1020,17.0
2026-06-02T11:25:31Z,1050M19636C5,1050M,,SCHEDULED,1140,19.0
2026-06-02T11:25:31Z,1050M19635C5,1050M,,SCHEDULED,1380,23.0
2026-06-02T11:25:31Z,1050M21228C10,1050M,,SCHEDULED,120,2.0
2026-06-02T11:25:31Z,1050M19637C5,1050M,,SCHEDULED,660,11.0
2026-06-02T11:25:31Z,1050M20810C5,1050M,,SCHEDULED,720,12.0
2026-06-02T11:25:31Z,1050M21745C2,1050M,,SCHEDULED,360,6.0
2026-06-02T11:25:31Z,1050M80684C9,1050M,,SCHEDULED,2520,42.0
2026-06-02T11:25:31Z,1050M21128C10,1050M,,SCHEDULED,1680,28.0
2026-06-02T11:25:31Z,1050M20808C5,1050M,,SCHEDULED,60,1.0
2026-06-02T11:25:31Z,1050M20272C4a,1050M,,SCHEDULED,540,9.0
2026-06-02T11:25:31Z,1050M20806C5,1050M,,SCHEDULED,480,8.0
2026-06-02T11:25:31Z,1050M21534C2,1050M,,SCHEDULED,1200,20.0
2026-06-02T11:25:31Z,1050M20268C4a,1050M,,SCHEDULED,60,1.0
2026-06-02T11:25:31Z,1050M20267C4a,1050M,,SCHEDULED,420,7.0
2026-06-02T11:25:31Z,SPECIAL_10_91072,SPECI,,ADDED,0,0.0
2026-06-02T11:25:31Z,1050M19647C5,1050M,,SCHEDULED,-60,-1.0
2026-06-02T11:25:31Z,1050M21132C10,1050M,,SCHEDULED,300,5.0
2026-06-02T11:25:31Z,1050M21333C10,1050M,,SCHEDULED,-60,-1.0
2026-06-02T11:25:31Z,1050M21331C10,1050M,,SCHEDULED,60,1.0
2026-06-02T11:25:31Z,1050M21330C10,1050M,,SCHEDULED,1020,17.0
2026-06-02T11:25:31Z,1050M21023C8a,1050M,,SCHEDULED,900,15.0
2026-06-02T11:25:31Z,1050M21616C2,1050M,,SCHEDULED,1380,23.0
2026-06-02T11:25:31Z,1050M21734C2,1050M,,SCHEDULED,1140,19.0
2026-06-02T11:25:31Z,1050M21022C8a,1050M,,SCHEDULED,120,2.0
2026-06-02T11:25:31Z,1050M19861C1,1050M,,SCHEDULED,60,1.0
2026-06-02T11:25:31Z,1050M20263C4a,1050M,,SCHEDULED,1500,25.0
2026-06-02T11:25:31Z,1050M20618C8b,1050M,,SCHEDULED,1020,17.0
2026-06-02T11:25:31Z,1050M20617C8b,1050M,,SCHEDULED,480,8.0
2026-06-02T11:25:31Z,1050M35985C2,1050M,,SCHEDULED,60,1.0
2026-06-02T11:25:31Z,1050M21826C7,1050M,,SCHEDULED,1080,18.0
2026-06-02T11:25:31Z,1050M19643C5,1050M,,SCHEDULED,420,7.0
2026-06-02T11:25:31Z,1050M19645C5,1050M,,SCHEDULED,240,4.0
2026-06-02T11:25:31Z,1050M20615C8b,1050M,,SCHEDULED,1140,19.0
2026-06-02T11:25:31Z,1050M78046C3,1050M,,SCHEDULED,660,11.0
2026-06-02T11:25:31Z,1050M19641C5,1050M,,SCHEDULED,780,13.0
2026-06-02T11:25:31Z,1050M20471C4b,1050M,,SCHEDULED,180,3.0
2026-06-02T11:25:31Z,1050M20467C4b,1050M,,SCHEDULED,480,8.0
2026-06-02T11:25:31Z,1050M19632C5,1050M,,SCHEDULED,240,4.0
2026-06-02T11:25:31Z,1050M21830C7,1050M,,SCHEDULED,1980,33.0
2026-06-02T11:30:49Z,3150M23221C1,3150M,,SCHEDULED,180,3.0
2026-06-02T11:30:49Z,3250M23345C1,3250M,,SCHEDULED,120,2.0
2026-06-02T11:30:49Z,3250M23342C1,3250M,,SCHEDULED,-60,-1.0
2026-06-02T11:30:49Z,4050M24327C6,4050M,,SCHEDULED,1800,30.0
2026-06-02T11:30:49Z,4050M24329C6,4050M,,SCHEDULED,720,12.0
2026-06-02T11:30:49Z,4050M76619C3,4050M,,SCHEDULED,120,2.0
2026-06-02T11:30:49Z,4050M76232C1,4050M,,SCHEDULED,60,1.0
2026-06-02T11:30:49Z,5150M77532R4,5150M,,SCHEDULED,120,2.0
2026-06-02T11:30:49Z,5150M77232R2S,5150M,,SCHEDULED,180,3.0
2026-06-02T11:30:49Z,5150M28434R2N,5150M,,SCHEDULED,60,1.0
2026-06-02T11:30:49Z,5150M77428R4,5150M,,SCHEDULED,300,5.0
2026-06-02T11:30:49Z,5150M25430R2N,5150M,,SCHEDULED,120,2.0
2026-06-02T11:30:49Z,5150M25642R1,5150M,,SCHEDULED,180,3.0
2026-06-02T11:30:49Z,5150M25629R1,5150M,,SCHEDULED,660,11.0
2026-06-02T11:30:49Z,5150M28568R2,5150M,,SCHEDULED,1320,22.0
2026-06-02T11:30:49Z,5150M25736R1,5150M,,SCHEDULED,60,1.0
2026-06-02T11:30:49Z,5150M77319R3,5150M,,SCHEDULED,360,6.0
2026-06-02T11:30:49Z,5150M25428R2N,5150M,,SCHEDULED,540,9.0
2026-06-02T11:30:49Z,5150M77538R4,5150M,,SCHEDULED,-60,-1.0
2026-06-02T11:30:49Z,5150M25738R1,5150M,,SCHEDULED,120,2.0
2026-06-02T11:30:49Z,5150M77230R2S,5150M,,SCHEDULED,120,2.0
2026-06-02T11:30:49Z,5150M77432R4,5150M,,SCHEDULED,120,2.0
2026-06-02T11:30:49Z,5150M77632R4,5150M,,CANCELED,,
2026-06-02T11:30:49Z,6150M32714C1,6150M,,SCHEDULED,60,1.0
2026-06-02T11:30:49Z,6250M71212C3,6250M,,SCHEDULED,60,1.0
2026-06-02T11:30:49Z,6250M71165C2,6250M,,SCHEDULED,420,7.0
2026-06-02T11:30:49Z,6250M26918C1,6250M,,SCHEDULED,480,8.0
2026-06-02T11:30:49Z,6250M71166C2,6250M,,SCHEDULED,120,2.0
2026-06-02T11:30:49Z,6250M26921C1,6250M,,SCHEDULED,300,5.0
2026-06-02T11:30:49Z,4650M70153C1,4650M,,SCHEDULED,420,7.0
2026-06-02T11:30:49Z,4750M71083C1,4750M,,SCHEDULED,120,2.0
2026-06-02T11:30:49Z,4150M84912C2,4150M,,SCHEDULED,4200,70.0
2026-06-02T11:30:49Z,1050M21228C10,1050M,,SCHEDULED,480,8.0
2026-06-02T11:30:49Z,1050M20810C5,1050M,,SCHEDULED,780,13.0
2026-06-02T11:30:49Z,1050M21745C2,1050M,,SCHEDULED,360,6.0
2026-06-02T11:30:49Z,1050M20808C5,1050M,,SCHEDULED,480,8.0
2026-06-02T11:30:49Z,1050M20806C5,1050M,,SCHEDULED,960,16.0
2026-06-02T11:30:49Z,1050M20265C4a,1050M,,SCHEDULED,1140,19.0
2026-06-02T11:30:49Z,1050M20263C4a,1050M,,SCHEDULED,1500,25.0
2026-06-02T11:30:49Z,1050M20460C4b,1050M,,SCHEDULED,600,10.0
2026-06-02T11:30:49Z,1050M21536C2,1050M,,SCHEDULED,540,9.0
2026-06-02T11:30:49Z,1050M21837C7,1050M,,SCHEDULED,420,7.0
2026-06-02T11:30:49Z,1050M21130C10,1050M,,SCHEDULED,360,6.0
2026-06-02T11:30:49Z,1050M21835C7,1050M,,SCHEDULED,540,9.0
2026-06-02T11:30:49Z,1050M20469C4b,1050M,,SCHEDULED,480,8.0
2026-06-02T11:30:49Z,1050M19639C5,1050M,,SCHEDULED,1020,17.0
2026-06-02T11:30:49Z,1050M19636C5,1050M,,SCHEDULED,1320,22.0
2026-06-02T11:30:49Z,1050M21226C10,1050M,,SCHEDULED,720,12.0
2026-06-02T11:30:49Z,1050M19638C5,1050M,,SCHEDULED,180,3.0
2026-06-02T11:30:49Z,1050M19637C5,1050M,,SCHEDULED,840,14.0
2026-06-02T11:30:49Z,1050M21621C2,1050M,,SCHEDULED,60,1.0
2026-06-02T11:30:49Z,1050M21224C10,1050M,,SCHEDULED,1800,30.0
2026-06-02T11:30:49Z,1050M21128C10,1050M,,SCHEDULED,1560,26.0
2026-06-02T11:30:49Z,1050M20813C5,1050M,,SCHEDULED,1320,22.0
2026-06-02T11:30:49Z,1050M20272C4a,1050M,,SCHEDULED,780,13.0
2026-06-02T11:30:49Z,1050M20812C5,1050M,,SCHEDULED,600,10.0
2026-06-02T11:30:49Z,1050M21534C2,1050M,,SCHEDULED,1260,21.0
2026-06-02T11:30:49Z,1050M21747C2,1050M,,SCHEDULED,300,5.0
2026-06-02T11:30:49Z,1050M20811C5,1050M,,SCHEDULED,1020,17.0
2026-06-02T11:30:49Z,1050M21132C10,1050M,,SCHEDULED,120,2.0
2026-06-02T11:30:49Z,1050M78051C3,1050M,,SCHEDULED,60,1.0
2026-06-02T11:30:49Z,1050M21538C2,1050M,,SCHEDULED,120,2.0
2026-06-02T11:30:49Z,1050M21330C10,1050M,,SCHEDULED,900,15.0
2026-06-02T11:30:49Z,1050M19863C1,1050M,,SCHEDULED,60,1.0
2026-06-02T11:30:49Z,1050M20456C4b,1050M,,SCHEDULED,60,1.0
2026-06-02T11:30:49Z,1050M21619C2,1050M,,SCHEDULED,120,2.0
2026-06-02T11:30:49Z,1050M21023C8a,1050M,,SCHEDULED,720,12.0
2026-06-02T11:30:49Z,1050M21616C2,1050M,,SCHEDULED,1440,24.0
2026-06-02T11:30:49Z,1050M21734C2,1050M,,SCHEDULED,1200,20.0
2026-06-02T11:30:49Z,1050M21828C7,1050M,,SCHEDULED,2460,41.0
2026-06-02T11:30:49Z,1050M21826C7,1050M,,SCHEDULED,1140,19.0
2026-06-02T11:30:49Z,1050M78044C3,1050M,,SCHEDULED,420,7.0
2026-06-02T11:30:49Z,1050M78046C3,1050M,,SCHEDULED,480,8.0
2026-06-02T11:30:49Z,1050M78047C3,1050M,,SCHEDULED,120,2.0
2026-06-02T11:30:49Z,1050M20467C4b,1050M,,SCHEDULED,240,4.0
2026-06-02T11:30:49Z,1050M19632C5,1050M,,SCHEDULED,720,12.0
2026-06-02T11:30:49Z,1050M21830C7,1050M,,SCHEDULED,1860,31.0
2026-06-02T11:30:49Z,1050M20465C4b,1050M,,SCHEDULED,960,16.0
2026-06-02T11:30:49Z,1050M35985C2,1050M,,SCHEDULED,120,2.0
2026-06-02T11:30:49Z,1050M20817C5,1050M,,SCHEDULED,300,5.0
2026-06-02T11:30:49Z,1050M19643C5,1050M,,SCHEDULED,540,9.0
2026-06-02T11:30:49Z,1050M21841C7,1050M,,SCHEDULED,60,1.0
2026-06-02T11:30:49Z,1050M19645C5,1050M,,SCHEDULED,240,4.0
2026-06-02T11:30:49Z,1050M19641C5,1050M,,SCHEDULED,660,11.0
2026-06-02T11:30:49Z,1050M20471C4b,1050M,,SCHEDULED,120,2.0
2026-06-02T11:30:49Z,SPECIAL_10_91072,SPECI,,ADDED,0,0.0
2026-06-02T11:35:30Z,3050M23631C4,3050M,,SCHEDULED,1920,32.0
2026-06-02T11:35:30Z,3050M23013C2,3050M,,SCHEDULED,240,4.0
2026-06-02T11:35:30Z,3050M23539C1,3050M,,SCHEDULED,660,11.0
2026-06-02T11:35:30Z,3050M23534C1,3050M,,SCHEDULED,840,14.0
2026-06-02T11:35:30Z,3150M23221C1,3150M,,SCHEDULED,120,2.0
2026-06-02T11:35:30Z,3250M23347C1,3250M,,SCHEDULED,60,1.0
2026-06-02T11:35:30Z,4050M76231C1,4050M,,SCHEDULED,120,2.0
2026-06-02T11:35:30Z,4050M24039C2,4050M,,SCHEDULED,420,7.0
2026-06-02T11:35:30Z,5150M77732R4,5150M,,SCHEDULED,60,1.0
2026-06-02T11:35:30Z,5150M77534R4,5150M,,SCHEDULED,60,1.0
2026-06-02T11:35:30Z,5150M28432R2N,5150M,,SCHEDULED,-60,-1.0
2026-06-02T11:35:30Z,5150M77229R2S,5150M,,SCHEDULED,360,6.0
2026-06-02T11:35:30Z,5150M77628R4,5150M,,SCHEDULED,60,1.0
2026-06-02T11:35:30Z,5150M25736R1,5150M,,SCHEDULED,60,1.0
2026-06-02T11:35:30Z,5150M77526R4,5150M,,SCHEDULED,960,16.0
2026-06-02T11:35:30Z,5150M77734R4,5150M,,SCHEDULED,60,1.0
2026-06-02T11:35:30Z,5150M25631R1,5150M,,SCHEDULED,240,4.0
2026-06-02T11:35:30Z,5150M25738R1,5150M,,SCHEDULED,60,1.0
2026-06-02T11:35:30Z,5150M15065R17,5150M,,SCHEDULED,360,6.0
2026-06-02T11:35:30Z,5150M25629R1,5150M,,SCHEDULED,420,7.0
2026-06-02T11:35:30Z,5150M35504R3,5150M,,SCHEDULED,-120,-2.0
2026-06-02T11:35:30Z,5150M78862R11,5150M,,SCHEDULED,360,6.0
2026-06-02T11:35:30Z,5150M25745R1,5150M,,SCHEDULED,60,1.0
2026-06-02T11:35:30Z,5150M78908R11,5150M,,SCHEDULED,2880,48.0
2026-06-02T11:35:30Z,5150M77319R3,5150M,,SCHEDULED,180,3.0
2026-06-02T11:35:30Z,5150M77424R4,5150M,,SCHEDULED,480,8.0
2026-06-02T11:35:30Z,5150M77230R2S,5150M,,SCHEDULED,120,2.0
2026-06-02T11:35:30Z,5150M77231R2S,5150M,,SCHEDULED,120,2.0
2026-06-02T11:35:30Z,5150M28570R2,5150M,,SCHEDULED,180,3.0
2026-06-02T11:35:30Z,5150M77432R4,5150M,,SCHEDULED,120,2.0
2026-06-02T11:35:30Z,6250M26918C1,6250M,,SCHEDULED,480,8.0
2026-06-02T11:35:30Z,6250M71118C2,6250M,,SCHEDULED,240,4.0
2026-06-02T11:35:30Z,4650M70053C1,4650M,,SCHEDULED,3120,52.0
2026-06-02T11:35:30Z,4150M84912C2,4150M,,SCHEDULED,4500,75.0
2026-06-02T11:35:30Z,1050M21536C2,1050M,,SCHEDULED,420,7.0
2026-06-02T11:35:30Z,1050M21130C10,1050M,,SCHEDULED,300,5.0
2026-06-02T11:35:30Z,1050M21226C10,1050M,,SCHEDULED,840,14.0
2026-06-02T11:35:30Z,1050M20813C5,1050M,,SCHEDULED,1320,22.0
2026-06-02T11:35:30Z,1050M20812C5,1050M,,SCHEDULED,780,13.0
2026-06-02T11:35:30Z,1050M21747C2,1050M,,SCHEDULED,300,5.0
2026-06-02T11:35:30Z,1050M20811C5,1050M,,SCHEDULED,1440,24.0
2026-06-02T11:35:30Z,1050M21228C10,1050M,,SCHEDULED,420,7.0
2026-06-02T11:35:30Z,1050M20810C5,1050M,,SCHEDULED,720,12.0
2026-06-02T11:35:30Z,1050M20808C5,1050M,,SCHEDULED,420,7.0
2026-06-02T11:35:30Z,1050M20269C4a,1050M,,SCHEDULED,240,4.0
2026-06-02T11:35:30Z,1050M20267C4a,1050M,,SCHEDULED,240,4.0
2026-06-02T11:35:30Z,1050M20265C4a,1050M,,SCHEDULED,1260,21.0
2026-06-02T11:35:30Z,1050M20263C4a,1050M,,SCHEDULED,1440,24.0
2026-06-02T11:35:30Z,1050M35985C2,1050M,,SCHEDULED,120,2.0
2026-06-02T11:35:30Z,1050M21330C10,1050M,,SCHEDULED,1020,17.0
2026-06-02T11:35:30Z,1050M21619C2,1050M,,SCHEDULED,60,1.0
2026-06-02T11:35:30Z,1050M21616C2,1050M,,SCHEDULED,1380,23.0
2026-06-02T11:35:30Z,1050M21734C2,1050M,,SCHEDULED,1200,20.0
2026-06-02T11:35:30Z,1050M20817C5,1050M,,SCHEDULED,120,2.0
2026-06-02T11:35:30Z,1050M19643C5,1050M,,SCHEDULED,420,7.0
2026-06-02T11:35:30Z,1050M19645C5,1050M,,SCHEDULED,300,5.0
2026-06-02T11:35:30Z,1050M19641C5,1050M,,SCHEDULED,660,11.0
2026-06-02T11:35:30Z,SPECIAL_10_91072,SPECI,,ADDED,0,0.0
2026-06-02T11:35:30Z,1050M19647C5,1050M,,SCHEDULED,60,1.0
2026-06-02T11:35:30Z,1050M20460C4b,1050M,,SCHEDULED,540,9.0
2026-06-02T11:35:30Z,1050M21837C7,1050M,,SCHEDULED,480,8.0
2026-06-02T11:35:30Z,1050M21835C7,1050M,,SCHEDULED,600,10.0
2026-06-02T11:35:30Z,1050M21834C7,1050M,,SCHEDULED,-60,-1.0
2026-06-02T11:35:30Z,1050M20469C4b,1050M,,SCHEDULED,300,5.0
2026-06-02T11:35:30Z,1050M19639C5,1050M,,SCHEDULED,960,16.0
2026-06-02T11:35:30Z,1050M19637C5,1050M,,SCHEDULED,1020,17.0
2026-06-02T11:35:30Z,1050M21128C10,1050M,,SCHEDULED,1620,27.0
2026-06-02T11:35:30Z,1050M20272C4a,1050M,,SCHEDULED,840,14.0
2026-06-02T11:35:30Z,1050M20270C4a,1050M,,SCHEDULED,60,1.0
2026-06-02T11:35:30Z,1050M21534C2,1050M,,SCHEDULED,1200,20.0
2026-06-02T11:35:30Z,1050M21132C10,1050M,,SCHEDULED,240,4.0
2026-06-02T11:35:30Z,1050M78051C3,1050M,,SCHEDULED,60,1.0
2026-06-02T11:35:30Z,1050M78050C3,1050M,,SCHEDULED,60,1.0
2026-06-02T11:35:30Z,1050M21023C8a,1050M,,SCHEDULED,660,11.0
2026-06-02T11:35:30Z,1050M21022C8a,1050M,,SCHEDULED,60,1.0
2026-06-02T11:35:30Z,1050M21828C7,1050M,,SCHEDULED,2700,45.0
2026-06-02T11:35:30Z,1050M21826C7,1050M,,SCHEDULED,720,12.0
2026-06-02T11:35:30Z,1050M20458C4b,1050M,,SCHEDULED,120,2.0
2026-06-02T11:35:30Z,1050M78046C3,1050M,,SCHEDULED,600,10.0
2026-06-02T11:35:30Z,1050M78047C3,1050M,,SCHEDULED,60,1.0
2026-06-02T11:35:30Z,1050M20467C4b,1050M,,SCHEDULED,360,6.0
2026-06-02T11:35:30Z,1050M19632C5,1050M,,SCHEDULED,900,15.0
2026-06-02T11:35:30Z,1050M20465C4b,1050M,,SCHEDULED,780,13.0
2026-06-02T11:40:35Z,3050M23631C4,3050M,,SCHEDULED,2220,37.0
2026-06-02T11:40:35Z,3050M23541C1,3050M,,SCHEDULED,480,8.0
2026-06-02T11:40:35Z,3050M23539C1,3050M,,SCHEDULED,600,10.0
2026-06-02T11:40:35Z,3150M23221C1,3150M,,SCHEDULED,120,2.0
2026-06-02T11:40:35Z,3250M23340C1,3250M,,SCHEDULED,60,1.0
2026-06-02T11:40:35Z,3250M23347C1,3250M,,SCHEDULED,60,1.0
2026-06-02T11:40:35Z,3250M23349C1,3250M,,SCHEDULED,60,1.0
2026-06-02T11:40:35Z,4050M76232C1,4050M,,SCHEDULED,-60,-1.0
2026-06-02T11:40:35Z,4050M24043C2,4050M,,SCHEDULED,120,2.0
2026-06-02T11:40:35Z,5150M77424R4,5150M,,SCHEDULED,540,9.0
2026-06-02T11:40:35Z,5150M77232R2S,5150M,,SCHEDULED,240,4.0
2026-06-02T11:40:35Z,5150M77428R4,5150M,,SCHEDULED,240,4.0
2026-06-02T11:40:35Z,5150M25631R1,5150M,,SCHEDULED,180,3.0
2026-06-02T11:40:35Z,5150M78230R2S,5150M,,SCHEDULED,60,1.0
2026-06-02T11:40:35Z,5150M77628R4,5150M,,SCHEDULED,180,3.0
2026-06-02T11:40:35Z,5150M25745R1,5150M,,SCHEDULED,120,2.0
2026-06-02T11:40:35Z,5150M25428R2N,5150M,,SCHEDULED,780,13.0
2026-06-02T11:40:35Z,5150M77230R2S,5150M,,SCHEDULED,60,1.0
2026-06-02T11:40:35Z,5150M77231R2S,5150M,,SCHEDULED,240,4.0
2026-06-02T11:40:35Z,5150M78866R11,5150M,,SCHEDULED,-60,-1.0
2026-06-02T11:40:35Z,5150M77430R4,5150M,,SCHEDULED,540,9.0
2026-06-02T11:40:35Z,5150M77233R2S,5150M,,SCHEDULED,-60,-1.0
2026-06-02T11:40:35Z,5150M35509R3,5150M,,SCHEDULED,300,5.0
2026-06-02T11:40:35Z,5150M28570R2,5150M,,SCHEDULED,120,2.0
2026-06-02T11:40:35Z,5150M77234R2S,5150M,,SCHEDULED,180,3.0
2026-06-02T11:40:35Z,5150M77734R4,5150M,,SCHEDULED,120,2.0
2026-06-02T11:40:35Z,5150M25738R1,5150M,,SCHEDULED,120,2.0
2026-06-02T11:40:35Z,5150M28520R2,5150M,,SCHEDULED,720,12.0
2026-06-02T11:40:35Z,6150M32714C1,6150M,,SCHEDULED,120,2.0
2026-06-02T11:40:35Z,6250M26916C1,6250M,,SCHEDULED,960,16.0
2026-06-02T11:40:35Z,6250M26918C1,6250M,,SCHEDULED,540,9.0
2026-06-02T11:40:35Z,4650M71830C1,4650M,,SCHEDULED,1260,21.0
2026-06-02T11:40:35Z,1050M78050C3,1050M,,SCHEDULED,60,1.0
2026-06-02T11:40:35Z,1050M21536C2,1050M,,SCHEDULED,480,8.0
2026-06-02T11:40:35Z,1050M21226C10,1050M,,SCHEDULED,840,14.0
2026-06-02T11:40:35Z,1050M21740C2,1050M,,SCHEDULED,0,0.0
2026-06-02T11:40:35Z,1050M20813C5,1050M,,SCHEDULED,1380,23.0
2026-06-02T11:40:35Z,1050M20812C5,1050M,,SCHEDULED,780,13.0
2026-06-02T11:40:35Z,1050M21228C10,1050M,,SCHEDULED,480,8.0
2026-06-02T11:40:35Z,1050M20810C5,1050M,,SCHEDULED,900,15.0
2026-06-02T11:40:35Z,1050M20460C4b,1050M,,SCHEDULED,360,6.0
2026-06-02T11:40:35Z,1050M20808C5,1050M,,SCHEDULED,300,5.0
2026-06-02T11:40:35Z,1050M20269C4a,1050M,,SCHEDULED,180,3.0
2026-06-02T11:40:35Z,1050M20267C4a,1050M,,SCHEDULED,240,4.0
2026-06-02T11:40:35Z,1050M20265C4a,1050M,,SCHEDULED,1200,20.0
2026-06-02T11:40:35Z,1050M21835C7,1050M,,SCHEDULED,420,7.0
2026-06-02T11:40:35Z,1050M21834C7,1050M,,SCHEDULED,-60,-1.0
2026-06-02T11:40:35Z,1050M20469C4b,1050M,,SCHEDULED,180,3.0
2026-06-02T11:40:35Z,1050M19639C5,1050M,,SCHEDULED,960,16.0
2026-06-02T11:40:35Z,1050M19636C5,1050M,,SCHEDULED,1860,31.0
2026-06-02T11:40:35Z,1050M19638C5,1050M,,SCHEDULED,120,2.0
2026-06-02T11:40:35Z,1050M20263C4a,1050M,,SCHEDULED,1440,24.0
2026-06-02T11:40:35Z,1050M19637C5,1050M,,SCHEDULED,1140,19.0
2026-06-02T11:40:35Z,1050M35985C2,1050M,,SCHEDULED,240,4.0
2026-06-02T11:40:35Z,1050M21619C2,1050M,,SCHEDULED,180,3.0
2026-06-02T11:40:35Z,1050M21616C2,1050M,,SCHEDULED,1320,22.0
2026-06-02T11:40:35Z,1050M21734C2,1050M,,SCHEDULED,1200,20.0
2026-06-02T11:40:35Z,1050M20817C5,1050M,,SCHEDULED,240,4.0
2026-06-02T11:40:35Z,1050M19643C5,1050M,,SCHEDULED,480,8.0
2026-06-02T11:40:35Z,1050M21841C7,1050M,,SCHEDULED,120,2.0
2026-06-02T11:40:35Z,1050M19645C5,1050M,,SCHEDULED,360,6.0
2026-06-02T11:40:35Z,1050M20272C4a,1050M,,SCHEDULED,960,16.0
2026-06-02T11:40:35Z,1050M20270C4a,1050M,,SCHEDULED,120,2.0
2026-06-02T11:40:35Z,1050M21534C2,1050M,,SCHEDULED,1380,23.0
2026-06-02T11:40:35Z,1050M19641C5,1050M,,SCHEDULED,720,12.0
2026-06-02T11:40:35Z,1050M19640C5,1050M,,SCHEDULED,720,12.0
2026-06-02T11:40:35Z,SPECIAL_10_91072,SPECI,,ADDED,0,0.0
2026-06-02T11:40:35Z,1050M19647C5,1050M,,SCHEDULED,120,2.0
2026-06-02T11:40:35Z,1050M19863C1,1050M,,SCHEDULED,120,2.0
2026-06-02T11:40:35Z,1050M21132C10,1050M,,SCHEDULED,300,5.0
2026-06-02T11:40:35Z,1050M78051C3,1050M,,SCHEDULED,180,3.0
2026-06-02T11:40:35Z,1050M21023C8a,1050M,,SCHEDULED,840,14.0
2026-06-02T11:40:35Z,1050M19860C1,1050M,,SCHEDULED,60,1.0
2026-06-02T11:40:35Z,1050M21828C7,1050M,,SCHEDULED,5160,86.0
2026-06-02T11:40:35Z,1050M20618C8b,1050M,,SCHEDULED,960,16.0
2026-06-02T11:40:35Z,1050M20617C8b,1050M,,SCHEDULED,300,5.0
2026-06-02T11:40:35Z,1050M20467C4b,1050M,,SCHEDULED,420,7.0
2026-06-02T11:40:35Z,1050M19632C5,1050M,,SCHEDULED,1020,17.0
2026-06-02T11:40:35Z,1050M20620C8b,1050M,,SCHEDULED,480,8.0
2026-06-02T11:40:35Z,1050M19634C5,1050M,,SCHEDULED,60,1.0
2026-06-02T11:45:35Z,3050M23631C4,3050M,,SCHEDULED,2220,37.0
2026-06-02T11:45:35Z,3050M23538C1,3050M,,SCHEDULED,240,4.0
2026-06-02T11:45:35Z,4050M76233C1,4050M,,SCHEDULED,60,1.0
2026-06-02T11:45:35Z,5150M77229R2S,5150M,,SCHEDULED,480,8.0
2026-06-02T11:45:35Z,5150M77232R2S,5150M,,SCHEDULED,240,4.0
2026-06-02T11:45:35Z,5150M33524RL4,5150M,,SCHEDULED,1500,25.0
2026-06-02T11:45:35Z,5150M77428R4,5150M,,SCHEDULED,240,4.0
2026-06-02T11:45:35Z,5150M25631R1,5150M,,SCHEDULED,240,4.0
2026-06-02T11:45:35Z,5150M35504R3,5150M,,SCHEDULED,300,5.0
2026-06-02T11:45:35Z,5150M25644R1,5150M,,SCHEDULED,600,10.0
2026-06-02T11:45:35Z,5150M28436R2N,5150M,,SCHEDULED,120,2.0
2026-06-02T11:45:35Z,5150M25745R1,5150M,,SCHEDULED,120,2.0
2026-06-02T11:45:35Z,5150M25646R1,5150M,,SCHEDULED,180,3.0
2026-06-02T11:45:35Z,5150M77530R4,5150M,,SCHEDULED,60,1.0
2026-06-02T11:45:35Z,5150M77319R3,5150M,,SCHEDULED,240,4.0
2026-06-02T11:45:35Z,5150M77231R2S,5150M,,SCHEDULED,240,4.0
2026-06-02T11:45:35Z,5150M28568R2,5150M,,SCHEDULED,1440,24.0
2026-06-02T11:45:35Z,5150M77430R4,5150M,,SCHEDULED,600,10.0
2026-06-02T11:45:35Z,5150M77432R4,5150M,,SCHEDULED,240,4.0
2026-06-02T11:45:35Z,5150M28520R2,5150M,,SCHEDULED,780,13.0
2026-06-02T11:45:35Z,6250M71165C2,6250M,,SCHEDULED,240,4.0
2026-06-02T11:45:35Z,4750M71092C1,4750M,,SCHEDULED,420,7.0
2026-06-02T11:45:35Z,1050M78053C3,1050M,,SCHEDULED,360,6.0
2026-06-02T11:45:35Z,1050M21536C2,1050M,,SCHEDULED,540,9.0
2026-06-02T11:45:35Z,1050M78054C3,1050M,,SCHEDULED,0,0.0
2026-06-02T11:45:35Z,1050M21535C2,1050M,,SCHEDULED,60,1.0
2026-06-02T11:45:35Z,1050M21226C10,1050M,,SCHEDULED,660,11.0
2026-06-02T11:45:35Z,1050M21621C2,1050M,,SCHEDULED,120,2.0
2026-06-02T11:45:35Z,1050M21740C2,1050M,,SCHEDULED,0,0.0
2026-06-02T11:45:35Z,1050M20813C5,1050M,,SCHEDULED,1380,23.0
2026-06-02T11:45:35Z,1050M20812C5,1050M,,SCHEDULED,720,12.0
2026-06-02T11:45:35Z,1050M21747C2,1050M,,SCHEDULED,300,5.0
2026-06-02T11:45:35Z,1050M21228C10,1050M,,SCHEDULED,240,4.0
2026-06-02T11:45:35Z,1050M20810C5,1050M,,SCHEDULED,840,14.0
2026-06-02T11:45:35Z,1050M21623C2,1050M,,SCHEDULED,2280,38.0
2026-06-02T11:45:35Z,1050M20808C5,1050M,,SCHEDULED,720,12.0
2026-06-02T11:45:35Z,1050M20269C4a,1050M,,SCHEDULED,60,1.0
2026-06-02T11:45:35Z,1050M20267C4a,1050M,,SCHEDULED,240,4.0
2026-06-02T11:45:35Z,1050M20265C4a,1050M,,SCHEDULED,1200,20.0
2026-06-02T11:45:35Z,1050M20263C4a,1050M,,SCHEDULED,1620,27.0
2026-06-02T11:45:35Z,1050M20462C4b,1050M,,SCHEDULED,240,4.0
2026-06-02T11:45:35Z,1050M20460C4b,1050M,,SCHEDULED,600,10.0
2026-06-02T11:45:35Z,1050M19647C5,1050M,,SCHEDULED,120,2.0
2026-06-02T11:45:35Z,1050M21839C7,1050M,,SCHEDULED,120,2.0
2026-06-02T11:45:35Z,1050M21333C10,1050M,,SCHEDULED,60,1.0
2026-06-02T11:45:35Z,1050M21332C10,1050M,,SCHEDULED,120,2.0
2026-06-02T11:45:35Z,1050M21616C2,1050M,,SCHEDULED,1380,23.0
2026-06-02T11:45:35Z,1050M21834C7,1050M,,SCHEDULED,-60,-1.0
2026-06-02T11:45:35Z,1050M20469C4b,1050M,,SCHEDULED,240,4.0
2026-06-02T11:45:35Z,1050M21734C2,1050M,,SCHEDULED,1200,20.0
2026-06-02T11:45:35Z,1050M19639C5,1050M,,SCHEDULED,1020,17.0
2026-06-02T11:45:35Z,1050M19636C5,1050M,,SCHEDULED,2040,34.0
2026-06-02T11:45:35Z,1050M20817C5,1050M,,SCHEDULED,240,4.0
2026-06-02T11:45:35Z,1050M19638C5,1050M,,SCHEDULED,180,3.0
2026-06-02T11:45:35Z,1050M19643C5,1050M,,SCHEDULED,420,7.0
2026-06-02T11:45:35Z,1050M19637C5,1050M,,SCHEDULED,1140,19.0
2026-06-02T11:45:35Z,1050M21841C7,1050M,,SCHEDULED,120,2.0
2026-06-02T11:45:35Z,1050M19645C5,1050M,,SCHEDULED,240,4.0
2026-06-02T11:45:35Z,1050M20473C4b,1050M,,SCHEDULED,240,4.0
2026-06-02T11:45:35Z,1050M19641C5,1050M,,SCHEDULED,720,12.0
2026-06-02T11:45:35Z,1050M19640C5,1050M,,SCHEDULED,720,12.0
2026-06-02T11:45:35Z,1050M20471C4b,1050M,,SCHEDULED,240,4.0
2026-06-02T11:45:35Z,SPECIAL_10_91072,SPECI,,ADDED,0,0.0
2026-06-02T11:45:35Z,1050M19865C1,1050M,,SCHEDULED,60,1.0
2026-06-02T11:45:35Z,1050M21025C8a,1050M,,SCHEDULED,180,3.0
2026-06-02T11:45:35Z,1050M20272C4a,1050M,,SCHEDULED,900,15.0
2026-06-02T11:45:35Z,1050M21134C10,1050M,,SCHEDULED,180,3.0
2026-06-02T11:45:35Z,1050M21023C8a,1050M,,SCHEDULED,960,16.0
2026-06-02T11:45:35Z,1050M21132C10,1050M,,SCHEDULED,180,3.0
2026-06-02T11:45:35Z,1050M78051C3,1050M,,SCHEDULED,240,4.0
2026-06-02T11:45:35Z,1050M21828C7,1050M,,SCHEDULED,5460,91.0
2026-06-02T11:45:35Z,1050M20618C8b,1050M,,SCHEDULED,1080,18.0
2026-06-02T11:45:35Z,1050M20617C8b,1050M,,SCHEDULED,360,6.0
2026-06-02T11:45:35Z,1050M78048C3,1050M,,SCHEDULED,120,2.0
2026-06-02T11:45:35Z,1050M20467C4b,1050M,,SCHEDULED,180,3.0
2026-06-02T11:45:35Z,1050M19632C5,1050M,,SCHEDULED,1080,18.0
2026-06-02T11:45:35Z,1050M20620C8b,1050M,,SCHEDULED,720,12.0
2026-06-02T11:45:35Z,1050M19634C5,1050M,,SCHEDULED,180,3.0
2026-06-02T11:50:33Z,3050M23063C2,3050M,,SCHEDULED,60,1.0
2026-06-02T11:50:33Z,3050M23538C1,3050M,,SCHEDULED,180,3.0
2026-06-02T11:50:33Z,3050M23539C1,3050M,,SCHEDULED,720,12.0
2026-06-02T11:50:33Z,3050M23536C1,3050M,,SCHEDULED,-60,-1.0
2026-06-02T11:50:33Z,3250M23347C1,3250M,,SCHEDULED,120,2.0
2026-06-02T11:50:33Z,4050M36441C2,4050M,,SCHEDULED,-120,-2.0
2026-06-02T11:50:33Z,5150M77530R4,5150M,,SCHEDULED,180,3.0
2026-06-02T11:50:33Z,5150M28434R2N,5150M,,SCHEDULED,180,3.0
2026-06-02T11:50:33Z,5150M77232R2S,5150M,,SCHEDULED,300,5.0
2026-06-02T11:50:33Z,5150M78231R2S,5150M,,SCHEDULED,180,3.0
2026-06-02T11:50:33Z,5150M78230R2S,5150M,,SCHEDULED,-120,-2.0
2026-06-02T11:50:33Z,5150M35504R3,5150M,,SCHEDULED,120,2.0
2026-06-02T11:50:33Z,5150M15065R17,5150M,,SCHEDULED,420,7.0
2026-06-02T11:50:33Z,5150M28432R2N,5150M,,SCHEDULED,60,1.0
2026-06-02T11:50:33Z,5150M77538R4,5150M,,SCHEDULED,-60,-1.0
2026-06-02T11:50:33Z,5150M25430R2N,5150M,,SCHEDULED,60,1.0
2026-06-02T11:50:33Z,5150M25428R2N,5150M,,SCHEDULED,900,15.0
2026-06-02T11:50:33Z,5150M77231R2S,5150M,,SCHEDULED,300,5.0
2026-06-02T11:50:33Z,5150M77229R2S,5150M,,SCHEDULED,540,9.0
2026-06-02T11:50:33Z,5150M77430R4,5150M,,SCHEDULED,540,9.0
2026-06-02T11:50:33Z,5150M77234R2S,5150M,,SCHEDULED,300,5.0
2026-06-02T11:50:33Z,5150M77428R4,5150M,,SCHEDULED,180,3.0
2026-06-02T11:50:33Z,5150M77628R4,5150M,,SCHEDULED,-60,-1.0
2026-06-02T11:50:33Z,5150M78866R11,5150M,,SCHEDULED,-60,-1.0
2026-06-02T11:50:33Z,6250M71215C3,6250M,,SCHEDULED,-60,-1.0
2026-06-02T11:50:33Z,4650M71830C1,4650M,,SCHEDULED,1080,18.0
2026-06-02T11:50:33Z,4750M71092C1,4750M,,SCHEDULED,360,6.0
2026-06-02T11:50:33Z,1050M21536C2,1050M,,SCHEDULED,720,12.0
2026-06-02T11:50:33Z,1050M78054C3,1050M,,SCHEDULED,0,0.0
2026-06-02T11:50:33Z,1050M20813C5,1050M,,SCHEDULED,1260,21.0
2026-06-02T11:50:33Z,1050M21836C7,1050M,,SCHEDULED,-120,-2.0
2026-06-02T11:50:33Z,1050M20812C5,1050M,,SCHEDULED,720,12.0
2026-06-02T11:50:33Z,1050M21747C2,1050M,,SCHEDULED,180,3.0
2026-06-02T11:50:33Z,1050M21834C7,1050M,,SCHEDULED,240,4.0
2026-06-02T11:50:33Z,1050M20469C4b,1050M,,SCHEDULED,240,4.0
2026-06-02T11:50:33Z,1050M21228C10,1050M,,SCHEDULED,240,4.0
2026-06-02T11:50:33Z,1050M19639C5,1050M,,SCHEDULED,960,16.0
2026-06-02T11:50:33Z,1050M19636C5,1050M,,SCHEDULED,1860,31.0
2026-06-02T11:50:33Z,1050M20810C5,1050M,,SCHEDULED,900,15.0
2026-06-02T11:50:33Z,1050M21623C2,1050M,,SCHEDULED,2280,38.0
2026-06-02T11:50:33Z,1050M20274C4a,1050M,,SCHEDULED,840,14.0
2026-06-02T11:50:33Z,1050M80689C9,1050M,,SCHEDULED,900,15.0
2026-06-02T11:50:33Z,1050M20808C5,1050M,,SCHEDULED,720,12.0
2026-06-02T11:50:33Z,1050M20267C4a,1050M,,SCHEDULED,120,2.0
2026-06-02T11:50:33Z,1050M20265C4a,1050M,,SCHEDULED,1140,19.0
2026-06-02T11:50:33Z,1050M20272C4a,1050M,,SCHEDULED,900,15.0
2026-06-02T11:50:33Z,1050M21134C10,1050M,,SCHEDULED,60,1.0
2026-06-02T11:50:33Z,1050M20821C5,1050M,,SCHEDULED,660,11.0
2026-06-02T11:50:33Z,1050M78053C3,1050M,,SCHEDULED,540,9.0
2026-06-02T11:50:33Z,1050M21538C2,1050M,,SCHEDULED,240,4.0
2026-06-02T11:50:33Z,1050M78052C3,1050M,,SCHEDULED,180,3.0
2026-06-02T11:50:33Z,1050M20817C5,1050M,,SCHEDULED,180,3.0
2026-06-02T11:50:33Z,1050M19643C5,1050M,,SCHEDULED,420,7.0
2026-06-02T11:50:33Z,1050M21841C7,1050M,,SCHEDULED,180,3.0
2026-06-02T11:50:33Z,1050M19645C5,1050M,,SCHEDULED,240,4.0
2026-06-02T11:50:33Z,1050M19644C5,1050M,,SCHEDULED,420,7.0
2026-06-02T11:50:33Z,1050M21025C8a,1050M,,SCHEDULED,180,3.0
2026-06-02T11:50:33Z,1050M21024C8a,1050M,,SCHEDULED,0,0.0
2026-06-02T11:50:33Z,1050M20473C4b,1050M,,SCHEDULED,240,4.0
2026-06-02T11:50:33Z,1050M19641C5,1050M,,SCHEDULED,780,13.0
2026-06-02T11:50:33Z,1050M19640C5,1050M,,SCHEDULED,1200,20.0
2026-06-02T11:50:33Z,SPECIAL_10_91072,SPECI,,ADDED,0,0.0
2026-06-02T11:50:33Z,1050M21828C7,1050M,,SCHEDULED,5760,96.0
2026-06-02T11:50:33Z,1050M19647C5,1050M,,SCHEDULED,120,2.0
2026-06-02T11:50:33Z,1050M20618C8b,1050M,,SCHEDULED,1200,20.0
2026-06-02T11:50:33Z,1050M19651C5,1050M,,SCHEDULED,480,8.0
2026-06-02T11:50:33Z,1050M20617C8b,1050M,,SCHEDULED,240,4.0
2026-06-02T11:50:33Z,1050M21618C2,1050M,,SCHEDULED,420,7.0
2026-06-02T11:50:33Z,1050M78048C3,1050M,,SCHEDULED,360,6.0
2026-06-02T11:50:33Z,1050M21616C2,1050M,,SCHEDULED,1200,20.0
2026-06-02T11:50:33Z,1050M21734C2,1050M,,SCHEDULED,960,16.0
2026-06-02T11:50:33Z,1050M20620C8b,1050M,,SCHEDULED,600,10.0
2026-06-02T11:50:33Z,1050M21830C7,1050M,,SCHEDULED,2100,35.0
2026-06-02T11:50:33Z,1050M19634C5,1050M,,SCHEDULED,480,8.0
2026-06-02T11:50:33Z,1050M20464C4b,1050M,,SCHEDULED,-60,-1.0
2026-06-02T11:50:33Z,1050M20462C4b,1050M,,SCHEDULED,120,2.0
2026-06-02T11:50:33Z,1050M20460C4b,1050M,,SCHEDULED,600,10.0
2026-06-02T11:50:33Z,1050M21839C7,1050M,,SCHEDULED,180,3.0
