timestamp_utc,trip_id,tren,fecha_tren,estado,retraso_seg,retraso_min
2026-08-16T00:21:02Z,1026D79956C8b,1026D,,SCHEDULED,0,0.0
2026-08-16T00:21:02Z,1026D79954C8b,1026D,,SCHEDULED,-17580,-293.0
2026-08-16T00:21:02Z,1026D79608C10,1026D,,SCHEDULED,-19980,-333.0
2026-08-16T00:21:02Z,1026D79610C10,1026D,,SCHEDULED,-21720,-362.0
2026-08-16T00:25:55Z,1026D79954C8b,1026D,,SCHEDULED,-17280,-288.0
2026-08-16T00:25:55Z,1026D79956C8b,1026D,,SCHEDULED,300,5.0
2026-08-16T00:25:55Z,1026D79608C10,1026D,,SCHEDULED,-19680,-328.0
2026-08-16T00:25:55Z,1026D79610C10,1026D,,SCHEDULED,-21420,-357.0
2026-08-16T00:31:15Z,1026D79954C8b,1026D,,SCHEDULED,-16980,-283.0
2026-08-16T00:31:15Z,1026D79956C8b,1026D,,SCHEDULED,600,10.0
2026-08-16T00:31:15Z,1026D79608C10,1026D,,SCHEDULED,-19380,-323.0
2026-08-16T00:31:15Z,1026D79610C10,1026D,,SCHEDULED,-21120,-352.0
2026-08-16T00:35:54Z,1026D79954C8b,1026D,,SCHEDULED,-16680,-278.0
2026-08-16T00:35:54Z,1026D79956C8b,1026D,,SCHEDULED,900,15.0
2026-08-16T00:35:54Z,1026D79608C10,1026D,,SCHEDULED,-19080,-318.0
2026-08-16T00:35:54Z,1026D79610C10,1026D,,SCHEDULED,-20820,-347.0
2026-08-16T01:05:55Z,6126D35646C1,6126D,,SCHEDULED,0,0.0
2026-08-16T01:11:02Z,6126D35646C1,6126D,,SCHEDULED,0,0.0
2026-08-16T01:16:01Z,6126D35646C1,6126D,,SCHEDULED,60,1.0
2026-08-16T01:21:06Z,1026D79371C7,1026D,,SCHEDULED,-7260,-121.0
2026-08-16T01:21:06Z,1026D27314C4a,1026D,,SCHEDULED,-7140,-119.0
2026-08-16T01:21:06Z,1026D27316C4a,1026D,,SCHEDULED,-74700,-1245.0
2026-08-16T01:21:06Z,1026D27510C4b,1026D,,SCHEDULED,-75300,-1255.0
2026-08-16T01:21:06Z,1026D27512C4b,1026D,,SCHEDULED,-76680,-1278.0
2026-08-16T01:21:06Z,6126D35646C1,6126D,,SCHEDULED,60,1.0
2026-08-16T01:25:55Z,1026D79371C7,1026D,,SCHEDULED,-6960,-116.0
2026-08-16T01:25:55Z,1026D27314C4a,1026D,,SCHEDULED,-6840,-114.0
2026-08-16T01:25:55Z,1026D27316C4a,1026D,,SCHEDULED,-74400,-1240.0
2026-08-16T01:25:55Z,1026D27512C4b,1026D,,SCHEDULED,-76380,-1273.0
2026-08-16T01:25:55Z,1026D27510C4b,1026D,,SCHEDULED,-75000,-1250.0
2026-08-16T01:31:16Z,1026D79371C7,1026D,,SCHEDULED,-6600,-110.0
2026-08-16T01:31:16Z,1026D27316C4a,1026D,,SCHEDULED,-74100,-1235.0
2026-08-16T01:31:16Z,1026D27510C4b,1026D,,SCHEDULED,-74700,-1245.0
2026-08-16T01:31:16Z,1026D27314C4a,1026D,,SCHEDULED,-6480,-108.0
2026-08-16T01:31:16Z,1026D27512C4b,1026D,,SCHEDULED,-76080,-1268.0
2026-08-16T01:31:16Z,6126D35646C1,6126D,,SCHEDULED,-60,-1.0
2026-08-16T01:35:55Z,1026D79371C7,1026D,,SCHEDULED,-6360,-106.0
2026-08-16T01:35:55Z,1026D27314C4a,1026D,,SCHEDULED,-6240,-104.0
2026-08-16T01:35:55Z,1026D27316C4a,1026D,,SCHEDULED,-73800,-1230.0
2026-08-16T01:35:55Z,1026D27512C4b,1026D,,SCHEDULED,-75780,-1263.0
2026-08-16T01:35:55Z,1026D27510C4b,1026D,,SCHEDULED,-74400,-1240.0
2026-08-16T01:35:55Z,6126D86050C1,6126D,,SCHEDULED,0,0.0
2026-08-16T01:35:55Z,6126D35646C1,6126D,,SCHEDULED,60,1.0
2026-08-16T01:41:02Z,6126D86050C1,6126D,,SCHEDULED,0,0.0
2026-08-16T01:41:02Z,6126D35646C1,6126D,,SCHEDULED,0,0.0
2026-08-16T01:46:08Z,6026D26578C3,6026D,,SCHEDULED,0,0.0
2026-08-16T01:46:08Z,6126D86250C1,6126D,,SCHEDULED,0,0.0
2026-08-16T01:46:08Z,6126D35646C1,6126D,,SCHEDULED,-60,-1.0
2026-08-16T01:46:08Z,6126D86050C1,6126D,,SCHEDULED,0,0.0
2026-08-16T01:51:03Z,6026D26578C3,6026D,,SCHEDULED,0,0.0
2026-08-16T01:51:03Z,6126D86250C1,6126D,,SCHEDULED,0,0.0
2026-08-16T01:51:03Z,6126D35646C1,6126D,,SCHEDULED,0,0.0
2026-08-16T01:51:03Z,6126D86050C1,6126D,,SCHEDULED,0,0.0
2026-08-16T01:55:58Z,6026D26578C3,6026D,,SCHEDULED,0,0.0
2026-08-16T01:55:58Z,6126D86250C1,6126D,,SCHEDULED,0,0.0
2026-08-16T01:55:58Z,6126D86050C1,6126D,,SCHEDULED,0,0.0
2026-08-16T01:55:58Z,6126D86350C1,6126D,,SCHEDULED,0,0.0
2026-08-16T02:01:26Z,6026D26578C3,6026D,,SCHEDULED,0,0.0
2026-08-16T02:01:26Z,6126D86250C1,6126D,,SCHEDULED,0,0.0
2026-08-16T02:01:26Z,6126D86050C1,6126D,,SCHEDULED,0,0.0
2026-08-16T02:01:26Z,6126D86350C1,6126D,,SCHEDULED,0,0.0
2026-08-16T02:05:55Z,6026D26578C3,6026D,,SCHEDULED,60,1.0
2026-08-16T02:05:55Z,6126D86350C1,6126D,,SCHEDULED,0,0.0
2026-08-16T02:05:55Z,6126D86250C1,6126D,,SCHEDULED,0,0.0
2026-08-16T02:11:03Z,6026D26578C3,6026D,,SCHEDULED,0,0.0
2026-08-16T02:11:03Z,6126D86350C1,6126D,,SCHEDULED,0,0.0
2026-08-16T02:11:03Z,6126D86250C1,6126D,,SCHEDULED,0,0.0
2026-08-16T02:16:02Z,6026D26578C3,6026D,,SCHEDULED,60,1.0
2026-08-16T02:16:02Z,6126D35650C1,6126D,,SCHEDULED,0,0.0
2026-08-16T02:16:02Z,6126D89680C1,6126D,,SCHEDULED,0,0.0
2026-08-16T02:16:02Z,6126D86350C1,6126D,,SCHEDULED,0,0.0
2026-08-16T02:21:03Z,6026D26578C3,6026D,,SCHEDULED,60,1.0
2026-08-16T02:21:03Z,6126D35650C1,6126D,,SCHEDULED,0,0.0
2026-08-16T02:21:03Z,6126D89680C1,6126D,,SCHEDULED,0,0.0
2026-08-16T02:21:03Z,6126D86350C1,6126D,,SCHEDULED,0,0.0
2026-08-16T02:25:55Z,6026D26578C3,6026D,,SCHEDULED,0,0.0
2026-08-16T02:25:55Z,6126D35650C1,6126D,,SCHEDULED,0,0.0
2026-08-16T02:25:55Z,6126D89680C1,6126D,,SCHEDULED,0,0.0
2026-08-16T02:25:55Z,6126D80716C1,6126D,,SCHEDULED,0,0.0
2026-08-16T02:31:16Z,1026D76352C5,1026D,,SCHEDULED,0,0.0
2026-08-16T02:31:16Z,1026D27203C4a,1026D,,SCHEDULED,0,0.0
2026-08-16T02:31:16Z,5126D25400R2,5126D,,SCHEDULED,0,0.0
2026-08-16T02:31:16Z,6026D26578C3,6026D,,SCHEDULED,0,0.0
2026-08-16T02:31:16Z,6126D35650C1,6126D,,SCHEDULED,0,0.0
2026-08-16T02:31:16Z,6126D89680C1,6126D,,SCHEDULED,0,0.0
2026-08-16T02:31:16Z,6126D80716C1,6126D,,SCHEDULED,0,0.0
2026-08-16T02:35:57Z,1026D27205C4a,1026D,,SCHEDULED,0,0.0
2026-08-16T02:35:57Z,1026D27403C4b,1026D,,SCHEDULED,0,0.0
2026-08-16T02:35:57Z,1026D27203C4a,1026D,,SCHEDULED,0,0.0
2026-08-16T02:35:57Z,1026D76352C5,1026D,,SCHEDULED,0,0.0
2026-08-16T02:35:57Z,5126D25400R2,5126D,,SCHEDULED,0,0.0
2026-08-16T02:35:57Z,5126D77600R4,5126D,,SCHEDULED,0,0.0
2026-08-16T02:35:57Z,6026D26578C3,6026D,,SCHEDULED,120,2.0
2026-08-16T02:35:57Z,6126D35650C1,6126D,,SCHEDULED,0,0.0
2026-08-16T02:35:57Z,6126D80716C1,6126D,,SCHEDULED,0,0.0
2026-08-16T02:35:57Z,6126D86080C1,6126D,,SCHEDULED,0,0.0
2026-08-16T02:41:06Z,1026D27205C4a,1026D,,SCHEDULED,0,0.0
2026-08-16T02:41:06Z,1026D27203C4a,1026D,,SCHEDULED,0,0.0
2026-08-16T02:41:06Z,1026D27403C4b,1026D,,SCHEDULED,0,0.0
2026-08-16T02:41:06Z,1026D76352C5,1026D,,SCHEDULED,0,0.0
2026-08-16T02:41:06Z,5126D25400R2,5126D,,SCHEDULED,0,0.0
2026-08-16T02:41:06Z,5126D77600R4,5126D,,SCHEDULED,0,0.0
2026-08-16T02:41:06Z,6026D26578C3,6026D,,SCHEDULED,60,1.0
2026-08-16T02:41:06Z,6126D86080C1,6126D,,SCHEDULED,0,0.0
2026-08-16T02:41:06Z,6126D80716C1,6126D,,SCHEDULED,0,0.0
2026-08-16T02:41:06Z,6126D35650C1,6126D,,SCHEDULED,0,0.0
2026-08-16T02:41:06Z,6126D81700C1,6126D,,SCHEDULED,0,0.0
2026-08-16T02:46:02Z,1026D76352C5,1026D,,SCHEDULED,0,0.0
2026-08-16T02:46:02Z,1026D76354C5,1026D,,SCHEDULED,0,0.0
2026-08-16T02:46:02Z,1026D27000C3,1026D,,SCHEDULED,0,0.0
2026-08-16T02:46:02Z,1026D27403C4b,1026D,,SCHEDULED,0,0.0
2026-08-16T02:46:02Z,1026D27203C4a,1026D,,SCHEDULED,0,0.0
2026-08-16T02:46:02Z,1026D76675C5,1026D,,SCHEDULED,0,0.0
2026-08-16T02:46:02Z,1026D27205C4a,1026D,,SCHEDULED,0,0.0
2026-08-16T02:46:02Z,5126D77504R4,5126D,,SCHEDULED,0,0.0
2026-08-16T02:46:02Z,5126D28557R2N,5126D,,SCHEDULED,0,0.0
2026-08-16T02:46:02Z,5126D77600R4,5126D,,SCHEDULED,0,0.0
2026-08-16T02:46:02Z,5126D28400R2N,5126D,,SCHEDULED,0,0.0
2026-08-16T02:46:02Z,6026D26578C3,6026D,,SCHEDULED,60,1.0
2026-08-16T02:46:02Z,6026D26500C3,6026D,,SCHEDULED,0,0.0
2026-08-16T02:46:02Z,6126D35650C1,6126D,,SCHEDULED,-60,-1.0
2026-08-16T02:46:02Z,6126D86180C1,6126D,,SCHEDULED,0,0.0
2026-08-16T02:46:02Z,6126D86080C1,6126D,,SCHEDULED,0,0.0
2026-08-16T02:46:02Z,6126D81700C1,6126D,,SCHEDULED,0,0.0
2026-08-16T02:46:02Z,6126D32769C1,6126D,,SCHEDULED,0,0.0
2026-08-16T02:51:04Z,2026D22101C1,2026D,,SCHEDULED,0,0.0
2026-08-16T02:51:04Z,1026D76675C5,1026D,,SCHEDULED,0,0.0
2026-08-16T02:51:04Z,1026D19799C1,1026D,,SCHEDULED,0,0.0
2026-08-16T02:51:04Z,1026D76354C5,1026D,,SCHEDULED,0,0.0
2026-08-16T02:51:04Z,1026D27403C4b,1026D,,SCHEDULED,0,0.0
2026-08-16T02:51:04Z,1026D76266C5,1026D,,SCHEDULED,0,0.0
2026-08-16T02:51:04Z,1026D27203C4a,1026D,,SCHEDULED,0,0.0
2026-08-16T02:51:04Z,1026D27405C4b,1026D,,SCHEDULED,0,0.0
2026-08-16T02:51:04Z,1026D27000C3,1026D,,SCHEDULED,0,0.0
2026-08-16T02:51:04Z,1026D27205C4a,1026D,,SCHEDULED,0,0.0
2026-08-16T02:51:04Z,1026D76352C5,1026D,,SCHEDULED,0,0.0
2026-08-16T02:51:04Z,5126D25400R2,5126D,,SCHEDULED,180,3.0
2026-08-16T02:51:04Z,5126D28400R2N,5126D,,SCHEDULED,0,0.0
2026-08-16T02:51:04Z,5126D77504R4,5126D,,SCHEDULED,0,0.0
2026-08-16T02:51:04Z,5126D28557R2N,5126D,,SCHEDULED,0,0.0
2026-08-16T02:51:04Z,5126D77600R4,5126D,,SCHEDULED,120,2.0
2026-08-16T02:51:04Z,5126D25702R1,5126D,,SCHEDULED,0,0.0
2026-08-16T02:51:04Z,6026D26501C3,6026D,,SCHEDULED,0,0.0
2026-08-16T02:51:04Z,6026D26578C3,6026D,,SCHEDULED,180,3.0
2026-08-16T02:51:04Z,6026D26500C3,6026D,,SCHEDULED,0,0.0
2026-08-16T02:51:04Z,6126D35650C1,6126D,,SCHEDULED,60,1.0
2026-08-16T02:51:04Z,6126D86180C1,6126D,,SCHEDULED,0,0.0
2026-08-16T02:51:04Z,6126D32769C1,6126D,,SCHEDULED,0,0.0
2026-08-16T02:51:04Z,6126D81700C1,6126D,,SCHEDULED,0,0.0
2026-08-16T02:51:04Z,6126D86080C1,6126D,,SCHEDULED,0,0.0
2026-08-16T02:55:55Z,2026D22101C1,2026D,,SCHEDULED,0,0.0
2026-08-16T02:55:55Z,1026D76352C5,1026D,,SCHEDULED,0,0.0
2026-08-16T02:55:55Z,1026D27203C4a,1026D,,SCHEDULED,0,0.0
2026-08-16T02:55:55Z,1026D76354C5,1026D,,SCHEDULED,0,0.0
2026-08-16T02:55:55Z,1026D27405C4b,1026D,,SCHEDULED,0,0.0
2026-08-16T02:55:55Z,1026D27000C3,1026D,,SCHEDULED,0,0.0
2026-08-16T02:55:55Z,1026D19799C1,1026D,,SCHEDULED,0,0.0
2026-08-16T02:55:55Z,1026D76266C5,1026D,,SCHEDULED,0,0.0
2026-08-16T02:55:55Z,1026D27403C4b,1026D,,SCHEDULED,0,0.0
2026-08-16T02:55:55Z,1026D27205C4a,1026D,,SCHEDULED,180,3.0
2026-08-16T02:55:55Z,1026D27001C3,1026D,,SCHEDULED,0,0.0
2026-08-16T02:55:55Z,1026D76677C5,1026D,,SCHEDULED,0,0.0
2026-08-16T02:55:55Z,1026D76356C5,1026D,,SCHEDULED,0,0.0
2026-08-16T02:55:55Z,1026D76675C5,1026D,,SCHEDULED,60,1.0
2026-08-16T02:55:55Z,5126D77600R4,5126D,,SCHEDULED,60,1.0
2026-08-16T02:55:55Z,5126D25400R2,5126D,,SCHEDULED,300,5.0
2026-08-16T02:55:55Z,5126D77504R4,5126D,,SCHEDULED,0,0.0
2026-08-16T02:55:55Z,5126D28557R2N,5126D,,SCHEDULED,-360,-6.0
2026-08-16T02:55:55Z,5126D28400R2N,5126D,,SCHEDULED,0,0.0
2026-08-16T02:55:55Z,5126D25702R1,5126D,,SCHEDULED,0,0.0
2026-08-16T02:55:55Z,6026D26578C3,6026D,,SCHEDULED,180,3.0
2026-08-16T02:55:55Z,6026D29606C1,6026D,,SCHEDULED,0,0.0
2026-08-16T02:55:55Z,6026D26501C3,6026D,,SCHEDULED,0,0.0
2026-08-16T02:55:55Z,6026D26500C3,6026D,,SCHEDULED,0,0.0
2026-08-16T02:55:55Z,6126D86180C1,6126D,,SCHEDULED,0,0.0
2026-08-16T02:55:55Z,6126D35650C1,6126D,,SCHEDULED,0,0.0
2026-08-16T02:55:55Z,6126D86080C1,6126D,,SCHEDULED,0,0.0
2026-08-16T02:55:55Z,6126D86280C1,6126D,,SCHEDULED,0,0.0
2026-08-16T02:55:55Z,6126D81700C1,6126D,,SCHEDULED,0,0.0
2026-08-16T02:55:55Z,6126D32769C1,6126D,,SCHEDULED,0,0.0
2026-08-16T03:01:27Z,3226D35501C1,3226D,,SCHEDULED,0,0.0
2026-08-16T03:01:27Z,5126D28400R2N,5126D,,SCHEDULED,120,2.0
2026-08-16T03:01:27Z,5126D25400R2,5126D,,SCHEDULED,120,2.0
2026-08-16T03:01:27Z,5126D77504R4,5126D,,SCHEDULED,60,1.0
2026-08-16T03:01:27Z,5126D28250R2S,5126D,,SCHEDULED,0,0.0
2026-08-16T03:01:27Z,6026D26501C3,6026D,,SCHEDULED,-120,-2.0
2026-08-16T03:01:27Z,6026D29606C1,6026D,,SCHEDULED,0,0.0
2026-08-16T03:01:27Z,6026D26500C3,6026D,,SCHEDULED,0,0.0
2026-08-16T03:01:27Z,6126D86180C1,6126D,,SCHEDULED,0,0.0
2026-08-16T03:01:27Z,6126D86080C1,6126D,,SCHEDULED,0,0.0
2026-08-16T03:01:27Z,6126D32769C1,6126D,,SCHEDULED,0,0.0
2026-08-16T03:01:27Z,6126D35650C1,6126D,,SCHEDULED,60,1.0
2026-08-16T03:01:27Z,6126D86280C1,6126D,,SCHEDULED,0,0.0
2026-08-16T03:01:27Z,2026D22101C1,2026D,,SCHEDULED,0,0.0
2026-08-16T03:01:27Z,1026D79205C7,1026D,,SCHEDULED,0,0.0
2026-08-16T03:01:27Z,1026D27202C4,1026D,,SCHEDULED,0,0.0
2026-08-16T03:01:27Z,1026D76202C5,1026D,,SCHEDULED,0,0.0
2026-08-16T03:01:27Z,1026D79402C2,1026D,,SCHEDULED,0,0.0
2026-08-16T03:01:27Z,1026D27001C3,1026D,,SCHEDULED,0,0.0
2026-08-16T03:01:27Z,1026D76358C5,1026D,,SCHEDULED,0,0.0
2026-08-16T03:01:27Z,1026D76677C5,1026D,,SCHEDULED,0,0.0
2026-08-16T03:01:27Z,1026D76356C5,1026D,,SCHEDULED,0,0.0
2026-08-16T03:01:27Z,1026D76675C5,1026D,,SCHEDULED,420,7.0
2026-08-16T03:01:27Z,1026D27405C4b,1026D,,SCHEDULED,0,0.0
2026-08-16T03:01:27Z,1026D27000C3,1026D,,SCHEDULED,0,0.0
2026-08-16T03:01:27Z,1026D76352C5,1026D,,SCHEDULED,240,4.0
2026-08-16T03:01:27Z,1026D76354C5,1026D,,SCHEDULED,0,0.0
2026-08-16T03:01:27Z,1026D19799C1,1026D,,SCHEDULED,0,0.0
2026-08-16T03:01:27Z,1026D27403C4b,1026D,,SCHEDULED,0,0.0
2026-08-16T03:01:27Z,1026D27205C4a,1026D,,SCHEDULED,480,8.0
2026-08-16T03:01:27Z,1026D27203C4a,1026D,,SCHEDULED,0,0.0
2026-08-16T03:05:55Z,3026D23501C1,3026D,,SCHEDULED,0,0.0
2026-08-16T03:05:55Z,3226D35501C1,3226D,,SCHEDULED,0,0.0
2026-08-16T03:05:55Z,5126D28400R2N,5126D,,SCHEDULED,60,1.0
2026-08-16T03:05:55Z,5126D77600R4,5126D,,SCHEDULED,0,0.0
2026-08-16T03:05:55Z,5126D77504R4,5126D,,SCHEDULED,-60,-1.0
2026-08-16T03:05:55Z,5126D28250R2S,5126D,,SCHEDULED,0,0.0
2026-08-16T03:05:55Z,5126D28557R2N,5126D,,SCHEDULED,300,5.0
2026-08-16T03:05:55Z,5126D25702R1,5126D,,SCHEDULED,120,2.0
2026-08-16T03:05:55Z,5126D25400R2,5126D,,SCHEDULED,120,2.0
2026-08-16T03:05:55Z,6026D26502C3,6026D,,SCHEDULED,0,0.0
2026-08-16T03:05:55Z,6026D29606C1,6026D,,SCHEDULED,0,0.0
2026-08-16T03:05:55Z,6026D26500C3,6026D,,SCHEDULED,60,1.0
2026-08-16T03:05:55Z,6026D29609C1,6026D,,SCHEDULED,0,0.0
2026-08-16T03:05:55Z,6126D86180C1,6126D,,SCHEDULED,0,0.0
2026-08-16T03:05:55Z,6126D32769C1,6126D,,SCHEDULED,240,4.0
2026-08-16T03:05:55Z,6126D35650C1,6126D,,SCHEDULED,120,2.0
2026-08-16T03:05:55Z,6126D86280C1,6126D,,SCHEDULED,0,0.0
2026-08-16T03:05:55Z,2026D22101C1,2026D,,SCHEDULED,0,0.0
2026-08-16T03:05:55Z,1026D79205C7,1026D,,SCHEDULED,0,0.0
2026-08-16T03:05:55Z,1026D27202C4,1026D,,SCHEDULED,0,0.0
2026-08-16T03:05:55Z,1026D76202C5,1026D,,SCHEDULED,0,0.0
2026-08-16T03:05:55Z,1026D79402C2,1026D,,SCHEDULED,0,0.0
2026-08-16T03:05:55Z,1026D76356C5,1026D,,SCHEDULED,0,0.0
2026-08-16T03:05:55Z,1026D76677C5,1026D,,SCHEDULED,0,0.0
2026-08-16T03:05:55Z,1026D79505C2,1026D,,SCHEDULED,0,0.0
2026-08-16T03:05:55Z,1026D76679C5,1026D,,SCHEDULED,0,0.0
2026-08-16T03:05:55Z,1026D76675C5,1026D,,SCHEDULED,660,11.0
2026-08-16T03:05:55Z,1026D27001C3,1026D,,SCHEDULED,0,0.0
2026-08-16T03:05:55Z,1026D76358C5,1026D,,SCHEDULED,0,0.0
2026-08-16T03:05:55Z,1026D27203C4a,1026D,,SCHEDULED,0,0.0
2026-08-16T03:05:55Z,1026D27405C4b,1026D,,SCHEDULED,0,0.0
2026-08-16T03:05:55Z,1026D27000C3,1026D,,SCHEDULED,0,0.0
2026-08-16T03:05:55Z,1026D76352C5,1026D,,SCHEDULED,0,0.0
2026-08-16T03:05:55Z,1026D76672C5,1026D,,SCHEDULED,0,0.0
2026-08-16T03:05:55Z,1026D76354C5,1026D,,SCHEDULED,0,0.0
2026-08-16T03:05:55Z,1026D27409C4b,1026D,,SCHEDULED,0,0.0
2026-08-16T03:05:55Z,1026D19799C1,1026D,,SCHEDULED,0,0.0
2026-08-16T03:05:55Z,1026D27403C4b,1026D,,SCHEDULED,120,2.0
2026-08-16T03:05:55Z,1026D27205C4a,1026D,,SCHEDULED,120,2.0
2026-08-16T03:05:55Z,1026D27206C4,1026D,,SCHEDULED,0,0.0
2026-08-16T03:11:05Z,3026D23501C1,3026D,,SCHEDULED,0,0.0
2026-08-16T03:11:05Z,3226D35501C1,3226D,,SCHEDULED,-60,-1.0
2026-08-16T03:11:05Z,5126D28400R2N,5126D,,SCHEDULED,120,2.0
2026-08-16T03:11:05Z,5126D28557R2N,5126D,,SCHEDULED,120,2.0
2026-08-16T03:11:05Z,5126D25602R1,5126D,,SCHEDULED,0,0.0
2026-08-16T03:11:05Z,5126D25702R1,5126D,,SCHEDULED,240,4.0
2026-08-16T03:11:05Z,5126D25400R2,5126D,,SCHEDULED,180,3.0
2026-08-16T03:11:05Z,5126D28250R2S,5126D,,SCHEDULED,0,0.0
2026-08-16T03:11:05Z,5126D77600R4,5126D,,SCHEDULED,0,0.0
2026-08-16T03:11:05Z,6026D26502C3,6026D,,SCHEDULED,0,0.0
2026-08-16T03:11:05Z,6026D29606C1,6026D,,SCHEDULED,60,1.0
2026-08-16T03:11:05Z,6026D26501C3,6026D,,SCHEDULED,180,3.0
2026-08-16T03:11:05Z,6026D26500C3,6026D,,SCHEDULED,60,1.0
2026-08-16T03:11:05Z,6026D29504C2,6026D,,SCHEDULED,0,0.0
2026-08-16T03:11:05Z,6026D29609C1,6026D,,SCHEDULED,0,0.0
2026-08-16T03:11:05Z,6126D86180C1,6126D,,SCHEDULED,0,0.0
2026-08-16T03:11:05Z,6126D32769C1,6126D,,SCHEDULED,60,1.0
2026-08-16T03:11:05Z,6126D35650C1,6126D,,SCHEDULED,0,0.0
2026-08-16T03:11:05Z,6126D86280C1,6126D,,SCHEDULED,0,0.0
2026-08-16T03:11:05Z,2026D22101C1,2026D,,SCHEDULED,0,0.0
2026-08-16T03:11:05Z,2026D70327C4,2026D,,SCHEDULED,-6360,-106.0
2026-08-16T03:11:05Z,1026D76354C5,1026D,,SCHEDULED,120,2.0
2026-08-16T03:11:05Z,1026D79205C7,1026D,,SCHEDULED,0,0.0
2026-08-16T03:11:05Z,1026D27202C4,1026D,,SCHEDULED,0,0.0
2026-08-16T03:11:05Z,1026D76202C5,1026D,,SCHEDULED,0,0.0
2026-08-16T03:11:05Z,1026D79402C2,1026D,,SCHEDULED,0,0.0
2026-08-16T03:11:05Z,1026D76356C5,1026D,,SCHEDULED,0,0.0
2026-08-16T03:11:05Z,1026D76675C5,1026D,,SCHEDULED,960,16.0
2026-08-16T03:11:05Z,1026D27001C3,1026D,,SCHEDULED,0,0.0
2026-08-16T03:11:05Z,1026D27204C4,1026D,,SCHEDULED,0,0.0
2026-08-16T03:11:05Z,1026D27405C4b,1026D,,SCHEDULED,0,0.0
2026-08-16T03:11:05Z,1026D76358C5,1026D,,SCHEDULED,0,0.0
2026-08-16T03:11:05Z,1026D76677C5,1026D,,SCHEDULED,0,0.0
2026-08-16T03:11:05Z,1026D76679C5,1026D,,SCHEDULED,0,0.0
2026-08-16T03:11:05Z,1026D27000C3,1026D,,SCHEDULED,0,0.0
2026-08-16T03:11:05Z,1026D79505C2,1026D,,SCHEDULED,120,2.0
2026-08-16T03:11:05Z,1026D76352C5,1026D,,SCHEDULED,0,0.0
2026-08-16T03:11:05Z,1026D27409C4b,1026D,,SCHEDULED,0,0.0
2026-08-16T03:11:05Z,1026D76353C5,1026D,,SCHEDULED,0,0.0
2026-08-16T03:11:05Z,1026D19799C1,1026D,,SCHEDULED,0,0.0
2026-08-16T03:11:05Z,1026D76672C5,1026D,,SCHEDULED,0,0.0
2026-08-16T03:11:05Z,1026D27403C4b,1026D,,SCHEDULED,120,2.0
2026-08-16T03:11:05Z,1026D27205C4a,1026D,,SCHEDULED,0,0.0
2026-08-16T03:11:05Z,1026D27206C4,1026D,,SCHEDULED,0,0.0
2026-08-16T03:11:05Z,1026D27203C4a,1026D,,SCHEDULED,120,2.0
2026-08-16T03:16:03Z,3026D23501C1,3026D,,SCHEDULED,0,0.0
2026-08-16T03:16:03Z,4026D80015C3,4026D,,SCHEDULED,0,0.0
2026-08-16T03:16:03Z,5126D28557R2N,5126D,,SCHEDULED,180,3.0
2026-08-16T03:16:03Z,5126D25602R1,5126D,,SCHEDULED,0,0.0
2026-08-16T03:16:03Z,5126D25702R1,5126D,,SCHEDULED,120,2.0
2026-08-16T03:16:03Z,5126D28400R2N,5126D,,SCHEDULED,60,1.0
2026-08-16T03:16:03Z,5126D25400R2,5126D,,SCHEDULED,60,1.0
2026-08-16T03:16:03Z,5126D77504R4,5126D,,SCHEDULED,-60,-1.0
2026-08-16T03:16:03Z,5126D28250R2S,5126D,,SCHEDULED,0,0.0
2026-08-16T03:16:03Z,5126D77600R4,5126D,,SCHEDULED,60,1.0
2026-08-16T03:16:03Z,6026D26502C3,6026D,,SCHEDULED,0,0.0
2026-08-16T03:16:03Z,6026D29606C1,6026D,,SCHEDULED,60,1.0
2026-08-16T03:16:03Z,6026D26501C3,6026D,,SCHEDULED,180,3.0
2026-08-16T03:16:03Z,6026D29504C2,6026D,,SCHEDULED,0,0.0
2026-08-16T03:16:03Z,6026D29609C1,6026D,,SCHEDULED,0,0.0
2026-08-16T03:16:03Z,6126D32769C1,6126D,,SCHEDULED,60,1.0
2026-08-16T03:16:03Z,6126D35650C1,6126D,,SCHEDULED,0,0.0
2026-08-16T03:16:03Z,6126D86280C1,6126D,,SCHEDULED,0,0.0
2026-08-16T03:16:03Z,2026D70327C4,2026D,,SCHEDULED,-6060,-101.0
2026-08-16T03:16:03Z,2026D22101C1,2026D,,SCHEDULED,180,3.0
2026-08-16T03:16:03Z,1026D27407C4b,1026D,,SCHEDULED,0,0.0
2026-08-16T03:16:03Z,1026D27001C3,1026D,,SCHEDULED,0,0.0
2026-08-16T03:16:03Z,1026D19799C1,1026D,,SCHEDULED,0,0.0
2026-08-16T03:16:03Z,1026D76352C5,1026D,,SCHEDULED,0,0.0
2026-08-16T03:16:03Z,1026D76360C5,1026D,,SCHEDULED,0,0.0
2026-08-16T03:16:03Z,1026D27405C4b,1026D,,SCHEDULED,0,0.0
2026-08-16T03:16:03Z,1026D76353C5,1026D,,SCHEDULED,0,0.0
2026-08-16T03:16:03Z,1026D76681C5,1026D,,SCHEDULED,0,0.0
2026-08-16T03:16:03Z,1026D76672C5,1026D,,SCHEDULED,0,0.0
2026-08-16T03:16:03Z,1026D76354C5,1026D,,SCHEDULED,0,0.0
2026-08-16T03:16:03Z,1026D76674C5,1026D,,SCHEDULED,0,0.0
2026-08-16T03:16:03Z,1026D27000C3,1026D,,SCHEDULED,0,0.0
2026-08-16T03:16:03Z,1026D76358C5,1026D,,SCHEDULED,0,0.0
2026-08-16T03:16:03Z,1026D76677C5,1026D,,SCHEDULED,0,0.0
2026-08-16T03:16:03Z,1026D76679C5,1026D,,SCHEDULED,0,0.0
2026-08-16T03:16:03Z,1026D27202C4,1026D,,SCHEDULED,0,0.0
2026-08-16T03:16:03Z,1026D79505C2,1026D,,SCHEDULED,420,7.0
2026-08-16T03:16:03Z,1026D76202C5,1026D,,SCHEDULED,120,2.0
2026-08-16T03:16:03Z,1026D76203C5,1026D,,SCHEDULED,0,0.0
2026-08-16T03:16:03Z,1026D27409C4b,1026D,,SCHEDULED,0,0.0
2026-08-16T03:16:03Z,1026D79205C7,1026D,,SCHEDULED,0,0.0
2026-08-16T03:16:03Z,1026D27403C4b,1026D,,SCHEDULED,180,3.0
2026-08-16T03:16:03Z,1026D27205C4a,1026D,,SCHEDULED,180,3.0
2026-08-16T03:16:03Z,1026D79402C2,1026D,,SCHEDULED,0,0.0
2026-08-16T03:16:03Z,1026D76356C5,1026D,,SCHEDULED,0,0.0
2026-08-16T03:16:03Z,1026D76675C5,1026D,,SCHEDULED,60,1.0
2026-08-16T03:16:03Z,1026D27206C4,1026D,,SCHEDULED,0,0.0
2026-08-16T03:16:03Z,1026D27203C4a,1026D,,SCHEDULED,0,0.0
2026-08-16T03:16:03Z,1026D27204C4,1026D,,SCHEDULED,0,0.0
2026-08-16T03:16:03Z,1026D27209C4a,1026D,,SCHEDULED,0,0.0
2026-08-16T03:21:04Z,3026D23501C1,3026D,,SCHEDULED,0,0.0
2026-08-16T03:21:04Z,3226D35501C1,3226D,,SCHEDULED,-60,-1.0
2026-08-16T03:21:04Z,4026D24001C2,4026D,,SCHEDULED,0,0.0
2026-08-16T03:21:04Z,4026D24103C2,4026D,,SCHEDULED,0,0.0
2026-08-16T03:21:04Z,4026D80015C3,4026D,,SCHEDULED,0,0.0
2026-08-16T03:21:04Z,5126D28557R2N,5126D,,SCHEDULED,120,2.0
2026-08-16T03:21:04Z,5126D25602R1,5126D,,SCHEDULED,-180,-3.0
2026-08-16T03:21:04Z,5126D28400R2N,5126D,,SCHEDULED,180,3.0
2026-08-16T03:21:04Z,5126D25702R1,5126D,,SCHEDULED,60,1.0
2026-08-16T03:21:04Z,5126D25400R2,5126D,,SCHEDULED,180,3.0
2026-08-16T03:21:04Z,5126D77600R4,5126D,,SCHEDULED,60,1.0
2026-08-16T03:21:04Z,5126D77504R4,5126D,,SCHEDULED,60,1.0
2026-08-16T03:21:04Z,5126D28250R2S,5126D,,SCHEDULED,240,4.0
2026-08-16T03:21:04Z,6026D26501C3,6026D,,SCHEDULED,240,4.0
2026-08-16T03:21:04Z,6026D26502C3,6026D,,SCHEDULED,0,0.0
2026-08-16T03:21:04Z,6026D29606C1,6026D,,SCHEDULED,60,1.0
2026-08-16T03:21:04Z,6026D26503C3,6026D,,SCHEDULED,0,0.0
2026-08-16T03:21:04Z,6026D26500C3,6026D,,SCHEDULED,60,1.0
2026-08-16T03:21:04Z,6026D29504C2,6026D,,SCHEDULED,0,0.0
2026-08-16T03:21:04Z,6026D29609C1,6026D,,SCHEDULED,0,0.0
2026-08-16T03:21:04Z,6126D32769C1,6126D,,SCHEDULED,60,1.0
2026-08-16T03:21:04Z,6126D35650C1,6126D,,SCHEDULED,60,1.0
2026-08-16T03:21:04Z,6126D86280C1,6126D,,SCHEDULED,0,0.0
2026-08-16T03:21:04Z,2026D22101C1,2026D,,SCHEDULED,60,1.0
2026-08-16T03:21:04Z,2026D70327C4,2026D,,SCHEDULED,-5760,-96.0
2026-08-16T03:21:04Z,1026D79202C7,1026D,,SCHEDULED,0,0.0
2026-08-16T03:21:04Z,1026D76354C5,1026D,,SCHEDULED,0,0.0
2026-08-16T03:21:04Z,1026D76360C5,1026D,,SCHEDULED,0,0.0
2026-08-16T03:21:04Z,1026D27405C4b,1026D,,SCHEDULED,60,1.0
2026-08-16T03:21:04Z,1026D76355C5,1026D,,SCHEDULED,0,0.0
2026-08-16T03:21:04Z,1026D76681C5,1026D,,SCHEDULED,0,0.0
2026-08-16T03:21:04Z,1026D76674C5,1026D,,SCHEDULED,0,0.0
2026-08-16T03:21:04Z,1026D27000C3,1026D,,SCHEDULED,240,4.0
2026-08-16T03:21:04Z,1026D79205C7,1026D,,SCHEDULED,0,0.0
2026-08-16T03:21:04Z,1026D19799C1,1026D,,SCHEDULED,120,2.0
2026-08-16T03:21:04Z,1026D27202C4,1026D,,SCHEDULED,0,0.0
2026-08-16T03:21:04Z,1026D76352C5,1026D,,SCHEDULED,0,0.0
2026-08-16T03:21:04Z,1026D76202C5,1026D,,SCHEDULED,420,7.0
2026-08-16T03:21:04Z,1026D76353C5,1026D,,SCHEDULED,0,0.0
2026-08-16T03:21:04Z,1026D76203C5,1026D,,SCHEDULED,0,0.0
2026-08-16T03:21:04Z,1026D76672C5,1026D,,SCHEDULED,0,0.0
2026-08-16T03:21:04Z,1026D76358C5,1026D,,SCHEDULED,0,0.0
2026-08-16T03:21:04Z,1026D76677C5,1026D,,SCHEDULED,120,2.0
2026-08-16T03:21:04Z,1026D76679C5,1026D,,SCHEDULED,0,0.0
2026-08-16T03:21:04Z,1026D27001C3,1026D,,SCHEDULED,0,0.0
2026-08-16T03:21:04Z,1026D79505C2,1026D,,SCHEDULED,720,12.0
2026-08-16T03:21:04Z,1026D19800C1,1026D,,SCHEDULED,0,0.0
2026-08-16T03:21:04Z,1026D27409C4b,1026D,,SCHEDULED,0,0.0
2026-08-16T03:21:04Z,1026D79808C8a,1026D,,SCHEDULED,0,0.0
2026-08-16T03:21:04Z,1026D27403C4b,1026D,,SCHEDULED,0,0.0
2026-08-16T03:21:04Z,1026D79402C2,1026D,,SCHEDULED,0,0.0
2026-08-16T03:21:04Z,1026D27205C4a,1026D,,SCHEDULED,180,3.0
2026-08-16T03:21:04Z,1026D76356C5,1026D,,SCHEDULED,0,0.0
2026-08-16T03:21:04Z,1026D76675C5,1026D,,SCHEDULED,0,0.0
2026-08-16T03:21:04Z,1026D27206C4,1026D,,SCHEDULED,0,0.0
2026-08-16T03:21:04Z,1026D27210C4a,1026D,,SCHEDULED,0,0.0
2026-08-16T03:21:04Z,1026D27203C4a,1026D,,SCHEDULED,120,2.0
2026-08-16T03:21:04Z,1026D27204C4,1026D,,SCHEDULED,60,1.0
2026-08-16T03:21:04Z,1026D27209C4a,1026D,,SCHEDULED,0,0.0
2026-08-16T03:21:04Z,1026D27407C4b,1026D,,CANCELED,,
2026-08-16T03:25:58Z,3026D23501C1,3026D,,SCHEDULED,60,1.0
2026-08-16T03:25:58Z,3226D23303C1,3226D,,SCHEDULED,0,0.0
2026-08-16T03:25:58Z,3226D35501C1,3226D,,SCHEDULED,0,0.0
2026-08-16T03:25:58Z,4026D24001C2,4026D,,SCHEDULED,0,0.0
2026-08-16T03:25:58Z,4026D24103C2,4026D,,SCHEDULED,0,0.0
2026-08-16T03:25:58Z,4026D80015C3,4026D,,SCHEDULED,0,0.0
2026-08-16T03:25:58Z,5126D28264R2S,5126D,,SCHEDULED,0,0.0
2026-08-16T03:25:58Z,5126D28557R2N,5126D,,SCHEDULED,180,3.0
2026-08-16T03:25:58Z,5126D25602R1,5126D,,SCHEDULED,120,2.0
2026-08-16T03:25:58Z,5126D25604R1,5126D,,SCHEDULED,-60,-1.0
2026-08-16T03:25:58Z,5126D25702R1,5126D,,SCHEDULED,180,3.0
2026-08-16T03:25:58Z,5126D28400R2N,5126D,,SCHEDULED,180,3.0
2026-08-16T03:25:58Z,5126D15000R15,5126D,,SCHEDULED,0,0.0
2026-08-16T03:25:58Z,5126D25400R2,5126D,,SCHEDULED,300,5.0
2026-08-16T03:25:58Z,5126D28556R2N,5126D,,SCHEDULED,0,0.0
2026-08-16T03:25:58Z,5126D77504R4,5126D,,SCHEDULED,60,1.0
2026-08-16T03:25:58Z,5126D77600R4,5126D,,SCHEDULED,-60,-1.0
2026-08-16T03:25:58Z,5126D28250R2S,5126D,,SCHEDULED,180,3.0
2026-08-16T03:25:58Z,6026D26501C3,6026D,,SCHEDULED,180,3.0
2026-08-16T03:25:58Z,6026D26502C3,6026D,,SCHEDULED,-60,-1.0
2026-08-16T03:25:58Z,6026D26500C3,6026D,,SCHEDULED,60,1.0
2026-08-16T03:25:58Z,6026D29606C1,6026D,,SCHEDULED,120,2.0
2026-08-16T03:25:58Z,6026D26503C3,6026D,,SCHEDULED,0,0.0
2026-08-16T03:25:58Z,6026D29609C1,6026D,,SCHEDULED,60,1.0
2026-08-16T03:25:58Z,6026D29504C2,6026D,,SCHEDULED,60,1.0
2026-08-16T03:25:58Z,6126D35650C1,6126D,,SCHEDULED,0,0.0
2026-08-16T03:25:58Z,6126D32769C1,6126D,,SCHEDULED,0,0.0
2026-08-16T03:25:58Z,6126D35680C1,6126D,,SCHEDULED,-420,-7.0
2026-08-16T03:25:58Z,2026D22101C1,2026D,,SCHEDULED,0,0.0
2026-08-16T03:25:58Z,2026D70327C4,2026D,,SCHEDULED,-5460,-91.0
2026-08-16T03:25:58Z,1026D76672C5,1026D,,SCHEDULED,0,0.0
2026-08-16T03:25:58Z,1026D76360C5,1026D,,SCHEDULED,0,0.0
2026-08-16T03:25:58Z,1026D27405C4b,1026D,,SCHEDULED,60,1.0
2026-08-16T03:25:58Z,1026D79202C7,1026D,,SCHEDULED,-60,-1.0
2026-08-16T03:25:58Z,1026D76362C5,1026D,,SCHEDULED,0,0.0
2026-08-16T03:25:58Z,1026D76354C5,1026D,,SCHEDULED,0,0.0
2026-08-16T03:25:58Z,1026D76681C5,1026D,,SCHEDULED,0,0.0
2026-08-16T03:25:58Z,1026D76355C5,1026D,,SCHEDULED,0,0.0
2026-08-16T03:25:58Z,1026D76674C5,1026D,,SCHEDULED,0,0.0
2026-08-16T03:25:58Z,1026D27000C3,1026D,,SCHEDULED,60,1.0
2026-08-16T03:25:58Z,1026D76683C5,1026D,,SCHEDULED,0,0.0
2026-08-16T03:25:58Z,1026D79205C7,1026D,,SCHEDULED,0,0.0
2026-08-16T03:25:58Z,1026D27003C3,1026D,,SCHEDULED,0,0.0
2026-08-16T03:25:58Z,1026D27210C4a,1026D,,SCHEDULED,0,0.0
2026-08-16T03:25:58Z,1026D76358C5,1026D,,SCHEDULED,0,0.0
2026-08-16T03:25:58Z,1026D76677C5,1026D,,SCHEDULED,0,0.0
2026-08-16T03:25:58Z,1026D27202C4,1026D,,SCHEDULED,0,0.0
2026-08-16T03:25:58Z,1026D76679C5,1026D,,SCHEDULED,0,0.0
2026-08-16T03:25:58Z,1026D76202C5,1026D,,SCHEDULED,720,12.0
2026-08-16T03:25:58Z,1026D76203C5,1026D,,SCHEDULED,0,0.0
2026-08-16T03:25:58Z,1026D79505C2,1026D,,SCHEDULED,1020,17.0
2026-08-16T03:25:58Z,1026D27001C3,1026D,,SCHEDULED,240,4.0
2026-08-16T03:25:58Z,1026D27409C4b,1026D,,SCHEDULED,0,0.0
2026-08-16T03:25:58Z,1026D79808C8a,1026D,,SCHEDULED,0,0.0
2026-08-16T03:25:58Z,1026D27411C4b,1026D,,SCHEDULED,0,0.0
2026-08-16T03:25:58Z,1026D27403C4b,1026D,,SCHEDULED,300,5.0
2026-08-16T03:25:58Z,1026D79402C2,1026D,,SCHEDULED,0,0.0
2026-08-16T03:25:58Z,1026D76356C5,1026D,,SCHEDULED,0,0.0
2026-08-16T03:25:58Z,1026D76675C5,1026D,,SCHEDULED,0,0.0
2026-08-16T03:25:58Z,1026D27404C4b,1026D,,SCHEDULED,0,0.0
2026-08-16T03:25:58Z,1026D76676C5,1026D,,SCHEDULED,0,0.0
2026-08-16T03:25:58Z,1026D27206C4,1026D,,SCHEDULED,0,0.0
2026-08-16T03:25:58Z,1026D27203C4a,1026D,,SCHEDULED,0,0.0
2026-08-16T03:25:58Z,1026D27002C3,1026D,,SCHEDULED,0,0.0
2026-08-16T03:25:58Z,1026D19800C1,1026D,,SCHEDULED,0,0.0
2026-08-16T03:25:58Z,1026D27204C4,1026D,,SCHEDULED,360,6.0
2026-08-16T03:25:58Z,1026D19799C1,1026D,,SCHEDULED,0,0.0
2026-08-16T03:25:58Z,1026D27209C4a,1026D,,SCHEDULED,0,0.0
2026-08-16T03:25:58Z,1026D76352C5,1026D,,SCHEDULED,120,2.0
2026-08-16T03:25:58Z,1026D27407C4b,1026D,,CANCELED,,
2026-08-16T03:25:58Z,1026D27207C4a,1026D,,CANCELED,,
2026-08-16T03:25:58Z,1026D76353C5,1026D,,SCHEDULED,0,0.0
2026-08-16T03:31:17Z,3026D23501C1,3026D,,SCHEDULED,60,1.0
2026-08-16T03:31:17Z,3226D23303C1,3226D,,SCHEDULED,60,1.0
2026-08-16T03:31:17Z,3226D35501C1,3226D,,SCHEDULED,-60,-1.0
2026-08-16T03:31:17Z,4026D80015C3,4026D,,SCHEDULED,0,0.0
2026-08-16T03:31:17Z,4026D24001C2,4026D,,SCHEDULED,0,0.0
2026-08-16T03:31:17Z,4026D24103C2,4026D,,SCHEDULED,0,0.0
2026-08-16T03:31:17Z,5126D28557R2N,5126D,,SCHEDULED,300,5.0
2026-08-16T03:31:17Z,5126D28402R2N,5126D,,SCHEDULED,60,1.0
2026-08-16T03:31:17Z,5126D25604R1,5126D,,SCHEDULED,120,2.0
2026-08-16T03:31:17Z,5126D28264R2S,5126D,,SCHEDULED,-300,-5.0
2026-08-16T03:31:17Z,5126D25702R1,5126D,,SCHEDULED,240,4.0
2026-08-16T03:31:17Z,5126D77600R4,5126D,,SCHEDULED,0,0.0
2026-08-16T03:31:17Z,5126D15000R15,5126D,,SCHEDULED,0,0.0
2026-08-16T03:31:17Z,5126D25400R2,5126D,,SCHEDULED,240,4.0
2026-08-16T03:31:17Z,5126D28556R2N,5126D,,SCHEDULED,0,0.0
2026-08-16T03:31:17Z,5126D28263R2S,5126D,,SCHEDULED,60,1.0
2026-08-16T03:31:17Z,5126D28250R2S,5126D,,SCHEDULED,-60,-1.0
2026-08-16T03:31:17Z,5126D28400R2N,5126D,,SCHEDULED,180,3.0
2026-08-16T03:31:17Z,5126D18120R16,5126D,,SCHEDULED,0,0.0
2026-08-16T03:31:17Z,6026D26501C3,6026D,,SCHEDULED,60,1.0
2026-08-16T03:31:17Z,6026D26502C3,6026D,,SCHEDULED,0,0.0
2026-08-16T03:31:17Z,6026D29606C1,6026D,,SCHEDULED,120,2.0
2026-08-16T03:31:17Z,6026D26503C3,6026D,,SCHEDULED,0,0.0
2026-08-16T03:31:17Z,6026D26500C3,6026D,,SCHEDULED,0,0.0
2026-08-16T03:31:17Z,6026D29504C2,6026D,,SCHEDULED,60,1.0
2026-08-16T03:31:17Z,6026D29609C1,6026D,,SCHEDULED,120,2.0
2026-08-16T03:31:17Z,6126D35650C1,6126D,,SCHEDULED,0,0.0
2026-08-16T03:31:17Z,6126D32769C1,6126D,,SCHEDULED,0,0.0
2026-08-16T03:31:17Z,6126D35680C1,6126D,,SCHEDULED,-420,-7.0
2026-08-16T03:31:17Z,6226D71152C2,6226D,,SCHEDULED,0,0.0
2026-08-16T03:31:17Z,2026D22101C1,2026D,,SCHEDULED,0,0.0
2026-08-16T03:31:17Z,1026D19800C1,1026D,,SCHEDULED,0,0.0
2026-08-16T03:31:17Z,1026D19803C1,1026D,,SCHEDULED,0,0.0
2026-08-16T03:31:17Z,1026D19799C1,1026D,,SCHEDULED,60,1.0
2026-08-16T03:31:17Z,1026D76672C5,1026D,,SCHEDULED,120,2.0
2026-08-16T03:31:17Z,1026D76353C5,1026D,,SCHEDULED,180,3.0
2026-08-16T03:31:17Z,1026D79202C7,1026D,,SCHEDULED,240,4.0
2026-08-16T03:31:17Z,1026D76354C5,1026D,,SCHEDULED,0,0.0
2026-08-16T03:31:17Z,1026D76355C5,1026D,,SCHEDULED,0,0.0
2026-08-16T03:31:17Z,1026D76674C5,1026D,,SCHEDULED,0,0.0
2026-08-16T03:31:17Z,1026D79205C7,1026D,,SCHEDULED,300,5.0
2026-08-16T03:31:17Z,1026D27411C4b,1026D,,SCHEDULED,0,0.0
2026-08-16T03:31:17Z,1026D79402C2,1026D,,SCHEDULED,0,0.0
2026-08-16T03:31:17Z,1026D76356C5,1026D,,SCHEDULED,60,1.0
2026-08-16T03:31:17Z,1026D76357C5,1026D,,SCHEDULED,0,0.0
2026-08-16T03:31:17Z,1026D76676C5,1026D,,SCHEDULED,0,0.0
2026-08-16T03:31:17Z,1026D27210C4a,1026D,,SCHEDULED,-60,-1.0
2026-08-16T03:31:17Z,1026D76358C5,1026D,,SCHEDULED,0,0.0
2026-08-16T03:31:17Z,1026D76677C5,1026D,,SCHEDULED,60,1.0
2026-08-16T03:31:17Z,1026D79505C2,1026D,,SCHEDULED,0,0.0
2026-08-16T03:31:17Z,1026D76679C5,1026D,,SCHEDULED,180,3.0
2026-08-16T03:31:17Z,1026D79806C2,1026D,,SCHEDULED,0,0.0
2026-08-16T03:31:17Z,1026D79808C8a,1026D,,SCHEDULED,0,0.0
2026-08-16T03:31:17Z,1026D76362C5,1026D,,SCHEDULED,0,0.0
2026-08-16T03:31:17Z,1026D76681C5,1026D,,SCHEDULED,0,0.0
2026-08-16T03:31:17Z,1026D27000C3,1026D,,SCHEDULED,300,5.0
2026-08-16T03:31:17Z,1026D76364C5,1026D,,SCHEDULED,0,0.0
2026-08-16T03:31:17Z,1026D76683C5,1026D,,SCHEDULED,0,0.0
2026-08-16T03:31:17Z,1026D27003C3,1026D,,SCHEDULED,0,0.0
2026-08-16T03:31:17Z,1026D27202C4,1026D,,SCHEDULED,120,2.0
2026-08-16T03:31:17Z,1026D76202C5,1026D,,SCHEDULED,0,0.0
2026-08-16T03:31:17Z,1026D76203C5,1026D,,SCHEDULED,0,0.0
2026-08-16T03:31:17Z,1026D27001C3,1026D,,SCHEDULED,0,0.0
2026-08-16T03:31:17Z,1026D27002C3,1026D,,SCHEDULED,0,0.0
2026-08-16T03:31:17Z,1026D27409C4b,1026D,,SCHEDULED,300,5.0
2026-08-16T03:31:17Z,1026D27206C4,1026D,,SCHEDULED,0,0.0
2026-08-16T03:31:17Z,1026D27404C4b,1026D,,SCHEDULED,-60,-1.0
2026-08-16T03:31:17Z,1026D27402C4,1026D,,SCHEDULED,0,0.0
2026-08-16T03:31:17Z,1026D27204C4,1026D,,SCHEDULED,660,11.0
2026-08-16T03:31:17Z,1026D27209C4a,1026D,,SCHEDULED,0,0.0
2026-08-16T03:31:17Z,1026D27407C4b,1026D,,CANCELED,,
2026-08-16T03:31:17Z,1026D27207C4a,1026D,,CANCELED,,
2026-08-16T03:31:17Z,1026D76360C5,1026D,,SCHEDULED,0,0.0
2026-08-16T03:31:17Z,1026D27405C4b,1026D,,SCHEDULED,120,2.0
2026-08-16T03:35:54Z,3026D23501C1,3026D,,SCHEDULED,0,0.0
2026-08-16T03:35:54Z,3226D23303C1,3226D,,SCHEDULED,0,0.0
2026-08-16T03:35:54Z,3226D35501C1,3226D,,SCHEDULED,-60,-1.0
2026-08-16T03:35:54Z,4026D24001C2,4026D,,SCHEDULED,0,0.0
2026-08-16T03:35:54Z,4026D80015C3,4026D,,SCHEDULED,0,0.0
2026-08-16T03:35:54Z,4026D24103C2,4026D,,SCHEDULED,0,0.0
2026-08-16T03:35:54Z,5126D18120R16,5126D,,SCHEDULED,0,0.0
2026-08-16T03:35:54Z,5126D25602R1,5126D,,SCHEDULED,180,3.0
2026-08-16T03:35:54Z,5126D25601R1,5126D,,SCHEDULED,0,0.0
2026-08-16T03:35:54Z,5126D25604R1,5126D,,SCHEDULED,180,3.0
2026-08-16T03:35:54Z,5126D28402R2N,5126D,,SCHEDULED,0,0.0
2026-08-16T03:35:54Z,5126D25702R1,5126D,,SCHEDULED,240,4.0
2026-08-16T03:35:54Z,5126D28250R2S,5126D,,SCHEDULED,0,0.0
2026-08-16T03:35:54Z,5126D77600R4,5126D,,SCHEDULED,60,1.0
2026-08-16T03:35:54Z,5126D15000R15,5126D,,SCHEDULED,0,0.0
2026-08-16T03:35:54Z,5126D25400R2,5126D,,SCHEDULED,360,6.0
2026-08-16T03:35:54Z,5126D77504R4,5126D,,SCHEDULED,60,1.0
2026-08-16T03:35:54Z,5126D28263R2S,5126D,,SCHEDULED,-120,-2.0
2026-08-16T03:35:54Z,5126D28400R2N,5126D,,SCHEDULED,-120,-2.0
2026-08-16T03:35:54Z,6026D26501C3,6026D,,SCHEDULED,60,1.0
2026-08-16T03:35:54Z,6026D26504C3,6026D,,SCHEDULED,0,0.0
2026-08-16T03:35:54Z,6026D26503C3,6026D,,SCHEDULED,180,3.0
2026-08-16T03:35:54Z,6026D29507C2,6026D,,SCHEDULED,0,0.0
2026-08-16T03:35:54Z,6026D29504C2,6026D,,SCHEDULED,120,2.0
2026-08-16T03:35:54Z,6026D26502C3,6026D,,SCHEDULED,-60,-1.0
2026-08-16T03:35:54Z,6026D29609C1,6026D,,SCHEDULED,120,2.0
2026-08-16T03:35:54Z,6026D26500C3,6026D,,SCHEDULED,0,0.0
2026-08-16T03:35:54Z,6126D35680C1,6126D,,SCHEDULED,-420,-7.0
2026-08-16T03:35:54Z,6126D32769C1,6126D,,SCHEDULED,0,0.0
2026-08-16T03:35:54Z,6126D81702C1,6126D,,SCHEDULED,0,0.0
2026-08-16T03:35:54Z,6126D35650C1,6126D,,SCHEDULED,0,0.0
2026-08-16T03:35:54Z,6226D71152C2,6226D,,SCHEDULED,0,0.0
2026-08-16T03:35:54Z,4726D71080C1,4726D,,SCHEDULED,0,0.0
2026-08-16T03:35:54Z,2026D22101C1,2026D,,SCHEDULED,120,2.0
2026-08-16T03:35:54Z,1026D76685C5,1026D,,SCHEDULED,0,0.0
2026-08-16T03:35:54Z,1026D76202C5,1026D,,SCHEDULED,0,0.0
2026-08-16T03:35:54Z,1026D76203C5,1026D,,SCHEDULED,0,0.0
2026-08-16T03:35:54Z,1026D76204C5,1026D,,SCHEDULED,0,0.0
2026-08-16T03:35:54Z,1026D19800C1,1026D,,SCHEDULED,0,0.0
2026-08-16T03:35:54Z,1026D19803C1,1026D,,SCHEDULED,0,0.0
2026-08-16T03:35:54Z,1026D76672C5,1026D,,SCHEDULED,0,0.0
2026-08-16T03:35:54Z,1026D79808C8a,1026D,,SCHEDULED,0,0.0
2026-08-16T03:35:54Z,1026D76360C5,1026D,,SCHEDULED,0,0.0
2026-08-16T03:35:54Z,1026D76362C5,1026D,,SCHEDULED,0,0.0
2026-08-16T03:35:54Z,1026D76681C5,1026D,,SCHEDULED,0,0.0
2026-08-16T03:35:54Z,1026D76364C5,1026D,,SCHEDULED,0,0.0
2026-08-16T03:35:54Z,1026D76683C5,1026D,,SCHEDULED,0,0.0
2026-08-16T03:35:54Z,1026D76676C5,1026D,,SCHEDULED,0,0.0
2026-08-16T03:35:54Z,1026D76358C5,1026D,,SCHEDULED,60,1.0
2026-08-16T03:35:54Z,1026D76677C5,1026D,,SCHEDULED,0,0.0
2026-08-16T03:35:54Z,1026D76678C5,1026D,,SCHEDULED,0,0.0
2026-08-16T03:35:54Z,1026D79505C2,1026D,,SCHEDULED,0,0.0
2026-08-16T03:35:54Z,1026D76679C5,1026D,,SCHEDULED,60,1.0
2026-08-16T03:35:54Z,1026D79509C2,1026D,,SCHEDULED,0,0.0
2026-08-16T03:35:54Z,1026D76353C5,1026D,,SCHEDULED,480,8.0
2026-08-16T03:35:54Z,1026D76354C5,1026D,,SCHEDULED,120,2.0
2026-08-16T03:35:54Z,1026D76355C5,1026D,,SCHEDULED,0,0.0
2026-08-16T03:35:54Z,1026D76674C5,1026D,,SCHEDULED,0,0.0
2026-08-16T03:35:54Z,1026D76356C5,1026D,,SCHEDULED,0,0.0
2026-08-16T03:35:54Z,1026D76357C5,1026D,,SCHEDULED,0,0.0
2026-08-16T03:35:54Z,1026D27003C3,1026D,,SCHEDULED,0,0.0
2026-08-16T03:35:54Z,1026D27202C4,1026D,,SCHEDULED,360,6.0
2026-08-16T03:35:54Z,1026D27001C3,1026D,,SCHEDULED,60,1.0
2026-08-16T03:35:54Z,1026D27002C3,1026D,,SCHEDULED,0,0.0
2026-08-16T03:35:54Z,1026D19799C1,1026D,,SCHEDULED,120,2.0
2026-08-16T03:35:54Z,1026D79202C7,1026D,,SCHEDULED,540,9.0
2026-08-16T03:35:54Z,1026D79205C7,1026D,,SCHEDULED,360,6.0
2026-08-16T03:35:54Z,1026D27411C4b,1026D,,SCHEDULED,0,0.0
2026-08-16T03:35:54Z,1026D27210C4a,1026D,,SCHEDULED,240,4.0
2026-08-16T03:35:54Z,1026D27211C4a,1026D,,SCHEDULED,0,0.0
2026-08-16T03:35:54Z,1026D79406C2,1026D,,SCHEDULED,0,0.0
2026-08-16T03:35:54Z,1026D79806C2,1026D,,SCHEDULED,0,0.0
2026-08-16T03:35:54Z,1026D27409C4b,1026D,,SCHEDULED,120,2.0
2026-08-16T03:35:54Z,1026D27205C4a,1026D,,SCHEDULED,240,4.0
2026-08-16T03:35:54Z,1026D27206C4,1026D,,SCHEDULED,60,1.0
2026-08-16T03:35:54Z,1026D27404C4b,1026D,,SCHEDULED,240,4.0
2026-08-16T03:35:54Z,1026D27402C4,1026D,,SCHEDULED,0,0.0
2026-08-16T03:35:54Z,1026D27204C4,1026D,,SCHEDULED,960,16.0
2026-08-16T03:35:54Z,1026D27209C4a,1026D,,SCHEDULED,0,0.0
2026-08-16T03:35:54Z,1026D27407C4b,1026D,,CANCELED,,
2026-08-16T03:35:54Z,1026D27207C4a,1026D,,CANCELED,,
2026-08-16T03:35:54Z,1026D27405C4b,1026D,,SCHEDULED,0,0.0
2026-08-16T03:35:54Z,1026D27208C4,1026D,,SCHEDULED,0,0.0
2026-08-16T03:35:54Z,1026D27000C3,1026D,,SCHEDULED,0,0.0
2026-08-16T03:41:02Z,3026D23501C1,3026D,,SCHEDULED,0,0.0
2026-08-16T03:41:02Z,3026D23502C1,3026D,,SCHEDULED,0,0.0
2026-08-16T03:41:02Z,3226D35511C1,3226D,,SCHEDULED,60,1.0
2026-08-16T03:41:02Z,3226D23303C1,3226D,,SCHEDULED,60,1.0
2026-08-16T03:41:02Z,3226D35501C1,3226D,,SCHEDULED,0,0.0
2026-08-16T03:41:02Z,4026D24002C2,4026D,,SCHEDULED,0,0.0
2026-08-16T03:41:02Z,4026D24103C2,4026D,,SCHEDULED,360,6.0
2026-08-16T03:41:02Z,4026D80015C3,4026D,,SCHEDULED,0,0.0
2026-08-16T03:41:02Z,4026D24001C2,4026D,,SCHEDULED,0,0.0
2026-08-16T03:41:02Z,5126D25604R1,5126D,,SCHEDULED,0,0.0
2026-08-16T03:41:02Z,5126D25400R2,5126D,,SCHEDULED,360,6.0
2026-08-16T03:41:02Z,5126D25702R1,5126D,,SCHEDULED,0,0.0
2026-08-16T03:41:02Z,5126D28402R2N,5126D,,SCHEDULED,0,0.0
2026-08-16T03:41:02Z,5126D25602R1,5126D,,SCHEDULED,60,1.0
2026-08-16T03:41:02Z,5126D25601R1,5126D,,SCHEDULED,0,0.0
2026-08-16T03:41:02Z,5126D28263R2S,5126D,,SCHEDULED,0,0.0
2026-08-16T03:41:02Z,5126D18120R16,5126D,,SCHEDULED,0,0.0
2026-08-16T03:41:02Z,5126D28400R2N,5126D,,SCHEDULED,60,1.0
2026-08-16T03:41:02Z,5126D15000R15,5126D,,SCHEDULED,0,0.0
2026-08-16T03:41:02Z,5126D28404R2N,5126D,,SCHEDULED,0,0.0
2026-08-16T03:41:02Z,5126D77600R4,5126D,,SCHEDULED,-60,-1.0
2026-08-16T03:41:02Z,5126D77504R4,5126D,,SCHEDULED,60,1.0
2026-08-16T03:41:02Z,5126D35518R3,5126D,,SCHEDULED,0,0.0
2026-08-16T03:41:02Z,5126D28250R2S,5126D,,SCHEDULED,-60,-1.0
2026-08-16T03:41:02Z,6026D26501C3,6026D,,SCHEDULED,60,1.0
2026-08-16T03:41:02Z,6026D26504C3,6026D,,SCHEDULED,0,0.0
2026-08-16T03:41:02Z,6026D26503C3,6026D,,SCHEDULED,180,3.0
2026-08-16T03:41:02Z,6026D29504C2,6026D,,SCHEDULED,0,0.0
2026-08-16T03:41:02Z,6026D26502C3,6026D,,SCHEDULED,0,0.0
2026-08-16T03:41:02Z,6026D29507C2,6026D,,SCHEDULED,0,0.0
2026-08-16T03:41:02Z,6026D29609C1,6026D,,SCHEDULED,60,1.0
2026-08-16T03:41:02Z,6026D26500C3,6026D,,SCHEDULED,0,0.0
2026-08-16T03:41:02Z,6126D35650C1,6126D,,SCHEDULED,0,0.0
2026-08-16T03:41:02Z,6126D35680C1,6126D,,SCHEDULED,120,2.0
2026-08-16T03:41:02Z,6126D32769C1,6126D,,SCHEDULED,0,0.0
2026-08-16T03:41:02Z,6126D81702C1,6126D,,SCHEDULED,0,0.0
2026-08-16T03:41:02Z,6226D71152C2,6226D,,SCHEDULED,0,0.0
2026-08-16T03:41:02Z,4726D71080C1,4726D,,SCHEDULED,0,0.0
2026-08-16T03:41:02Z,2026D22101C1,2026D,,SCHEDULED,120,2.0
2026-08-16T03:41:02Z,1026D79406C2,1026D,,SCHEDULED,0,0.0
2026-08-16T03:41:02Z,1026D79806C2,1026D,,SCHEDULED,0,0.0
2026-08-16T03:41:02Z,1026D79808C8a,1026D,,SCHEDULED,0,0.0
2026-08-16T03:41:02Z,1026D76360C5,1026D,,SCHEDULED,0,0.0
2026-08-16T03:41:02Z,1026D76362C5,1026D,,SCHEDULED,0,0.0
2026-08-16T03:41:02Z,1026D76681C5,1026D,,SCHEDULED,0,0.0
2026-08-16T03:41:02Z,1026D76364C5,1026D,,SCHEDULED,0,0.0
2026-08-16T03:41:02Z,1026D76683C5,1026D,,SCHEDULED,0,0.0
2026-08-16T03:41:02Z,1026D76685C5,1026D,,SCHEDULED,0,0.0
2026-08-16T03:41:02Z,1026D76203C5,1026D,,SCHEDULED,60,1.0
2026-08-16T03:41:02Z,1026D76204C5,1026D,,SCHEDULED,0,0.0
2026-08-16T03:41:02Z,1026D19800C1,1026D,,SCHEDULED,0,0.0
2026-08-16T03:41:02Z,1026D19803C1,1026D,,SCHEDULED,0,0.0
2026-08-16T03:41:02Z,1026D76676C5,1026D,,SCHEDULED,0,0.0
2026-08-16T03:41:02Z,1026D76358C5,1026D,,SCHEDULED,0,0.0
2026-08-16T03:41:02Z,1026D76359C5,1026D,,SCHEDULED,0,0.0
2026-08-16T03:41:02Z,1026D76678C5,1026D,,SCHEDULED,0,0.0
2026-08-16T03:41:02Z,1026D79505C2,1026D,,SCHEDULED,60,1.0
2026-08-16T03:41:02Z,1026D76679C5,1026D,,SCHEDULED,0,0.0
2026-08-16T03:41:02Z,1026D79509C2,1026D,,SCHEDULED,0,0.0
2026-08-16T03:41:02Z,1026D79102C7,1026D,,SCHEDULED,0,0.0
2026-08-16T03:41:02Z,1026D76672C5,1026D,,SCHEDULED,0,0.0
2026-08-16T03:41:02Z,1026D76353C5,1026D,,SCHEDULED,0,0.0
2026-08-16T03:41:02Z,1026D76355C5,1026D,,SCHEDULED,120,2.0
2026-08-16T03:41:02Z,1026D76674C5,1026D,,SCHEDULED,180,3.0
2026-08-16T03:41:02Z,1026D76356C5,1026D,,SCHEDULED,60,1.0
2026-08-16T03:41:02Z,1026D76357C5,1026D,,SCHEDULED,0,0.0
2026-08-16T03:41:02Z,1026D27003C3,1026D,,SCHEDULED,0,0.0
2026-08-16T03:41:02Z,1026D27202C4,1026D,,SCHEDULED,240,4.0
2026-08-16T03:41:02Z,1026D27001C3,1026D,,SCHEDULED,60,1.0
2026-08-16T03:41:02Z,1026D27002C3,1026D,,SCHEDULED,0,0.0
2026-08-16T03:41:02Z,1026D19799C1,1026D,,SCHEDULED,0,0.0
2026-08-16T03:41:02Z,1026D79202C7,1026D,,SCHEDULED,840,14.0
2026-08-16T03:41:02Z,1026D79205C7,1026D,,SCHEDULED,420,7.0
2026-08-16T03:41:02Z,1026D27411C4b,1026D,,SCHEDULED,0,0.0
2026-08-16T03:41:02Z,1026D27210C4a,1026D,,SCHEDULED,540,9.0
2026-08-16T03:41:02Z,1026D79206C7,1026D,,SCHEDULED,0,0.0
2026-08-16T03:41:02Z,1026D27211C4a,1026D,,SCHEDULED,0,0.0
2026-08-16T03:41:02Z,1026D79604C10,1026D,,SCHEDULED,0,0.0
2026-08-16T03:41:02Z,1026D27409C4b,1026D,,SCHEDULED,60,1.0
2026-08-16T03:41:02Z,1026D27205C4a,1026D,,SCHEDULED,420,7.0
2026-08-16T03:41:02Z,1026D27206C4,1026D,,SCHEDULED,60,1.0
2026-08-16T03:41:02Z,1026D27404C4b,1026D,,SCHEDULED,540,9.0
2026-08-16T03:41:02Z,1026D27402C4,1026D,,SCHEDULED,0,0.0
2026-08-16T03:41:02Z,1026D27204C4,1026D,,SCHEDULED,120,2.0
2026-08-16T03:41:02Z,1026D27209C4a,1026D,,SCHEDULED,0,0.0
2026-08-16T03:41:02Z,1026D27407C4b,1026D,,SCHEDULED,0,0.0
2026-08-16T03:41:02Z,1026D27207C4a,1026D,,SCHEDULED,0,0.0
2026-08-16T03:41:02Z,1026D27405C4b,1026D,,SCHEDULED,60,1.0
2026-08-16T03:41:02Z,1026D27208C4,1026D,,SCHEDULED,0,0.0
2026-08-16T03:41:02Z,1026D27000C3,1026D,,SCHEDULED,180,3.0
2026-08-16T03:41:02Z,1026D79213C7,1026D,,SCHEDULED,0,0.0
2026-08-16T03:46:01Z,3026D23501C1,3026D,,SCHEDULED,-120,-2.0
2026-08-16T03:46:01Z,3026D23502C1,3026D,,SCHEDULED,0,0.0
2026-08-16T03:46:01Z,3226D23303C1,3226D,,SCHEDULED,60,1.0
2026-08-16T03:46:01Z,3226D35511C1,3226D,,SCHEDULED,0,0.0
2026-08-16T03:46:01Z,4026D24001C2,4026D,,SCHEDULED,0,0.0
2026-08-16T03:46:01Z,4026D24103C2,4026D,,SCHEDULED,300,5.0
2026-08-16T03:46:01Z,4026D24002C2,4026D,,SCHEDULED,0,0.0
2026-08-16T03:46:01Z,5126D25604R1,5126D,,SCHEDULED,60,1.0
2026-08-16T03:46:01Z,5126D25702R1,5126D,,SCHEDULED,60,1.0
2026-08-16T03:46:01Z,5126D28264R2S,5126D,,SCHEDULED,300,5.0
2026-08-16T03:46:01Z,5126D28556R2N,5126D,,SCHEDULED,180,3.0
2026-08-16T03:46:01Z,5126D28263R2S,5126D,,SCHEDULED,60,1.0
2026-08-16T03:46:01Z,5126D28402R2N,5126D,,SCHEDULED,120,2.0
2026-08-16T03:46:01Z,5126D25602R1,5126D,,SCHEDULED,120,2.0
2026-08-16T03:46:01Z,5126D25601R1,5126D,,SCHEDULED,0,0.0
2026-08-16T03:46:01Z,5126D28400R2N,5126D,,SCHEDULED,60,1.0
2026-08-16T03:46:01Z,5126D18120R16,5126D,,SCHEDULED,0,0.0
2026-08-16T03:46:01Z,5126D18121R16,5126D,,SCHEDULED,0,0.0
2026-08-16T03:46:01Z,5126D77504R4,5126D,,SCHEDULED,60,1.0
2026-08-16T03:46:01Z,5126D77508R4,5126D,,SCHEDULED,0,0.0
2026-08-16T03:46:01Z,5126D28404R2N,5126D,,SCHEDULED,120,2.0
2026-08-16T03:46:01Z,5126D35518R3,5126D,,SCHEDULED,0,0.0
2026-08-16T03:46:01Z,5126D28250R2S,5126D,,SCHEDULED,60,1.0
2026-08-16T03:46:01Z,5126D77600R4,5126D,,SCHEDULED,60,1.0
2026-08-16T03:46:01Z,6026D26502C3,6026D,,SCHEDULED,0,0.0
2026-08-16T03:46:01Z,6026D26501C3,6026D,,SCHEDULED,120,2.0
2026-08-16T03:46:01Z,6026D26503C3,6026D,,SCHEDULED,180,3.0
2026-08-16T03:46:01Z,6026D29507C2,6026D,,SCHEDULED,0,0.0
2026-08-16T03:46:01Z,6026D26504C3,6026D,,SCHEDULED,0,0.0
2026-08-16T03:46:01Z,6026D26500C3,6026D,,SCHEDULED,60,1.0
2026-08-16T03:46:01Z,6026D29504C2,6026D,,SCHEDULED,0,0.0
2026-08-16T03:46:01Z,6026D71503C4,6026D,,SCHEDULED,0,0.0
2026-08-16T03:46:01Z,6026D71500C4,6026D,,SCHEDULED,0,0.0
2026-08-16T03:46:01Z,6126D81702C1,6126D,,SCHEDULED,0,0.0
2026-08-16T03:46:01Z,6126D32769C1,6126D,,SCHEDULED,0,0.0
2026-08-16T03:46:01Z,6126D35680C1,6126D,,SCHEDULED,60,1.0
2026-08-16T03:46:01Z,6226D71152C2,6226D,,SCHEDULED,0,0.0
2026-08-16T03:46:01Z,4726D71080C1,4726D,,SCHEDULED,0,0.0
2026-08-16T03:46:01Z,2026D22101C1,2026D,,SCHEDULED,60,1.0
2026-08-16T03:46:01Z,2026D22004C1,2026D,,SCHEDULED,0,0.0
2026-08-16T03:46:01Z,2026D22002C1,2026D,,SCHEDULED,0,0.0
2026-08-16T03:46:01Z,1026D76683C5,1026D,,SCHEDULED,0,0.0
2026-08-16T03:46:01Z,1026D76366C5,1026D,,SCHEDULED,0,0.0
2026-08-16T03:46:01Z,1026D76685C5,1026D,,SCHEDULED,0,0.0
2026-08-16T03:46:01Z,1026D76687C5,1026D,,SCHEDULED,0,0.0
2026-08-16T03:46:01Z,1026D76203C5,1026D,,SCHEDULED,0,0.0
2026-08-16T03:46:01Z,1026D76204C5,1026D,,SCHEDULED,0,0.0
2026-08-16T03:46:01Z,1026D19805C1,1026D,,SCHEDULED,0,0.0
2026-08-16T03:46:01Z,1026D19800C1,1026D,,SCHEDULED,0,0.0
2026-08-16T03:46:01Z,1026D79806C2,1026D,,SCHEDULED,0,0.0
2026-08-16T03:46:01Z,1026D79808C8a,1026D,,CANCELED,,
2026-08-16T03:46:01Z,1026D76360C5,1026D,,SCHEDULED,0,0.0
2026-08-16T03:46:01Z,1026D76680C5,1026D,,SCHEDULED,0,0.0
2026-08-16T03:46:01Z,1026D76362C5,1026D,,SCHEDULED,0,0.0
2026-08-16T03:46:01Z,1026D76681C5,1026D,,SCHEDULED,180,3.0
2026-08-16T03:46:01Z,1026D76364C5,1026D,,SCHEDULED,0,0.0
2026-08-16T03:46:01Z,1026D76357C5,1026D,,SCHEDULED,0,0.0
2026-08-16T03:46:01Z,1026D76676C5,1026D,,SCHEDULED,0,0.0
2026-08-16T03:46:01Z,1026D76358C5,1026D,,SCHEDULED,0,0.0
2026-08-16T03:46:01Z,1026D76359C5,1026D,,SCHEDULED,0,0.0
2026-08-16T03:46:01Z,1026D76678C5,1026D,,SCHEDULED,0,0.0
2026-08-16T03:46:01Z,1026D79505C2,1026D,,SCHEDULED,0,0.0
2026-08-16T03:46:01Z,1026D76679C5,1026D,,SCHEDULED,0,0.0
2026-08-16T03:46:01Z,1026D79509C2,1026D,,SCHEDULED,0,0.0
2026-08-16T03:46:01Z,1026D19803C1,1026D,,SCHEDULED,0,0.0
2026-08-16T03:46:01Z,1026D79102C7,1026D,,SCHEDULED,-120,-2.0
2026-08-16T03:46:01Z,1026D76672C5,1026D,,SCHEDULED,60,1.0
2026-08-16T03:46:01Z,1026D76353C5,1026D,,SCHEDULED,0,0.0
2026-08-16T03:46:01Z,1026D76355C5,1026D,,SCHEDULED,0,0.0
2026-08-16T03:46:01Z,1026D76674C5,1026D,,SCHEDULED,0,0.0
2026-08-16T03:46:01Z,1026D76356C5,1026D,,SCHEDULED,60,1.0
2026-08-16T03:46:01Z,1026D27202C4,1026D,,SCHEDULED,0,0.0
2026-08-16T03:46:01Z,1026D27001C3,1026D,,SCHEDULED,360,6.0
2026-08-16T03:46:01Z,1026D27002C3,1026D,,SCHEDULED,0,0.0
2026-08-16T03:46:01Z,1026D19799C1,1026D,,SCHEDULED,360,6.0
2026-08-16T03:46:01Z,1026D27413C4b,1026D,,SCHEDULED,0,0.0
2026-08-16T03:46:01Z,1026D79202C7,1026D,,SCHEDULED,0,0.0
2026-08-16T03:46:01Z,1026D27212C4a,1026D,,SCHEDULED,0,0.0
2026-08-16T03:46:01Z,1026D79205C7,1026D,,SCHEDULED,540,9.0
2026-08-16T03:46:01Z,1026D27411C4b,1026D,,SCHEDULED,60,1.0
2026-08-16T03:46:01Z,1026D79402C2,1026D,,SCHEDULED,0,0.0
2026-08-16T03:46:01Z,1026D27210C4a,1026D,,SCHEDULED,840,14.0
2026-08-16T03:46:01Z,1026D79206C7,1026D,,SCHEDULED,0,0.0
2026-08-16T03:46:01Z,1026D27211C4a,1026D,,SCHEDULED,0,0.0
2026-08-16T03:46:01Z,1026D79604C10,1026D,,SCHEDULED,0,0.0
2026-08-16T03:46:01Z,1026D79406C2,1026D,,SCHEDULED,-60,-1.0
2026-08-16T03:46:01Z,1026D27409C4b,1026D,,SCHEDULED,180,3.0
2026-08-16T03:46:01Z,1026D27205C4a,1026D,,SCHEDULED,60,1.0
2026-08-16T03:46:01Z,1026D27206C4,1026D,,SCHEDULED,60,1.0
2026-08-16T03:46:01Z,1026D27404C4b,1026D,,SCHEDULED,840,14.0
2026-08-16T03:46:01Z,1026D27402C4,1026D,,SCHEDULED,0,0.0
2026-08-16T03:46:01Z,1026D27204C4,1026D,,SCHEDULED,420,7.0
2026-08-16T03:46:01Z,1026D27407C4b,1026D,,SCHEDULED,240,4.0
2026-08-16T03:46:01Z,1026D27209C4a,1026D,,SCHEDULED,180,3.0
2026-08-16T03:46:01Z,1026D27207C4a,1026D,,SCHEDULED,0,0.0
2026-08-16T03:46:01Z,1026D27405C4b,1026D,,SCHEDULED,60,1.0
2026-08-16T03:46:01Z,1026D27208C4,1026D,,SCHEDULED,0,0.0
2026-08-16T03:46:01Z,1026D27000C3,1026D,,SCHEDULED,180,3.0
2026-08-16T03:46:01Z,1026D79213C7,1026D,,SCHEDULED,0,0.0
2026-08-16T03:46:01Z,1026D27003C3,1026D,,SCHEDULED,0,0.0
2026-08-16T03:51:05Z,3026D23501C1,3026D,,SCHEDULED,60,1.0
2026-08-16T03:51:05Z,3026D23502C1,3026D,,SCHEDULED,0,0.0
2026-08-16T03:51:05Z,3226D23303C1,3226D,,SCHEDULED,60,1.0
2026-08-16T03:51:05Z,3226D35511C1,3226D,,SCHEDULED,60,1.0
2026-08-16T03:51:05Z,3226D23151C2,3226D,,SCHEDULED,0,0.0
2026-08-16T03:51:05Z,4026D24103C2,4026D,,SCHEDULED,300,5.0
2026-08-16T03:51:05Z,4026D24002C2,4026D,,SCHEDULED,0,0.0
2026-08-16T03:51:05Z,4026D84004C2,4026D,,SCHEDULED,0,0.0
2026-08-16T03:51:05Z,5126D25604R1,5126D,,SCHEDULED,120,2.0
2026-08-16T03:51:05Z,5126D25702R1,5126D,,SCHEDULED,60,1.0
2026-08-16T03:51:05Z,5126D28264R2S,5126D,,SCHEDULED,360,6.0
2026-08-16T03:51:05Z,5126D28263R2S,5126D,,SCHEDULED,-60,-1.0
2026-08-16T03:51:05Z,5126D28400R2N,5126D,,SCHEDULED,60,1.0
2026-08-16T03:51:05Z,5126D77504R4,5126D,,SCHEDULED,0,0.0
2026-08-16T03:51:05Z,5126D77508R4,5126D,,SCHEDULED,0,0.0
2026-08-16T03:51:05Z,5126D35518R3,5126D,,SCHEDULED,0,0.0
2026-08-16T03:51:05Z,5126D28250R2S,5126D,,SCHEDULED,60,1.0
2026-08-16T03:51:05Z,5126D25400R2,5126D,,SCHEDULED,240,4.0
2026-08-16T03:51:05Z,5126D28402R2N,5126D,,SCHEDULED,120,2.0
2026-08-16T03:51:05Z,5126D25602R1,5126D,,SCHEDULED,60,1.0
2026-08-16T03:51:05Z,5126D25601R1,5126D,,SCHEDULED,-60,-1.0
2026-08-16T03:51:05Z,5126D77600R4,5126D,,SCHEDULED,120,2.0
2026-08-16T03:51:05Z,5126D18120R16,5126D,,SCHEDULED,0,0.0
2026-08-16T03:51:05Z,5126D18121R16,5126D,,SCHEDULED,180,3.0
2026-08-16T03:51:05Z,5126D15000R15,5126D,,SCHEDULED,-60,-1.0
2026-08-16T03:51:05Z,5126D28404R2N,5126D,,SCHEDULED,60,1.0
2026-08-16T03:51:05Z,6026D26502C3,6026D,,SCHEDULED,60,1.0
2026-08-16T03:51:05Z,6026D26501C3,6026D,,SCHEDULED,120,2.0
2026-08-16T03:51:05Z,6026D26503C3,6026D,,SCHEDULED,240,4.0
2026-08-16T03:51:05Z,6026D26500C3,6026D,,SCHEDULED,60,1.0
2026-08-16T03:51:05Z,6026D29504C2,6026D,,SCHEDULED,0,0.0
2026-08-16T03:51:05Z,6026D29507C2,6026D,,SCHEDULED,0,0.0
2026-08-16T03:51:05Z,6026D26504C3,6026D,,SCHEDULED,0,0.0
2026-08-16T03:51:05Z,6026D71503C4,6026D,,SCHEDULED,0,0.0
2026-08-16T03:51:05Z,6026D71500C4,6026D,,SCHEDULED,0,0.0
2026-08-16T03:51:05Z,6126D81702C1,6126D,,SCHEDULED,0,0.0
2026-08-16T03:51:05Z,6126D32700C1,6126D,,SCHEDULED,0,0.0
2026-08-16T03:51:05Z,6126D32769C1,6126D,,SCHEDULED,0,0.0
2026-08-16T03:51:05Z,6126D35680C1,6126D,,SCHEDULED,-120,-2.0
2026-08-16T03:51:05Z,6226D71152C2,6226D,,SCHEDULED,0,0.0
2026-08-16T03:51:05Z,4726D71080C1,4726D,,SCHEDULED,0,0.0
2026-08-16T03:51:05Z,2026D22101C1,2026D,,SCHEDULED,60,1.0
2026-08-16T03:51:05Z,2026D22004C1,2026D,,SCHEDULED,0,0.0
2026-08-16T03:51:05Z,2026D22002C1,2026D,,SCHEDULED,0,0.0
2026-08-16T03:51:05Z,1026D79808C8a,1026D,,SCHEDULED,120,2.0
2026-08-16T03:51:05Z,1026D76360C5,1026D,,SCHEDULED,60,1.0
2026-08-16T03:51:05Z,1026D76361C5,1026D,,SCHEDULED,0,0.0
2026-08-16T03:51:05Z,1026D76680C5,1026D,,SCHEDULED,0,0.0
2026-08-16T03:51:05Z,1026D76362C5,1026D,,SCHEDULED,0,0.0
2026-08-16T03:51:05Z,1026D76681C5,1026D,,SCHEDULED,180,3.0
2026-08-16T03:51:05Z,1026D76364C5,1026D,,SCHEDULED,0,0.0
2026-08-16T03:51:05Z,1026D76683C5,1026D,,SCHEDULED,0,0.0
2026-08-16T03:51:05Z,1026D76366C5,1026D,,SCHEDULED,0,0.0
2026-08-16T03:51:05Z,1026D76685C5,1026D,,SCHEDULED,0,0.0
2026-08-16T03:51:05Z,1026D76687C5,1026D,,SCHEDULED,0,0.0
2026-08-16T03:51:05Z,1026D76203C5,1026D,,SCHEDULED,0,0.0
2026-08-16T03:51:05Z,1026D76204C5,1026D,,SCHEDULED,0,0.0
2026-08-16T03:51:05Z,1026D76205C5,1026D,,SCHEDULED,0,0.0
2026-08-16T03:51:05Z,1026D19805C1,1026D,,SCHEDULED,0,0.0
2026-08-16T03:51:05Z,1026D76674C5,1026D,,SCHEDULED,60,1.0
2026-08-16T03:51:05Z,1026D76676C5,1026D,,SCHEDULED,120,2.0
2026-08-16T03:51:05Z,1026D76357C5,1026D,,SCHEDULED,180,3.0
2026-08-16T03:51:05Z,1026D76358C5,1026D,,SCHEDULED,0,0.0
2026-08-16T03:51:05Z,1026D76359C5,1026D,,SCHEDULED,0,0.0
2026-08-16T03:51:05Z,1026D76678C5,1026D,,SCHEDULED,0,0.0
2026-08-16T03:51:05Z,1026D79505C2,1026D,,SCHEDULED,0,0.0
2026-08-16T03:51:05Z,1026D79509C2,1026D,,SCHEDULED,0,0.0
2026-08-16T03:51:05Z,1026D19800C1,1026D,,SCHEDULED,0,0.0
2026-08-16T03:51:05Z,1026D19803C1,1026D,,SCHEDULED,180,3.0
2026-08-16T03:51:05Z,1026D19802C1,1026D,,SCHEDULED,0,0.0
2026-08-16T03:51:05Z,1026D79102C7,1026D,,SCHEDULED,180,3.0
2026-08-16T03:51:05Z,1026D76672C5,1026D,,SCHEDULED,0,0.0
2026-08-16T03:51:05Z,1026D76353C5,1026D,,SCHEDULED,60,1.0
2026-08-16T03:51:05Z,1026D79103C7,1026D,,SCHEDULED,0,0.0
2026-08-16T03:51:05Z,1026D76355C5,1026D,,SCHEDULED,0,0.0
2026-08-16T03:51:05Z,1026D27003C3,1026D,,SCHEDULED,0,0.0
2026-08-16T03:51:05Z,1026D27202C4,1026D,,SCHEDULED,60,1.0
2026-08-16T03:51:05Z,1026D27001C3,1026D,,SCHEDULED,240,4.0
2026-08-16T03:51:05Z,1026D27002C3,1026D,,SCHEDULED,0,0.0
2026-08-16T03:51:05Z,1026D27413C4b,1026D,,SCHEDULED,0,0.0
2026-08-16T03:51:05Z,1026D79202C7,1026D,,SCHEDULED,120,2.0
2026-08-16T03:51:05Z,1026D27212C4a,1026D,,SCHEDULED,0,0.0
2026-08-16T03:51:05Z,1026D79205C7,1026D,,SCHEDULED,600,10.0
2026-08-16T03:51:05Z,1026D27409C4b,1026D,,SCHEDULED,180,3.0
2026-08-16T03:51:05Z,1026D27205C4a,1026D,,SCHEDULED,300,5.0
2026-08-16T03:51:05Z,1026D27404C4b,1026D,,SCHEDULED,0,0.0
2026-08-16T03:51:05Z,1026D27206C4,1026D,,SCHEDULED,60,1.0
2026-08-16T03:51:05Z,1026D27411C4b,1026D,,SCHEDULED,360,6.0
2026-08-16T03:51:05Z,1026D27402C4,1026D,,SCHEDULED,0,0.0
2026-08-16T03:51:05Z,1026D27204C4,1026D,,SCHEDULED,720,12.0
2026-08-16T03:51:05Z,1026D79402C2,1026D,,SCHEDULED,0,0.0
2026-08-16T03:51:05Z,1026D27407C4b,1026D,,SCHEDULED,540,9.0
2026-08-16T03:51:05Z,1026D27209C4a,1026D,,SCHEDULED,60,1.0
2026-08-16T03:51:05Z,1026D27210C4a,1026D,,SCHEDULED,60,1.0
2026-08-16T03:51:05Z,1026D27207C4a,1026D,,SCHEDULED,0,0.0
2026-08-16T03:51:05Z,1026D27405C4b,1026D,,SCHEDULED,240,4.0
2026-08-16T03:51:05Z,1026D27406C4b,1026D,,SCHEDULED,0,0.0
2026-08-16T03:51:05Z,1026D79206C7,1026D,,SCHEDULED,0,0.0
2026-08-16T03:51:05Z,1026D27208C4,1026D,,SCHEDULED,0,0.0
2026-08-16T03:51:05Z,1026D27000C3,1026D,,SCHEDULED,120,2.0
2026-08-16T03:51:05Z,1026D27211C4a,1026D,,SCHEDULED,0,0.0
2026-08-16T03:51:05Z,1026D79604C10,1026D,,SCHEDULED,0,0.0
2026-08-16T03:51:05Z,1026D79213C7,1026D,,SCHEDULED,0,0.0
2026-08-16T03:51:05Z,1026D79810C8a,1026D,,SCHEDULED,0,0.0
2026-08-16T03:51:05Z,1026D79406C2,1026D,,SCHEDULED,240,4.0
2026-08-16T03:51:05Z,1026D79806C2,1026D,,SCHEDULED,0,0.0
2026-08-16T03:55:54Z,3026D23501C1,3026D,,SCHEDULED,60,1.0
2026-08-16T03:55:54Z,3026D23502C1,3026D,,SCHEDULED,0,0.0
2026-08-16T03:55:54Z,3226D23302C1,3226D,,SCHEDULED,0,0.0
2026-08-16T03:55:54Z,3226D23303C1,3226D,,SCHEDULED,0,0.0
2026-08-16T03:55:54Z,3226D23151C2,3226D,,SCHEDULED,60,1.0
2026-08-16T03:55:54Z,4026D24002C2,4026D,,SCHEDULED,60,1.0
2026-08-16T03:55:54Z,4026D24103C2,4026D,,SCHEDULED,300,5.0
2026-08-16T03:55:54Z,4026D24003C2,4026D,,SCHEDULED,0,0.0
2026-08-16T03:55:54Z,4026D84004C2,4026D,,SCHEDULED,0,0.0
2026-08-16T03:55:54Z,4026D24001C2,4026D,,SCHEDULED,180,3.0
2026-08-16T03:55:54Z,5126D25601R1,5126D,,SCHEDULED,60,1.0
2026-08-16T03:55:54Z,5126D25604R1,5126D,,SCHEDULED,240,4.0
2026-08-16T03:55:54Z,5126D28264R2S,5126D,,SCHEDULED,240,4.0
2026-08-16T03:55:54Z,5126D28263R2S,5126D,,SCHEDULED,60,1.0
2026-08-16T03:55:54Z,5126D77400R4,5126D,,SCHEDULED,60,1.0
2026-08-16T03:55:54Z,5126D77504R4,5126D,,SCHEDULED,-60,-1.0
2026-08-16T03:55:54Z,5126D35518R3,5126D,,SCHEDULED,60,1.0
2026-08-16T03:55:54Z,5126D28250R2S,5126D,,SCHEDULED,120,2.0
2026-08-16T03:55:54Z,5126D28400R2N,5126D,,SCHEDULED,60,1.0
2026-08-16T03:55:54Z,5126D25400R2,5126D,,SCHEDULED,300,5.0
2026-08-16T03:55:54Z,5126D25501R2S,5126D,,SCHEDULED,180,3.0
2026-08-16T03:55:54Z,5126D28556R2N,5126D,,SCHEDULED,240,4.0
2026-08-16T03:55:54Z,5126D28402R2N,5126D,,SCHEDULED,120,2.0
2026-08-16T03:55:54Z,5126D77600R4,5126D,,SCHEDULED,240,4.0
2026-08-16T03:55:54Z,5126D25602R1,5126D,,SCHEDULED,180,3.0
2026-08-16T03:55:54Z,5126D25606R1,5126D,,SCHEDULED,-60,-1.0
2026-08-16T03:55:54Z,5126D18120R16,5126D,,SCHEDULED,0,0.0
2026-08-16T03:55:54Z,5126D18121R16,5126D,,SCHEDULED,-120,-2.0
2026-08-16T03:55:54Z,5126D15000R15,5126D,,SCHEDULED,0,0.0
2026-08-16T03:55:54Z,5126D28404R2N,5126D,,SCHEDULED,60,1.0
2026-08-16T03:55:54Z,6026D26501C3,6026D,,SCHEDULED,180,3.0
2026-08-16T03:55:54Z,6026D29608C1,6026D,,SCHEDULED,0,0.0
2026-08-16T03:55:54Z,6026D26503C3,6026D,,SCHEDULED,180,3.0
2026-08-16T03:55:54Z,6026D29507C2,6026D,,SCHEDULED,120,2.0
2026-08-16T03:55:54Z,6026D26504C3,6026D,,SCHEDULED,-60,-1.0
2026-08-16T03:55:54Z,6026D26500C3,6026D,,SCHEDULED,120,2.0
2026-08-16T03:55:54Z,6026D29504C2,6026D,,SCHEDULED,60,1.0
2026-08-16T03:55:54Z,6026D26502C3,6026D,,SCHEDULED,-60,-1.0
2026-08-16T03:55:54Z,6026D71503C4,6026D,,SCHEDULED,0,0.0
2026-08-16T03:55:54Z,6026D71500C4,6026D,,SCHEDULED,0,0.0
2026-08-16T03:55:54Z,6126D32769C1,6126D,,SCHEDULED,0,0.0
2026-08-16T03:55:54Z,6126D81769C1,6126D,,SCHEDULED,0,0.0
2026-08-16T03:55:54Z,6126D32701C1,6126D,,SCHEDULED,0,0.0
2026-08-16T03:55:54Z,6126D32700C1,6126D,,SCHEDULED,0,0.0
2026-08-16T03:55:54Z,6126D35680C1,6126D,,SCHEDULED,-60,-1.0
2026-08-16T03:55:54Z,6226D71152C2,6226D,,SCHEDULED,60,1.0
2026-08-16T03:55:54Z,4726D71080C1,4726D,,SCHEDULED,0,0.0
2026-08-16T03:55:54Z,2026D22004C1,2026D,,SCHEDULED,0,0.0
2026-08-16T03:55:54Z,2026D22002C1,2026D,,SCHEDULED,0,0.0
2026-08-16T03:55:54Z,1026D79406C2,1026D,,SCHEDULED,540,9.0
2026-08-16T03:55:54Z,1026D79806C2,1026D,,SCHEDULED,0,0.0
2026-08-16T03:55:54Z,1026D79808C8a,1026D,,SCHEDULED,120,2.0
2026-08-16T03:55:54Z,1026D76360C5,1026D,,SCHEDULED,0,0.0
2026-08-16T03:55:54Z,1026D76361C5,1026D,,SCHEDULED,0,0.0
2026-08-16T03:55:54Z,1026D76680C5,1026D,,SCHEDULED,0,0.0
2026-08-16T03:55:54Z,1026D76362C5,1026D,,SCHEDULED,240,4.0
2026-08-16T03:55:54Z,1026D76681C5,1026D,,SCHEDULED,0,0.0
2026-08-16T03:55:54Z,1026D76682C5,1026D,,SCHEDULED,0,0.0
2026-08-16T03:55:54Z,1026D76683C5,1026D,,SCHEDULED,0,0.0
2026-08-16T03:55:54Z,1026D76364C5,1026D,,SCHEDULED,180,3.0
2026-08-16T03:55:54Z,1026D76366C5,1026D,,SCHEDULED,0,0.0
2026-08-16T03:55:54Z,1026D76685C5,1026D,,SCHEDULED,180,3.0
2026-08-16T03:55:54Z,1026D76368C5,1026D,,SCHEDULED,0,0.0
2026-08-16T03:55:54Z,1026D76687C5,1026D,,SCHEDULED,0,0.0
2026-08-16T03:55:54Z,1026D76204C5,1026D,,SCHEDULED,0,0.0
2026-08-16T03:55:54Z,1026D76689C5,1026D,,SCHEDULED,0,0.0
2026-08-16T03:55:54Z,1026D76205C5,1026D,,SCHEDULED,0,0.0
2026-08-16T03:55:54Z,1026D19805C1,1026D,,SCHEDULED,0,0.0
2026-08-16T03:55:54Z,1026D19800C1,1026D,,SCHEDULED,60,1.0
2026-08-16T03:55:54Z,1026D19803C1,1026D,,SCHEDULED,480,8.0
2026-08-16T03:55:54Z,1026D19802C1,1026D,,SCHEDULED,0,0.0
2026-08-16T03:55:54Z,1026D79102C7,1026D,,SCHEDULED,480,8.0
2026-08-16T03:55:54Z,1026D76353C5,1026D,,SCHEDULED,60,1.0
2026-08-16T03:55:54Z,1026D79103C7,1026D,,SCHEDULED,0,0.0
2026-08-16T03:55:54Z,1026D76355C5,1026D,,SCHEDULED,60,1.0
2026-08-16T03:55:54Z,1026D76674C5,1026D,,SCHEDULED,60,1.0
2026-08-16T03:55:54Z,1026D76676C5,1026D,,SCHEDULED,0,0.0
2026-08-16T03:55:54Z,1026D76357C5,1026D,,SCHEDULED,480,8.0
2026-08-16T03:55:54Z,1026D76358C5,1026D,,SCHEDULED,60,1.0
2026-08-16T03:55:54Z,1026D76359C5,1026D,,SCHEDULED,0,0.0
2026-08-16T03:55:54Z,1026D76678C5,1026D,,SCHEDULED,0,0.0
2026-08-16T03:55:54Z,1026D79505C2,1026D,,SCHEDULED,60,1.0
2026-08-16T03:55:54Z,1026D79509C2,1026D,,SCHEDULED,0,0.0
2026-08-16T03:55:54Z,1026D27003C3,1026D,,SCHEDULED,300,5.0
2026-08-16T03:55:54Z,1026D27004C3,1026D,,SCHEDULED,0,0.0
2026-08-16T03:55:54Z,1026D27202C4,1026D,,SCHEDULED,420,7.0
2026-08-16T03:55:54Z,1026D27001C3,1026D,,SCHEDULED,60,1.0
2026-08-16T03:55:54Z,1026D79217C7,1026D,,SCHEDULED,0,0.0
2026-08-16T03:55:54Z,1026D27002C3,1026D,,SCHEDULED,60,1.0
2026-08-16T03:55:54Z,1026D27413C4b,1026D,,SCHEDULED,0,0.0
2026-08-16T03:55:54Z,1026D27212C4a,1026D,,SCHEDULED,0,0.0
2026-08-16T03:55:54Z,1026D79205C7,1026D,,SCHEDULED,660,11.0
2026-08-16T03:55:54Z,1026D27213C4a,1026D,,CANCELED,,
2026-08-16T03:55:54Z,1026D27411C4b,1026D,,SCHEDULED,120,2.0
2026-08-16T03:55:54Z,1026D79402C2,1026D,,SCHEDULED,120,2.0
2026-08-16T03:55:54Z,1026D27210C4a,1026D,,SCHEDULED,60,1.0
2026-08-16T03:55:54Z,1026D79206C7,1026D,,SCHEDULED,0,0.0
2026-08-16T03:55:54Z,1026D27211C4a,1026D,,SCHEDULED,0,0.0
2026-08-16T03:55:54Z,1026D79604C10,1026D,,SCHEDULED,0,0.0
2026-08-16T03:55:54Z,1026D27409C4b,1026D,,SCHEDULED,240,4.0
2026-08-16T03:55:54Z,1026D27205C4a,1026D,,SCHEDULED,360,6.0
2026-08-16T03:55:54Z,1026D27404C4b,1026D,,SCHEDULED,180,3.0
2026-08-16T03:55:54Z,1026D27206C4,1026D,,SCHEDULED,0,0.0
2026-08-16T03:55:54Z,1026D27005C3,1026D,,SCHEDULED,0,0.0
2026-08-16T03:55:54Z,1026D27402C4,1026D,,SCHEDULED,0,0.0
2026-08-16T03:55:54Z,1026D27204C4,1026D,,SCHEDULED,1020,17.0
2026-08-16T03:55:54Z,1026D27407C4b,1026D,,SCHEDULED,0,0.0
2026-08-16T03:55:54Z,1026D27209C4a,1026D,,SCHEDULED,360,6.0
2026-08-16T03:55:54Z,1026D79210C7,1026D,,SCHEDULED,0,0.0
2026-08-16T03:55:54Z,1026D27207C4a,1026D,,SCHEDULED,240,4.0
2026-08-16T03:55:54Z,1026D27405C4b,1026D,,SCHEDULED,0,0.0
2026-08-16T03:55:54Z,1026D27406C4b,1026D,,SCHEDULED,0,0.0
2026-08-16T03:55:54Z,1026D27208C4,1026D,,SCHEDULED,0,0.0
2026-08-16T03:55:54Z,1026D27000C3,1026D,,SCHEDULED,60,1.0
2026-08-16T03:55:54Z,1026D79213C7,1026D,,SCHEDULED,0,0.0
2026-08-16T03:55:54Z,1026D79810C8a,1026D,,SCHEDULED,0,0.0
2026-08-16T04:01:26Z,3026D23501C1,3026D,,SCHEDULED,240,4.0
2026-08-16T04:01:26Z,3026D23506C1,3026D,,SCHEDULED,0,0.0
2026-08-16T04:01:26Z,3026D23502C1,3026D,,SCHEDULED,0,0.0
2026-08-16T04:01:26Z,3226D23302C1,3226D,,SCHEDULED,0,0.0
2026-08-16T04:01:26Z,3226D23305C1,3226D,,SCHEDULED,0,0.0
2026-08-16T04:01:26Z,3226D23303C1,3226D,,SCHEDULED,60,1.0
2026-08-16T04:01:26Z,3226D35511C1,3226D,,SCHEDULED,0,0.0
2026-08-16T04:01:26Z,3226D23151C2,3226D,,SCHEDULED,60,1.0
2026-08-16T04:01:26Z,4026D24002C2,4026D,,SCHEDULED,0,0.0
2026-08-16T04:01:26Z,4026D84004C2,4026D,,SCHEDULED,0,0.0
2026-08-16T04:01:26Z,4026D24001C2,4026D,,SCHEDULED,60,1.0
2026-08-16T04:01:26Z,4026D24003C2,4026D,,SCHEDULED,0,0.0
2026-08-16T04:01:26Z,4026D24103C2,4026D,,SCHEDULED,300,5.0
2026-08-16T04:01:26Z,5126D25602R1,5126D,,SCHEDULED,-60,-1.0
2026-08-16T04:01:26Z,5126D18121R16,5126D,,SCHEDULED,-60,-1.0
2026-08-16T04:01:26Z,5126D25502R2S,5126D,,SCHEDULED,0,0.0
2026-08-16T04:01:26Z,5126D25601R1,5126D,,SCHEDULED,-60,-1.0
2026-08-16T04:01:26Z,5126D25604R1,5126D,,SCHEDULED,120,2.0
2026-08-16T04:01:26Z,5126D28404R2N,5126D,,SCHEDULED,60,1.0
2026-08-16T04:01:26Z,5126D35518R3,5126D,,SCHEDULED,60,1.0
2026-08-16T04:01:26Z,5126D28402R2N,5126D,,SCHEDULED,120,2.0
2026-08-16T04:01:26Z,5126D28250R2S,5126D,,SCHEDULED,60,1.0
2026-08-16T04:01:26Z,5126D25606R1,5126D,,SCHEDULED,60,1.0
2026-08-16T04:01:26Z,5126D35516R3,5126D,,SCHEDULED,300,5.0
2026-08-16T04:01:26Z,5126D15000R15,5126D,,SCHEDULED,60,1.0
2026-08-16T04:01:26Z,5126D25400R2,5126D,,SCHEDULED,240,4.0
2026-08-16T04:01:26Z,5126D25501R2S,5126D,,SCHEDULED,0,0.0
2026-08-16T04:01:26Z,5126D28556R2N,5126D,,SCHEDULED,120,2.0
2026-08-16T04:01:26Z,5126D28264R2S,5126D,,SCHEDULED,180,3.0
2026-08-16T04:01:26Z,5126D28263R2S,5126D,,SCHEDULED,-60,-1.0
2026-08-16T04:01:26Z,5126D77600R4,5126D,,SCHEDULED,60,1.0
2026-08-16T04:01:26Z,5126D77400R4,5126D,,SCHEDULED,300,5.0
2026-08-16T04:01:26Z,5126D77504R4,5126D,,SCHEDULED,60,1.0
2026-08-16T04:01:26Z,6026D29608C1,6026D,,SCHEDULED,0,0.0
2026-08-16T04:01:26Z,6026D26504C3,6026D,,SCHEDULED,0,0.0
2026-08-16T04:01:26Z,6026D29507C2,6026D,,SCHEDULED,180,3.0
2026-08-16T04:01:26Z,6026D26505C3,6026D,,SCHEDULED,0,0.0
2026-08-16T04:01:26Z,6026D26503C3,6026D,,SCHEDULED,60,1.0
2026-08-16T04:01:26Z,6026D26500C3,6026D,,SCHEDULED,120,2.0
2026-08-16T04:01:26Z,6026D26502C3,6026D,,SCHEDULED,0,0.0
2026-08-16T04:01:26Z,6026D26501C3,6026D,,SCHEDULED,180,3.0
2026-08-16T04:01:26Z,6026D71503C4,6026D,,SCHEDULED,60,1.0
2026-08-16T04:01:26Z,6026D71500C4,6026D,,SCHEDULED,0,0.0
2026-08-16T04:01:26Z,6126D81769C1,6126D,,SCHEDULED,0,0.0
2026-08-16T04:01:26Z,6126D32701C1,6126D,,SCHEDULED,0,0.0
2026-08-16T04:01:26Z,6126D32700C1,6126D,,SCHEDULED,0,0.0
2026-08-16T04:01:26Z,6226D71152C2,6226D,,SCHEDULED,0,0.0
2026-08-16T04:01:26Z,2026D70204C4,2026D,,SCHEDULED,0,0.0
2026-08-16T04:01:26Z,2026D22002C1,2026D,,SCHEDULED,0,0.0
2026-08-16T04:01:26Z,2026D22004C1,2026D,,SCHEDULED,300,5.0
2026-08-16T04:01:26Z,4126D24703C1,4126D,,SCHEDULED,0,0.0
2026-08-16T04:01:26Z,1026D79806C2,1026D,,SCHEDULED,60,1.0
2026-08-16T04:01:26Z,1026D27004C3,1026D,,SCHEDULED,0,0.0
2026-08-16T04:01:26Z,1026D79808C8a,1026D,,SCHEDULED,480,8.0
2026-08-16T04:01:26Z,1026D76360C5,1026D,,SCHEDULED,60,1.0
2026-08-16T04:01:26Z,1026D76361C5,1026D,,SCHEDULED,0,0.0
2026-08-16T04:01:26Z,1026D79217C7,1026D,,SCHEDULED,0,0.0
2026-08-16T04:01:26Z,1026D76680C5,1026D,,SCHEDULED,0,0.0
2026-08-16T04:01:26Z,1026D76362C5,1026D,,SCHEDULED,60,1.0
2026-08-16T04:01:26Z,1026D76681C5,1026D,,SCHEDULED,0,0.0
2026-08-16T04:01:26Z,1026D27002C3,1026D,,SCHEDULED,180,3.0
2026-08-16T04:01:26Z,1026D76363C5,1026D,,SCHEDULED,0,0.0
2026-08-16T04:01:26Z,1026D76682C5,1026D,,SCHEDULED,0,0.0
2026-08-16T04:01:26Z,1026D27413C4b,1026D,,SCHEDULED,180,3.0
2026-08-16T04:01:26Z,1026D76683C5,1026D,,SCHEDULED,0,0.0
2026-08-16T04:01:26Z,1026D76364C5,1026D,,SCHEDULED,480,8.0
2026-08-16T04:01:26Z,1026D76370C5,1026D,,SCHEDULED,0,0.0
2026-08-16T04:01:26Z,1026D76366C5,1026D,,SCHEDULED,0,0.0
2026-08-16T04:01:26Z,1026D76685C5,1026D,,SCHEDULED,540,9.0
2026-08-16T04:01:26Z,1026D76368C5,1026D,,SCHEDULED,0,0.0
2026-08-16T04:01:26Z,1026D76687C5,1026D,,SCHEDULED,0,0.0
2026-08-16T04:01:26Z,1026D79954C8b,1026D,,SCHEDULED,0,0.0
2026-08-16T04:01:26Z,1026D76204C5,1026D,,SCHEDULED,300,5.0
2026-08-16T04:01:26Z,1026D79202C7,1026D,,SCHEDULED,120,2.0
2026-08-16T04:01:26Z,1026D79103C7,1026D,,SCHEDULED,0,0.0
2026-08-16T04:01:26Z,1026D76355C5,1026D,,SCHEDULED,0,0.0
2026-08-16T04:01:26Z,1026D76674C5,1026D,,SCHEDULED,0,0.0
2026-08-16T04:01:26Z,1026D76676C5,1026D,,SCHEDULED,0,0.0
2026-08-16T04:01:26Z,1026D76357C5,1026D,,SCHEDULED,0,0.0
2026-08-16T04:01:26Z,1026D76678C5,1026D,,SCHEDULED,0,0.0
2026-08-16T04:01:26Z,1026D27212C4a,1026D,,SCHEDULED,0,0.0
2026-08-16T04:01:26Z,1026D76359C5,1026D,,SCHEDULED,120,2.0
2026-08-16T04:01:26Z,1026D79505C2,1026D,,SCHEDULED,0,0.0
2026-08-16T04:01:26Z,1026D79509C2,1026D,,SCHEDULED,0,0.0
2026-08-16T04:01:26Z,1026D76689C5,1026D,,SCHEDULED,0,0.0
2026-08-16T04:01:26Z,1026D76205C5,1026D,,SCHEDULED,0,0.0
2026-08-16T04:01:26Z,1026D27213C4a,1026D,,CANCELED,,
2026-08-16T04:01:26Z,1026D27411C4b,1026D,,SCHEDULED,120,2.0
2026-08-16T04:01:26Z,1026D19805C1,1026D,,SCHEDULED,0,0.0
2026-08-16T04:01:26Z,1026D19807C1,1026D,,SCHEDULED,0,0.0
2026-08-16T04:01:26Z,1026D79402C2,1026D,,SCHEDULED,180,3.0
2026-08-16T04:01:26Z,1026D19800C1,1026D,,SCHEDULED,0,0.0
2026-08-16T04:01:26Z,1026D27210C4a,1026D,,SCHEDULED,60,1.0
2026-08-16T04:01:26Z,1026D19803C1,1026D,,SCHEDULED,120,2.0
2026-08-16T04:01:26Z,1026D19802C1,1026D,,SCHEDULED,0,0.0
2026-08-16T04:01:26Z,1026D79206C7,1026D,,SCHEDULED,0,0.0
2026-08-16T04:01:26Z,1026D79102C7,1026D,,SCHEDULED,780,13.0
2026-08-16T04:01:26Z,1026D76353C5,1026D,,SCHEDULED,120,2.0
2026-08-16T04:01:26Z,1026D27211C4a,1026D,,SCHEDULED,0,0.0
2026-08-16T04:01:26Z,1026D27205C4a,1026D,,SCHEDULED,180,3.0
2026-08-16T04:01:26Z,1026D79604C10,1026D,,SCHEDULED,0,0.0
2026-08-16T04:01:26Z,1026D27404C4b,1026D,,SCHEDULED,120,2.0
2026-08-16T04:01:26Z,1026D27206C4,1026D,,SCHEDULED,60,1.0
2026-08-16T04:01:26Z,1026D79406C2,1026D,,SCHEDULED,840,14.0
2026-08-16T04:01:26Z,1026D27005C3,1026D,,SCHEDULED,0,0.0
2026-08-16T04:01:26Z,1026D27402C4,1026D,,SCHEDULED,0,0.0
2026-08-16T04:01:26Z,1026D27204C4,1026D,,SCHEDULED,1320,22.0
2026-08-16T04:01:26Z,1026D27407C4b,1026D,,SCHEDULED,120,2.0
2026-08-16T04:01:26Z,1026D27209C4a,1026D,,SCHEDULED,420,7.0
2026-08-16T04:01:26Z,1026D79210C7,1026D,,SCHEDULED,0,0.0
2026-08-16T04:01:26Z,1026D27207C4a,1026D,,SCHEDULED,600,10.0
2026-08-16T04:01:26Z,1026D27208C4,1026D,,SCHEDULED,0,0.0
2026-08-16T04:01:26Z,1026D27406C4b,1026D,,SCHEDULED,180,3.0
2026-08-16T04:01:26Z,1026D27000C3,1026D,,SCHEDULED,120,2.0
2026-08-16T04:01:26Z,1026D79213C7,1026D,,SCHEDULED,0,0.0
2026-08-16T04:01:26Z,1026D79810C8a,1026D,,SCHEDULED,0,0.0
2026-08-16T04:01:26Z,1026D27003C3,1026D,,SCHEDULED,60,1.0
2026-08-16T04:05:56Z,3026D23501C1,3026D,,SCHEDULED,300,5.0
2026-08-16T04:05:56Z,3026D23506C1,3026D,,SCHEDULED,0,0.0
2026-08-16T04:05:56Z,3026D23502C1,3026D,,SCHEDULED,120,2.0
2026-08-16T04:05:56Z,3226D23302C1,3226D,,SCHEDULED,0,0.0
2026-08-16T04:05:56Z,3226D23305C1,3226D,,SCHEDULED,60,1.0
2026-08-16T04:05:56Z,3226D35511C1,3226D,,SCHEDULED,-60,-1.0
2026-08-16T04:05:56Z,3226D23151C2,3226D,,SCHEDULED,0,0.0
2026-08-16T04:05:56Z,4026D24002C2,4026D,,SCHEDULED,60,1.0
2026-08-16T04:05:56Z,4026D24001C2,4026D,,SCHEDULED,0,0.0
2026-08-16T04:05:56Z,4026D24003C2,4026D,,SCHEDULED,0,0.0
2026-08-16T04:05:56Z,4026D24302C6,4026D,,SCHEDULED,0,0.0
2026-08-16T04:05:56Z,4026D24303C6,4026D,,SCHEDULED,0,0.0
2026-08-16T04:05:56Z,4026D84004C2,4026D,,SCHEDULED,0,0.0
2026-08-16T04:05:56Z,5126D25602R1,5126D,,SCHEDULED,60,1.0
2026-08-16T04:05:56Z,5126D35516R3,5126D,,SCHEDULED,300,5.0
2026-08-16T04:05:56Z,5126D25502R2S,5126D,,SCHEDULED,60,1.0
2026-08-16T04:05:56Z,5126D25601R1,5126D,,SCHEDULED,0,0.0
2026-08-16T04:05:56Z,5126D25604R1,5126D,,SCHEDULED,60,1.0
2026-08-16T04:05:56Z,5126D18121R16,5126D,,SCHEDULED,60,1.0
2026-08-16T04:05:56Z,5126D35518R3,5126D,,SCHEDULED,60,1.0
2026-08-16T04:05:56Z,5126D28250R2S,5126D,,SCHEDULED,60,1.0
2026-08-16T04:05:56Z,5126D25606R1,5126D,,SCHEDULED,60,1.0
2026-08-16T04:05:56Z,5126D28404R2N,5126D,,SCHEDULED,60,1.0
2026-08-16T04:05:56Z,5126D25608R1,5126D,,SCHEDULED,180,3.0
2026-08-16T04:05:56Z,5126D28402R2N,5126D,,SCHEDULED,-60,-1.0
2026-08-16T04:05:56Z,5126D15000R15,5126D,,SCHEDULED,60,1.0
2026-08-16T04:05:56Z,5126D25400R2,5126D,,SCHEDULED,180,3.0
2026-08-16T04:05:56Z,5126D25501R2S,5126D,,SCHEDULED,-60,-1.0
2026-08-16T04:05:56Z,5126D28556R2N,5126D,,SCHEDULED,120,2.0
2026-08-16T04:05:56Z,5126D28264R2S,5126D,,SCHEDULED,240,4.0
2026-08-16T04:05:56Z,5126D28263R2S,5126D,,SCHEDULED,60,1.0
2026-08-16T04:05:56Z,5126D77400R4,5126D,,SCHEDULED,180,3.0
2026-08-16T04:05:56Z,5126D77600R4,5126D,,SCHEDULED,120,2.0
2026-08-16T04:05:56Z,5126D77504R4,5126D,,SCHEDULED,120,2.0
2026-08-16T04:05:56Z,5126D77508R4,5126D,,SCHEDULED,-60,-1.0
2026-08-16T04:05:56Z,6026D26504C3,6026D,,SCHEDULED,-60,-1.0
2026-08-16T04:05:56Z,6026D26503C3,6026D,,SCHEDULED,60,1.0
2026-08-16T04:05:56Z,6026D29507C2,6026D,,SCHEDULED,60,1.0
2026-08-16T04:05:56Z,6026D26505C3,6026D,,SCHEDULED,0,0.0
2026-08-16T04:05:56Z,6026D26506C3,6026D,,SCHEDULED,0,0.0
2026-08-16T04:05:56Z,6026D71500C4,6026D,,SCHEDULED,-60,-1.0
2026-08-16T04:05:56Z,6026D26502C3,6026D,,SCHEDULED,60,1.0
2026-08-16T04:05:56Z,6026D29608C1,6026D,,SCHEDULED,0,0.0
2026-08-16T04:05:56Z,6026D71503C4,6026D,,SCHEDULED,-60,-1.0
2026-08-16T04:05:56Z,6026D29611C1,6026D,,SCHEDULED,0,0.0
2026-08-16T04:05:56Z,6126D81769C1,6126D,,SCHEDULED,0,0.0
2026-08-16T04:05:56Z,6126D32701C1,6126D,,SCHEDULED,0,0.0
2026-08-16T04:05:56Z,6126D32700C1,6126D,,SCHEDULED,120,2.0
2026-08-16T04:05:56Z,6126D35680C1,6126D,,SCHEDULED,0,0.0
2026-08-16T04:05:56Z,4726D71080C1,4726D,,SCHEDULED,0,0.0
2026-08-16T04:05:56Z,2026D70204C4,2026D,,SCHEDULED,0,0.0
2026-08-16T04:05:56Z,2026D22002C1,2026D,,SCHEDULED,0,0.0
2026-08-16T04:05:56Z,2026D22004C1,2026D,,SCHEDULED,600,10.0
2026-08-16T04:05:56Z,4126D24703C1,4126D,,SCHEDULED,0,0.0
2026-08-16T04:05:56Z,4126D84904C2,4126D,,SCHEDULED,0,0.0
2026-08-16T04:05:56Z,1026D27202C4,1026D,,SCHEDULED,540,9.0
2026-08-16T04:05:56Z,1026D79406C2,1026D,,SCHEDULED,60,1.0
2026-08-16T04:05:56Z,1026D79217C7,1026D,,SCHEDULED,0,0.0
2026-08-16T04:05:56Z,1026D79806C2,1026D,,SCHEDULED,120,2.0
2026-08-16T04:05:56Z,1026D27002C3,1026D,,SCHEDULED,180,3.0
2026-08-16T04:05:56Z,1026D27415C4b,1026D,,SCHEDULED,0,0.0
2026-08-16T04:05:56Z,1026D79808C8a,1026D,,SCHEDULED,180,3.0
2026-08-16T04:05:56Z,1026D27214C4a,1026D,,SCHEDULED,0,0.0
2026-08-16T04:05:56Z,1026D27413C4b,1026D,,SCHEDULED,480,8.0
2026-08-16T04:05:56Z,1026D76360C5,1026D,,SCHEDULED,60,1.0
2026-08-16T04:05:56Z,1026D76370C5,1026D,,SCHEDULED,0,0.0
2026-08-16T04:05:56Z,1026D76361C5,1026D,,SCHEDULED,0,0.0
2026-08-16T04:05:56Z,1026D76691C5,1026D,,SCHEDULED,0,0.0
2026-08-16T04:05:56Z,1026D76680C5,1026D,,SCHEDULED,0,0.0
2026-08-16T04:05:56Z,1026D76362C5,1026D,,SCHEDULED,0,0.0
2026-08-16T04:05:56Z,1026D76681C5,1026D,,SCHEDULED,60,1.0
2026-08-16T04:05:56Z,1026D79202C7,1026D,,SCHEDULED,180,3.0
2026-08-16T04:05:56Z,1026D76363C5,1026D,,SCHEDULED,0,0.0
2026-08-16T04:05:56Z,1026D76682C5,1026D,,SCHEDULED,0,0.0
2026-08-16T04:05:56Z,1026D76683C5,1026D,,SCHEDULED,0,0.0
2026-08-16T04:05:56Z,1026D27212C4a,1026D,,SCHEDULED,0,0.0
2026-08-16T04:05:56Z,1026D76364C5,1026D,,SCHEDULED,180,3.0
2026-08-16T04:05:56Z,1026D76684C5,1026D,,SCHEDULED,0,0.0
2026-08-16T04:05:56Z,1026D79513C2,1026D,,SCHEDULED,0,0.0
2026-08-16T04:05:56Z,1026D79205C7,1026D,,SCHEDULED,480,8.0
2026-08-16T04:05:56Z,1026D76366C5,1026D,,SCHEDULED,120,2.0
2026-08-16T04:05:56Z,1026D76685C5,1026D,,SCHEDULED,60,1.0
2026-08-16T04:05:56Z,1026D76368C5,1026D,,SCHEDULED,0,0.0
2026-08-16T04:05:56Z,1026D76687C5,1026D,,SCHEDULED,180,3.0
2026-08-16T04:05:56Z,1026D27213C4a,1026D,,CANCELED,,
2026-08-16T04:05:56Z,1026D27411C4b,1026D,,SCHEDULED,360,6.0
2026-08-16T04:05:56Z,1026D19802C1,1026D,,SCHEDULED,0,0.0
2026-08-16T04:05:56Z,1026D79102C7,1026D,,SCHEDULED,0,0.0
2026-08-16T04:05:56Z,1026D79402C2,1026D,,SCHEDULED,0,0.0
2026-08-16T04:05:56Z,1026D79103C7,1026D,,SCHEDULED,0,0.0
2026-08-16T04:05:56Z,1026D76355C5,1026D,,SCHEDULED,0,0.0
2026-08-16T04:05:56Z,1026D27210C4a,1026D,,SCHEDULED,300,5.0
2026-08-16T04:05:56Z,1026D76676C5,1026D,,SCHEDULED,0,0.0
2026-08-16T04:05:56Z,1026D76357C5,1026D,,SCHEDULED,0,0.0
2026-08-16T04:05:56Z,1026D76678C5,1026D,,SCHEDULED,60,1.0
2026-08-16T04:05:56Z,1026D76359C5,1026D,,SCHEDULED,420,7.0
2026-08-16T04:05:56Z,1026D79505C2,1026D,,SCHEDULED,120,2.0
2026-08-16T04:05:56Z,1026D79206C7,1026D,,SCHEDULED,0,0.0
2026-08-16T04:05:56Z,1026D79509C2,1026D,,SCHEDULED,180,3.0
2026-08-16T04:05:56Z,1026D79954C8b,1026D,,SCHEDULED,0,0.0
2026-08-16T04:05:56Z,1026D76204C5,1026D,,SCHEDULED,0,0.0
2026-08-16T04:05:56Z,1026D27211C4a,1026D,,SCHEDULED,120,2.0
2026-08-16T04:05:56Z,1026D76689C5,1026D,,SCHEDULED,0,0.0
2026-08-16T04:05:56Z,1026D76205C5,1026D,,SCHEDULED,0,0.0
2026-08-16T04:05:56Z,1026D19805C1,1026D,,SCHEDULED,0,0.0
2026-08-16T04:05:56Z,1026D79604C10,1026D,,SCHEDULED,0,0.0
2026-08-16T04:05:56Z,1026D27409C4b,1026D,,SCHEDULED,240,4.0
2026-08-16T04:05:56Z,1026D19804C1,1026D,,SCHEDULED,0,0.0
2026-08-16T04:05:56Z,1026D27205C4a,1026D,,SCHEDULED,240,4.0
2026-08-16T04:05:56Z,1026D19807C1,1026D,,SCHEDULED,0,0.0
2026-08-16T04:05:56Z,1026D19800C1,1026D,,SCHEDULED,360,6.0
2026-08-16T04:05:56Z,1026D27404C4b,1026D,,SCHEDULED,120,2.0
2026-08-16T04:05:56Z,1026D19803C1,1026D,,SCHEDULED,0,0.0
2026-08-16T04:05:56Z,1026D27206C4,1026D,,SCHEDULED,120,2.0
2026-08-16T04:05:56Z,1026D27005C3,1026D,,SCHEDULED,0,0.0
2026-08-16T04:05:56Z,1026D27402C4,1026D,,SCHEDULED,60,1.0
2026-08-16T04:05:56Z,1026D27204C4,1026D,,SCHEDULED,1620,27.0
2026-08-16T04:05:56Z,1026D27407C4b,1026D,,SCHEDULED,120,2.0
2026-08-16T04:05:56Z,1026D27209C4a,1026D,,SCHEDULED,180,3.0
2026-08-16T04:05:56Z,1026D79210C7,1026D,,SCHEDULED,0,0.0
2026-08-16T04:05:56Z,1026D27207C4a,1026D,,SCHEDULED,840,14.0
2026-08-16T04:05:56Z,1026D27208C4,1026D,,SCHEDULED,60,1.0
2026-08-16T04:05:56Z,1026D27406C4b,1026D,,SCHEDULED,420,7.0
2026-08-16T04:05:56Z,1026D79213C7,1026D,,SCHEDULED,0,0.0
2026-08-16T04:05:56Z,1026D79810C8a,1026D,,SCHEDULED,0,0.0
2026-08-16T04:05:56Z,1026D27003C3,1026D,,SCHEDULED,0,0.0
2026-08-16T04:05:56Z,1026D27004C3,1026D,,SCHEDULED,0,0.0
2026-08-16T04:11:06Z,3026D23501C1,3026D,,SCHEDULED,300,5.0
2026-08-16T04:11:06Z,3026D23506C1,3026D,,SCHEDULED,0,0.0
2026-08-16T04:11:06Z,3026D23502C1,3026D,,SCHEDULED,180,3.0
2026-08-16T04:11:06Z,3226D23302C1,3226D,,SCHEDULED,0,0.0
2026-08-16T04:11:06Z,3226D35511C1,3226D,,SCHEDULED,-60,-1.0
2026-08-16T04:11:06Z,3226D23305C1,3226D,,SCHEDULED,0,0.0
2026-08-16T04:11:06Z,3226D23151C2,3226D,,SCHEDULED,60,1.0
2026-08-16T04:11:06Z,4026D24001C2,4026D,,SCHEDULED,120,2.0
2026-08-16T04:11:06Z,4026D24002C2,4026D,,SCHEDULED,-120,-2.0
2026-08-16T04:11:06Z,4026D24003C2,4026D,,SCHEDULED,0,0.0
2026-08-16T04:11:06Z,4026D76656C3,4026D,,SCHEDULED,0,0.0
2026-08-16T04:11:06Z,4026D24302C6,4026D,,SCHEDULED,0,0.0
2026-08-16T04:11:06Z,4026D84004C2,4026D,,SCHEDULED,0,0.0
2026-08-16T04:11:06Z,4026D24303C6,4026D,,SCHEDULED,0,0.0
2026-08-16T04:11:06Z,5126D28556R2N,5126D,,SCHEDULED,-60,-1.0
2026-08-16T04:11:06Z,5126D25602R1,5126D,,SCHEDULED,60,1.0
2026-08-16T04:11:06Z,5126D25502R2S,5126D,,SCHEDULED,180,3.0
2026-08-16T04:11:06Z,5126D25601R1,5126D,,SCHEDULED,60,1.0
2026-08-16T04:11:06Z,5126D25604R1,5126D,,SCHEDULED,120,2.0
2026-08-16T04:11:06Z,5126D35516R3,5126D,,SCHEDULED,300,5.0
2026-08-16T04:11:06Z,5126D35518R3,5126D,,SCHEDULED,60,1.0
2026-08-16T04:11:06Z,5126D25606R1,5126D,,SCHEDULED,0,0.0
2026-08-16T04:11:06Z,5126D25608R1,5126D,,SCHEDULED,60,1.0
2026-08-16T04:11:06Z,5126D15000R15,5126D,,SCHEDULED,120,2.0
2026-08-16T04:11:06Z,5126D25400R2,5126D,,SCHEDULED,60,1.0
2026-08-16T04:11:06Z,5126D25600R1,5126D,,SCHEDULED,-300,-5.0
2026-08-16T04:11:06Z,5126D28404R2N,5126D,,SCHEDULED,120,2.0
2026-08-16T04:11:06Z,5126D25402R2N,5126D,,SCHEDULED,0,0.0
2026-08-16T04:11:06Z,5126D28402R2N,5126D,,SCHEDULED,60,1.0
2026-08-16T04:11:06Z,5126D28406R2N,5126D,,SCHEDULED,0,0.0
2026-08-16T04:11:06Z,5126D28264R2S,5126D,,SCHEDULED,120,2.0
2026-08-16T04:11:06Z,5126D77600R4,5126D,,SCHEDULED,60,1.0
2026-08-16T04:11:06Z,5126D28263R2S,5126D,,SCHEDULED,120,2.0
2026-08-16T04:11:06Z,5126D77504R4,5126D,,SCHEDULED,-60,-1.0
2026-08-16T04:11:06Z,5126D77400R4,5126D,,SCHEDULED,240,4.0
2026-08-16T04:11:06Z,5126D77508R4,5126D,,SCHEDULED,120,2.0
2026-08-16T04:11:06Z,6026D26503C3,6026D,,SCHEDULED,0,0.0
2026-08-16T04:11:06Z,6026D26506C3,6026D,,SCHEDULED,0,0.0
2026-08-16T04:11:06Z,6026D26504C3,6026D,,SCHEDULED,0,0.0
2026-08-16T04:11:06Z,6026D29506C2,6026D,,SCHEDULED,0,0.0
2026-08-16T04:11:06Z,6026D26505C3,6026D,,SCHEDULED,0,0.0
2026-08-16T04:11:06Z,6026D71500C4,6026D,,SCHEDULED,0,0.0
2026-08-16T04:11:06Z,6026D26502C3,6026D,,SCHEDULED,0,0.0
2026-08-16T04:11:06Z,6026D29608C1,6026D,,SCHEDULED,60,1.0
2026-08-16T04:11:06Z,6026D29507C2,6026D,,SCHEDULED,60,1.0
2026-08-16T04:11:06Z,6026D71503C4,6026D,,SCHEDULED,0,0.0
2026-08-16T04:11:06Z,6026D29611C1,6026D,,SCHEDULED,0,0.0
2026-08-16T04:11:06Z,6126D81769C1,6126D,,SCHEDULED,0,0.0
2026-08-16T04:11:06Z,6126D32701C1,6126D,,SCHEDULED,-60,-1.0
2026-08-16T04:11:06Z,6126D35680C1,6126D,,SCHEDULED,60,1.0
2026-08-16T04:11:06Z,6126D32700C1,6126D,,SCHEDULED,120,2.0
2026-08-16T04:11:06Z,6226D71152C2,6226D,,SCHEDULED,240,4.0
2026-08-16T04:11:06Z,4726D71080C1,4726D,,SCHEDULED,0,0.0
2026-08-16T04:11:06Z,2026D22002C1,2026D,,SCHEDULED,0,0.0
2026-08-16T04:11:06Z,2026D22105C1,2026D,,SCHEDULED,0,0.0
2026-08-16T04:11:06Z,2026D70204C4,2026D,,SCHEDULED,0,0.0
2026-08-16T04:11:06Z,2026D70932C8,2026D,,SCHEDULED,0,0.0
2026-08-16T04:11:06Z,2026D70402C5,2026D,,CANCELED,,
2026-08-16T04:11:06Z,2026D22004C1,2026D,,SCHEDULED,900,15.0
2026-08-16T04:11:06Z,4126D84904C2,4126D,,SCHEDULED,0,0.0
2026-08-16T04:11:06Z,4126D24703C1,4126D,,SCHEDULED,0,0.0
2026-08-16T04:11:06Z,1026D79604C10,1026D,,SCHEDULED,120,2.0
2026-08-16T04:11:06Z,1026D79406C2,1026D,,SCHEDULED,120,2.0
2026-08-16T04:11:06Z,1026D79807C8a,1026D,,SCHEDULED,0,0.0
2026-08-16T04:11:06Z,1026D79808C8a,1026D,,SCHEDULED,0,0.0
2026-08-16T04:11:06Z,1026D76680C5,1026D,,SCHEDULED,0,0.0
2026-08-16T04:11:06Z,1026D76361C5,1026D,,SCHEDULED,120,2.0
2026-08-16T04:11:06Z,1026D76362C5,1026D,,SCHEDULED,0,0.0
2026-08-16T04:11:06Z,1026D76363C5,1026D,,SCHEDULED,0,0.0
2026-08-16T04:11:06Z,1026D76682C5,1026D,,SCHEDULED,0,0.0
2026-08-16T04:11:06Z,1026D76683C5,1026D,,SCHEDULED,60,1.0
2026-08-16T04:11:06Z,1026D76364C5,1026D,,SCHEDULED,300,5.0
2026-08-16T04:11:06Z,1026D76365C5,1026D,,SCHEDULED,0,0.0
2026-08-16T04:11:06Z,1026D76684C5,1026D,,SCHEDULED,0,0.0
2026-08-16T04:11:06Z,1026D79513C2,1026D,,SCHEDULED,0,0.0
2026-08-16T04:11:06Z,1026D76366C5,1026D,,SCHEDULED,420,7.0
2026-08-16T04:11:06Z,1026D76685C5,1026D,,SCHEDULED,0,0.0
2026-08-16T04:11:06Z,1026D76368C5,1026D,,SCHEDULED,0,0.0
2026-08-16T04:11:06Z,1026D76687C5,1026D,,SCHEDULED,480,8.0
2026-08-16T04:11:06Z,1026D79954C8b,1026D,,SCHEDULED,0,0.0
2026-08-16T04:11:06Z,1026D76204C5,1026D,,SCHEDULED,60,1.0
2026-08-16T04:11:06Z,1026D76689C5,1026D,,SCHEDULED,0,0.0
2026-08-16T04:11:06Z,1026D76205C5,1026D,,SCHEDULED,0,0.0
2026-08-16T04:11:06Z,1026D19805C1,1026D,,SCHEDULED,240,4.0
2026-08-16T04:11:06Z,1026D76206C5,1026D,,SCHEDULED,0,0.0
2026-08-16T04:11:06Z,1026D19804C1,1026D,,SCHEDULED,0,0.0
2026-08-16T04:11:06Z,1026D19807C1,1026D,,SCHEDULED,0,0.0
2026-08-16T04:11:06Z,1026D19802C1,1026D,,SCHEDULED,-60,-1.0
2026-08-16T04:11:06Z,1026D79221C7,1026D,,SCHEDULED,0,0.0
2026-08-16T04:11:06Z,1026D79102C7,1026D,,SCHEDULED,60,1.0
2026-08-16T04:11:06Z,1026D79103C7,1026D,,SCHEDULED,240,4.0
2026-08-16T04:11:06Z,1026D76355C5,1026D,,SCHEDULED,180,3.0
2026-08-16T04:11:06Z,1026D79702C10,1026D,,SCHEDULED,0,0.0
2026-08-16T04:11:06Z,1026D76676C5,1026D,,SCHEDULED,60,1.0
2026-08-16T04:11:06Z,1026D76357C5,1026D,,SCHEDULED,60,1.0
2026-08-16T04:11:06Z,1026D76678C5,1026D,,SCHEDULED,300,5.0
2026-08-16T04:11:06Z,1026D76359C5,1026D,,SCHEDULED,0,0.0
2026-08-16T04:11:06Z,1026D79505C2,1026D,,SCHEDULED,60,1.0
2026-08-16T04:11:06Z,1026D79509C2,1026D,,SCHEDULED,180,3.0
2026-08-16T04:11:06Z,1026D27004C3,1026D,,SCHEDULED,0,0.0
2026-08-16T04:11:06Z,1026D27202C4,1026D,,SCHEDULED,600,10.0
2026-08-16T04:11:06Z,1026D79217C7,1026D,,SCHEDULED,0,0.0
2026-08-16T04:11:06Z,1026D27002C3,1026D,,SCHEDULED,120,2.0
2026-08-16T04:11:06Z,1026D27415C4b,1026D,,SCHEDULED,0,0.0
2026-08-16T04:11:06Z,1026D27214C4a,1026D,,SCHEDULED,0,0.0
2026-08-16T04:11:06Z,1026D27413C4b,1026D,,SCHEDULED,780,13.0
2026-08-16T04:11:06Z,1026D76370C5,1026D,,SCHEDULED,0,0.0
2026-08-16T04:11:06Z,1026D76691C5,1026D,,SCHEDULED,0,0.0
2026-08-16T04:11:06Z,1026D79202C7,1026D,,SCHEDULED,120,2.0
2026-08-16T04:11:06Z,1026D27212C4a,1026D,,SCHEDULED,180,3.0
2026-08-16T04:11:06Z,1026D79205C7,1026D,,SCHEDULED,600,10.0
2026-08-16T04:11:06Z,1026D27213C4a,1026D,,CANCELED,,
2026-08-16T04:11:06Z,1026D27411C4b,1026D,,SCHEDULED,180,3.0
2026-08-16T04:11:06Z,1026D79402C2,1026D,,SCHEDULED,120,2.0
2026-08-16T04:11:06Z,1026D27210C4a,1026D,,SCHEDULED,0,0.0
2026-08-16T04:11:06Z,1026D79206C7,1026D,,SCHEDULED,0,0.0
2026-08-16T04:11:06Z,1026D27211C4a,1026D,,SCHEDULED,420,7.0
2026-08-16T04:11:06Z,1026D27409C4b,1026D,,SCHEDULED,360,6.0
2026-08-16T04:11:06Z,1026D27404C4b,1026D,,SCHEDULED,0,0.0
2026-08-16T04:11:06Z,1026D27206C4,1026D,,SCHEDULED,60,1.0
2026-08-16T04:11:06Z,1026D27005C3,1026D,,SCHEDULED,0,0.0
2026-08-16T04:11:06Z,1026D27006C3,1026D,,SCHEDULED,0,0.0
2026-08-16T04:11:06Z,1026D27402C4,1026D,,SCHEDULED,300,5.0
2026-08-16T04:11:06Z,1026D27204C4,1026D,,SCHEDULED,1920,32.0
2026-08-16T04:11:06Z,1026D27407C4b,1026D,,SCHEDULED,240,4.0
2026-08-16T04:11:06Z,1026D27408C4b,1026D,,SCHEDULED,0,0.0
2026-08-16T04:11:06Z,1026D79210C7,1026D,,SCHEDULED,0,0.0
2026-08-16T04:11:06Z,1026D27207C4a,1026D,,SCHEDULED,300,5.0
2026-08-16T04:11:06Z,1026D27208C4,1026D,,SCHEDULED,360,6.0
2026-08-16T04:11:06Z,1026D27406C4b,1026D,,SCHEDULED,720,12.0
2026-08-16T04:11:06Z,1026D79410C2,1026D,,SCHEDULED,0,0.0
2026-08-16T04:11:06Z,1026D79214C7,1026D,,SCHEDULED,0,0.0
2026-08-16T04:11:06Z,1026D79213C7,1026D,,SCHEDULED,120,2.0
2026-08-16T04:11:06Z,1026D79810C8a,1026D,,SCHEDULED,0,0.0
2026-08-16T04:11:06Z,1026D27003C3,1026D,,SCHEDULED,0,0.0
2026-08-16T04:16:04Z,3026D23507C1,3026D,,SCHEDULED,0,0.0
2026-08-16T04:16:04Z,3026D23506C1,3026D,,SCHEDULED,0,0.0
2026-08-16T04:16:04Z,3026D23502C1,3026D,,SCHEDULED,120,2.0
2026-08-16T04:16:04Z,3226D35511C1,3226D,,SCHEDULED,0,0.0
2026-08-16T04:16:04Z,3226D23305C1,3226D,,SCHEDULED,120,2.0
2026-08-16T04:16:04Z,3226D23302C1,3226D,,SCHEDULED,-60,-1.0
2026-08-16T04:16:04Z,3226D23151C2,3226D,,SCHEDULED,120,2.0
2026-08-16T04:16:04Z,4026D76656C3,4026D,,SCHEDULED,0,0.0
2026-08-16T04:16:04Z,4026D24002C2,4026D,,SCHEDULED,0,0.0
2026-08-16T04:16:04Z,4026D24003C2,4026D,,SCHEDULED,0,0.0
2026-08-16T04:16:04Z,4026D24204C1,4026D,,SCHEDULED,0,0.0
2026-08-16T04:16:04Z,4026D24303C6,4026D,,SCHEDULED,0,0.0
2026-08-16T04:16:04Z,4026D24302C6,4026D,,SCHEDULED,0,0.0
2026-08-16T04:16:04Z,4026D84004C2,4026D,,SCHEDULED,0,0.0
2026-08-16T04:16:04Z,4026D84006C2,4026D,,SCHEDULED,0,0.0
2026-08-16T04:16:04Z,4026D24001C2,4026D,,SCHEDULED,60,1.0
2026-08-16T04:16:04Z,5126D35516R3,5126D,,SCHEDULED,360,6.0
2026-08-16T04:16:04Z,5126D28404R2N,5126D,,SCHEDULED,60,1.0
2026-08-16T04:16:04Z,5126D28402R2N,5126D,,SCHEDULED,60,1.0
2026-08-16T04:16:04Z,5126D28406R2N,5126D,,SCHEDULED,120,2.0
2026-08-16T04:16:04Z,5126D25502R2S,5126D,,SCHEDULED,300,5.0
2026-08-16T04:16:04Z,5126D25604R1,5126D,,SCHEDULED,120,2.0
2026-08-16T04:16:04Z,5126D77510R4,5126D,,SCHEDULED,0,0.0
2026-08-16T04:16:04Z,5126D35518R3,5126D,,SCHEDULED,0,0.0
2026-08-16T04:16:04Z,5126D28264R2S,5126D,,SCHEDULED,240,4.0
2026-08-16T04:16:04Z,5126D28250R2S,5126D,,SCHEDULED,0,0.0
2026-08-16T04:16:04Z,5126D28263R2S,5126D,,SCHEDULED,0,0.0
2026-08-16T04:16:04Z,5126D30531R15,5126D,,SCHEDULED,0,0.0
2026-08-16T04:16:04Z,5126D25606R1,5126D,,SCHEDULED,60,1.0
2026-08-16T04:16:04Z,5126D25608R1,5126D,,SCHEDULED,120,2.0
2026-08-16T04:16:04Z,5126D77400R4,5126D,,SCHEDULED,180,3.0
2026-08-16T04:16:04Z,5126D15000R15,5126D,,SCHEDULED,240,4.0
2026-08-16T04:16:04Z,5126D25400R2,5126D,,SCHEDULED,0,0.0
2026-08-16T04:16:04Z,5126D77600R4,5126D,,SCHEDULED,60,1.0
2026-08-16T04:16:04Z,5126D25402R2N,5126D,,SCHEDULED,0,0.0
2026-08-16T04:16:04Z,5126D77504R4,5126D,,SCHEDULED,360,6.0
2026-08-16T04:16:04Z,5126D77508R4,5126D,,SCHEDULED,0,0.0
2026-08-16T04:16:04Z,6026D26503C3,6026D,,SCHEDULED,60,1.0
2026-08-16T04:16:04Z,6026D26506C3,6026D,,SCHEDULED,0,0.0
2026-08-16T04:16:04Z,6026D26504C3,6026D,,SCHEDULED,60,1.0
2026-08-16T04:16:04Z,6026D29506C2,6026D,,SCHEDULED,0,0.0
2026-08-16T04:16:04Z,6026D26505C3,6026D,,SCHEDULED,120,2.0
2026-08-16T04:16:04Z,6026D29507C2,6026D,,SCHEDULED,60,1.0
2026-08-16T04:16:04Z,6026D71500C4,6026D,,SCHEDULED,60,1.0
2026-08-16T04:16:04Z,6026D26502C3,6026D,,SCHEDULED,60,1.0
2026-08-16T04:16:04Z,6026D29608C1,6026D,,SCHEDULED,60,1.0
2026-08-16T04:16:04Z,6026D71503C4,6026D,,SCHEDULED,0,0.0
2026-08-16T04:16:04Z,6026D29611C1,6026D,,SCHEDULED,0,0.0
2026-08-16T04:16:04Z,6126D81769C1,6126D,,SCHEDULED,0,0.0
2026-08-16T04:16:04Z,6126D32701C1,6126D,,SCHEDULED,0,0.0
2026-08-16T04:16:04Z,6126D32700C1,6126D,,SCHEDULED,60,1.0
2026-08-16T04:16:04Z,6126D35680C1,6126D,,SCHEDULED,120,2.0
2026-08-16T04:16:04Z,6226D71152C2,6226D,,SCHEDULED,300,5.0
2026-08-16T04:16:04Z,6226D71154C2,6226D,,SCHEDULED,0,0.0
2026-08-16T04:16:04Z,4726D71080C1,4726D,,SCHEDULED,0,0.0
2026-08-16T04:16:04Z,2026D22002C1,2026D,,SCHEDULED,0,0.0
2026-08-16T04:16:04Z,2026D70932C8,2026D,,SCHEDULED,0,0.0
2026-08-16T04:16:04Z,2026D22105C1,2026D,,SCHEDULED,0,0.0
2026-08-16T04:16:04Z,2026D22004C1,2026D,,SCHEDULED,0,0.0
2026-08-16T04:16:04Z,2026D70402C5,2026D,,CANCELED,,
2026-08-16T04:16:04Z,2026D70204C4,2026D,,SCHEDULED,0,0.0
2026-08-16T04:16:04Z,2026D70853C6,2026D,,SCHEDULED,0,0.0
2026-08-16T04:16:04Z,4126D24702C1,4126D,,SCHEDULED,0,0.0
2026-08-16T04:16:04Z,4126D84904C2,4126D,,SCHEDULED,0,0.0
2026-08-16T04:16:04Z,4126D24703C1,4126D,,SCHEDULED,0,0.0
2026-08-16T04:16:04Z,1026D79206C7,1026D,,SCHEDULED,360,6.0
2026-08-16T04:16:04Z,1026D79604C10,1026D,,SCHEDULED,0,0.0
2026-08-16T04:16:04Z,1026D79606C10,1026D,,SCHEDULED,0,0.0
2026-08-16T04:16:04Z,1026D79807C8a,1026D,,SCHEDULED,0,0.0
2026-08-16T04:16:04Z,1026D79808C8a,1026D,,SCHEDULED,0,0.0
2026-08-16T04:16:04Z,1026D76680C5,1026D,,SCHEDULED,120,2.0
2026-08-16T04:16:04Z,1026D76361C5,1026D,,SCHEDULED,420,7.0
2026-08-16T04:16:04Z,1026D76362C5,1026D,,SCHEDULED,120,2.0
2026-08-16T04:16:04Z,1026D76363C5,1026D,,SCHEDULED,0,0.0
2026-08-16T04:16:04Z,1026D76682C5,1026D,,SCHEDULED,0,0.0
2026-08-16T04:16:04Z,1026D76364C5,1026D,,SCHEDULED,0,0.0
2026-08-16T04:16:04Z,1026D76365C5,1026D,,SCHEDULED,0,0.0
2026-08-16T04:16:04Z,1026D76684C5,1026D,,SCHEDULED,0,0.0
2026-08-16T04:16:04Z,1026D19809C1,1026D,,SCHEDULED,0,0.0
2026-08-16T04:16:04Z,1026D79513C2,1026D,,SCHEDULED,0,0.0
2026-08-16T04:16:04Z,1026D76366C5,1026D,,SCHEDULED,60,1.0
2026-08-16T04:16:04Z,1026D76685C5,1026D,,SCHEDULED,120,2.0
2026-08-16T04:16:04Z,1026D76686C5,1026D,,SCHEDULED,0,0.0
2026-08-16T04:16:04Z,1026D79221C7,1026D,,SCHEDULED,0,0.0
2026-08-16T04:16:04Z,1026D79102C7,1026D,,SCHEDULED,60,1.0
2026-08-16T04:16:04Z,1026D79104C7,1026D,,SCHEDULED,0,0.0
2026-08-16T04:16:04Z,1026D79103C7,1026D,,SCHEDULED,540,9.0
2026-08-16T04:16:04Z,1026D79702C10,1026D,,SCHEDULED,0,0.0
2026-08-16T04:16:04Z,1026D76357C5,1026D,,SCHEDULED,60,1.0
2026-08-16T04:16:04Z,1026D76678C5,1026D,,SCHEDULED,600,10.0
2026-08-16T04:16:04Z,1026D76359C5,1026D,,SCHEDULED,180,3.0
2026-08-16T04:16:04Z,1026D79505C2,1026D,,SCHEDULED,120,2.0
2026-08-16T04:16:04Z,1026D79509C2,1026D,,SCHEDULED,0,0.0
2026-08-16T04:16:04Z,1026D76368C5,1026D,,SCHEDULED,60,1.0
2026-08-16T04:16:04Z,1026D76687C5,1026D,,SCHEDULED,0,0.0
2026-08-16T04:16:04Z,1026D79954C8b,1026D,,SCHEDULED,0,0.0
2026-08-16T04:16:04Z,1026D76205C5,1026D,,SCHEDULED,120,2.0
2026-08-16T04:16:04Z,1026D76689C5,1026D,,SCHEDULED,180,3.0
2026-08-16T04:16:04Z,1026D19805C1,1026D,,SCHEDULED,120,2.0
2026-08-16T04:16:04Z,1026D76206C5,1026D,,SCHEDULED,0,0.0
2026-08-16T04:16:04Z,1026D19804C1,1026D,,SCHEDULED,0,0.0
2026-08-16T04:16:04Z,1026D19807C1,1026D,,SCHEDULED,0,0.0
2026-08-16T04:16:04Z,1026D19802C1,1026D,,SCHEDULED,240,4.0
2026-08-16T04:16:04Z,1026D27202C4,1026D,,SCHEDULED,540,9.0
2026-08-16T04:16:04Z,1026D27001C3,1026D,,SCHEDULED,540,9.0
2026-08-16T04:16:04Z,1026D79217C7,1026D,,SCHEDULED,0,0.0
2026-08-16T04:16:04Z,1026D27002C3,1026D,,SCHEDULED,420,7.0
2026-08-16T04:16:04Z,1026D27415C4b,1026D,,SCHEDULED,0,0.0
2026-08-16T04:16:04Z,1026D27214C4a,1026D,,SCHEDULED,0,0.0
2026-08-16T04:16:04Z,1026D27215C4a,1026D,,SCHEDULED,0,0.0
2026-08-16T04:16:04Z,1026D27413C4b,1026D,,SCHEDULED,180,3.0
2026-08-16T04:16:04Z,1026D76370C5,1026D,,SCHEDULED,0,0.0
2026-08-16T04:16:04Z,1026D76372C5,1026D,,SCHEDULED,0,0.0
2026-08-16T04:16:04Z,1026D76691C5,1026D,,SCHEDULED,0,0.0
2026-08-16T04:16:04Z,1026D76693C5,1026D,,SCHEDULED,0,0.0
2026-08-16T04:16:04Z,1026D79202C7,1026D,,SCHEDULED,60,1.0
2026-08-16T04:16:04Z,1026D27212C4a,1026D,,SCHEDULED,120,2.0
2026-08-16T04:16:04Z,1026D79205C7,1026D,,SCHEDULED,900,15.0
2026-08-16T04:16:04Z,1026D27213C4a,1026D,,CANCELED,,
2026-08-16T04:16:04Z,1026D27411C4b,1026D,,SCHEDULED,180,3.0
2026-08-16T04:16:04Z,1026D27409C4b,1026D,,SCHEDULED,360,6.0
2026-08-16T04:16:04Z,1026D79402C2,1026D,,SCHEDULED,120,2.0
2026-08-16T04:16:04Z,1026D27404C4b,1026D,,SCHEDULED,120,2.0
2026-08-16T04:16:04Z,1026D27210C4a,1026D,,SCHEDULED,60,1.0
2026-08-16T04:16:04Z,1026D27206C4,1026D,,SCHEDULED,0,0.0
2026-08-16T04:16:04Z,1026D27005C3,1026D,,SCHEDULED,0,0.0
2026-08-16T04:16:04Z,1026D27211C4a,1026D,,SCHEDULED,720,12.0
2026-08-16T04:16:04Z,1026D27006C3,1026D,,SCHEDULED,0,0.0
2026-08-16T04:16:04Z,1026D27402C4,1026D,,SCHEDULED,240,4.0
2026-08-16T04:16:04Z,1026D27407C4b,1026D,,SCHEDULED,240,4.0
2026-08-16T04:16:04Z,1026D27408C4b,1026D,,SCHEDULED,0,0.0
2026-08-16T04:16:04Z,1026D79210C7,1026D,,SCHEDULED,0,0.0
2026-08-16T04:16:04Z,1026D27207C4a,1026D,,SCHEDULED,360,6.0
2026-08-16T04:16:04Z,1026D27208C4,1026D,,SCHEDULED,300,5.0
2026-08-16T04:16:04Z,1026D27406C4b,1026D,,SCHEDULED,1020,17.0
2026-08-16T04:16:04Z,1026D79410C2,1026D,,SCHEDULED,0,0.0
2026-08-16T04:16:04Z,1026D79214C7,1026D,,SCHEDULED,0,0.0
2026-08-16T04:16:04Z,1026D79213C7,1026D,,SCHEDULED,180,3.0
2026-08-16T04:16:04Z,1026D79810C8a,1026D,,SCHEDULED,240,4.0
2026-08-16T04:16:04Z,1026D27003C3,1026D,,SCHEDULED,60,1.0
2026-08-16T04:16:04Z,1026D27004C3,1026D,,SCHEDULED,300,5.0
2026-08-16T04:21:05Z,3026D23507C1,3026D,,SCHEDULED,0,0.0
2026-08-16T04:21:05Z,3026D23506C1,3026D,,SCHEDULED,180,3.0
2026-08-16T04:21:05Z,3026D23502C1,3026D,,SCHEDULED,180,3.0
2026-08-16T04:21:05Z,3226D35511C1,3226D,,SCHEDULED,-60,-1.0
2026-08-16T04:21:05Z,3226D23151C2,3226D,,SCHEDULED,120,2.0
2026-08-16T04:21:05Z,3226D23305C1,3226D,,SCHEDULED,60,1.0
2026-08-16T04:21:05Z,3226D23302C1,3226D,,SCHEDULED,0,0.0
2026-08-16T04:21:05Z,4026D76656C3,4026D,,SCHEDULED,0,0.0
2026-08-16T04:21:05Z,4026D24002C2,4026D,,SCHEDULED,-60,-1.0
2026-08-16T04:21:05Z,4026D24003C2,4026D,,SCHEDULED,0,0.0
2026-08-16T04:21:05Z,4026D24204C1,4026D,,SCHEDULED,0,0.0
2026-08-16T04:21:05Z,4026D24303C6,4026D,,SCHEDULED,0,0.0
2026-08-16T04:21:05Z,4026D24302C6,4026D,,SCHEDULED,0,0.0
2026-08-16T04:21:05Z,4026D84006C2,4026D,,SCHEDULED,0,0.0
2026-08-16T04:21:05Z,4026D24001C2,4026D,,SCHEDULED,60,1.0
2026-08-16T04:21:05Z,5126D28404R2N,5126D,,SCHEDULED,180,3.0
2026-08-16T04:21:05Z,5126D28402R2N,5126D,,SCHEDULED,60,1.0
2026-08-16T04:21:05Z,5126D28408R2N,5126D,,SCHEDULED,60,1.0
2026-08-16T04:21:05Z,5126D35516R3,5126D,,SCHEDULED,420,7.0
2026-08-16T04:21:05Z,5126D30530R15,5126D,,SCHEDULED,0,0.0
2026-08-16T04:21:05Z,5126D77400R4,5126D,,SCHEDULED,360,6.0
2026-08-16T04:21:05Z,5126D77600R4,5126D,,SCHEDULED,240,4.0
2026-08-16T04:21:05Z,5126D77504R4,5126D,,SCHEDULED,180,3.0
2026-08-16T04:21:05Z,5126D77508R4,5126D,,SCHEDULED,0,0.0
2026-08-16T04:21:05Z,5126D28406R2N,5126D,,SCHEDULED,60,1.0
2026-08-16T04:21:05Z,5126D25601R1,5126D,,SCHEDULED,60,1.0
2026-08-16T04:21:05Z,5126D25604R1,5126D,,SCHEDULED,180,3.0
2026-08-16T04:21:05Z,5126D25603R1,5126D,,SCHEDULED,60,1.0
2026-08-16T04:21:05Z,5126D28264R2S,5126D,,SCHEDULED,180,3.0
2026-08-16T04:21:05Z,5126D28263R2S,5126D,,SCHEDULED,120,2.0
2026-08-16T04:21:05Z,5126D25606R1,5126D,,SCHEDULED,60,1.0
2026-08-16T04:21:05Z,5126D25608R1,5126D,,SCHEDULED,120,2.0
2026-08-16T04:21:05Z,5126D77510R4,5126D,,SCHEDULED,0,0.0
2026-08-16T04:21:05Z,5126D15000R15,5126D,,SCHEDULED,180,3.0
2026-08-16T04:21:05Z,5126D77314R3,5126D,,SCHEDULED,120,2.0
2026-08-16T04:21:05Z,5126D25400R2,5126D,,SCHEDULED,60,1.0
2026-08-16T04:21:05Z,5126D25501R2S,5126D,,SCHEDULED,0,0.0
2026-08-16T04:21:05Z,5126D25502R2S,5126D,,SCHEDULED,360,6.0
2026-08-16T04:21:05Z,5126D35518R3,5126D,,SCHEDULED,60,1.0
2026-08-16T04:21:05Z,5126D30531R15,5126D,,SCHEDULED,300,5.0
2026-08-16T04:21:05Z,6026D26503C3,6026D,,SCHEDULED,120,2.0
2026-08-16T04:21:05Z,6026D26506C3,6026D,,SCHEDULED,0,0.0
2026-08-16T04:21:05Z,6026D29506C2,6026D,,SCHEDULED,0,0.0
2026-08-16T04:21:05Z,6026D26505C3,6026D,,SCHEDULED,120,2.0
2026-08-16T04:21:05Z,6026D29507C2,6026D,,SCHEDULED,120,2.0
2026-08-16T04:21:05Z,6026D29611C1,6026D,,SCHEDULED,180,3.0
2026-08-16T04:21:05Z,6026D71500C4,6026D,,SCHEDULED,120,2.0
2026-08-16T04:21:05Z,6026D29608C1,6026D,,SCHEDULED,60,1.0
2026-08-16T04:21:05Z,6026D26507C3,6026D,,SCHEDULED,0,0.0
2026-08-16T04:21:05Z,6126D81769C1,6126D,,SCHEDULED,0,0.0
2026-08-16T04:21:05Z,6126D32701C1,6126D,,SCHEDULED,60,1.0
2026-08-16T04:21:05Z,6126D32700C1,6126D,,SCHEDULED,120,2.0
2026-08-16T04:21:05Z,6126D35680C1,6126D,,SCHEDULED,-60,-1.0
2026-08-16T04:21:05Z,6226D71152C2,6226D,,SCHEDULED,240,4.0
2026-08-16T04:21:05Z,6226D71154C2,6226D,,SCHEDULED,0,0.0
2026-08-16T04:21:05Z,4726D71080C1,4726D,,SCHEDULED,0,0.0
2026-08-16T04:21:05Z,2026D70932C8,2026D,,SCHEDULED,-60,-1.0
2026-08-16T04:21:05Z,2026D22002C1,2026D,,SCHEDULED,0,0.0
2026-08-16T04:21:05Z,2026D22004C1,2026D,,SCHEDULED,60,1.0
2026-08-16T04:21:05Z,2026D22105C1,2026D,,SCHEDULED,0,0.0
2026-08-16T04:21:05Z,2026D70505C7,2026D,,SCHEDULED,0,0.0
2026-08-16T04:21:05Z,2026D70204C4,2026D,,SCHEDULED,0,0.0
2026-08-16T04:21:05Z,2026D70756C6,2026D,,SCHEDULED,0,0.0
2026-08-16T04:21:05Z,2026D70853C6,2026D,,SCHEDULED,0,0.0
2026-08-16T04:21:05Z,2026D70402C5,2026D,,CANCELED,,
2026-08-16T04:21:05Z,4126D24702C1,4126D,,SCHEDULED,0,0.0
2026-08-16T04:21:05Z,4126D84904C2,4126D,,SCHEDULED,0,0.0
2026-08-16T04:21:05Z,4126D24703C1,4126D,,SCHEDULED,0,0.0
2026-08-16T04:21:05Z,1026D79606C10,1026D,,SCHEDULED,0,0.0
2026-08-16T04:21:05Z,1026D79807C8a,1026D,,SCHEDULED,0,0.0
2026-08-16T04:21:05Z,1026D79808C8a,1026D,,SCHEDULED,120,2.0
2026-08-16T04:21:05Z,1026D76680C5,1026D,,SCHEDULED,240,4.0
2026-08-16T04:21:05Z,1026D76361C5,1026D,,SCHEDULED,60,1.0
2026-08-16T04:21:05Z,1026D76682C5,1026D,,SCHEDULED,60,1.0
2026-08-16T04:21:05Z,1026D76363C5,1026D,,SCHEDULED,120,2.0
2026-08-16T04:21:05Z,1026D76364C5,1026D,,SCHEDULED,120,2.0
2026-08-16T04:21:05Z,1026D76365C5,1026D,,SCHEDULED,0,0.0
2026-08-16T04:21:05Z,1026D76684C5,1026D,,SCHEDULED,0,0.0
2026-08-16T04:21:05Z,1026D19809C1,1026D,,SCHEDULED,0,0.0
2026-08-16T04:21:05Z,1026D79513C2,1026D,,SCHEDULED,0,0.0
2026-08-16T04:21:05Z,1026D76366C5,1026D,,SCHEDULED,300,5.0
2026-08-16T04:21:05Z,1026D76367C5,1026D,,SCHEDULED,0,0.0
2026-08-16T04:21:05Z,1026D76686C5,1026D,,SCHEDULED,0,0.0
2026-08-16T04:21:05Z,1026D76368C5,1026D,,SCHEDULED,360,6.0
2026-08-16T04:21:05Z,1026D76687C5,1026D,,SCHEDULED,0,0.0
2026-08-16T04:21:05Z,1026D79954C8b,1026D,,SCHEDULED,0,0.0
2026-08-16T04:21:05Z,1026D79217C7,1026D,,SCHEDULED,0,0.0
2026-08-16T04:21:05Z,1026D27002C3,1026D,,SCHEDULED,240,4.0
2026-08-16T04:21:05Z,1026D27415C4b,1026D,,SCHEDULED,0,0.0
2026-08-16T04:21:05Z,1026D27214C4a,1026D,,SCHEDULED,0,0.0
2026-08-16T04:21:05Z,1026D27215C4a,1026D,,SCHEDULED,0,0.0
2026-08-16T04:21:05Z,1026D27413C4b,1026D,,SCHEDULED,0,0.0
2026-08-16T04:21:05Z,1026D76370C5,1026D,,SCHEDULED,0,0.0
2026-08-16T04:21:05Z,1026D76372C5,1026D,,SCHEDULED,0,0.0
2026-08-16T04:21:05Z,1026D76691C5,1026D,,SCHEDULED,0,0.0
2026-08-16T04:21:05Z,1026D76693C5,1026D,,SCHEDULED,0,0.0
2026-08-16T04:21:05Z,1026D79202C7,1026D,,SCHEDULED,0,0.0
2026-08-16T04:21:05Z,1026D27212C4a,1026D,,SCHEDULED,0,0.0
2026-08-16T04:21:05Z,1026D27213C4a,1026D,,CANCELED,,
2026-08-16T04:21:05Z,1026D79402C2,1026D,,SCHEDULED,60,1.0
2026-08-16T04:21:05Z,1026D27210C4a,1026D,,SCHEDULED,0,0.0
2026-08-16T04:21:05Z,1026D27211C4a,1026D,,SCHEDULED,360,6.0
2026-08-16T04:21:05Z,1026D79206C7,1026D,,SCHEDULED,360,6.0
2026-08-16T04:21:05Z,1026D79604C10,1026D,,SCHEDULED,0,0.0
2026-08-16T04:21:05Z,1026D27409C4b,1026D,,SCHEDULED,240,4.0
2026-08-16T04:21:05Z,1026D27404C4b,1026D,,SCHEDULED,120,2.0
2026-08-16T04:21:05Z,1026D27005C3,1026D,,SCHEDULED,0,0.0
2026-08-16T04:21:05Z,1026D27006C3,1026D,,SCHEDULED,0,0.0
2026-08-16T04:21:05Z,1026D27407C4b,1026D,,SCHEDULED,60,1.0
2026-08-16T04:21:05Z,1026D27209C4a,1026D,,SCHEDULED,540,9.0
2026-08-16T04:21:05Z,1026D27408C4b,1026D,,SCHEDULED,0,0.0
2026-08-16T04:21:05Z,1026D79210C7,1026D,,SCHEDULED,0,0.0
2026-08-16T04:21:05Z,1026D27207C4a,1026D,,SCHEDULED,360,6.0
2026-08-16T04:21:05Z,1026D27406C4b,1026D,,SCHEDULED,300,5.0
2026-08-16T04:21:05Z,1026D27208C4,1026D,,SCHEDULED,300,5.0
2026-08-16T04:21:05Z,1026D79410C2,1026D,,SCHEDULED,0,0.0
2026-08-16T04:21:05Z,1026D79214C7,1026D,,SCHEDULED,0,0.0
2026-08-16T04:21:05Z,1026D79213C7,1026D,,SCHEDULED,0,0.0
2026-08-16T04:21:05Z,1026D79810C8a,1026D,,SCHEDULED,240,4.0
2026-08-16T04:21:05Z,1026D27003C3,1026D,,SCHEDULED,60,1.0
2026-08-16T04:21:05Z,1026D27004C3,1026D,,SCHEDULED,600,10.0
2026-08-16T04:21:05Z,1026D27001C3,1026D,,SCHEDULED,120,2.0
2026-08-16T04:21:05Z,1026D79104C7,1026D,,SCHEDULED,120,2.0
2026-08-16T04:21:05Z,1026D79103C7,1026D,,SCHEDULED,60,1.0
2026-08-16T04:21:05Z,1026D79106C7,1026D,,SCHEDULED,-60,-1.0
2026-08-16T04:21:05Z,1026D79105C7,1026D,,SCHEDULED,0,0.0
2026-08-16T04:21:05Z,1026D79702C10,1026D,,SCHEDULED,0,0.0
2026-08-16T04:21:05Z,1026D76357C5,1026D,,SCHEDULED,60,1.0
2026-08-16T04:21:05Z,1026D76678C5,1026D,,SCHEDULED,360,6.0
2026-08-16T04:21:05Z,1026D76359C5,1026D,,SCHEDULED,60,1.0
2026-08-16T04:21:05Z,1026D79505C2,1026D,,SCHEDULED,420,7.0
2026-08-16T04:21:05Z,1026D79509C2,1026D,,SCHEDULED,60,1.0
2026-08-16T04:21:05Z,1026D76205C5,1026D,,SCHEDULED,0,0.0
2026-08-16T04:21:05Z,1026D76689C5,1026D,,SCHEDULED,480,8.0
2026-08-16T04:21:05Z,1026D19805C1,1026D,,SCHEDULED,0,0.0
2026-08-16T04:21:05Z,1026D76206C5,1026D,,SCHEDULED,0,0.0
2026-08-16T04:21:05Z,1026D19804C1,1026D,,SCHEDULED,0,0.0
2026-08-16T04:21:05Z,1026D19807C1,1026D,,SCHEDULED,0,0.0
2026-08-16T04:21:05Z,1026D19806C1,1026D,,SCHEDULED,0,0.0
2026-08-16T04:21:05Z,1026D19802C1,1026D,,SCHEDULED,540,9.0
2026-08-16T04:21:05Z,1026D79221C7,1026D,,SCHEDULED,0,0.0
2026-08-16T04:21:05Z,1026D79102C7,1026D,,SCHEDULED,60,1.0
2026-08-16T04:25:58Z,3026D23507C1,3026D,,SCHEDULED,0,0.0
2026-08-16T04:25:58Z,3026D23506C1,3026D,,SCHEDULED,300,5.0
2026-08-16T04:25:58Z,3026D23502C1,3026D,,SCHEDULED,180,3.0
2026-08-16T04:25:58Z,3026D23703C5,3026D,,SCHEDULED,0,0.0
2026-08-16T04:25:58Z,3226D23305C1,3226D,,SCHEDULED,120,2.0
2026-08-16T04:25:58Z,3226D23150C2,3226D,,SCHEDULED,0,0.0
2026-08-16T04:25:58Z,4026D84006C2,4026D,,SCHEDULED,0,0.0
2026-08-16T04:25:58Z,4026D76656C3,4026D,,SCHEDULED,0,0.0
2026-08-16T04:25:58Z,4026D76602C3,4026D,,SCHEDULED,0,0.0
2026-08-16T04:25:58Z,4026D24001C2,4026D,,SCHEDULED,0,0.0
2026-08-16T04:25:58Z,4026D24302C6,4026D,,SCHEDULED,0,0.0
2026-08-16T04:25:58Z,4026D24204C1,4026D,,SCHEDULED,0,0.0
2026-08-16T04:25:58Z,4026D24002C2,4026D,,SCHEDULED,-120,-2.0
2026-08-16T04:25:58Z,4026D24003C2,4026D,,SCHEDULED,0,0.0
2026-08-16T04:25:58Z,4026D24303C6,4026D,,SCHEDULED,60,1.0
2026-08-16T04:25:58Z,5126D25502R2S,5126D,,SCHEDULED,420,7.0
2026-08-16T04:25:58Z,5126D25601R1,5126D,,SCHEDULED,60,1.0
2026-08-16T04:25:58Z,5126D25604R1,5126D,,SCHEDULED,-60,-1.0
2026-08-16T04:25:58Z,5126D28404R2N,5126D,,SCHEDULED,120,2.0
2026-08-16T04:25:58Z,5126D25603R1,5126D,,SCHEDULED,60,1.0
2026-08-16T04:25:58Z,5126D28402R2N,5126D,,SCHEDULED,120,2.0
2026-08-16T04:25:58Z,5126D77312R3,5126D,,SCHEDULED,-60,-1.0
2026-08-16T04:25:58Z,5126D28408R2N,5126D,,SCHEDULED,0,0.0
2026-08-16T04:25:58Z,5126D30531R15,5126D,,SCHEDULED,0,0.0
2026-08-16T04:25:58Z,5126D35516R3,5126D,,SCHEDULED,660,11.0
2026-08-16T04:25:58Z,5126D30530R15,5126D,,SCHEDULED,0,0.0
2026-08-16T04:25:58Z,5126D77400R4,5126D,,SCHEDULED,360,6.0
2026-08-16T04:25:58Z,5126D77314R3,5126D,,SCHEDULED,120,2.0
2026-08-16T04:25:58Z,5126D77500R4,5126D,,SCHEDULED,60,1.0
2026-08-16T04:25:58Z,5126D77404R4,5126D,,SCHEDULED,1320,22.0
2026-08-16T04:25:58Z,5126D35518R3,5126D,,SCHEDULED,60,1.0
2026-08-16T04:25:58Z,5126D25606R1,5126D,,SCHEDULED,180,3.0
2026-08-16T04:25:58Z,5126D25608R1,5126D,,SCHEDULED,120,2.0
2026-08-16T04:25:58Z,5126D77504R4,5126D,,SCHEDULED,180,3.0
2026-08-16T04:25:58Z,5126D25400R2,5126D,,SCHEDULED,60,1.0
2026-08-16T04:25:58Z,5126D25600R1,5126D,,SCHEDULED,180,3.0
2026-08-16T04:25:58Z,5126D25402R2N,5126D,,SCHEDULED,300,5.0
2026-08-16T04:25:58Z,5126D25501R2S,5126D,,SCHEDULED,180,3.0
2026-08-16T04:25:58Z,5126D77508R4,5126D,,SCHEDULED,180,3.0
2026-08-16T04:25:58Z,5126D28406R2N,5126D,,SCHEDULED,0,0.0
2026-08-16T04:25:58Z,5126D25404R2N,5126D,,SCHEDULED,0,0.0
2026-08-16T04:25:58Z,5126D25503R2S,5126D,,SCHEDULED,480,8.0
2026-08-16T04:25:58Z,5126D28264R2S,5126D,,SCHEDULED,60,1.0
2026-08-16T04:25:58Z,5126D28263R2S,5126D,,SCHEDULED,120,2.0
2026-08-16T04:25:58Z,5126D28268R2S,5126D,,SCHEDULED,0,0.0
2026-08-16T04:25:58Z,6026D26504C3,6026D,,SCHEDULED,0,0.0
2026-08-16T04:25:58Z,6026D26503C3,6026D,,SCHEDULED,240,4.0
2026-08-16T04:25:58Z,6026D29611C1,6026D,,SCHEDULED,180,3.0
2026-08-16T04:25:58Z,6026D29506C2,6026D,,SCHEDULED,0,0.0
2026-08-16T04:25:58Z,6026D26505C3,6026D,,SCHEDULED,120,2.0
2026-08-16T04:25:58Z,6026D26506C3,6026D,,SCHEDULED,120,2.0
2026-08-16T04:25:58Z,6026D71503C4,6026D,,SCHEDULED,0,0.0
2026-08-16T04:25:58Z,6026D26507C3,6026D,,SCHEDULED,0,0.0
2026-08-16T04:25:58Z,6026D71500C4,6026D,,SCHEDULED,-60,-1.0
2026-08-16T04:25:58Z,6026D29608C1,6026D,,SCHEDULED,120,2.0
2026-08-16T04:25:58Z,6126D32701C1,6126D,,SCHEDULED,60,1.0
2026-08-16T04:25:58Z,6126D32700C1,6126D,,SCHEDULED,360,6.0
2026-08-16T04:25:58Z,6126D35680C1,6126D,,SCHEDULED,-60,-1.0
2026-08-16T04:25:58Z,6226D71152C2,6226D,,SCHEDULED,240,4.0
2026-08-16T04:25:58Z,6226D71154C2,6226D,,SCHEDULED,0,0.0
2026-08-16T04:25:58Z,4726D71080C1,4726D,,SCHEDULED,60,1.0
2026-08-16T04:25:58Z,2026D70204C4,2026D,,SCHEDULED,0,0.0
2026-08-16T04:25:58Z,2026D70251C4,2026D,,SCHEDULED,0,0.0
2026-08-16T04:25:58Z,2026D70756C6,2026D,,SCHEDULED,0,0.0
2026-08-16T04:25:58Z,2026D70932C8,2026D,,SCHEDULED,240,4.0
2026-08-16T04:25:58Z,2026D70853C6,2026D,,SCHEDULED,0,0.0
2026-08-16T04:25:58Z,2026D22002C1,2026D,,SCHEDULED,0,0.0
2026-08-16T04:25:58Z,2026D70402C5,2026D,,CANCELED,,
2026-08-16T04:25:58Z,2026D22105C1,2026D,,SCHEDULED,60,1.0
2026-08-16T04:25:58Z,2026D70505C7,2026D,,SCHEDULED,0,0.0
2026-08-16T04:25:58Z,4126D24702C1,4126D,,SCHEDULED,0,0.0
2026-08-16T04:25:58Z,4126D84904C2,4126D,,SCHEDULED,0,0.0
2026-08-16T04:25:58Z,4126D24703C1,4126D,,SCHEDULED,0,0.0
2026-08-16T04:25:58Z,1026D79606C10,1026D,,SCHEDULED,0,0.0
2026-08-16T04:25:58Z,1026D79807C8a,1026D,,SCHEDULED,0,0.0
2026-08-16T04:25:58Z,1026D79808C8a,1026D,,SCHEDULED,360,6.0
2026-08-16T04:25:58Z,1026D76680C5,1026D,,SCHEDULED,240,4.0
2026-08-16T04:25:58Z,1026D76361C5,1026D,,SCHEDULED,60,1.0
2026-08-16T04:25:58Z,1026D76682C5,1026D,,SCHEDULED,0,0.0
2026-08-16T04:25:58Z,1026D76363C5,1026D,,SCHEDULED,420,7.0
2026-08-16T04:25:58Z,1026D76364C5,1026D,,SCHEDULED,240,4.0
2026-08-16T04:25:58Z,1026D76365C5,1026D,,SCHEDULED,0,0.0
2026-08-16T04:25:58Z,1026D76684C5,1026D,,SCHEDULED,0,0.0
2026-08-16T04:25:58Z,1026D19809C1,1026D,,SCHEDULED,0,0.0
2026-08-16T04:25:58Z,1026D79513C2,1026D,,SCHEDULED,60,1.0
2026-08-16T04:25:58Z,1026D76366C5,1026D,,SCHEDULED,0,0.0
2026-08-16T04:25:58Z,1026D76367C5,1026D,,SCHEDULED,0,0.0
2026-08-16T04:25:58Z,1026D76686C5,1026D,,SCHEDULED,0,0.0
2026-08-16T04:25:58Z,1026D76368C5,1026D,,SCHEDULED,180,3.0
2026-08-16T04:25:58Z,1026D76687C5,1026D,,SCHEDULED,60,1.0
2026-08-16T04:25:58Z,1026D76688C5,1026D,,SCHEDULED,0,0.0
2026-08-16T04:25:58Z,1026D79954C8b,1026D,,SCHEDULED,0,0.0
2026-08-16T04:25:58Z,1026D76205C5,1026D,,SCHEDULED,0,0.0
2026-08-16T04:25:58Z,1026D76689C5,1026D,,SCHEDULED,60,1.0
2026-08-16T04:25:58Z,1026D76206C5,1026D,,SCHEDULED,0,0.0
2026-08-16T04:25:58Z,1026D19804C1,1026D,,SCHEDULED,0,0.0
2026-08-16T04:25:58Z,1026D76207C5,1026D,,SCHEDULED,0,0.0
2026-08-16T04:25:58Z,1026D19807C1,1026D,,SCHEDULED,240,4.0
2026-08-16T04:25:58Z,1026D19806C1,1026D,,SCHEDULED,0,0.0
2026-08-16T04:25:58Z,1026D19802C1,1026D,,SCHEDULED,60,1.0
2026-08-16T04:25:58Z,1026D79221C7,1026D,,SCHEDULED,-60,-1.0
2026-08-16T04:25:58Z,1026D79223C7,1026D,,SCHEDULED,0,0.0
2026-08-16T04:25:58Z,1026D79102C7,1026D,,SCHEDULED,60,1.0
2026-08-16T04:25:58Z,1026D79104C7,1026D,,SCHEDULED,420,7.0
2026-08-16T04:25:58Z,1026D79103C7,1026D,,SCHEDULED,0,0.0
2026-08-16T04:25:58Z,1026D79106C7,1026D,,SCHEDULED,240,4.0
2026-08-16T04:25:58Z,1026D79105C7,1026D,,SCHEDULED,0,0.0
2026-08-16T04:25:58Z,1026D79702C10,1026D,,SCHEDULED,0,0.0
2026-08-16T04:25:58Z,1026D76678C5,1026D,,SCHEDULED,240,4.0
2026-08-16T04:25:58Z,1026D76359C5,1026D,,SCHEDULED,180,3.0
2026-08-16T04:25:58Z,1026D79505C2,1026D,,SCHEDULED,720,12.0
2026-08-16T04:25:58Z,1026D79509C2,1026D,,SCHEDULED,120,2.0
2026-08-16T04:25:58Z,1026D79217C7,1026D,,SCHEDULED,120,2.0
2026-08-16T04:25:58Z,1026D27002C3,1026D,,SCHEDULED,300,5.0
2026-08-16T04:25:58Z,1026D27216C4a,1026D,,SCHEDULED,0,0.0
2026-08-16T04:25:58Z,1026D27415C4b,1026D,,SCHEDULED,0,0.0
2026-08-16T04:25:58Z,1026D27214C4a,1026D,,SCHEDULED,0,0.0
2026-08-16T04:25:58Z,1026D27215C4a,1026D,,SCHEDULED,0,0.0
2026-08-16T04:25:58Z,1026D27413C4b,1026D,,SCHEDULED,180,3.0
2026-08-16T04:25:58Z,1026D76370C5,1026D,,SCHEDULED,180,3.0
2026-08-16T04:25:58Z,1026D27417C4b,1026D,,SCHEDULED,0,0.0
2026-08-16T04:25:58Z,1026D76372C5,1026D,,SCHEDULED,0,0.0
2026-08-16T04:25:58Z,1026D76691C5,1026D,,SCHEDULED,0,0.0
2026-08-16T04:25:58Z,1026D76374C5,1026D,,SCHEDULED,0,0.0
2026-08-16T04:25:58Z,1026D76693C5,1026D,,SCHEDULED,0,0.0
2026-08-16T04:25:58Z,1026D76695C5,1026D,,SCHEDULED,0,0.0
2026-08-16T04:25:58Z,1026D27212C4a,1026D,,SCHEDULED,60,1.0
2026-08-16T04:25:58Z,1026D27213C4a,1026D,,CANCELED,,
2026-08-16T04:25:58Z,1026D27211C4a,1026D,,SCHEDULED,180,3.0
2026-08-16T04:25:58Z,1026D79206C7,1026D,,SCHEDULED,300,5.0
2026-08-16T04:25:58Z,1026D27409C4b,1026D,,SCHEDULED,0,0.0
2026-08-16T04:25:58Z,1026D27007C3,1026D,,SCHEDULED,0,0.0
2026-08-16T04:25:58Z,1026D27404C4b,1026D,,SCHEDULED,180,3.0
2026-08-16T04:25:58Z,1026D27005C3,1026D,,SCHEDULED,240,4.0
2026-08-16T04:25:58Z,1026D27006C3,1026D,,SCHEDULED,-60,-1.0
2026-08-16T04:25:58Z,1026D27402C4,1026D,,SCHEDULED,480,8.0
2026-08-16T04:25:58Z,1026D27209C4a,1026D,,SCHEDULED,420,7.0
2026-08-16T04:25:58Z,1026D27408C4b,1026D,,SCHEDULED,180,3.0
2026-08-16T04:25:58Z,1026D79210C7,1026D,,SCHEDULED,240,4.0
2026-08-16T04:25:58Z,1026D27207C4a,1026D,,SCHEDULED,300,5.0
2026-08-16T04:25:58Z,1026D27406C4b,1026D,,SCHEDULED,0,0.0
2026-08-16T04:25:58Z,1026D27208C4,1026D,,SCHEDULED,420,7.0
2026-08-16T04:25:58Z,1026D79410C2,1026D,,SCHEDULED,0,0.0
2026-08-16T04:25:58Z,1026D79214C7,1026D,,SCHEDULED,0,0.0
2026-08-16T04:25:58Z,1026D79213C7,1026D,,SCHEDULED,60,1.0
2026-08-16T04:25:58Z,1026D79810C8a,1026D,,SCHEDULED,300,5.0
2026-08-16T04:25:58Z,1026D27003C3,1026D,,SCHEDULED,0,0.0
2026-08-16T04:25:58Z,1026D27004C3,1026D,,SCHEDULED,900,15.0
2026-08-16T04:25:58Z,1026D79218C7,1026D,,SCHEDULED,0,0.0
2026-08-16T04:25:58Z,1026D79415C2,1026D,,SCHEDULED,0,0.0
2026-08-16T04:31:19Z,3026D23507C1,3026D,,SCHEDULED,0,0.0
2026-08-16T04:31:19Z,3026D23506C1,3026D,,SCHEDULED,300,5.0
2026-08-16T04:31:19Z,3026D23703C5,3026D,,SCHEDULED,0,0.0
2026-08-16T04:31:19Z,3126D23424T1,3126D,,SCHEDULED,0,0.0
2026-08-16T04:31:19Z,3226D23302C1,3226D,,SCHEDULED,0,0.0
2026-08-16T04:31:19Z,3226D23305C1,3226D,,SCHEDULED,120,2.0
2026-08-16T04:31:19Z,3226D23304C1,3226D,,SCHEDULED,0,0.0
2026-08-16T04:31:19Z,3226D23150C2,3226D,,SCHEDULED,0,0.0
2026-08-16T04:31:19Z,4026D84006C2,4026D,,SCHEDULED,0,0.0
2026-08-16T04:31:19Z,4026D76602C3,4026D,,SCHEDULED,0,0.0
2026-08-16T04:31:19Z,4026D24302C6,4026D,,SCHEDULED,60,1.0
2026-08-16T04:31:19Z,4026D24204C1,4026D,,SCHEDULED,0,0.0
2026-08-16T04:31:19Z,4026D84003C2,4026D,,SCHEDULED,0,0.0
2026-08-16T04:31:19Z,4026D24001C2,4026D,,SCHEDULED,-120,-2.0
2026-08-16T04:31:19Z,4026D24303C6,4026D,,SCHEDULED,60,1.0
2026-08-16T04:31:19Z,4026D76656C3,4026D,,SCHEDULED,-60,-1.0
2026-08-16T04:31:19Z,4026D24002C2,4026D,,SCHEDULED,-120,-2.0
2026-08-16T04:31:19Z,4026D24003C2,4026D,,SCHEDULED,120,2.0
2026-08-16T04:31:19Z,4026D80017C3,4026D,,SCHEDULED,0,0.0
2026-08-16T04:31:19Z,5126D25601R1,5126D,,SCHEDULED,60,1.0
2026-08-16T04:31:19Z,5126D35518R3,5126D,,SCHEDULED,60,1.0
2026-08-16T04:31:19Z,5126D30531R15,5126D,,SCHEDULED,0,0.0
2026-08-16T04:31:19Z,5126D35516R3,5126D,,SCHEDULED,720,12.0
2026-08-16T04:31:19Z,5126D30530R15,5126D,,SCHEDULED,0,0.0
2026-08-16T04:31:19Z,5126D15850R11,5126D,,SCHEDULED,0,0.0
2026-08-16T04:31:19Z,5126D25604R1,5126D,,SCHEDULED,-60,-1.0
2026-08-16T04:31:19Z,5126D25603R1,5126D,,SCHEDULED,0,0.0
2026-08-16T04:31:19Z,5126D78600R8,5126D,,SCHEDULED,0,0.0
2026-08-16T04:31:19Z,5126D28404R2N,5126D,,SCHEDULED,180,3.0
2026-08-16T04:31:19Z,5126D28268R2S,5126D,,SCHEDULED,0,0.0
2026-08-16T04:31:19Z,5126D77312R3,5126D,,SCHEDULED,-60,-1.0
2026-08-16T04:31:19Z,5126D77400R4,5126D,,SCHEDULED,480,8.0
2026-08-16T04:31:19Z,5126D77500R4,5126D,,SCHEDULED,-60,-1.0
2026-08-16T04:31:19Z,5126D77314R3,5126D,,SCHEDULED,120,2.0
2026-08-16T04:31:19Z,5126D77404R4,5126D,,SCHEDULED,1260,21.0
2026-08-16T04:31:19Z,5126D77504R4,5126D,,SCHEDULED,240,4.0
2026-08-16T04:31:19Z,5126D77316R3,5126D,,SCHEDULED,0,0.0
2026-08-16T04:31:19Z,5126D25606R1,5126D,,SCHEDULED,60,1.0
2026-08-16T04:31:19Z,5126D25608R1,5126D,,SCHEDULED,60,1.0
2026-08-16T04:31:19Z,5126D15040R13,5126D,,SCHEDULED,-240,-4.0
2026-08-16T04:31:19Z,5126D77508R4,5126D,,SCHEDULED,0,0.0
2026-08-16T04:31:19Z,5126D15000R15,5126D,,SCHEDULED,180,3.0
2026-08-16T04:31:19Z,5126D25600R1,5126D,,SCHEDULED,240,4.0
2026-08-16T04:31:19Z,5126D25402R2N,5126D,,SCHEDULED,180,3.0
2026-08-16T04:31:19Z,5126D25503R2S,5126D,,SCHEDULED,480,8.0
2026-08-16T04:31:19Z,5126D25502R2S,5126D,,SCHEDULED,480,8.0
2026-08-16T04:31:19Z,5126D28408R2N,5126D,,SCHEDULED,60,1.0
2026-08-16T04:31:19Z,5126D28406R2N,5126D,,SCHEDULED,60,1.0
2026-08-16T04:31:19Z,5126D28264R2S,5126D,,SCHEDULED,60,1.0
2026-08-16T04:31:19Z,5126D28263R2S,5126D,,SCHEDULED,180,3.0
2026-08-16T04:31:19Z,6026D26504C3,6026D,,SCHEDULED,60,1.0
2026-08-16T04:31:19Z,6026D26503C3,6026D,,SCHEDULED,240,4.0
2026-08-16T04:31:19Z,6026D29506C2,6026D,,SCHEDULED,180,3.0
2026-08-16T04:31:19Z,6026D26505C3,6026D,,SCHEDULED,180,3.0
2026-08-16T04:31:19Z,6026D26506C3,6026D,,SCHEDULED,120,2.0
2026-08-16T04:31:19Z,6026D26507C3,6026D,,SCHEDULED,0,0.0
2026-08-16T04:31:19Z,6026D29611C1,6026D,,SCHEDULED,300,5.0
2026-08-16T04:31:19Z,6026D26508C3,6026D,,SCHEDULED,0,0.0
2026-08-16T04:31:19Z,6026D71500C4,6026D,,SCHEDULED,-60,-1.0
2026-08-16T04:31:19Z,6026D71503C4,6026D,,SCHEDULED,-60,-1.0
2026-08-16T04:31:19Z,6126D32701C1,6126D,,SCHEDULED,60,1.0
2026-08-16T04:31:19Z,6126D32700C1,6126D,,SCHEDULED,360,6.0
2026-08-16T04:31:19Z,6126D35680C1,6126D,,SCHEDULED,60,1.0
2026-08-16T04:31:19Z,6126D32771C1,6126D,,SCHEDULED,0,0.0
2026-08-16T04:31:19Z,6226D71152C2,6226D,,SCHEDULED,180,3.0
2026-08-16T04:31:19Z,6226D71154C2,6226D,,SCHEDULED,60,1.0
2026-08-16T04:31:19Z,4726D71080C1,4726D,,SCHEDULED,120,2.0
2026-08-16T04:31:19Z,2026D70250C4,2026D,,SCHEDULED,0,0.0
2026-08-16T04:31:19Z,2026D22002C1,2026D,,SCHEDULED,0,0.0
2026-08-16T04:31:19Z,2026D70901C8,2026D,,SCHEDULED,0,0.0
2026-08-16T04:31:19Z,2026D70505C7,2026D,,SCHEDULED,0,0.0
2026-08-16T04:31:19Z,2026D22004C1,2026D,,SCHEDULED,120,2.0
2026-08-16T04:31:19Z,2026D22105C1,2026D,,SCHEDULED,420,7.0
2026-08-16T04:31:19Z,2026D70756C6,2026D,,SCHEDULED,0,0.0
2026-08-16T04:31:19Z,2026D70932C8,2026D,,SCHEDULED,540,9.0
2026-08-16T04:31:19Z,2026D70251C4,2026D,,SCHEDULED,0,0.0
2026-08-16T04:31:19Z,2026D70853C6,2026D,,SCHEDULED,0,0.0
2026-08-16T04:31:19Z,2026D70402C5,2026D,,CANCELED,,
2026-08-16T04:31:19Z,2026D70204C4,2026D,,SCHEDULED,60,1.0
2026-08-16T04:31:19Z,4126D24702C1,4126D,,SCHEDULED,0,0.0
2026-08-16T04:31:19Z,4126D84904C2,4126D,,SCHEDULED,0,0.0
2026-08-16T04:31:19Z,4126D24703C1,4126D,,SCHEDULED,60,1.0
2026-08-16T04:31:19Z,1026D79206C7,1026D,,SCHEDULED,240,4.0
2026-08-16T04:31:19Z,1026D79604C10,1026D,,SCHEDULED,0,0.0
2026-08-16T04:31:19Z,1026D79406C2,1026D,,SCHEDULED,540,9.0
2026-08-16T04:31:19Z,1026D79606C10,1026D,,SCHEDULED,0,0.0
2026-08-16T04:31:19Z,1026D79807C8a,1026D,,SCHEDULED,0,0.0
2026-08-16T04:31:19Z,1026D79808C8a,1026D,,SCHEDULED,60,1.0
2026-08-16T04:31:19Z,1026D76680C5,1026D,,SCHEDULED,240,4.0
2026-08-16T04:31:19Z,1026D76361C5,1026D,,SCHEDULED,60,1.0
2026-08-16T04:31:19Z,1026D76682C5,1026D,,SCHEDULED,240,4.0
2026-08-16T04:31:19Z,1026D76363C5,1026D,,SCHEDULED,60,1.0
2026-08-16T04:31:19Z,1026D76365C5,1026D,,SCHEDULED,120,2.0
2026-08-16T04:31:19Z,1026D76684C5,1026D,,SCHEDULED,180,3.0
2026-08-16T04:31:19Z,1026D19809C1,1026D,,SCHEDULED,0,0.0
2026-08-16T04:31:19Z,1026D79513C2,1026D,,SCHEDULED,420,7.0
2026-08-16T04:31:19Z,1026D76366C5,1026D,,SCHEDULED,120,2.0
2026-08-16T04:31:19Z,1026D76367C5,1026D,,SCHEDULED,0,0.0
2026-08-16T04:31:19Z,1026D76686C5,1026D,,SCHEDULED,0,0.0
2026-08-16T04:31:19Z,1026D76368C5,1026D,,SCHEDULED,300,5.0
2026-08-16T04:31:19Z,1026D76369C5,1026D,,SCHEDULED,0,0.0
2026-08-16T04:31:19Z,1026D76688C5,1026D,,SCHEDULED,0,0.0
2026-08-16T04:31:19Z,1026D79223C7,1026D,,SCHEDULED,0,0.0
2026-08-16T04:31:19Z,1026D79102C7,1026D,,SCHEDULED,240,4.0
2026-08-16T04:31:19Z,1026D79104C7,1026D,,SCHEDULED,720,12.0
2026-08-16T04:31:19Z,1026D79103C7,1026D,,SCHEDULED,0,0.0
2026-08-16T04:31:19Z,1026D79106C7,1026D,,SCHEDULED,540,9.0
2026-08-16T04:31:19Z,1026D79105C7,1026D,,SCHEDULED,0,0.0
2026-08-16T04:31:19Z,1026D79702C10,1026D,,SCHEDULED,0,0.0
2026-08-16T04:31:19Z,1026D76359C5,1026D,,SCHEDULED,120,2.0
2026-08-16T04:31:19Z,1026D79505C2,1026D,,SCHEDULED,1020,17.0
2026-08-16T04:31:19Z,1026D19811C1,1026D,,SCHEDULED,0,0.0
2026-08-16T04:31:19Z,1026D79509C2,1026D,,SCHEDULED,180,3.0
2026-08-16T04:31:19Z,1026D79954C8b,1026D,,SCHEDULED,0,0.0
2026-08-16T04:31:19Z,1026D76205C5,1026D,,SCHEDULED,60,1.0
2026-08-16T04:31:19Z,1026D76689C5,1026D,,SCHEDULED,60,1.0
2026-08-16T04:31:19Z,1026D76206C5,1026D,,SCHEDULED,0,0.0
2026-08-16T04:31:19Z,1026D19804C1,1026D,,SCHEDULED,300,5.0
2026-08-16T04:31:19Z,1026D76207C5,1026D,,SCHEDULED,0,0.0
2026-08-16T04:31:19Z,1026D19807C1,1026D,,SCHEDULED,60,1.0
2026-08-16T04:31:19Z,1026D19806C1,1026D,,SCHEDULED,0,0.0
2026-08-16T04:31:19Z,1026D19802C1,1026D,,SCHEDULED,0,0.0
2026-08-16T04:31:19Z,1026D79221C7,1026D,,SCHEDULED,240,4.0
2026-08-16T04:31:19Z,1026D27002C3,1026D,,SCHEDULED,360,6.0
2026-08-16T04:31:19Z,1026D27216C4a,1026D,,SCHEDULED,0,0.0
2026-08-16T04:31:19Z,1026D27415C4b,1026D,,SCHEDULED,0,0.0
2026-08-16T04:31:19Z,1026D27214C4a,1026D,,SCHEDULED,60,1.0
2026-08-16T04:31:19Z,1026D27215C4a,1026D,,SCHEDULED,0,0.0
2026-08-16T04:31:19Z,1026D27413C4b,1026D,,SCHEDULED,0,0.0
2026-08-16T04:31:19Z,1026D76370C5,1026D,,SCHEDULED,480,8.0
2026-08-16T04:31:19Z,1026D27417C4b,1026D,,SCHEDULED,0,0.0
2026-08-16T04:31:19Z,1026D76372C5,1026D,,SCHEDULED,0,0.0
2026-08-16T04:31:19Z,1026D76691C5,1026D,,SCHEDULED,240,4.0
2026-08-16T04:31:19Z,1026D76374C5,1026D,,SCHEDULED,0,0.0
2026-08-16T04:31:19Z,1026D76693C5,1026D,,SCHEDULED,0,0.0
2026-08-16T04:31:19Z,1026D76376C5,1026D,,SCHEDULED,0,0.0
2026-08-16T04:31:19Z,1026D76695C5,1026D,,SCHEDULED,0,0.0
2026-08-16T04:31:19Z,1026D27410C4b,1026D,,SCHEDULED,0,0.0
2026-08-16T04:31:19Z,1026D27212C4a,1026D,,SCHEDULED,60,1.0
2026-08-16T04:31:19Z,1026D27213C4a,1026D,,CANCELED,,
2026-08-16T04:31:19Z,1026D27411C4b,1026D,,SCHEDULED,420,7.0
2026-08-16T04:31:19Z,1026D27210C4a,1026D,,SCHEDULED,180,3.0
2026-08-16T04:31:19Z,1026D27409C4b,1026D,,SCHEDULED,180,3.0
2026-08-16T04:31:19Z,1026D27007C3,1026D,,SCHEDULED,0,0.0
2026-08-16T04:31:19Z,1026D27404C4b,1026D,,SCHEDULED,0,0.0
2026-08-16T04:31:19Z,1026D27005C3,1026D,,SCHEDULED,60,1.0
2026-08-16T04:31:19Z,1026D27006C3,1026D,,SCHEDULED,300,5.0
2026-08-16T04:31:19Z,1026D27402C4,1026D,,SCHEDULED,180,3.0
2026-08-16T04:31:19Z,1026D27209C4a,1026D,,SCHEDULED,720,12.0
2026-08-16T04:31:19Z,1026D27408C4b,1026D,,SCHEDULED,480,8.0
2026-08-16T04:31:19Z,1026D79210C7,1026D,,SCHEDULED,180,3.0
2026-08-16T04:31:19Z,1026D27406C4b,1026D,,SCHEDULED,0,0.0
2026-08-16T04:31:19Z,1026D27208C4,1026D,,SCHEDULED,420,7.0
2026-08-16T04:31:19Z,1026D79410C2,1026D,,SCHEDULED,0,0.0
2026-08-16T04:31:19Z,1026D79214C7,1026D,,SCHEDULED,0,0.0
2026-08-16T04:31:19Z,1026D79213C7,1026D,,SCHEDULED,120,2.0
2026-08-16T04:31:19Z,1026D79810C8a,1026D,,SCHEDULED,60,1.0
2026-08-16T04:31:19Z,1026D27004C3,1026D,,SCHEDULED,540,9.0
2026-08-16T04:31:19Z,1026D79218C7,1026D,,SCHEDULED,0,0.0
2026-08-16T04:31:19Z,1026D79415C2,1026D,,SCHEDULED,0,0.0
2026-08-16T04:31:19Z,1026D79217C7,1026D,,SCHEDULED,180,3.0
2026-08-16T04:35:56Z,3026D23507C1,3026D,,SCHEDULED,300,5.0
2026-08-16T04:35:56Z,3026D23506C1,3026D,,SCHEDULED,420,7.0
2026-08-16T04:35:56Z,3026D23703C5,3026D,,SCHEDULED,0,0.0
2026-08-16T04:35:56Z,3126D23424T1,3126D,,SCHEDULED,0,0.0
2026-08-16T04:35:56Z,3226D23302C1,3226D,,SCHEDULED,0,0.0
2026-08-16T04:35:56Z,3226D23305C1,3226D,,SCHEDULED,180,3.0
2026-08-16T04:35:56Z,3226D23304C1,3226D,,SCHEDULED,0,0.0
2026-08-16T04:35:56Z,3226D23307C1,3226D,,SCHEDULED,-60,-1.0
2026-08-16T04:35:56Z,3226D23150C2,3226D,,SCHEDULED,0,0.0
2026-08-16T04:35:56Z,4026D80017C3,4026D,,SCHEDULED,0,0.0
2026-08-16T04:35:56Z,4026D24302C6,4026D,,SCHEDULED,60,1.0
2026-08-16T04:35:56Z,4026D24204C1,4026D,,SCHEDULED,240,4.0
2026-08-16T04:35:56Z,4026D24303C6,4026D,,SCHEDULED,120,2.0
2026-08-16T04:35:56Z,4026D84006C2,4026D,,SCHEDULED,0,0.0
2026-08-16T04:35:56Z,4026D24205C1,4026D,,SCHEDULED,-180,-3.0
2026-08-16T04:35:56Z,4026D24001C2,4026D,,SCHEDULED,60,1.0
2026-08-16T04:35:56Z,4026D24002C2,4026D,,SCHEDULED,-120,-2.0
2026-08-16T04:35:56Z,4026D76656C3,4026D,,SCHEDULED,-120,-2.0
2026-08-16T04:35:56Z,4026D76602C3,4026D,,SCHEDULED,0,0.0
2026-08-16T04:35:56Z,4026D84003C2,4026D,,SCHEDULED,0,0.0
2026-08-16T04:35:56Z,5126D25601R1,5126D,,SCHEDULED,0,0.0
2026-08-16T04:35:56Z,5126D25604R1,5126D,,SCHEDULED,60,1.0
2026-08-16T04:35:56Z,5126D25603R1,5126D,,SCHEDULED,0,0.0
2026-08-16T04:35:56Z,5126D35518R3,5126D,,SCHEDULED,60,1.0
2026-08-16T04:35:56Z,5126D30531R15,5126D,,SCHEDULED,60,1.0
2026-08-16T04:35:56Z,5126D30530R15,5126D,,SCHEDULED,0,0.0
2026-08-16T04:35:56Z,5126D15850R11,5126D,,SCHEDULED,0,0.0
2026-08-16T04:35:56Z,5126D77510R4,5126D,,SCHEDULED,180,3.0
2026-08-16T04:35:56Z,5126D77312R3,5126D,,SCHEDULED,300,5.0
2026-08-16T04:35:56Z,5126D28404R2N,5126D,,SCHEDULED,-60,-1.0
2026-08-16T04:35:56Z,5126D28408R2N,5126D,,SCHEDULED,0,0.0
2026-08-16T04:35:56Z,5126D28406R2N,5126D,,SCHEDULED,-60,-1.0
2026-08-16T04:35:56Z,5126D78600R8,5126D,,SCHEDULED,120,2.0
2026-08-16T04:35:56Z,5126D77314R3,5126D,,SCHEDULED,120,2.0
2026-08-16T04:35:56Z,5126D28268R2S,5126D,,SCHEDULED,0,0.0
2026-08-16T04:35:56Z,5126D25562R2S,5126D,,SCHEDULED,-60,-1.0
2026-08-16T04:35:56Z,5126D77400R4,5126D,,SCHEDULED,420,7.0
2026-08-16T04:35:56Z,5126D77316R3,5126D,,SCHEDULED,0,0.0
2026-08-16T04:35:56Z,5126D25606R1,5126D,,SCHEDULED,0,0.0
2026-08-16T04:35:56Z,5126D25608R1,5126D,,SCHEDULED,0,0.0
2026-08-16T04:35:56Z,5126D78632R8,5126D,,SCHEDULED,0,0.0
2026-08-16T04:35:56Z,5126D15040R13,5126D,,SCHEDULED,-240,-4.0
2026-08-16T04:35:56Z,5126D77500R4,5126D,,SCHEDULED,60,1.0
2026-08-16T04:35:56Z,5126D15000R15,5126D,,SCHEDULED,300,5.0
2026-08-16T04:35:56Z,5126D77404R4,5126D,,SCHEDULED,1200,20.0
2026-08-16T04:35:56Z,5126D25600R1,5126D,,SCHEDULED,240,4.0
2026-08-16T04:35:56Z,5126D25402R2N,5126D,,SCHEDULED,120,2.0
2026-08-16T04:35:56Z,5126D77504R4,5126D,,SCHEDULED,240,4.0
2026-08-16T04:35:56Z,5126D25503R2S,5126D,,SCHEDULED,240,4.0
2026-08-16T04:35:56Z,5126D25502R2S,5126D,,SCHEDULED,360,6.0
2026-08-16T04:35:56Z,5126D77508R4,5126D,,SCHEDULED,120,2.0
2026-08-16T04:35:56Z,6026D26504C3,6026D,,SCHEDULED,60,1.0
2026-08-16T04:35:56Z,6026D26503C3,6026D,,SCHEDULED,180,3.0
2026-08-16T04:35:56Z,6026D29509C2,6026D,,SCHEDULED,0,0.0
2026-08-16T04:35:56Z,6026D29506C2,6026D,,SCHEDULED,240,4.0
2026-08-16T04:35:56Z,6026D26505C3,6026D,,SCHEDULED,60,1.0
2026-08-16T04:35:56Z,6026D26506C3,6026D,,SCHEDULED,60,1.0
2026-08-16T04:35:56Z,6026D26507C3,6026D,,SCHEDULED,60,1.0
2026-08-16T04:35:56Z,6026D29611C1,6026D,,SCHEDULED,300,5.0
2026-08-16T04:35:56Z,6026D26508C3,6026D,,SCHEDULED,0,0.0
2026-08-16T04:35:56Z,6026D71503C4,6026D,,SCHEDULED,-60,-1.0
2026-08-16T04:35:56Z,6126D32701C1,6126D,,SCHEDULED,120,2.0
2026-08-16T04:35:56Z,6126D32700C1,6126D,,SCHEDULED,360,6.0
2026-08-16T04:35:56Z,6126D35680C1,6126D,,SCHEDULED,0,0.0
2026-08-16T04:35:56Z,6126D32771C1,6126D,,SCHEDULED,0,0.0
2026-08-16T04:35:56Z,6226D71152C2,6226D,,SCHEDULED,60,1.0
2026-08-16T04:35:56Z,4726D71080C1,4726D,,SCHEDULED,120,2.0
2026-08-16T04:35:56Z,2026D70251C4,2026D,,SCHEDULED,0,0.0
2026-08-16T04:35:56Z,2026D70250C4,2026D,,SCHEDULED,0,0.0
2026-08-16T04:35:56Z,2026D22002C1,2026D,,SCHEDULED,60,1.0
2026-08-16T04:35:56Z,2026D22105C1,2026D,,SCHEDULED,660,11.0
2026-08-16T04:35:56Z,2026D70901C8,2026D,,SCHEDULED,0,0.0
2026-08-16T04:35:56Z,2026D70505C7,2026D,,SCHEDULED,0,0.0
2026-08-16T04:35:56Z,2026D70756C6,2026D,,SCHEDULED,0,0.0
2026-08-16T04:35:56Z,2026D70932C8,2026D,,SCHEDULED,840,14.0
2026-08-16T04:35:56Z,2026D70403C5,2026D,,SCHEDULED,0,0.0
2026-08-16T04:35:56Z,2026D70402C5,2026D,,CANCELED,,
2026-08-16T04:35:56Z,2026D70853C6,2026D,,SCHEDULED,0,0.0
2026-08-16T04:35:56Z,2026D70204C4,2026D,,SCHEDULED,0,0.0
2026-08-16T04:35:56Z,4126D24702C1,4126D,,SCHEDULED,0,0.0
2026-08-16T04:35:56Z,4126D84904C2,4126D,,SCHEDULED,0,0.0
2026-08-16T04:35:56Z,4126D24703C1,4126D,,SCHEDULED,360,6.0
2026-08-16T04:35:56Z,1026D76682C5,1026D,,SCHEDULED,300,5.0
2026-08-16T04:35:56Z,1026D76363C5,1026D,,SCHEDULED,0,0.0
2026-08-16T04:35:56Z,1026D76365C5,1026D,,SCHEDULED,420,7.0
2026-08-16T04:35:56Z,1026D76684C5,1026D,,SCHEDULED,0,0.0
2026-08-16T04:35:56Z,1026D19809C1,1026D,,SCHEDULED,0,0.0
2026-08-16T04:35:56Z,1026D79513C2,1026D,,SCHEDULED,180,3.0
2026-08-16T04:35:56Z,1026D76366C5,1026D,,SCHEDULED,240,4.0
2026-08-16T04:35:56Z,1026D19808C1,1026D,,SCHEDULED,0,0.0
2026-08-16T04:35:56Z,1026D76367C5,1026D,,SCHEDULED,0,0.0
2026-08-16T04:35:56Z,1026D76686C5,1026D,,SCHEDULED,0,0.0
2026-08-16T04:35:56Z,1026D76368C5,1026D,,SCHEDULED,60,1.0
2026-08-16T04:35:56Z,1026D27411C4b,1026D,,SCHEDULED,60,1.0
2026-08-16T04:35:56Z,1026D27210C4a,1026D,,SCHEDULED,60,1.0
2026-08-16T04:35:56Z,1026D27211C4a,1026D,,SCHEDULED,180,3.0
2026-08-16T04:35:56Z,1026D79217C7,1026D,,SCHEDULED,240,4.0
2026-08-16T04:35:56Z,1026D79206C7,1026D,,SCHEDULED,300,5.0
2026-08-16T04:35:56Z,1026D27002C3,1026D,,SCHEDULED,240,4.0
2026-08-16T04:35:56Z,1026D27216C4a,1026D,,SCHEDULED,0,0.0
2026-08-16T04:35:56Z,1026D79604C10,1026D,,SCHEDULED,60,1.0
2026-08-16T04:35:56Z,1026D27217C4a,1026D,,SCHEDULED,0,0.0
2026-08-16T04:35:56Z,1026D27415C4b,1026D,,SCHEDULED,120,2.0
2026-08-16T04:35:56Z,1026D27214C4a,1026D,,SCHEDULED,360,6.0
2026-08-16T04:35:56Z,1026D27215C4a,1026D,,SCHEDULED,0,0.0
2026-08-16T04:35:56Z,1026D79406C2,1026D,,SCHEDULED,480,8.0
2026-08-16T04:35:56Z,1026D79606C10,1026D,,SCHEDULED,0,0.0
2026-08-16T04:35:56Z,1026D76370C5,1026D,,SCHEDULED,180,3.0
2026-08-16T04:35:56Z,1026D79807C8a,1026D,,SCHEDULED,0,0.0
2026-08-16T04:35:56Z,1026D76690C5,1026D,,SCHEDULED,0,0.0
2026-08-16T04:35:56Z,1026D27417C4b,1026D,,SCHEDULED,0,0.0
2026-08-16T04:35:56Z,1026D79808C8a,1026D,,SCHEDULED,60,1.0
2026-08-16T04:35:56Z,1026D76361C5,1026D,,SCHEDULED,180,3.0
2026-08-16T04:35:56Z,1026D76372C5,1026D,,SCHEDULED,120,2.0
2026-08-16T04:35:56Z,1026D79221C7,1026D,,SCHEDULED,540,9.0
2026-08-16T04:35:56Z,1026D79223C7,1026D,,SCHEDULED,0,0.0
2026-08-16T04:35:56Z,1026D76691C5,1026D,,SCHEDULED,60,1.0
2026-08-16T04:35:56Z,1026D79102C7,1026D,,SCHEDULED,480,8.0
2026-08-16T04:35:56Z,1026D79104C7,1026D,,SCHEDULED,1020,17.0
2026-08-16T04:35:56Z,1026D76374C5,1026D,,SCHEDULED,0,0.0
2026-08-16T04:35:56Z,1026D79103C7,1026D,,SCHEDULED,60,1.0
2026-08-16T04:35:56Z,1026D76693C5,1026D,,SCHEDULED,60,1.0
2026-08-16T04:35:56Z,1026D79106C7,1026D,,SCHEDULED,840,14.0
2026-08-16T04:35:56Z,1026D79105C7,1026D,,SCHEDULED,180,3.0
2026-08-16T04:35:56Z,1026D76376C5,1026D,,SCHEDULED,0,0.0
2026-08-16T04:35:56Z,1026D76695C5,1026D,,SCHEDULED,0,0.0
2026-08-16T04:35:56Z,1026D79702C10,1026D,,SCHEDULED,0,0.0
2026-08-16T04:35:56Z,1026D79505C2,1026D,,SCHEDULED,540,9.0
2026-08-16T04:35:56Z,1026D27410C4b,1026D,,SCHEDULED,0,0.0
2026-08-16T04:35:56Z,1026D19811C1,1026D,,SCHEDULED,0,0.0
2026-08-16T04:35:56Z,1026D27212C4a,1026D,,SCHEDULED,240,4.0
2026-08-16T04:35:56Z,1026D79509C2,1026D,,SCHEDULED,240,4.0
2026-08-16T04:35:56Z,1026D76697C5,1026D,,SCHEDULED,0,0.0
2026-08-16T04:35:56Z,1026D76369C5,1026D,,SCHEDULED,0,0.0
2026-08-16T04:35:56Z,1026D76688C5,1026D,,SCHEDULED,0,0.0
2026-08-16T04:35:56Z,1026D79954C8b,1026D,,SCHEDULED,300,5.0
2026-08-16T04:35:56Z,1026D27213C4a,1026D,,CANCELED,,
2026-08-16T04:35:56Z,1026D79517C2,1026D,,SCHEDULED,0,0.0
2026-08-16T04:35:56Z,1026D76689C5,1026D,,SCHEDULED,0,0.0
2026-08-16T04:35:56Z,1026D27409C4b,1026D,,SCHEDULED,180,3.0
2026-08-16T04:35:56Z,1026D76206C5,1026D,,SCHEDULED,240,4.0
2026-08-16T04:35:56Z,1026D19804C1,1026D,,SCHEDULED,600,10.0
2026-08-16T04:35:56Z,1026D27007C3,1026D,,SCHEDULED,0,0.0
2026-08-16T04:35:56Z,1026D76207C5,1026D,,SCHEDULED,0,0.0
2026-08-16T04:35:56Z,1026D27206C4,1026D,,SCHEDULED,1200,20.0
2026-08-16T04:35:56Z,1026D19807C1,1026D,,SCHEDULED,0,0.0
2026-08-16T04:35:56Z,1026D19806C1,1026D,,SCHEDULED,0,0.0
2026-08-16T04:35:56Z,1026D27404C4b,1026D,,SCHEDULED,180,3.0
2026-08-16T04:35:56Z,1026D27005C3,1026D,,SCHEDULED,0,0.0
2026-08-16T04:35:56Z,1026D27006C3,1026D,,SCHEDULED,540,9.0
2026-08-16T04:35:56Z,1026D27402C4,1026D,,SCHEDULED,480,8.0
2026-08-16T04:35:56Z,1026D27209C4a,1026D,,SCHEDULED,540,9.0
2026-08-16T04:35:56Z,1026D27408C4b,1026D,,SCHEDULED,780,13.0
2026-08-16T04:35:56Z,1026D79210C7,1026D,,SCHEDULED,420,7.0
2026-08-16T04:35:56Z,1026D27406C4b,1026D,,SCHEDULED,0,0.0
2026-08-16T04:35:56Z,1026D27208C4,1026D,,SCHEDULED,240,4.0
2026-08-16T04:35:56Z,1026D79410C2,1026D,,SCHEDULED,0,0.0
2026-08-16T04:35:56Z,1026D79214C7,1026D,,SCHEDULED,0,0.0
2026-08-16T04:35:56Z,1026D79810C8a,1026D,,SCHEDULED,360,6.0
2026-08-16T04:35:56Z,1026D27004C3,1026D,,SCHEDULED,540,9.0
2026-08-16T04:35:56Z,1026D79218C7,1026D,,SCHEDULED,0,0.0
2026-08-16T04:35:56Z,1026D79415C2,1026D,,SCHEDULED,0,0.0
2026-08-16T04:41:03Z,3026D23507C1,3026D,,SCHEDULED,300,5.0
2026-08-16T04:41:03Z,3026D23506C1,3026D,,SCHEDULED,360,6.0
2026-08-16T04:41:03Z,3026D23703C5,3026D,,SCHEDULED,60,1.0
2026-08-16T04:41:03Z,3026D23605C4,3026D,,SCHEDULED,0,0.0
2026-08-16T04:41:03Z,3126D23424T1,3126D,,SCHEDULED,0,0.0
2026-08-16T04:41:03Z,3226D23302C1,3226D,,SCHEDULED,0,0.0
2026-08-16T04:41:03Z,3226D23305C1,3226D,,SCHEDULED,60,1.0
2026-08-16T04:41:03Z,3226D23304C1,3226D,,SCHEDULED,0,0.0
2026-08-16T04:41:03Z,3226D23150C2,3226D,,SCHEDULED,120,2.0
2026-08-16T04:41:03Z,3226D23307C1,3226D,,SCHEDULED,60,1.0
2026-08-16T04:41:03Z,4026D24205C1,4026D,,SCHEDULED,0,0.0
2026-08-16T04:41:03Z,4026D80017C3,4026D,,SCHEDULED,0,0.0
2026-08-16T04:41:03Z,4026D76656C3,4026D,,SCHEDULED,0,0.0
2026-08-16T04:41:03Z,4026D76602C3,4026D,,SCHEDULED,0,0.0
2026-08-16T04:41:03Z,4026D84003C2,4026D,,SCHEDULED,0,0.0
2026-08-16T04:41:03Z,4026D84004C2,4026D,,SCHEDULED,0,0.0
2026-08-16T04:41:03Z,4026D84006C2,4026D,,SCHEDULED,0,0.0
2026-08-16T04:41:03Z,4026D24204C1,4026D,,SCHEDULED,180,3.0
2026-08-16T04:41:03Z,4026D24303C6,4026D,,SCHEDULED,120,2.0
2026-08-16T04:41:03Z,4026D24007C2,4026D,,SCHEDULED,0,0.0
2026-08-16T04:41:03Z,4026D24002C2,4026D,,SCHEDULED,-120,-2.0
2026-08-16T04:41:03Z,4026D24003C2,4026D,,SCHEDULED,240,4.0
2026-08-16T04:41:03Z,5126D35518R3,5126D,,SCHEDULED,60,1.0
2026-08-16T04:41:03Z,5126D30530R15,5126D,,SCHEDULED,0,0.0
2026-08-16T04:41:03Z,5126D15850R11,5126D,,SCHEDULED,0,0.0
2026-08-16T04:41:03Z,5126D25603R1,5126D,,SCHEDULED,60,1.0
2026-08-16T04:41:03Z,5126D77510R4,5126D,,SCHEDULED,180,3.0
2026-08-16T04:41:03Z,5126D28404R2N,5126D,,SCHEDULED,60,1.0
2026-08-16T04:41:03Z,5126D28408R2N,5126D,,SCHEDULED,-60,-1.0
2026-08-16T04:41:03Z,5126D77312R3,5126D,,SCHEDULED,60,1.0
2026-08-16T04:41:03Z,5126D78600R8,5126D,,SCHEDULED,60,1.0
2026-08-16T04:41:03Z,5126D78632R8,5126D,,SCHEDULED,60,1.0
2026-08-16T04:41:03Z,5126D77314R3,5126D,,SCHEDULED,120,2.0
2026-08-16T04:41:03Z,5126D25562R2S,5126D,,SCHEDULED,0,0.0
2026-08-16T04:41:03Z,5126D77500R4,5126D,,SCHEDULED,0,0.0
2026-08-16T04:41:03Z,5126D28267R2S,5126D,,SCHEDULED,480,8.0
2026-08-16T04:41:03Z,5126D77404R4,5126D,,SCHEDULED,1200,20.0
2026-08-16T04:41:03Z,5126D77316R3,5126D,,SCHEDULED,-300,-5.0
2026-08-16T04:41:03Z,5126D25606R1,5126D,,SCHEDULED,120,2.0
2026-08-16T04:41:03Z,5126D25608R1,5126D,,SCHEDULED,60,1.0
2026-08-16T04:41:03Z,5126D77504R4,5126D,,SCHEDULED,60,1.0
2026-08-16T04:41:03Z,5126D77508R4,5126D,,SCHEDULED,120,2.0
2026-08-16T04:41:03Z,5126D15040R13,5126D,,SCHEDULED,-240,-4.0
2026-08-16T04:41:03Z,5126D28406R2N,5126D,,SCHEDULED,0,0.0
2026-08-16T04:41:03Z,5126D25600R1,5126D,,SCHEDULED,360,6.0
2026-08-16T04:41:03Z,5126D25501R2S,5126D,,SCHEDULED,240,4.0
2026-08-16T04:41:03Z,5126D28264R2S,5126D,,SCHEDULED,0,0.0
2026-08-16T04:41:03Z,5126D28268R2S,5126D,,SCHEDULED,0,0.0
2026-08-16T04:41:03Z,5126D25404R2N,5126D,,SCHEDULED,0,0.0
2026-08-16T04:41:03Z,5126D77400R4,5126D,,SCHEDULED,420,7.0
2026-08-16T04:41:03Z,5126D25503R2S,5126D,,SCHEDULED,300,5.0
2026-08-16T04:41:03Z,5126D25502R2S,5126D,,SCHEDULED,360,6.0
2026-08-16T04:41:03Z,6026D29509C2,6026D,,SCHEDULED,0,0.0
2026-08-16T04:41:03Z,6026D26504C3,6026D,,SCHEDULED,0,0.0
2026-08-16T04:41:03Z,6026D26506C3,6026D,,SCHEDULED,120,2.0
2026-08-16T04:41:03Z,6026D29506C2,6026D,,SCHEDULED,240,4.0
2026-08-16T04:41:03Z,6026D26505C3,6026D,,SCHEDULED,-60,-1.0
2026-08-16T04:41:03Z,6026D29611C1,6026D,,SCHEDULED,180,3.0
2026-08-16T04:41:03Z,6026D29610C1,6026D,,SCHEDULED,0,0.0
2026-08-16T04:41:03Z,6026D71500C4,6026D,,SCHEDULED,300,5.0
2026-08-16T04:41:03Z,6026D26508C3,6026D,,SCHEDULED,0,0.0
2026-08-16T04:41:03Z,6026D71503C4,6026D,,SCHEDULED,-180,-3.0
2026-08-16T04:41:03Z,6026D26507C3,6026D,,SCHEDULED,60,1.0
2026-08-16T04:41:03Z,6126D32700C1,6126D,,SCHEDULED,420,7.0
2026-08-16T04:41:03Z,6126D32701C1,6126D,,SCHEDULED,120,2.0
2026-08-16T04:41:03Z,6126D35680C1,6126D,,SCHEDULED,0,0.0
2026-08-16T04:41:03Z,6126D32771C1,6126D,,SCHEDULED,0,0.0
2026-08-16T04:41:03Z,6226D71152C2,6226D,,SCHEDULED,60,1.0
2026-08-16T04:41:03Z,6226D71154C2,6226D,,SCHEDULED,60,1.0
2026-08-16T04:41:03Z,4726D71080C1,4726D,,SCHEDULED,120,2.0
2026-08-16T04:41:03Z,2026D22003C1,2026D,,SCHEDULED,0,0.0
2026-08-16T04:41:03Z,2026D70756C6,2026D,,SCHEDULED,0,0.0
2026-08-16T04:41:03Z,2026D70932C8,2026D,,SCHEDULED,0,0.0
2026-08-16T04:41:03Z,2026D70403C5,2026D,,SCHEDULED,0,0.0
2026-08-16T04:41:03Z,2026D22004C1,2026D,,SCHEDULED,180,3.0
2026-08-16T04:41:03Z,2026D70251C4,2026D,,SCHEDULED,0,0.0
2026-08-16T04:41:03Z,2026D70250C4,2026D,,SCHEDULED,0,0.0
2026-08-16T04:41:03Z,2026D70853C6,2026D,,SCHEDULED,300,5.0
2026-08-16T04:41:03Z,2026D70204C4,2026D,,SCHEDULED,0,0.0
2026-08-16T04:41:03Z,2026D22002C1,2026D,,SCHEDULED,60,1.0
2026-08-16T04:41:03Z,2026D70505C7,2026D,,SCHEDULED,0,0.0
2026-08-16T04:41:03Z,2026D22105C1,2026D,,SCHEDULED,0,0.0
2026-08-16T04:41:03Z,2026D70901C8,2026D,,SCHEDULED,0,0.0
2026-08-16T04:41:03Z,2026D70803C6,2026D,,SCHEDULED,0,0.0
2026-08-16T04:41:03Z,4126D24703C1,4126D,,SCHEDULED,180,3.0
2026-08-16T04:41:03Z,4126D84904C2,4126D,,SCHEDULED,300,5.0
2026-08-16T04:41:03Z,4126D24702C1,4126D,,SCHEDULED,180,3.0
2026-08-16T04:41:03Z,1026D76682C5,1026D,,SCHEDULED,0,0.0
2026-08-16T04:41:03Z,1026D76363C5,1026D,,SCHEDULED,60,1.0
2026-08-16T04:41:03Z,1026D27002C3,1026D,,SCHEDULED,300,5.0
2026-08-16T04:41:03Z,1026D27216C4a,1026D,,SCHEDULED,0,0.0
2026-08-16T04:41:03Z,1026D76365C5,1026D,,SCHEDULED,0,0.0
2026-08-16T04:41:03Z,1026D76684C5,1026D,,SCHEDULED,240,4.0
2026-08-16T04:41:03Z,1026D27217C4a,1026D,,SCHEDULED,0,0.0
2026-08-16T04:41:03Z,1026D79953C8b,1026D,,SCHEDULED,0,0.0
2026-08-16T04:41:03Z,1026D27415C4b,1026D,,SCHEDULED,0,0.0
2026-08-16T04:41:03Z,1026D27214C4a,1026D,,SCHEDULED,180,3.0
2026-08-16T04:41:03Z,1026D19809C1,1026D,,SCHEDULED,300,5.0
2026-08-16T04:41:03Z,1026D27215C4a,1026D,,SCHEDULED,0,0.0
2026-08-16T04:41:03Z,1026D79513C2,1026D,,SCHEDULED,180,3.0
2026-08-16T04:41:03Z,1026D76370C5,1026D,,SCHEDULED,120,2.0
2026-08-16T04:41:03Z,1026D19808C1,1026D,,SCHEDULED,0,0.0
2026-08-16T04:41:03Z,1026D76371C5,1026D,,SCHEDULED,0,0.0
2026-08-16T04:41:03Z,1026D76690C5,1026D,,SCHEDULED,0,0.0
2026-08-16T04:41:03Z,1026D76367C5,1026D,,SCHEDULED,120,2.0
2026-08-16T04:41:03Z,1026D76686C5,1026D,,SCHEDULED,120,2.0
2026-08-16T04:41:03Z,1026D76368C5,1026D,,SCHEDULED,300,5.0
2026-08-16T04:41:03Z,1026D79223C7,1026D,,SCHEDULED,0,0.0
2026-08-16T04:41:03Z,1026D27417C4b,1026D,,SCHEDULED,0,0.0
2026-08-16T04:41:03Z,1026D79102C7,1026D,,SCHEDULED,60,1.0
2026-08-16T04:41:03Z,1026D79222C7,1026D,,SCHEDULED,0,0.0
2026-08-16T04:41:03Z,1026D79225C7,1026D,,SCHEDULED,0,0.0
2026-08-16T04:41:03Z,1026D76372C5,1026D,,SCHEDULED,420,7.0
2026-08-16T04:41:03Z,1026D79104C7,1026D,,SCHEDULED,0,0.0
2026-08-16T04:41:03Z,1026D79103C7,1026D,,SCHEDULED,360,6.0
2026-08-16T04:41:03Z,1026D76691C5,1026D,,SCHEDULED,0,0.0
2026-08-16T04:41:03Z,1026D79105C7,1026D,,SCHEDULED,480,8.0
2026-08-16T04:41:03Z,1026D76374C5,1026D,,SCHEDULED,0,0.0
2026-08-16T04:41:03Z,1026D76693C5,1026D,,SCHEDULED,360,6.0
2026-08-16T04:41:03Z,1026D79702C10,1026D,,SCHEDULED,0,0.0
2026-08-16T04:41:03Z,1026D76376C5,1026D,,SCHEDULED,0,0.0
2026-08-16T04:41:03Z,1026D79505C2,1026D,,SCHEDULED,480,8.0
2026-08-16T04:41:03Z,1026D76695C5,1026D,,SCHEDULED,0,0.0
2026-08-16T04:41:03Z,1026D19811C1,1026D,,SCHEDULED,0,0.0
2026-08-16T04:41:03Z,1026D79509C2,1026D,,SCHEDULED,240,4.0
2026-08-16T04:41:03Z,1026D27410C4b,1026D,,SCHEDULED,0,0.0
2026-08-16T04:41:03Z,1026D76369C5,1026D,,SCHEDULED,0,0.0
2026-08-16T04:41:03Z,1026D76688C5,1026D,,SCHEDULED,0,0.0
2026-08-16T04:41:03Z,1026D79954C8b,1026D,,SCHEDULED,60,1.0
2026-08-16T04:41:03Z,1026D27212C4a,1026D,,SCHEDULED,240,4.0
2026-08-16T04:41:03Z,1026D76697C5,1026D,,SCHEDULED,0,0.0
2026-08-16T04:41:03Z,1026D79517C2,1026D,,SCHEDULED,0,0.0
2026-08-16T04:41:03Z,1026D76206C5,1026D,,SCHEDULED,60,1.0
2026-08-16T04:41:03Z,1026D19804C1,1026D,,SCHEDULED,60,1.0
2026-08-16T04:41:03Z,1026D27213C4a,1026D,,CANCELED,,
2026-08-16T04:41:03Z,1026D76207C5,1026D,,SCHEDULED,0,0.0
2026-08-16T04:41:03Z,1026D27409C4b,1026D,,SCHEDULED,480,8.0
2026-08-16T04:41:03Z,1026D19807C1,1026D,,SCHEDULED,0,0.0
2026-08-16T04:41:03Z,1026D27007C3,1026D,,SCHEDULED,0,0.0
2026-08-16T04:41:03Z,1026D19806C1,1026D,,SCHEDULED,0,0.0
2026-08-16T04:41:03Z,1026D79221C7,1026D,,SCHEDULED,0,0.0
2026-08-16T04:41:03Z,1026D27411C4b,1026D,,SCHEDULED,300,5.0
2026-08-16T04:41:03Z,1026D27008C3,1026D,,SCHEDULED,0,0.0
2026-08-16T04:41:03Z,1026D27210C4a,1026D,,SCHEDULED,180,3.0
2026-08-16T04:41:03Z,1026D27211C4a,1026D,,SCHEDULED,360,6.0
2026-08-16T04:41:03Z,1026D27404C4b,1026D,,SCHEDULED,0,0.0
2026-08-16T04:41:03Z,1026D27005C3,1026D,,SCHEDULED,60,1.0
2026-08-16T04:41:03Z,1026D79206C7,1026D,,SCHEDULED,240,4.0
2026-08-16T04:41:03Z,1026D27006C3,1026D,,SCHEDULED,60,1.0
2026-08-16T04:41:03Z,1026D79604C10,1026D,,SCHEDULED,0,0.0
2026-08-16T04:41:03Z,1026D27402C4,1026D,,SCHEDULED,540,9.0
2026-08-16T04:41:03Z,1026D27209C4a,1026D,,SCHEDULED,360,6.0
2026-08-16T04:41:03Z,1026D27408C4b,1026D,,SCHEDULED,240,4.0
2026-08-16T04:41:03Z,1026D79406C2,1026D,,SCHEDULED,300,5.0
2026-08-16T04:41:03Z,1026D79606C10,1026D,,SCHEDULED,0,0.0
2026-08-16T04:41:03Z,1026D27406C4b,1026D,,SCHEDULED,60,1.0
2026-08-16T04:41:03Z,1026D79807C8a,1026D,,SCHEDULED,180,3.0
2026-08-16T04:41:03Z,1026D79410C2,1026D,,SCHEDULED,120,2.0
2026-08-16T04:41:03Z,1026D79808C8a,1026D,,SCHEDULED,300,5.0
2026-08-16T04:41:03Z,1026D76361C5,1026D,,SCHEDULED,120,2.0
2026-08-16T04:41:03Z,1026D79214C7,1026D,,SCHEDULED,0,0.0
2026-08-16T04:41:03Z,1026D79213C7,1026D,,SCHEDULED,0,0.0
2026-08-16T04:41:03Z,1026D79810C8a,1026D,,SCHEDULED,180,3.0
2026-08-16T04:41:03Z,1026D27003C3,1026D,,SCHEDULED,240,4.0
2026-08-16T04:41:03Z,1026D27004C3,1026D,,SCHEDULED,240,4.0
2026-08-16T04:41:03Z,1026D79218C7,1026D,,SCHEDULED,0,0.0
2026-08-16T04:41:03Z,1026D79415C2,1026D,,SCHEDULED,0,0.0
2026-08-16T04:41:03Z,1026D79217C7,1026D,,SCHEDULED,0,0.0
2026-08-16T04:46:03Z,3026D23507C1,3026D,,SCHEDULED,180,3.0
2026-08-16T04:46:03Z,3026D23506C1,3026D,,SCHEDULED,480,8.0
2026-08-16T04:46:03Z,3026D23703C5,3026D,,SCHEDULED,60,1.0
2026-08-16T04:46:03Z,3026D23605C4,3026D,,SCHEDULED,0,0.0
2026-08-16T04:46:03Z,3126D23424T1,3126D,,SCHEDULED,0,0.0
2026-08-16T04:46:03Z,3226D23302C1,3226D,,SCHEDULED,0,0.0
2026-08-16T04:46:03Z,3226D23304C1,3226D,,SCHEDULED,0,0.0
2026-08-16T04:46:03Z,3226D23307C1,3226D,,SCHEDULED,180,3.0
2026-08-16T04:46:03Z,3226D23150C2,3226D,,SCHEDULED,120,2.0
2026-08-16T04:46:03Z,4026D80017C3,4026D,,SCHEDULED,0,0.0
2026-08-16T04:46:03Z,4026D84004C2,4026D,,SCHEDULED,0,0.0
2026-08-16T04:46:03Z,4026D76602C3,4026D,,SCHEDULED,0,0.0
2026-08-16T04:46:03Z,4026D84003C2,4026D,,SCHEDULED,0,0.0
2026-08-16T04:46:03Z,4026D24204C1,4026D,,SCHEDULED,300,5.0
2026-08-16T04:46:03Z,4026D24303C6,4026D,,SCHEDULED,180,3.0
2026-08-16T04:46:03Z,4026D24007C2,4026D,,SCHEDULED,0,0.0
2026-08-16T04:46:03Z,4026D24205C1,4026D,,SCHEDULED,0,0.0
2026-08-16T04:46:03Z,4026D24003C2,4026D,,SCHEDULED,120,2.0
2026-08-16T04:46:03Z,4026D24302C6,4026D,,SCHEDULED,-120,-2.0
2026-08-16T04:46:03Z,5126D18121R16,5126D,,SCHEDULED,0,0.0
2026-08-16T04:46:03Z,5126D28404R2N,5126D,,SCHEDULED,0,0.0
2026-08-16T04:46:03Z,5126D28408R2N,5126D,,SCHEDULED,60,1.0
2026-08-16T04:46:03Z,5126D25612R1,5126D,,SCHEDULED,-60,-1.0
2026-08-16T04:46:03Z,5126D35518R3,5126D,,SCHEDULED,0,0.0
2026-08-16T04:46:03Z,5126D30530R15,5126D,,SCHEDULED,0,0.0
2026-08-16T04:46:03Z,5126D15850R11,5126D,,SCHEDULED,0,0.0
2026-08-16T04:46:03Z,5126D78632R8,5126D,,SCHEDULED,60,1.0
2026-08-16T04:46:03Z,5126D77500R4,5126D,,SCHEDULED,-60,-1.0
2026-08-16T04:46:03Z,5126D28267R2S,5126D,,SCHEDULED,300,5.0
2026-08-16T04:46:03Z,5126D25601R1,5126D,,SCHEDULED,120,2.0
2026-08-16T04:46:03Z,5126D77404R4,5126D,,SCHEDULED,1140,19.0
2026-08-16T04:46:03Z,5126D25603R1,5126D,,SCHEDULED,-60,-1.0
2026-08-16T04:46:03Z,5126D77504R4,5126D,,SCHEDULED,60,1.0
2026-08-16T04:46:03Z,5126D77510R4,5126D,,SCHEDULED,300,5.0
2026-08-16T04:46:03Z,5126D77508R4,5126D,,SCHEDULED,60,1.0
2026-08-16T04:46:03Z,5126D28406R2N,5126D,,SCHEDULED,120,2.0
2026-08-16T04:46:03Z,5126D77312R3,5126D,,SCHEDULED,-60,-1.0
2026-08-16T04:46:03Z,5126D28268R2S,5126D,,SCHEDULED,300,5.0
2026-08-16T04:46:03Z,5126D78600R8,5126D,,SCHEDULED,60,1.0
2026-08-16T04:46:03Z,5126D77400R4,5126D,,SCHEDULED,240,4.0
2026-08-16T04:46:03Z,5126D28269R2S,5126D,,SCHEDULED,0,0.0
2026-08-16T04:46:03Z,5126D25606R1,5126D,,SCHEDULED,180,3.0
2026-08-16T04:46:03Z,5126D25608R1,5126D,,SCHEDULED,180,3.0
2026-08-16T04:46:03Z,5126D77314R3,5126D,,SCHEDULED,180,3.0
2026-08-16T04:46:03Z,5126D25562R2S,5126D,,SCHEDULED,-60,-1.0
2026-08-16T04:46:03Z,5126D15040R13,5126D,,SCHEDULED,0,0.0
2026-08-16T04:46:03Z,5126D25600R1,5126D,,SCHEDULED,240,4.0
2026-08-16T04:46:03Z,5126D25402R2N,5126D,,SCHEDULED,0,0.0
2026-08-16T04:46:03Z,5126D25501R2S,5126D,,SCHEDULED,240,4.0
2026-08-16T04:46:03Z,5126D25404R2N,5126D,,SCHEDULED,0,0.0
2026-08-16T04:46:03Z,5126D25502R2S,5126D,,SCHEDULED,360,6.0
2026-08-16T04:46:03Z,6026D29679C1,6026D,,SCHEDULED,0,0.0
2026-08-16T04:46:03Z,6026D29509C2,6026D,,SCHEDULED,0,0.0
2026-08-16T04:46:03Z,6026D26504C3,6026D,,SCHEDULED,0,0.0
2026-08-16T04:46:03Z,6026D26506C3,6026D,,SCHEDULED,60,1.0
2026-08-16T04:46:03Z,6026D29506C2,6026D,,SCHEDULED,240,4.0
2026-08-16T04:46:03Z,6026D29610C1,6026D,,SCHEDULED,0,0.0
2026-08-16T04:46:03Z,6026D71500C4,6026D,,SCHEDULED,300,5.0
2026-08-16T04:46:03Z,6026D26508C3,6026D,,SCHEDULED,60,1.0
2026-08-16T04:46:03Z,6026D26507C3,6026D,,SCHEDULED,0,0.0
2026-08-16T04:46:03Z,6126D32700C1,6126D,,SCHEDULED,480,8.0
2026-08-16T04:46:03Z,6126D32701C1,6126D,,SCHEDULED,180,3.0
2026-08-16T04:46:03Z,6126D35680C1,6126D,,SCHEDULED,-120,-2.0
2026-08-16T04:46:03Z,6126D32771C1,6126D,,SCHEDULED,0,0.0
2026-08-16T04:46:03Z,6126D32702C1,6126D,,SCHEDULED,0,0.0
2026-08-16T04:46:03Z,6226D71152C2,6226D,,SCHEDULED,60,1.0
2026-08-16T04:46:03Z,6226D71154C2,6226D,,SCHEDULED,180,3.0
2026-08-16T04:46:03Z,4726D71080C1,4726D,,SCHEDULED,360,6.0
2026-08-16T04:46:03Z,2026D70250C4,2026D,,SCHEDULED,0,0.0
2026-08-16T04:46:03Z,2026D22002C1,2026D,,SCHEDULED,0,0.0
2026-08-16T04:46:03Z,2026D22003C1,2026D,,SCHEDULED,0,0.0
2026-08-16T04:46:03Z,2026D22004C1,2026D,,SCHEDULED,120,2.0
2026-08-16T04:46:03Z,2026D70756C6,2026D,,SCHEDULED,0,0.0
2026-08-16T04:46:03Z,2026D70932C8,2026D,,SCHEDULED,120,2.0
2026-08-16T04:46:03Z,2026D70403C5,2026D,,SCHEDULED,0,0.0
2026-08-16T04:46:03Z,2026D70251C4,2026D,,SCHEDULED,0,0.0
2026-08-16T04:46:03Z,2026D70402C5,2026D,,SCHEDULED,60,1.0
2026-08-16T04:46:03Z,2026D70853C6,2026D,,SCHEDULED,60,1.0
2026-08-16T04:46:03Z,2026D70204C4,2026D,,SCHEDULED,240,4.0
2026-08-16T04:46:03Z,2026D70203C4,2026D,,SCHEDULED,0,0.0
2026-08-16T04:46:03Z,2026D22105C1,2026D,,SCHEDULED,0,0.0
2026-08-16T04:46:03Z,2026D70901C8,2026D,,SCHEDULED,0,0.0
2026-08-16T04:46:03Z,2026D70505C7,2026D,,SCHEDULED,0,0.0
2026-08-16T04:46:03Z,2026D70803C6,2026D,,SCHEDULED,0,0.0
2026-08-16T04:46:03Z,4126D84904C2,4126D,,SCHEDULED,600,10.0
2026-08-16T04:46:03Z,4126D24702C1,4126D,,SCHEDULED,480,8.0
2026-08-16T04:46:03Z,4126D24703C1,4126D,,SCHEDULED,420,7.0
2026-08-16T04:46:03Z,1026D27213C4a,1026D,,CANCELED,,
2026-08-16T04:46:03Z,1026D27411C4b,1026D,,SCHEDULED,360,6.0
2026-08-16T04:46:03Z,1026D27210C4a,1026D,,SCHEDULED,240,4.0
2026-08-16T04:46:03Z,1026D76699C5,1026D,,SCHEDULED,0,0.0
2026-08-16T04:46:03Z,1026D27211C4a,1026D,,SCHEDULED,360,6.0
2026-08-16T04:46:03Z,1026D27217C4a,1026D,,SCHEDULED,0,0.0
2026-08-16T04:46:03Z,1026D79206C7,1026D,,SCHEDULED,300,5.0
2026-08-16T04:46:03Z,1026D27415C4b,1026D,,SCHEDULED,240,4.0
2026-08-16T04:46:03Z,1026D27214C4a,1026D,,SCHEDULED,360,6.0
2026-08-16T04:46:03Z,1026D27215C4a,1026D,,SCHEDULED,120,2.0
2026-08-16T04:46:03Z,1026D27413C4b,1026D,,SCHEDULED,180,3.0
2026-08-16T04:46:03Z,1026D27419C4b,1026D,,SCHEDULED,0,0.0
2026-08-16T04:46:03Z,1026D79604C10,1026D,,SCHEDULED,0,0.0
2026-08-16T04:46:03Z,1026D76370C5,1026D,,SCHEDULED,0,0.0
2026-08-16T04:46:03Z,1026D27218C4a,1026D,,SCHEDULED,0,0.0
2026-08-16T04:46:03Z,1026D76371C5,1026D,,SCHEDULED,0,0.0
2026-08-16T04:46:03Z,1026D79406C2,1026D,,SCHEDULED,540,9.0
2026-08-16T04:46:03Z,1026D79606C10,1026D,,SCHEDULED,60,1.0
2026-08-16T04:46:03Z,1026D76690C5,1026D,,SCHEDULED,0,0.0
2026-08-16T04:46:03Z,1026D79807C8a,1026D,,SCHEDULED,0,0.0
2026-08-16T04:46:03Z,1026D27417C4b,1026D,,SCHEDULED,0,0.0
2026-08-16T04:46:03Z,1026D79608C10,1026D,,SCHEDULED,0,0.0
2026-08-16T04:46:03Z,1026D76372C5,1026D,,SCHEDULED,60,1.0
2026-08-16T04:46:03Z,1026D76363C5,1026D,,SCHEDULED,120,2.0
2026-08-16T04:46:03Z,1026D76365C5,1026D,,SCHEDULED,0,0.0
2026-08-16T04:46:03Z,1026D76684C5,1026D,,SCHEDULED,240,4.0
2026-08-16T04:46:03Z,1026D79953C8b,1026D,,SCHEDULED,0,0.0
2026-08-16T04:46:03Z,1026D19809C1,1026D,,SCHEDULED,120,2.0
2026-08-16T04:46:03Z,1026D79513C2,1026D,,SCHEDULED,0,0.0
2026-08-16T04:46:03Z,1026D76691C5,1026D,,SCHEDULED,120,2.0
2026-08-16T04:46:03Z,1026D19808C1,1026D,,SCHEDULED,0,0.0
2026-08-16T04:46:03Z,1026D76692C5,1026D,,SCHEDULED,0,0.0
2026-08-16T04:46:03Z,1026D76367C5,1026D,,SCHEDULED,420,7.0
2026-08-16T04:46:03Z,1026D76686C5,1026D,,SCHEDULED,0,0.0
2026-08-16T04:46:03Z,1026D76374C5,1026D,,SCHEDULED,120,2.0
2026-08-16T04:46:03Z,1026D76368C5,1026D,,SCHEDULED,240,4.0
2026-08-16T04:46:03Z,1026D76693C5,1026D,,SCHEDULED,0,0.0
2026-08-16T04:46:03Z,1026D76369C5,1026D,,SCHEDULED,0,0.0
2026-08-16T04:46:03Z,1026D76688C5,1026D,,SCHEDULED,0,0.0
2026-08-16T04:46:03Z,1026D76376C5,1026D,,SCHEDULED,0,0.0
2026-08-16T04:46:03Z,1026D79954C8b,1026D,,SCHEDULED,120,2.0
2026-08-16T04:46:03Z,1026D76695C5,1026D,,SCHEDULED,180,3.0
2026-08-16T04:46:03Z,1026D79517C2,1026D,,SCHEDULED,0,0.0
2026-08-16T04:46:03Z,1026D76206C5,1026D,,SCHEDULED,60,1.0
2026-08-16T04:46:03Z,1026D27410C4b,1026D,,SCHEDULED,120,2.0
2026-08-16T04:46:03Z,1026D19804C1,1026D,,SCHEDULED,0,0.0
2026-08-16T04:46:03Z,1026D27212C4a,1026D,,SCHEDULED,60,1.0
2026-08-16T04:46:03Z,1026D76207C5,1026D,,SCHEDULED,0,0.0
2026-08-16T04:46:03Z,1026D76208C5,1026D,,SCHEDULED,0,0.0
2026-08-16T04:46:03Z,1026D76378C5,1026D,,SCHEDULED,0,0.0
2026-08-16T04:46:03Z,1026D19806C1,1026D,,SCHEDULED,60,1.0
2026-08-16T04:46:03Z,1026D79221C7,1026D,,SCHEDULED,0,0.0
2026-08-16T04:46:03Z,1026D79223C7,1026D,,SCHEDULED,0,0.0
2026-08-16T04:46:03Z,1026D76697C5,1026D,,SCHEDULED,0,0.0
2026-08-16T04:46:03Z,1026D79102C7,1026D,,SCHEDULED,0,0.0
2026-08-16T04:46:03Z,1026D79222C7,1026D,,SCHEDULED,0,0.0
2026-08-16T04:46:03Z,1026D79225C7,1026D,,SCHEDULED,0,0.0
2026-08-16T04:46:03Z,1026D79104C7,1026D,,SCHEDULED,240,4.0
2026-08-16T04:46:03Z,1026D27007C3,1026D,,SCHEDULED,0,0.0
2026-08-16T04:46:03Z,1026D79103C7,1026D,,SCHEDULED,660,11.0
2026-08-16T04:46:03Z,1026D79106C7,1026D,,SCHEDULED,0,0.0
2026-08-16T04:46:03Z,1026D27008C3,1026D,,SCHEDULED,0,0.0
2026-08-16T04:46:03Z,1026D79105C7,1026D,,SCHEDULED,780,13.0
2026-08-16T04:46:03Z,1026D79702C10,1026D,,SCHEDULED,60,1.0
2026-08-16T04:46:03Z,1026D79505C2,1026D,,SCHEDULED,480,8.0
2026-08-16T04:46:03Z,1026D27404C4b,1026D,,SCHEDULED,0,0.0
2026-08-16T04:46:03Z,1026D27005C3,1026D,,SCHEDULED,0,0.0
2026-08-16T04:46:03Z,1026D19811C1,1026D,,SCHEDULED,0,0.0
2026-08-16T04:46:03Z,1026D27006C3,1026D,,SCHEDULED,120,2.0
2026-08-16T04:46:03Z,1026D79509C2,1026D,,SCHEDULED,300,5.0
2026-08-16T04:46:03Z,1026D27209C4a,1026D,,SCHEDULED,480,8.0
2026-08-16T04:46:03Z,1026D27408C4b,1026D,,SCHEDULED,240,4.0
2026-08-16T04:46:03Z,1026D19813C1,1026D,,SCHEDULED,0,0.0
2026-08-16T04:46:03Z,1026D27009C3,1026D,,SCHEDULED,0,0.0
2026-08-16T04:46:03Z,1026D27406C4b,1026D,,SCHEDULED,0,0.0
2026-08-16T04:46:03Z,1026D79410C2,1026D,,SCHEDULED,480,8.0
2026-08-16T04:46:03Z,1026D79214C7,1026D,,SCHEDULED,300,5.0
2026-08-16T04:46:03Z,1026D79213C7,1026D,,SCHEDULED,300,5.0
2026-08-16T04:46:03Z,1026D79810C8a,1026D,,SCHEDULED,420,7.0
2026-08-16T04:46:03Z,1026D27003C3,1026D,,SCHEDULED,420,7.0
2026-08-16T04:46:03Z,1026D27004C3,1026D,,SCHEDULED,540,9.0
2026-08-16T04:46:03Z,1026D79812C8a,1026D,,SCHEDULED,0,0.0
2026-08-16T04:46:03Z,1026D79218C7,1026D,,SCHEDULED,0,0.0
2026-08-16T04:46:03Z,1026D79415C2,1026D,,SCHEDULED,0,0.0
2026-08-16T04:46:03Z,1026D79217C7,1026D,,SCHEDULED,60,1.0
2026-08-16T04:46:03Z,1026D27002C3,1026D,,SCHEDULED,240,4.0
2026-08-16T04:46:03Z,1026D27216C4a,1026D,,SCHEDULED,0,0.0
2026-08-16T04:51:03Z,3026D23506C1,3026D,,SCHEDULED,600,10.0
2026-08-16T04:51:03Z,3026D23507C1,3026D,,SCHEDULED,240,4.0
2026-08-16T04:51:03Z,3026D23703C5,3026D,,SCHEDULED,60,1.0
2026-08-16T04:51:03Z,3026D23605C4,3026D,,SCHEDULED,0,0.0
2026-08-16T04:51:03Z,3126D23424T1,3126D,,SCHEDULED,0,0.0
2026-08-16T04:51:03Z,3126D23423T1,3126D,,SCHEDULED,0,0.0
2026-08-16T04:51:03Z,3226D23304C1,3226D,,SCHEDULED,0,0.0
2026-08-16T04:51:03Z,3226D23150C2,3226D,,SCHEDULED,120,2.0
2026-08-16T04:51:03Z,3226D23307C1,3226D,,SCHEDULED,180,3.0
2026-08-16T04:51:03Z,4026D80017C3,4026D,,SCHEDULED,0,0.0
2026-08-16T04:51:03Z,4026D84004C2,4026D,,SCHEDULED,0,0.0
2026-08-16T04:51:03Z,4026D76656C3,4026D,,SCHEDULED,-60,-1.0
2026-08-16T04:51:03Z,4026D76602C3,4026D,,SCHEDULED,60,1.0
2026-08-16T04:51:03Z,4026D84003C2,4026D,,SCHEDULED,0,0.0
2026-08-16T04:51:03Z,4026D24204C1,4026D,,SCHEDULED,360,6.0
2026-08-16T04:51:03Z,4026D24303C6,4026D,,SCHEDULED,240,4.0
2026-08-16T04:51:03Z,4026D24007C2,4026D,,SCHEDULED,0,0.0
2026-08-16T04:51:03Z,4026D24205C1,4026D,,SCHEDULED,60,1.0
2026-08-16T04:51:03Z,4026D24002C2,4026D,,SCHEDULED,0,0.0
2026-08-16T04:51:03Z,4026D24003C2,4026D,,SCHEDULED,120,2.0
2026-08-16T04:51:03Z,5126D35518R3,5126D,,SCHEDULED,300,5.0
2026-08-16T04:51:03Z,5126D15850R11,5126D,,SCHEDULED,0,0.0
2026-08-16T04:51:03Z,5126D25502R2S,5126D,,SCHEDULED,360,6.0
2026-08-16T04:51:03Z,5126D25601R1,5126D,,SCHEDULED,0,0.0
2026-08-16T04:51:03Z,5126D25505R2S,5126D,,SCHEDULED,120,2.0
2026-08-16T04:51:03Z,5126D18121R16,5126D,,SCHEDULED,60,1.0
2026-08-16T04:51:03Z,5126D25603R1,5126D,,SCHEDULED,60,1.0
2026-08-16T04:51:03Z,5126D77510R4,5126D,,SCHEDULED,180,3.0
2026-08-16T04:51:03Z,5126D28404R2N,5126D,,SCHEDULED,60,1.0
2026-08-16T04:51:03Z,5126D28408R2N,5126D,,SCHEDULED,60,1.0
2026-08-16T04:51:03Z,5126D77312R3,5126D,,SCHEDULED,120,2.0
2026-08-16T04:51:03Z,5126D78632R8,5126D,,SCHEDULED,60,1.0
2026-08-16T04:51:03Z,5126D78600R8,5126D,,SCHEDULED,60,1.0
2026-08-16T04:51:03Z,5126D77314R3,5126D,,SCHEDULED,180,3.0
2026-08-16T04:51:03Z,5126D77500R4,5126D,,SCHEDULED,-60,-1.0
2026-08-16T04:51:03Z,5126D28267R2S,5126D,,SCHEDULED,360,6.0
2026-08-16T04:51:03Z,5126D25562R2S,5126D,,SCHEDULED,180,3.0
2026-08-16T04:51:03Z,5126D77404R4,5126D,,SCHEDULED,1020,17.0
2026-08-16T04:51:03Z,5126D77316R3,5126D,,SCHEDULED,120,2.0
2026-08-16T04:51:03Z,5126D25606R1,5126D,,SCHEDULED,0,0.0
2026-08-16T04:51:03Z,5126D25608R1,5126D,,SCHEDULED,240,4.0
2026-08-16T04:51:03Z,5126D25607R1,5126D,,SCHEDULED,60,1.0
2026-08-16T04:51:03Z,5126D77504R4,5126D,,SCHEDULED,120,2.0
2026-08-16T04:51:03Z,5126D25600R1,5126D,,SCHEDULED,300,5.0
2026-08-16T04:51:03Z,5126D77508R4,5126D,,SCHEDULED,60,1.0
2026-08-16T04:51:03Z,5126D25402R2N,5126D,,SCHEDULED,60,1.0
2026-08-16T04:51:03Z,5126D25501R2S,5126D,,SCHEDULED,360,6.0
2026-08-16T04:51:03Z,5126D28406R2N,5126D,,SCHEDULED,120,2.0
2026-08-16T04:51:03Z,5126D25404R2N,5126D,,SCHEDULED,0,0.0
2026-08-16T04:51:03Z,5126D28268R2S,5126D,,SCHEDULED,420,7.0
2026-08-16T04:51:03Z,5126D77400R4,5126D,,SCHEDULED,180,3.0
2026-08-16T04:51:03Z,5126D28269R2S,5126D,,SCHEDULED,0,0.0
2026-08-16T04:51:03Z,6026D29679C1,6026D,,SCHEDULED,0,0.0
2026-08-16T04:51:03Z,6026D26509C3,6026D,,SCHEDULED,0,0.0
2026-08-16T04:51:03Z,6026D29610C1,6026D,,SCHEDULED,0,0.0
2026-08-16T04:51:03Z,6026D29509C2,6026D,,SCHEDULED,0,0.0
2026-08-16T04:51:03Z,6026D26506C3,6026D,,SCHEDULED,0,0.0
2026-08-16T04:51:03Z,6026D71500C4,6026D,,SCHEDULED,420,7.0
2026-08-16T04:51:03Z,6026D26508C3,6026D,,SCHEDULED,120,2.0
2026-08-16T04:51:03Z,6026D29506C2,6026D,,SCHEDULED,180,3.0
2026-08-16T04:51:03Z,6026D26505C3,6026D,,SCHEDULED,0,0.0
2026-08-16T04:51:03Z,6026D71503C4,6026D,,SCHEDULED,0,0.0
2026-08-16T04:51:03Z,6026D26507C3,6026D,,SCHEDULED,120,2.0
2026-08-16T04:51:03Z,6126D32700C1,6126D,,SCHEDULED,300,5.0
2026-08-16T04:51:03Z,6126D32702C1,6126D,,SCHEDULED,0,0.0
2026-08-16T04:51:03Z,6126D32701C1,6126D,,SCHEDULED,180,3.0
2026-08-16T04:51:03Z,6126D32771C1,6126D,,SCHEDULED,0,0.0
2026-08-16T04:51:03Z,6226D71152C2,6226D,,SCHEDULED,60,1.0
2026-08-16T04:51:03Z,6226D71154C2,6226D,,SCHEDULED,60,1.0
2026-08-16T04:51:03Z,4726D71080C1,4726D,,SCHEDULED,360,6.0
2026-08-16T04:51:03Z,2026D70251C4,2026D,,SCHEDULED,0,0.0
2026-08-16T04:51:03Z,2026D70250C4,2026D,,SCHEDULED,0,0.0
2026-08-16T04:51:03Z,2026D22002C1,2026D,,SCHEDULED,0,0.0
2026-08-16T04:51:03Z,2026D22003C1,2026D,,SCHEDULED,0,0.0
2026-08-16T04:51:03Z,2026D70901C8,2026D,,SCHEDULED,0,0.0
2026-08-16T04:51:03Z,2026D70505C7,2026D,,SCHEDULED,60,1.0
2026-08-16T04:51:03Z,2026D70803C6,2026D,,SCHEDULED,0,0.0
2026-08-16T04:51:03Z,2026D22004C1,2026D,,SCHEDULED,240,4.0
2026-08-16T04:51:03Z,2026D22105C1,2026D,,SCHEDULED,0,0.0
2026-08-16T04:51:03Z,2026D70203C4,2026D,,SCHEDULED,0,0.0
2026-08-16T04:51:03Z,2026D70756C6,2026D,,SCHEDULED,60,1.0
2026-08-16T04:51:03Z,2026D70932C8,2026D,,SCHEDULED,0,0.0
2026-08-16T04:51:03Z,2026D70403C5,2026D,,SCHEDULED,0,0.0
2026-08-16T04:51:03Z,2026D22206C2,2026D,,SCHEDULED,0,0.0
2026-08-16T04:51:03Z,2026D70402C5,2026D,,SCHEDULED,180,3.0
2026-08-16T04:51:03Z,2026D70853C6,2026D,,SCHEDULED,60,1.0
2026-08-16T04:51:03Z,4126D84904C2,4126D,,SCHEDULED,900,15.0
2026-08-16T04:51:03Z,4126D24702C1,4126D,,SCHEDULED,300,5.0
2026-08-16T04:51:03Z,4126D24703C1,4126D,,SCHEDULED,0,0.0
2026-08-16T04:51:03Z,4126D84902C2,4126D,,SCHEDULED,0,0.0
2026-08-16T04:51:03Z,1026D79608C10,1026D,,SCHEDULED,0,0.0
2026-08-16T04:51:03Z,1026D76363C5,1026D,,SCHEDULED,120,2.0
2026-08-16T04:51:03Z,1026D76365C5,1026D,,SCHEDULED,0,0.0
2026-08-16T04:51:03Z,1026D76684C5,1026D,,SCHEDULED,0,0.0
2026-08-16T04:51:03Z,1026D79953C8b,1026D,,SCHEDULED,0,0.0
2026-08-16T04:51:03Z,1026D19809C1,1026D,,SCHEDULED,0,0.0
2026-08-16T04:51:03Z,1026D79513C2,1026D,,SCHEDULED,60,1.0
2026-08-16T04:51:03Z,1026D19808C1,1026D,,SCHEDULED,0,0.0
2026-08-16T04:51:03Z,1026D76367C5,1026D,,SCHEDULED,0,0.0
2026-08-16T04:51:03Z,1026D76686C5,1026D,,SCHEDULED,300,5.0
2026-08-16T04:51:03Z,1026D76369C5,1026D,,SCHEDULED,60,1.0
2026-08-16T04:51:03Z,1026D76697C5,1026D,,SCHEDULED,0,0.0
2026-08-16T04:51:03Z,1026D27217C4a,1026D,,SCHEDULED,0,0.0
2026-08-16T04:51:03Z,1026D27415C4b,1026D,,SCHEDULED,120,2.0
2026-08-16T04:51:03Z,1026D27412C4b,1026D,,SCHEDULED,0,0.0
2026-08-16T04:51:03Z,1026D27214C4a,1026D,,SCHEDULED,0,0.0
2026-08-16T04:51:03Z,1026D27213C4a,1026D,,CANCELED,,
2026-08-16T04:51:03Z,1026D27411C4b,1026D,,SCHEDULED,300,5.0
2026-08-16T04:51:03Z,1026D27215C4a,1026D,,SCHEDULED,420,7.0
2026-08-16T04:51:03Z,1026D27413C4b,1026D,,SCHEDULED,120,2.0
2026-08-16T04:51:03Z,1026D27419C4b,1026D,,SCHEDULED,0,0.0
2026-08-16T04:51:03Z,1026D27210C4a,1026D,,SCHEDULED,540,9.0
2026-08-16T04:51:03Z,1026D76370C5,1026D,,SCHEDULED,180,3.0
2026-08-16T04:51:03Z,1026D76699C5,1026D,,SCHEDULED,0,0.0
2026-08-16T04:51:03Z,1026D27218C4a,1026D,,SCHEDULED,0,0.0
2026-08-16T04:51:03Z,1026D76371C5,1026D,,SCHEDULED,0,0.0
2026-08-16T04:51:03Z,1026D27211C4a,1026D,,SCHEDULED,240,4.0
2026-08-16T04:51:03Z,1026D76690C5,1026D,,SCHEDULED,0,0.0
2026-08-16T04:51:03Z,1026D27417C4b,1026D,,SCHEDULED,180,3.0
2026-08-16T04:51:03Z,1026D79206C7,1026D,,SCHEDULED,120,2.0
2026-08-16T04:51:03Z,1026D76372C5,1026D,,SCHEDULED,180,3.0
2026-08-16T04:51:03Z,1026D76373C5,1026D,,SCHEDULED,0,0.0
2026-08-16T04:51:03Z,1026D79604C10,1026D,,SCHEDULED,0,0.0
2026-08-16T04:51:03Z,1026D76692C5,1026D,,SCHEDULED,0,0.0
2026-08-16T04:51:03Z,1026D76374C5,1026D,,SCHEDULED,420,7.0
2026-08-16T04:51:03Z,1026D76693C5,1026D,,SCHEDULED,60,1.0
2026-08-16T04:51:03Z,1026D79406C2,1026D,,SCHEDULED,420,7.0
2026-08-16T04:51:03Z,1026D79606C10,1026D,,SCHEDULED,0,0.0
2026-08-16T04:51:03Z,1026D76376C5,1026D,,SCHEDULED,0,0.0
2026-08-16T04:51:03Z,1026D79807C8a,1026D,,SCHEDULED,120,2.0
2026-08-16T04:51:03Z,1026D76695C5,1026D,,SCHEDULED,480,8.0
2026-08-16T04:51:03Z,1026D79225C7,1026D,,SCHEDULED,0,0.0
2026-08-16T04:51:03Z,1026D79104C7,1026D,,SCHEDULED,180,3.0
2026-08-16T04:51:03Z,1026D79103C7,1026D,,SCHEDULED,180,3.0
2026-08-16T04:51:03Z,1026D27410C4b,1026D,,SCHEDULED,420,7.0
2026-08-16T04:51:03Z,1026D79106C7,1026D,,SCHEDULED,0,0.0
2026-08-16T04:51:03Z,1026D79105C7,1026D,,SCHEDULED,60,1.0
2026-08-16T04:51:03Z,1026D27212C4a,1026D,,SCHEDULED,300,5.0
2026-08-16T04:51:03Z,1026D76378C5,1026D,,SCHEDULED,0,0.0
2026-08-16T04:51:03Z,1026D79702C10,1026D,,SCHEDULED,60,1.0
2026-08-16T04:51:03Z,1026D79107C7,1026D,,SCHEDULED,0,0.0
2026-08-16T04:51:03Z,1026D27007C3,1026D,,SCHEDULED,0,0.0
2026-08-16T04:51:03Z,1026D79505C2,1026D,,SCHEDULED,540,9.0
2026-08-16T04:51:03Z,1026D27008C3,1026D,,SCHEDULED,0,0.0
2026-08-16T04:51:03Z,1026D19811C1,1026D,,SCHEDULED,60,1.0
2026-08-16T04:51:03Z,1026D79509C2,1026D,,SCHEDULED,600,10.0
2026-08-16T04:51:03Z,1026D27404C4b,1026D,,SCHEDULED,60,1.0
2026-08-16T04:51:03Z,1026D19813C1,1026D,,SCHEDULED,0,0.0
2026-08-16T04:51:03Z,1026D76688C5,1026D,,SCHEDULED,120,2.0
2026-08-16T04:51:03Z,1026D79954C8b,1026D,,SCHEDULED,120,2.0
2026-08-16T04:51:03Z,1026D27005C3,1026D,,SCHEDULED,60,1.0
2026-08-16T04:51:03Z,1026D79517C2,1026D,,SCHEDULED,0,0.0
2026-08-16T04:51:03Z,1026D76207C5,1026D,,SCHEDULED,120,2.0
2026-08-16T04:51:03Z,1026D27006C3,1026D,,SCHEDULED,60,1.0
2026-08-16T04:51:03Z,1026D27209C4a,1026D,,SCHEDULED,540,9.0
2026-08-16T04:51:03Z,1026D76208C5,1026D,,SCHEDULED,0,0.0
2026-08-16T04:51:03Z,1026D27408C4b,1026D,,SCHEDULED,240,4.0
2026-08-16T04:51:03Z,1026D19806C1,1026D,,SCHEDULED,360,6.0
2026-08-16T04:51:03Z,1026D27009C3,1026D,,SCHEDULED,0,0.0
2026-08-16T04:51:03Z,1026D19810C1,1026D,,SCHEDULED,0,0.0
2026-08-16T04:51:03Z,1026D79221C7,1026D,,SCHEDULED,120,2.0
2026-08-16T04:51:03Z,1026D79223C7,1026D,,SCHEDULED,0,0.0
2026-08-16T04:51:03Z,1026D79102C7,1026D,,SCHEDULED,240,4.0
2026-08-16T04:51:03Z,1026D79222C7,1026D,,SCHEDULED,0,0.0
2026-08-16T04:51:03Z,1026D79210C7,1026D,,SCHEDULED,960,16.0
2026-08-16T04:51:03Z,1026D27406C4b,1026D,,SCHEDULED,0,0.0
2026-08-16T04:51:03Z,1026D79214C7,1026D,,SCHEDULED,360,6.0
2026-08-16T04:51:03Z,1026D79810C8a,1026D,,SCHEDULED,240,4.0
2026-08-16T04:51:03Z,1026D27003C3,1026D,,SCHEDULED,60,1.0
2026-08-16T04:51:03Z,1026D27004C3,1026D,,SCHEDULED,480,8.0
2026-08-16T04:51:03Z,1026D79812C8a,1026D,,SCHEDULED,0,0.0
2026-08-16T04:51:03Z,1026D79218C7,1026D,,SCHEDULED,0,0.0
2026-08-16T04:51:03Z,1026D79415C2,1026D,,SCHEDULED,0,0.0
2026-08-16T04:51:03Z,1026D27002C3,1026D,,SCHEDULED,540,9.0
2026-08-16T04:51:03Z,1026D27216C4a,1026D,,SCHEDULED,0,0.0
2026-08-16T04:55:55Z,3026D23506C1,3026D,,SCHEDULED,660,11.0
2026-08-16T04:55:55Z,3026D23507C1,3026D,,SCHEDULED,300,5.0
2026-08-16T04:55:55Z,3026D23703C5,3026D,,SCHEDULED,-180,-3.0
2026-08-16T04:55:55Z,3026D23605C4,3026D,,SCHEDULED,1920,32.0
2026-08-16T04:55:55Z,3126D23423T1,3126D,,SCHEDULED,0,0.0
2026-08-16T04:55:55Z,3126D23205C1,3126D,,SCHEDULED,3720,62.0
2026-08-16T04:55:55Z,3126D23424T1,3126D,,SCHEDULED,0,0.0
2026-08-16T04:55:55Z,3226D23304C1,3226D,,SCHEDULED,0,0.0
2026-08-16T04:55:55Z,3226D23150C2,3226D,,SCHEDULED,180,3.0
2026-08-16T04:55:55Z,3226D23307C1,3226D,,SCHEDULED,240,4.0
2026-08-16T04:55:55Z,4026D84008C2,4026D,,SCHEDULED,0,0.0
2026-08-16T04:55:55Z,4026D80017C3,4026D,,SCHEDULED,0,0.0
2026-08-16T04:55:55Z,4026D76656C3,4026D,,SCHEDULED,0,0.0
2026-08-16T04:55:55Z,4026D76602C3,4026D,,SCHEDULED,120,2.0
2026-08-16T04:55:55Z,4026D84003C2,4026D,,SCHEDULED,0,0.0
2026-08-16T04:55:55Z,4026D24204C1,4026D,,SCHEDULED,120,2.0
2026-08-16T04:55:55Z,4026D24303C6,4026D,,SCHEDULED,180,3.0
2026-08-16T04:55:55Z,4026D24007C2,4026D,,SCHEDULED,0,0.0
2026-08-16T04:55:55Z,4026D24205C1,4026D,,SCHEDULED,-60,-1.0
2026-08-16T04:55:55Z,4026D24002C2,4026D,,SCHEDULED,60,1.0
2026-08-16T04:55:55Z,4026D24003C2,4026D,,SCHEDULED,180,3.0
2026-08-16T04:55:55Z,4026D24302C6,4026D,,SCHEDULED,0,0.0
2026-08-16T04:55:55Z,5126D15850R11,5126D,,SCHEDULED,0,0.0
2026-08-16T04:55:55Z,5126D18121R16,5126D,,SCHEDULED,60,1.0
2026-08-16T04:55:55Z,5126D28404R2N,5126D,,SCHEDULED,120,2.0
2026-08-16T04:55:55Z,5126D28408R2N,5126D,,SCHEDULED,0,0.0
2026-08-16T04:55:55Z,5126D25502R2S,5126D,,SCHEDULED,360,6.0
2026-08-16T04:55:55Z,5126D25601R1,5126D,,SCHEDULED,180,3.0
2026-08-16T04:55:55Z,5126D78632R8,5126D,,SCHEDULED,120,2.0
2026-08-16T04:55:55Z,5126D25406R2N,5126D,,SCHEDULED,0,0.0
2026-08-16T04:55:55Z,5126D77500R4,5126D,,SCHEDULED,60,1.0
2026-08-16T04:55:55Z,5126D25505R2S,5126D,,SCHEDULED,-180,-3.0
2026-08-16T04:55:55Z,5126D28267R2S,5126D,,SCHEDULED,240,4.0
2026-08-16T04:55:55Z,5126D25603R1,5126D,,SCHEDULED,60,1.0
2026-08-16T04:55:55Z,5126D77404R4,5126D,,SCHEDULED,1080,18.0
2026-08-16T04:55:55Z,5126D77510R4,5126D,,SCHEDULED,300,5.0
2026-08-16T04:55:55Z,5126D77504R4,5126D,,SCHEDULED,180,3.0
2026-08-16T04:55:55Z,5126D77312R3,5126D,,SCHEDULED,240,4.0
2026-08-16T04:55:55Z,5126D77508R4,5126D,,SCHEDULED,180,3.0
2026-08-16T04:55:55Z,5126D25612R1,5126D,,SCHEDULED,240,4.0
2026-08-16T04:55:55Z,5126D28406R2N,5126D,,SCHEDULED,60,1.0
2026-08-16T04:55:55Z,5126D78600R8,5126D,,SCHEDULED,120,2.0
2026-08-16T04:55:55Z,5126D35523R3,5126D,,SCHEDULED,180,3.0
2026-08-16T04:55:55Z,5126D28268R2S,5126D,,SCHEDULED,480,8.0
2026-08-16T04:55:55Z,5126D25486R2S,5126D,,SCHEDULED,0,0.0
2026-08-16T04:55:55Z,5126D77400R4,5126D,,SCHEDULED,300,5.0
2026-08-16T04:55:55Z,5126D28269R2S,5126D,,SCHEDULED,0,0.0
2026-08-16T04:55:55Z,5126D77512R4,5126D,,SCHEDULED,0,0.0
2026-08-16T04:55:55Z,5126D77316R3,5126D,,SCHEDULED,120,2.0
2026-08-16T04:55:55Z,5126D77314R3,5126D,,SCHEDULED,120,2.0
2026-08-16T04:55:55Z,5126D25562R2S,5126D,,SCHEDULED,240,4.0
2026-08-16T04:55:55Z,5126D25606R1,5126D,,SCHEDULED,0,0.0
2026-08-16T04:55:55Z,5126D25608R1,5126D,,SCHEDULED,60,1.0
2026-08-16T04:55:55Z,5126D25607R1,5126D,,SCHEDULED,60,1.0
2026-08-16T04:55:55Z,5126D35518R3,5126D,,SCHEDULED,180,3.0
2026-08-16T04:55:55Z,5126D25600R1,5126D,,SCHEDULED,300,5.0
2026-08-16T04:55:55Z,5126D25402R2N,5126D,,SCHEDULED,60,1.0
2026-08-16T04:55:55Z,5126D25501R2S,5126D,,SCHEDULED,360,6.0
2026-08-16T04:55:55Z,5126D25404R2N,5126D,,SCHEDULED,-120,-2.0
2026-08-16T04:55:55Z,5126D25503R2S,5126D,,SCHEDULED,360,6.0
2026-08-16T04:55:55Z,6026D29679C1,6026D,,SCHEDULED,0,0.0
2026-08-16T04:55:55Z,6026D29509C2,6026D,,SCHEDULED,120,2.0
2026-08-16T04:55:55Z,6026D26506C3,6026D,,SCHEDULED,0,0.0
2026-08-16T04:55:55Z,6026D29506C2,6026D,,SCHEDULED,240,4.0
2026-08-16T04:55:55Z,6026D26505C3,6026D,,SCHEDULED,0,0.0
2026-08-16T04:55:55Z,6026D26509C3,6026D,,SCHEDULED,0,0.0
2026-08-16T04:55:55Z,6026D29610C1,6026D,,SCHEDULED,0,0.0
2026-08-16T04:55:55Z,6026D26508C3,6026D,,SCHEDULED,240,4.0
2026-08-16T04:55:55Z,6026D71500C4,6026D,,SCHEDULED,180,3.0
2026-08-16T04:55:55Z,6026D71503C4,6026D,,SCHEDULED,120,2.0
2026-08-16T04:55:55Z,6026D26507C3,6026D,,SCHEDULED,0,0.0
2026-08-16T04:55:55Z,6126D81704C1,6126D,,SCHEDULED,0,0.0
2026-08-16T04:55:55Z,6126D32700C1,6126D,,SCHEDULED,300,5.0
2026-08-16T04:55:55Z,6126D32702C1,6126D,,SCHEDULED,0,0.0
2026-08-16T04:55:55Z,6126D32701C1,6126D,,SCHEDULED,180,3.0
2026-08-16T04:55:55Z,6126D32703C1,6126D,,SCHEDULED,0,0.0
2026-08-16T04:55:55Z,6126D32771C1,6126D,,SCHEDULED,480,8.0
2026-08-16T04:55:55Z,6226D71152C2,6226D,,SCHEDULED,0,0.0
2026-08-16T04:55:55Z,6226D71154C2,6226D,,SCHEDULED,300,5.0
2026-08-16T04:55:55Z,4726D71080C1,4726D,,SCHEDULED,360,6.0
2026-08-16T04:55:55Z,2026D70251C4,2026D,,SCHEDULED,0,0.0
2026-08-16T04:55:55Z,2026D70250C4,2026D,,SCHEDULED,300,5.0
2026-08-16T04:55:55Z,2026D22003C1,2026D,,SCHEDULED,120,2.0
2026-08-16T04:55:55Z,2026D22004C1,2026D,,SCHEDULED,120,2.0
2026-08-16T04:55:55Z,2026D70505C7,2026D,,SCHEDULED,180,3.0
2026-08-16T04:55:55Z,2026D70757C6,2026D,,SCHEDULED,0,0.0
2026-08-16T04:55:55Z,2026D70803C6,2026D,,SCHEDULED,0,0.0
2026-08-16T04:55:55Z,2026D22105C1,2026D,,SCHEDULED,120,2.0
2026-08-16T04:55:55Z,2026D70901C8,2026D,,SCHEDULED,240,4.0
2026-08-16T04:55:55Z,2026D70203C4,2026D,,SCHEDULED,0,0.0
2026-08-16T04:55:55Z,2026D70206C4,2026D,,SCHEDULED,0,0.0
2026-08-16T04:55:55Z,2026D70756C6,2026D,,SCHEDULED,60,1.0
2026-08-16T04:55:55Z,2026D70403C5,2026D,,SCHEDULED,0,0.0
2026-08-16T04:55:55Z,2026D22206C2,2026D,,SCHEDULED,0,0.0
2026-08-16T04:55:55Z,2026D70402C5,2026D,,SCHEDULED,0,0.0
2026-08-16T04:55:55Z,2026D70853C6,2026D,,SCHEDULED,60,1.0
2026-08-16T04:55:55Z,2026D70204C4,2026D,,SCHEDULED,540,9.0
2026-08-16T04:55:55Z,4126D84904C2,4126D,,SCHEDULED,1200,20.0
2026-08-16T04:55:55Z,4126D84903C2,4126D,,SCHEDULED,0,0.0
2026-08-16T04:55:55Z,4126D24703C1,4126D,,SCHEDULED,240,4.0
2026-08-16T04:55:55Z,4126D84902C2,4126D,,SCHEDULED,0,0.0
2026-08-16T04:55:55Z,1026D79608C10,1026D,,SCHEDULED,0,0.0
2026-08-16T04:55:55Z,1026D79231C7,1026D,,SCHEDULED,0,0.0
2026-08-16T04:55:55Z,1026D76365C5,1026D,,SCHEDULED,120,2.0
2026-08-16T04:55:55Z,1026D79953C8b,1026D,,SCHEDULED,0,0.0
2026-08-16T04:55:55Z,1026D79513C2,1026D,,SCHEDULED,120,2.0
2026-08-16T04:55:55Z,1026D19808C1,1026D,,SCHEDULED,0,0.0
2026-08-16T04:55:55Z,1026D76367C5,1026D,,SCHEDULED,60,1.0
2026-08-16T04:55:55Z,1026D76686C5,1026D,,SCHEDULED,60,1.0
2026-08-16T04:55:55Z,1026D76369C5,1026D,,SCHEDULED,0,0.0
2026-08-16T04:55:55Z,1026D76688C5,1026D,,SCHEDULED,60,1.0
2026-08-16T04:55:55Z,1026D79954C8b,1026D,,SCHEDULED,60,1.0
2026-08-16T04:55:55Z,1026D27212C4a,1026D,,SCHEDULED,180,3.0
2026-08-16T04:55:55Z,1026D27213C4a,1026D,,CANCELED,,
2026-08-16T04:55:55Z,1026D76378C5,1026D,,SCHEDULED,0,0.0
2026-08-16T04:55:55Z,1026D76697C5,1026D,,SCHEDULED,180,3.0
2026-08-16T04:55:55Z,1026D27411C4b,1026D,,SCHEDULED,180,3.0
2026-08-16T04:55:55Z,1026D27210C4a,1026D,,SCHEDULED,420,7.0
2026-08-16T04:55:55Z,1026D76699C5,1026D,,SCHEDULED,0,0.0
2026-08-16T04:55:55Z,1026D27211C4a,1026D,,SCHEDULED,60,1.0
2026-08-16T04:55:55Z,1026D27216C4a,1026D,,SCHEDULED,240,4.0
2026-08-16T04:55:55Z,1026D79406C2,1026D,,SCHEDULED,540,9.0
2026-08-16T04:55:55Z,1026D79606C10,1026D,,SCHEDULED,60,1.0
2026-08-16T04:55:55Z,1026D27217C4a,1026D,,SCHEDULED,0,0.0
2026-08-16T04:55:55Z,1026D79807C8a,1026D,,SCHEDULED,180,3.0
2026-08-16T04:55:55Z,1026D27415C4b,1026D,,SCHEDULED,180,3.0
2026-08-16T04:55:55Z,1026D27412C4b,1026D,,SCHEDULED,0,0.0
2026-08-16T04:55:55Z,1026D27214C4a,1026D,,SCHEDULED,180,3.0
2026-08-16T04:55:55Z,1026D79104C7,1026D,,SCHEDULED,180,3.0
2026-08-16T04:55:55Z,1026D27215C4a,1026D,,SCHEDULED,720,12.0
2026-08-16T04:55:55Z,1026D27413C4b,1026D,,SCHEDULED,360,6.0
2026-08-16T04:55:55Z,1026D27419C4b,1026D,,SCHEDULED,0,0.0
2026-08-16T04:55:55Z,1026D79103C7,1026D,,SCHEDULED,60,1.0
2026-08-16T04:55:55Z,1026D79106C7,1026D,,SCHEDULED,0,0.0
2026-08-16T04:55:55Z,1026D79226C7,1026D,,SCHEDULED,0,0.0
2026-08-16T04:55:55Z,1026D76370C5,1026D,,SCHEDULED,180,3.0
2026-08-16T04:55:55Z,1026D79105C7,1026D,,SCHEDULED,0,0.0
2026-08-16T04:55:55Z,1026D27218C4a,1026D,,SCHEDULED,0,0.0
2026-08-16T04:55:55Z,1026D76371C5,1026D,,SCHEDULED,0,0.0
2026-08-16T04:55:55Z,1026D79702C10,1026D,,SCHEDULED,60,1.0
2026-08-16T04:55:55Z,1026D76690C5,1026D,,SCHEDULED,0,0.0
2026-08-16T04:55:55Z,1026D79107C7,1026D,,SCHEDULED,0,0.0
2026-08-16T04:55:55Z,1026D79704C10,1026D,,SCHEDULED,0,0.0
2026-08-16T04:55:55Z,1026D27219C4a,1026D,,SCHEDULED,0,0.0
2026-08-16T04:55:55Z,1026D19811C1,1026D,,SCHEDULED,360,6.0
2026-08-16T04:55:55Z,1026D27417C4b,1026D,,SCHEDULED,120,2.0
2026-08-16T04:55:55Z,1026D79509C2,1026D,,SCHEDULED,900,15.0
2026-08-16T04:55:55Z,1026D76372C5,1026D,,SCHEDULED,0,0.0
2026-08-16T04:55:55Z,1026D19813C1,1026D,,SCHEDULED,0,0.0
2026-08-16T04:55:55Z,1026D76373C5,1026D,,SCHEDULED,0,0.0
2026-08-16T04:55:55Z,1026D76692C5,1026D,,SCHEDULED,0,0.0
2026-08-16T04:55:55Z,1026D79517C2,1026D,,SCHEDULED,0,0.0
2026-08-16T04:55:55Z,1026D76207C5,1026D,,SCHEDULED,0,0.0
2026-08-16T04:55:55Z,1026D76374C5,1026D,,SCHEDULED,180,3.0
2026-08-16T04:55:55Z,1026D76208C5,1026D,,SCHEDULED,0,0.0
2026-08-16T04:55:55Z,1026D76693C5,1026D,,SCHEDULED,60,1.0
2026-08-16T04:55:55Z,1026D76376C5,1026D,,SCHEDULED,120,2.0
2026-08-16T04:55:55Z,1026D19806C1,1026D,,SCHEDULED,120,2.0
2026-08-16T04:55:55Z,1026D76695C5,1026D,,SCHEDULED,60,1.0
2026-08-16T04:55:55Z,1026D19810C1,1026D,,SCHEDULED,0,0.0
2026-08-16T04:55:55Z,1026D79221C7,1026D,,SCHEDULED,0,0.0
2026-08-16T04:55:55Z,1026D77000C5,1026D,,SCHEDULED,0,0.0
2026-08-16T04:55:55Z,1026D27410C4b,1026D,,SCHEDULED,720,12.0
2026-08-16T04:55:55Z,1026D79223C7,1026D,,SCHEDULED,240,4.0
2026-08-16T04:55:55Z,1026D79102C7,1026D,,SCHEDULED,180,3.0
2026-08-16T04:55:55Z,1026D79222C7,1026D,,SCHEDULED,0,0.0
2026-08-16T04:55:55Z,1026D79225C7,1026D,,SCHEDULED,120,2.0
2026-08-16T04:55:55Z,1026D27007C3,1026D,,SCHEDULED,240,4.0
2026-08-16T04:55:55Z,1026D27008C3,1026D,,SCHEDULED,120,2.0
2026-08-16T04:55:55Z,1026D27404C4b,1026D,,SCHEDULED,120,2.0
2026-08-16T04:55:55Z,1026D27005C3,1026D,,SCHEDULED,60,1.0
2026-08-16T04:55:55Z,1026D27006C3,1026D,,SCHEDULED,180,3.0
2026-08-16T04:55:55Z,1026D76380C5,1026D,,SCHEDULED,0,0.0
2026-08-16T04:55:55Z,1026D27408C4b,1026D,,SCHEDULED,0,0.0
2026-08-16T04:55:55Z,1026D27009C3,1026D,,SCHEDULED,0,0.0
2026-08-16T04:55:55Z,1026D79210C7,1026D,,SCHEDULED,1020,17.0
2026-08-16T04:55:55Z,1026D27406C4b,1026D,,SCHEDULED,0,0.0
2026-08-16T04:55:55Z,1026D79810C8a,1026D,,SCHEDULED,540,9.0
2026-08-16T04:55:55Z,1026D27004C3,1026D,,SCHEDULED,360,6.0
2026-08-16T04:55:55Z,1026D79812C8a,1026D,,SCHEDULED,0,0.0
2026-08-16T04:55:55Z,1026D79218C7,1026D,,SCHEDULED,60,1.0
2026-08-16T04:55:55Z,1026D79415C2,1026D,,SCHEDULED,60,1.0
2026-08-16T04:55:55Z,1026D79217C7,1026D,,SCHEDULED,0,0.0
2026-08-16T04:55:55Z,1026D76701C5,1026D,,SCHEDULED,0,0.0
2026-08-16T04:55:55Z,1026D79419C2,1026D,,SCHEDULED,0,0.0
2026-08-16T05:01:27Z,3026D23507C1,3026D,,SCHEDULED,420,7.0
2026-08-16T05:01:27Z,3026D23506C1,3026D,,SCHEDULED,660,11.0
2026-08-16T05:01:27Z,3026D23703C5,3026D,,SCHEDULED,60,1.0
2026-08-16T05:01:27Z,3026D23605C4,3026D,,SCHEDULED,180,3.0
2026-08-16T05:01:27Z,3126D23423T1,3126D,,SCHEDULED,0,0.0
2026-08-16T05:01:27Z,3126D23424T1,3126D,,SCHEDULED,0,0.0
2026-08-16T05:01:27Z,3126D23205C1,3126D,,SCHEDULED,0,0.0
2026-08-16T05:01:27Z,3226D23304C1,3226D,,SCHEDULED,-60,-1.0
2026-08-16T05:01:27Z,3226D23150C2,3226D,,SCHEDULED,180,3.0
2026-08-16T05:01:27Z,3226D23307C1,3226D,,SCHEDULED,300,5.0
2026-08-16T05:01:27Z,4026D84008C2,4026D,,SCHEDULED,0,0.0
2026-08-16T05:01:27Z,4026D24303C6,4026D,,SCHEDULED,240,4.0
2026-08-16T05:01:27Z,4026D24007C2,4026D,,SCHEDULED,0,0.0
2026-08-16T05:01:27Z,4026D24003C2,4026D,,SCHEDULED,300,5.0
2026-08-16T05:01:27Z,4026D24302C6,4026D,,SCHEDULED,-60,-1.0
2026-08-16T05:01:27Z,4026D76656C3,4026D,,SCHEDULED,-60,-1.0
2026-08-16T05:01:27Z,4026D24204C1,4026D,,SCHEDULED,-60,-1.0
2026-08-16T05:01:27Z,4026D84003C2,4026D,,SCHEDULED,0,0.0
2026-08-16T05:01:27Z,5126D25502R2S,5126D,,SCHEDULED,300,5.0
2026-08-16T05:01:27Z,5126D18120R16,5126D,,SCHEDULED,180,3.0
2026-08-16T05:01:27Z,5126D25601R1,5126D,,SCHEDULED,120,2.0
2026-08-16T05:01:27Z,5126D18121R16,5126D,,SCHEDULED,120,2.0
2026-08-16T05:01:27Z,5126D28408R2N,5126D,,SCHEDULED,60,1.0
2026-08-16T05:01:27Z,5126D25612R1,5126D,,SCHEDULED,60,1.0
2026-08-16T05:01:27Z,5126D25505R2S,5126D,,SCHEDULED,-120,-2.0
2026-08-16T05:01:27Z,5126D25603R1,5126D,,SCHEDULED,0,0.0
2026-08-16T05:01:27Z,5126D77316R3,5126D,,SCHEDULED,120,2.0
2026-08-16T05:01:27Z,5126D77510R4,5126D,,SCHEDULED,300,5.0
2026-08-16T05:01:27Z,5126D77312R3,5126D,,SCHEDULED,360,6.0
2026-08-16T05:01:27Z,5126D35518R3,5126D,,SCHEDULED,180,3.0
2026-08-16T05:01:27Z,5126D78600R8,5126D,,SCHEDULED,60,1.0
2026-08-16T05:01:27Z,5126D25486R2S,5126D,,SCHEDULED,0,0.0
2026-08-16T05:01:27Z,5126D77500R4,5126D,,SCHEDULED,-60,-1.0
2026-08-16T05:01:27Z,5126D28267R2S,5126D,,SCHEDULED,300,5.0
2026-08-16T05:01:27Z,5126D77404R4,5126D,,SCHEDULED,1080,18.0
2026-08-16T05:01:27Z,5126D77512R4,5126D,,SCHEDULED,-120,-2.0
2026-08-16T05:01:27Z,5126D77504R4,5126D,,SCHEDULED,180,3.0
2026-08-16T05:01:27Z,5126D77314R3,5126D,,SCHEDULED,120,2.0
2026-08-16T05:01:27Z,5126D77408R4,5126D,,SCHEDULED,240,4.0
2026-08-16T05:01:27Z,5126D25562R2S,5126D,,SCHEDULED,180,3.0
2026-08-16T05:01:27Z,5126D25608R1,5126D,,SCHEDULED,60,1.0
2026-08-16T05:01:27Z,5126D25607R1,5126D,,SCHEDULED,0,0.0
2026-08-16T05:01:27Z,5126D77508R4,5126D,,SCHEDULED,60,1.0
2026-08-16T05:01:27Z,5126D28406R2N,5126D,,SCHEDULED,120,2.0
2026-08-16T05:01:27Z,5126D25600R1,5126D,,SCHEDULED,240,4.0
2026-08-16T05:01:27Z,5126D25402R2N,5126D,,SCHEDULED,0,0.0
2026-08-16T05:01:27Z,5126D25501R2S,5126D,,SCHEDULED,420,7.0
2026-08-16T05:01:27Z,5126D35523R3,5126D,,SCHEDULED,300,5.0
2026-08-16T05:01:27Z,5126D28268R2S,5126D,,SCHEDULED,360,6.0
2026-08-16T05:01:27Z,5126D25404R2N,5126D,,SCHEDULED,-120,-2.0
2026-08-16T05:01:27Z,5126D77400R4,5126D,,SCHEDULED,360,6.0
2026-08-16T05:01:27Z,5126D25503R2S,5126D,,SCHEDULED,420,7.0
2026-08-16T05:01:27Z,5126D28269R2S,5126D,,SCHEDULED,60,1.0
2026-08-16T05:01:27Z,5126D78632R8,5126D,,SCHEDULED,60,1.0
2026-08-16T05:01:27Z,6026D26507C3,6026D,,SCHEDULED,-60,-1.0
2026-08-16T05:01:27Z,6026D26509C3,6026D,,SCHEDULED,0,0.0
2026-08-16T05:01:27Z,6026D29509C2,6026D,,SCHEDULED,180,3.0
2026-08-16T05:01:27Z,6026D26506C3,6026D,,SCHEDULED,0,0.0
2026-08-16T05:01:27Z,6026D71500C4,6026D,,SCHEDULED,120,2.0
2026-08-16T05:01:27Z,6026D29679C1,6026D,,SCHEDULED,0,0.0
2026-08-16T05:01:27Z,6026D26508C3,6026D,,SCHEDULED,120,2.0
2026-08-16T05:01:27Z,6026D29506C2,6026D,,SCHEDULED,240,4.0
2026-08-16T05:01:27Z,6026D71503C4,6026D,,SCHEDULED,120,2.0
2026-08-16T05:01:27Z,6026D71507C4,6026D,,SCHEDULED,0,0.0
2026-08-16T05:01:27Z,6026D26505C3,6026D,,SCHEDULED,0,0.0
2026-08-16T05:01:27Z,6026D29610C1,6026D,,SCHEDULED,60,1.0
2026-08-16T05:01:27Z,6026D71504C4,6026D,,SCHEDULED,0,0.0
2026-08-16T05:01:27Z,6126D32702C1,6126D,,SCHEDULED,60,1.0
2026-08-16T05:01:27Z,6126D81704C1,6126D,,SCHEDULED,0,0.0
2026-08-16T05:01:27Z,6126D32703C1,6126D,,SCHEDULED,0,0.0
2026-08-16T05:01:27Z,6126D32700C1,6126D,,SCHEDULED,240,4.0
2026-08-16T05:01:27Z,6126D32701C1,6126D,,SCHEDULED,180,3.0
2026-08-16T05:01:27Z,6126D32771C1,6126D,,SCHEDULED,480,8.0
2026-08-16T05:01:27Z,6226D71353C3,6226D,,SCHEDULED,0,0.0
2026-08-16T05:01:27Z,4726D71080C1,4726D,,SCHEDULED,360,6.0
2026-08-16T05:01:27Z,2026D70403C5,2026D,,SCHEDULED,0,0.0
2026-08-16T05:01:27Z,2026D70251C4,2026D,,SCHEDULED,240,4.0
2026-08-16T05:01:27Z,2026D70250C4,2026D,,SCHEDULED,0,0.0
2026-08-16T05:01:27Z,2026D22311C3,2026D,,SCHEDULED,0,0.0
2026-08-16T05:01:27Z,2026D22003C1,2026D,,SCHEDULED,480,8.0
2026-08-16T05:01:27Z,2026D70505C7,2026D,,SCHEDULED,60,1.0
2026-08-16T05:01:27Z,2026D70757C6,2026D,,SCHEDULED,0,0.0
2026-08-16T05:01:27Z,2026D70803C6,2026D,,SCHEDULED,0,0.0
2026-08-16T05:01:27Z,2026D22004C1,2026D,,SCHEDULED,240,4.0
2026-08-16T05:01:27Z,2026D22105C1,2026D,,SCHEDULED,240,4.0
2026-08-16T05:01:27Z,2026D70901C8,2026D,,SCHEDULED,540,9.0
2026-08-16T05:01:27Z,2026D70203C4,2026D,,SCHEDULED,0,0.0
2026-08-16T05:01:27Z,2026D70855C6,2026D,,SCHEDULED,0,0.0
2026-08-16T05:01:27Z,2026D70800C6,2026D,,SCHEDULED,0,0.0
2026-08-16T05:01:27Z,2026D70206C4,2026D,,SCHEDULED,0,0.0
2026-08-16T05:01:27Z,2026D70756C6,2026D,,SCHEDULED,0,0.0
2026-08-16T05:01:27Z,2026D22008C1,2026D,,SCHEDULED,0,0.0
2026-08-16T05:01:27Z,2026D22206C2,2026D,,SCHEDULED,60,1.0
2026-08-16T05:01:27Z,2026D70402C5,2026D,,SCHEDULED,120,2.0
2026-08-16T05:01:27Z,2026D70853C6,2026D,,SCHEDULED,180,3.0
2026-08-16T05:01:27Z,2026D70204C4,2026D,,SCHEDULED,600,10.0
2026-08-16T05:01:27Z,4126D24703C1,4126D,,SCHEDULED,0,0.0
2026-08-16T05:01:27Z,4126D84904C2,4126D,,SCHEDULED,1560,26.0
2026-08-16T05:01:27Z,4126D84903C2,4126D,,SCHEDULED,0,0.0
2026-08-16T05:01:27Z,4126D84902C2,4126D,,SCHEDULED,0,0.0
2026-08-16T05:01:27Z,4126D24702C1,4126D,,SCHEDULED,60,1.0
2026-08-16T05:01:27Z,7026D31505C1,7026D,,SCHEDULED,0,0.0
2026-08-16T05:05:56Z,3026D23507C1,3026D,,SCHEDULED,420,7.0
2026-08-16T05:05:56Z,3026D23506C1,3026D,,SCHEDULED,780,13.0
2026-08-16T05:05:56Z,3026D23703C5,3026D,,SCHEDULED,120,2.0
2026-08-16T05:05:56Z,3026D23605C4,3026D,,SCHEDULED,180,3.0
2026-08-16T05:05:56Z,3126D23423T1,3126D,,SCHEDULED,0,0.0
2026-08-16T05:05:56Z,3126D23205C1,3126D,,SCHEDULED,0,0.0
2026-08-16T05:05:56Z,3126D23424T1,3126D,,SCHEDULED,0,0.0
2026-08-16T05:05:56Z,3226D23307C1,3226D,,SCHEDULED,300,5.0
2026-08-16T05:05:56Z,3226D23306C1,3226D,,SCHEDULED,0,0.0
2026-08-16T05:05:56Z,3226D23304C1,3226D,,SCHEDULED,0,0.0
2026-08-16T05:05:56Z,3226D23150C2,3226D,,SCHEDULED,240,4.0
2026-08-16T05:05:56Z,4026D84008C2,4026D,,SCHEDULED,0,0.0
2026-08-16T05:05:56Z,4026D76656C3,4026D,,SCHEDULED,-60,-1.0
2026-08-16T05:05:56Z,4026D76602C3,4026D,,SCHEDULED,0,0.0
2026-08-16T05:05:56Z,4026D24303C6,4026D,,SCHEDULED,0,0.0
2026-08-16T05:05:56Z,4026D24007C2,4026D,,SCHEDULED,120,2.0
2026-08-16T05:05:56Z,4026D24205C1,4026D,,SCHEDULED,0,0.0
2026-08-16T05:05:56Z,4026D24306C6,4026D,,SCHEDULED,0,0.0
2026-08-16T05:05:56Z,4026D24003C2,4026D,,SCHEDULED,180,3.0
2026-08-16T05:05:56Z,4026D24302C6,4026D,,SCHEDULED,-120,-2.0
2026-08-16T05:05:56Z,4026D24204C1,4026D,,SCHEDULED,-60,-1.0
2026-08-16T05:05:56Z,5126D25608R1,5126D,,SCHEDULED,120,2.0
2026-08-16T05:05:56Z,5126D25607R1,5126D,,SCHEDULED,0,0.0
2026-08-16T05:05:56Z,5126D77316R3,5126D,,SCHEDULED,120,2.0
2026-08-16T05:05:56Z,5126D25600R1,5126D,,SCHEDULED,300,5.0
2026-08-16T05:05:56Z,5126D25402R2N,5126D,,SCHEDULED,0,0.0
2026-08-16T05:05:56Z,5126D35518R3,5126D,,SCHEDULED,180,3.0
2026-08-16T05:05:56Z,5126D30531R15,5126D,,SCHEDULED,60,1.0
2026-08-16T05:05:56Z,5126D25404R2N,5126D,,SCHEDULED,0,0.0
2026-08-16T05:05:56Z,5126D28268R2S,5126D,,SCHEDULED,420,7.0
2026-08-16T05:05:56Z,5126D28269R2S,5126D,,SCHEDULED,-120,-2.0
2026-08-16T05:05:56Z,5126D25601R1,5126D,,SCHEDULED,60,1.0
2026-08-16T05:05:56Z,5126D78632R8,5126D,,SCHEDULED,-120,-2.0
2026-08-16T05:05:56Z,5126D25603R1,5126D,,SCHEDULED,0,0.0
2026-08-16T05:05:56Z,5126D77500R4,5126D,,SCHEDULED,-120,-2.0
2026-08-16T05:05:56Z,5126D28267R2S,5126D,,SCHEDULED,180,3.0
2026-08-16T05:05:56Z,5126D25562R2S,5126D,,SCHEDULED,240,4.0
2026-08-16T05:05:56Z,5126D28408R2N,5126D,,SCHEDULED,-60,-1.0
2026-08-16T05:05:56Z,5126D25612R1,5126D,,SCHEDULED,180,3.0
2026-08-16T05:05:56Z,5126D28406R2N,5126D,,SCHEDULED,-60,-1.0
2026-08-16T05:05:56Z,5126D35523R3,5126D,,SCHEDULED,240,4.0
2026-08-16T05:05:56Z,5126D77504R4,5126D,,SCHEDULED,180,3.0
2026-08-16T05:05:56Z,5126D77400R4,5126D,,SCHEDULED,120,2.0
2026-08-16T05:05:56Z,5126D77404R4,5126D,,SCHEDULED,840,14.0
2026-08-16T05:05:56Z,5126D77508R4,5126D,,SCHEDULED,120,2.0
2026-08-16T05:05:56Z,5126D25606R1,5126D,,SCHEDULED,60,1.0
2026-08-16T05:05:56Z,5126D77408R4,5126D,,SCHEDULED,180,3.0
2026-08-16T05:05:56Z,5126D25507R2S,5126D,,SCHEDULED,0,0.0
2026-08-16T05:05:56Z,5126D25501R2S,5126D,,SCHEDULED,420,7.0
2026-08-16T05:05:56Z,5126D25502R2S,5126D,,SCHEDULED,180,3.0
2026-08-16T05:05:56Z,5126D25505R2S,5126D,,SCHEDULED,-120,-2.0
2026-08-16T05:05:56Z,5126D18120R16,5126D,,SCHEDULED,300,5.0
2026-08-16T05:05:56Z,5126D25504R2S,5126D,,SCHEDULED,-60,-1.0
2026-08-16T05:05:56Z,5126D18121R16,5126D,,SCHEDULED,120,2.0
2026-08-16T05:05:56Z,5126D77510R4,5126D,,SCHEDULED,300,5.0
2026-08-16T05:05:56Z,5126D77312R3,5126D,,SCHEDULED,420,7.0
2026-08-16T05:05:56Z,5126D78600R8,5126D,,SCHEDULED,60,1.0
2026-08-16T05:05:56Z,5126D77512R4,5126D,,SCHEDULED,-60,-1.0
2026-08-16T05:05:56Z,5126D77314R3,5126D,,SCHEDULED,-120,-2.0
2026-08-16T05:05:56Z,6026D29679C1,6026D,,SCHEDULED,60,1.0
2026-08-16T05:05:56Z,6026D29509C2,6026D,,SCHEDULED,60,1.0
2026-08-16T05:05:56Z,6026D26506C3,6026D,,SCHEDULED,60,1.0
2026-08-16T05:05:56Z,6026D26509C3,6026D,,SCHEDULED,120,2.0
2026-08-16T05:05:56Z,6026D71500C4,6026D,,SCHEDULED,60,1.0
2026-08-16T05:05:56Z,6026D26510C3,6026D,,SCHEDULED,0,0.0
2026-08-16T05:05:56Z,6026D29613C1,6026D,,SCHEDULED,0,0.0
2026-08-16T05:05:56Z,6026D26508C3,6026D,,SCHEDULED,120,2.0
2026-08-16T05:05:56Z,6026D71504C4,6026D,,SCHEDULED,0,0.0
2026-08-16T05:05:56Z,6026D71507C4,6026D,,SCHEDULED,0,0.0
2026-08-16T05:05:56Z,6026D26505C3,6026D,,SCHEDULED,120,2.0
2026-08-16T05:05:56Z,6026D29610C1,6026D,,SCHEDULED,60,1.0
2026-08-16T05:05:56Z,6126D81704C1,6126D,,SCHEDULED,0,0.0
2026-08-16T05:05:56Z,6126D32702C1,6126D,,SCHEDULED,120,2.0
2026-08-16T05:05:56Z,6126D32703C1,6126D,,SCHEDULED,0,0.0
2026-08-16T05:05:56Z,6126D32771C1,6126D,,SCHEDULED,600,10.0
2026-08-16T05:05:56Z,6126D32700C1,6126D,,SCHEDULED,360,6.0
2026-08-16T05:05:56Z,6126D32701C1,6126D,,SCHEDULED,240,4.0
2026-08-16T05:05:56Z,6226D71353C3,6226D,,SCHEDULED,0,0.0
2026-08-16T05:05:56Z,6226D71193C2,6226D,,SCHEDULED,0,0.0
2026-08-16T05:05:56Z,6226D71154C2,6226D,,SCHEDULED,300,5.0
2026-08-16T05:05:56Z,4726D71080C1,4726D,,SCHEDULED,480,8.0
2026-08-16T05:05:56Z,2026D70251C4,2026D,,SCHEDULED,0,0.0
2026-08-16T05:05:56Z,2026D70250C4,2026D,,SCHEDULED,120,2.0
2026-08-16T05:05:56Z,2026D22311C3,2026D,,SCHEDULED,0,0.0
2026-08-16T05:05:56Z,2026D22003C1,2026D,,SCHEDULED,720,12.0
2026-08-16T05:05:56Z,2026D22004C1,2026D,,SCHEDULED,0,0.0
2026-08-16T05:05:56Z,2026D22105C1,2026D,,SCHEDULED,240,4.0
2026-08-16T05:05:56Z,2026D70901C8,2026D,,SCHEDULED,0,0.0
2026-08-16T05:05:56Z,2026D70505C7,2026D,,SCHEDULED,240,4.0
2026-08-16T05:05:56Z,2026D70757C6,2026D,,SCHEDULED,0,0.0
2026-08-16T05:05:56Z,2026D70803C6,2026D,,SCHEDULED,0,0.0
2026-08-16T05:05:56Z,2026D70855C6,2026D,,SCHEDULED,0,0.0
2026-08-16T05:05:56Z,2026D70800C6,2026D,,SCHEDULED,0,0.0
2026-08-16T05:05:56Z,2026D70206C4,2026D,,SCHEDULED,0,0.0
2026-08-16T05:05:56Z,2026D70756C6,2026D,,SCHEDULED,60,1.0
2026-08-16T05:05:56Z,2026D70403C5,2026D,,SCHEDULED,0,0.0
2026-08-16T05:05:56Z,2026D22008C1,2026D,,SCHEDULED,0,0.0
2026-08-16T05:05:56Z,2026D22206C2,2026D,,SCHEDULED,360,6.0
2026-08-16T05:05:56Z,2026D70402C5,2026D,,SCHEDULED,60,1.0
2026-08-16T05:05:56Z,2026D70853C6,2026D,,SCHEDULED,120,2.0
2026-08-16T05:05:56Z,2026D70203C4,2026D,,SCHEDULED,60,1.0
2026-08-16T05:05:56Z,4126D84902C2,4126D,,SCHEDULED,0,0.0
2026-08-16T05:05:56Z,4126D84904C2,4126D,,SCHEDULED,1800,30.0
2026-08-16T05:05:56Z,4126D24702C1,4126D,,SCHEDULED,180,3.0
2026-08-16T05:05:56Z,4126D84903C2,4126D,,SCHEDULED,0,0.0
2026-08-16T05:05:56Z,4126D24703C1,4126D,,SCHEDULED,0,0.0
2026-08-16T05:05:56Z,7026D31505C1,7026D,,SCHEDULED,0,0.0
2026-08-16T05:05:56Z,1026D27410C4b,1026D,,SCHEDULED,0,0.0
2026-08-16T05:05:56Z,1026D27213C4a,1026D,,CANCELED,,
2026-08-16T05:05:56Z,1026D76378C5,1026D,,SCHEDULED,120,2.0
2026-08-16T05:05:56Z,1026D76697C5,1026D,,SCHEDULED,0,0.0
2026-08-16T05:05:56Z,1026D76699C5,1026D,,SCHEDULED,60,1.0
2026-08-16T05:05:56Z,1026D27211C4a,1026D,,SCHEDULED,300,5.0
2026-08-16T05:05:56Z,1026D79604C10,1026D,,SCHEDULED,660,11.0
2026-08-16T05:05:56Z,1026D79406C2,1026D,,SCHEDULED,840,14.0
2026-08-16T05:05:56Z,1026D79606C10,1026D,,SCHEDULED,180,3.0
2026-08-16T05:05:56Z,1026D79807C8a,1026D,,SCHEDULED,300,5.0
2026-08-16T05:05:56Z,1026D27412C4b,1026D,,SCHEDULED,0,0.0
2026-08-16T05:05:56Z,1026D79608C10,1026D,,SCHEDULED,0,0.0
2026-08-16T05:05:56Z,1026D27214C4a,1026D,,SCHEDULED,540,9.0
2026-08-16T05:05:56Z,1026D79231C7,1026D,,SCHEDULED,0,0.0
2026-08-16T05:05:56Z,1026D27220C4a,1026D,,SCHEDULED,0,0.0
2026-08-16T05:05:56Z,1026D27215C4a,1026D,,SCHEDULED,780,13.0
2026-08-16T05:05:56Z,1026D27413C4b,1026D,,SCHEDULED,120,2.0
2026-08-16T05:05:56Z,1026D27419C4b,1026D,,SCHEDULED,240,4.0
2026-08-16T05:05:56Z,1026D27421C4b,1026D,,SCHEDULED,0,0.0
2026-08-16T05:05:56Z,1026D79953C8b,1026D,,SCHEDULED,0,0.0
2026-08-16T05:05:56Z,1026D76370C5,1026D,,SCHEDULED,660,11.0
2026-08-16T05:05:56Z,1026D27218C4a,1026D,,SCHEDULED,0,0.0
2026-08-16T05:05:56Z,1026D79513C2,1026D,,SCHEDULED,480,8.0
2026-08-16T05:05:56Z,1026D76371C5,1026D,,SCHEDULED,420,7.0
2026-08-16T05:05:56Z,1026D76367C5,1026D,,SCHEDULED,180,3.0
2026-08-16T05:05:56Z,1026D76690C5,1026D,,SCHEDULED,0,0.0
2026-08-16T05:05:56Z,1026D19808C1,1026D,,SCHEDULED,60,1.0
2026-08-16T05:05:56Z,1026D79954C8b,1026D,,SCHEDULED,120,2.0
2026-08-16T05:05:56Z,1026D27219C4a,1026D,,SCHEDULED,0,0.0
2026-08-16T05:05:56Z,1026D76688C5,1026D,,SCHEDULED,0,0.0
2026-08-16T05:05:56Z,1026D76369C5,1026D,,SCHEDULED,60,1.0
2026-08-16T05:05:56Z,1026D27417C4b,1026D,,SCHEDULED,420,7.0
2026-08-16T05:05:56Z,1026D79517C2,1026D,,SCHEDULED,120,2.0
2026-08-16T05:05:56Z,1026D76372C5,1026D,,SCHEDULED,180,3.0
2026-08-16T05:05:56Z,1026D79956C8b,1026D,,SCHEDULED,0,0.0
2026-08-16T05:05:56Z,1026D76207C5,1026D,,SCHEDULED,60,1.0
2026-08-16T05:05:56Z,1026D76208C5,1026D,,SCHEDULED,0,0.0
2026-08-16T05:05:56Z,1026D27010C3,1026D,,SCHEDULED,0,0.0
2026-08-16T05:05:56Z,1026D76209C5,1026D,,SCHEDULED,0,0.0
2026-08-16T05:05:56Z,1026D76373C5,1026D,,SCHEDULED,0,0.0
2026-08-16T05:05:56Z,1026D19810C1,1026D,,SCHEDULED,0,0.0
2026-08-16T05:05:56Z,1026D76692C5,1026D,,SCHEDULED,0,0.0
2026-08-16T05:05:56Z,1026D79102C7,1026D,,SCHEDULED,3360,56.0
2026-08-16T05:05:56Z,1026D27011C3,1026D,,SCHEDULED,0,0.0
2026-08-16T05:05:56Z,1026D77000C5,1026D,,SCHEDULED,0,0.0
2026-08-16T05:05:56Z,1026D79223C7,1026D,,SCHEDULED,360,6.0
2026-08-16T05:05:56Z,1026D79222C7,1026D,,SCHEDULED,0,0.0
2026-08-16T05:05:56Z,1026D76374C5,1026D,,SCHEDULED,0,0.0
2026-08-16T05:05:56Z,1026D79104C7,1026D,,SCHEDULED,240,4.0
2026-08-16T05:05:56Z,1026D79225C7,1026D,,SCHEDULED,720,12.0
2026-08-16T05:05:56Z,1026D76694C5,1026D,,SCHEDULED,0,0.0
2026-08-16T05:05:56Z,1026D76375C5,1026D,,SCHEDULED,0,0.0
2026-08-16T05:05:56Z,1026D79103C7,1026D,,SCHEDULED,240,4.0
2026-08-16T05:05:56Z,1026D79106C7,1026D,,SCHEDULED,0,0.0
2026-08-16T05:05:56Z,1026D79226C7,1026D,,SCHEDULED,0,0.0
2026-08-16T05:05:56Z,1026D79521C2,1026D,,SCHEDULED,0,0.0
2026-08-16T05:05:56Z,1026D79105C7,1026D,,SCHEDULED,300,5.0
2026-08-16T05:05:56Z,1026D76695C5,1026D,,SCHEDULED,0,0.0
2026-08-16T05:05:56Z,1026D76376C5,1026D,,SCHEDULED,120,2.0
2026-08-16T05:05:56Z,1026D79702C10,1026D,,SCHEDULED,0,0.0
2026-08-16T05:05:56Z,1026D79107C7,1026D,,SCHEDULED,300,5.0
2026-08-16T05:05:56Z,1026D79704C10,1026D,,SCHEDULED,0,0.0
2026-08-16T05:05:56Z,1026D27212C4a,1026D,,SCHEDULED,0,0.0
2026-08-16T05:05:56Z,1026D27007C3,1026D,,SCHEDULED,60,1.0
2026-08-16T05:05:56Z,1026D27008C3,1026D,,SCHEDULED,780,13.0
2026-08-16T05:05:56Z,1026D19815C1,1026D,,SCHEDULED,0,0.0
2026-08-16T05:05:56Z,1026D27006C3,1026D,,SCHEDULED,0,0.0
2026-08-16T05:05:56Z,1026D19812C1,1026D,,SCHEDULED,0,0.0
2026-08-16T05:05:56Z,1026D79509C2,1026D,,SCHEDULED,300,5.0
2026-08-16T05:05:56Z,1026D76380C5,1026D,,SCHEDULED,0,0.0
2026-08-16T05:05:56Z,1026D27408C4b,1026D,,SCHEDULED,180,3.0
2026-08-16T05:05:56Z,1026D19813C1,1026D,,SCHEDULED,0,0.0
2026-08-16T05:05:56Z,1026D76382C5,1026D,,SCHEDULED,0,0.0
2026-08-16T05:05:56Z,1026D27009C3,1026D,,SCHEDULED,0,0.0
2026-08-16T05:05:56Z,1026D79210C7,1026D,,SCHEDULED,1440,24.0
2026-08-16T05:05:56Z,1026D27406C4b,1026D,,SCHEDULED,180,3.0
2026-08-16T05:05:56Z,1026D79410C2,1026D,,SCHEDULED,180,3.0
2026-08-16T05:05:56Z,1026D79214C7,1026D,,SCHEDULED,540,9.0
2026-08-16T05:05:56Z,1026D79810C8a,1026D,,SCHEDULED,420,7.0
2026-08-16T05:05:56Z,1026D27004C3,1026D,,SCHEDULED,360,6.0
2026-08-16T05:05:56Z,1026D79812C8a,1026D,,SCHEDULED,0,0.0
2026-08-16T05:05:56Z,1026D79415C2,1026D,,SCHEDULED,300,5.0
2026-08-16T05:05:56Z,1026D76701C5,1026D,,SCHEDULED,0,0.0
2026-08-16T05:05:56Z,1026D79419C2,1026D,,SCHEDULED,0,0.0
2026-08-16T05:05:56Z,1026D27414C4b,1026D,,SCHEDULED,0,0.0
2026-08-16T05:05:56Z,1026D27216C4a,1026D,,SCHEDULED,360,6.0
2026-08-16T05:05:56Z,1026D27217C4a,1026D,,SCHEDULED,120,2.0
2026-08-16T05:05:56Z,1026D27415C4b,1026D,,SCHEDULED,240,4.0
2026-08-16T05:11:04Z,3026D23507C1,3026D,,SCHEDULED,480,8.0
2026-08-16T05:11:04Z,3026D23506C1,3026D,,SCHEDULED,600,10.0
2026-08-16T05:11:04Z,3026D23703C5,3026D,,SCHEDULED,0,0.0
2026-08-16T05:11:04Z,3026D23605C4,3026D,,SCHEDULED,180,3.0
2026-08-16T05:11:04Z,3126D23423T1,3126D,,SCHEDULED,0,0.0
2026-08-16T05:11:04Z,3126D23205C1,3126D,,SCHEDULED,0,0.0
2026-08-16T05:11:04Z,3126D23424T1,3126D,,SCHEDULED,0,0.0
2026-08-16T05:11:04Z,3226D23307C1,3226D,,SCHEDULED,240,4.0
2026-08-16T05:11:04Z,3226D23150C2,3226D,,SCHEDULED,300,5.0
2026-08-16T05:11:04Z,3226D23306C1,3226D,,SCHEDULED,0,0.0
2026-08-16T05:11:04Z,3226D23304C1,3226D,,SCHEDULED,0,0.0
2026-08-16T05:11:04Z,4026D84008C2,4026D,,SCHEDULED,0,0.0
2026-08-16T05:11:04Z,4026D24303C6,4026D,,SCHEDULED,180,3.0
2026-08-16T05:11:04Z,4026D76656C3,4026D,,SCHEDULED,360,6.0
2026-08-16T05:11:04Z,4026D24205C1,4026D,,SCHEDULED,0,0.0
2026-08-16T05:11:04Z,4026D76602C3,4026D,,SCHEDULED,0,0.0
2026-08-16T05:11:04Z,4026D24306C6,4026D,,SCHEDULED,0,0.0
2026-08-16T05:11:04Z,4026D24003C2,4026D,,SCHEDULED,60,1.0
2026-08-16T05:11:04Z,5126D25601R1,5126D,,SCHEDULED,120,2.0
2026-08-16T05:11:04Z,5126D25406R2N,5126D,,SCHEDULED,0,0.0
2026-08-16T05:11:04Z,5126D25486R2S,5126D,,SCHEDULED,120,2.0
2026-08-16T05:11:04Z,5126D77314R3,5126D,,SCHEDULED,-60,-1.0
2026-08-16T05:11:04Z,5126D28410R2N,5126D,,SCHEDULED,0,0.0
2026-08-16T05:11:04Z,5126D25608R1,5126D,,SCHEDULED,120,2.0
2026-08-16T05:11:04Z,5126D25607R1,5126D,,SCHEDULED,60,1.0
2026-08-16T05:11:04Z,5126D25600R1,5126D,,SCHEDULED,300,5.0
2026-08-16T05:11:04Z,5126D25402R2N,5126D,,SCHEDULED,60,1.0
2026-08-16T05:11:04Z,5126D28408R2N,5126D,,SCHEDULED,-60,-1.0
2026-08-16T05:11:04Z,5126D25612R1,5126D,,SCHEDULED,120,2.0
2026-08-16T05:11:04Z,5126D77316R3,5126D,,SCHEDULED,120,2.0
2026-08-16T05:11:04Z,5126D28406R2N,5126D,,SCHEDULED,60,1.0
2026-08-16T05:11:04Z,5126D35523R3,5126D,,SCHEDULED,120,2.0
2026-08-16T05:11:04Z,5126D35518R3,5126D,,SCHEDULED,180,3.0
2026-08-16T05:11:04Z,5126D28268R2S,5126D,,SCHEDULED,540,9.0
2026-08-16T05:11:04Z,5126D28269R2S,5126D,,SCHEDULED,-120,-2.0
2026-08-16T05:11:04Z,5126D77400R4,5126D,,SCHEDULED,0,0.0
2026-08-16T05:11:04Z,5126D77404R4,5126D,,SCHEDULED,600,10.0
2026-08-16T05:11:04Z,5126D77408R4,5126D,,SCHEDULED,180,3.0
2026-08-16T05:11:04Z,5126D77500R4,5126D,,SCHEDULED,-60,-1.0
2026-08-16T05:11:04Z,5126D28267R2S,5126D,,SCHEDULED,180,3.0
2026-08-16T05:11:04Z,5126D25616R1,5126D,,SCHEDULED,-240,-4.0
2026-08-16T05:11:04Z,5126D77504R4,5126D,,SCHEDULED,600,10.0
2026-08-16T05:11:04Z,5126D18120R16,5126D,,SCHEDULED,300,5.0
2026-08-16T05:11:04Z,5126D18121R16,5126D,,SCHEDULED,-60,-1.0
2026-08-16T05:11:04Z,5126D77508R4,5126D,,SCHEDULED,-60,-1.0
2026-08-16T05:11:04Z,5126D25606R1,5126D,,SCHEDULED,60,1.0
2026-08-16T05:11:04Z,5126D25507R2S,5126D,,SCHEDULED,0,0.0
2026-08-16T05:11:04Z,5126D25501R2S,5126D,,SCHEDULED,480,8.0
2026-08-16T05:11:04Z,5126D25502R2S,5126D,,SCHEDULED,180,3.0
2026-08-16T05:11:04Z,5126D25504R2S,5126D,,SCHEDULED,0,0.0
2026-08-16T05:11:04Z,5126D77510R4,5126D,,SCHEDULED,360,6.0
2026-08-16T05:11:04Z,5126D77312R3,5126D,,SCHEDULED,420,7.0
2026-08-16T05:11:04Z,5126D78600R8,5126D,,SCHEDULED,60,1.0
2026-08-16T05:11:04Z,5126D77512R4,5126D,,SCHEDULED,0,0.0
2026-08-16T05:11:04Z,6026D26509C3,6026D,,SCHEDULED,180,3.0
2026-08-16T05:11:04Z,6026D26510C3,6026D,,SCHEDULED,0,0.0
2026-08-16T05:11:04Z,6026D29613C1,6026D,,SCHEDULED,0,0.0
2026-08-16T05:11:04Z,6026D29679C1,6026D,,SCHEDULED,120,2.0
2026-08-16T05:11:04Z,6026D26508C3,6026D,,SCHEDULED,120,2.0
2026-08-16T05:11:04Z,6026D29508C2,6026D,,SCHEDULED,0,0.0
2026-08-16T05:11:04Z,6026D26506C3,6026D,,SCHEDULED,60,1.0
2026-08-16T05:11:04Z,6026D29678C1,6026D,,SCHEDULED,0,0.0
2026-08-16T05:11:04Z,6026D71504C4,6026D,,SCHEDULED,0,0.0
2026-08-16T05:11:04Z,6026D26507C3,6026D,,SCHEDULED,-60,-1.0
2026-08-16T05:11:04Z,6026D29509C2,6026D,,SCHEDULED,60,1.0
2026-08-16T05:11:04Z,6026D26505C3,6026D,,SCHEDULED,120,2.0
2026-08-16T05:11:04Z,6026D29610C1,6026D,,SCHEDULED,120,2.0
2026-08-16T05:11:04Z,6026D71507C4,6026D,,SCHEDULED,0,0.0
2026-08-16T05:11:04Z,6126D32702C1,6126D,,SCHEDULED,60,1.0
2026-08-16T05:11:04Z,6126D32703C1,6126D,,SCHEDULED,-60,-1.0
2026-08-16T05:11:04Z,6126D81701C1,6126D,,SCHEDULED,0,0.0
2026-08-16T05:11:04Z,6126D81704C1,6126D,,SCHEDULED,0,0.0
2026-08-16T05:11:04Z,6126D32700C1,6126D,,SCHEDULED,300,5.0
2026-08-16T05:11:04Z,6126D32771C1,6126D,,SCHEDULED,600,10.0
2026-08-16T05:11:04Z,6126D32701C1,6126D,,SCHEDULED,300,5.0
2026-08-16T05:11:04Z,6226D71353C3,6226D,,SCHEDULED,0,0.0
2026-08-16T05:11:04Z,6226D71154C2,6226D,,SCHEDULED,360,6.0
2026-08-16T05:11:04Z,6226D71193C2,6226D,,SCHEDULED,0,0.0
2026-08-16T05:11:04Z,4726D71080C1,4726D,,SCHEDULED,480,8.0
2026-08-16T05:11:04Z,2026D70251C4,2026D,,SCHEDULED,60,1.0
2026-08-16T05:11:04Z,2026D70250C4,2026D,,SCHEDULED,300,5.0
2026-08-16T05:11:04Z,2026D22311C3,2026D,,SCHEDULED,0,0.0
2026-08-16T05:11:04Z,2026D22003C1,2026D,,SCHEDULED,1020,17.0
2026-08-16T05:11:04Z,2026D22004C1,2026D,,SCHEDULED,0,0.0
2026-08-16T05:11:04Z,2026D70505C7,2026D,,SCHEDULED,60,1.0
2026-08-16T05:11:04Z,2026D70757C6,2026D,,SCHEDULED,0,0.0
2026-08-16T05:11:04Z,2026D70803C6,2026D,,SCHEDULED,60,1.0
2026-08-16T05:11:04Z,2026D22105C1,2026D,,SCHEDULED,360,6.0
2026-08-16T05:11:04Z,2026D70904C8,2026D,,SCHEDULED,0,0.0
2026-08-16T05:11:04Z,2026D70901C8,2026D,,SCHEDULED,0,0.0
2026-08-16T05:11:04Z,2026D70404C5,2026D,,CANCELED,,
2026-08-16T05:11:04Z,2026D70855C6,2026D,,SCHEDULED,0,0.0
2026-08-16T05:11:04Z,2026D70800C6,2026D,,SCHEDULED,0,0.0
2026-08-16T05:11:04Z,2026D70206C4,2026D,,SCHEDULED,0,0.0
2026-08-16T05:11:04Z,2026D70756C6,2026D,,SCHEDULED,120,2.0
2026-08-16T05:11:04Z,2026D22008C1,2026D,,SCHEDULED,0,0.0
2026-08-16T05:11:04Z,2026D70853C6,2026D,,SCHEDULED,0,0.0
2026-08-16T05:11:04Z,2026D22206C2,2026D,,SCHEDULED,660,11.0
2026-08-16T05:11:04Z,2026D70203C4,2026D,,SCHEDULED,360,6.0
2026-08-16T05:11:04Z,4126D24702C1,4126D,,SCHEDULED,180,3.0
2026-08-16T05:11:04Z,4126D84902C2,4126D,,SCHEDULED,0,0.0
2026-08-16T05:11:04Z,4126D24703C1,4126D,,SCHEDULED,0,0.0
2026-08-16T05:11:04Z,4126D84903C2,4126D,,SCHEDULED,0,0.0
2026-08-16T05:11:04Z,4526D71703C1,4526D,,SCHEDULED,0,0.0
2026-08-16T05:11:04Z,7026D31505C1,7026D,,SCHEDULED,-60,-1.0
2026-08-16T05:16:04Z,3026D23507C1,3026D,,SCHEDULED,480,8.0
2026-08-16T05:16:04Z,3026D23607C4,3026D,,SCHEDULED,0,0.0
2026-08-16T05:16:04Z,3026D23605C4,3026D,,SCHEDULED,-60,-1.0
2026-08-16T05:16:04Z,3026D23506C1,3026D,,SCHEDULED,360,6.0
2026-08-16T05:16:04Z,3026D23513C1,3026D,,SCHEDULED,0,0.0
2026-08-16T05:16:04Z,3026D23703C5,3026D,,SCHEDULED,-60,-1.0
2026-08-16T05:16:04Z,3126D23423T1,3126D,,SCHEDULED,0,0.0
2026-08-16T05:16:04Z,3126D23205C1,3126D,,SCHEDULED,60,1.0
2026-08-16T05:16:04Z,3126D23424T1,3126D,,SCHEDULED,0,0.0
2026-08-16T05:16:04Z,3226D23311C1,3226D,,SCHEDULED,0,0.0
2026-08-16T05:16:04Z,3226D23304C1,3226D,,SCHEDULED,60,1.0
2026-08-16T05:16:04Z,3226D23307C1,3226D,,SCHEDULED,120,2.0
2026-08-16T05:16:04Z,3226D23306C1,3226D,,SCHEDULED,0,0.0
2026-08-16T05:16:04Z,4026D84008C2,4026D,,SCHEDULED,0,0.0
2026-08-16T05:16:04Z,4026D24303C6,4026D,,SCHEDULED,300,5.0
2026-08-16T05:16:04Z,4026D24007C2,4026D,,SCHEDULED,180,3.0
2026-08-16T05:16:04Z,4026D24205C1,4026D,,SCHEDULED,0,0.0
2026-08-16T05:16:04Z,4026D24011C2,4026D,,SCHEDULED,0,0.0
2026-08-16T05:16:04Z,4026D24306C6,4026D,,SCHEDULED,0,0.0
2026-08-16T05:16:04Z,4026D76602C3,4026D,,SCHEDULED,-120,-2.0
2026-08-16T05:16:04Z,4026D24003C2,4026D,,SCHEDULED,-420,-7.0
2026-08-16T05:16:04Z,4026D24204C1,4026D,,SCHEDULED,-120,-2.0
2026-08-16T05:16:04Z,5126D15000R15,5126D,,SCHEDULED,480,8.0
2026-08-16T05:16:04Z,5126D25600R1,5126D,,SCHEDULED,360,6.0
2026-08-16T05:16:04Z,5126D25402R2N,5126D,,SCHEDULED,0,0.0
2026-08-16T05:16:04Z,5126D28268R2S,5126D,,SCHEDULED,480,8.0
2026-08-16T05:16:04Z,5126D25404R2N,5126D,,SCHEDULED,60,1.0
2026-08-16T05:16:04Z,5126D28269R2S,5126D,,SCHEDULED,60,1.0
2026-08-16T05:16:04Z,5126D25601R1,5126D,,SCHEDULED,0,0.0
2026-08-16T05:16:04Z,5126D25406R2N,5126D,,SCHEDULED,0,0.0
2026-08-16T05:16:04Z,5126D25603R1,5126D,,SCHEDULED,180,3.0
2026-08-16T05:16:04Z,5126D77500R4,5126D,,SCHEDULED,-120,-2.0
2026-08-16T05:16:04Z,5126D25486R2S,5126D,,SCHEDULED,180,3.0
2026-08-16T05:16:04Z,5126D28267R2S,5126D,,SCHEDULED,60,1.0
2026-08-16T05:16:04Z,5126D25562R2S,5126D,,SCHEDULED,180,3.0
2026-08-16T05:16:04Z,5126D77504R4,5126D,,SCHEDULED,540,9.0
2026-08-16T05:16:04Z,5126D28271R2S,5126D,,SCHEDULED,0,0.0
2026-08-16T05:16:04Z,5126D77508R4,5126D,,SCHEDULED,-120,-2.0
2026-08-16T05:16:04Z,5126D15041R13,5126D,,SCHEDULED,0,0.0
2026-08-16T05:16:04Z,5126D25608R1,5126D,,SCHEDULED,0,0.0
2026-08-16T05:16:04Z,5126D25607R1,5126D,,SCHEDULED,-120,-2.0
2026-08-16T05:16:04Z,5126D18120R16,5126D,,SCHEDULED,300,5.0
2026-08-16T05:16:04Z,5126D25507R2S,5126D,,SCHEDULED,0,0.0
2026-08-16T05:16:04Z,5126D18121R16,5126D,,SCHEDULED,60,1.0
2026-08-16T05:16:04Z,5126D25503R2S,5126D,,SCHEDULED,480,8.0
2026-08-16T05:16:04Z,5126D18123R16,5126D,,SCHEDULED,0,0.0
2026-08-16T05:16:04Z,5126D28408R2N,5126D,,SCHEDULED,60,1.0
2026-08-16T05:16:04Z,5126D25612R1,5126D,,SCHEDULED,60,1.0
2026-08-16T05:16:04Z,5126D25504R2S,5126D,,SCHEDULED,0,0.0
2026-08-16T05:16:04Z,5126D28406R2N,5126D,,SCHEDULED,0,0.0
2026-08-16T05:16:04Z,5126D35523R3,5126D,,SCHEDULED,300,5.0
2026-08-16T05:16:04Z,5126D77400R4,5126D,,SCHEDULED,180,3.0
2026-08-16T05:16:04Z,5126D77510R4,5126D,,SCHEDULED,420,7.0
2026-08-16T05:16:04Z,5126D77404R4,5126D,,SCHEDULED,600,10.0
2026-08-16T05:16:04Z,5126D77408R4,5126D,,SCHEDULED,300,5.0
2026-08-16T05:16:04Z,5126D77512R4,5126D,,SCHEDULED,-60,-1.0
2026-08-16T05:16:04Z,5126D77314R3,5126D,,SCHEDULED,180,3.0
2026-08-16T05:16:04Z,5126D28410R2N,5126D,,SCHEDULED,60,1.0
2026-08-16T05:16:04Z,5126D77316R3,5126D,,SCHEDULED,180,3.0
2026-08-16T05:16:04Z,6026D29678C1,6026D,,SCHEDULED,0,0.0
2026-08-16T05:16:04Z,6026D29509C2,6026D,,SCHEDULED,60,1.0
2026-08-16T05:16:04Z,6026D29508C2,6026D,,SCHEDULED,0,0.0
2026-08-16T05:16:04Z,6026D26506C3,6026D,,SCHEDULED,120,2.0
2026-08-16T05:16:04Z,6026D26505C3,6026D,,SCHEDULED,120,2.0
2026-08-16T05:16:04Z,6026D29610C1,6026D,,SCHEDULED,120,2.0
2026-08-16T05:16:04Z,6026D71507C4,6026D,,SCHEDULED,60,1.0
2026-08-16T05:16:04Z,6026D26511C3,6026D,,SCHEDULED,0,0.0
2026-08-16T05:16:04Z,6026D26510C3,6026D,,SCHEDULED,0,0.0
2026-08-16T05:16:04Z,6026D29613C1,6026D,,SCHEDULED,0,0.0
2026-08-16T05:16:04Z,6026D29679C1,6026D,,SCHEDULED,120,2.0
2026-08-16T05:16:04Z,6026D26508C3,6026D,,SCHEDULED,180,3.0
2026-08-16T05:16:04Z,6026D71504C4,6026D,,SCHEDULED,60,1.0
2026-08-16T05:16:04Z,6026D26507C3,6026D,,SCHEDULED,0,0.0
2026-08-16T05:16:04Z,6026D26509C3,6026D,,SCHEDULED,60,1.0
2026-08-16T05:16:04Z,6126D32703C1,6126D,,SCHEDULED,0,0.0
2026-08-16T05:16:04Z,6126D32700C1,6126D,,SCHEDULED,240,4.0
2026-08-16T05:16:04Z,6126D32701C1,6126D,,SCHEDULED,240,4.0
2026-08-16T05:16:04Z,6126D32702C1,6126D,,SCHEDULED,240,4.0
2026-08-16T05:16:04Z,6126D81701C1,6126D,,SCHEDULED,0,0.0
2026-08-16T05:16:04Z,6126D32771C1,6126D,,SCHEDULED,660,11.0
2026-08-16T05:16:04Z,6226D71353C3,6226D,,SCHEDULED,60,1.0
2026-08-16T05:16:04Z,6226D71193C2,6226D,,SCHEDULED,0,0.0
2026-08-16T05:16:04Z,6226D71154C2,6226D,,SCHEDULED,240,4.0
2026-08-16T05:16:04Z,4726D71080C1,4726D,,SCHEDULED,600,10.0
2026-08-16T05:16:04Z,2026D70855C6,2026D,,SCHEDULED,0,0.0
2026-08-16T05:16:04Z,2026D70800C6,2026D,,SCHEDULED,0,0.0
2026-08-16T05:16:04Z,2026D70206C4,2026D,,SCHEDULED,0,0.0
2026-08-16T05:16:04Z,2026D70251C4,2026D,,SCHEDULED,60,1.0
2026-08-16T05:16:04Z,2026D70756C6,2026D,,SCHEDULED,420,7.0
2026-08-16T05:16:04Z,2026D70850C6,2026D,,SCHEDULED,0,0.0
2026-08-16T05:16:04Z,2026D70250C4,2026D,,SCHEDULED,600,10.0
2026-08-16T05:16:04Z,2026D22008C1,2026D,,SCHEDULED,0,0.0
2026-08-16T05:16:04Z,2026D70853C6,2026D,,SCHEDULED,120,2.0
2026-08-16T05:16:04Z,2026D22311C3,2026D,,SCHEDULED,-60,-1.0
2026-08-16T05:16:04Z,2026D22206C2,2026D,,SCHEDULED,960,16.0
2026-08-16T05:16:04Z,2026D22003C1,2026D,,SCHEDULED,120,2.0
2026-08-16T05:16:04Z,2026D70402C5,2026D,,SCHEDULED,0,0.0
2026-08-16T05:16:04Z,2026D70203C4,2026D,,SCHEDULED,0,0.0
2026-08-16T05:16:04Z,2026D22004C1,2026D,,SCHEDULED,0,0.0
2026-08-16T05:16:04Z,2026D70404C5,2026D,,CANCELED,,
2026-08-16T05:16:04Z,2026D70904C8,2026D,,SCHEDULED,0,0.0
2026-08-16T05:16:04Z,2026D70901C8,2026D,,SCHEDULED,120,2.0
2026-08-16T05:16:04Z,2026D22105C1,2026D,,SCHEDULED,120,2.0
2026-08-16T05:16:04Z,2026D70505C7,2026D,,SCHEDULED,180,3.0
2026-08-16T05:16:04Z,2026D70757C6,2026D,,SCHEDULED,0,0.0
2026-08-16T05:16:04Z,2026D70506C7,2026D,,SCHEDULED,0,0.0
2026-08-16T05:16:04Z,4126D24702C1,4126D,,SCHEDULED,0,0.0
2026-08-16T05:16:04Z,4126D84902C2,4126D,,SCHEDULED,0,0.0
2026-08-16T05:16:04Z,4126D24703C1,4126D,,SCHEDULED,180,3.0
2026-08-16T05:16:04Z,4126D84903C2,4126D,,SCHEDULED,0,0.0
2026-08-16T05:16:04Z,4526D71703C1,4526D,,SCHEDULED,0,0.0
2026-08-16T05:16:04Z,7026D31505C1,7026D,,SCHEDULED,240,4.0
2026-08-16T05:16:04Z,1026D27220C4a,1026D,,SCHEDULED,0,0.0
2026-08-16T05:16:04Z,1026D79235C7,1026D,,SCHEDULED,0,0.0
2026-08-16T05:16:04Z,1026D27421C4b,1026D,,SCHEDULED,0,0.0
2026-08-16T05:16:04Z,1026D79953C8b,1026D,,CANCELED,,
2026-08-16T05:16:04Z,1026D79513C2,1026D,,SCHEDULED,300,5.0
2026-08-16T05:16:04Z,1026D19808C1,1026D,,SCHEDULED,60,1.0
2026-08-16T05:16:04Z,1026D27221C4a,1026D,,SCHEDULED,0,0.0
2026-08-16T05:16:04Z,1026D79954C8b,1026D,,SCHEDULED,180,3.0
2026-08-16T05:16:04Z,1026D76369C5,1026D,,SCHEDULED,120,2.0
2026-08-16T05:16:04Z,1026D79517C2,1026D,,SCHEDULED,60,1.0
2026-08-16T05:16:04Z,1026D79956C8b,1026D,,SCHEDULED,0,0.0
2026-08-16T05:16:04Z,1026D76208C5,1026D,,SCHEDULED,0,0.0
2026-08-16T05:16:04Z,1026D27410C4b,1026D,,SCHEDULED,0,0.0
2026-08-16T05:16:04Z,1026D27213C4a,1026D,,CANCELED,,
2026-08-16T05:16:04Z,1026D76378C5,1026D,,SCHEDULED,180,3.0
2026-08-16T05:16:04Z,1026D76697C5,1026D,,SCHEDULED,60,1.0
2026-08-16T05:16:04Z,1026D76699C5,1026D,,SCHEDULED,60,1.0
2026-08-16T05:16:04Z,1026D79604C10,1026D,,SCHEDULED,1320,22.0
2026-08-16T05:16:04Z,1026D79606C10,1026D,,SCHEDULED,420,7.0
2026-08-16T05:16:04Z,1026D79807C8a,1026D,,SCHEDULED,60,1.0
2026-08-16T05:16:04Z,1026D79608C10,1026D,,SCHEDULED,60,1.0
2026-08-16T05:16:04Z,1026D79809C8a,1026D,,SCHEDULED,0,0.0
2026-08-16T05:16:04Z,1026D79230C7,1026D,,SCHEDULED,0,0.0
2026-08-16T05:16:04Z,1026D79231C7,1026D,,SCHEDULED,0,0.0
2026-08-16T05:16:04Z,1026D79106C7,1026D,,SCHEDULED,60,1.0
2026-08-16T05:16:04Z,1026D79226C7,1026D,,SCHEDULED,0,0.0
2026-08-16T05:16:04Z,1026D79105C7,1026D,,SCHEDULED,660,11.0
2026-08-16T05:16:04Z,1026D79108C7,1026D,,SCHEDULED,180,3.0
2026-08-16T05:16:04Z,1026D79702C10,1026D,,SCHEDULED,0,0.0
2026-08-16T05:16:04Z,1026D79107C7,1026D,,SCHEDULED,900,15.0
2026-08-16T05:16:04Z,1026D79704C10,1026D,,SCHEDULED,600,10.0
2026-08-16T05:16:04Z,1026D19815C1,1026D,,SCHEDULED,0,0.0
2026-08-16T05:16:04Z,1026D19817C1,1026D,,SCHEDULED,0,0.0
2026-08-16T05:16:04Z,1026D19812C1,1026D,,SCHEDULED,0,0.0
2026-08-16T05:16:04Z,1026D79509C2,1026D,,SCHEDULED,900,15.0
2026-08-16T05:16:04Z,1026D19813C1,1026D,,SCHEDULED,60,1.0
2026-08-16T05:16:04Z,1026D76209C5,1026D,,SCHEDULED,0,0.0
2026-08-16T05:16:04Z,1026D19810C1,1026D,,SCHEDULED,240,4.0
2026-08-16T05:16:04Z,1026D79221C7,1026D,,SCHEDULED,180,3.0
2026-08-16T05:16:04Z,1026D79102C7,1026D,,SCHEDULED,3960,66.0
2026-08-16T05:16:04Z,1026D77000C5,1026D,,SCHEDULED,0,0.0
2026-08-16T05:16:04Z,1026D79223C7,1026D,,SCHEDULED,120,2.0
2026-08-16T05:16:04Z,1026D77001C5,1026D,,SCHEDULED,0,0.0
2026-08-16T05:16:04Z,1026D79222C7,1026D,,SCHEDULED,60,1.0
2026-08-16T05:16:04Z,1026D77002C5,1026D,,SCHEDULED,0,0.0
2026-08-16T05:16:04Z,1026D79104C7,1026D,,SCHEDULED,0,0.0
2026-08-16T05:16:04Z,1026D79225C7,1026D,,SCHEDULED,120,2.0
2026-08-16T05:16:04Z,1026D79103C7,1026D,,SCHEDULED,3420,57.0
2026-08-16T05:16:04Z,1026D27216C4a,1026D,,SCHEDULED,0,0.0
2026-08-16T05:16:04Z,1026D27217C4a,1026D,,SCHEDULED,240,4.0
2026-08-16T05:16:04Z,1026D27415C4b,1026D,,SCHEDULED,420,7.0
2026-08-16T05:16:04Z,1026D27412C4b,1026D,,SCHEDULED,600,10.0
2026-08-16T05:16:04Z,1026D27214C4a,1026D,,SCHEDULED,600,10.0
2026-08-16T05:16:04Z,1026D27215C4a,1026D,,SCHEDULED,840,14.0
2026-08-16T05:16:04Z,1026D27413C4b,1026D,,SCHEDULED,180,3.0
2026-08-16T05:16:04Z,1026D27419C4b,1026D,,SCHEDULED,840,14.0
2026-08-16T05:16:04Z,1026D76370C5,1026D,,SCHEDULED,1260,21.0
2026-08-16T05:16:04Z,1026D27218C4a,1026D,,SCHEDULED,60,1.0
2026-08-16T05:16:04Z,1026D76371C5,1026D,,SCHEDULED,0,0.0
2026-08-16T05:16:04Z,1026D76690C5,1026D,,SCHEDULED,0,0.0
2026-08-16T05:16:04Z,1026D27219C4a,1026D,,SCHEDULED,120,2.0
2026-08-16T05:16:04Z,1026D27417C4b,1026D,,SCHEDULED,480,8.0
2026-08-16T05:16:04Z,1026D27010C3,1026D,,SCHEDULED,0,0.0
2026-08-16T05:16:04Z,1026D76373C5,1026D,,SCHEDULED,420,7.0
2026-08-16T05:16:04Z,1026D76692C5,1026D,,SCHEDULED,60,1.0
2026-08-16T05:16:04Z,1026D27011C3,1026D,,SCHEDULED,0,0.0
2026-08-16T05:16:04Z,1026D76374C5,1026D,,SCHEDULED,240,4.0
2026-08-16T05:16:04Z,1026D76694C5,1026D,,SCHEDULED,0,0.0
2026-08-16T05:16:04Z,1026D76375C5,1026D,,SCHEDULED,0,0.0
2026-08-16T05:16:04Z,1026D79521C2,1026D,,SCHEDULED,120,2.0
2026-08-16T05:16:04Z,1026D76376C5,1026D,,SCHEDULED,120,2.0
2026-08-16T05:16:04Z,1026D76377C5,1026D,,SCHEDULED,0,0.0
2026-08-16T05:16:04Z,1026D27007C3,1026D,,SCHEDULED,0,0.0
2026-08-16T05:16:04Z,1026D27008C3,1026D,,SCHEDULED,0,0.0
2026-08-16T05:16:04Z,1026D27005C3,1026D,,SCHEDULED,180,3.0
2026-08-16T05:16:04Z,1026D27006C3,1026D,,SCHEDULED,0,0.0
2026-08-16T05:16:04Z,1026D76380C5,1026D,,SCHEDULED,120,2.0
2026-08-16T05:16:04Z,1026D27408C4b,1026D,,SCHEDULED,0,0.0
2026-08-16T05:16:04Z,1026D76382C5,1026D,,SCHEDULED,0,0.0
2026-08-16T05:16:04Z,1026D27009C3,1026D,,SCHEDULED,300,5.0
2026-08-16T05:16:04Z,1026D79210C7,1026D,,SCHEDULED,1860,31.0
2026-08-16T05:16:04Z,1026D27406C4b,1026D,,SCHEDULED,60,1.0
2026-08-16T05:16:04Z,1026D76384C5,1026D,,SCHEDULED,0,0.0
2026-08-16T05:16:04Z,1026D79410C2,1026D,,SCHEDULED,360,6.0
2026-08-16T05:16:04Z,1026D79610C10,1026D,,SCHEDULED,0,0.0
2026-08-16T05:16:04Z,1026D79214C7,1026D,,SCHEDULED,540,9.0
2026-08-16T05:16:04Z,1026D79810C8a,1026D,,SCHEDULED,240,4.0
2026-08-16T05:16:04Z,1026D79812C8a,1026D,,SCHEDULED,300,5.0
2026-08-16T05:16:04Z,1026D79218C7,1026D,,SCHEDULED,180,3.0
2026-08-16T05:16:04Z,1026D79415C2,1026D,,SCHEDULED,120,2.0
2026-08-16T05:16:04Z,1026D76701C5,1026D,,SCHEDULED,180,3.0
2026-08-16T05:16:04Z,1026D76703C5,1026D,,SCHEDULED,0,0.0
2026-08-16T05:16:04Z,1026D79419C2,1026D,,SCHEDULED,0,0.0
2026-08-16T05:16:04Z,1026D27414C4b,1026D,,SCHEDULED,0,0.0
2026-08-16T05:21:05Z,3026D23513C1,3026D,,SCHEDULED,0,0.0
2026-08-16T05:21:05Z,3026D23506C1,3026D,,SCHEDULED,480,8.0
2026-08-16T05:21:05Z,3026D23507C1,3026D,,SCHEDULED,360,6.0
2026-08-16T05:21:05Z,3026D23607C4,3026D,,SCHEDULED,0,0.0
2026-08-16T05:21:05Z,3026D23703C5,3026D,,SCHEDULED,0,0.0
2026-08-16T05:21:05Z,3126D23204C1,3126D,,SCHEDULED,0,0.0
2026-08-16T05:21:05Z,3126D23423T1,3126D,,SCHEDULED,0,0.0
2026-08-16T05:21:05Z,3126D23205C1,3126D,,SCHEDULED,0,0.0
2026-08-16T05:21:05Z,3126D23424T1,3126D,,SCHEDULED,0,0.0
2026-08-16T05:21:05Z,3226D23311C1,3226D,,SCHEDULED,60,1.0
2026-08-16T05:21:05Z,3226D23304C1,3226D,,SCHEDULED,60,1.0
2026-08-16T05:21:05Z,3226D23306C1,3226D,,SCHEDULED,0,0.0
2026-08-16T05:21:05Z,4026D84008C2,4026D,,SCHEDULED,0,0.0
2026-08-16T05:21:05Z,4026D24011C2,4026D,,SCHEDULED,0,0.0
2026-08-16T05:21:05Z,4026D76602C3,4026D,,SCHEDULED,-60,-1.0
2026-08-16T05:21:05Z,4026D76656C3,4026D,,SCHEDULED,0,0.0
2026-08-16T05:21:05Z,4026D24303C6,4026D,,SCHEDULED,300,5.0
2026-08-16T05:21:05Z,4026D24007C2,4026D,,SCHEDULED,180,3.0
2026-08-16T05:21:05Z,4026D24205C1,4026D,,SCHEDULED,-60,-1.0
2026-08-16T05:21:05Z,4026D24306C6,4026D,,SCHEDULED,0,0.0
2026-08-16T05:21:05Z,4026D24003C2,4026D,,SCHEDULED,-360,-6.0
2026-08-16T05:21:05Z,4026D24302C6,4026D,,SCHEDULED,-120,-2.0
2026-08-16T05:21:05Z,4026D24204C1,4026D,,SCHEDULED,0,0.0
2026-08-16T05:21:05Z,5126D15000R15,5126D,,SCHEDULED,480,8.0
2026-08-16T05:21:05Z,5126D25600R1,5126D,,SCHEDULED,240,4.0
2026-08-16T05:21:05Z,5126D25402R2N,5126D,,SCHEDULED,-120,-2.0
2026-08-16T05:21:05Z,5126D25404R2N,5126D,,SCHEDULED,60,1.0
2026-08-16T05:21:05Z,5126D25601R1,5126D,,SCHEDULED,60,1.0
2026-08-16T05:21:05Z,5126D25406R2N,5126D,,SCHEDULED,-60,-1.0
2026-08-16T05:21:05Z,5126D25603R1,5126D,,SCHEDULED,60,1.0
2026-08-16T05:21:05Z,5126D25486R2S,5126D,,SCHEDULED,240,4.0
2026-08-16T05:21:05Z,5126D25562R2S,5126D,,SCHEDULED,240,4.0
2026-08-16T05:21:05Z,5126D28271R2S,5126D,,SCHEDULED,0,0.0
2026-08-16T05:21:05Z,5126D28408R2N,5126D,,SCHEDULED,120,2.0
2026-08-16T05:21:05Z,5126D25612R1,5126D,,SCHEDULED,0,0.0
2026-08-16T05:21:05Z,5126D28406R2N,5126D,,SCHEDULED,120,2.0
2026-08-16T05:21:05Z,5126D35523R3,5126D,,SCHEDULED,120,2.0
2026-08-16T05:21:05Z,5126D77400R4,5126D,,SCHEDULED,0,0.0
2026-08-16T05:21:05Z,5126D77404R4,5126D,,SCHEDULED,540,9.0
2026-08-16T05:21:05Z,5126D77408R4,5126D,,SCHEDULED,240,4.0
2026-08-16T05:21:05Z,5126D30531R15,5126D,,SCHEDULED,120,2.0
2026-08-16T05:21:05Z,5126D28268R2S,5126D,,SCHEDULED,600,10.0
2026-08-16T05:21:05Z,5126D28269R2S,5126D,,SCHEDULED,0,0.0
2026-08-16T05:21:05Z,5126D18120R16,5126D,,SCHEDULED,360,6.0
2026-08-16T05:21:05Z,5126D18121R16,5126D,,SCHEDULED,60,1.0
2026-08-16T05:21:05Z,5126D77500R4,5126D,,SCHEDULED,60,1.0
2026-08-16T05:21:05Z,5126D18123R16,5126D,,SCHEDULED,0,0.0
2026-08-16T05:21:05Z,5126D25611R1,5126D,,SCHEDULED,60,1.0
2026-08-16T05:21:05Z,5126D78634R8,5126D,,SCHEDULED,0,0.0
2026-08-16T05:21:05Z,5126D28267R2S,5126D,,SCHEDULED,120,2.0
2026-08-16T05:21:05Z,5126D25507R2S,5126D,,SCHEDULED,0,0.0
2026-08-16T05:21:05Z,5126D77504R4,5126D,,SCHEDULED,540,9.0
2026-08-16T05:21:05Z,5126D77508R4,5126D,,SCHEDULED,0,0.0
2026-08-16T05:21:05Z,5126D25503R2S,5126D,,SCHEDULED,480,8.0
2026-08-16T05:21:05Z,5126D25502R2S,5126D,,SCHEDULED,0,0.0
2026-08-16T05:21:05Z,5126D15041R13,5126D,,SCHEDULED,300,5.0
2026-08-16T05:21:05Z,5126D25608R1,5126D,,SCHEDULED,60,1.0
2026-08-16T05:21:05Z,5126D25607R1,5126D,,SCHEDULED,60,1.0
2026-08-16T05:21:05Z,5126D25505R2S,5126D,,SCHEDULED,0,0.0
2026-08-16T05:21:05Z,5126D25504R2S,5126D,,SCHEDULED,180,3.0
2026-08-16T05:21:05Z,5126D77510R4,5126D,,SCHEDULED,360,6.0
2026-08-16T05:21:05Z,5126D77512R4,5126D,,SCHEDULED,-60,-1.0
2026-08-16T05:21:05Z,5126D77314R3,5126D,,SCHEDULED,180,3.0
2026-08-16T05:21:05Z,5126D28410R2N,5126D,,SCHEDULED,60,1.0
2026-08-16T05:21:05Z,5126D77316R3,5126D,,SCHEDULED,180,3.0
2026-08-16T05:21:05Z,6026D29509C2,6026D,,SCHEDULED,120,2.0
2026-08-16T05:21:05Z,6026D29508C2,6026D,,SCHEDULED,0,0.0
2026-08-16T05:21:05Z,6026D29679C1,6026D,,SCHEDULED,120,2.0
2026-08-16T05:21:05Z,6026D29678C1,6026D,,SCHEDULED,0,0.0
2026-08-16T05:21:05Z,6026D71507C4,6026D,,SCHEDULED,60,1.0
2026-08-16T05:21:05Z,6026D26506C3,6026D,,SCHEDULED,120,2.0
2026-08-16T05:21:05Z,6026D29511C2,6026D,,SCHEDULED,0,0.0
2026-08-16T05:21:05Z,6026D26509C3,6026D,,SCHEDULED,120,2.0
2026-08-16T05:21:05Z,6026D26511C3,6026D,,SCHEDULED,0,0.0
2026-08-16T05:21:05Z,6026D29613C1,6026D,,SCHEDULED,120,2.0
2026-08-16T05:21:05Z,6026D26508C3,6026D,,SCHEDULED,120,2.0
2026-08-16T05:21:05Z,6026D71504C4,6026D,,SCHEDULED,-60,-1.0
2026-08-16T05:21:05Z,6026D26507C3,6026D,,SCHEDULED,0,0.0
2026-08-16T05:21:05Z,6126D32702C1,6126D,,SCHEDULED,420,7.0
2026-08-16T05:21:05Z,6126D32703C1,6126D,,SCHEDULED,60,1.0
2026-08-16T05:21:05Z,6126D81701C1,6126D,,SCHEDULED,0,0.0
2026-08-16T05:21:05Z,6126D32771C1,6126D,,SCHEDULED,600,10.0
2026-08-16T05:21:05Z,6226D71154C2,6226D,,SCHEDULED,120,2.0
2026-08-16T05:21:05Z,6226D71353C3,6226D,,SCHEDULED,0,0.0
2026-08-16T05:21:05Z,6226D71193C2,6226D,,SCHEDULED,-60,-1.0
2026-08-16T05:21:05Z,6226D35917C1,6226D,,SCHEDULED,-180,-3.0
2026-08-16T05:21:05Z,4726D71080C1,4726D,,SCHEDULED,540,9.0
2026-08-16T05:21:05Z,2026D70855C6,2026D,,SCHEDULED,0,0.0
2026-08-16T05:21:05Z,2026D70800C6,2026D,,SCHEDULED,0,0.0
2026-08-16T05:21:05Z,2026D70206C4,2026D,,SCHEDULED,0,0.0
2026-08-16T05:21:05Z,2026D22003C1,2026D,,SCHEDULED,120,2.0
2026-08-16T05:21:05Z,2026D70756C6,2026D,,SCHEDULED,720,12.0
2026-08-16T05:21:05Z,2026D70850C6,2026D,,SCHEDULED,0,0.0
2026-08-16T05:21:05Z,2026D22004C1,2026D,,SCHEDULED,60,1.0
2026-08-16T05:21:05Z,2026D22008C1,2026D,,SCHEDULED,120,2.0
2026-08-16T05:21:05Z,2026D70853C6,2026D,,SCHEDULED,60,1.0
2026-08-16T05:21:05Z,2026D70402C5,2026D,,SCHEDULED,60,1.0
2026-08-16T05:21:05Z,2026D70203C4,2026D,,SCHEDULED,60,1.0
2026-08-16T05:21:05Z,2026D22007C1,2026D,,SCHEDULED,0,0.0
2026-08-16T05:21:05Z,2026D70404C5,2026D,,CANCELED,,
2026-08-16T05:21:05Z,2026D70757C6,2026D,,SCHEDULED,300,5.0
2026-08-16T05:21:05Z,2026D70251C4,2026D,,SCHEDULED,60,1.0
2026-08-16T05:21:05Z,2026D70506C7,2026D,,SCHEDULED,0,0.0
2026-08-16T05:21:05Z,2026D70250C4,2026D,,SCHEDULED,540,9.0
2026-08-16T05:21:05Z,2026D70803C6,2026D,,SCHEDULED,240,4.0
2026-08-16T05:21:05Z,2026D70904C8,2026D,,SCHEDULED,0,0.0
2026-08-16T05:21:05Z,2026D70901C8,2026D,,SCHEDULED,120,2.0
2026-08-16T05:21:05Z,2026D22311C3,2026D,,SCHEDULED,240,4.0
2026-08-16T05:21:05Z,2026D70505C7,2026D,,SCHEDULED,0,0.0
2026-08-16T05:21:05Z,4126D24702C1,4126D,,SCHEDULED,60,1.0
2026-08-16T05:21:05Z,4126D84902C2,4126D,,SCHEDULED,0,0.0
2026-08-16T05:21:05Z,4126D24703C1,4126D,,SCHEDULED,0,0.0
2026-08-16T05:21:05Z,4126D84903C2,4126D,,SCHEDULED,0,0.0
2026-08-16T05:21:05Z,4526D71703C1,4526D,,SCHEDULED,0,0.0
2026-08-16T05:21:05Z,7026D31505C1,7026D,,SCHEDULED,540,9.0
2026-08-16T05:21:05Z,1026D27213C4a,1026D,,CANCELED,,
2026-08-16T05:21:05Z,1026D76378C5,1026D,,SCHEDULED,120,2.0
2026-08-16T05:21:05Z,1026D27012C3,1026D,,SCHEDULED,0,0.0
2026-08-16T05:21:05Z,1026D76379C5,1026D,,SCHEDULED,0,0.0
2026-08-16T05:21:05Z,1026D76699C5,1026D,,SCHEDULED,60,1.0
2026-08-16T05:21:05Z,1026D79606C10,1026D,,SCHEDULED,240,4.0
2026-08-16T05:21:05Z,1026D79807C8a,1026D,,SCHEDULED,420,7.0
2026-08-16T05:21:05Z,1026D79608C10,1026D,,SCHEDULED,60,1.0
2026-08-16T05:21:05Z,1026D79809C8a,1026D,,SCHEDULED,0,0.0
2026-08-16T05:21:05Z,1026D79230C7,1026D,,SCHEDULED,0,0.0
2026-08-16T05:21:05Z,1026D79231C7,1026D,,SCHEDULED,0,0.0
2026-08-16T05:21:05Z,1026D27220C4a,1026D,,SCHEDULED,0,0.0
2026-08-16T05:21:05Z,1026D79235C7,1026D,,SCHEDULED,0,0.0
2026-08-16T05:21:05Z,1026D27421C4b,1026D,,SCHEDULED,0,0.0
2026-08-16T05:21:05Z,1026D79953C8b,1026D,,CANCELED,,
2026-08-16T05:21:05Z,1026D79513C2,1026D,,SCHEDULED,600,10.0
2026-08-16T05:21:05Z,1026D27221C4a,1026D,,SCHEDULED,0,0.0
2026-08-16T05:21:05Z,1026D79954C8b,1026D,,SCHEDULED,480,8.0
2026-08-16T05:21:05Z,1026D76369C5,1026D,,SCHEDULED,180,3.0
2026-08-16T05:21:05Z,1026D79517C2,1026D,,SCHEDULED,120,2.0
2026-08-16T05:21:05Z,1026D79956C8b,1026D,,SCHEDULED,0,0.0
2026-08-16T05:21:05Z,1026D76208C5,1026D,,SCHEDULED,60,1.0
2026-08-16T05:21:05Z,1026D76209C5,1026D,,SCHEDULED,0,0.0
2026-08-16T05:21:05Z,1026D79105C7,1026D,,SCHEDULED,240,4.0
2026-08-16T05:21:05Z,1026D79108C7,1026D,,SCHEDULED,480,8.0
2026-08-16T05:21:05Z,1026D79702C10,1026D,,SCHEDULED,0,0.0
2026-08-16T05:21:05Z,1026D79107C7,1026D,,SCHEDULED,0,0.0
2026-08-16T05:21:05Z,1026D79704C10,1026D,,SCHEDULED,900,15.0
2026-08-16T05:21:05Z,1026D79109C7,1026D,,SCHEDULED,0,0.0
2026-08-16T05:21:05Z,1026D19815C1,1026D,,SCHEDULED,0,0.0
2026-08-16T05:21:05Z,1026D19817C1,1026D,,SCHEDULED,0,0.0
2026-08-16T05:21:05Z,1026D19812C1,1026D,,SCHEDULED,0,0.0
2026-08-16T05:21:05Z,1026D79509C2,1026D,,SCHEDULED,1200,20.0
2026-08-16T05:21:05Z,1026D19814C1,1026D,,SCHEDULED,0,0.0
2026-08-16T05:21:05Z,1026D19810C1,1026D,,SCHEDULED,540,9.0
2026-08-16T05:21:05Z,1026D79102C7,1026D,,SCHEDULED,4260,71.0
2026-08-16T05:21:05Z,1026D77000C5,1026D,,SCHEDULED,180,3.0
2026-08-16T05:21:05Z,1026D77001C5,1026D,,SCHEDULED,0,0.0
2026-08-16T05:21:05Z,1026D77002C5,1026D,,SCHEDULED,0,0.0
2026-08-16T05:21:05Z,1026D79104C7,1026D,,SCHEDULED,60,1.0
2026-08-16T05:21:05Z,1026D79225C7,1026D,,SCHEDULED,0,0.0
2026-08-16T05:21:05Z,1026D79103C7,1026D,,SCHEDULED,3720,62.0
2026-08-16T05:21:05Z,1026D79106C7,1026D,,SCHEDULED,180,3.0
2026-08-16T05:21:05Z,1026D79226C7,1026D,,SCHEDULED,0,0.0
2026-08-16T05:21:05Z,1026D27216C4a,1026D,,SCHEDULED,60,1.0
2026-08-16T05:21:05Z,1026D27217C4a,1026D,,SCHEDULED,360,6.0
2026-08-16T05:21:05Z,1026D27415C4b,1026D,,SCHEDULED,300,5.0
2026-08-16T05:21:05Z,1026D27412C4b,1026D,,SCHEDULED,300,5.0
2026-08-16T05:21:05Z,1026D27214C4a,1026D,,SCHEDULED,480,8.0
2026-08-16T05:21:05Z,1026D27419C4b,1026D,,SCHEDULED,120,2.0
2026-08-16T05:21:05Z,1026D27218C4a,1026D,,SCHEDULED,60,1.0
2026-08-16T05:21:05Z,1026D76371C5,1026D,,SCHEDULED,60,1.0
2026-08-16T05:21:05Z,1026D76690C5,1026D,,SCHEDULED,0,0.0
2026-08-16T05:21:05Z,1026D27219C4a,1026D,,SCHEDULED,420,7.0
2026-08-16T05:21:05Z,1026D27417C4b,1026D,,SCHEDULED,540,9.0
2026-08-16T05:21:05Z,1026D27010C3,1026D,,SCHEDULED,0,0.0
2026-08-16T05:21:05Z,1026D76373C5,1026D,,SCHEDULED,60,1.0
2026-08-16T05:21:05Z,1026D76692C5,1026D,,SCHEDULED,120,2.0
2026-08-16T05:21:05Z,1026D27011C3,1026D,,SCHEDULED,0,0.0
2026-08-16T05:21:05Z,1026D76210C5,1026D,,SCHEDULED,0,0.0
2026-08-16T05:21:05Z,1026D76694C5,1026D,,SCHEDULED,0,0.0
2026-08-16T05:21:05Z,1026D76375C5,1026D,,SCHEDULED,180,3.0
2026-08-16T05:21:05Z,1026D79521C2,1026D,,SCHEDULED,420,7.0
2026-08-16T05:21:05Z,1026D76376C5,1026D,,SCHEDULED,120,2.0
2026-08-16T05:21:05Z,1026D76377C5,1026D,,SCHEDULED,0,0.0
2026-08-16T05:21:05Z,1026D27410C4b,1026D,,SCHEDULED,60,1.0
2026-08-16T05:21:05Z,1026D27007C3,1026D,,SCHEDULED,180,3.0
2026-08-16T05:21:05Z,1026D27008C3,1026D,,SCHEDULED,0,0.0
2026-08-16T05:21:05Z,1026D27005C3,1026D,,SCHEDULED,120,2.0
2026-08-16T05:21:05Z,1026D27006C3,1026D,,SCHEDULED,60,1.0
2026-08-16T05:21:05Z,1026D76380C5,1026D,,SCHEDULED,420,7.0
2026-08-16T05:21:05Z,1026D76382C5,1026D,,SCHEDULED,0,0.0
2026-08-16T05:21:05Z,1026D79210C7,1026D,,SCHEDULED,2160,36.0
2026-08-16T05:21:05Z,1026D27406C4b,1026D,,SCHEDULED,0,0.0
2026-08-16T05:21:05Z,1026D76384C5,1026D,,SCHEDULED,0,0.0
2026-08-16T05:21:05Z,1026D79410C2,1026D,,SCHEDULED,180,3.0
2026-08-16T05:21:05Z,1026D79610C10,1026D,,SCHEDULED,0,0.0
2026-08-16T05:21:05Z,1026D79214C7,1026D,,SCHEDULED,600,10.0
2026-08-16T05:21:05Z,1026D79810C8a,1026D,,SCHEDULED,360,6.0
2026-08-16T05:21:05Z,1026D79812C8a,1026D,,SCHEDULED,120,2.0
2026-08-16T05:21:05Z,1026D79218C7,1026D,,SCHEDULED,0,0.0
2026-08-16T05:21:05Z,1026D76701C5,1026D,,SCHEDULED,480,8.0
2026-08-16T05:21:05Z,1026D76703C5,1026D,,SCHEDULED,0,0.0
2026-08-16T05:21:05Z,1026D79419C2,1026D,,SCHEDULED,0,0.0
2026-08-16T05:21:05Z,1026D27414C4b,1026D,,SCHEDULED,-60,-1.0
2026-08-16T05:25:56Z,3026D23507C1,3026D,,SCHEDULED,240,4.0
2026-08-16T05:25:56Z,3026D23514C1,3026D,,SCHEDULED,0,0.0
2026-08-16T05:25:56Z,3026D23703C5,3026D,,SCHEDULED,-240,-4.0
2026-08-16T05:25:56Z,3026D23607C4,3026D,,SCHEDULED,0,0.0
2026-08-16T05:25:56Z,3026D23513C1,3026D,,SCHEDULED,0,0.0
2026-08-16T05:25:56Z,3126D23204C1,3126D,,SCHEDULED,0,0.0
2026-08-16T05:25:56Z,3126D23423T1,3126D,,SCHEDULED,0,0.0
2026-08-16T05:25:56Z,3126D23205C1,3126D,,SCHEDULED,60,1.0
2026-08-16T05:25:56Z,3126D23424T1,3126D,,SCHEDULED,0,0.0
2026-08-16T05:25:56Z,3226D23306C1,3226D,,SCHEDULED,60,1.0
2026-08-16T05:25:56Z,3226D23311C1,3226D,,SCHEDULED,0,0.0
2026-08-16T05:25:56Z,4026D24293C1,4026D,,SCHEDULED,0,0.0
2026-08-16T05:25:56Z,4026D24011C2,4026D,,SCHEDULED,0,0.0
2026-08-16T05:25:56Z,4026D76602C3,4026D,,SCHEDULED,0,0.0
2026-08-16T05:25:56Z,4026D24303C6,4026D,,SCHEDULED,180,3.0
2026-08-16T05:25:56Z,4026D24007C2,4026D,,SCHEDULED,240,4.0
2026-08-16T05:25:56Z,4026D24205C1,4026D,,SCHEDULED,-120,-2.0
2026-08-16T05:25:56Z,4026D76656C3,4026D,,SCHEDULED,-60,-1.0
2026-08-16T05:25:56Z,4026D24306C6,4026D,,SCHEDULED,0,0.0
2026-08-16T05:25:56Z,4026D33451C6,4026D,,SCHEDULED,0,0.0
2026-08-16T05:25:56Z,4026D24309C6,4026D,,SCHEDULED,0,0.0
2026-08-16T05:25:56Z,4026D24302C6,4026D,,SCHEDULED,0,0.0
2026-08-16T05:25:56Z,4026D24204C1,4026D,,SCHEDULED,0,0.0
2026-08-16T05:25:56Z,5126D25607R1,5126D,,SCHEDULED,0,0.0
2026-08-16T05:25:56Z,5126D25600R1,5126D,,SCHEDULED,240,4.0
2026-08-16T05:25:56Z,5126D25402R2N,5126D,,SCHEDULED,-60,-1.0
2026-08-16T05:25:56Z,5126D25404R2N,5126D,,SCHEDULED,120,2.0
2026-08-16T05:25:56Z,5126D25406R2N,5126D,,SCHEDULED,-180,-3.0
2026-08-16T05:25:56Z,5126D25603R1,5126D,,SCHEDULED,120,2.0
2026-08-16T05:25:56Z,5126D25486R2S,5126D,,SCHEDULED,180,3.0
2026-08-16T05:25:56Z,5126D28271R2S,5126D,,SCHEDULED,0,0.0
2026-08-16T05:25:56Z,5126D30531R15,5126D,,SCHEDULED,180,3.0
2026-08-16T05:25:56Z,5126D28268R2S,5126D,,SCHEDULED,540,9.0
2026-08-16T05:25:56Z,5126D28269R2S,5126D,,SCHEDULED,120,2.0
2026-08-16T05:25:56Z,5126D77500R4,5126D,,SCHEDULED,60,1.0
2026-08-16T05:25:56Z,5126D78634R8,5126D,,SCHEDULED,0,0.0
2026-08-16T05:25:56Z,5126D28267R2S,5126D,,SCHEDULED,120,2.0
2026-08-16T05:25:56Z,5126D77504R4,5126D,,SCHEDULED,600,10.0
2026-08-16T05:25:56Z,5126D33532RL4,5126D,,SCHEDULED,0,0.0
2026-08-16T05:25:56Z,5126D77508R4,5126D,,SCHEDULED,0,0.0
2026-08-16T05:25:56Z,5126D25616R1,5126D,,SCHEDULED,60,1.0
2026-08-16T05:25:56Z,5126D25408R2N,5126D,,SCHEDULED,0,0.0
2026-08-16T05:25:56Z,5126D18120R16,5126D,,SCHEDULED,480,8.0
2026-08-16T05:25:56Z,5126D18121R16,5126D,,SCHEDULED,60,1.0
2026-08-16T05:25:56Z,5126D15041R13,5126D,,SCHEDULED,0,0.0
2026-08-16T05:25:56Z,5126D25608R1,5126D,,SCHEDULED,120,2.0
2026-08-16T05:25:56Z,5126D18123R16,5126D,,SCHEDULED,600,10.0
2026-08-16T05:25:56Z,5126D25611R1,5126D,,SCHEDULED,-60,-1.0
2026-08-16T05:25:56Z,5126D28408R2N,5126D,,SCHEDULED,60,1.0
2026-08-16T05:25:56Z,5126D25612R1,5126D,,SCHEDULED,-60,-1.0
2026-08-16T05:25:56Z,5126D25507R2S,5126D,,SCHEDULED,0,0.0
2026-08-16T05:25:56Z,5126D28406R2N,5126D,,SCHEDULED,120,2.0
2026-08-16T05:25:56Z,5126D35523R3,5126D,,SCHEDULED,60,1.0
2026-08-16T05:25:56Z,5126D77400R4,5126D,,SCHEDULED,0,0.0
2026-08-16T05:25:56Z,5126D25503R2S,5126D,,SCHEDULED,660,11.0
2026-08-16T05:25:56Z,5126D77404R4,5126D,,SCHEDULED,480,8.0
2026-08-16T05:25:56Z,5126D25502R2S,5126D,,SCHEDULED,420,7.0
2026-08-16T05:25:56Z,5126D77408R4,5126D,,SCHEDULED,300,5.0
2026-08-16T05:25:56Z,5126D25505R2S,5126D,,SCHEDULED,0,0.0
2026-08-16T05:25:56Z,5126D25504R2S,5126D,,SCHEDULED,300,5.0
2026-08-16T05:25:56Z,5126D77510R4,5126D,,SCHEDULED,360,6.0
2026-08-16T05:25:56Z,5126D77512R4,5126D,,SCHEDULED,0,0.0
2026-08-16T05:25:56Z,5126D77314R3,5126D,,SCHEDULED,240,4.0
2026-08-16T05:25:56Z,5126D28410R2N,5126D,,SCHEDULED,-60,-1.0
2026-08-16T05:25:56Z,5126D77514R4,5126D,,SCHEDULED,60,1.0
2026-08-16T05:25:56Z,5126D77316R3,5126D,,SCHEDULED,120,2.0
2026-08-16T05:25:56Z,6026D26509C3,6026D,,SCHEDULED,60,1.0
2026-08-16T05:25:56Z,6026D26511C3,6026D,,SCHEDULED,0,0.0
2026-08-16T05:25:56Z,6026D26510C3,6026D,,SCHEDULED,60,1.0
2026-08-16T05:25:56Z,6026D29613C1,6026D,,SCHEDULED,180,3.0
2026-08-16T05:25:56Z,6026D29678C1,6026D,,SCHEDULED,120,2.0
2026-08-16T05:25:56Z,6026D29511C2,6026D,,SCHEDULED,0,0.0
2026-08-16T05:25:56Z,6026D26508C3,6026D,,SCHEDULED,120,2.0
2026-08-16T05:25:56Z,6026D71507C4,6026D,,SCHEDULED,-60,-1.0
2026-08-16T05:25:56Z,6026D71504C4,6026D,,SCHEDULED,60,1.0
2026-08-16T05:25:56Z,6026D26507C3,6026D,,SCHEDULED,60,1.0
2026-08-16T05:25:56Z,6026D29508C2,6026D,,SCHEDULED,0,0.0
2026-08-16T05:25:56Z,6126D32702C1,6126D,,SCHEDULED,60,1.0
2026-08-16T05:25:56Z,6126D81701C1,6126D,,SCHEDULED,0,0.0
2026-08-16T05:25:56Z,6126D32703C1,6126D,,SCHEDULED,120,2.0
2026-08-16T05:25:56Z,6126D32771C1,6126D,,SCHEDULED,600,10.0
2026-08-16T05:25:56Z,6226D71353C3,6226D,,SCHEDULED,60,1.0
2026-08-16T05:25:56Z,6226D71154C2,6226D,,SCHEDULED,60,1.0
2026-08-16T05:25:56Z,6226D71193C2,6226D,,SCHEDULED,0,0.0
2026-08-16T05:25:56Z,6226D71156C2,6226D,,SCHEDULED,0,0.0
2026-08-16T05:25:56Z,6226D35917C1,6226D,,SCHEDULED,-180,-3.0
2026-08-16T05:25:56Z,4726D71081C1,4726D,,SCHEDULED,0,0.0
2026-08-16T05:25:56Z,4726D71080C1,4726D,,SCHEDULED,540,9.0
2026-08-16T05:25:56Z,2026D70251C4,2026D,,SCHEDULED,120,2.0
2026-08-16T05:25:56Z,2026D70250C4,2026D,,SCHEDULED,720,12.0
2026-08-16T05:25:56Z,2026D22311C3,2026D,,SCHEDULED,540,9.0
2026-08-16T05:25:56Z,2026D22003C1,2026D,,SCHEDULED,0,0.0
2026-08-16T05:25:56Z,2026D22004C1,2026D,,SCHEDULED,0,0.0
2026-08-16T05:25:56Z,2026D22007C1,2026D,,SCHEDULED,0,0.0
2026-08-16T05:25:56Z,2026D70904C8,2026D,,SCHEDULED,0,0.0
2026-08-16T05:25:56Z,2026D70901C8,2026D,,SCHEDULED,420,7.0
2026-08-16T05:25:56Z,2026D70505C7,2026D,,SCHEDULED,60,1.0
2026-08-16T05:25:56Z,2026D70757C6,2026D,,SCHEDULED,540,9.0
2026-08-16T05:25:56Z,2026D70506C7,2026D,,SCHEDULED,0,0.0
2026-08-16T05:25:56Z,2026D70803C6,2026D,,SCHEDULED,0,0.0
2026-08-16T05:25:56Z,2026D70855C6,2026D,,SCHEDULED,0,0.0
2026-08-16T05:25:56Z,2026D70800C6,2026D,,SCHEDULED,0,0.0
2026-08-16T05:25:56Z,2026D70206C4,2026D,,SCHEDULED,120,2.0
2026-08-16T05:25:56Z,2026D70756C6,2026D,,SCHEDULED,960,16.0
2026-08-16T05:25:56Z,2026D70850C6,2026D,,SCHEDULED,0,0.0
2026-08-16T05:25:56Z,2026D70853C6,2026D,,SCHEDULED,60,1.0
2026-08-16T05:25:56Z,2026D70402C5,2026D,,SCHEDULED,240,4.0
2026-08-16T05:25:56Z,2026D22206C2,2026D,,SCHEDULED,60,1.0
2026-08-16T05:25:56Z,2026D22008C1,2026D,,SCHEDULED,420,7.0
2026-08-16T05:25:56Z,2026D70203C4,2026D,,SCHEDULED,360,6.0
2026-08-16T05:25:56Z,2026D70404C5,2026D,,CANCELED,,
2026-08-16T05:25:56Z,4126D84902C2,4126D,,SCHEDULED,300,5.0
2026-08-16T05:25:56Z,4126D24703C1,4126D,,SCHEDULED,300,5.0
2026-08-16T05:25:56Z,4126D24702C1,4126D,,SCHEDULED,120,2.0
2026-08-16T05:25:56Z,4126D84903C2,4126D,,SCHEDULED,0,0.0
2026-08-16T05:25:56Z,4526D71703C1,4526D,,SCHEDULED,0,0.0
2026-08-16T05:25:56Z,7026D31505C1,7026D,,SCHEDULED,780,13.0
2026-08-16T05:25:56Z,1026D79235C7,1026D,,SCHEDULED,0,0.0
2026-08-16T05:25:56Z,1026D79953C8b,1026D,,CANCELED,,
2026-08-16T05:25:56Z,1026D27421C4b,1026D,,SCHEDULED,120,2.0
2026-08-16T05:25:56Z,1026D79513C2,1026D,,SCHEDULED,900,15.0
2026-08-16T05:25:56Z,1026D27221C4a,1026D,,SCHEDULED,0,0.0
2026-08-16T05:25:56Z,1026D79239C7,1026D,,SCHEDULED,0,0.0
2026-08-16T05:25:56Z,1026D79954C8b,1026D,,SCHEDULED,0,0.0
2026-08-16T05:25:56Z,1026D79517C2,1026D,,SCHEDULED,120,2.0
2026-08-16T05:25:56Z,1026D79956C8b,1026D,,SCHEDULED,0,0.0
2026-08-16T05:25:56Z,1026D76209C5,1026D,,SCHEDULED,120,2.0
2026-08-16T05:25:56Z,1026D19810C1,1026D,,SCHEDULED,60,1.0
2026-08-16T05:25:56Z,1026D79102C7,1026D,,SCHEDULED,4560,76.0
2026-08-16T05:25:56Z,1026D76379C5,1026D,,SCHEDULED,0,0.0
2026-08-16T05:25:56Z,1026D27013C3,1026D,,SCHEDULED,0,0.0
2026-08-16T05:25:56Z,1026D76699C5,1026D,,SCHEDULED,120,2.0
2026-08-16T05:25:56Z,1026D79606C10,1026D,,SCHEDULED,120,2.0
2026-08-16T05:25:56Z,1026D79807C8a,1026D,,SCHEDULED,60,1.0
2026-08-16T05:25:56Z,1026D79608C10,1026D,,SCHEDULED,60,1.0
2026-08-16T05:25:56Z,1026D79809C8a,1026D,,SCHEDULED,0,0.0
2026-08-16T05:25:56Z,1026D27423C4b,1026D,,SCHEDULED,0,0.0
2026-08-16T05:25:56Z,1026D79230C7,1026D,,SCHEDULED,0,0.0
2026-08-16T05:25:56Z,1026D79231C7,1026D,,SCHEDULED,180,3.0
2026-08-16T05:25:56Z,1026D79234C7,1026D,,SCHEDULED,0,0.0
2026-08-16T05:25:56Z,1026D27220C4a,1026D,,SCHEDULED,0,0.0
2026-08-16T05:25:56Z,1026D79702C10,1026D,,SCHEDULED,0,0.0
2026-08-16T05:25:56Z,1026D79108C7,1026D,,SCHEDULED,780,13.0
2026-08-16T05:25:56Z,1026D79107C7,1026D,,SCHEDULED,0,0.0
2026-08-16T05:25:56Z,1026D79704C10,1026D,,SCHEDULED,60,1.0
2026-08-16T05:25:56Z,1026D79109C7,1026D,,SCHEDULED,0,0.0
2026-08-16T05:25:56Z,1026D19815C1,1026D,,SCHEDULED,300,5.0
2026-08-16T05:25:56Z,1026D79706C10,1026D,,SCHEDULED,0,0.0
2026-08-16T05:25:56Z,1026D19817C1,1026D,,SCHEDULED,0,0.0
2026-08-16T05:25:56Z,1026D19812C1,1026D,,SCHEDULED,0,0.0
2026-08-16T05:25:56Z,1026D79509C2,1026D,,SCHEDULED,1260,21.0
2026-08-16T05:25:56Z,1026D19814C1,1026D,,SCHEDULED,0,0.0
2026-08-16T05:25:56Z,1026D19813C1,1026D,,SCHEDULED,120,2.0
2026-08-16T05:25:56Z,1026D77000C5,1026D,,SCHEDULED,0,0.0
2026-08-16T05:25:56Z,1026D79223C7,1026D,,SCHEDULED,180,3.0
2026-08-16T05:25:56Z,1026D77001C5,1026D,,SCHEDULED,0,0.0
2026-08-16T05:25:56Z,1026D79222C7,1026D,,SCHEDULED,60,1.0
2026-08-16T05:25:56Z,1026D79423C2,1026D,,SCHEDULED,0,0.0
2026-08-16T05:25:56Z,1026D77002C5,1026D,,SCHEDULED,0,0.0
2026-08-16T05:25:56Z,1026D79104C7,1026D,,SCHEDULED,60,1.0
2026-08-16T05:25:56Z,1026D79225C7,1026D,,SCHEDULED,0,0.0
2026-08-16T05:25:56Z,1026D79103C7,1026D,,SCHEDULED,4020,67.0
2026-08-16T05:25:56Z,1026D79106C7,1026D,,SCHEDULED,180,3.0
2026-08-16T05:25:56Z,1026D79226C7,1026D,,SCHEDULED,120,2.0
2026-08-16T05:25:56Z,1026D79105C7,1026D,,SCHEDULED,60,1.0
2026-08-16T05:25:56Z,1026D27415C4b,1026D,,SCHEDULED,60,1.0
2026-08-16T05:25:56Z,1026D27412C4b,1026D,,SCHEDULED,0,0.0
2026-08-16T05:25:56Z,1026D27214C4a,1026D,,SCHEDULED,360,6.0
2026-08-16T05:25:56Z,1026D27215C4a,1026D,,SCHEDULED,780,13.0
2026-08-16T05:25:56Z,1026D27419C4b,1026D,,SCHEDULED,360,6.0
2026-08-16T05:25:56Z,1026D27218C4a,1026D,,SCHEDULED,60,1.0
2026-08-16T05:25:56Z,1026D76371C5,1026D,,SCHEDULED,180,3.0
2026-08-16T05:25:56Z,1026D27219C4a,1026D,,SCHEDULED,720,12.0
2026-08-16T05:25:56Z,1026D27010C3,1026D,,SCHEDULED,240,4.0
2026-08-16T05:25:56Z,1026D76373C5,1026D,,SCHEDULED,60,1.0
2026-08-16T05:25:56Z,1026D76692C5,1026D,,SCHEDULED,0,0.0
2026-08-16T05:25:56Z,1026D27011C3,1026D,,SCHEDULED,0,0.0
2026-08-16T05:25:56Z,1026D76210C5,1026D,,SCHEDULED,0,0.0
2026-08-16T05:25:56Z,1026D76694C5,1026D,,SCHEDULED,0,0.0
2026-08-16T05:25:56Z,1026D76375C5,1026D,,SCHEDULED,480,8.0
2026-08-16T05:25:56Z,1026D79521C2,1026D,,SCHEDULED,720,12.0
2026-08-16T05:25:56Z,1026D76376C5,1026D,,SCHEDULED,240,4.0
2026-08-16T05:25:56Z,1026D76696C5,1026D,,SCHEDULED,0,0.0
2026-08-16T05:25:56Z,1026D76377C5,1026D,,SCHEDULED,0,0.0
2026-08-16T05:25:56Z,1026D27410C4b,1026D,,SCHEDULED,0,0.0
2026-08-16T05:25:56Z,1026D27213C4a,1026D,,CANCELED,,
2026-08-16T05:25:56Z,1026D76378C5,1026D,,SCHEDULED,0,0.0
2026-08-16T05:25:56Z,1026D27012C3,1026D,,SCHEDULED,0,0.0
2026-08-16T05:25:56Z,1026D27007C3,1026D,,SCHEDULED,0,0.0
2026-08-16T05:25:56Z,1026D27008C3,1026D,,SCHEDULED,240,4.0
2026-08-16T05:25:56Z,1026D27006C3,1026D,,SCHEDULED,60,1.0
2026-08-16T05:25:56Z,1026D76380C5,1026D,,SCHEDULED,120,2.0
2026-08-16T05:25:56Z,1026D27408C4b,1026D,,SCHEDULED,120,2.0
2026-08-16T05:25:56Z,1026D76382C5,1026D,,SCHEDULED,120,2.0
2026-08-16T05:25:56Z,1026D27009C3,1026D,,SCHEDULED,300,5.0
2026-08-16T05:25:56Z,1026D79210C7,1026D,,SCHEDULED,2460,41.0
2026-08-16T05:25:56Z,1026D76384C5,1026D,,SCHEDULED,0,0.0
2026-08-16T05:25:56Z,1026D79410C2,1026D,,SCHEDULED,300,5.0
2026-08-16T05:25:56Z,1026D76386C5,1026D,,SCHEDULED,0,0.0
2026-08-16T05:25:56Z,1026D79610C10,1026D,,SCHEDULED,0,0.0
2026-08-16T05:25:56Z,1026D79214C7,1026D,,SCHEDULED,720,12.0
2026-08-16T05:25:56Z,1026D79810C8a,1026D,,SCHEDULED,360,6.0
2026-08-16T05:25:56Z,1026D79812C8a,1026D,,SCHEDULED,0,0.0
2026-08-16T05:25:56Z,1026D79218C7,1026D,,SCHEDULED,0,0.0
2026-08-16T05:25:56Z,1026D76701C5,1026D,,SCHEDULED,60,1.0
2026-08-16T05:25:56Z,1026D76703C5,1026D,,SCHEDULED,0,0.0
2026-08-16T05:25:56Z,1026D79419C2,1026D,,SCHEDULED,0,0.0
2026-08-16T05:25:56Z,1026D27414C4b,1026D,,SCHEDULED,240,4.0
2026-08-16T05:25:56Z,1026D27216C4a,1026D,,SCHEDULED,0,0.0
2026-08-16T05:25:56Z,1026D27217C4a,1026D,,SCHEDULED,180,3.0
2026-08-16T05:31:14Z,3026D23507C1,3026D,,SCHEDULED,180,3.0
2026-08-16T05:31:14Z,3026D23514C1,3026D,,SCHEDULED,0,0.0
2026-08-16T05:31:14Z,3026D23506C1,3026D,,SCHEDULED,480,8.0
2026-08-16T05:31:14Z,3026D23607C4,3026D,,SCHEDULED,1560,26.0
2026-08-16T05:31:14Z,3026D23513C1,3026D,,SCHEDULED,60,1.0
2026-08-16T05:31:14Z,3126D23204C1,3126D,,SCHEDULED,0,0.0
2026-08-16T05:31:14Z,3126D23424T1,3126D,,SCHEDULED,0,0.0
2026-08-16T05:31:14Z,3126D23205C1,3126D,,SCHEDULED,60,1.0
2026-08-16T05:31:14Z,3126D23426T1,3126D,,SCHEDULED,0,0.0
2026-08-16T05:31:14Z,3126D23423T1,3126D,,SCHEDULED,0,0.0
2026-08-16T05:31:14Z,3226D23311C1,3226D,,SCHEDULED,0,0.0
2026-08-16T05:31:14Z,3226D23306C1,3226D,,SCHEDULED,60,1.0
2026-08-16T05:31:14Z,4026D24293C1,4026D,,SCHEDULED,0,0.0
2026-08-16T05:31:14Z,4026D33451C6,4026D,,SCHEDULED,0,0.0
2026-08-16T05:31:14Z,4026D24011C2,4026D,,SCHEDULED,60,1.0
2026-08-16T05:31:14Z,4026D76656C3,4026D,,SCHEDULED,0,0.0
2026-08-16T05:31:14Z,4026D24204C1,4026D,,SCHEDULED,0,0.0
2026-08-16T05:31:14Z,4026D24303C6,4026D,,SCHEDULED,300,5.0
2026-08-16T05:31:14Z,4026D24007C2,4026D,,SCHEDULED,120,2.0
2026-08-16T05:31:14Z,4026D24205C1,4026D,,SCHEDULED,-60,-1.0
2026-08-16T05:31:14Z,4026D24306C6,4026D,,SCHEDULED,60,1.0
2026-08-16T05:31:14Z,4026D24208C1,4026D,,SCHEDULED,0,0.0
2026-08-16T05:31:14Z,4026D24309C6,4026D,,SCHEDULED,0,0.0
2026-08-16T05:31:14Z,4026D24302C6,4026D,,SCHEDULED,-60,-1.0
2026-08-16T05:31:14Z,5126D25607R1,5126D,,SCHEDULED,60,1.0
2026-08-16T05:31:14Z,5126D15003R15,5126D,,SCHEDULED,0,0.0
2026-08-16T05:31:14Z,5126D15000R15,5126D,,SCHEDULED,480,8.0
2026-08-16T05:31:14Z,5126D25600R1,5126D,,SCHEDULED,240,4.0
2026-08-16T05:31:14Z,5126D25404R2N,5126D,,SCHEDULED,60,1.0
2026-08-16T05:31:14Z,5126D25601R1,5126D,,SCHEDULED,660,11.0
2026-08-16T05:31:14Z,5126D25603R1,5126D,,SCHEDULED,120,2.0
2026-08-16T05:31:14Z,5126D25486R2S,5126D,,SCHEDULED,60,1.0
2026-08-16T05:31:14Z,5126D28271R2S,5126D,,SCHEDULED,0,0.0
2026-08-16T05:31:14Z,5126D15800R11,5126D,,SCHEDULED,0,0.0
2026-08-16T05:31:14Z,5126D30531R15,5126D,,SCHEDULED,120,2.0
2026-08-16T05:31:14Z,5126D28408R2N,5126D,,SCHEDULED,120,2.0
2026-08-16T05:31:14Z,5126D25612R1,5126D,,SCHEDULED,0,0.0
2026-08-16T05:31:14Z,5126D35525R3,5126D,,SCHEDULED,0,0.0
2026-08-16T05:31:14Z,5126D28268R2S,5126D,,SCHEDULED,420,7.0
2026-08-16T05:31:14Z,5126D35523R3,5126D,,SCHEDULED,240,4.0
2026-08-16T05:31:14Z,5126D28269R2S,5126D,,SCHEDULED,0,0.0
2026-08-16T05:31:14Z,5126D77400R4,5126D,,SCHEDULED,-60,-1.0
2026-08-16T05:31:14Z,5126D77404R4,5126D,,SCHEDULED,360,6.0
2026-08-16T05:31:14Z,5126D15776R11,5126D,,SCHEDULED,0,0.0
2026-08-16T05:31:14Z,5126D78634R8,5126D,,SCHEDULED,0,0.0
2026-08-16T05:31:14Z,5126D77408R4,5126D,,SCHEDULED,240,4.0
2026-08-16T05:31:14Z,5126D25616R1,5126D,,SCHEDULED,-60,-1.0
2026-08-16T05:31:14Z,5126D77504R4,5126D,,SCHEDULED,600,10.0
2026-08-16T05:31:14Z,5126D18120R16,5126D,,SCHEDULED,480,8.0
2026-08-16T05:31:14Z,5126D33532RL4,5126D,,SCHEDULED,0,0.0
2026-08-16T05:31:14Z,5126D18121R16,5126D,,SCHEDULED,60,1.0
2026-08-16T05:31:14Z,5126D77508R4,5126D,,SCHEDULED,0,0.0
2026-08-16T05:31:14Z,5126D18123R16,5126D,,SCHEDULED,300,5.0
2026-08-16T05:31:14Z,5126D25611R1,5126D,,SCHEDULED,0,0.0
2026-08-16T05:31:14Z,5126D15041R13,5126D,,SCHEDULED,60,1.0
2026-08-16T05:31:14Z,5126D25608R1,5126D,,SCHEDULED,120,2.0
2026-08-16T05:31:14Z,5126D25503R2S,5126D,,SCHEDULED,660,11.0
2026-08-16T05:31:14Z,5126D25504R2S,5126D,,SCHEDULED,360,6.0
2026-08-16T05:31:14Z,5126D77510R4,5126D,,SCHEDULED,420,7.0
2026-08-16T05:31:14Z,5126D78602R8,5126D,,SCHEDULED,60,1.0
2026-08-16T05:31:14Z,5126D77512R4,5126D,,SCHEDULED,-60,-1.0
2026-08-16T05:31:14Z,5126D28410R2N,5126D,,SCHEDULED,120,2.0
2026-08-16T05:31:14Z,5126D77514R4,5126D,,SCHEDULED,-60,-1.0
2026-08-16T05:31:14Z,5126D77316R3,5126D,,SCHEDULED,60,1.0
2026-08-16T05:31:14Z,6026D26511C3,6026D,,SCHEDULED,60,1.0
2026-08-16T05:31:14Z,6026D26510C3,6026D,,SCHEDULED,180,3.0
2026-08-16T05:31:14Z,6026D29613C1,6026D,,SCHEDULED,180,3.0
2026-08-16T05:31:14Z,6026D29678C1,6026D,,SCHEDULED,180,3.0
2026-08-16T05:31:14Z,6026D71507C4,6026D,,SCHEDULED,-60,-1.0
2026-08-16T05:31:14Z,6026D29508C2,6026D,,SCHEDULED,180,3.0
2026-08-16T05:31:14Z,6026D26509C3,6026D,,SCHEDULED,0,0.0
2026-08-16T05:31:14Z,6026D29511C2,6026D,,SCHEDULED,0,0.0
2026-08-16T05:31:14Z,6026D26508C3,6026D,,SCHEDULED,180,3.0
2026-08-16T05:31:14Z,6026D71504C4,6026D,,SCHEDULED,120,2.0
2026-08-16T05:31:14Z,6026D26507C3,6026D,,SCHEDULED,60,1.0
2026-08-16T05:31:14Z,6126D32702C1,6126D,,SCHEDULED,60,1.0
2026-08-16T05:31:14Z,6126D32703C1,6126D,,SCHEDULED,-60,-1.0
2026-08-16T05:31:14Z,6126D81701C1,6126D,,SCHEDULED,0,0.0
2026-08-16T05:31:14Z,6126D32771C1,6126D,,SCHEDULED,540,9.0
2026-08-16T05:31:14Z,6226D71154C2,6226D,,SCHEDULED,60,1.0
2026-08-16T05:31:14Z,6226D71353C3,6226D,,SCHEDULED,0,0.0
2026-08-16T05:31:14Z,6226D35917C1,6226D,,SCHEDULED,0,0.0
2026-08-16T05:31:14Z,6226D71156C2,6226D,,SCHEDULED,0,0.0
2026-08-16T05:31:14Z,6226D81353C3,6226D,,SCHEDULED,0,0.0
2026-08-16T05:31:14Z,6226D71203C3,6226D,,SCHEDULED,0,0.0
2026-08-16T05:31:14Z,4726D71081C1,4726D,,SCHEDULED,0,0.0
2026-08-16T05:31:14Z,4726D71090C1,4726D,,SCHEDULED,0,0.0
2026-08-16T05:31:14Z,2026D70803C6,2026D,,SCHEDULED,60,1.0
2026-08-16T05:31:14Z,2026D22206C2,2026D,,SCHEDULED,300,5.0
2026-08-16T05:31:14Z,2026D22008C1,2026D,,SCHEDULED,780,13.0
2026-08-16T05:31:14Z,2026D70203C4,2026D,,SCHEDULED,660,11.0
2026-08-16T05:31:14Z,2026D70404C5,2026D,,CANCELED,,
2026-08-16T05:31:14Z,2026D22003C1,2026D,,SCHEDULED,180,3.0
2026-08-16T05:31:14Z,2026D22004C1,2026D,,SCHEDULED,0,0.0
2026-08-16T05:31:14Z,2026D22007C1,2026D,,SCHEDULED,0,0.0
2026-08-16T05:31:14Z,2026D70800C6,2026D,,SCHEDULED,300,5.0
2026-08-16T05:31:14Z,2026D70403C5,2026D,,SCHEDULED,60,1.0
2026-08-16T05:31:14Z,2026D22311C3,2026D,,SCHEDULED,180,3.0
2026-08-16T05:31:14Z,2026D70904C8,2026D,,SCHEDULED,120,2.0
2026-08-16T05:31:14Z,2026D70802C6,2026D,,SCHEDULED,0,0.0
2026-08-16T05:31:14Z,2026D70208C4,2026D,,SCHEDULED,0,0.0
2026-08-16T05:31:14Z,2026D70901C8,2026D,,SCHEDULED,180,3.0
2026-08-16T05:31:14Z,2026D70853C6,2026D,,SCHEDULED,420,7.0
2026-08-16T05:31:14Z,2026D70852C6,2026D,,SCHEDULED,0,0.0
2026-08-16T05:31:14Z,2026D70855C6,2026D,,SCHEDULED,60,1.0
2026-08-16T05:31:14Z,2026D70850C6,2026D,,SCHEDULED,0,0.0
2026-08-16T05:31:14Z,2026D70505C7,2026D,,SCHEDULED,180,3.0
2026-08-16T05:31:14Z,2026D70251C4,2026D,,SCHEDULED,0,0.0
2026-08-16T05:31:14Z,2026D70506C7,2026D,,SCHEDULED,0,0.0
2026-08-16T05:31:14Z,2026D70250C4,2026D,,SCHEDULED,1080,18.0
2026-08-16T05:31:14Z,4126D84902C2,4126D,,SCHEDULED,660,11.0
2026-08-16T05:31:14Z,4126D24751C1,4126D,,SCHEDULED,0,0.0
2026-08-16T05:31:14Z,4126D84903C2,4126D,,SCHEDULED,360,6.0
2026-08-16T05:31:14Z,4126D24702C1,4126D,,SCHEDULED,420,7.0
2026-08-16T05:31:14Z,4126D24703C1,4126D,,SCHEDULED,540,9.0
2026-08-16T05:31:14Z,4526D71703C1,4526D,,SCHEDULED,60,1.0
2026-08-16T05:31:14Z,7026D31504C1,7026D,,SCHEDULED,0,0.0
2026-08-16T05:31:14Z,7026D31505C1,7026D,,SCHEDULED,60,1.0
2026-08-16T05:31:14Z,1026D27013C3,1026D,,SCHEDULED,0,0.0
2026-08-16T05:31:14Z,1026D79606C10,1026D,,SCHEDULED,360,6.0
2026-08-16T05:31:14Z,1026D79807C8a,1026D,,SCHEDULED,0,0.0
2026-08-16T05:31:14Z,1026D79809C8a,1026D,,SCHEDULED,0,0.0
2026-08-16T05:31:14Z,1026D27423C4b,1026D,,SCHEDULED,0,0.0
2026-08-16T05:31:14Z,1026D79230C7,1026D,,SCHEDULED,0,0.0
2026-08-16T05:31:14Z,1026D79231C7,1026D,,CANCELED,,
2026-08-16T05:31:14Z,1026D79234C7,1026D,,SCHEDULED,0,0.0
2026-08-16T05:31:14Z,1026D27220C4a,1026D,,SCHEDULED,0,0.0
2026-08-16T05:31:14Z,1026D79235C7,1026D,,SCHEDULED,120,2.0
2026-08-16T05:31:14Z,1026D79953C8b,1026D,,CANCELED,,
2026-08-16T05:31:14Z,1026D27421C4b,1026D,,SCHEDULED,420,7.0
2026-08-16T05:31:14Z,1026D79513C2,1026D,,SCHEDULED,0,0.0
2026-08-16T05:31:14Z,1026D27221C4a,1026D,,SCHEDULED,0,0.0
2026-08-16T05:31:14Z,1026D27222C4a,1026D,,SCHEDULED,0,0.0
2026-08-16T05:31:14Z,1026D79239C7,1026D,,SCHEDULED,0,0.0
2026-08-16T05:31:14Z,1026D79954C8b,1026D,,SCHEDULED,120,2.0
2026-08-16T05:31:14Z,1026D79517C2,1026D,,SCHEDULED,120,2.0
2026-08-16T05:31:14Z,1026D79956C8b,1026D,,SCHEDULED,0,0.0
2026-08-16T05:31:14Z,1026D76209C5,1026D,,SCHEDULED,0,0.0
2026-08-16T05:31:14Z,1026D19810C1,1026D,,SCHEDULED,0,0.0
2026-08-16T05:31:14Z,1026D77000C5,1026D,,SCHEDULED,120,2.0
2026-08-16T05:31:14Z,1026D79223C7,1026D,,SCHEDULED,360,6.0
2026-08-16T05:31:14Z,1026D77001C5,1026D,,SCHEDULED,0,0.0
2026-08-16T05:31:14Z,1026D79222C7,1026D,,SCHEDULED,0,0.0
2026-08-16T05:31:14Z,1026D79423C2,1026D,,SCHEDULED,0,0.0
2026-08-16T05:31:14Z,1026D77002C5,1026D,,SCHEDULED,0,0.0
2026-08-16T05:31:14Z,1026D79104C7,1026D,,SCHEDULED,360,6.0
2026-08-16T05:31:14Z,1026D79103C7,1026D,,SCHEDULED,4380,73.0
2026-08-16T05:31:14Z,1026D79106C7,1026D,,SCHEDULED,240,4.0
2026-08-16T05:31:14Z,1026D19819C1,1026D,,SCHEDULED,0,0.0
2026-08-16T05:31:14Z,1026D79105C7,1026D,,SCHEDULED,360,6.0
2026-08-16T05:31:14Z,1026D79108C7,1026D,,SCHEDULED,0,0.0
2026-08-16T05:31:14Z,1026D79702C10,1026D,,SCHEDULED,240,4.0
2026-08-16T05:31:14Z,1026D79107C7,1026D,,SCHEDULED,180,3.0
2026-08-16T05:31:14Z,1026D79704C10,1026D,,SCHEDULED,120,2.0
2026-08-16T05:31:14Z,1026D79109C7,1026D,,SCHEDULED,0,0.0
2026-08-16T05:31:14Z,1026D19815C1,1026D,,SCHEDULED,120,2.0
2026-08-16T05:31:14Z,1026D79706C10,1026D,,SCHEDULED,0,0.0
2026-08-16T05:31:14Z,1026D19817C1,1026D,,SCHEDULED,0,0.0
2026-08-16T05:31:14Z,1026D19812C1,1026D,,SCHEDULED,240,4.0
2026-08-16T05:31:14Z,1026D79509C2,1026D,,SCHEDULED,1320,22.0
2026-08-16T05:31:14Z,1026D19814C1,1026D,,SCHEDULED,0,0.0
2026-08-16T05:31:14Z,1026D27412C4b,1026D,,SCHEDULED,0,0.0
2026-08-16T05:31:14Z,1026D27214C4a,1026D,,SCHEDULED,480,8.0
2026-08-16T05:31:14Z,1026D27215C4a,1026D,,SCHEDULED,1020,17.0
2026-08-16T05:31:14Z,1026D27419C4b,1026D,,SCHEDULED,420,7.0
2026-08-16T05:31:14Z,1026D27416C4b,1026D,,SCHEDULED,0,0.0
2026-08-16T05:31:14Z,1026D27218C4a,1026D,,SCHEDULED,0,0.0
2026-08-16T05:31:14Z,1026D76371C5,1026D,,SCHEDULED,180,3.0
2026-08-16T05:31:14Z,1026D27219C4a,1026D,,SCHEDULED,120,2.0
2026-08-16T05:31:14Z,1026D27417C4b,1026D,,SCHEDULED,480,8.0
2026-08-16T05:31:14Z,1026D27010C3,1026D,,SCHEDULED,0,0.0
2026-08-16T05:31:14Z,1026D76373C5,1026D,,SCHEDULED,120,2.0
2026-08-16T05:31:14Z,1026D27011C3,1026D,,SCHEDULED,0,0.0
2026-08-16T05:31:14Z,1026D76210C5,1026D,,SCHEDULED,0,0.0
2026-08-16T05:31:14Z,1026D76694C5,1026D,,SCHEDULED,180,3.0
2026-08-16T05:31:14Z,1026D76375C5,1026D,,SCHEDULED,60,1.0
2026-08-16T05:31:14Z,1026D79521C2,1026D,,SCHEDULED,1020,17.0
2026-08-16T05:31:14Z,1026D76696C5,1026D,,SCHEDULED,0,0.0
2026-08-16T05:31:14Z,1026D76377C5,1026D,,SCHEDULED,180,3.0
2026-08-16T05:31:14Z,1026D27410C4b,1026D,,SCHEDULED,60,1.0
2026-08-16T05:31:14Z,1026D27213C4a,1026D,,CANCELED,,
2026-08-16T05:31:14Z,1026D76378C5,1026D,,SCHEDULED,120,2.0
2026-08-16T05:31:14Z,1026D27012C3,1026D,,SCHEDULED,0,0.0
2026-08-16T05:31:14Z,1026D76379C5,1026D,,SCHEDULED,0,0.0
2026-08-16T05:31:14Z,1026D27008C3,1026D,,SCHEDULED,120,2.0
2026-08-16T05:31:14Z,1026D76380C5,1026D,,SCHEDULED,180,3.0
2026-08-16T05:31:14Z,1026D76381C5,1026D,,SCHEDULED,0,0.0
2026-08-16T05:31:14Z,1026D27408C4b,1026D,,SCHEDULED,60,1.0
2026-08-16T05:31:14Z,1026D76382C5,1026D,,SCHEDULED,420,7.0
2026-08-16T05:31:14Z,1026D27009C3,1026D,,SCHEDULED,300,5.0
2026-08-16T05:31:14Z,1026D76384C5,1026D,,SCHEDULED,0,0.0
2026-08-16T05:31:14Z,1026D79410C2,1026D,,SCHEDULED,300,5.0
2026-08-16T05:31:14Z,1026D76386C5,1026D,,SCHEDULED,0,0.0
2026-08-16T05:31:14Z,1026D79610C10,1026D,,SCHEDULED,0,0.0
2026-08-16T05:31:14Z,1026D76388C5,1026D,,SCHEDULED,0,0.0
2026-08-16T05:31:14Z,1026D79812C8a,1026D,,SCHEDULED,0,0.0
2026-08-16T05:31:14Z,1026D79218C7,1026D,,SCHEDULED,60,1.0
2026-08-16T05:31:14Z,1026D79415C2,1026D,,SCHEDULED,300,5.0
2026-08-16T05:31:14Z,1026D76701C5,1026D,,SCHEDULED,120,2.0
2026-08-16T05:31:14Z,1026D79419C2,1026D,,SCHEDULED,360,6.0
2026-08-16T05:31:14Z,1026D76703C5,1026D,,SCHEDULED,-60,-1.0
2026-08-16T05:31:14Z,1026D27414C4b,1026D,,SCHEDULED,540,9.0
2026-08-16T05:31:14Z,1026D27216C4a,1026D,,SCHEDULED,300,5.0
2026-08-16T05:31:14Z,1026D27415C4b,1026D,,SCHEDULED,120,2.0
2026-08-16T05:35:58Z,3026D23507C1,3026D,,SCHEDULED,300,5.0
2026-08-16T05:35:58Z,3026D23514C1,3026D,,SCHEDULED,0,0.0
2026-08-16T05:35:58Z,3026D23703C5,3026D,,SCHEDULED,0,0.0
2026-08-16T05:35:58Z,3026D23506C1,3026D,,SCHEDULED,420,7.0
2026-08-16T05:35:58Z,3026D23607C4,3026D,,SCHEDULED,180,3.0
2026-08-16T05:35:58Z,3026D23895C5,3026D,,SCHEDULED,60,1.0
2026-08-16T05:35:58Z,3026D23513C1,3026D,,SCHEDULED,60,1.0
2026-08-16T05:35:58Z,3126D23204C1,3126D,,SCHEDULED,180,3.0
2026-08-16T05:35:58Z,3126D23424T1,3126D,,SCHEDULED,0,0.0
2026-08-16T05:35:58Z,3126D23205C1,3126D,,SCHEDULED,0,0.0
2026-08-16T05:35:58Z,3126D23426T1,3126D,,SCHEDULED,0,0.0
2026-08-16T05:35:58Z,3126D23423T1,3126D,,SCHEDULED,0,0.0
2026-08-16T05:35:58Z,3226D23311C1,3226D,,SCHEDULED,0,0.0
2026-08-16T05:35:58Z,3226D23306C1,3226D,,SCHEDULED,120,2.0
2026-08-16T05:35:58Z,4026D24293C1,4026D,,SCHEDULED,0,0.0
2026-08-16T05:35:58Z,4026D24011C2,4026D,,SCHEDULED,-60,-1.0
2026-08-16T05:35:58Z,4026D76656C3,4026D,,SCHEDULED,-420,-7.0
2026-08-16T05:35:58Z,4026D33451C6,4026D,,SCHEDULED,0,0.0
2026-08-16T05:35:58Z,4026D24303C6,4026D,,SCHEDULED,240,4.0
2026-08-16T05:35:58Z,4026D24007C2,4026D,,SCHEDULED,240,4.0
2026-08-16T05:35:58Z,4026D24205C1,4026D,,SCHEDULED,60,1.0
2026-08-16T05:35:58Z,4026D24306C6,4026D,,SCHEDULED,60,1.0
2026-08-16T05:35:58Z,4026D24208C1,4026D,,SCHEDULED,0,0.0
2026-08-16T05:35:58Z,4026D24309C6,4026D,,SCHEDULED,0,0.0
2026-08-16T05:35:58Z,4026D24302C6,4026D,,SCHEDULED,0,0.0
2026-08-16T05:35:58Z,5126D25801R1,5126D,,SCHEDULED,60,1.0
2026-08-16T05:35:58Z,5126D25603R1,5126D,,SCHEDULED,0,0.0
2026-08-16T05:35:58Z,5126D25486R2S,5126D,,SCHEDULED,120,2.0
2026-08-16T05:35:58Z,5126D25562R2S,5126D,,SCHEDULED,60,1.0
2026-08-16T05:35:58Z,5126D28271R2S,5126D,,SCHEDULED,240,4.0
2026-08-16T05:35:58Z,5126D15800R11,5126D,,SCHEDULED,0,0.0
2026-08-16T05:35:58Z,5126D25616R1,5126D,,SCHEDULED,60,1.0
2026-08-16T05:35:58Z,5126D25607R1,5126D,,SCHEDULED,0,0.0
2026-08-16T05:35:58Z,5126D35518R3,5126D,,CANCELED,,
2026-08-16T05:35:58Z,5126D15003R15,5126D,,SCHEDULED,0,0.0
2026-08-16T05:35:58Z,5126D25600R1,5126D,,SCHEDULED,360,6.0
2026-08-16T05:35:58Z,5126D30531R15,5126D,,SCHEDULED,180,3.0
2026-08-16T05:35:58Z,5126D25404R2N,5126D,,SCHEDULED,120,2.0
2026-08-16T05:35:58Z,5126D25601R1,5126D,,SCHEDULED,420,7.0
2026-08-16T05:35:58Z,5126D25406R2N,5126D,,SCHEDULED,0,0.0
2026-08-16T05:35:58Z,5126D25612R1,5126D,,SCHEDULED,0,0.0
2026-08-16T05:35:58Z,5126D28268R2S,5126D,,SCHEDULED,420,7.0
2026-08-16T05:35:58Z,5126D35525R3,5126D,,SCHEDULED,0,0.0
2026-08-16T05:35:58Z,5126D35523R3,5126D,,SCHEDULED,0,0.0
2026-08-16T05:35:58Z,5126D28269R2S,5126D,,SCHEDULED,60,1.0
2026-08-16T05:35:58Z,5126D77400R4,5126D,,SCHEDULED,0,0.0
2026-08-16T05:35:58Z,5126D77404R4,5126D,,SCHEDULED,420,7.0
2026-08-16T05:35:58Z,5126D77500R4,5126D,,SCHEDULED,180,3.0
2026-08-16T05:35:58Z,5126D15776R11,5126D,,SCHEDULED,0,0.0
2026-08-16T05:35:58Z,5126D78634R8,5126D,,SCHEDULED,180,3.0
2026-08-16T05:35:58Z,5126D77408R4,5126D,,SCHEDULED,300,5.0
2026-08-16T05:35:58Z,5126D18121R16,5126D,,SCHEDULED,60,1.0
2026-08-16T05:35:58Z,5126D18123R16,5126D,,SCHEDULED,300,5.0
2026-08-16T05:35:58Z,5126D77504R4,5126D,,SCHEDULED,600,10.0
2026-08-16T05:35:58Z,5126D25611R1,5126D,,SCHEDULED,0,0.0
2026-08-16T05:35:58Z,5126D33532RL4,5126D,,SCHEDULED,0,0.0
2026-08-16T05:35:58Z,5126D77508R4,5126D,,SCHEDULED,-180,-3.0
2026-08-16T05:35:58Z,5126D25509R2S,5126D,,SCHEDULED,0,0.0
2026-08-16T05:35:58Z,5126D25608R1,5126D,,SCHEDULED,60,1.0
2026-08-16T05:35:58Z,5126D25503R2S,5126D,,SCHEDULED,720,12.0
2026-08-16T05:35:58Z,5126D25505R2S,5126D,,SCHEDULED,0,0.0
2026-08-16T05:35:58Z,5126D25504R2S,5126D,,SCHEDULED,360,6.0
2026-08-16T05:35:58Z,5126D77510R4,5126D,,SCHEDULED,300,5.0
2026-08-16T05:35:58Z,5126D78602R8,5126D,,SCHEDULED,60,1.0
2026-08-16T05:35:58Z,5126D77512R4,5126D,,SCHEDULED,-120,-2.0
2026-08-16T05:35:58Z,5126D28410R2N,5126D,,SCHEDULED,-60,-1.0
2026-08-16T05:35:58Z,5126D77514R4,5126D,,SCHEDULED,60,1.0
2026-08-16T05:35:58Z,5126D77316R3,5126D,,SCHEDULED,-180,-3.0
2026-08-16T05:35:58Z,6026D26511C3,6026D,,SCHEDULED,60,1.0
2026-08-16T05:35:58Z,6026D26510C3,6026D,,SCHEDULED,60,1.0
2026-08-16T05:35:58Z,6026D29613C1,6026D,,SCHEDULED,180,3.0
2026-08-16T05:35:58Z,6026D29511C2,6026D,,SCHEDULED,120,2.0
2026-08-16T05:35:58Z,6026D71507C4,6026D,,SCHEDULED,-60,-1.0
2026-08-16T05:35:58Z,6026D29615C1,6026D,,SCHEDULED,0,0.0
2026-08-16T05:35:58Z,6026D26508C3,6026D,,SCHEDULED,240,4.0
2026-08-16T05:35:58Z,6026D29508C2,6026D,,SCHEDULED,180,3.0
2026-08-16T05:35:58Z,6026D26512C3,6026D,,SCHEDULED,0,0.0
2026-08-16T05:35:58Z,6026D29678C1,6026D,,SCHEDULED,180,3.0
2026-08-16T05:35:58Z,6026D71504C4,6026D,,SCHEDULED,180,3.0
2026-08-16T05:35:58Z,6026D26509C3,6026D,,SCHEDULED,0,0.0
2026-08-16T05:35:58Z,6126D32702C1,6126D,,SCHEDULED,60,1.0
2026-08-16T05:35:58Z,6126D32703C1,6126D,,SCHEDULED,0,0.0
2026-08-16T05:35:58Z,6126D81701C1,6126D,,SCHEDULED,0,0.0
2026-08-16T05:35:58Z,6126D32771C1,6126D,,SCHEDULED,540,9.0
2026-08-16T05:35:58Z,6226D71154C2,6226D,,SCHEDULED,180,3.0
2026-08-16T05:35:58Z,6226D71193C2,6226D,,SCHEDULED,120,2.0
2026-08-16T05:35:58Z,6226D71156C2,6226D,,SCHEDULED,0,0.0
2026-08-16T05:35:58Z,6226D81353C3,6226D,,SCHEDULED,0,0.0
2026-08-16T05:35:58Z,6226D71203C3,6226D,,SCHEDULED,0,0.0
2026-08-16T05:35:58Z,4726D71081C1,4726D,,SCHEDULED,0,0.0
2026-08-16T05:35:58Z,4726D71090C1,4726D,,SCHEDULED,0,0.0
2026-08-16T05:35:58Z,4726D71080C1,4726D,,SCHEDULED,960,16.0
2026-08-16T05:35:58Z,4126D84902C2,4126D,,SCHEDULED,900,15.0
2026-08-16T05:35:58Z,4126D24751C1,4126D,,SCHEDULED,0,0.0
2026-08-16T05:35:58Z,4126D84903C2,4126D,,SCHEDULED,600,10.0
2026-08-16T05:35:58Z,4126D24702C1,4126D,,SCHEDULED,240,4.0
2026-08-16T05:35:58Z,4126D24703C1,4126D,,SCHEDULED,180,3.0
2026-08-16T05:35:58Z,4526D71703C1,4526D,,SCHEDULED,360,6.0
2026-08-16T05:35:58Z,7026D31504C1,7026D,,SCHEDULED,0,0.0
2026-08-16T05:35:58Z,7026D31505C1,7026D,,SCHEDULED,0,0.0
2026-08-16T05:35:58Z,1026D79513C2,1026D,,SCHEDULED,300,5.0
2026-08-16T05:35:58Z,1026D27421C4b,1026D,,SCHEDULED,120,2.0
2026-08-16T05:35:58Z,1026D27221C4a,1026D,,SCHEDULED,0,0.0
2026-08-16T05:35:58Z,1026D27222C4a,1026D,,SCHEDULED,0,0.0
2026-08-16T05:35:58Z,1026D79239C7,1026D,,SCHEDULED,60,1.0
2026-08-16T05:35:58Z,1026D79954C8b,1026D,,SCHEDULED,60,1.0
2026-08-16T05:35:58Z,1026D79957C8b,1026D,,SCHEDULED,0,0.0
2026-08-16T05:35:58Z,1026D79517C2,1026D,,SCHEDULED,0,0.0
2026-08-16T05:35:58Z,1026D79956C8b,1026D,,SCHEDULED,60,1.0
2026-08-16T05:35:58Z,1026D76209C5,1026D,,SCHEDULED,0,0.0
2026-08-16T05:35:58Z,1026D77000C5,1026D,,SCHEDULED,300,5.0
2026-08-16T05:35:58Z,1026D77001C5,1026D,,SCHEDULED,0,0.0
2026-08-16T05:35:58Z,1026D27013C3,1026D,,SCHEDULED,0,0.0
2026-08-16T05:35:58Z,1026D79606C10,1026D,,SCHEDULED,480,8.0
2026-08-16T05:35:58Z,1026D79807C8a,1026D,,SCHEDULED,120,2.0
2026-08-16T05:35:58Z,1026D79809C8a,1026D,,SCHEDULED,0,0.0
2026-08-16T05:35:58Z,1026D27423C4b,1026D,,SCHEDULED,0,0.0
2026-08-16T05:35:58Z,1026D79230C7,1026D,,SCHEDULED,0,0.0
2026-08-16T05:35:58Z,1026D79231C7,1026D,,CANCELED,,
2026-08-16T05:35:58Z,1026D79234C7,1026D,,SCHEDULED,0,0.0
2026-08-16T05:35:58Z,1026D27220C4a,1026D,,SCHEDULED,120,2.0
2026-08-16T05:35:58Z,1026D79235C7,1026D,,SCHEDULED,420,7.0
2026-08-16T05:35:58Z,1026D27223C4a,1026D,,SCHEDULED,0,0.0
2026-08-16T05:35:58Z,1026D79953C8b,1026D,,CANCELED,,
2026-08-16T05:35:58Z,1026D79108C7,1026D,,SCHEDULED,0,0.0
2026-08-16T05:35:58Z,1026D79702C10,1026D,,SCHEDULED,0,0.0
2026-08-16T05:35:58Z,1026D79107C7,1026D,,SCHEDULED,300,5.0
2026-08-16T05:35:58Z,1026D19816C1,1026D,,SCHEDULED,0,0.0
2026-08-16T05:35:58Z,1026D79704C10,1026D,,SCHEDULED,0,0.0
2026-08-16T05:35:58Z,1026D79109C7,1026D,,SCHEDULED,240,4.0
2026-08-16T05:35:58Z,1026D19815C1,1026D,,SCHEDULED,0,0.0
2026-08-16T05:35:58Z,1026D79706C10,1026D,,SCHEDULED,0,0.0
2026-08-16T05:35:58Z,1026D19817C1,1026D,,SCHEDULED,60,1.0
2026-08-16T05:35:58Z,1026D19812C1,1026D,,SCHEDULED,60,1.0
2026-08-16T05:35:58Z,1026D79509C2,1026D,,SCHEDULED,1260,21.0
2026-08-16T05:35:58Z,1026D27415C4b,1026D,,SCHEDULED,180,3.0
2026-08-16T05:35:58Z,1026D27412C4b,1026D,,SCHEDULED,0,0.0
2026-08-16T05:35:58Z,1026D27214C4a,1026D,,SCHEDULED,600,10.0
2026-08-16T05:35:58Z,1026D27215C4a,1026D,,SCHEDULED,600,10.0
2026-08-16T05:35:58Z,1026D27419C4b,1026D,,SCHEDULED,240,4.0
2026-08-16T05:35:58Z,1026D19814C1,1026D,,SCHEDULED,0,0.0
2026-08-16T05:35:58Z,1026D79222C7,1026D,,SCHEDULED,0,0.0
2026-08-16T05:35:58Z,1026D27416C4b,1026D,,SCHEDULED,0,0.0
2026-08-16T05:35:58Z,1026D79104C7,1026D,,SCHEDULED,3240,54.0
2026-08-16T05:35:58Z,1026D79423C2,1026D,,SCHEDULED,0,0.0
2026-08-16T05:35:58Z,1026D27218C4a,1026D,,SCHEDULED,60,1.0
2026-08-16T05:35:58Z,1026D77002C5,1026D,,SCHEDULED,0,0.0
2026-08-16T05:35:58Z,1026D79225C7,1026D,,SCHEDULED,0,0.0
2026-08-16T05:35:58Z,1026D79103C7,1026D,,SCHEDULED,4620,77.0
2026-08-16T05:35:58Z,1026D27219C4a,1026D,,SCHEDULED,180,3.0
2026-08-16T05:35:58Z,1026D77004C5,1026D,,SCHEDULED,0,0.0
2026-08-16T05:35:58Z,1026D79106C7,1026D,,SCHEDULED,240,4.0
2026-08-16T05:35:58Z,1026D27417C4b,1026D,,SCHEDULED,660,11.0
2026-08-16T05:35:58Z,1026D19819C1,1026D,,SCHEDULED,0,0.0
2026-08-16T05:35:58Z,1026D79226C7,1026D,,SCHEDULED,60,1.0
2026-08-16T05:35:58Z,1026D79105C7,1026D,,SCHEDULED,660,11.0
2026-08-16T05:35:58Z,1026D27008C3,1026D,,SCHEDULED,0,0.0
2026-08-16T05:35:58Z,1026D27006C3,1026D,,SCHEDULED,60,1.0
2026-08-16T05:35:58Z,1026D76380C5,1026D,,SCHEDULED,60,1.0
2026-08-16T05:35:58Z,1026D76381C5,1026D,,SCHEDULED,0,0.0
2026-08-16T05:35:58Z,1026D27010C3,1026D,,SCHEDULED,60,1.0
2026-08-16T05:35:58Z,1026D27408C4b,1026D,,SCHEDULED,120,2.0
2026-08-16T05:35:58Z,1026D76373C5,1026D,,SCHEDULED,120,2.0
2026-08-16T05:35:58Z,1026D76210C5,1026D,,SCHEDULED,0,0.0
2026-08-16T05:35:58Z,1026D76382C5,1026D,,SCHEDULED,180,3.0
2026-08-16T05:35:58Z,1026D76694C5,1026D,,SCHEDULED,0,0.0
2026-08-16T05:35:58Z,1026D27009C3,1026D,,SCHEDULED,300,5.0
2026-08-16T05:35:58Z,1026D76375C5,1026D,,SCHEDULED,0,0.0
2026-08-16T05:35:58Z,1026D76211C5,1026D,,SCHEDULED,0,0.0
2026-08-16T05:35:58Z,1026D76383C5,1026D,,SCHEDULED,0,0.0
2026-08-16T05:35:58Z,1026D79521C2,1026D,,SCHEDULED,120,2.0
2026-08-16T05:35:58Z,1026D76696C5,1026D,,SCHEDULED,0,0.0
2026-08-16T05:35:58Z,1026D76384C5,1026D,,SCHEDULED,120,2.0
2026-08-16T05:35:58Z,1026D76377C5,1026D,,SCHEDULED,480,8.0
2026-08-16T05:35:58Z,1026D27410C4b,1026D,,SCHEDULED,120,2.0
2026-08-16T05:35:58Z,1026D79410C2,1026D,,SCHEDULED,0,0.0
2026-08-16T05:35:58Z,1026D27213C4a,1026D,,CANCELED,,
2026-08-16T05:35:58Z,1026D76386C5,1026D,,SCHEDULED,0,0.0
2026-08-16T05:35:58Z,1026D76378C5,1026D,,SCHEDULED,180,3.0
2026-08-16T05:35:58Z,1026D79610C10,1026D,,SCHEDULED,0,0.0
2026-08-16T05:35:58Z,1026D76379C5,1026D,,SCHEDULED,0,0.0
2026-08-16T05:35:58Z,1026D76388C5,1026D,,SCHEDULED,0,0.0
2026-08-16T05:35:58Z,1026D27012C3,1026D,,SCHEDULED,60,1.0
2026-08-16T05:35:58Z,1026D79812C8a,1026D,,SCHEDULED,180,3.0
2026-08-16T05:35:58Z,1026D79415C2,1026D,,SCHEDULED,0,0.0
2026-08-16T05:35:58Z,1026D76701C5,1026D,,SCHEDULED,0,0.0
2026-08-16T05:35:58Z,1026D79419C2,1026D,,SCHEDULED,600,10.0
2026-08-16T05:35:58Z,1026D76703C5,1026D,,SCHEDULED,180,3.0
2026-08-16T05:35:58Z,1026D76705C5,1026D,,SCHEDULED,0,0.0
2026-08-16T05:35:58Z,1026D27414C4b,1026D,,SCHEDULED,180,3.0
2026-08-16T05:35:58Z,1026D27216C4a,1026D,,SCHEDULED,180,3.0
2026-08-16T05:35:58Z,1026D27217C4a,1026D,,SCHEDULED,240,4.0
2026-08-16T05:41:03Z,3026D23507C1,3026D,,SCHEDULED,360,6.0
2026-08-16T05:41:03Z,3026D23514C1,3026D,,SCHEDULED,60,1.0
2026-08-16T05:41:03Z,3026D23703C5,3026D,,SCHEDULED,60,1.0
2026-08-16T05:41:03Z,3026D23506C1,3026D,,SCHEDULED,540,9.0
2026-08-16T05:41:03Z,3026D23895C5,3026D,,SCHEDULED,0,0.0
2026-08-16T05:41:03Z,3026D23607C4,3026D,,SCHEDULED,180,3.0
2026-08-16T05:41:03Z,3026D23513C1,3026D,,SCHEDULED,0,0.0
2026-08-16T05:41:03Z,3126D23204C1,3126D,,SCHEDULED,180,3.0
2026-08-16T05:41:03Z,3126D23424T1,3126D,,SCHEDULED,60,1.0
2026-08-16T05:41:03Z,3126D23205C1,3126D,,SCHEDULED,0,0.0
2026-08-16T05:41:03Z,3126D23426T1,3126D,,SCHEDULED,0,0.0
2026-08-16T05:41:03Z,3126D23423T1,3126D,,SCHEDULED,0,0.0
2026-08-16T05:41:03Z,3226D23311C1,3226D,,SCHEDULED,0,0.0
2026-08-16T05:41:03Z,3226D23306C1,3226D,,SCHEDULED,-60,-1.0
2026-08-16T05:41:03Z,4026D24293C1,4026D,,SCHEDULED,-120,-2.0
2026-08-16T05:41:03Z,4026D80017C3,4026D,,SCHEDULED,0,0.0
2026-08-16T05:41:03Z,4026D76656C3,4026D,,SCHEDULED,-420,-7.0
2026-08-16T05:41:03Z,4026D33451C6,4026D,,SCHEDULED,0,0.0
2026-08-16T05:41:03Z,4026D24302C6,4026D,,SCHEDULED,120,2.0
2026-08-16T05:41:03Z,4026D24303C6,4026D,,SCHEDULED,0,0.0
2026-08-16T05:41:03Z,4026D24007C2,4026D,,SCHEDULED,240,4.0
2026-08-16T05:41:03Z,4026D24205C1,4026D,,SCHEDULED,-180,-3.0
2026-08-16T05:41:03Z,4026D24208C1,4026D,,SCHEDULED,0,0.0
2026-08-16T05:41:03Z,4026D24309C6,4026D,,SCHEDULED,0,0.0
2026-08-16T05:41:03Z,4026D24211C1,4026D,,SCHEDULED,0,0.0
2026-08-16T05:41:03Z,4026D24016C2,4026D,,SCHEDULED,0,0.0
2026-08-16T05:41:03Z,5126D25600R1,5126D,,SCHEDULED,180,3.0
2026-08-16T05:41:03Z,5126D30531R15,5126D,,SCHEDULED,180,3.0
2026-08-16T05:41:03Z,5126D25404R2N,5126D,,SCHEDULED,-60,-1.0
2026-08-16T05:41:03Z,5126D25601R1,5126D,,SCHEDULED,420,7.0
2026-08-16T05:41:03Z,5126D25801R1,5126D,,SCHEDULED,60,1.0
2026-08-16T05:41:03Z,5126D25603R1,5126D,,SCHEDULED,180,3.0
2026-08-16T05:41:03Z,5126D28268R2S,5126D,,SCHEDULED,540,9.0
2026-08-16T05:41:03Z,5126D77410R4,5126D,,SCHEDULED,840,14.0
2026-08-16T05:41:03Z,5126D28269R2S,5126D,,SCHEDULED,120,2.0
2026-08-16T05:41:03Z,5126D25486R2S,5126D,,SCHEDULED,60,1.0
2026-08-16T05:41:03Z,5126D25562R2S,5126D,,SCHEDULED,180,3.0
2026-08-16T05:41:03Z,5126D77500R4,5126D,,SCHEDULED,300,5.0
2026-08-16T05:41:03Z,5126D28271R2S,5126D,,SCHEDULED,0,0.0
2026-08-16T05:41:03Z,5126D78634R8,5126D,,SCHEDULED,120,2.0
2026-08-16T05:41:03Z,5126D33532RL4,5126D,,SCHEDULED,0,0.0
2026-08-16T05:41:03Z,5126D77508R4,5126D,,SCHEDULED,0,0.0
2026-08-16T05:41:03Z,5126D28272R2S,5126D,,SCHEDULED,120,2.0
2026-08-16T05:41:03Z,5126D25616R1,5126D,,SCHEDULED,60,1.0
2026-08-16T05:41:03Z,5126D25408R2N,5126D,,SCHEDULED,60,1.0
2026-08-16T05:41:03Z,5126D18121R16,5126D,,SCHEDULED,60,1.0
2026-08-16T05:41:03Z,5126D15003R15,5126D,,SCHEDULED,0,0.0
2026-08-16T05:41:03Z,5126D18123R16,5126D,,SCHEDULED,300,5.0
2026-08-16T05:41:03Z,5126D25611R1,5126D,,SCHEDULED,60,1.0
2026-08-16T05:41:03Z,5126D28408R2N,5126D,,SCHEDULED,120,2.0
2026-08-16T05:41:03Z,5126D25612R1,5126D,,SCHEDULED,0,0.0
2026-08-16T05:41:03Z,5126D25506R2S,5126D,,SCHEDULED,480,8.0
2026-08-16T05:41:03Z,5126D25509R2S,5126D,,SCHEDULED,0,0.0
2026-08-16T05:41:03Z,5126D35525R3,5126D,,SCHEDULED,0,0.0
2026-08-16T05:41:03Z,5126D35523R3,5126D,,SCHEDULED,0,0.0
2026-08-16T05:41:03Z,5126D77400R4,5126D,,SCHEDULED,-60,-1.0
2026-08-16T05:41:03Z,5126D77404R4,5126D,,SCHEDULED,420,7.0
2026-08-16T05:41:03Z,5126D25503R2S,5126D,,SCHEDULED,840,14.0
2026-08-16T05:41:03Z,5126D15776R11,5126D,,SCHEDULED,0,0.0
2026-08-16T05:41:03Z,5126D25505R2S,5126D,,SCHEDULED,60,1.0
2026-08-16T05:41:03Z,5126D77408R4,5126D,,SCHEDULED,360,6.0
2026-08-16T05:41:03Z,5126D77510R4,5126D,,SCHEDULED,360,6.0
2026-08-16T05:41:03Z,5126D28412R2N,5126D,,SCHEDULED,0,0.0
2026-08-16T05:41:03Z,5126D78602R8,5126D,,SCHEDULED,-60,-1.0
2026-08-16T05:41:03Z,5126D77512R4,5126D,,SCHEDULED,-60,-1.0
2026-08-16T05:41:03Z,5126D28410R2N,5126D,,SCHEDULED,-60,-1.0
2026-08-16T05:41:03Z,5126D77514R4,5126D,,SCHEDULED,0,0.0
2026-08-16T05:41:03Z,5126D77316R3,5126D,,SCHEDULED,-120,-2.0
2026-08-16T05:41:03Z,5126D35518R3,5126D,,CANCELED,,
2026-08-16T05:41:03Z,6026D29678C1,6026D,,SCHEDULED,240,4.0
2026-08-16T05:41:03Z,6026D29615C1,6026D,,SCHEDULED,0,0.0
2026-08-16T05:41:03Z,6026D26511C3,6026D,,SCHEDULED,120,2.0
2026-08-16T05:41:03Z,6026D26510C3,6026D,,SCHEDULED,60,1.0
2026-08-16T05:41:03Z,6026D29508C2,6026D,,SCHEDULED,120,2.0
2026-08-16T05:41:03Z,6026D29613C1,6026D,,SCHEDULED,120,2.0
2026-08-16T05:41:03Z,6026D26508C3,6026D,,SCHEDULED,240,4.0
2026-08-16T05:41:03Z,6026D29612C1,6026D,,SCHEDULED,0,0.0
2026-08-16T05:41:03Z,6026D26512C3,6026D,,SCHEDULED,0,0.0
2026-08-16T05:41:03Z,6026D71504C4,6026D,,SCHEDULED,-60,-1.0
2026-08-16T05:41:03Z,6026D71507C4,6026D,,SCHEDULED,-120,-2.0
2026-08-16T05:41:03Z,6026D26509C3,6026D,,SCHEDULED,60,1.0
2026-08-16T05:41:03Z,6026D29511C2,6026D,,SCHEDULED,120,2.0
2026-08-16T05:41:03Z,6026D29510C2,6026D,,SCHEDULED,0,0.0
2026-08-16T05:41:03Z,6126D32702C1,6126D,,SCHEDULED,180,3.0
2026-08-16T05:41:03Z,6126D32771C1,6126D,,SCHEDULED,600,10.0
2026-08-16T05:41:03Z,6126D32703C1,6126D,,SCHEDULED,0,0.0
2026-08-16T05:41:03Z,6126D81771C1,6126D,,SCHEDULED,0,0.0
2026-08-16T05:41:03Z,6226D71154C2,6226D,,SCHEDULED,60,1.0
2026-08-16T05:41:03Z,6226D71193C2,6226D,,SCHEDULED,120,2.0
2026-08-16T05:41:03Z,6226D81353C3,6226D,,SCHEDULED,0,0.0
2026-08-16T05:41:03Z,6226D35917C1,6226D,,SCHEDULED,360,6.0
2026-08-16T05:41:03Z,6226D71203C3,6226D,,SCHEDULED,0,0.0
2026-08-16T05:41:03Z,6226D71156C2,6226D,,SCHEDULED,0,0.0
2026-08-16T05:41:03Z,4726D71081C1,4726D,,SCHEDULED,0,0.0
2026-08-16T05:41:03Z,4726D71080C1,4726D,,SCHEDULED,780,13.0
2026-08-16T05:41:03Z,4726D71090C1,4726D,,SCHEDULED,0,0.0
2026-08-16T05:41:03Z,2026D70405C5,2026D,,SCHEDULED,-120,-2.0
2026-08-16T05:41:03Z,2026D22311C3,2026D,,SCHEDULED,0,0.0
2026-08-16T05:41:03Z,2026D70904C8,2026D,,SCHEDULED,720,12.0
2026-08-16T05:41:03Z,2026D70208C4,2026D,,SCHEDULED,0,0.0
2026-08-16T05:41:03Z,2026D70506C7,2026D,,SCHEDULED,0,0.0
2026-08-16T05:41:03Z,2026D70802C6,2026D,,SCHEDULED,-60,-1.0
2026-08-16T05:41:03Z,2026D70505C7,2026D,,SCHEDULED,480,8.0
2026-08-16T05:41:03Z,2026D70901C8,2026D,,SCHEDULED,780,13.0
2026-08-16T05:41:03Z,2026D22206C2,2026D,,SCHEDULED,120,2.0
2026-08-16T05:41:03Z,2026D70853C6,2026D,,SCHEDULED,540,9.0
2026-08-16T05:41:03Z,2026D70852C6,2026D,,SCHEDULED,0,0.0
2026-08-16T05:41:03Z,2026D70855C6,2026D,,SCHEDULED,120,2.0
2026-08-16T05:41:03Z,2026D70850C6,2026D,,SCHEDULED,420,7.0
2026-08-16T05:41:03Z,2026D22008C1,2026D,,SCHEDULED,60,1.0
2026-08-16T05:41:03Z,2026D70251C4,2026D,,SCHEDULED,60,1.0
2026-08-16T05:41:03Z,2026D70203C4,2026D,,SCHEDULED,1020,17.0
2026-08-16T05:41:03Z,2026D70800C6,2026D,,SCHEDULED,840,14.0
2026-08-16T05:41:03Z,2026D70250C4,2026D,,SCHEDULED,840,14.0
2026-08-16T05:41:03Z,2026D22003C1,2026D,,SCHEDULED,360,6.0
2026-08-16T05:41:03Z,2026D22004C1,2026D,,SCHEDULED,420,7.0
2026-08-16T05:41:03Z,2026D22007C1,2026D,,SCHEDULED,0,0.0
2026-08-16T05:41:03Z,2026D70757C6,2026D,,SCHEDULED,900,15.0
2026-08-16T05:41:03Z,2026D70404C5,2026D,,SCHEDULED,0,0.0
2026-08-16T05:41:03Z,2026D70206C4,2026D,,SCHEDULED,420,7.0
2026-08-16T05:41:03Z,4126D24751C1,4126D,,SCHEDULED,0,0.0
2026-08-16T05:41:03Z,4126D84904C2,4126D,,SCHEDULED,3900,65.0
2026-08-16T05:41:03Z,4126D24702C1,4126D,,SCHEDULED,600,10.0
2026-08-16T05:41:03Z,4126D84903C2,4126D,,SCHEDULED,900,15.0
2026-08-16T05:41:03Z,4126D24703C1,4126D,,SCHEDULED,60,1.0
2026-08-16T05:41:03Z,4126D84902C2,4126D,,SCHEDULED,1200,20.0
2026-08-16T05:41:03Z,4526D71703C1,4526D,,SCHEDULED,60,1.0
2026-08-16T05:41:03Z,7026D31504C1,7026D,,SCHEDULED,0,0.0
2026-08-16T05:41:03Z,7026D31505C1,7026D,,SCHEDULED,120,2.0
2026-08-16T05:41:03Z,1026D27013C3,1026D,,SCHEDULED,0,0.0
2026-08-16T05:41:03Z,1026D79525C2,1026D,,SCHEDULED,0,0.0
2026-08-16T05:41:03Z,1026D79807C8a,1026D,,SCHEDULED,0,0.0
2026-08-16T05:41:03Z,1026D79608C10,1026D,,SCHEDULED,480,8.0
2026-08-16T05:41:03Z,1026D79809C8a,1026D,,SCHEDULED,120,2.0
2026-08-16T05:41:03Z,1026D27423C4b,1026D,,SCHEDULED,0,0.0
2026-08-16T05:41:03Z,1026D79230C7,1026D,,SCHEDULED,60,1.0
2026-08-16T05:41:03Z,1026D79231C7,1026D,,CANCELED,,
2026-08-16T05:41:03Z,1026D79234C7,1026D,,SCHEDULED,0,0.0
2026-08-16T05:41:03Z,1026D27220C4a,1026D,,SCHEDULED,420,7.0
2026-08-16T05:41:03Z,1026D79235C7,1026D,,SCHEDULED,60,1.0
2026-08-16T05:41:03Z,1026D79238C7,1026D,,SCHEDULED,0,0.0
2026-08-16T05:41:03Z,1026D27223C4a,1026D,,SCHEDULED,0,0.0
2026-08-16T05:41:03Z,1026D79513C2,1026D,,SCHEDULED,420,7.0
2026-08-16T05:41:03Z,1026D27421C4b,1026D,,SCHEDULED,0,0.0
2026-08-16T05:41:03Z,1026D27221C4a,1026D,,SCHEDULED,0,0.0
2026-08-16T05:41:03Z,1026D27222C4a,1026D,,SCHEDULED,0,0.0
2026-08-16T05:41:03Z,1026D79239C7,1026D,,SCHEDULED,360,6.0
2026-08-16T05:41:03Z,1026D79954C8b,1026D,,SCHEDULED,360,6.0
2026-08-16T05:41:03Z,1026D79957C8b,1026D,,SCHEDULED,0,0.0
2026-08-16T05:41:03Z,1026D79517C2,1026D,,SCHEDULED,0,0.0
2026-08-16T05:41:03Z,1026D79226C7,1026D,,SCHEDULED,180,3.0
2026-08-16T05:41:03Z,1026D79105C7,1026D,,SCHEDULED,1020,17.0
2026-08-16T05:41:03Z,1026D79108C7,1026D,,SCHEDULED,0,0.0
2026-08-16T05:41:03Z,1026D79107C7,1026D,,SCHEDULED,300,5.0
2026-08-16T05:41:03Z,1026D19816C1,1026D,,SCHEDULED,0,0.0
2026-08-16T05:41:03Z,1026D79704C10,1026D,,SCHEDULED,120,2.0
2026-08-16T05:41:03Z,1026D79109C7,1026D,,SCHEDULED,540,9.0
2026-08-16T05:41:03Z,1026D79706C10,1026D,,SCHEDULED,0,0.0
2026-08-16T05:41:03Z,1026D19817C1,1026D,,SCHEDULED,360,6.0
2026-08-16T05:41:03Z,1026D27412C4b,1026D,,SCHEDULED,0,0.0
2026-08-16T05:41:03Z,1026D27215C4a,1026D,,SCHEDULED,840,14.0
2026-08-16T05:41:03Z,1026D79243C7,1026D,,SCHEDULED,0,0.0
2026-08-16T05:41:03Z,1026D19812C1,1026D,,SCHEDULED,120,2.0
2026-08-16T05:41:03Z,1026D27416C4b,1026D,,SCHEDULED,0,0.0
2026-08-16T05:41:03Z,1026D27218C4a,1026D,,SCHEDULED,60,1.0
2026-08-16T05:41:03Z,1026D27219C4a,1026D,,SCHEDULED,120,2.0
2026-08-16T05:41:03Z,1026D19814C1,1026D,,SCHEDULED,0,0.0
2026-08-16T05:41:03Z,1026D79956C8b,1026D,,SCHEDULED,60,1.0
2026-08-16T05:41:03Z,1026D27417C4b,1026D,,SCHEDULED,240,4.0
2026-08-16T05:41:03Z,1026D77001C5,1026D,,SCHEDULED,180,3.0
2026-08-16T05:41:03Z,1026D79222C7,1026D,,SCHEDULED,0,0.0
2026-08-16T05:41:03Z,1026D27010C3,1026D,,SCHEDULED,120,2.0
2026-08-16T05:41:03Z,1026D79104C7,1026D,,SCHEDULED,3540,59.0
2026-08-16T05:41:03Z,1026D79423C2,1026D,,SCHEDULED,0,0.0
2026-08-16T05:41:03Z,1026D77002C5,1026D,,SCHEDULED,60,1.0
2026-08-16T05:41:03Z,1026D79225C7,1026D,,SCHEDULED,60,1.0
2026-08-16T05:41:03Z,1026D76373C5,1026D,,SCHEDULED,180,3.0
2026-08-16T05:41:03Z,1026D77004C5,1026D,,SCHEDULED,0,0.0
2026-08-16T05:41:03Z,1026D79106C7,1026D,,SCHEDULED,540,9.0
2026-08-16T05:41:03Z,1026D27011C3,1026D,,SCHEDULED,60,1.0
2026-08-16T05:41:03Z,1026D76210C5,1026D,,SCHEDULED,0,0.0
2026-08-16T05:41:03Z,1026D76694C5,1026D,,SCHEDULED,60,1.0
2026-08-16T05:41:03Z,1026D19819C1,1026D,,SCHEDULED,0,0.0
2026-08-16T05:41:03Z,1026D76375C5,1026D,,SCHEDULED,0,0.0
2026-08-16T05:41:03Z,1026D76211C5,1026D,,SCHEDULED,0,0.0
2026-08-16T05:41:03Z,1026D27007C3,1026D,,SCHEDULED,300,5.0
2026-08-16T05:41:03Z,1026D79521C2,1026D,,SCHEDULED,120,2.0
2026-08-16T05:41:03Z,1026D27008C3,1026D,,SCHEDULED,60,1.0
2026-08-16T05:41:03Z,1026D76696C5,1026D,,SCHEDULED,0,0.0
2026-08-16T05:41:03Z,1026D76380C5,1026D,,SCHEDULED,120,2.0
2026-08-16T05:41:03Z,1026D76377C5,1026D,,SCHEDULED,60,1.0
2026-08-16T05:41:03Z,1026D76381C5,1026D,,SCHEDULED,0,0.0
2026-08-16T05:41:03Z,1026D27213C4a,1026D,,CANCELED,,
2026-08-16T05:41:03Z,1026D27408C4b,1026D,,SCHEDULED,240,4.0
2026-08-16T05:41:03Z,1026D76379C5,1026D,,SCHEDULED,120,2.0
2026-08-16T05:41:03Z,1026D76382C5,1026D,,SCHEDULED,120,2.0
2026-08-16T05:41:03Z,1026D27009C3,1026D,,SCHEDULED,300,5.0
2026-08-16T05:41:03Z,1026D27012C3,1026D,,SCHEDULED,360,6.0
2026-08-16T05:41:03Z,1026D76383C5,1026D,,SCHEDULED,0,0.0
2026-08-16T05:41:03Z,1026D76384C5,1026D,,SCHEDULED,420,7.0
2026-08-16T05:41:03Z,1026D76386C5,1026D,,SCHEDULED,0,0.0
2026-08-16T05:41:03Z,1026D79610C10,1026D,,SCHEDULED,0,0.0
2026-08-16T05:41:03Z,1026D76388C5,1026D,,SCHEDULED,0,0.0
2026-08-16T05:41:03Z,1026D79812C8a,1026D,,SCHEDULED,180,3.0
2026-08-16T05:41:03Z,1026D79415C2,1026D,,SCHEDULED,60,1.0
2026-08-16T05:41:03Z,1026D79419C2,1026D,,SCHEDULED,900,15.0
2026-08-16T05:41:03Z,1026D76703C5,1026D,,SCHEDULED,480,8.0
2026-08-16T05:41:03Z,1026D76705C5,1026D,,SCHEDULED,0,0.0
2026-08-16T05:41:03Z,1026D27414C4b,1026D,,SCHEDULED,60,1.0
2026-08-16T05:41:03Z,1026D27216C4a,1026D,,SCHEDULED,60,1.0
2026-08-16T05:41:03Z,1026D27217C4a,1026D,,SCHEDULED,420,7.0
2026-08-16T05:41:03Z,1026D27415C4b,1026D,,SCHEDULED,480,8.0
2026-08-16T05:46:01Z,3026D23507C1,3026D,,SCHEDULED,240,4.0
2026-08-16T05:46:01Z,3026D23513C1,3026D,,SCHEDULED,60,1.0
2026-08-16T05:46:01Z,3026D23514C1,3026D,,SCHEDULED,60,1.0
2026-08-16T05:46:01Z,3026D23703C5,3026D,,SCHEDULED,180,3.0
2026-08-16T05:46:01Z,3026D23895C5,3026D,,SCHEDULED,-60,-1.0
2026-08-16T05:46:01Z,3026D23517C1,3026D,,SCHEDULED,0,0.0
2026-08-16T05:46:01Z,3026D23506C1,3026D,,SCHEDULED,600,10.0
2026-08-16T05:46:01Z,3026D23607C4,3026D,,SCHEDULED,180,3.0
2026-08-16T05:46:01Z,3026D23609C4,3026D,,SCHEDULED,0,0.0
2026-08-16T05:46:01Z,3126D23423T1,3126D,,SCHEDULED,0,0.0
2026-08-16T05:46:01Z,3126D23204C1,3126D,,SCHEDULED,180,3.0
2026-08-16T05:46:01Z,3126D23205C1,3126D,,SCHEDULED,60,1.0
2026-08-16T05:46:01Z,3126D23426T1,3126D,,SCHEDULED,0,0.0
2026-08-16T05:46:01Z,3126D23209C1,3126D,,SCHEDULED,0,0.0
2026-08-16T05:46:01Z,3226D23311C1,3226D,,SCHEDULED,0,0.0
2026-08-16T05:46:01Z,3226D23310C1,3226D,,SCHEDULED,0,0.0
2026-08-16T05:46:01Z,4026D24015C2,4026D,,SCHEDULED,0,0.0
2026-08-16T05:46:01Z,4026D24016C2,4026D,,SCHEDULED,0,0.0
2026-08-16T05:46:01Z,4026D24306C6,4026D,,SCHEDULED,-60,-1.0
2026-08-16T05:46:01Z,4026D24302C6,4026D,,SCHEDULED,-360,-6.0
2026-08-16T05:46:01Z,4026D24007C2,4026D,,SCHEDULED,300,5.0
2026-08-16T05:46:01Z,4026D24205C1,4026D,,SCHEDULED,-120,-2.0
2026-08-16T05:46:01Z,4026D24208C1,4026D,,SCHEDULED,60,1.0
2026-08-16T05:46:01Z,4026D33720C6,4026D,,SCHEDULED,0,0.0
2026-08-16T05:46:01Z,4026D80017C3,4026D,,SCHEDULED,0,0.0
2026-08-16T05:46:01Z,4026D24309C6,4026D,,SCHEDULED,0,0.0
2026-08-16T05:46:01Z,4026D76656C3,4026D,,SCHEDULED,-420,-7.0
2026-08-16T05:46:01Z,4026D24211C1,4026D,,SCHEDULED,0,0.0
2026-08-16T05:46:01Z,4026D33451C6,4026D,,SCHEDULED,0,0.0
2026-08-16T05:46:01Z,4026D24011C2,4026D,,SCHEDULED,-60,-1.0
2026-08-16T05:46:01Z,5126D35518R3,5126D,,CANCELED,,
2026-08-16T05:46:01Z,5126D77410R4,5126D,,SCHEDULED,840,14.0
2026-08-16T05:46:01Z,5126D30532R15,5126D,,SCHEDULED,0,0.0
2026-08-16T05:46:01Z,5126D30531R15,5126D,,SCHEDULED,60,1.0
2026-08-16T05:46:01Z,5126D25486R2S,5126D,,SCHEDULED,180,3.0
2026-08-16T05:46:01Z,5126D28269R2S,5126D,,SCHEDULED,0,0.0
2026-08-16T05:46:01Z,5126D28271R2S,5126D,,SCHEDULED,120,2.0
2026-08-16T05:46:01Z,5126D78634R8,5126D,,SCHEDULED,240,4.0
2026-08-16T05:46:01Z,5126D33532RL4,5126D,,SCHEDULED,0,0.0
2026-08-16T05:46:01Z,5126D77508R4,5126D,,SCHEDULED,-60,-1.0
2026-08-16T05:46:01Z,5126D25408R2N,5126D,,SCHEDULED,60,1.0
2026-08-16T05:46:01Z,5126D25607R1,5126D,,SCHEDULED,120,2.0
2026-08-16T05:46:01Z,5126D28272R2S,5126D,,SCHEDULED,180,3.0
2026-08-16T05:46:01Z,5126D25507R2S,5126D,,SCHEDULED,540,9.0
2026-08-16T05:46:01Z,5126D15003R15,5126D,,SCHEDULED,0,0.0
2026-08-16T05:46:01Z,5126D25506R2S,5126D,,SCHEDULED,420,7.0
2026-08-16T05:46:01Z,5126D25600R1,5126D,,SCHEDULED,180,3.0
2026-08-16T05:46:01Z,5126D25509R2S,5126D,,SCHEDULED,0,0.0
2026-08-16T05:46:01Z,5126D25503R2S,5126D,,SCHEDULED,660,11.0
2026-08-16T05:46:01Z,5126D25404R2N,5126D,,SCHEDULED,0,0.0
2026-08-16T05:46:01Z,5126D25505R2S,5126D,,SCHEDULED,0,0.0
2026-08-16T05:46:01Z,5126D25601R1,5126D,,SCHEDULED,540,9.0
2026-08-16T05:46:01Z,5126D25504R2S,5126D,,SCHEDULED,240,4.0
2026-08-16T05:46:01Z,5126D25406R2N,5126D,,SCHEDULED,0,0.0
2026-08-16T05:46:01Z,5126D25801R1,5126D,,SCHEDULED,0,0.0
2026-08-16T05:46:01Z,5126D77510R4,5126D,,SCHEDULED,180,3.0
2026-08-16T05:46:01Z,5126D25603R1,5126D,,SCHEDULED,180,3.0
2026-08-16T05:46:01Z,5126D28273R2S,5126D,,SCHEDULED,0,0.0
2026-08-16T05:46:01Z,5126D25612R1,5126D,,SCHEDULED,0,0.0
2026-08-16T05:46:01Z,5126D28412R2N,5126D,,SCHEDULED,60,1.0
2026-08-16T05:46:01Z,5126D35525R3,5126D,,SCHEDULED,0,0.0
2026-08-16T05:46:01Z,5126D78602R8,5126D,,SCHEDULED,-60,-1.0
2026-08-16T05:46:01Z,5126D35523R3,5126D,,SCHEDULED,60,1.0
2026-08-16T05:46:01Z,5126D77512R4,5126D,,SCHEDULED,-120,-2.0
2026-08-16T05:46:01Z,5126D28410R2N,5126D,,SCHEDULED,60,1.0
2026-08-16T05:46:01Z,5126D77400R4,5126D,,SCHEDULED,0,0.0
2026-08-16T05:46:01Z,5126D77712R4,5126D,,SCHEDULED,0,0.0
2026-08-16T05:46:01Z,5126D77514R4,5126D,,SCHEDULED,-60,-1.0
2026-08-16T05:46:01Z,5126D77404R4,5126D,,SCHEDULED,300,5.0
2026-08-16T05:46:01Z,5126D25616R1,5126D,,SCHEDULED,180,3.0
2026-08-16T05:46:01Z,5126D15776R11,5126D,,SCHEDULED,0,0.0
2026-08-16T05:46:01Z,5126D18121R16,5126D,,SCHEDULED,60,1.0
2026-08-16T05:46:01Z,5126D28408R2N,5126D,,SCHEDULED,60,1.0
2026-08-16T05:46:01Z,5126D77408R4,5126D,,SCHEDULED,480,8.0
2026-08-16T05:46:01Z,6026D26512C3,6026D,,SCHEDULED,0,0.0
2026-08-16T05:46:01Z,6026D29678C1,6026D,,SCHEDULED,300,5.0
2026-08-16T05:46:01Z,6026D29508C2,6026D,,SCHEDULED,180,3.0
2026-08-16T05:46:01Z,6026D29511C2,6026D,,SCHEDULED,180,3.0
2026-08-16T05:46:01Z,6026D29510C2,6026D,,SCHEDULED,0,0.0
2026-08-16T05:46:01Z,6026D29615C1,6026D,,SCHEDULED,0,0.0
2026-08-16T05:46:01Z,6026D26511C3,6026D,,SCHEDULED,120,2.0
2026-08-16T05:46:01Z,6026D26510C3,6026D,,SCHEDULED,0,0.0
2026-08-16T05:46:01Z,6026D29612C1,6026D,,SCHEDULED,0,0.0
2026-08-16T05:46:01Z,6026D26508C3,6026D,,SCHEDULED,360,6.0
2026-08-16T05:46:01Z,6026D71504C4,6026D,,SCHEDULED,-60,-1.0
2026-08-16T05:46:01Z,6026D26509C3,6026D,,SCHEDULED,60,1.0
2026-08-16T05:46:01Z,6126D32702C1,6126D,,SCHEDULED,0,0.0
2026-08-16T05:46:01Z,6126D32703C1,6126D,,SCHEDULED,0,0.0
2026-08-16T05:46:01Z,6126D32771C1,6126D,,SCHEDULED,540,9.0
2026-08-16T05:46:01Z,6126D81771C1,6126D,,SCHEDULED,0,0.0
2026-08-16T05:46:01Z,6226D71154C2,6226D,,SCHEDULED,60,1.0
2026-08-16T05:46:01Z,6226D71155C2,6226D,,SCHEDULED,0,0.0
2026-08-16T05:46:01Z,6226D71193C2,6226D,,SCHEDULED,0,0.0
2026-08-16T05:46:01Z,6226D81353C3,6226D,,SCHEDULED,0,0.0
2026-08-16T05:46:01Z,6226D71203C3,6226D,,SCHEDULED,0,0.0
2026-08-16T05:46:01Z,4726D71081C1,4726D,,SCHEDULED,0,0.0
2026-08-16T05:46:01Z,4726D71080C1,4726D,,SCHEDULED,780,13.0
2026-08-16T05:46:01Z,4726D71090C1,4726D,,SCHEDULED,0,0.0
2026-08-16T05:46:01Z,2026D70405C5,2026D,,SCHEDULED,180,3.0
2026-08-16T05:46:01Z,2026D70250C4,2026D,,SCHEDULED,1020,17.0
2026-08-16T05:46:01Z,2026D70506C7,2026D,,SCHEDULED,120,2.0
2026-08-16T05:46:01Z,2026D22311C3,2026D,,SCHEDULED,60,1.0
2026-08-16T05:46:01Z,2026D70904C8,2026D,,SCHEDULED,60,1.0
2026-08-16T05:46:01Z,2026D70208C4,2026D,,SCHEDULED,0,0.0
2026-08-16T05:46:01Z,2026D22206C2,2026D,,SCHEDULED,300,5.0
2026-08-16T05:46:01Z,2026D70802C6,2026D,,SCHEDULED,240,4.0
2026-08-16T05:46:01Z,2026D70901C8,2026D,,SCHEDULED,1080,18.0
2026-08-16T05:46:01Z,2026D70853C6,2026D,,SCHEDULED,180,3.0
2026-08-16T05:46:01Z,2026D70852C6,2026D,,SCHEDULED,0,0.0
2026-08-16T05:46:01Z,2026D22008C1,2026D,,SCHEDULED,0,0.0
2026-08-16T05:46:01Z,2026D70855C6,2026D,,SCHEDULED,60,1.0
2026-08-16T05:46:01Z,2026D70510C7,2026D,,SCHEDULED,0,0.0
2026-08-16T05:46:01Z,2026D70850C6,2026D,,SCHEDULED,120,2.0
2026-08-16T05:46:01Z,2026D70203C4,2026D,,SCHEDULED,1320,22.0
2026-08-16T05:46:01Z,2026D70800C6,2026D,,SCHEDULED,960,16.0
2026-08-16T05:46:01Z,2026D70251C4,2026D,,SCHEDULED,300,5.0
2026-08-16T05:46:01Z,2026D70206C4,2026D,,SCHEDULED,720,12.0
2026-08-16T05:46:01Z,2026D70403C5,2026D,,SCHEDULED,0,0.0
2026-08-16T05:46:01Z,2026D22003C1,2026D,,SCHEDULED,0,0.0
2026-08-16T05:46:01Z,2026D22004C1,2026D,,SCHEDULED,720,12.0
2026-08-16T05:46:01Z,2026D22007C1,2026D,,SCHEDULED,0,0.0
2026-08-16T05:46:01Z,2026D70757C6,2026D,,SCHEDULED,1200,20.0
2026-08-16T05:46:01Z,4126D24751C1,4126D,,SCHEDULED,0,0.0
2026-08-16T05:46:01Z,4126D84904C2,4126D,,SCHEDULED,4200,70.0
2026-08-16T05:46:01Z,4126D24702C1,4126D,,SCHEDULED,240,4.0
2026-08-16T05:46:01Z,4126D84903C2,4126D,,SCHEDULED,1200,20.0
2026-08-16T05:46:01Z,4126D24703C1,4126D,,SCHEDULED,300,5.0
2026-08-16T05:46:01Z,4126D84902C2,4126D,,SCHEDULED,1500,25.0
2026-08-16T05:46:01Z,4526D71703C1,4526D,,SCHEDULED,60,1.0
2026-08-16T05:46:01Z,7026D31504C1,7026D,,SCHEDULED,0,0.0
2026-08-16T05:46:01Z,7026D31505C1,7026D,,SCHEDULED,0,0.0
2026-08-16T05:46:01Z,1026D27013C3,1026D,,SCHEDULED,0,0.0
2026-08-16T05:46:01Z,1026D79525C2,1026D,,SCHEDULED,300,5.0
2026-08-16T05:46:01Z,1026D79608C10,1026D,,SCHEDULED,600,10.0
2026-08-16T05:46:01Z,1026D79809C8a,1026D,,SCHEDULED,180,3.0
2026-08-16T05:46:01Z,1026D27425C4b,1026D,,SCHEDULED,0,0.0
2026-08-16T05:46:01Z,1026D27423C4b,1026D,,SCHEDULED,0,0.0
2026-08-16T05:46:01Z,1026D79230C7,1026D,,SCHEDULED,360,6.0
2026-08-16T05:46:01Z,1026D79110C7,1026D,,SCHEDULED,0,0.0
2026-08-16T05:46:01Z,1026D79231C7,1026D,,CANCELED,,
2026-08-16T05:46:01Z,1026D79234C7,1026D,,SCHEDULED,0,0.0
2026-08-16T05:46:01Z,1026D27220C4a,1026D,,SCHEDULED,720,12.0
2026-08-16T05:46:01Z,1026D79235C7,1026D,,SCHEDULED,120,2.0
2026-08-16T05:46:01Z,1026D79238C7,1026D,,SCHEDULED,0,0.0
2026-08-16T05:46:01Z,1026D27223C4a,1026D,,SCHEDULED,0,0.0
2026-08-16T05:46:01Z,1026D79953C8b,1026D,,SCHEDULED,1920,32.0
2026-08-16T05:46:01Z,1026D79513C2,1026D,,SCHEDULED,420,7.0
2026-08-16T05:46:01Z,1026D27421C4b,1026D,,SCHEDULED,180,3.0
2026-08-16T05:46:01Z,1026D27224C4a,1026D,,SCHEDULED,0,0.0
2026-08-16T05:46:01Z,1026D27221C4a,1026D,,SCHEDULED,300,5.0
2026-08-16T05:46:01Z,1026D27222C4a,1026D,,SCHEDULED,0,0.0
2026-08-16T05:46:01Z,1026D79239C7,1026D,,SCHEDULED,660,11.0
2026-08-16T05:46:01Z,1026D79954C8b,1026D,,SCHEDULED,240,4.0
2026-08-16T05:46:01Z,1026D79957C8b,1026D,,SCHEDULED,0,0.0
2026-08-16T05:46:01Z,1026D27215C4a,1026D,,SCHEDULED,900,15.0
2026-08-16T05:46:01Z,1026D27419C4b,1026D,,SCHEDULED,240,4.0
2026-08-16T05:46:01Z,1026D79243C7,1026D,,SCHEDULED,0,0.0
2026-08-16T05:46:01Z,1026D27416C4b,1026D,,SCHEDULED,0,0.0
2026-08-16T05:46:01Z,1026D27218C4a,1026D,,SCHEDULED,60,1.0
2026-08-16T05:46:01Z,1026D27219C4a,1026D,,SCHEDULED,180,3.0
2026-08-16T05:46:01Z,1026D27417C4b,1026D,,SCHEDULED,600,10.0
2026-08-16T05:46:01Z,1026D27011C3,1026D,,SCHEDULED,0,0.0
2026-08-16T05:46:01Z,1026D76210C5,1026D,,SCHEDULED,300,5.0
2026-08-16T05:46:01Z,1026D76694C5,1026D,,SCHEDULED,60,1.0
2026-08-16T05:46:01Z,1026D76375C5,1026D,,SCHEDULED,120,2.0
2026-08-16T05:46:01Z,1026D76211C5,1026D,,SCHEDULED,0,0.0
2026-08-16T05:46:01Z,1026D79521C2,1026D,,SCHEDULED,240,4.0
2026-08-16T05:46:01Z,1026D27014C3,1026D,,SCHEDULED,0,0.0
2026-08-16T05:46:01Z,1026D76696C5,1026D,,SCHEDULED,0,0.0
2026-08-16T05:46:01Z,1026D76377C5,1026D,,SCHEDULED,0,0.0
2026-08-16T05:46:01Z,1026D27410C4b,1026D,,SCHEDULED,180,3.0
2026-08-16T05:46:01Z,1026D27213C4a,1026D,,CANCELED,,
2026-08-16T05:46:01Z,1026D27015C3,1026D,,SCHEDULED,0,0.0
2026-08-16T05:46:01Z,1026D76698C5,1026D,,SCHEDULED,300,5.0
2026-08-16T05:46:01Z,1026D76379C5,1026D,,SCHEDULED,420,7.0
2026-08-16T05:46:01Z,1026D27012C3,1026D,,SCHEDULED,660,11.0
2026-08-16T05:46:01Z,1026D19821C1,1026D,,SCHEDULED,0,0.0
2026-08-16T05:46:01Z,1026D27007C3,1026D,,SCHEDULED,180,3.0
2026-08-16T05:46:01Z,1026D27008C3,1026D,,SCHEDULED,0,0.0
2026-08-16T05:46:01Z,1026D76380C5,1026D,,SCHEDULED,180,3.0
2026-08-16T05:46:01Z,1026D76381C5,1026D,,SCHEDULED,0,0.0
2026-08-16T05:46:01Z,1026D76382C5,1026D,,SCHEDULED,0,0.0
2026-08-16T05:46:01Z,1026D27009C3,1026D,,SCHEDULED,0,0.0
2026-08-16T05:46:01Z,1026D76383C5,1026D,,SCHEDULED,0,0.0
2026-08-16T05:46:01Z,1026D76384C5,1026D,,SCHEDULED,180,3.0
2026-08-16T05:46:01Z,1026D76386C5,1026D,,SCHEDULED,120,2.0
2026-08-16T05:46:01Z,1026D79610C10,1026D,,SCHEDULED,60,1.0
2026-08-16T05:46:01Z,1026D79612C10,1026D,,SCHEDULED,0,0.0
2026-08-16T05:46:01Z,1026D76388C5,1026D,,SCHEDULED,0,0.0
2026-08-16T05:46:01Z,1026D79812C8a,1026D,,SCHEDULED,180,3.0
2026-08-16T05:46:01Z,1026D79415C2,1026D,,SCHEDULED,60,1.0
2026-08-16T05:46:01Z,1026D79814C8a,1026D,,SCHEDULED,60,1.0
2026-08-16T05:46:01Z,1026D79419C2,1026D,,SCHEDULED,1080,18.0
2026-08-16T05:46:01Z,1026D76703C5,1026D,,SCHEDULED,0,0.0
2026-08-16T05:46:01Z,1026D76705C5,1026D,,SCHEDULED,0,0.0
2026-08-16T05:46:01Z,1026D27414C4b,1026D,,SCHEDULED,180,3.0
2026-08-16T05:46:01Z,1026D27216C4a,1026D,,SCHEDULED,180,3.0
2026-08-16T05:46:01Z,1026D27217C4a,1026D,,SCHEDULED,420,7.0
2026-08-16T05:46:01Z,1026D27412C4b,1026D,,SCHEDULED,0,0.0
2026-08-16T05:46:01Z,1026D19819C1,1026D,,SCHEDULED,0,0.0
2026-08-16T05:46:01Z,1026D79226C7,1026D,,SCHEDULED,0,0.0
2026-08-16T05:46:01Z,1026D79105C7,1026D,,SCHEDULED,840,14.0
2026-08-16T05:46:01Z,1026D79108C7,1026D,,SCHEDULED,60,1.0
2026-08-16T05:46:01Z,1026D79107C7,1026D,,SCHEDULED,600,10.0
2026-08-16T05:46:01Z,1026D19816C1,1026D,,SCHEDULED,0,0.0
2026-08-16T05:46:01Z,1026D79704C10,1026D,,SCHEDULED,0,0.0
2026-08-16T05:46:01Z,1026D79109C7,1026D,,SCHEDULED,840,14.0
2026-08-16T05:46:01Z,1026D79706C10,1026D,,SCHEDULED,0,0.0
2026-08-16T05:46:01Z,1026D19817C1,1026D,,SCHEDULED,60,1.0
2026-08-16T05:46:01Z,1026D19812C1,1026D,,SCHEDULED,0,0.0
2026-08-16T05:46:01Z,1026D19814C1,1026D,,SCHEDULED,300,5.0
2026-08-16T05:46:01Z,1026D79517C2,1026D,,SCHEDULED,300,5.0
2026-08-16T05:46:01Z,1026D79956C8b,1026D,,SCHEDULED,0,0.0
2026-08-16T05:46:01Z,1026D76390C5,1026D,,SCHEDULED,0,0.0
2026-08-16T05:46:01Z,1026D77001C5,1026D,,SCHEDULED,0,0.0
2026-08-16T05:46:01Z,1026D79222C7,1026D,,SCHEDULED,60,1.0
2026-08-16T05:46:01Z,1026D79104C7,1026D,,SCHEDULED,3840,64.0
2026-08-16T05:46:01Z,1026D79423C2,1026D,,SCHEDULED,0,0.0
2026-08-16T05:46:01Z,1026D77002C5,1026D,,SCHEDULED,0,0.0
2026-08-16T05:46:01Z,1026D79225C7,1026D,,SCHEDULED,300,5.0
2026-08-16T05:46:01Z,1026D77004C5,1026D,,SCHEDULED,0,0.0
2026-08-16T05:46:01Z,1026D79106C7,1026D,,SCHEDULED,300,5.0
2026-08-16T05:51:05Z,3026D23514C1,3026D,,SCHEDULED,180,3.0
2026-08-16T05:51:05Z,3026D23517C1,3026D,,SCHEDULED,0,0.0
2026-08-16T05:51:05Z,3026D23507C1,3026D,,SCHEDULED,480,8.0
2026-08-16T05:51:05Z,3026D23895C5,3026D,,SCHEDULED,60,1.0
2026-08-16T05:51:05Z,3026D23609C4,3026D,,SCHEDULED,0,0.0
2026-08-16T05:51:05Z,3026D23607C4,3026D,,SCHEDULED,240,4.0
2026-08-16T05:51:05Z,3026D23513C1,3026D,,SCHEDULED,120,2.0
2026-08-16T05:51:05Z,3126D23423T1,3126D,,SCHEDULED,0,0.0
2026-08-16T05:51:05Z,3126D23204C1,3126D,,SCHEDULED,300,5.0
2026-08-16T05:51:05Z,3126D23205C1,3126D,,SCHEDULED,0,0.0
2026-08-16T05:51:05Z,3126D23426T1,3126D,,SCHEDULED,0,0.0
2026-08-16T05:51:05Z,3126D23209C1,3126D,,SCHEDULED,0,0.0
2026-08-16T05:51:05Z,3226D23306C1,3226D,,SCHEDULED,60,1.0
2026-08-16T05:51:05Z,3226D23311C1,3226D,,SCHEDULED,60,1.0
2026-08-16T05:51:05Z,3226D23310C1,3226D,,SCHEDULED,0,0.0
2026-08-16T05:51:05Z,4026D24015C2,4026D,,SCHEDULED,0,0.0
2026-08-16T05:51:05Z,4026D24016C2,4026D,,SCHEDULED,0,0.0
2026-08-16T05:51:05Z,4026D24306C6,4026D,,SCHEDULED,-60,-1.0
2026-08-16T05:51:05Z,4026D24302C6,4026D,,SCHEDULED,0,0.0
2026-08-16T05:51:05Z,4026D24007C2,4026D,,SCHEDULED,-240,-4.0
2026-08-16T05:51:05Z,4026D80017C3,4026D,,SCHEDULED,0,0.0
2026-08-16T05:51:05Z,4026D24205C1,4026D,,SCHEDULED,-60,-1.0
2026-08-16T05:51:05Z,4026D24208C1,4026D,,SCHEDULED,0,0.0
2026-08-16T05:51:05Z,4026D24011C2,4026D,,SCHEDULED,120,2.0
2026-08-16T05:51:05Z,4026D33720C6,4026D,,SCHEDULED,0,0.0
2026-08-16T05:51:05Z,4026D76603C3,4026D,,SCHEDULED,0,0.0
2026-08-16T05:51:05Z,4026D24309C6,4026D,,SCHEDULED,0,0.0
2026-08-16T05:51:05Z,4026D24211C1,4026D,,SCHEDULED,0,0.0
2026-08-16T05:51:05Z,5126D15003R15,5126D,,SCHEDULED,0,0.0
2026-08-16T05:51:05Z,5126D25600R1,5126D,,SCHEDULED,240,4.0
2026-08-16T05:51:05Z,5126D25404R2N,5126D,,SCHEDULED,-120,-2.0
2026-08-16T05:51:05Z,5126D77316R3,5126D,,SCHEDULED,60,1.0
2026-08-16T05:51:05Z,5126D25406R2N,5126D,,SCHEDULED,60,1.0
2026-08-16T05:51:05Z,5126D25801R1,5126D,,SCHEDULED,0,0.0
2026-08-16T05:51:05Z,5126D25603R1,5126D,,SCHEDULED,180,3.0
2026-08-16T05:51:05Z,5126D28273R2S,5126D,,SCHEDULED,0,0.0
2026-08-16T05:51:05Z,5126D35518R3,5126D,,CANCELED,,
2026-08-16T05:51:05Z,5126D77410R4,5126D,,SCHEDULED,1140,19.0
2026-08-16T05:51:05Z,5126D30532R15,5126D,,SCHEDULED,0,0.0
2026-08-16T05:51:05Z,5126D30531R15,5126D,,SCHEDULED,120,2.0
2026-08-16T05:51:05Z,5126D30530R15,5126D,,SCHEDULED,-60,-1.0
2026-08-16T05:51:05Z,5126D25486R2S,5126D,,SCHEDULED,120,2.0
2026-08-16T05:51:05Z,5126D25562R2S,5126D,,SCHEDULED,60,1.0
2026-08-16T05:51:05Z,5126D28271R2S,5126D,,SCHEDULED,120,2.0
2026-08-16T05:51:05Z,5126D25714R1,5126D,,SCHEDULED,120,2.0
2026-08-16T05:51:05Z,5126D28269R2S,5126D,,SCHEDULED,60,1.0
2026-08-16T05:51:05Z,5126D28272R2S,5126D,,SCHEDULED,180,3.0
2026-08-16T05:51:05Z,5126D15800R11,5126D,,SCHEDULED,60,1.0
2026-08-16T05:51:05Z,5126D25616R1,5126D,,SCHEDULED,120,2.0
2026-08-16T05:51:05Z,5126D18121R16,5126D,,SCHEDULED,60,1.0
2026-08-16T05:51:05Z,5126D25611R1,5126D,,SCHEDULED,60,1.0
2026-08-16T05:51:05Z,5126D25613R1,5126D,,SCHEDULED,60,1.0
2026-08-16T05:51:05Z,5126D78634R8,5126D,,SCHEDULED,180,3.0
2026-08-16T05:51:05Z,5126D28408R2N,5126D,,SCHEDULED,180,3.0
2026-08-16T05:51:05Z,5126D25612R1,5126D,,SCHEDULED,0,0.0
2026-08-16T05:51:05Z,5126D33532RL4,5126D,,SCHEDULED,0,0.0
2026-08-16T05:51:05Z,5126D35525R3,5126D,,SCHEDULED,0,0.0
2026-08-16T05:51:05Z,5126D35523R3,5126D,,SCHEDULED,60,1.0
2026-08-16T05:51:05Z,5126D77508R4,5126D,,SCHEDULED,60,1.0
2026-08-16T05:51:05Z,5126D77400R4,5126D,,SCHEDULED,60,1.0
2026-08-16T05:51:05Z,5126D25607R1,5126D,,SCHEDULED,120,2.0
2026-08-16T05:51:05Z,5126D77404R4,5126D,,SCHEDULED,300,5.0
2026-08-16T05:51:05Z,5126D25506R2S,5126D,,SCHEDULED,480,8.0
2026-08-16T05:51:05Z,5126D25509R2S,5126D,,SCHEDULED,0,0.0
2026-08-16T05:51:05Z,5126D15776R11,5126D,,SCHEDULED,0,0.0
2026-08-16T05:51:05Z,5126D77408R4,5126D,,SCHEDULED,480,8.0
2026-08-16T05:51:05Z,5126D28414R2N,5126D,,SCHEDULED,-60,-1.0
2026-08-16T05:51:05Z,5126D25505R2S,5126D,,SCHEDULED,60,1.0
2026-08-16T05:51:05Z,5126D25504R2S,5126D,,SCHEDULED,240,4.0
2026-08-16T05:51:05Z,5126D77510R4,5126D,,SCHEDULED,0,0.0
2026-08-16T05:51:05Z,5126D28412R2N,5126D,,SCHEDULED,60,1.0
2026-08-16T05:51:05Z,5126D78602R8,5126D,,SCHEDULED,60,1.0
2026-08-16T05:51:05Z,5126D77512R4,5126D,,SCHEDULED,60,1.0
2026-08-16T05:51:05Z,5126D28410R2N,5126D,,SCHEDULED,120,2.0
2026-08-16T05:51:05Z,5126D77712R4,5126D,,SCHEDULED,-120,-2.0
2026-08-16T05:51:05Z,5126D77514R4,5126D,,SCHEDULED,-60,-1.0
2026-08-16T05:51:05Z,6026D26512C3,6026D,,SCHEDULED,0,0.0
2026-08-16T05:51:05Z,6026D29615C1,6026D,,SCHEDULED,120,2.0
2026-08-16T05:51:05Z,6026D26511C3,6026D,,SCHEDULED,180,3.0
2026-08-16T05:51:05Z,6026D26510C3,6026D,,SCHEDULED,60,1.0
2026-08-16T05:51:05Z,6026D26513C3,6026D,,SCHEDULED,0,0.0
2026-08-16T05:51:05Z,6026D29508C2,6026D,,SCHEDULED,120,2.0
2026-08-16T05:51:05Z,6026D26508C3,6026D,,SCHEDULED,300,5.0
2026-08-16T05:51:05Z,6026D29513C2,6026D,,SCHEDULED,0,0.0
2026-08-16T05:51:05Z,6026D26509C3,6026D,,SCHEDULED,60,1.0
2026-08-16T05:51:05Z,6026D29612C1,6026D,,SCHEDULED,0,0.0
2026-08-16T05:51:05Z,6026D71507C4,6026D,,SCHEDULED,0,0.0
2026-08-16T05:51:05Z,6026D29511C2,6026D,,SCHEDULED,180,3.0
2026-08-16T05:51:05Z,6026D29510C2,6026D,,SCHEDULED,0,0.0
2026-08-16T05:51:05Z,6126D81706C1,6126D,,SCHEDULED,0,0.0
2026-08-16T05:51:05Z,6126D32702C1,6126D,,SCHEDULED,0,0.0
2026-08-16T05:51:05Z,6126D32771C1,6126D,,SCHEDULED,540,9.0
2026-08-16T05:51:05Z,6126D32703C1,6126D,,SCHEDULED,0,0.0
2026-08-16T05:51:05Z,6126D81771C1,6126D,,SCHEDULED,0,0.0
2026-08-16T05:51:05Z,6226D71155C2,6226D,,SCHEDULED,0,0.0
2026-08-16T05:51:05Z,6226D71203C3,6226D,,SCHEDULED,0,0.0
2026-08-16T05:51:05Z,6226D35917C1,6226D,,SCHEDULED,420,7.0
2026-08-16T05:51:05Z,6226D71156C2,6226D,,SCHEDULED,60,1.0
2026-08-16T05:51:05Z,4726D71081C1,4726D,,SCHEDULED,0,0.0
2026-08-16T05:51:05Z,4726D71090C1,4726D,,SCHEDULED,-240,-4.0
2026-08-16T05:51:05Z,4726D71080C1,4726D,,SCHEDULED,1080,18.0
2026-08-16T05:51:05Z,2026D70405C5,2026D,,SCHEDULED,480,8.0
2026-08-16T05:51:05Z,2026D70506C7,2026D,,SCHEDULED,420,7.0
2026-08-16T05:51:05Z,2026D22008C1,2026D,,SCHEDULED,120,2.0
2026-08-16T05:51:05Z,2026D22206C2,2026D,,SCHEDULED,300,5.0
2026-08-16T05:51:05Z,2026D70250C4,2026D,,SCHEDULED,1320,22.0
2026-08-16T05:51:05Z,2026D22003C1,2026D,,SCHEDULED,0,0.0
2026-08-16T05:51:05Z,2026D22311C3,2026D,,SCHEDULED,360,6.0
2026-08-16T05:51:05Z,2026D22004C1,2026D,,SCHEDULED,1020,17.0
2026-08-16T05:51:05Z,2026D70509C7,2026D,,SCHEDULED,0,0.0
2026-08-16T05:51:05Z,2026D70904C8,2026D,,SCHEDULED,60,1.0
2026-08-16T05:51:05Z,2026D70208C4,2026D,,SCHEDULED,0,0.0
2026-08-16T05:51:05Z,2026D22007C1,2026D,,SCHEDULED,0,0.0
2026-08-16T05:51:05Z,2026D70505C7,2026D,,SCHEDULED,180,3.0
2026-08-16T05:51:05Z,2026D70757C6,2026D,,SCHEDULED,1500,25.0
2026-08-16T05:51:05Z,2026D70802C6,2026D,,SCHEDULED,540,9.0
2026-08-16T05:51:05Z,2026D70853C6,2026D,,SCHEDULED,480,8.0
2026-08-16T05:51:05Z,2026D70852C6,2026D,,SCHEDULED,0,0.0
2026-08-16T05:51:05Z,2026D70800C6,2026D,,SCHEDULED,720,12.0
2026-08-16T05:51:05Z,2026D70855C6,2026D,,SCHEDULED,0,0.0
2026-08-16T05:51:05Z,2026D70510C7,2026D,,SCHEDULED,0,0.0
2026-08-16T05:51:05Z,2026D70850C6,2026D,,SCHEDULED,60,1.0
2026-08-16T05:51:05Z,2026D70206C4,2026D,,SCHEDULED,1020,17.0
2026-08-16T05:51:05Z,2026D70403C5,2026D,,SCHEDULED,0,0.0
2026-08-16T05:51:05Z,2026D70251C4,2026D,,SCHEDULED,300,5.0
2026-08-16T05:51:05Z,4126D24751C1,4126D,,SCHEDULED,0,0.0
2026-08-16T05:51:05Z,4126D84904C2,4126D,,SCHEDULED,4500,75.0
2026-08-16T05:51:05Z,4126D24702C1,4126D,,SCHEDULED,360,6.0
2026-08-16T05:51:05Z,4126D84903C2,4126D,,SCHEDULED,1500,25.0
2026-08-16T05:51:05Z,4126D84902C2,4126D,,SCHEDULED,1800,30.0
2026-08-16T05:51:05Z,4526D71705C1,4526D,,SCHEDULED,0,0.0
2026-08-16T05:51:05Z,4526D71703C1,4526D,,SCHEDULED,0,0.0
2026-08-16T05:51:05Z,4526D71702C1,4526D,,SCHEDULED,0,0.0
2026-08-16T05:51:05Z,7026D31504C1,7026D,,SCHEDULED,0,0.0
2026-08-16T05:51:05Z,7026D31505C1,7026D,,SCHEDULED,300,5.0
2026-08-16T05:51:05Z,1026D79231C7,1026D,,CANCELED,,
2026-08-16T05:51:05Z,1026D79234C7,1026D,,SCHEDULED,0,0.0
2026-08-16T05:51:05Z,1026D27220C4a,1026D,,SCHEDULED,1020,17.0
2026-08-16T05:51:05Z,1026D79235C7,1026D,,SCHEDULED,0,0.0
2026-08-16T05:51:05Z,1026D79238C7,1026D,,SCHEDULED,0,0.0
2026-08-16T05:51:05Z,1026D27223C4a,1026D,,SCHEDULED,0,0.0
2026-08-16T05:51:05Z,1026D79953C8b,1026D,,SCHEDULED,1620,27.0
2026-08-16T05:51:05Z,1026D27421C4b,1026D,,SCHEDULED,180,3.0
2026-08-16T05:51:05Z,1026D27224C4a,1026D,,SCHEDULED,0,0.0
2026-08-16T05:51:05Z,1026D27221C4a,1026D,,SCHEDULED,420,7.0
2026-08-16T05:51:05Z,1026D27222C4a,1026D,,SCHEDULED,0,0.0
2026-08-16T05:51:05Z,1026D79239C7,1026D,,SCHEDULED,960,16.0
2026-08-16T05:51:05Z,1026D76379C5,1026D,,SCHEDULED,0,0.0
2026-08-16T05:51:05Z,1026D27012C3,1026D,,SCHEDULED,0,0.0
2026-08-16T05:51:05Z,1026D27013C3,1026D,,SCHEDULED,0,0.0
2026-08-16T05:51:05Z,1026D79525C2,1026D,,SCHEDULED,600,10.0
2026-08-16T05:51:05Z,1026D79608C10,1026D,,SCHEDULED,480,8.0
2026-08-16T05:51:05Z,1026D79809C8a,1026D,,SCHEDULED,120,2.0
2026-08-16T05:51:05Z,1026D27425C4b,1026D,,SCHEDULED,0,0.0
2026-08-16T05:51:05Z,1026D27423C4b,1026D,,SCHEDULED,300,5.0
2026-08-16T05:51:05Z,1026D79111C7,1026D,,SCHEDULED,0,0.0
2026-08-16T05:51:05Z,1026D79110C7,1026D,,SCHEDULED,0,0.0
2026-08-16T05:51:05Z,1026D77005C5,1026D,,SCHEDULED,0,0.0
2026-08-16T05:51:05Z,1026D19819C1,1026D,,SCHEDULED,0,0.0
2026-08-16T05:51:05Z,1026D79226C7,1026D,,SCHEDULED,0,0.0
2026-08-16T05:51:05Z,1026D79105C7,1026D,,SCHEDULED,840,14.0
2026-08-16T05:51:05Z,1026D79108C7,1026D,,SCHEDULED,60,1.0
2026-08-16T05:51:05Z,1026D79107C7,1026D,,SCHEDULED,180,3.0
2026-08-16T05:51:05Z,1026D19816C1,1026D,,SCHEDULED,0,0.0
2026-08-16T05:51:05Z,1026D79109C7,1026D,,SCHEDULED,1140,19.0
2026-08-16T05:51:05Z,1026D19818C1,1026D,,SCHEDULED,0,0.0
2026-08-16T05:51:05Z,1026D79706C10,1026D,,SCHEDULED,300,5.0
2026-08-16T05:51:05Z,1026D19817C1,1026D,,SCHEDULED,60,1.0
2026-08-16T05:51:05Z,1026D19814C1,1026D,,SCHEDULED,600,10.0
2026-08-16T05:51:05Z,1026D79954C8b,1026D,,SCHEDULED,360,6.0
2026-08-16T05:51:05Z,1026D79957C8b,1026D,,SCHEDULED,0,0.0
2026-08-16T05:51:05Z,1026D79517C2,1026D,,SCHEDULED,0,0.0
2026-08-16T05:51:05Z,1026D79956C8b,1026D,,SCHEDULED,0,0.0
2026-08-16T05:51:05Z,1026D76390C5,1026D,,SCHEDULED,0,0.0
2026-08-16T05:51:05Z,1026D79104C7,1026D,,SCHEDULED,4140,69.0
2026-08-16T05:51:05Z,1026D79423C2,1026D,,SCHEDULED,0,0.0
2026-08-16T05:51:05Z,1026D77002C5,1026D,,SCHEDULED,60,1.0
2026-08-16T05:51:05Z,1026D77004C5,1026D,,SCHEDULED,0,0.0
2026-08-16T05:51:05Z,1026D79106C7,1026D,,SCHEDULED,240,4.0
2026-08-16T05:51:05Z,1026D27412C4b,1026D,,SCHEDULED,60,1.0
2026-08-16T05:51:05Z,1026D27215C4a,1026D,,SCHEDULED,960,16.0
2026-08-16T05:51:05Z,1026D27418C4b,1026D,,SCHEDULED,0,0.0
2026-08-16T05:51:05Z,1026D27419C4b,1026D,,SCHEDULED,420,7.0
2026-08-16T05:51:05Z,1026D79243C7,1026D,,SCHEDULED,0,0.0
2026-08-16T05:51:05Z,1026D27416C4b,1026D,,SCHEDULED,300,5.0
2026-08-16T05:51:05Z,1026D27417C4b,1026D,,SCHEDULED,660,11.0
2026-08-16T05:51:05Z,1026D27010C3,1026D,,SCHEDULED,120,2.0
2026-08-16T05:51:05Z,1026D27011C3,1026D,,SCHEDULED,60,1.0
2026-08-16T05:51:05Z,1026D76210C5,1026D,,SCHEDULED,60,1.0
2026-08-16T05:51:05Z,1026D76694C5,1026D,,SCHEDULED,180,3.0
2026-08-16T05:51:05Z,1026D76375C5,1026D,,SCHEDULED,180,3.0
2026-08-16T05:51:05Z,1026D76211C5,1026D,,SCHEDULED,0,0.0
2026-08-16T05:51:05Z,1026D79521C2,1026D,,SCHEDULED,120,2.0
2026-08-16T05:51:05Z,1026D27014C3,1026D,,SCHEDULED,0,0.0
2026-08-16T05:51:05Z,1026D76696C5,1026D,,SCHEDULED,60,1.0
2026-08-16T05:51:05Z,1026D76377C5,1026D,,SCHEDULED,0,0.0
2026-08-16T05:51:05Z,1026D27410C4b,1026D,,SCHEDULED,0,0.0
2026-08-16T05:51:05Z,1026D27213C4a,1026D,,CANCELED,,
2026-08-16T05:51:05Z,1026D27015C3,1026D,,SCHEDULED,0,0.0
2026-08-16T05:51:05Z,1026D76698C5,1026D,,SCHEDULED,300,5.0
2026-08-16T05:51:05Z,1026D19821C1,1026D,,SCHEDULED,0,0.0
2026-08-16T05:51:05Z,1026D27007C3,1026D,,SCHEDULED,60,1.0
2026-08-16T05:51:05Z,1026D27008C3,1026D,,SCHEDULED,0,0.0
2026-08-16T05:51:05Z,1026D76381C5,1026D,,SCHEDULED,60,1.0
2026-08-16T05:51:05Z,1026D76382C5,1026D,,SCHEDULED,180,3.0
2026-08-16T05:51:05Z,1026D27009C3,1026D,,SCHEDULED,240,4.0
2026-08-16T05:51:05Z,1026D76383C5,1026D,,SCHEDULED,0,0.0
2026-08-16T05:51:05Z,1026D76384C5,1026D,,SCHEDULED,120,2.0
2026-08-16T05:51:05Z,1026D76385C5,1026D,,SCHEDULED,0,0.0
2026-08-16T05:51:05Z,1026D76386C5,1026D,,SCHEDULED,420,7.0
2026-08-16T05:51:05Z,1026D79610C10,1026D,,SCHEDULED,120,2.0
2026-08-16T05:51:05Z,1026D79612C10,1026D,,SCHEDULED,0,0.0
2026-08-16T05:51:05Z,1026D76388C5,1026D,,SCHEDULED,0,0.0
2026-08-16T05:51:05Z,1026D79812C8a,1026D,,SCHEDULED,480,8.0
2026-08-16T05:51:05Z,1026D79415C2,1026D,,SCHEDULED,0,0.0
2026-08-16T05:51:05Z,1026D79814C8a,1026D,,SCHEDULED,360,6.0
2026-08-16T05:51:05Z,1026D79419C2,1026D,,SCHEDULED,1200,20.0
2026-08-16T05:51:05Z,1026D76703C5,1026D,,SCHEDULED,0,0.0
2026-08-16T05:51:05Z,1026D76705C5,1026D,,SCHEDULED,0,0.0
2026-08-16T05:51:05Z,1026D27414C4b,1026D,,SCHEDULED,0,0.0
2026-08-16T05:51:05Z,1026D27216C4a,1026D,,SCHEDULED,240,4.0
2026-08-16T05:51:05Z,1026D27217C4a,1026D,,SCHEDULED,240,4.0
2026-08-16T05:55:56Z,3026D23507C1,3026D,,SCHEDULED,420,7.0
2026-08-16T05:55:56Z,3026D23514C1,3026D,,SCHEDULED,120,2.0
2026-08-16T05:55:56Z,3026D23517C1,3026D,,SCHEDULED,0,0.0
2026-08-16T05:55:56Z,3026D23895C5,3026D,,SCHEDULED,60,1.0
2026-08-16T05:55:56Z,3026D23609C4,3026D,,SCHEDULED,0,0.0
2026-08-16T05:55:56Z,3126D23423T1,3126D,,SCHEDULED,0,0.0
2026-08-16T05:55:56Z,3126D23204C1,3126D,,SCHEDULED,120,2.0
2026-08-16T05:55:56Z,3126D23205C1,3126D,,SCHEDULED,0,0.0
2026-08-16T05:55:56Z,3126D23426T1,3126D,,SCHEDULED,0,0.0
2026-08-16T05:55:56Z,3126D23425T1,3126D,,SCHEDULED,0,0.0
2026-08-16T05:55:56Z,3126D23209C1,3126D,,SCHEDULED,0,0.0
2026-08-16T05:55:56Z,3226D23310C1,3226D,,SCHEDULED,0,0.0
2026-08-16T05:55:56Z,3226D23306C1,3226D,,SCHEDULED,0,0.0
2026-08-16T05:55:56Z,3226D23315C1,3226D,,SCHEDULED,-60,-1.0
2026-08-16T05:55:56Z,4026D24293C1,4026D,,SCHEDULED,0,0.0
2026-08-16T05:55:56Z,4026D24309C6,4026D,,SCHEDULED,0,0.0
2026-08-16T05:55:56Z,4026D76603C3,4026D,,SCHEDULED,0,0.0
2026-08-16T05:55:56Z,4026D24302C6,4026D,,SCHEDULED,0,0.0
2026-08-16T05:55:56Z,4026D24208C1,4026D,,SCHEDULED,-60,-1.0
2026-08-16T05:55:56Z,4026D33720C6,4026D,,SCHEDULED,0,0.0
2026-08-16T05:55:56Z,4026D84024C2,4026D,,SCHEDULED,0,0.0
2026-08-16T05:55:56Z,4026D24306C6,4026D,,SCHEDULED,0,0.0
2026-08-16T05:55:56Z,4026D24311C6,4026D,,SCHEDULED,0,0.0
2026-08-16T05:55:56Z,4026D80017C3,4026D,,SCHEDULED,0,0.0
2026-08-16T05:55:56Z,4026D24211C1,4026D,,SCHEDULED,60,1.0
2026-08-16T05:55:56Z,4026D24011C2,4026D,,SCHEDULED,0,0.0
2026-08-16T05:55:56Z,4026D24015C2,4026D,,SCHEDULED,0,0.0
2026-08-16T05:55:56Z,4026D24007C2,4026D,,SCHEDULED,-120,-2.0
2026-08-16T05:55:56Z,4026D24205C1,4026D,,SCHEDULED,240,4.0
2026-08-16T05:55:56Z,4026D24016C2,4026D,,SCHEDULED,60,1.0
2026-08-16T05:55:56Z,5126D15003R15,5126D,,SCHEDULED,120,2.0
2026-08-16T05:55:56Z,5126D25600R1,5126D,,SCHEDULED,360,6.0
2026-08-16T05:55:56Z,5126D25404R2N,5126D,,SCHEDULED,-60,-1.0
2026-08-16T05:55:56Z,5126D77316R3,5126D,,SCHEDULED,60,1.0
2026-08-16T05:55:56Z,5126D25406R2N,5126D,,SCHEDULED,120,2.0
2026-08-16T05:55:56Z,5126D25801R1,5126D,,SCHEDULED,60,1.0
2026-08-16T05:55:56Z,5126D25603R1,5126D,,SCHEDULED,180,3.0
2026-08-16T05:55:56Z,5126D28273R2S,5126D,,SCHEDULED,0,0.0
2026-08-16T05:55:56Z,5126D28274R2S,5126D,,SCHEDULED,0,0.0
2026-08-16T05:55:56Z,5126D77410R4,5126D,,SCHEDULED,1140,19.0
2026-08-16T05:55:56Z,5126D25486R2S,5126D,,SCHEDULED,60,1.0
2026-08-16T05:55:56Z,5126D25562R2S,5126D,,SCHEDULED,420,7.0
2026-08-16T05:55:56Z,5126D35518R3,5126D,,CANCELED,,
2026-08-16T05:55:56Z,5126D30532R15,5126D,,SCHEDULED,0,0.0
2026-08-16T05:55:56Z,5126D30531R15,5126D,,SCHEDULED,120,2.0
2026-08-16T05:55:56Z,5126D30530R15,5126D,,SCHEDULED,0,0.0
2026-08-16T05:55:56Z,5126D28271R2S,5126D,,SCHEDULED,240,4.0
2026-08-16T05:55:56Z,5126D25714R1,5126D,,SCHEDULED,240,4.0
2026-08-16T05:55:56Z,5126D28272R2S,5126D,,SCHEDULED,60,1.0
2026-08-16T05:55:56Z,5126D28269R2S,5126D,,SCHEDULED,120,2.0
2026-08-16T05:55:56Z,5126D25613R1,5126D,,SCHEDULED,0,0.0
2026-08-16T05:55:56Z,5126D28408R2N,5126D,,SCHEDULED,240,4.0
2026-08-16T05:55:56Z,5126D25612R1,5126D,,SCHEDULED,60,1.0
2026-08-16T05:55:56Z,5126D35525R3,5126D,,SCHEDULED,0,0.0
2026-08-16T05:55:56Z,5126D35523R3,5126D,,SCHEDULED,60,1.0
2026-08-16T05:55:56Z,5126D35520R3,5126D,,SCHEDULED,60,1.0
2026-08-16T05:55:56Z,5126D77404R4,5126D,,SCHEDULED,360,6.0
2026-08-16T05:55:56Z,5126D78634R8,5126D,,SCHEDULED,180,3.0
2026-08-16T05:55:56Z,5126D33532RL4,5126D,,SCHEDULED,60,1.0
2026-08-16T05:55:56Z,5126D15776R11,5126D,,SCHEDULED,0,0.0
2026-08-16T05:55:56Z,5126D77408R4,5126D,,SCHEDULED,240,4.0
2026-08-16T05:55:56Z,5126D25616R1,5126D,,SCHEDULED,60,1.0
2026-08-16T05:55:56Z,5126D18121R16,5126D,,SCHEDULED,60,1.0
2026-08-16T05:55:56Z,5126D77508R4,5126D,,SCHEDULED,60,1.0
2026-08-16T05:55:56Z,5126D25410R2N,5126D,,SCHEDULED,0,0.0
2026-08-16T05:55:56Z,5126D25611R1,5126D,,SCHEDULED,0,0.0
2026-08-16T05:55:56Z,5126D25506R2S,5126D,,SCHEDULED,480,8.0
2026-08-16T05:55:56Z,5126D25509R2S,5126D,,SCHEDULED,420,7.0
2026-08-16T05:55:56Z,5126D25408R2N,5126D,,SCHEDULED,300,5.0
2026-08-16T05:55:56Z,5126D25607R1,5126D,,SCHEDULED,180,3.0
2026-08-16T05:55:56Z,5126D28414R2N,5126D,,SCHEDULED,-60,-1.0
2026-08-16T05:55:56Z,5126D25505R2S,5126D,,SCHEDULED,60,1.0
2026-08-16T05:55:56Z,5126D77510R4,5126D,,SCHEDULED,0,0.0
2026-08-16T05:55:56Z,5126D28412R2N,5126D,,SCHEDULED,0,0.0
2026-08-16T05:55:56Z,5126D78602R8,5126D,,SCHEDULED,60,1.0
2026-08-16T05:55:56Z,5126D77512R4,5126D,,SCHEDULED,60,1.0
2026-08-16T05:55:56Z,5126D28410R2N,5126D,,SCHEDULED,60,1.0
2026-08-16T05:55:56Z,5126D77712R4,5126D,,SCHEDULED,-60,-1.0
2026-08-16T05:55:56Z,5126D77514R4,5126D,,SCHEDULED,0,0.0
2026-08-16T05:55:56Z,6026D29612C1,6026D,,SCHEDULED,60,1.0
2026-08-16T05:55:56Z,6026D26512C3,6026D,,SCHEDULED,-60,-1.0
2026-08-16T05:55:56Z,6026D29508C2,6026D,,SCHEDULED,180,3.0
2026-08-16T05:55:56Z,6026D29511C2,6026D,,SCHEDULED,120,2.0
2026-08-16T05:55:56Z,6026D29510C2,6026D,,SCHEDULED,60,1.0
2026-08-16T05:55:56Z,6026D26511C3,6026D,,SCHEDULED,0,0.0
2026-08-16T05:55:56Z,6026D26510C3,6026D,,SCHEDULED,60,1.0
2026-08-16T05:55:56Z,6026D26513C3,6026D,,SCHEDULED,0,0.0
2026-08-16T05:55:56Z,6026D29513C2,6026D,,SCHEDULED,0,0.0
2026-08-16T05:55:56Z,6026D71504C4,6026D,,SCHEDULED,180,3.0
2026-08-16T05:55:56Z,6026D26509C3,6026D,,SCHEDULED,120,2.0
2026-08-16T05:55:56Z,6026D29615C1,6026D,,SCHEDULED,120,2.0
2026-08-16T05:55:56Z,6126D32705C1,6126D,,SCHEDULED,0,0.0
2026-08-16T05:55:56Z,6126D32702C1,6126D,,SCHEDULED,60,1.0
2026-08-16T05:55:56Z,6126D32703C1,6126D,,SCHEDULED,0,0.0
2026-08-16T05:55:56Z,6126D81706C1,6126D,,SCHEDULED,0,0.0
2026-08-16T05:55:56Z,6126D81771C1,6126D,,SCHEDULED,0,0.0
2026-08-16T05:55:56Z,6226D71155C2,6226D,,SCHEDULED,0,0.0
2026-08-16T05:55:56Z,6226D82352C3,6226D,,SCHEDULED,0,0.0
2026-08-16T05:55:56Z,6226D71203C3,6226D,,SCHEDULED,60,1.0
2026-08-16T05:55:56Z,6226D35917C1,6226D,,SCHEDULED,480,8.0
2026-08-16T05:55:56Z,6226D71193C2,6226D,,SCHEDULED,-60,-1.0
2026-08-16T05:55:56Z,2026D70306C4,2026D,,SCHEDULED,0,0.0
2026-08-16T05:55:56Z,2026D70405C5,2026D,,SCHEDULED,780,13.0
2026-08-16T05:55:56Z,2026D70903C8,2026D,,SCHEDULED,0,0.0
2026-08-16T05:55:56Z,2026D70506C7,2026D,,SCHEDULED,720,12.0
2026-08-16T05:55:56Z,2026D22206C2,2026D,,SCHEDULED,0,0.0
2026-08-16T05:55:56Z,2026D22008C1,2026D,,SCHEDULED,420,7.0
2026-08-16T05:55:56Z,2026D70403C5,2026D,,SCHEDULED,0,0.0
2026-08-16T05:55:56Z,2026D22003C1,2026D,,SCHEDULED,0,0.0
2026-08-16T05:55:56Z,2026D22007C1,2026D,,SCHEDULED,240,4.0
2026-08-16T05:55:56Z,2026D70757C6,2026D,,SCHEDULED,1800,30.0
2026-08-16T05:55:56Z,2026D70203C4,2026D,,SCHEDULED,1500,25.0
2026-08-16T05:55:56Z,2026D70800C6,2026D,,SCHEDULED,540,9.0
2026-08-16T05:55:56Z,2026D70404C5,2026D,,SCHEDULED,120,2.0
2026-08-16T05:55:56Z,2026D22311C3,2026D,,SCHEDULED,180,3.0
2026-08-16T05:55:56Z,2026D22315C3,2026D,,SCHEDULED,0,0.0
2026-08-16T05:55:56Z,2026D70509C7,2026D,,SCHEDULED,0,0.0
2026-08-16T05:55:56Z,2026D70904C8,2026D,,SCHEDULED,120,2.0
2026-08-16T05:55:56Z,2026D70208C4,2026D,,SCHEDULED,0,0.0
2026-08-16T05:55:56Z,2026D70505C7,2026D,,SCHEDULED,120,2.0
2026-08-16T05:55:56Z,2026D70802C6,2026D,,SCHEDULED,840,14.0
2026-08-16T05:55:56Z,2026D70852C6,2026D,,SCHEDULED,180,3.0
2026-08-16T05:55:56Z,2026D70855C6,2026D,,SCHEDULED,300,5.0
2026-08-16T05:55:56Z,2026D70510C7,2026D,,SCHEDULED,0,0.0
2026-08-16T05:55:56Z,2026D70850C6,2026D,,SCHEDULED,120,2.0
2026-08-16T05:55:56Z,2026D70251C4,2026D,,SCHEDULED,240,4.0
2026-08-16T05:55:56Z,2026D70250C4,2026D,,SCHEDULED,1440,24.0
2026-08-16T05:55:56Z,4126D32803C3,4126D,,SCHEDULED,0,0.0
2026-08-16T05:55:56Z,4126D84904C2,4126D,,SCHEDULED,4800,80.0
2026-08-16T05:55:56Z,4126D84903C2,4126D,,SCHEDULED,1800,30.0
2026-08-16T05:55:56Z,4126D24751C1,4126D,,SCHEDULED,0,0.0
2026-08-16T05:55:56Z,4526D71705C1,4526D,,SCHEDULED,0,0.0
2026-08-16T05:55:56Z,4526D71703C1,4526D,,SCHEDULED,60,1.0
2026-08-16T05:55:56Z,4526D71702C1,4526D,,SCHEDULED,0,0.0
2026-08-16T05:55:56Z,7026D31504C1,7026D,,SCHEDULED,60,1.0
2026-08-16T05:55:56Z,7026D31505C1,7026D,,SCHEDULED,240,4.0
2026-08-16T06:01:29Z,3026D23514C1,3026D,,SCHEDULED,0,0.0
2026-08-16T06:01:29Z,3026D23517C1,3026D,,SCHEDULED,60,1.0
2026-08-16T06:01:29Z,3026D23895C5,3026D,,SCHEDULED,120,2.0
2026-08-16T06:01:29Z,3026D23609C4,3026D,,SCHEDULED,1920,32.0
2026-08-16T06:01:29Z,3026D23513C1,3026D,,SCHEDULED,60,1.0
2026-08-16T06:01:29Z,3126D23423T1,3126D,,SCHEDULED,0,0.0
2026-08-16T06:01:29Z,3126D23204C1,3126D,,SCHEDULED,180,3.0
2026-08-16T06:01:29Z,3126D23205C1,3126D,,SCHEDULED,60,1.0
2026-08-16T06:01:29Z,3126D23426T1,3126D,,SCHEDULED,0,0.0
2026-08-16T06:01:29Z,3126D23425T1,3126D,,SCHEDULED,0,0.0
2026-08-16T06:01:29Z,3126D23209C1,3126D,,SCHEDULED,0,0.0
2026-08-16T06:01:29Z,3226D23310C1,3226D,,SCHEDULED,0,0.0
2026-08-16T06:01:29Z,3226D23315C1,3226D,,SCHEDULED,120,2.0
2026-08-16T06:01:29Z,4026D24208C1,4026D,,SCHEDULED,180,3.0
2026-08-16T06:01:29Z,4026D33720C6,4026D,,SCHEDULED,60,1.0
2026-08-16T06:01:29Z,4026D24309C6,4026D,,SCHEDULED,-60,-1.0
2026-08-16T06:01:29Z,4026D24302C6,4026D,,SCHEDULED,0,0.0
2026-08-16T06:01:29Z,4026D24205C1,4026D,,SCHEDULED,240,4.0
2026-08-16T06:01:29Z,4026D24306C6,4026D,,SCHEDULED,0,0.0
2026-08-16T06:01:29Z,4026D24020C2,4026D,,SCHEDULED,0,0.0
2026-08-16T06:01:29Z,4026D24011C2,4026D,,SCHEDULED,0,0.0
2026-08-16T06:01:29Z,4026D24210C1,4026D,,SCHEDULED,0,0.0
2026-08-16T06:01:29Z,4026D76603C3,4026D,,SCHEDULED,0,0.0
2026-08-16T06:01:29Z,4026D84024C2,4026D,,SCHEDULED,0,0.0
2026-08-16T06:01:29Z,4026D24311C6,4026D,,SCHEDULED,0,0.0
2026-08-16T06:01:29Z,4026D24211C1,4026D,,SCHEDULED,-60,-1.0
2026-08-16T06:01:29Z,4026D24015C2,4026D,,SCHEDULED,0,0.0
2026-08-16T06:01:29Z,4026D24016C2,4026D,,SCHEDULED,60,1.0
2026-08-16T06:01:29Z,4026D24293C1,4026D,,SCHEDULED,-60,-1.0
2026-08-16T06:01:29Z,5126D25408R2N,5126D,,SCHEDULED,180,3.0
2026-08-16T06:01:29Z,5126D25607R1,5126D,,SCHEDULED,240,4.0
2026-08-16T06:01:29Z,5126D15003R15,5126D,,SCHEDULED,60,1.0
2026-08-16T06:01:29Z,5126D25406R2N,5126D,,SCHEDULED,0,0.0
2026-08-16T06:01:29Z,5126D25801R1,5126D,,SCHEDULED,-60,-1.0
2026-08-16T06:01:29Z,5126D28273R2S,5126D,,SCHEDULED,120,2.0
2026-08-16T06:01:29Z,5126D77410R4,5126D,,SCHEDULED,1200,20.0
2026-08-16T06:01:29Z,5126D25486R2S,5126D,,SCHEDULED,60,1.0
2026-08-16T06:01:29Z,5126D28271R2S,5126D,,SCHEDULED,300,5.0
2026-08-16T06:01:29Z,5126D25616R1,5126D,,SCHEDULED,120,2.0
2026-08-16T06:01:29Z,5126D18121R16,5126D,,SCHEDULED,60,1.0
2026-08-16T06:01:29Z,5126D25410R2N,5126D,,SCHEDULED,-420,-7.0
2026-08-16T06:01:29Z,5126D25611R1,5126D,,SCHEDULED,120,2.0
2026-08-16T06:01:29Z,5126D25613R1,5126D,,SCHEDULED,-60,-1.0
2026-08-16T06:01:29Z,5126D77712R4,5126D,,SCHEDULED,-120,-2.0
2026-08-16T06:01:29Z,5126D28408R2N,5126D,,SCHEDULED,360,6.0
2026-08-16T06:01:29Z,5126D25612R1,5126D,,SCHEDULED,120,2.0
2026-08-16T06:01:29Z,5126D77514R4,5126D,,SCHEDULED,-60,-1.0
2026-08-16T06:01:29Z,5126D35525R3,5126D,,SCHEDULED,0,0.0
2026-08-16T06:01:29Z,5126D77316R3,5126D,,SCHEDULED,420,7.0
2026-08-16T06:01:29Z,5126D77322R3,5126D,,SCHEDULED,0,0.0
2026-08-16T06:01:29Z,5126D35523R3,5126D,,SCHEDULED,60,1.0
2026-08-16T06:01:29Z,5126D35520R3,5126D,,SCHEDULED,60,1.0
2026-08-16T06:01:29Z,5126D77404R4,5126D,,SCHEDULED,480,8.0
2026-08-16T06:01:29Z,5126D35518R3,5126D,,CANCELED,,
2026-08-16T06:01:29Z,5126D15776R11,5126D,,SCHEDULED,0,0.0
2026-08-16T06:01:29Z,5126D30532R15,5126D,,SCHEDULED,0,0.0
2026-08-16T06:01:29Z,5126D30531R15,5126D,,SCHEDULED,120,2.0
2026-08-16T06:01:29Z,5126D77408R4,5126D,,SCHEDULED,360,6.0
2026-08-16T06:01:29Z,5126D30530R15,5126D,,SCHEDULED,60,1.0
2026-08-16T06:01:29Z,5126D35531R3,5126D,,SCHEDULED,0,0.0
2026-08-16T06:01:29Z,5126D25507R2S,5126D,,SCHEDULED,600,10.0
2026-08-16T06:01:29Z,5126D25714R1,5126D,,SCHEDULED,60,1.0
2026-08-16T06:01:29Z,5126D25506R2S,5126D,,SCHEDULED,720,12.0
2026-08-16T06:01:29Z,5126D25509R2S,5126D,,SCHEDULED,120,2.0
2026-08-16T06:01:29Z,5126D77500R4,5126D,,CANCELED,,
2026-08-16T06:01:29Z,5126D25620R1,5126D,,SCHEDULED,240,4.0
2026-08-16T06:01:29Z,5126D78634R8,5126D,,SCHEDULED,240,4.0
2026-08-16T06:01:29Z,5126D28414R2N,5126D,,SCHEDULED,0,0.0
2026-08-16T06:01:29Z,5126D33532RL4,5126D,,SCHEDULED,0,0.0
2026-08-16T06:01:29Z,5126D15061R17,5126D,,SCHEDULED,0,0.0
2026-08-16T06:01:29Z,5126D77508R4,5126D,,SCHEDULED,60,1.0
2026-08-16T06:01:29Z,5126D25505R2S,5126D,,SCHEDULED,180,3.0
2026-08-16T06:01:29Z,5126D77510R4,5126D,,SCHEDULED,0,0.0
2026-08-16T06:01:29Z,5126D28412R2N,5126D,,SCHEDULED,60,1.0
2026-08-16T06:01:29Z,5126D78602R8,5126D,,SCHEDULED,60,1.0
2026-08-16T06:01:29Z,5126D77512R4,5126D,,SCHEDULED,60,1.0
2026-08-16T06:01:29Z,5126D28410R2N,5126D,,SCHEDULED,60,1.0
2026-08-16T06:01:29Z,6026D29612C1,6026D,,SCHEDULED,60,1.0
2026-08-16T06:01:29Z,6026D26512C3,6026D,,SCHEDULED,0,0.0
2026-08-16T06:01:29Z,6026D29508C2,6026D,,SCHEDULED,180,3.0
2026-08-16T06:01:29Z,6026D29511C2,6026D,,SCHEDULED,180,3.0
2026-08-16T06:01:29Z,6026D29510C2,6026D,,SCHEDULED,0,0.0
2026-08-16T06:01:29Z,6026D26511C3,6026D,,SCHEDULED,-60,-1.0
2026-08-16T06:01:29Z,6026D26510C3,6026D,,SCHEDULED,60,1.0
2026-08-16T06:01:29Z,6026D26513C3,6026D,,SCHEDULED,0,0.0
2026-08-16T06:01:29Z,6026D29513C2,6026D,,SCHEDULED,0,0.0
2026-08-16T06:01:29Z,6026D71504C4,6026D,,SCHEDULED,240,4.0
2026-08-16T06:01:29Z,6026D26509C3,6026D,,SCHEDULED,120,2.0
2026-08-16T06:01:29Z,6026D29615C1,6026D,,SCHEDULED,180,3.0
2026-08-16T06:01:29Z,6126D32705C1,6126D,,SCHEDULED,0,0.0
2026-08-16T06:01:29Z,6126D32702C1,6126D,,SCHEDULED,60,1.0
2026-08-16T06:01:29Z,6126D32703C1,6126D,,SCHEDULED,0,0.0
2026-08-16T06:01:29Z,6126D81706C1,6126D,,SCHEDULED,0,0.0
2026-08-16T06:01:29Z,6126D81771C1,6126D,,SCHEDULED,0,0.0
2026-08-16T06:01:29Z,6226D71155C2,6226D,,SCHEDULED,60,1.0
2026-08-16T06:01:29Z,6226D71193C2,6226D,,SCHEDULED,0,0.0
2026-08-16T06:01:29Z,6226D82352C3,6226D,,SCHEDULED,0,0.0
2026-08-16T06:01:29Z,6226D35917C1,6226D,,SCHEDULED,240,4.0
2026-08-16T06:01:29Z,6226D71355C3,6226D,,SCHEDULED,0,0.0
2026-08-16T06:01:29Z,6226D35918C1,6226D,,SCHEDULED,0,0.0
2026-08-16T06:01:29Z,6226D71203C3,6226D,,SCHEDULED,-60,-1.0
2026-08-16T06:01:29Z,4726D71090C1,4726D,,SCHEDULED,0,0.0
2026-08-16T06:01:29Z,2026D70405C5,2026D,,SCHEDULED,0,0.0
2026-08-16T06:01:29Z,2026D70903C8,2026D,,SCHEDULED,0,0.0
2026-08-16T06:01:29Z,2026D70506C7,2026D,,SCHEDULED,1020,17.0
2026-08-16T06:01:29Z,2026D22008C1,2026D,,SCHEDULED,120,2.0
2026-08-16T06:01:29Z,2026D22206C2,2026D,,SCHEDULED,60,1.0
2026-08-16T06:01:29Z,2026D70203C4,2026D,,SCHEDULED,1140,19.0
2026-08-16T06:01:29Z,2026D22208C2,2026D,,SCHEDULED,0,0.0
2026-08-16T06:01:29Z,2026D22003C1,2026D,,SCHEDULED,180,3.0
2026-08-16T06:01:29Z,2026D22106C1,2026D,,SCHEDULED,0,0.0
2026-08-16T06:01:29Z,2026D22007C1,2026D,,SCHEDULED,60,1.0
2026-08-16T06:01:29Z,2026D70757C6,2026D,,SCHEDULED,2160,36.0
2026-08-16T06:01:29Z,2026D70404C5,2026D,,SCHEDULED,180,3.0
2026-08-16T06:01:29Z,2026D70206C4,2026D,,SCHEDULED,1680,28.0
2026-08-16T06:01:29Z,2026D70800C6,2026D,,SCHEDULED,900,15.0
2026-08-16T06:01:29Z,2026D22315C3,2026D,,SCHEDULED,0,0.0
2026-08-16T06:01:29Z,2026D70509C7,2026D,,SCHEDULED,0,0.0
2026-08-16T06:01:29Z,2026D70904C8,2026D,,SCHEDULED,240,4.0
2026-08-16T06:01:29Z,2026D70406C5,2026D,,SCHEDULED,0,0.0
2026-08-16T06:01:29Z,2026D70852C6,2026D,,SCHEDULED,120,2.0
2026-08-16T06:01:29Z,2026D70855C6,2026D,,SCHEDULED,180,3.0
2026-08-16T06:01:29Z,2026D70510C7,2026D,,SCHEDULED,0,0.0
2026-08-16T06:01:29Z,2026D70850C6,2026D,,SCHEDULED,120,2.0
2026-08-16T06:01:29Z,2026D70802C6,2026D,,SCHEDULED,0,0.0
2026-08-16T06:01:29Z,2026D70208C4,2026D,,SCHEDULED,300,5.0
2026-08-16T06:01:29Z,2026D70251C4,2026D,,SCHEDULED,240,4.0
2026-08-16T06:01:29Z,2026D70505C7,2026D,,SCHEDULED,60,1.0
2026-08-16T06:01:29Z,2026D70250C4,2026D,,SCHEDULED,1620,27.0
2026-08-16T06:01:29Z,2026D70306C4,2026D,,SCHEDULED,0,0.0
2026-08-16T06:01:29Z,2026D22311C3,2026D,,SCHEDULED,240,4.0
2026-08-16T06:01:29Z,4126D84904C2,4126D,,SCHEDULED,5160,86.0
2026-08-16T06:01:29Z,4126D32803C3,4126D,,SCHEDULED,0,0.0
2026-08-16T06:01:29Z,4126D24702C1,4126D,,SCHEDULED,480,8.0
2026-08-16T06:01:29Z,4126D24703C1,4126D,,SCHEDULED,240,4.0
2026-08-16T06:01:29Z,4126D24751C1,4126D,,SCHEDULED,60,1.0
2026-08-16T06:01:29Z,4526D71705C1,4526D,,SCHEDULED,0,0.0
2026-08-16T06:01:29Z,4526D71703C1,4526D,,SCHEDULED,0,0.0
2026-08-16T06:01:29Z,4526D71702C1,4526D,,SCHEDULED,0,0.0
2026-08-16T06:01:29Z,7026D31505C1,7026D,,SCHEDULED,540,9.0
2026-08-16T06:01:29Z,7026D31504C1,7026D,,SCHEDULED,360,6.0
2026-08-16T06:01:29Z,7026D31509C1,7026D,,SCHEDULED,0,0.0
2026-08-16T06:01:29Z,1026D27013C3,1026D,,SCHEDULED,60,1.0
2026-08-16T06:01:29Z,1026D79608C10,1026D,,SCHEDULED,180,3.0
2026-08-16T06:01:29Z,1026D79809C8a,1026D,,SCHEDULED,60,1.0
2026-08-16T06:01:29Z,1026D27425C4b,1026D,,SCHEDULED,0,0.0
2026-08-16T06:01:29Z,1026D27225C4a,1026D,,SCHEDULED,0,0.0
2026-08-16T06:01:29Z,1026D27423C4b,1026D,,SCHEDULED,120,2.0
2026-08-16T06:01:29Z,1026D79230C7,1026D,,SCHEDULED,180,3.0
2026-08-16T06:01:29Z,1026D79111C7,1026D,,SCHEDULED,0,0.0
2026-08-16T06:01:29Z,1026D79231C7,1026D,,CANCELED,,
2026-08-16T06:01:29Z,1026D79110C7,1026D,,SCHEDULED,420,7.0
2026-08-16T06:01:29Z,1026D79234C7,1026D,,SCHEDULED,60,1.0
2026-08-16T06:01:29Z,1026D27220C4a,1026D,,CANCELED,,
2026-08-16T06:01:29Z,1026D79235C7,1026D,,SCHEDULED,120,2.0
2026-08-16T06:01:29Z,1026D79238C7,1026D,,SCHEDULED,0,0.0
2026-08-16T06:01:29Z,1026D27223C4a,1026D,,SCHEDULED,420,7.0
2026-08-16T06:01:29Z,1026D79953C8b,1026D,,SCHEDULED,2220,37.0
2026-08-16T06:01:29Z,1026D27224C4a,1026D,,SCHEDULED,0,0.0
2026-08-16T06:01:29Z,1026D27221C4a,1026D,,SCHEDULED,480,8.0
2026-08-16T06:01:29Z,1026D27222C4a,1026D,,SCHEDULED,300,5.0
2026-08-16T06:01:29Z,1026D79239C7,1026D,,SCHEDULED,60,1.0
2026-08-16T06:01:29Z,1026D79957C8b,1026D,,SCHEDULED,0,0.0
2026-08-16T06:01:29Z,1026D79517C2,1026D,,SCHEDULED,120,2.0
2026-08-16T06:01:29Z,1026D79226C7,1026D,,SCHEDULED,180,3.0
2026-08-16T06:01:29Z,1026D77006C5,1026D,,SCHEDULED,0,0.0
2026-08-16T06:01:29Z,1026D79108C7,1026D,,SCHEDULED,60,1.0
2026-08-16T06:01:29Z,1026D79107C7,1026D,,SCHEDULED,360,6.0
2026-08-16T06:01:29Z,1026D79429C2,1026D,,SCHEDULED,0,0.0
2026-08-16T06:01:29Z,1026D19816C1,1026D,,SCHEDULED,300,5.0
2026-08-16T06:01:29Z,1026D79704C10,1026D,,SCHEDULED,60,1.0
2026-08-16T06:01:29Z,1026D79109C7,1026D,,SCHEDULED,360,6.0
2026-08-16T06:01:29Z,1026D19818C1,1026D,,SCHEDULED,0,0.0
2026-08-16T06:01:29Z,1026D79706C10,1026D,,SCHEDULED,420,7.0
2026-08-16T06:01:29Z,1026D79708C10,1026D,,SCHEDULED,0,0.0
2026-08-16T06:01:29Z,1026D19814C1,1026D,,SCHEDULED,0,0.0
2026-08-16T06:01:29Z,1026D79956C8b,1026D,,SCHEDULED,0,0.0
2026-08-16T06:01:29Z,1026D79958C8b,1026D,,SCHEDULED,0,0.0
2026-08-16T06:01:29Z,1026D76390C5,1026D,,SCHEDULED,0,0.0
2026-08-16T06:01:29Z,1026D76392C5,1026D,,SCHEDULED,0,0.0
2026-08-16T06:01:29Z,1026D76394C5,1026D,,SCHEDULED,0,0.0
2026-08-16T06:01:29Z,1026D79423C2,1026D,,SCHEDULED,300,5.0
2026-08-16T06:01:29Z,1026D77003C5,1026D,,SCHEDULED,0,0.0
2026-08-16T06:01:29Z,1026D77004C5,1026D,,SCHEDULED,180,3.0
2026-08-16T06:01:29Z,1026D79106C7,1026D,,SCHEDULED,240,4.0
2026-08-16T06:01:29Z,1026D79105C7,1026D,,SCHEDULED,4380,73.0
2026-08-16T06:01:29Z,1026D77005C5,1026D,,SCHEDULED,0,0.0
2026-08-16T06:01:29Z,1026D19819C1,1026D,,SCHEDULED,120,2.0
2026-08-16T06:01:29Z,1026D27017C3,1026D,,SCHEDULED,0,0.0
2026-08-16T06:01:29Z,1026D27418C4b,1026D,,SCHEDULED,0,0.0
2026-08-16T06:01:29Z,1026D27419C4b,1026D,,SCHEDULED,60,1.0
2026-08-16T06:01:29Z,1026D79243C7,1026D,,SCHEDULED,600,10.0
2026-08-16T06:01:29Z,1026D27416C4b,1026D,,SCHEDULED,0,0.0
2026-08-16T06:01:29Z,1026D27218C4a,1026D,,SCHEDULED,60,1.0
2026-08-16T06:01:29Z,1026D79242C7,1026D,,SCHEDULED,0,0.0
2026-08-16T06:01:29Z,1026D27219C4a,1026D,,SCHEDULED,0,0.0
2026-08-16T06:01:29Z,1026D27417C4b,1026D,,SCHEDULED,720,12.0
2026-08-16T06:01:29Z,1026D27010C3,1026D,,SCHEDULED,180,3.0
2026-08-16T06:01:29Z,1026D27011C3,1026D,,SCHEDULED,0,0.0
2026-08-16T06:01:29Z,1026D79247C7,1026D,,SCHEDULED,0,0.0
2026-08-16T06:01:29Z,1026D76211C5,1026D,,SCHEDULED,180,3.0
2026-08-16T06:01:29Z,1026D79521C2,1026D,,SCHEDULED,180,3.0
2026-08-16T06:01:29Z,1026D76212C5,1026D,,SCHEDULED,0,0.0
2026-08-16T06:01:29Z,1026D27014C3,1026D,,SCHEDULED,420,7.0
2026-08-16T06:01:29Z,1026D76696C5,1026D,,SCHEDULED,300,5.0
2026-08-16T06:01:29Z,1026D76377C5,1026D,,SCHEDULED,180,3.0
2026-08-16T06:01:29Z,1026D27410C4b,1026D,,SCHEDULED,0,0.0
2026-08-16T06:01:29Z,1026D27015C3,1026D,,SCHEDULED,0,0.0
2026-08-16T06:01:29Z,1026D76698C5,1026D,,SCHEDULED,300,5.0
2026-08-16T06:01:29Z,1026D76379C5,1026D,,SCHEDULED,120,2.0
2026-08-16T06:01:29Z,1026D27012C3,1026D,,SCHEDULED,120,2.0
2026-08-16T06:01:29Z,1026D79525C2,1026D,,SCHEDULED,0,0.0
2026-08-16T06:01:29Z,1026D19821C1,1026D,,SCHEDULED,0,0.0
2026-08-16T06:01:29Z,1026D76381C5,1026D,,SCHEDULED,60,1.0
2026-08-16T06:01:29Z,1026D27009C3,1026D,,SCHEDULED,300,5.0
2026-08-16T06:01:29Z,1026D76383C5,1026D,,SCHEDULED,180,3.0
2026-08-16T06:01:29Z,1026D76384C5,1026D,,SCHEDULED,180,3.0
2026-08-16T06:01:29Z,1026D76385C5,1026D,,SCHEDULED,0,0.0
2026-08-16T06:01:29Z,1026D79610C10,1026D,,SCHEDULED,180,3.0
2026-08-16T06:01:29Z,1026D76386C5,1026D,,SCHEDULED,120,2.0
2026-08-16T06:01:29Z,1026D76387C5,1026D,,SCHEDULED,0,0.0
2026-08-16T06:01:29Z,1026D79612C10,1026D,,SCHEDULED,0,0.0
2026-08-16T06:01:29Z,1026D76388C5,1026D,,SCHEDULED,420,7.0
2026-08-16T06:01:29Z,1026D79812C8a,1026D,,SCHEDULED,120,2.0
2026-08-16T06:01:29Z,1026D79415C2,1026D,,SCHEDULED,60,1.0
2026-08-16T06:01:29Z,1026D79814C8a,1026D,,SCHEDULED,960,16.0
2026-08-16T06:01:29Z,1026D79419C2,1026D,,SCHEDULED,1320,22.0
2026-08-16T06:01:29Z,1026D19823C1,1026D,,SCHEDULED,0,0.0
2026-08-16T06:01:29Z,1026D76705C5,1026D,,SCHEDULED,420,7.0
2026-08-16T06:01:29Z,1026D76707C5,1026D,,SCHEDULED,0,0.0
2026-08-16T06:01:29Z,1026D27414C4b,1026D,,SCHEDULED,120,2.0
2026-08-16T06:01:29Z,1026D27217C4a,1026D,,SCHEDULED,300,5.0
2026-08-16T06:01:29Z,1026D27016C3,1026D,,SCHEDULED,0,0.0
2026-08-16T06:05:56Z,3026D23513C1,3026D,,SCHEDULED,120,2.0
2026-08-16T06:05:56Z,3026D23519C1,3026D,,CANCELED,,
2026-08-16T06:05:56Z,3026D23514C1,3026D,,SCHEDULED,0,0.0
2026-08-16T06:05:56Z,3026D23516C1,3026D,,SCHEDULED,0,0.0
2026-08-16T06:05:56Z,3026D23517C1,3026D,,SCHEDULED,60,1.0
2026-08-16T06:05:56Z,3026D23895C5,3026D,,SCHEDULED,120,2.0
2026-08-16T06:05:56Z,3026D23609C4,3026D,,SCHEDULED,1920,32.0
2026-08-16T06:05:56Z,3126D23204C1,3126D,,SCHEDULED,240,4.0
2026-08-16T06:05:56Z,3126D23425T1,3126D,,SCHEDULED,0,0.0
2026-08-16T06:05:56Z,3126D23205C1,3126D,,SCHEDULED,0,0.0
2026-08-16T06:05:56Z,3126D23426T1,3126D,,SCHEDULED,0,0.0
2026-08-16T06:05:56Z,3126D23209C1,3126D,,SCHEDULED,0,0.0
2026-08-16T06:05:56Z,3226D23310C1,3226D,,SCHEDULED,0,0.0
2026-08-16T06:05:56Z,3226D23315C1,3226D,,SCHEDULED,180,3.0
2026-08-16T06:05:56Z,3226D23155C2,3226D,,SCHEDULED,-60,-1.0
2026-08-16T06:05:56Z,4026D84024C2,4026D,,SCHEDULED,0,0.0
2026-08-16T06:05:56Z,4026D24208C1,4026D,,SCHEDULED,180,3.0
2026-08-16T06:05:56Z,4026D33720C6,4026D,,SCHEDULED,60,1.0
2026-08-16T06:05:56Z,4026D24020C2,4026D,,SCHEDULED,0,0.0
2026-08-16T06:05:56Z,4026D24011C2,4026D,,SCHEDULED,60,1.0
2026-08-16T06:05:56Z,4026D24306C6,4026D,,SCHEDULED,-60,-1.0
2026-08-16T06:05:56Z,4026D24293C1,4026D,,SCHEDULED,0,0.0
2026-08-16T06:05:56Z,4026D24210C1,4026D,,SCHEDULED,0,0.0
2026-08-16T06:05:56Z,4026D76603C3,4026D,,SCHEDULED,-120,-2.0
2026-08-16T06:05:56Z,4026D24311C6,4026D,,SCHEDULED,0,0.0
2026-08-16T06:05:56Z,4026D24211C1,4026D,,SCHEDULED,-120,-2.0
2026-08-16T06:05:56Z,4026D24310C6,4026D,,SCHEDULED,0,0.0
2026-08-16T06:05:56Z,4026D24015C2,4026D,,SCHEDULED,180,3.0
2026-08-16T06:05:56Z,4026D24016C2,4026D,,SCHEDULED,0,0.0
2026-08-16T06:05:56Z,4026D84602C5,4026D,,SCHEDULED,0,0.0
2026-08-16T06:05:56Z,5126D77712R4,5126D,,SCHEDULED,60,1.0
2026-08-16T06:05:56Z,5126D25408R2N,5126D,,SCHEDULED,120,2.0
2026-08-16T06:05:56Z,5126D25803R1,5126D,,SCHEDULED,60,1.0
2026-08-16T06:05:56Z,5126D25607R1,5126D,,SCHEDULED,180,3.0
2026-08-16T06:05:56Z,5126D15003R15,5126D,,SCHEDULED,120,2.0
2026-08-16T06:05:56Z,5126D77514R4,5126D,,SCHEDULED,-120,-2.0
2026-08-16T06:05:56Z,5126D25406R2N,5126D,,SCHEDULED,60,1.0
2026-08-16T06:05:56Z,5126D25801R1,5126D,,SCHEDULED,0,0.0
2026-08-16T06:05:56Z,5126D28273R2S,5126D,,SCHEDULED,120,2.0
2026-08-16T06:05:56Z,5126D77410R4,5126D,,SCHEDULED,1140,19.0
2026-08-16T06:05:56Z,5126D28271R2S,5126D,,SCHEDULED,180,3.0
2026-08-16T06:05:56Z,5126D35518R3,5126D,,CANCELED,,
2026-08-16T06:05:56Z,5126D30532R15,5126D,,SCHEDULED,0,0.0
2026-08-16T06:05:56Z,5126D28272R2S,5126D,,SCHEDULED,480,8.0
2026-08-16T06:05:56Z,5126D25613R1,5126D,,SCHEDULED,0,0.0
2026-08-16T06:05:56Z,5126D30531R15,5126D,,SCHEDULED,120,2.0
2026-08-16T06:05:56Z,5126D25612R1,5126D,,SCHEDULED,0,0.0
2026-08-16T06:05:56Z,5126D35525R3,5126D,,SCHEDULED,0,0.0
2026-08-16T06:05:56Z,5126D30530R15,5126D,,SCHEDULED,60,1.0
2026-08-16T06:05:56Z,5126D35531R3,5126D,,SCHEDULED,0,0.0
2026-08-16T06:05:56Z,5126D77322R3,5126D,,SCHEDULED,0,0.0
2026-08-16T06:05:56Z,5126D25511R2S,5126D,,SCHEDULED,0,0.0
2026-08-16T06:05:56Z,5126D35523R3,5126D,,SCHEDULED,60,1.0
2026-08-16T06:05:56Z,5126D35520R3,5126D,,SCHEDULED,60,1.0
2026-08-16T06:05:56Z,5126D25714R1,5126D,,SCHEDULED,0,0.0
2026-08-16T06:05:56Z,5126D77404R4,5126D,,SCHEDULED,360,6.0
2026-08-16T06:05:56Z,5126D77408R4,5126D,,SCHEDULED,120,2.0
2026-08-16T06:05:56Z,5126D25616R1,5126D,,SCHEDULED,120,2.0
2026-08-16T06:05:56Z,5126D18121R16,5126D,,SCHEDULED,60,1.0
2026-08-16T06:05:56Z,5126D78634R8,5126D,,SCHEDULED,60,1.0
2026-08-16T06:05:56Z,5126D25611R1,5126D,,SCHEDULED,0,0.0
2026-08-16T06:05:56Z,5126D33532RL4,5126D,,SCHEDULED,720,12.0
2026-08-16T06:05:56Z,5126D77508R4,5126D,,SCHEDULED,60,1.0
2026-08-16T06:05:56Z,5126D25507R2S,5126D,,SCHEDULED,720,12.0
2026-08-16T06:05:56Z,5126D25506R2S,5126D,,SCHEDULED,840,14.0
2026-08-16T06:05:56Z,5126D25509R2S,5126D,,SCHEDULED,120,2.0
2026-08-16T06:05:56Z,5126D25508R2S,5126D,,SCHEDULED,-60,-1.0
2026-08-16T06:05:56Z,5126D25620R1,5126D,,SCHEDULED,120,2.0
2026-08-16T06:05:56Z,5126D28414R2N,5126D,,SCHEDULED,-60,-1.0
2026-08-16T06:05:56Z,5126D15061R17,5126D,,SCHEDULED,0,0.0
2026-08-16T06:05:56Z,5126D25505R2S,5126D,,SCHEDULED,0,0.0
2026-08-16T06:05:56Z,5126D25504R2S,5126D,,SCHEDULED,180,3.0
2026-08-16T06:05:56Z,5126D77510R4,5126D,,SCHEDULED,-120,-2.0
2026-08-16T06:05:56Z,5126D28412R2N,5126D,,SCHEDULED,-60,-1.0
2026-08-16T06:05:56Z,5126D78602R8,5126D,,SCHEDULED,60,1.0
2026-08-16T06:05:56Z,5126D77512R4,5126D,,SCHEDULED,60,1.0
2026-08-16T06:05:56Z,6026D26512C3,6026D,,SCHEDULED,-60,-1.0
2026-08-16T06:05:56Z,6026D26514C3,6026D,,SCHEDULED,0,0.0
2026-08-16T06:05:56Z,6026D29617C1,6026D,,SCHEDULED,0,0.0
2026-08-16T06:05:56Z,6026D71507C4,6026D,,SCHEDULED,0,0.0
2026-08-16T06:05:56Z,6026D29511C2,6026D,,SCHEDULED,120,2.0
2026-08-16T06:05:56Z,6026D29510C2,6026D,,SCHEDULED,120,2.0
2026-08-16T06:05:56Z,6026D26510C3,6026D,,SCHEDULED,60,1.0
2026-08-16T06:05:56Z,6026D26513C3,6026D,,SCHEDULED,120,2.0
2026-08-16T06:05:56Z,6026D29513C2,6026D,,SCHEDULED,120,2.0
2026-08-16T06:05:56Z,6026D29612C1,6026D,,SCHEDULED,60,1.0
2026-08-16T06:05:56Z,6026D71504C4,6026D,,SCHEDULED,60,1.0
2026-08-16T06:05:56Z,6026D29615C1,6026D,,SCHEDULED,180,3.0
2026-08-16T06:05:56Z,6026D26511C3,6026D,,SCHEDULED,-60,-1.0
2026-08-16T06:05:56Z,6126D32705C1,6126D,,SCHEDULED,0,0.0
2026-08-16T06:05:56Z,6126D32702C1,6126D,,SCHEDULED,-60,-1.0
2026-08-16T06:05:56Z,6126D32704C1,6126D,,SCHEDULED,0,0.0
2026-08-16T06:05:56Z,6126D32703C1,6126D,,SCHEDULED,0,0.0
2026-08-16T06:05:56Z,6126D81706C1,6126D,,SCHEDULED,0,0.0
2026-08-16T06:05:56Z,6126D81771C1,6126D,,SCHEDULED,0,0.0
2026-08-16T06:05:56Z,6226D71355C3,6226D,,SCHEDULED,0,0.0
2026-08-16T06:05:56Z,6226D71155C2,6226D,,SCHEDULED,60,1.0
2026-08-16T06:05:56Z,6226D71193C2,6226D,,SCHEDULED,-60,-1.0
2026-08-16T06:05:56Z,6226D82352C3,6226D,,SCHEDULED,0,0.0
2026-08-16T06:05:56Z,6226D35917C1,6226D,,SCHEDULED,360,6.0
2026-08-16T06:05:56Z,6226D71156C2,6226D,,SCHEDULED,360,6.0
2026-08-16T06:05:56Z,6226D35918C1,6226D,,SCHEDULED,0,0.0
2026-08-16T06:05:56Z,4626D71811C1,4626D,,SCHEDULED,0,0.0
2026-08-16T06:05:56Z,4726D71090C1,4726D,,SCHEDULED,-60,-1.0
2026-08-16T06:05:56Z,4726D71081C1,4726D,,SCHEDULED,840,14.0
2026-08-16T06:05:56Z,2026D70306C4,2026D,,SCHEDULED,0,0.0
2026-08-16T06:05:56Z,2026D70405C5,2026D,,SCHEDULED,0,0.0
2026-08-16T06:05:56Z,2026D70903C8,2026D,,SCHEDULED,60,1.0
2026-08-16T06:05:56Z,2026D22206C2,2026D,,SCHEDULED,0,0.0
2026-08-16T06:05:56Z,2026D22008C1,2026D,,SCHEDULED,120,2.0
2026-08-16T06:05:56Z,2026D22208C2,2026D,,SCHEDULED,0,0.0
2026-08-16T06:05:56Z,2026D22003C1,2026D,,SCHEDULED,300,5.0
2026-08-16T06:05:56Z,2026D22106C1,2026D,,SCHEDULED,0,0.0
2026-08-16T06:05:56Z,2026D22007C1,2026D,,SCHEDULED,120,2.0
2026-08-16T06:05:56Z,2026D70206C4,2026D,,SCHEDULED,1920,32.0
2026-08-16T06:05:56Z,2026D70800C6,2026D,,SCHEDULED,1140,19.0
2026-08-16T06:05:56Z,2026D70403C5,2026D,,SCHEDULED,300,5.0
2026-08-16T06:05:56Z,2026D70301C4,2026D,,SCHEDULED,0,0.0
2026-08-16T06:05:56Z,2026D22311C3,2026D,,SCHEDULED,240,4.0
2026-08-16T06:05:56Z,2026D22315C3,2026D,,SCHEDULED,0,0.0
2026-08-16T06:05:56Z,2026D70509C7,2026D,,SCHEDULED,0,0.0
2026-08-16T06:05:56Z,2026D70904C8,2026D,,SCHEDULED,540,9.0
2026-08-16T06:05:56Z,2026D70406C5,2026D,,SCHEDULED,0,0.0
2026-08-16T06:05:56Z,2026D70208C4,2026D,,SCHEDULED,600,10.0
2026-08-16T06:05:56Z,2026D70852C6,2026D,,SCHEDULED,240,4.0
2026-08-16T06:05:56Z,2026D70855C6,2026D,,SCHEDULED,120,2.0
2026-08-16T06:05:56Z,2026D70510C7,2026D,,SCHEDULED,0,0.0
2026-08-16T06:05:56Z,2026D70850C6,2026D,,SCHEDULED,60,1.0
2026-08-16T06:05:56Z,2026D70251C4,2026D,,SCHEDULED,480,8.0
2026-08-16T06:05:56Z,2026D70250C4,2026D,,SCHEDULED,1800,30.0
2026-08-16T06:05:56Z,4126D84904C2,4126D,,SCHEDULED,5400,90.0
2026-08-16T06:05:56Z,4126D24702C1,4126D,,SCHEDULED,720,12.0
2026-08-16T06:05:56Z,4126D24751C1,4126D,,SCHEDULED,300,5.0
2026-08-16T06:05:56Z,4126D32803C3,4126D,,SCHEDULED,0,0.0
2026-08-16T06:05:56Z,4526D71705C1,4526D,,SCHEDULED,0,0.0
2026-08-16T06:05:56Z,4526D71703C1,4526D,,SCHEDULED,60,1.0
2026-08-16T06:05:56Z,4526D71702C1,4526D,,SCHEDULED,0,0.0
2026-08-16T06:05:56Z,7026D31505C1,7026D,,SCHEDULED,840,14.0
2026-08-16T06:05:56Z,7026D31509C1,7026D,,SCHEDULED,0,0.0
2026-08-16T06:05:56Z,7026D31504C1,7026D,,SCHEDULED,60,1.0
2026-08-16T06:05:56Z,1026D27220C4a,1026D,,CANCELED,,
2026-08-16T06:05:56Z,1026D79238C7,1026D,,SCHEDULED,0,0.0
2026-08-16T06:05:56Z,1026D27223C4a,1026D,,SCHEDULED,120,2.0
2026-08-16T06:05:56Z,1026D79953C8b,1026D,,SCHEDULED,1860,31.0
2026-08-16T06:05:56Z,1026D27421C4b,1026D,,SCHEDULED,180,3.0
2026-08-16T06:05:56Z,1026D27224C4a,1026D,,SCHEDULED,0,0.0
2026-08-16T06:05:56Z,1026D27221C4a,1026D,,SCHEDULED,660,11.0
2026-08-16T06:05:56Z,1026D27420C4b,1026D,,SCHEDULED,0,0.0
2026-08-16T06:05:56Z,1026D27222C4a,1026D,,SCHEDULED,540,9.0
2026-08-16T06:05:56Z,1026D79239C7,1026D,,SCHEDULED,0,0.0
2026-08-16T06:05:56Z,1026D79957C8b,1026D,,SCHEDULED,60,1.0
2026-08-16T06:05:56Z,1026D79608C10,1026D,,SCHEDULED,420,7.0
2026-08-16T06:05:56Z,1026D79809C8a,1026D,,SCHEDULED,300,5.0
2026-08-16T06:05:56Z,1026D27425C4b,1026D,,SCHEDULED,120,2.0
2026-08-16T06:05:56Z,1026D27225C4a,1026D,,SCHEDULED,0,0.0
2026-08-16T06:05:56Z,1026D27423C4b,1026D,,SCHEDULED,240,4.0
2026-08-16T06:05:56Z,1026D27226C4a,1026D,,SCHEDULED,0,0.0
2026-08-16T06:05:56Z,1026D79230C7,1026D,,SCHEDULED,300,5.0
2026-08-16T06:05:56Z,1026D27427C4b,1026D,,SCHEDULED,0,0.0
2026-08-16T06:05:56Z,1026D79111C7,1026D,,SCHEDULED,60,1.0
2026-08-16T06:05:56Z,1026D79231C7,1026D,,CANCELED,,
2026-08-16T06:05:56Z,1026D79110C7,1026D,,SCHEDULED,720,12.0
2026-08-16T06:05:56Z,1026D19819C1,1026D,,SCHEDULED,60,1.0
2026-08-16T06:05:56Z,1026D77006C5,1026D,,SCHEDULED,0,0.0
2026-08-16T06:05:56Z,1026D79108C7,1026D,,SCHEDULED,180,3.0
2026-08-16T06:05:56Z,1026D79107C7,1026D,,SCHEDULED,300,5.0
2026-08-16T06:05:56Z,1026D79429C2,1026D,,SCHEDULED,0,0.0
2026-08-16T06:05:56Z,1026D19816C1,1026D,,SCHEDULED,600,10.0
2026-08-16T06:05:56Z,1026D79704C10,1026D,,SCHEDULED,60,1.0
2026-08-16T06:05:56Z,1026D79109C7,1026D,,SCHEDULED,0,0.0
2026-08-16T06:05:56Z,1026D19818C1,1026D,,SCHEDULED,0,0.0
2026-08-16T06:05:56Z,1026D79706C10,1026D,,SCHEDULED,360,6.0
2026-08-16T06:05:56Z,1026D79708C10,1026D,,SCHEDULED,0,0.0
2026-08-16T06:05:56Z,1026D19814C1,1026D,,SCHEDULED,360,6.0
2026-08-16T06:05:56Z,1026D79517C2,1026D,,SCHEDULED,0,0.0
2026-08-16T06:05:56Z,1026D79956C8b,1026D,,SCHEDULED,0,0.0
2026-08-16T06:05:56Z,1026D79958C8b,1026D,,SCHEDULED,0,0.0
2026-08-16T06:05:56Z,1026D76390C5,1026D,,SCHEDULED,120,2.0
2026-08-16T06:05:56Z,1026D76392C5,1026D,,SCHEDULED,0,0.0
2026-08-16T06:05:56Z,1026D76394C5,1026D,,SCHEDULED,0,0.0
2026-08-16T06:05:56Z,1026D79423C2,1026D,,SCHEDULED,300,5.0
2026-08-16T06:05:56Z,1026D77003C5,1026D,,SCHEDULED,0,0.0
2026-08-16T06:05:56Z,1026D79106C7,1026D,,SCHEDULED,3060,51.0
2026-08-16T06:05:56Z,1026D77004C5,1026D,,SCHEDULED,60,1.0
2026-08-16T06:05:56Z,1026D79105C7,1026D,,SCHEDULED,4620,77.0
2026-08-16T06:05:56Z,1026D77005C5,1026D,,SCHEDULED,0,0.0
2026-08-16T06:05:56Z,1026D27017C3,1026D,,SCHEDULED,0,0.0
2026-08-16T06:05:56Z,1026D27418C4b,1026D,,SCHEDULED,0,0.0
2026-08-16T06:05:56Z,1026D27419C4b,1026D,,SCHEDULED,60,1.0
2026-08-16T06:05:56Z,1026D79243C7,1026D,,SCHEDULED,900,15.0
2026-08-16T06:05:56Z,1026D27416C4b,1026D,,SCHEDULED,0,0.0
2026-08-16T06:05:56Z,1026D27218C4a,1026D,,SCHEDULED,0,0.0
2026-08-16T06:05:56Z,1026D79242C7,1026D,,SCHEDULED,0,0.0
2026-08-16T06:05:56Z,1026D27219C4a,1026D,,SCHEDULED,0,0.0
2026-08-16T06:05:56Z,1026D27417C4b,1026D,,SCHEDULED,780,13.0
2026-08-16T06:05:56Z,1026D27010C3,1026D,,SCHEDULED,120,2.0
2026-08-16T06:05:56Z,1026D27011C3,1026D,,SCHEDULED,120,2.0
2026-08-16T06:05:56Z,1026D79247C7,1026D,,SCHEDULED,120,2.0
2026-08-16T06:05:56Z,1026D76211C5,1026D,,SCHEDULED,0,0.0
2026-08-16T06:05:56Z,1026D79521C2,1026D,,SCHEDULED,180,3.0
2026-08-16T06:05:56Z,1026D76212C5,1026D,,SCHEDULED,0,0.0
2026-08-16T06:05:56Z,1026D27014C3,1026D,,SCHEDULED,720,12.0
2026-08-16T06:05:56Z,1026D76696C5,1026D,,SCHEDULED,60,1.0
2026-08-16T06:05:56Z,1026D27015C3,1026D,,SCHEDULED,0,0.0
2026-08-16T06:05:56Z,1026D76698C5,1026D,,SCHEDULED,300,5.0
2026-08-16T06:05:56Z,1026D76379C5,1026D,,SCHEDULED,180,3.0
2026-08-16T06:05:56Z,1026D79525C2,1026D,,SCHEDULED,0,0.0
2026-08-16T06:05:56Z,1026D27013C3,1026D,,SCHEDULED,300,5.0
2026-08-16T06:05:56Z,1026D79527C2,1026D,,SCHEDULED,-60,-1.0
2026-08-16T06:05:56Z,1026D19821C1,1026D,,SCHEDULED,0,0.0
2026-08-16T06:05:56Z,1026D19820C1,1026D,,SCHEDULED,0,0.0
2026-08-16T06:05:56Z,1026D76381C5,1026D,,SCHEDULED,60,1.0
2026-08-16T06:05:56Z,1026D27009C3,1026D,,SCHEDULED,120,2.0
2026-08-16T06:05:56Z,1026D76383C5,1026D,,SCHEDULED,60,1.0
2026-08-16T06:05:56Z,1026D76384C5,1026D,,SCHEDULED,180,3.0
2026-08-16T06:05:56Z,1026D76385C5,1026D,,SCHEDULED,0,0.0
2026-08-16T06:05:56Z,1026D79610C10,1026D,,SCHEDULED,300,5.0
2026-08-16T06:05:56Z,1026D76386C5,1026D,,SCHEDULED,0,0.0
2026-08-16T06:05:56Z,1026D76387C5,1026D,,SCHEDULED,0,0.0
2026-08-16T06:05:56Z,1026D79612C10,1026D,,SCHEDULED,0,0.0
2026-08-16T06:05:56Z,1026D76388C5,1026D,,SCHEDULED,120,2.0
2026-08-16T06:05:56Z,1026D79812C8a,1026D,,SCHEDULED,120,2.0
2026-08-16T06:05:56Z,1026D76700C5,1026D,,SCHEDULED,0,0.0
2026-08-16T06:05:56Z,1026D79814C8a,1026D,,SCHEDULED,0,0.0
2026-08-16T06:05:56Z,1026D79419C2,1026D,,SCHEDULED,1620,27.0
2026-08-16T06:05:56Z,1026D19823C1,1026D,,SCHEDULED,0,0.0
2026-08-16T06:05:56Z,1026D76705C5,1026D,,SCHEDULED,60,1.0
2026-08-16T06:05:56Z,1026D76707C5,1026D,,SCHEDULED,0,0.0
2026-08-16T06:05:56Z,1026D27414C4b,1026D,,SCHEDULED,180,3.0
2026-08-16T06:05:56Z,1026D27217C4a,1026D,,SCHEDULED,420,7.0
2026-08-16T06:05:56Z,1026D27016C3,1026D,,SCHEDULED,0,0.0
2026-08-16T06:05:56Z,1026D27412C4b,1026D,,SCHEDULED,0,0.0
2026-08-16T06:11:03Z,3026D23519C1,3026D,,CANCELED,,
2026-08-16T06:11:03Z,3026D23513C1,3026D,,SCHEDULED,60,1.0
2026-08-16T06:11:03Z,3026D23514C1,3026D,,SCHEDULED,120,2.0
2026-08-16T06:11:03Z,3026D23516C1,3026D,,SCHEDULED,0,0.0
2026-08-16T06:11:03Z,3026D23895C5,3026D,,SCHEDULED,120,2.0
2026-08-16T06:11:03Z,3026D23517C1,3026D,,SCHEDULED,0,0.0
2026-08-16T06:11:03Z,3026D23609C4,3026D,,SCHEDULED,180,3.0
2026-08-16T06:11:03Z,3126D23204C1,3126D,,SCHEDULED,240,4.0
2026-08-16T06:11:03Z,3126D23425T1,3126D,,SCHEDULED,0,0.0
2026-08-16T06:11:03Z,3126D23426T1,3126D,,SCHEDULED,0,0.0
2026-08-16T06:11:03Z,3126D23208C1,3126D,,SCHEDULED,0,0.0
2026-08-16T06:11:03Z,3126D23209C1,3126D,,SCHEDULED,0,0.0
2026-08-16T06:11:03Z,3226D23310C1,3226D,,SCHEDULED,0,0.0
2026-08-16T06:11:03Z,3226D23315C1,3226D,,SCHEDULED,240,4.0
2026-08-16T06:11:03Z,3226D23155C2,3226D,,SCHEDULED,60,1.0
2026-08-16T06:11:03Z,4026D84024C2,4026D,,SCHEDULED,0,0.0
2026-08-16T06:11:03Z,4026D24208C1,4026D,,SCHEDULED,180,3.0
2026-08-16T06:11:03Z,4026D33720C6,4026D,,SCHEDULED,-60,-1.0
2026-08-16T06:11:03Z,4026D24309C6,4026D,,SCHEDULED,-120,-2.0
2026-08-16T06:11:03Z,4026D24020C2,4026D,,SCHEDULED,0,0.0
2026-08-16T06:11:03Z,4026D24011C2,4026D,,SCHEDULED,60,1.0
2026-08-16T06:11:03Z,4026D24306C6,4026D,,SCHEDULED,60,1.0
2026-08-16T06:11:03Z,4026D24293C1,4026D,,SCHEDULED,0,0.0
2026-08-16T06:11:03Z,4026D24210C1,4026D,,SCHEDULED,0,0.0
2026-08-16T06:11:03Z,4026D76603C3,4026D,,SCHEDULED,60,1.0
2026-08-16T06:11:03Z,4026D24311C6,4026D,,SCHEDULED,-60,-1.0
2026-08-16T06:11:03Z,4026D24211C1,4026D,,SCHEDULED,-60,-1.0
2026-08-16T06:11:03Z,4026D24310C6,4026D,,SCHEDULED,0,0.0
2026-08-16T06:11:03Z,4026D24015C2,4026D,,SCHEDULED,120,2.0
2026-08-16T06:11:03Z,4026D84602C5,4026D,,SCHEDULED,0,0.0
2026-08-16T06:11:03Z,5126D28273R2S,5126D,,SCHEDULED,-60,-1.0
2026-08-16T06:11:03Z,5126D77410R4,5126D,,SCHEDULED,1260,21.0
2026-08-16T06:11:03Z,5126D77712R4,5126D,,SCHEDULED,60,1.0
2026-08-16T06:11:03Z,5126D28271R2S,5126D,,SCHEDULED,240,4.0
2026-08-16T06:11:03Z,5126D77514R4,5126D,,SCHEDULED,-60,-1.0
2026-08-16T06:11:03Z,5126D28272R2S,5126D,,SCHEDULED,540,9.0
2026-08-16T06:11:03Z,5126D25613R1,5126D,,SCHEDULED,60,1.0
2026-08-16T06:11:03Z,5126D25612R1,5126D,,SCHEDULED,-60,-1.0
2026-08-16T06:11:03Z,5126D35518R3,5126D,,CANCELED,,
2026-08-16T06:11:03Z,5126D30532R15,5126D,,SCHEDULED,0,0.0
2026-08-16T06:11:03Z,5126D77322R3,5126D,,SCHEDULED,0,0.0
2026-08-16T06:11:03Z,5126D30531R15,5126D,,SCHEDULED,60,1.0
2026-08-16T06:11:03Z,5126D35523R3,5126D,,SCHEDULED,60,1.0
2026-08-16T06:11:03Z,5126D35520R3,5126D,,SCHEDULED,60,1.0
2026-08-16T06:11:03Z,5126D77404R4,5126D,,SCHEDULED,240,4.0
2026-08-16T06:11:03Z,5126D30530R15,5126D,,SCHEDULED,60,1.0
2026-08-16T06:11:03Z,5126D35531R3,5126D,,SCHEDULED,0,0.0
2026-08-16T06:11:03Z,5126D77408R4,5126D,,SCHEDULED,120,2.0
2026-08-16T06:11:03Z,5126D25616R1,5126D,,SCHEDULED,240,4.0
2026-08-16T06:11:03Z,5126D25511R2S,5126D,,SCHEDULED,0,0.0
2026-08-16T06:11:03Z,5126D18121R16,5126D,,SCHEDULED,60,1.0
2026-08-16T06:11:03Z,5126D25410R2N,5126D,,SCHEDULED,120,2.0
2026-08-16T06:11:03Z,5126D25803R1,5126D,,SCHEDULED,60,1.0
2026-08-16T06:11:03Z,5126D25714R1,5126D,,SCHEDULED,120,2.0
2026-08-16T06:11:03Z,5126D25607R1,5126D,,SCHEDULED,240,4.0
2026-08-16T06:11:03Z,5126D25801R1,5126D,,SCHEDULED,60,1.0
2026-08-16T06:11:03Z,5126D25506R2S,5126D,,SCHEDULED,840,14.0
2026-08-16T06:11:03Z,5126D25508R2S,5126D,,SCHEDULED,0,0.0
2026-08-16T06:11:03Z,5126D78634R8,5126D,,SCHEDULED,180,3.0
2026-08-16T06:11:03Z,5126D25620R1,5126D,,SCHEDULED,120,2.0
2026-08-16T06:11:03Z,5126D33532RL4,5126D,,SCHEDULED,720,12.0
2026-08-16T06:11:03Z,5126D28414R2N,5126D,,SCHEDULED,-60,-1.0
2026-08-16T06:11:03Z,5126D77508R4,5126D,,SCHEDULED,0,0.0
2026-08-16T06:11:03Z,5126D15061R17,5126D,,SCHEDULED,0,0.0
2026-08-16T06:11:03Z,5126D25624R1,5126D,,SCHEDULED,-300,-5.0
2026-08-16T06:11:03Z,5126D25504R2S,5126D,,SCHEDULED,120,2.0
2026-08-16T06:11:03Z,5126D77510R4,5126D,,SCHEDULED,60,1.0
2026-08-16T06:11:03Z,5126D28412R2N,5126D,,SCHEDULED,0,0.0
2026-08-16T06:11:03Z,5126D78602R8,5126D,,SCHEDULED,60,1.0
2026-08-16T06:11:03Z,5126D77512R4,5126D,,SCHEDULED,120,2.0
2026-08-16T06:11:03Z,5126D28410R2N,5126D,,SCHEDULED,60,1.0
2026-08-16T06:11:03Z,6026D26512C3,6026D,,SCHEDULED,0,0.0
2026-08-16T06:11:03Z,6026D26514C3,6026D,,SCHEDULED,0,0.0
2026-08-16T06:11:03Z,6026D29617C1,6026D,,SCHEDULED,0,0.0
2026-08-16T06:11:03Z,6026D29512C2,6026D,,SCHEDULED,0,0.0
2026-08-16T06:11:03Z,6026D29511C2,6026D,,SCHEDULED,180,3.0
2026-08-16T06:11:03Z,6026D29510C2,6026D,,SCHEDULED,0,0.0
2026-08-16T06:11:03Z,6026D71507C4,6026D,,SCHEDULED,60,1.0
2026-08-16T06:11:03Z,6026D26510C3,6026D,,SCHEDULED,120,2.0
2026-08-16T06:11:03Z,6026D26513C3,6026D,,SCHEDULED,60,1.0
2026-08-16T06:11:03Z,6026D29513C2,6026D,,SCHEDULED,180,3.0
2026-08-16T06:11:03Z,6026D29612C1,6026D,,SCHEDULED,120,2.0
2026-08-16T06:11:03Z,6026D71504C4,6026D,,SCHEDULED,-60,-1.0
2026-08-16T06:11:03Z,6026D29615C1,6026D,,SCHEDULED,180,3.0
2026-08-16T06:11:03Z,6026D26511C3,6026D,,SCHEDULED,-60,-1.0
2026-08-16T06:11:03Z,6026D29614C1,6026D,,SCHEDULED,0,0.0
2026-08-16T06:11:03Z,6126D32705C1,6126D,,SCHEDULED,-60,-1.0
2026-08-16T06:11:03Z,6126D32702C1,6126D,,SCHEDULED,-60,-1.0
2026-08-16T06:11:03Z,6126D81703C1,6126D,,SCHEDULED,0,0.0
2026-08-16T06:11:03Z,6126D32703C1,6126D,,SCHEDULED,0,0.0
2026-08-16T06:11:03Z,6126D32704C1,6126D,,SCHEDULED,0,0.0
2026-08-16T06:11:03Z,6226D71355C3,6226D,,SCHEDULED,0,0.0
2026-08-16T06:11:03Z,6226D71155C2,6226D,,SCHEDULED,60,1.0
2026-08-16T06:11:03Z,6226D71193C2,6226D,,SCHEDULED,0,0.0
2026-08-16T06:11:03Z,6226D82352C3,6226D,,SCHEDULED,0,0.0
2026-08-16T06:11:03Z,6226D35917C1,6226D,,SCHEDULED,-120,-2.0
2026-08-16T06:11:03Z,6226D71156C2,6226D,,SCHEDULED,180,3.0
2026-08-16T06:11:03Z,6226D35918C1,6226D,,SCHEDULED,0,0.0
2026-08-16T06:11:03Z,4626D71811C1,4626D,,SCHEDULED,0,0.0
2026-08-16T06:11:03Z,4726D71090C1,4726D,,SCHEDULED,-120,-2.0
2026-08-16T06:11:03Z,4726D71081C1,4726D,,SCHEDULED,780,13.0
2026-08-16T06:11:03Z,2026D70306C4,2026D,,SCHEDULED,0,0.0
2026-08-16T06:11:03Z,2026D70903C8,2026D,,SCHEDULED,360,6.0
2026-08-16T06:11:03Z,2026D22008C1,2026D,,SCHEDULED,120,2.0
2026-08-16T06:11:03Z,2026D22206C2,2026D,,SCHEDULED,120,2.0
2026-08-16T06:11:03Z,2026D22208C2,2026D,,SCHEDULED,0,0.0
2026-08-16T06:11:03Z,2026D22003C1,2026D,,SCHEDULED,240,4.0
2026-08-16T06:11:03Z,2026D22106C1,2026D,,SCHEDULED,0,0.0
2026-08-16T06:11:03Z,2026D22007C1,2026D,,SCHEDULED,300,5.0
2026-08-16T06:11:03Z,2026D22311C3,2026D,,SCHEDULED,180,3.0
2026-08-16T06:11:03Z,2026D70206C4,2026D,,SCHEDULED,1980,33.0
2026-08-16T06:11:03Z,2026D70800C6,2026D,,SCHEDULED,1440,24.0
2026-08-16T06:11:03Z,2026D22315C3,2026D,,SCHEDULED,0,0.0
2026-08-16T06:11:03Z,2026D70403C5,2026D,,SCHEDULED,120,2.0
2026-08-16T06:11:03Z,2026D70509C7,2026D,,SCHEDULED,0,0.0
2026-08-16T06:11:03Z,2026D70904C8,2026D,,SCHEDULED,0,0.0
2026-08-16T06:11:03Z,2026D70301C4,2026D,,SCHEDULED,0,0.0
2026-08-16T06:11:03Z,2026D70852C6,2026D,,SCHEDULED,300,5.0
2026-08-16T06:11:03Z,2026D70855C6,2026D,,SCHEDULED,180,3.0
2026-08-16T06:11:03Z,2026D70510C7,2026D,,SCHEDULED,300,5.0
2026-08-16T06:11:03Z,2026D70406C5,2026D,,SCHEDULED,0,0.0
2026-08-16T06:11:03Z,2026D70850C6,2026D,,SCHEDULED,240,4.0
2026-08-16T06:11:03Z,2026D70208C4,2026D,,SCHEDULED,300,5.0
2026-08-16T06:11:03Z,2026D70802C6,2026D,,SCHEDULED,60,1.0
2026-08-16T06:11:03Z,2026D70251C4,2026D,,SCHEDULED,780,13.0
2026-08-16T06:11:03Z,2026D70250C4,2026D,,SCHEDULED,1320,22.0
2026-08-16T06:11:03Z,4126D32803C3,4126D,,SCHEDULED,0,0.0
2026-08-16T06:11:03Z,4126D84904C2,4126D,,SCHEDULED,5700,95.0
2026-08-16T06:11:03Z,4126D24702C1,4126D,,SCHEDULED,420,7.0
2026-08-16T06:11:03Z,4126D32802C3,4126D,,SCHEDULED,0,0.0
2026-08-16T06:11:03Z,4126D84902C2,4126D,,SCHEDULED,3000,50.0
2026-08-16T06:11:03Z,4126D24751C1,4126D,,SCHEDULED,600,10.0
2026-08-16T06:11:03Z,4526D71705C1,4526D,,SCHEDULED,0,0.0
2026-08-16T06:11:03Z,4526D71703C1,4526D,,SCHEDULED,120,2.0
2026-08-16T06:11:03Z,4526D71702C1,4526D,,SCHEDULED,0,0.0
2026-08-16T06:11:03Z,7026D31505C1,7026D,,SCHEDULED,1140,19.0
2026-08-16T06:11:03Z,7026D31504C1,7026D,,SCHEDULED,300,5.0
2026-08-16T06:11:03Z,7026D31509C1,7026D,,SCHEDULED,0,0.0
2026-08-16T06:11:03Z,1026D79231C7,1026D,,CANCELED,,
2026-08-16T06:11:03Z,1026D79110C7,1026D,,SCHEDULED,1020,17.0
2026-08-16T06:11:03Z,1026D79234C7,1026D,,SCHEDULED,120,2.0
2026-08-16T06:11:03Z,1026D27220C4a,1026D,,CANCELED,,
2026-08-16T06:11:03Z,1026D79235C7,1026D,,SCHEDULED,120,2.0
2026-08-16T06:11:03Z,1026D79238C7,1026D,,SCHEDULED,0,0.0
2026-08-16T06:11:03Z,1026D27223C4a,1026D,,SCHEDULED,0,0.0
2026-08-16T06:11:03Z,1026D79953C8b,1026D,,SCHEDULED,1920,32.0
2026-08-16T06:11:03Z,1026D27421C4b,1026D,,SCHEDULED,60,1.0
2026-08-16T06:11:03Z,1026D27016C3,1026D,,SCHEDULED,0,0.0
2026-08-16T06:11:03Z,1026D27412C4b,1026D,,SCHEDULED,0,0.0
2026-08-16T06:11:03Z,1026D27224C4a,1026D,,SCHEDULED,0,0.0
2026-08-16T06:11:03Z,1026D27221C4a,1026D,,SCHEDULED,480,8.0
2026-08-16T06:11:03Z,1026D27017C3,1026D,,SCHEDULED,0,0.0
2026-08-16T06:11:03Z,1026D27420C4b,1026D,,SCHEDULED,0,0.0
2026-08-16T06:11:03Z,1026D77005C5,1026D,,SCHEDULED,0,0.0
2026-08-16T06:11:03Z,1026D27418C4b,1026D,,SCHEDULED,0,0.0
2026-08-16T06:11:03Z,1026D27419C4b,1026D,,SCHEDULED,120,2.0
2026-08-16T06:11:03Z,1026D19819C1,1026D,,SCHEDULED,180,3.0
2026-08-16T06:11:03Z,1026D79243C7,1026D,,SCHEDULED,120,2.0
2026-08-16T06:11:03Z,1026D77006C5,1026D,,SCHEDULED,0,0.0
2026-08-16T06:11:03Z,1026D79108C7,1026D,,SCHEDULED,480,8.0
2026-08-16T06:11:03Z,1026D27416C4b,1026D,,SCHEDULED,240,4.0
2026-08-16T06:11:03Z,1026D77007C5,1026D,,SCHEDULED,0,0.0
2026-08-16T06:11:03Z,1026D79107C7,1026D,,SCHEDULED,180,3.0
2026-08-16T06:11:03Z,1026D27218C4a,1026D,,SCHEDULED,0,0.0
2026-08-16T06:11:03Z,1026D79429C2,1026D,,SCHEDULED,0,0.0
2026-08-16T06:11:03Z,1026D79242C7,1026D,,SCHEDULED,0,0.0
2026-08-16T06:11:03Z,1026D27219C4a,1026D,,SCHEDULED,60,1.0
2026-08-16T06:11:03Z,1026D19816C1,1026D,,SCHEDULED,360,6.0
2026-08-16T06:11:03Z,1026D79109C7,1026D,,SCHEDULED,300,5.0
2026-08-16T06:11:03Z,1026D27417C4b,1026D,,SCHEDULED,600,10.0
2026-08-16T06:11:03Z,1026D19818C1,1026D,,SCHEDULED,0,0.0
2026-08-16T06:11:03Z,1026D27010C3,1026D,,SCHEDULED,60,1.0
2026-08-16T06:11:03Z,1026D79706C10,1026D,,SCHEDULED,180,3.0
2026-08-16T06:11:03Z,1026D79247C7,1026D,,SCHEDULED,420,7.0
2026-08-16T06:11:03Z,1026D79246C7,1026D,,SCHEDULED,0,0.0
2026-08-16T06:11:03Z,1026D79708C10,1026D,,SCHEDULED,0,0.0
2026-08-16T06:11:03Z,1026D76211C5,1026D,,SCHEDULED,0,0.0
2026-08-16T06:11:03Z,1026D27222C4a,1026D,,SCHEDULED,480,8.0
2026-08-16T06:11:03Z,1026D79239C7,1026D,,SCHEDULED,60,1.0
2026-08-16T06:11:03Z,1026D79521C2,1026D,,SCHEDULED,180,3.0
2026-08-16T06:11:03Z,1026D79957C8b,1026D,,SCHEDULED,0,0.0
2026-08-16T06:11:03Z,1026D76212C5,1026D,,SCHEDULED,0,0.0
2026-08-16T06:11:03Z,1026D79517C2,1026D,,SCHEDULED,120,2.0
2026-08-16T06:11:03Z,1026D27014C3,1026D,,SCHEDULED,1020,17.0
2026-08-16T06:11:03Z,1026D79956C8b,1026D,,SCHEDULED,60,1.0
2026-08-16T06:11:03Z,1026D76696C5,1026D,,SCHEDULED,0,0.0
2026-08-16T06:11:03Z,1026D79958C8b,1026D,,SCHEDULED,0,0.0
2026-08-16T06:11:03Z,1026D76213C5,1026D,,SCHEDULED,0,0.0
2026-08-16T06:11:03Z,1026D27015C3,1026D,,SCHEDULED,0,0.0
2026-08-16T06:11:03Z,1026D76390C5,1026D,,SCHEDULED,420,7.0
2026-08-16T06:11:03Z,1026D76698C5,1026D,,SCHEDULED,420,7.0
2026-08-16T06:11:03Z,1026D76392C5,1026D,,SCHEDULED,0,0.0
2026-08-16T06:11:03Z,1026D76379C5,1026D,,SCHEDULED,120,2.0
2026-08-16T06:11:03Z,1026D76394C5,1026D,,SCHEDULED,0,0.0
2026-08-16T06:11:03Z,1026D79423C2,1026D,,SCHEDULED,120,2.0
2026-08-16T06:11:03Z,1026D79106C7,1026D,,SCHEDULED,3360,56.0
2026-08-16T06:11:03Z,1026D19821C1,1026D,,SCHEDULED,240,4.0
2026-08-16T06:11:03Z,1026D77004C5,1026D,,SCHEDULED,60,1.0
2026-08-16T06:11:03Z,1026D27012C3,1026D,,SCHEDULED,180,3.0
2026-08-16T06:11:03Z,1026D79525C2,1026D,,SCHEDULED,0,0.0
2026-08-16T06:11:03Z,1026D19820C1,1026D,,SCHEDULED,0,0.0
2026-08-16T06:11:03Z,1026D27013C3,1026D,,SCHEDULED,60,1.0
2026-08-16T06:11:03Z,1026D79251C7,1026D,,SCHEDULED,0,0.0
2026-08-16T06:11:03Z,1026D79527C2,1026D,,SCHEDULED,240,4.0
2026-08-16T06:11:03Z,1026D76381C5,1026D,,SCHEDULED,60,1.0
2026-08-16T06:11:03Z,1026D27009C3,1026D,,SCHEDULED,420,7.0
2026-08-16T06:11:03Z,1026D79809C8a,1026D,,SCHEDULED,660,11.0
2026-08-16T06:11:03Z,1026D27425C4b,1026D,,SCHEDULED,420,7.0
2026-08-16T06:11:03Z,1026D76383C5,1026D,,SCHEDULED,0,0.0
2026-08-16T06:11:03Z,1026D27225C4a,1026D,,SCHEDULED,0,0.0
2026-08-16T06:11:03Z,1026D76385C5,1026D,,SCHEDULED,120,2.0
2026-08-16T06:11:03Z,1026D27423C4b,1026D,,SCHEDULED,420,7.0
2026-08-16T06:11:03Z,1026D79610C10,1026D,,SCHEDULED,180,3.0
2026-08-16T06:11:03Z,1026D27226C4a,1026D,,SCHEDULED,0,0.0
2026-08-16T06:11:03Z,1026D79230C7,1026D,,SCHEDULED,60,1.0
2026-08-16T06:11:03Z,1026D76386C5,1026D,,SCHEDULED,180,3.0
2026-08-16T06:11:03Z,1026D27427C4b,1026D,,SCHEDULED,0,0.0
2026-08-16T06:11:03Z,1026D79111C7,1026D,,SCHEDULED,360,6.0
2026-08-16T06:11:03Z,1026D76387C5,1026D,,SCHEDULED,0,0.0
2026-08-16T06:11:03Z,1026D79612C10,1026D,,SCHEDULED,0,0.0
2026-08-16T06:11:03Z,1026D76388C5,1026D,,SCHEDULED,180,3.0
2026-08-16T06:11:03Z,1026D76389C5,1026D,,SCHEDULED,0,0.0
2026-08-16T06:11:03Z,1026D79812C8a,1026D,,SCHEDULED,180,3.0
2026-08-16T06:11:03Z,1026D79811C8a,1026D,,SCHEDULED,0,0.0
2026-08-16T06:11:03Z,1026D76700C5,1026D,,SCHEDULED,0,0.0
2026-08-16T06:11:03Z,1026D79814C8a,1026D,,SCHEDULED,0,0.0
2026-08-16T06:11:03Z,1026D79419C2,1026D,,SCHEDULED,1560,26.0
2026-08-16T06:11:03Z,1026D19823C1,1026D,,SCHEDULED,0,0.0
2026-08-16T06:11:03Z,1026D76705C5,1026D,,SCHEDULED,60,1.0
2026-08-16T06:11:03Z,1026D76707C5,1026D,,SCHEDULED,0,0.0
2026-08-16T06:11:03Z,1026D27414C4b,1026D,,SCHEDULED,0,0.0
2026-08-16T06:11:03Z,1026D27217C4a,1026D,,SCHEDULED,540,9.0
2026-08-16T06:16:04Z,3026D23513C1,3026D,,SCHEDULED,60,1.0
2026-08-16T06:16:04Z,3026D23514C1,3026D,,SCHEDULED,180,3.0
2026-08-16T06:16:04Z,3026D23516C1,3026D,,SCHEDULED,0,0.0
2026-08-16T06:16:04Z,3026D23517C1,3026D,,SCHEDULED,60,1.0
2026-08-16T06:16:04Z,3026D23895C5,3026D,,SCHEDULED,120,2.0
2026-08-16T06:16:04Z,3026D23519C1,3026D,,CANCELED,,
2026-08-16T06:16:04Z,3026D23609C4,3026D,,SCHEDULED,180,3.0
2026-08-16T06:16:04Z,3026D23520C1,3026D,,SCHEDULED,0,0.0
2026-08-16T06:16:04Z,3026D23611C4,3026D,,SCHEDULED,0,0.0
2026-08-16T06:16:04Z,3126D23204C1,3126D,,SCHEDULED,180,3.0
2026-08-16T06:16:04Z,3126D23425T1,3126D,,SCHEDULED,0,0.0
2026-08-16T06:16:04Z,3126D23426T1,3126D,,SCHEDULED,0,0.0
2026-08-16T06:16:04Z,3126D23208C1,3126D,,SCHEDULED,0,0.0
2026-08-16T06:16:04Z,3126D23209C1,3126D,,SCHEDULED,0,0.0
2026-08-16T06:16:04Z,3226D23310C1,3226D,,SCHEDULED,-120,-2.0
2026-08-16T06:16:04Z,3226D23155C2,3226D,,SCHEDULED,0,0.0
2026-08-16T06:16:04Z,3226D23315C1,3226D,,SCHEDULED,300,5.0
2026-08-16T06:16:04Z,4026D84024C2,4026D,,SCHEDULED,0,0.0
2026-08-16T06:16:04Z,4026D24208C1,4026D,,SCHEDULED,120,2.0
2026-08-16T06:16:04Z,4026D33720C6,4026D,,SCHEDULED,0,0.0
2026-08-16T06:16:04Z,4026D24309C6,4026D,,SCHEDULED,-120,-2.0
2026-08-16T06:16:04Z,4026D24020C2,4026D,,SCHEDULED,0,0.0
2026-08-16T06:16:04Z,4026D24011C2,4026D,,SCHEDULED,0,0.0
2026-08-16T06:16:04Z,4026D84602C5,4026D,,SCHEDULED,0,0.0
2026-08-16T06:16:04Z,4026D24293C1,4026D,,SCHEDULED,-60,-1.0
2026-08-16T06:16:04Z,4026D24210C1,4026D,,SCHEDULED,60,1.0
2026-08-16T06:16:04Z,4026D76603C3,4026D,,SCHEDULED,-60,-1.0
2026-08-16T06:16:04Z,4026D24311C6,4026D,,SCHEDULED,0,0.0
2026-08-16T06:16:04Z,4026D24211C1,4026D,,SCHEDULED,-60,-1.0
2026-08-16T06:16:04Z,4026D24310C6,4026D,,SCHEDULED,0,0.0
2026-08-16T06:16:04Z,4026D24015C2,4026D,,SCHEDULED,0,0.0
2026-08-16T06:16:04Z,4026D24016C2,4026D,,SCHEDULED,0,0.0
2026-08-16T06:16:04Z,4026D24019C2,4026D,,SCHEDULED,0,0.0
2026-08-16T06:16:04Z,5126D25803R1,5126D,,SCHEDULED,0,0.0
2026-08-16T06:16:04Z,5126D77514R4,5126D,,SCHEDULED,-120,-2.0
2026-08-16T06:16:04Z,5126D77516R4,5126D,,SCHEDULED,0,0.0
2026-08-16T06:16:04Z,5126D15041R13,5126D,,SCHEDULED,60,1.0
2026-08-16T06:16:04Z,5126D25607R1,5126D,,SCHEDULED,300,5.0
2026-08-16T06:16:04Z,5126D25801R1,5126D,,SCHEDULED,60,1.0
2026-08-16T06:16:04Z,5126D28275R2S,5126D,,SCHEDULED,0,0.0
2026-08-16T06:16:04Z,5126D28273R2S,5126D,,SCHEDULED,0,0.0
2026-08-16T06:16:04Z,5126D77714R4,5126D,,SCHEDULED,60,1.0
2026-08-16T06:16:04Z,5126D28274R2S,5126D,,SCHEDULED,360,6.0
2026-08-16T06:16:04Z,5126D77410R4,5126D,,SCHEDULED,1140,19.0
2026-08-16T06:16:04Z,5126D28271R2S,5126D,,SCHEDULED,300,5.0
2026-08-16T06:16:04Z,5126D35518R3,5126D,,CANCELED,,
2026-08-16T06:16:04Z,5126D30532R15,5126D,,SCHEDULED,0,0.0
2026-08-16T06:16:04Z,5126D30531R15,5126D,,SCHEDULED,60,1.0
2026-08-16T06:16:04Z,5126D28272R2S,5126D,,SCHEDULED,420,7.0
2026-08-16T06:16:04Z,5126D25613R1,5126D,,SCHEDULED,-120,-2.0
2026-08-16T06:16:04Z,5126D30530R15,5126D,,SCHEDULED,120,2.0
2026-08-16T06:16:04Z,5126D35531R3,5126D,,SCHEDULED,0,0.0
2026-08-16T06:16:04Z,5126D25511R2S,5126D,,SCHEDULED,0,0.0
2026-08-16T06:16:04Z,5126D77322R3,5126D,,SCHEDULED,0,0.0
2026-08-16T06:16:04Z,5126D35523R3,5126D,,SCHEDULED,240,4.0
2026-08-16T06:16:04Z,5126D35520R3,5126D,,SCHEDULED,60,1.0
2026-08-16T06:16:04Z,5126D25714R1,5126D,,SCHEDULED,120,2.0
2026-08-16T06:16:04Z,5126D77404R4,5126D,,SCHEDULED,240,4.0
2026-08-16T06:16:04Z,5126D77408R4,5126D,,SCHEDULED,180,3.0
2026-08-16T06:16:04Z,5126D25616R1,5126D,,SCHEDULED,60,1.0
2026-08-16T06:16:04Z,5126D18121R16,5126D,,SCHEDULED,60,1.0
2026-08-16T06:16:04Z,5126D33532RL4,5126D,,SCHEDULED,720,12.0
2026-08-16T06:16:04Z,5126D25410R2N,5126D,,SCHEDULED,120,2.0
2026-08-16T06:16:04Z,5126D25611R1,5126D,,SCHEDULED,180,3.0
2026-08-16T06:16:04Z,5126D77508R4,5126D,,SCHEDULED,120,2.0
2026-08-16T06:16:04Z,5126D25506R2S,5126D,,SCHEDULED,900,15.0
2026-08-16T06:16:04Z,5126D25508R2S,5126D,,SCHEDULED,-60,-1.0
2026-08-16T06:16:04Z,5126D25620R1,5126D,,SCHEDULED,240,4.0
2026-08-16T06:16:04Z,5126D28414R2N,5126D,,SCHEDULED,60,1.0
2026-08-16T06:16:04Z,5126D15061R17,5126D,,SCHEDULED,-120,-2.0
2026-08-16T06:16:04Z,5126D77510R4,5126D,,SCHEDULED,-60,-1.0
2026-08-16T06:16:04Z,5126D28412R2N,5126D,,SCHEDULED,0,0.0
2026-08-16T06:16:04Z,5126D77512R4,5126D,,SCHEDULED,60,1.0
2026-08-16T06:16:04Z,5126D28410R2N,5126D,,SCHEDULED,60,1.0
2026-08-16T06:16:04Z,5126D77712R4,5126D,,SCHEDULED,0,0.0
2026-08-16T06:16:04Z,6026D29617C1,6026D,,SCHEDULED,0,0.0
2026-08-16T06:16:04Z,6026D29512C2,6026D,,SCHEDULED,0,0.0
2026-08-16T06:16:04Z,6026D26512C3,6026D,,SCHEDULED,0,0.0
2026-08-16T06:16:04Z,6026D26514C3,6026D,,SCHEDULED,0,0.0
2026-08-16T06:16:04Z,6026D71507C4,6026D,,SCHEDULED,60,1.0
2026-08-16T06:16:04Z,6026D71508C4,6026D,,SCHEDULED,0,0.0
2026-08-16T06:16:04Z,6026D29510C2,6026D,,SCHEDULED,60,1.0
2026-08-16T06:16:04Z,6026D26510C3,6026D,,SCHEDULED,60,1.0
2026-08-16T06:16:04Z,6026D26513C3,6026D,,SCHEDULED,0,0.0
2026-08-16T06:16:04Z,6026D29513C2,6026D,,SCHEDULED,180,3.0
2026-08-16T06:16:04Z,6026D29612C1,6026D,,SCHEDULED,60,1.0
2026-08-16T06:16:04Z,6026D71504C4,6026D,,SCHEDULED,120,2.0
2026-08-16T06:16:04Z,6026D26511C3,6026D,,SCHEDULED,0,0.0
2026-08-16T06:16:04Z,6026D29614C1,6026D,,SCHEDULED,0,0.0
2026-08-16T06:16:04Z,6126D32704C1,6126D,,SCHEDULED,0,0.0
2026-08-16T06:16:04Z,6126D81703C1,6126D,,SCHEDULED,0,0.0
2026-08-16T06:16:04Z,6126D32705C1,6126D,,SCHEDULED,0,0.0
2026-08-16T06:16:04Z,6226D71155C2,6226D,,SCHEDULED,60,1.0
2026-08-16T06:16:04Z,6226D71193C2,6226D,,SCHEDULED,120,2.0
2026-08-16T06:16:04Z,6226D82352C3,6226D,,SCHEDULED,0,0.0
2026-08-16T06:16:04Z,6226D71156C2,6226D,,SCHEDULED,420,7.0
2026-08-16T06:16:04Z,6226D71850C2,6226D,,SCHEDULED,0,0.0
2026-08-16T06:16:04Z,6226D71355C3,6226D,,SCHEDULED,0,0.0
2026-08-16T06:16:04Z,6226D35918C1,6226D,,SCHEDULED,60,1.0
2026-08-16T06:16:04Z,6226D35917C1,6226D,,SCHEDULED,0,0.0
2026-08-16T06:16:04Z,4626D71811C1,4626D,,SCHEDULED,0,0.0
2026-08-16T06:16:04Z,4726D71090C1,4726D,,SCHEDULED,0,0.0
2026-08-16T06:16:04Z,4726D71081C1,4726D,,SCHEDULED,660,11.0
2026-08-16T06:16:04Z,2026D70802C6,2026D,,SCHEDULED,360,6.0
2026-08-16T06:16:04Z,2026D70306C4,2026D,,SCHEDULED,0,0.0
2026-08-16T06:16:04Z,2026D70903C8,2026D,,SCHEDULED,660,11.0
2026-08-16T06:16:04Z,2026D22008C1,2026D,,SCHEDULED,240,4.0
2026-08-16T06:16:04Z,2026D22206C2,2026D,,SCHEDULED,420,7.0
2026-08-16T06:16:04Z,2026D22208C2,2026D,,SCHEDULED,0,0.0
2026-08-16T06:16:04Z,2026D70206C4,2026D,,SCHEDULED,2220,37.0
2026-08-16T06:16:04Z,2026D70800C6,2026D,,SCHEDULED,1740,29.0
2026-08-16T06:16:04Z,2026D70403C5,2026D,,SCHEDULED,420,7.0
2026-08-16T06:16:04Z,2026D70301C4,2026D,,SCHEDULED,0,0.0
2026-08-16T06:16:04Z,2026D22003C1,2026D,,SCHEDULED,360,6.0
2026-08-16T06:16:04Z,2026D22106C1,2026D,,SCHEDULED,0,0.0
2026-08-16T06:16:04Z,2026D22007C1,2026D,,SCHEDULED,120,2.0
2026-08-16T06:16:04Z,2026D22312C3,2026D,,SCHEDULED,0,0.0
2026-08-16T06:16:04Z,2026D22315C3,2026D,,SCHEDULED,0,0.0
2026-08-16T06:16:04Z,2026D70905C8,2026D,,SCHEDULED,0,0.0
2026-08-16T06:16:04Z,2026D70509C7,2026D,,SCHEDULED,0,0.0
2026-08-16T06:16:04Z,2026D70904C8,2026D,,SCHEDULED,300,5.0
2026-08-16T06:16:04Z,2026D70906C8,2026D,,SCHEDULED,0,0.0
2026-08-16T06:16:04Z,2026D70406C5,2026D,,SCHEDULED,0,0.0
2026-08-16T06:16:04Z,2026D70208C4,2026D,,SCHEDULED,600,10.0
2026-08-16T06:16:04Z,2026D70852C6,2026D,,SCHEDULED,180,3.0
2026-08-16T06:16:04Z,2026D70855C6,2026D,,SCHEDULED,60,1.0
2026-08-16T06:16:04Z,2026D70510C7,2026D,,SCHEDULED,600,10.0
2026-08-16T06:16:04Z,2026D70850C6,2026D,,SCHEDULED,180,3.0
2026-08-16T06:16:04Z,2026D70251C4,2026D,,SCHEDULED,1080,18.0
2026-08-16T06:16:04Z,2026D70250C4,2026D,,SCHEDULED,1500,25.0
2026-08-16T06:16:04Z,2026D22311C3,2026D,,SCHEDULED,480,8.0
2026-08-16T06:16:04Z,4126D32803C3,4126D,,SCHEDULED,0,0.0
2026-08-16T06:16:04Z,4126D84904C2,4126D,,SCHEDULED,6000,100.0
2026-08-16T06:16:04Z,4126D24702C1,4126D,,SCHEDULED,720,12.0
2026-08-16T06:16:04Z,4126D32802C3,4126D,,SCHEDULED,0,0.0
2026-08-16T06:16:04Z,4126D84902C2,4126D,,SCHEDULED,3300,55.0
2026-08-16T06:16:04Z,4126D24751C1,4126D,,SCHEDULED,900,15.0
2026-08-16T06:16:04Z,4526D71705C1,4526D,,SCHEDULED,0,0.0
2026-08-16T06:16:04Z,4526D71702C1,4526D,,SCHEDULED,120,2.0
2026-08-16T06:16:04Z,7026D31509C1,7026D,,SCHEDULED,0,0.0
2026-08-16T06:16:04Z,7026D31504C1,7026D,,SCHEDULED,120,2.0
2026-08-16T06:16:04Z,1026D79809C8a,1026D,,SCHEDULED,300,5.0
2026-08-16T06:16:04Z,1026D27227C4a,1026D,,SCHEDULED,0,0.0
2026-08-16T06:16:04Z,1026D27425C4b,1026D,,SCHEDULED,180,3.0
2026-08-16T06:16:04Z,1026D27225C4a,1026D,,SCHEDULED,120,2.0
2026-08-16T06:16:04Z,1026D27423C4b,1026D,,SCHEDULED,180,3.0
2026-08-16T06:16:04Z,1026D27226C4a,1026D,,SCHEDULED,0,0.0
2026-08-16T06:16:04Z,1026D79230C7,1026D,,SCHEDULED,120,2.0
2026-08-16T06:16:04Z,1026D27427C4b,1026D,,SCHEDULED,0,0.0
2026-08-16T06:16:04Z,1026D79111C7,1026D,,SCHEDULED,660,11.0
2026-08-16T06:16:04Z,1026D79231C7,1026D,,CANCELED,,
2026-08-16T06:16:04Z,1026D79110C7,1026D,,SCHEDULED,60,1.0
2026-08-16T06:16:04Z,1026D79234C7,1026D,,SCHEDULED,180,3.0
2026-08-16T06:16:04Z,1026D27220C4a,1026D,,CANCELED,,
2026-08-16T06:16:04Z,1026D79112C7,1026D,,SCHEDULED,60,1.0
2026-08-16T06:16:04Z,1026D79235C7,1026D,,SCHEDULED,300,5.0
2026-08-16T06:16:04Z,1026D79238C7,1026D,,SCHEDULED,300,5.0
2026-08-16T06:16:04Z,1026D27223C4a,1026D,,SCHEDULED,180,3.0
2026-08-16T06:16:04Z,1026D79953C8b,1026D,,SCHEDULED,1860,31.0
2026-08-16T06:16:04Z,1026D27421C4b,1026D,,SCHEDULED,0,0.0
2026-08-16T06:16:04Z,1026D27224C4a,1026D,,SCHEDULED,180,3.0
2026-08-16T06:16:04Z,1026D27420C4b,1026D,,SCHEDULED,0,0.0
2026-08-16T06:16:04Z,1026D27222C4a,1026D,,SCHEDULED,0,0.0
2026-08-16T06:16:04Z,1026D27016C3,1026D,,SCHEDULED,120,2.0
2026-08-16T06:16:04Z,1026D27412C4b,1026D,,SCHEDULED,60,1.0
2026-08-16T06:16:04Z,1026D27017C3,1026D,,SCHEDULED,0,0.0
2026-08-16T06:16:04Z,1026D27418C4b,1026D,,SCHEDULED,240,4.0
2026-08-16T06:16:04Z,1026D27419C4b,1026D,,SCHEDULED,180,3.0
2026-08-16T06:16:04Z,1026D79243C7,1026D,,SCHEDULED,180,3.0
2026-08-16T06:16:04Z,1026D27416C4b,1026D,,SCHEDULED,300,5.0
2026-08-16T06:16:04Z,1026D79242C7,1026D,,SCHEDULED,0,0.0
2026-08-16T06:16:04Z,1026D27219C4a,1026D,,SCHEDULED,0,0.0
2026-08-16T06:16:04Z,1026D27010C3,1026D,,SCHEDULED,60,1.0
2026-08-16T06:16:04Z,1026D27011C3,1026D,,SCHEDULED,60,1.0
2026-08-16T06:16:04Z,1026D79247C7,1026D,,SCHEDULED,720,12.0
2026-08-16T06:16:04Z,1026D79246C7,1026D,,SCHEDULED,0,0.0
2026-08-16T06:16:04Z,1026D76211C5,1026D,,SCHEDULED,60,1.0
2026-08-16T06:16:04Z,1026D79521C2,1026D,,SCHEDULED,240,4.0
2026-08-16T06:16:04Z,1026D76212C5,1026D,,SCHEDULED,0,0.0
2026-08-16T06:16:04Z,1026D27014C3,1026D,,SCHEDULED,60,1.0
2026-08-16T06:16:04Z,1026D76213C5,1026D,,SCHEDULED,0,0.0
2026-08-16T06:16:04Z,1026D76698C5,1026D,,SCHEDULED,0,0.0
2026-08-16T06:16:04Z,1026D27012C3,1026D,,SCHEDULED,60,1.0
2026-08-16T06:16:04Z,1026D79525C2,1026D,,SCHEDULED,120,2.0
2026-08-16T06:16:04Z,1026D27013C3,1026D,,SCHEDULED,60,1.0
2026-08-16T06:16:04Z,1026D79527C2,1026D,,SCHEDULED,540,9.0
2026-08-16T06:16:04Z,1026D19821C1,1026D,,SCHEDULED,60,1.0
2026-08-16T06:16:04Z,1026D19820C1,1026D,,SCHEDULED,0,0.0
2026-08-16T06:16:04Z,1026D79251C7,1026D,,SCHEDULED,0,0.0
2026-08-16T06:16:04Z,1026D76381C5,1026D,,SCHEDULED,120,2.0
2026-08-16T06:16:04Z,1026D76383C5,1026D,,SCHEDULED,60,1.0
2026-08-16T06:16:04Z,1026D76385C5,1026D,,SCHEDULED,420,7.0
2026-08-16T06:16:04Z,1026D79610C10,1026D,,SCHEDULED,60,1.0
2026-08-16T06:16:04Z,1026D76386C5,1026D,,SCHEDULED,180,3.0
2026-08-16T06:16:04Z,1026D76387C5,1026D,,SCHEDULED,0,0.0
2026-08-16T06:16:04Z,1026D79612C10,1026D,,SCHEDULED,0,0.0
2026-08-16T06:16:04Z,1026D76388C5,1026D,,SCHEDULED,60,1.0
2026-08-16T06:16:04Z,1026D76389C5,1026D,,SCHEDULED,0,0.0
2026-08-16T06:16:04Z,1026D79614C10,1026D,,SCHEDULED,0,0.0
2026-08-16T06:16:04Z,1026D79812C8a,1026D,,SCHEDULED,180,3.0
2026-08-16T06:16:04Z,1026D79811C8a,1026D,,SCHEDULED,0,0.0
2026-08-16T06:16:04Z,1026D76700C5,1026D,,SCHEDULED,0,0.0
2026-08-16T06:16:04Z,1026D79814C8a,1026D,,SCHEDULED,300,5.0
2026-08-16T06:16:04Z,1026D19823C1,1026D,,SCHEDULED,0,0.0
2026-08-16T06:16:04Z,1026D76705C5,1026D,,SCHEDULED,0,0.0
2026-08-16T06:16:04Z,1026D19825C1,1026D,,SCHEDULED,0,0.0
2026-08-16T06:16:04Z,1026D76707C5,1026D,,SCHEDULED,180,3.0
2026-08-16T06:16:04Z,1026D27414C4b,1026D,,SCHEDULED,120,2.0
2026-08-16T06:16:04Z,1026D77005C5,1026D,,SCHEDULED,0,0.0
2026-08-16T06:16:04Z,1026D77006C5,1026D,,SCHEDULED,0,0.0
2026-08-16T06:16:04Z,1026D79108C7,1026D,,SCHEDULED,60,1.0
2026-08-16T06:16:04Z,1026D79107C7,1026D,,SCHEDULED,3420,57.0
2026-08-16T06:16:04Z,1026D77007C5,1026D,,SCHEDULED,0,0.0
2026-08-16T06:16:04Z,1026D77008C5,1026D,,SCHEDULED,0,0.0
2026-08-16T06:16:04Z,1026D79429C2,1026D,,SCHEDULED,0,0.0
2026-08-16T06:16:04Z,1026D79109C7,1026D,,SCHEDULED,660,11.0
2026-08-16T06:16:04Z,1026D19818C1,1026D,,SCHEDULED,180,3.0
2026-08-16T06:16:04Z,1026D79706C10,1026D,,SCHEDULED,120,2.0
2026-08-16T06:16:04Z,1026D79708C10,1026D,,SCHEDULED,180,3.0
2026-08-16T06:16:04Z,1026D79957C8b,1026D,,SCHEDULED,0,0.0
2026-08-16T06:16:04Z,1026D79956C8b,1026D,,SCHEDULED,240,4.0
2026-08-16T06:16:04Z,1026D79958C8b,1026D,,SCHEDULED,0,0.0
2026-08-16T06:16:04Z,1026D76709C5,1026D,,SCHEDULED,0,0.0
2026-08-16T06:16:04Z,1026D76390C5,1026D,,SCHEDULED,180,3.0
2026-08-16T06:16:04Z,1026D76392C5,1026D,,SCHEDULED,120,2.0
2026-08-16T06:16:04Z,1026D76394C5,1026D,,SCHEDULED,0,0.0
2026-08-16T06:16:04Z,1026D76396C5,1026D,,SCHEDULED,0,0.0
2026-08-16T06:16:04Z,1026D79423C2,1026D,,SCHEDULED,420,7.0
2026-08-16T06:16:04Z,1026D79106C7,1026D,,SCHEDULED,3660,61.0
2026-08-16T06:16:04Z,1026D77004C5,1026D,,SCHEDULED,240,4.0
2026-08-16T06:21:11Z,3026D23895C5,3026D,,SCHEDULED,420,7.0
2026-08-16T06:21:11Z,3026D23611C4,3026D,,SCHEDULED,0,0.0
2026-08-16T06:21:11Z,3026D23513C1,3026D,,SCHEDULED,0,0.0
2026-08-16T06:21:11Z,3026D23514C1,3026D,,SCHEDULED,180,3.0
2026-08-16T06:21:11Z,3026D23609C4,3026D,,SCHEDULED,0,0.0
2026-08-16T06:21:11Z,3026D23516C1,3026D,,SCHEDULED,-60,-1.0
2026-08-16T06:21:11Z,3026D23709C5,3026D,,SCHEDULED,0,0.0
2026-08-16T06:21:11Z,3026D23519C1,3026D,,CANCELED,,
2026-08-16T06:21:11Z,3026D23520C1,3026D,,SCHEDULED,0,0.0
2026-08-16T06:21:11Z,3126D23425T1,3126D,,SCHEDULED,0,0.0
2026-08-16T06:21:11Z,3126D23426T1,3126D,,SCHEDULED,0,0.0
2026-08-16T06:21:11Z,3126D23204C1,3126D,,SCHEDULED,300,5.0
2026-08-16T06:21:11Z,3126D23208C1,3126D,,SCHEDULED,0,0.0
2026-08-16T06:21:11Z,3126D23209C1,3126D,,SCHEDULED,0,0.0
2026-08-16T06:21:11Z,3226D23155C2,3226D,,SCHEDULED,-120,-2.0
2026-08-16T06:21:11Z,3226D23315C1,3226D,,SCHEDULED,300,5.0
2026-08-16T06:21:11Z,4026D84024C2,4026D,,SCHEDULED,0,0.0
2026-08-16T06:21:11Z,4026D24208C1,4026D,,SCHEDULED,120,2.0
2026-08-16T06:21:11Z,4026D24309C6,4026D,,SCHEDULED,-60,-1.0
2026-08-16T06:21:11Z,4026D24020C2,4026D,,SCHEDULED,60,1.0
2026-08-16T06:21:11Z,4026D84602C5,4026D,,SCHEDULED,0,0.0
2026-08-16T06:21:11Z,4026D24011C2,4026D,,SCHEDULED,-60,-1.0
2026-08-16T06:21:11Z,4026D24293C1,4026D,,SCHEDULED,120,2.0
2026-08-16T06:21:11Z,4026D24210C1,4026D,,SCHEDULED,0,0.0
2026-08-16T06:21:11Z,4026D24306C6,4026D,,SCHEDULED,-60,-1.0
2026-08-16T06:21:11Z,4026D76603C3,4026D,,SCHEDULED,-60,-1.0
2026-08-16T06:21:11Z,4026D24311C6,4026D,,SCHEDULED,-60,-1.0
2026-08-16T06:21:11Z,4026D24211C1,4026D,,SCHEDULED,-60,-1.0
2026-08-16T06:21:11Z,4026D24310C6,4026D,,SCHEDULED,0,0.0
2026-08-16T06:21:11Z,4026D24015C2,4026D,,SCHEDULED,60,1.0
2026-08-16T06:21:11Z,4026D24016C2,4026D,,SCHEDULED,60,1.0
2026-08-16T06:21:11Z,4026D24019C2,4026D,,SCHEDULED,0,0.0
2026-08-16T06:21:11Z,5126D28273R2S,5126D,,SCHEDULED,-120,-2.0
2026-08-16T06:21:11Z,5126D28274R2S,5126D,,SCHEDULED,420,7.0
2026-08-16T06:21:11Z,5126D77410R4,5126D,,SCHEDULED,1200,20.0
2026-08-16T06:21:11Z,5126D77514R4,5126D,,SCHEDULED,60,1.0
2026-08-16T06:21:11Z,5126D28271R2S,5126D,,SCHEDULED,300,5.0
2026-08-16T06:21:11Z,5126D77516R4,5126D,,SCHEDULED,0,0.0
2026-08-16T06:21:11Z,5126D77714R4,5126D,,SCHEDULED,-60,-1.0
2026-08-16T06:21:11Z,5126D28272R2S,5126D,,SCHEDULED,540,9.0
2026-08-16T06:21:11Z,5126D25616R1,5126D,,SCHEDULED,60,1.0
2026-08-16T06:21:11Z,5126D25803R1,5126D,,SCHEDULED,0,0.0
2026-08-16T06:21:11Z,5126D35518R3,5126D,,CANCELED,,
2026-08-16T06:21:11Z,5126D15041R13,5126D,,SCHEDULED,120,2.0
2026-08-16T06:21:11Z,5126D25607R1,5126D,,SCHEDULED,180,3.0
2026-08-16T06:21:11Z,5126D25801R1,5126D,,SCHEDULED,60,1.0
2026-08-16T06:21:11Z,5126D30531R15,5126D,,SCHEDULED,60,1.0
2026-08-16T06:21:11Z,5126D28275R2S,5126D,,SCHEDULED,-480,-8.0
2026-08-16T06:21:11Z,5126D25615R1,5126D,,SCHEDULED,120,2.0
2026-08-16T06:21:11Z,5126D25718R1,5126D,,SCHEDULED,120,2.0
2026-08-16T06:21:11Z,5126D30530R15,5126D,,SCHEDULED,180,3.0
2026-08-16T06:21:11Z,5126D35531R3,5126D,,SCHEDULED,0,0.0
2026-08-16T06:21:11Z,5126D77322R3,5126D,,SCHEDULED,0,0.0
2026-08-16T06:21:11Z,5126D25511R2S,5126D,,SCHEDULED,0,0.0
2026-08-16T06:21:11Z,5126D35523R3,5126D,,SCHEDULED,240,4.0
2026-08-16T06:21:11Z,5126D35520R3,5126D,,SCHEDULED,60,1.0
2026-08-16T06:21:11Z,5126D15854R11,5126D,,SCHEDULED,0,0.0
2026-08-16T06:21:11Z,5126D25714R1,5126D,,SCHEDULED,-60,-1.0
2026-08-16T06:21:11Z,5126D77404R4,5126D,,SCHEDULED,240,4.0
2026-08-16T06:21:11Z,5126D77408R4,5126D,,SCHEDULED,240,4.0
2026-08-16T06:21:11Z,5126D18120R16,5126D,,SCHEDULED,600,10.0
2026-08-16T06:21:11Z,5126D33532RL4,5126D,,SCHEDULED,720,12.0
2026-08-16T06:21:11Z,5126D18121R16,5126D,,SCHEDULED,60,1.0
2026-08-16T06:21:11Z,5126D18123R16,5126D,,SCHEDULED,240,4.0
2026-08-16T06:21:11Z,5126D77508R4,5126D,,SCHEDULED,60,1.0
2026-08-16T06:21:11Z,5126D25611R1,5126D,,SCHEDULED,180,3.0
2026-08-16T06:21:11Z,5126D25613R1,5126D,,SCHEDULED,0,0.0
2026-08-16T06:21:11Z,5126D25612R1,5126D,,SCHEDULED,0,0.0
2026-08-16T06:21:11Z,5126D25408R2N,5126D,,SCHEDULED,180,3.0
2026-08-16T06:21:11Z,5126D25507R2S,5126D,,SCHEDULED,720,12.0
2026-08-16T06:21:11Z,5126D25509R2S,5126D,,SCHEDULED,60,1.0
2026-08-16T06:21:11Z,5126D25508R2S,5126D,,SCHEDULED,120,2.0
2026-08-16T06:21:11Z,5126D25620R1,5126D,,SCHEDULED,180,3.0
2026-08-16T06:21:11Z,5126D28414R2N,5126D,,SCHEDULED,0,0.0
2026-08-16T06:21:11Z,5126D15061R17,5126D,,SCHEDULED,60,1.0
2026-08-16T06:21:11Z,5126D25504R2S,5126D,,SCHEDULED,0,0.0
2026-08-16T06:21:11Z,5126D77510R4,5126D,,SCHEDULED,0,0.0
2026-08-16T06:21:11Z,5126D28412R2N,5126D,,SCHEDULED,180,3.0
2026-08-16T06:21:11Z,5126D77512R4,5126D,,SCHEDULED,-60,-1.0
2026-08-16T06:21:11Z,5126D28410R2N,5126D,,SCHEDULED,420,7.0
2026-08-16T06:21:11Z,5126D77712R4,5126D,,SCHEDULED,120,2.0
2026-08-16T06:21:11Z,6026D26515C3,6026D,,SCHEDULED,0,0.0
2026-08-16T06:21:11Z,6026D26514C3,6026D,,SCHEDULED,0,0.0
2026-08-16T06:21:11Z,6026D29617C1,6026D,,SCHEDULED,0,0.0
2026-08-16T06:21:11Z,6026D71508C4,6026D,,SCHEDULED,0,0.0
2026-08-16T06:21:11Z,6026D29614C1,6026D,,SCHEDULED,0,0.0
2026-08-16T06:21:11Z,6026D26513C3,6026D,,SCHEDULED,120,2.0
2026-08-16T06:21:11Z,6026D29513C2,6026D,,SCHEDULED,180,3.0
2026-08-16T06:21:11Z,6026D26512C3,6026D,,SCHEDULED,60,1.0
2026-08-16T06:21:11Z,6026D26511C3,6026D,,SCHEDULED,60,1.0
2026-08-16T06:21:11Z,6026D29515C2,6026D,,SCHEDULED,0,0.0
2026-08-16T06:21:11Z,6026D29512C2,6026D,,SCHEDULED,0,0.0
2026-08-16T06:21:11Z,6026D29510C2,6026D,,SCHEDULED,60,1.0
2026-08-16T06:21:11Z,6126D32704C1,6126D,,SCHEDULED,60,1.0
2026-08-16T06:21:11Z,6126D81703C1,6126D,,SCHEDULED,0,0.0
2026-08-16T06:21:11Z,6126D32705C1,6126D,,SCHEDULED,60,1.0
2026-08-16T06:21:11Z,6226D71193C2,6226D,,SCHEDULED,60,1.0
2026-08-16T06:21:11Z,6226D35917C1,6226D,,SCHEDULED,0,0.0
2026-08-16T06:21:11Z,6226D71355C3,6226D,,SCHEDULED,0,0.0
2026-08-16T06:21:11Z,6226D71156C2,6226D,,SCHEDULED,420,7.0
2026-08-16T06:21:11Z,6226D71155C2,6226D,,SCHEDULED,-60,-1.0
2026-08-16T06:21:11Z,6226D71850C2,6226D,,SCHEDULED,0,0.0
2026-08-16T06:21:11Z,6226D71851C3,6226D,,SCHEDULED,0,0.0
2026-08-16T06:21:11Z,6226D35918C1,6226D,,SCHEDULED,60,1.0
2026-08-16T06:21:11Z,4626D71811C1,4626D,,SCHEDULED,0,0.0
2026-08-16T06:21:11Z,4726D71090C1,4726D,,SCHEDULED,0,0.0
2026-08-16T06:21:11Z,4726D71081C1,4726D,,SCHEDULED,840,14.0
2026-08-16T06:21:11Z,2026D70903C8,2026D,,SCHEDULED,960,16.0
2026-08-16T06:21:11Z,2026D22311C3,2026D,,SCHEDULED,780,13.0
2026-08-16T06:21:11Z,2026D22312C3,2026D,,SCHEDULED,0,0.0
2026-08-16T06:21:11Z,2026D22008C1,2026D,,SCHEDULED,180,3.0
2026-08-16T06:21:11Z,2026D22315C3,2026D,,SCHEDULED,0,0.0
2026-08-16T06:21:11Z,2026D70905C8,2026D,,SCHEDULED,0,0.0
2026-08-16T06:21:11Z,2026D22206C2,2026D,,SCHEDULED,720,12.0
2026-08-16T06:21:11Z,2026D22208C2,2026D,,SCHEDULED,0,0.0
2026-08-16T06:21:11Z,2026D70509C7,2026D,,SCHEDULED,60,1.0
2026-08-16T06:21:11Z,2026D70904C8,2026D,,SCHEDULED,0,0.0
2026-08-16T06:21:11Z,2026D70208C4,2026D,,SCHEDULED,900,15.0
2026-08-16T06:21:11Z,2026D70906C8,2026D,,SCHEDULED,0,0.0
2026-08-16T06:21:11Z,2026D70406C5,2026D,,SCHEDULED,0,0.0
2026-08-16T06:21:11Z,2026D70852C6,2026D,,SCHEDULED,480,8.0
2026-08-16T06:21:11Z,2026D70855C6,2026D,,SCHEDULED,360,6.0
2026-08-16T06:21:11Z,2026D70510C7,2026D,,SCHEDULED,0,0.0
2026-08-16T06:21:11Z,2026D70850C6,2026D,,SCHEDULED,480,8.0
2026-08-16T06:21:11Z,2026D70306C4,2026D,,SCHEDULED,0,0.0
2026-08-16T06:21:11Z,2026D70251C4,2026D,,SCHEDULED,1440,24.0
2026-08-16T06:21:11Z,2026D22003C1,2026D,,SCHEDULED,360,6.0
2026-08-16T06:21:11Z,2026D22106C1,2026D,,SCHEDULED,0,0.0
2026-08-16T06:21:11Z,2026D70250C4,2026D,,SCHEDULED,1440,24.0
2026-08-16T06:21:11Z,2026D70206C4,2026D,,SCHEDULED,2040,34.0
2026-08-16T06:21:11Z,2026D70404C5,2026D,,SCHEDULED,0,0.0
2026-08-16T06:21:11Z,2026D22007C1,2026D,,SCHEDULED,0,0.0
2026-08-16T06:21:11Z,2026D70403C5,2026D,,SCHEDULED,720,12.0
2026-08-16T06:21:11Z,2026D70301C4,2026D,,SCHEDULED,0,0.0
2026-08-16T06:21:11Z,4126D84902C2,4126D,,SCHEDULED,3600,60.0
2026-08-16T06:21:11Z,4126D32803C3,4126D,,SCHEDULED,0,0.0
2026-08-16T06:21:11Z,4126D84904C2,4126D,,SCHEDULED,6300,105.0
2026-08-16T06:21:11Z,4126D24751C1,4126D,,SCHEDULED,1200,20.0
2026-08-16T06:21:11Z,4126D24702C1,4126D,,SCHEDULED,240,4.0
2026-08-16T06:21:11Z,4126D32802C3,4126D,,SCHEDULED,0,0.0
2026-08-16T06:21:11Z,4526D71702C1,4526D,,SCHEDULED,0,0.0
2026-08-16T06:21:11Z,4526D71705C1,4526D,,SCHEDULED,0,0.0
2026-08-16T06:21:11Z,7026D31509C1,7026D,,SCHEDULED,0,0.0
2026-08-16T06:21:11Z,7026D31504C1,7026D,,SCHEDULED,0,0.0
2026-08-16T06:21:11Z,1026D79809C8a,1026D,,SCHEDULED,360,6.0
2026-08-16T06:21:11Z,1026D27016C3,1026D,,SCHEDULED,420,7.0
2026-08-16T06:21:11Z,1026D27412C4b,1026D,,SCHEDULED,0,0.0
2026-08-16T06:21:11Z,1026D27227C4a,1026D,,SCHEDULED,0,0.0
2026-08-16T06:21:11Z,1026D27425C4b,1026D,,SCHEDULED,0,0.0
2026-08-16T06:21:11Z,1026D27017C3,1026D,,SCHEDULED,0,0.0
2026-08-16T06:21:11Z,1026D27225C4a,1026D,,SCHEDULED,420,7.0
2026-08-16T06:21:11Z,1026D27418C4b,1026D,,SCHEDULED,240,4.0
2026-08-16T06:21:11Z,1026D27419C4b,1026D,,SCHEDULED,480,8.0
2026-08-16T06:21:11Z,1026D27226C4a,1026D,,SCHEDULED,0,0.0
2026-08-16T06:21:11Z,1026D79243C7,1026D,,SCHEDULED,60,1.0
2026-08-16T06:21:11Z,1026D27427C4b,1026D,,SCHEDULED,0,0.0
2026-08-16T06:21:11Z,1026D79111C7,1026D,,SCHEDULED,60,1.0
2026-08-16T06:21:11Z,1026D27416C4b,1026D,,SCHEDULED,240,4.0
2026-08-16T06:21:11Z,1026D79231C7,1026D,,CANCELED,,
2026-08-16T06:21:11Z,1026D79242C7,1026D,,SCHEDULED,0,0.0
2026-08-16T06:21:11Z,1026D79110C7,1026D,,SCHEDULED,60,1.0
2026-08-16T06:21:11Z,1026D27219C4a,1026D,,SCHEDULED,0,0.0
2026-08-16T06:21:11Z,1026D79113C7,1026D,,SCHEDULED,0,0.0
2026-08-16T06:21:11Z,1026D79234C7,1026D,,SCHEDULED,60,1.0
2026-08-16T06:21:11Z,1026D27220C4a,1026D,,CANCELED,,
2026-08-16T06:21:11Z,1026D27011C3,1026D,,SCHEDULED,120,2.0
2026-08-16T06:21:11Z,1026D79112C7,1026D,,SCHEDULED,360,6.0
2026-08-16T06:21:11Z,1026D79238C7,1026D,,SCHEDULED,600,10.0
2026-08-16T06:21:11Z,1026D79247C7,1026D,,SCHEDULED,1020,17.0
2026-08-16T06:21:11Z,1026D79246C7,1026D,,SCHEDULED,0,0.0
2026-08-16T06:21:11Z,1026D27223C4a,1026D,,SCHEDULED,120,2.0
2026-08-16T06:21:11Z,1026D79953C8b,1026D,,SCHEDULED,1920,32.0
2026-08-16T06:21:11Z,1026D79521C2,1026D,,SCHEDULED,540,9.0
2026-08-16T06:21:11Z,1026D27421C4b,1026D,,SCHEDULED,0,0.0
2026-08-16T06:21:11Z,1026D76212C5,1026D,,SCHEDULED,240,4.0
2026-08-16T06:21:11Z,1026D27224C4a,1026D,,SCHEDULED,300,5.0
2026-08-16T06:21:11Z,1026D27014C3,1026D,,SCHEDULED,60,1.0
2026-08-16T06:21:11Z,1026D27221C4a,1026D,,SCHEDULED,540,9.0
2026-08-16T06:21:11Z,1026D76213C5,1026D,,SCHEDULED,0,0.0
2026-08-16T06:21:11Z,1026D27420C4b,1026D,,SCHEDULED,0,0.0
2026-08-16T06:21:11Z,1026D27015C3,1026D,,SCHEDULED,60,1.0
2026-08-16T06:21:11Z,1026D27222C4a,1026D,,SCHEDULED,300,5.0
2026-08-16T06:21:11Z,1026D79239C7,1026D,,SCHEDULED,0,0.0
2026-08-16T06:21:11Z,1026D76698C5,1026D,,SCHEDULED,120,2.0
2026-08-16T06:21:11Z,1026D79957C8b,1026D,,SCHEDULED,120,2.0
2026-08-16T06:21:11Z,1026D27012C3,1026D,,SCHEDULED,180,3.0
2026-08-16T06:21:11Z,1026D79956C8b,1026D,,SCHEDULED,60,1.0
2026-08-16T06:21:11Z,1026D79525C2,1026D,,SCHEDULED,180,3.0
2026-08-16T06:21:11Z,1026D79958C8b,1026D,,SCHEDULED,0,0.0
2026-08-16T06:21:11Z,1026D27013C3,1026D,,SCHEDULED,180,3.0
2026-08-16T06:21:11Z,1026D76709C5,1026D,,SCHEDULED,0,0.0
2026-08-16T06:21:11Z,1026D79527C2,1026D,,SCHEDULED,840,14.0
2026-08-16T06:21:11Z,1026D76390C5,1026D,,SCHEDULED,120,2.0
2026-08-16T06:21:11Z,1026D19821C1,1026D,,SCHEDULED,0,0.0
2026-08-16T06:21:11Z,1026D76391C5,1026D,,SCHEDULED,0,0.0
2026-08-16T06:21:11Z,1026D19820C1,1026D,,SCHEDULED,0,0.0
2026-08-16T06:21:11Z,1026D76392C5,1026D,,SCHEDULED,420,7.0
2026-08-16T06:21:11Z,1026D79251C7,1026D,,SCHEDULED,0,0.0
2026-08-16T06:21:11Z,1026D76381C5,1026D,,SCHEDULED,180,3.0
2026-08-16T06:21:11Z,1026D76394C5,1026D,,SCHEDULED,0,0.0
2026-08-16T06:21:11Z,1026D76383C5,1026D,,SCHEDULED,0,0.0
2026-08-16T06:21:11Z,1026D76396C5,1026D,,SCHEDULED,0,0.0
2026-08-16T06:21:11Z,1026D79423C2,1026D,,SCHEDULED,420,7.0
2026-08-16T06:21:11Z,1026D76385C5,1026D,,SCHEDULED,0,0.0
2026-08-16T06:21:11Z,1026D79106C7,1026D,,SCHEDULED,3960,66.0
2026-08-16T06:21:11Z,1026D79610C10,1026D,,SCHEDULED,60,1.0
2026-08-16T06:21:11Z,1026D77005C5,1026D,,SCHEDULED,0,0.0
2026-08-16T06:21:11Z,1026D76387C5,1026D,,SCHEDULED,120,2.0
2026-08-16T06:21:11Z,1026D79612C10,1026D,,SCHEDULED,0,0.0
2026-08-16T06:21:11Z,1026D77006C5,1026D,,SCHEDULED,180,3.0
2026-08-16T06:21:11Z,1026D79108C7,1026D,,SCHEDULED,180,3.0
2026-08-16T06:21:11Z,1026D76388C5,1026D,,SCHEDULED,60,1.0
2026-08-16T06:21:11Z,1026D79107C7,1026D,,SCHEDULED,3720,62.0
2026-08-16T06:21:11Z,1026D76389C5,1026D,,SCHEDULED,0,0.0
2026-08-16T06:21:11Z,1026D79614C10,1026D,,SCHEDULED,0,0.0
2026-08-16T06:21:11Z,1026D77007C5,1026D,,SCHEDULED,0,0.0
2026-08-16T06:21:11Z,1026D79812C8a,1026D,,SCHEDULED,300,5.0
2026-08-16T06:21:11Z,1026D77008C5,1026D,,SCHEDULED,0,0.0
2026-08-16T06:21:11Z,1026D79811C8a,1026D,,SCHEDULED,0,0.0
2026-08-16T06:21:11Z,1026D79429C2,1026D,,SCHEDULED,0,0.0
2026-08-16T06:21:11Z,1026D76700C5,1026D,,SCHEDULED,0,0.0
2026-08-16T06:21:11Z,1026D19816C1,1026D,,SCHEDULED,360,6.0
2026-08-16T06:21:11Z,1026D79814C8a,1026D,,SCHEDULED,120,2.0
2026-08-16T06:21:11Z,1026D79109C7,1026D,,SCHEDULED,960,16.0
2026-08-16T06:21:11Z,1026D19823C1,1026D,,SCHEDULED,0,0.0
2026-08-16T06:21:11Z,1026D19822C1,1026D,,SCHEDULED,0,0.0
2026-08-16T06:21:11Z,1026D19818C1,1026D,,SCHEDULED,480,8.0
2026-08-16T06:21:11Z,1026D79706C10,1026D,,SCHEDULED,180,3.0
2026-08-16T06:21:11Z,1026D19825C1,1026D,,SCHEDULED,0,0.0
2026-08-16T06:21:11Z,1026D79708C10,1026D,,SCHEDULED,480,8.0
2026-08-16T06:21:11Z,1026D76707C5,1026D,,SCHEDULED,480,8.0
2026-08-16T06:21:11Z,1026D27018C3,1026D,,SCHEDULED,0,0.0
2026-08-16T06:21:11Z,1026D27414C4b,1026D,,SCHEDULED,60,1.0
2026-08-16T06:25:57Z,3026D23895C5,3026D,,SCHEDULED,480,8.0
2026-08-16T06:25:57Z,3026D23611C4,3026D,,SCHEDULED,0,0.0
2026-08-16T06:25:57Z,3026D23513C1,3026D,,SCHEDULED,-60,-1.0
2026-08-16T06:25:57Z,3026D23609C4,3026D,,SCHEDULED,1800,30.0
2026-08-16T06:25:57Z,3026D23514C1,3026D,,SCHEDULED,240,4.0
2026-08-16T06:25:57Z,3026D23709C5,3026D,,SCHEDULED,0,0.0
2026-08-16T06:25:57Z,3026D23520C1,3026D,,SCHEDULED,0,0.0
2026-08-16T06:25:57Z,3026D23516C1,3026D,,SCHEDULED,0,0.0
2026-08-16T06:25:57Z,3026D23517C1,3026D,,SCHEDULED,60,1.0
2026-08-16T06:25:57Z,3026D23519C1,3026D,,CANCELED,,
2026-08-16T06:25:57Z,3126D23425T1,3126D,,SCHEDULED,0,0.0
2026-08-16T06:25:57Z,3126D23426T1,3126D,,SCHEDULED,0,0.0
2026-08-16T06:25:57Z,3126D23208C1,3126D,,SCHEDULED,0,0.0
2026-08-16T06:25:57Z,3126D23209C1,3126D,,SCHEDULED,0,0.0
2026-08-16T06:25:57Z,3226D23310C1,3226D,,SCHEDULED,180,3.0
2026-08-16T06:25:57Z,3226D23314C1,3226D,,SCHEDULED,0,0.0
2026-08-16T06:25:57Z,3226D23315C1,3226D,,SCHEDULED,240,4.0
2026-08-16T06:25:57Z,3226D23155C2,3226D,,SCHEDULED,120,2.0
2026-08-16T06:25:57Z,4026D24208C1,4026D,,SCHEDULED,180,3.0
2026-08-16T06:25:57Z,4026D33720C6,4026D,,SCHEDULED,-360,-6.0
2026-08-16T06:25:57Z,4026D24309C6,4026D,,SCHEDULED,0,0.0
2026-08-16T06:25:57Z,4026D24020C2,4026D,,SCHEDULED,60,1.0
2026-08-16T06:25:57Z,4026D24011C2,4026D,,SCHEDULED,-60,-1.0
2026-08-16T06:25:57Z,4026D24306C6,4026D,,SCHEDULED,60,1.0
2026-08-16T06:25:57Z,4026D84602C5,4026D,,SCHEDULED,0,0.0
2026-08-16T06:25:57Z,4026D24293C1,4026D,,SCHEDULED,0,0.0
2026-08-16T06:25:57Z,4026D24210C1,4026D,,SCHEDULED,-120,-2.0
2026-08-16T06:25:57Z,4026D76603C3,4026D,,SCHEDULED,60,1.0
2026-08-16T06:25:57Z,4026D24311C6,4026D,,SCHEDULED,-60,-1.0
2026-08-16T06:25:57Z,4026D24211C1,4026D,,SCHEDULED,-60,-1.0
2026-08-16T06:25:57Z,4026D24310C6,4026D,,SCHEDULED,120,2.0
2026-08-16T06:25:57Z,4026D24015C2,4026D,,SCHEDULED,-60,-1.0
2026-08-16T06:25:57Z,4026D24016C2,4026D,,SCHEDULED,0,0.0
2026-08-16T06:25:57Z,4026D24019C2,4026D,,SCHEDULED,0,0.0
2026-08-16T06:25:57Z,5126D15041R13,5126D,,SCHEDULED,360,6.0
2026-08-16T06:25:57Z,5126D25607R1,5126D,,SCHEDULED,240,4.0
2026-08-16T06:25:57Z,5126D25801R1,5126D,,SCHEDULED,180,3.0
2026-08-16T06:25:57Z,5126D28273R2S,5126D,,SCHEDULED,0,0.0
2026-08-16T06:25:57Z,5126D28274R2S,5126D,,SCHEDULED,240,4.0
2026-08-16T06:25:57Z,5126D77714R4,5126D,,SCHEDULED,120,2.0
2026-08-16T06:25:57Z,5126D77410R4,5126D,,SCHEDULED,1200,20.0
2026-08-16T06:25:57Z,5126D77518R4,5126D,,SCHEDULED,60,1.0
2026-08-16T06:25:57Z,5126D35518R3,5126D,,CANCELED,,
2026-08-16T06:25:57Z,5126D28271R2S,5126D,,SCHEDULED,240,4.0
2026-08-16T06:25:57Z,5126D30531R15,5126D,,SCHEDULED,60,1.0
2026-08-16T06:25:57Z,5126D25718R1,5126D,,SCHEDULED,300,5.0
2026-08-16T06:25:57Z,5126D25510R2S,5126D,,SCHEDULED,0,0.0
2026-08-16T06:25:57Z,5126D35531R3,5126D,,SCHEDULED,0,0.0
2026-08-16T06:25:57Z,5126D25511R2S,5126D,,SCHEDULED,240,4.0
2026-08-16T06:25:57Z,5126D28272R2S,5126D,,SCHEDULED,420,7.0
2026-08-16T06:25:57Z,5126D15800R11,5126D,,SCHEDULED,-300,-5.0
2026-08-16T06:25:57Z,5126D25613R1,5126D,,SCHEDULED,60,1.0
2026-08-16T06:25:57Z,5126D25612R1,5126D,,SCHEDULED,60,1.0
2026-08-16T06:25:57Z,5126D25615R1,5126D,,SCHEDULED,0,0.0
2026-08-16T06:25:57Z,5126D25714R1,5126D,,SCHEDULED,-60,-1.0
2026-08-16T06:25:57Z,5126D33533R4,5126D,,SCHEDULED,180,3.0
2026-08-16T06:25:57Z,5126D35523R3,5126D,,SCHEDULED,240,4.0
2026-08-16T06:25:57Z,5126D35520R3,5126D,,SCHEDULED,60,1.0
2026-08-16T06:25:57Z,5126D33532RL4,5126D,,SCHEDULED,240,4.0
2026-08-16T06:25:57Z,5126D15854R11,5126D,,SCHEDULED,0,0.0
2026-08-16T06:25:57Z,5126D77508R4,5126D,,SCHEDULED,180,3.0
2026-08-16T06:25:57Z,5126D77408R4,5126D,,SCHEDULED,240,4.0
2026-08-16T06:25:57Z,5126D25616R1,5126D,,SCHEDULED,120,2.0
2026-08-16T06:25:57Z,5126D18120R16,5126D,,SCHEDULED,600,10.0
2026-08-16T06:25:57Z,5126D25408R2N,5126D,,SCHEDULED,240,4.0
2026-08-16T06:25:57Z,5126D25803R1,5126D,,SCHEDULED,60,1.0
2026-08-16T06:25:57Z,5126D18121R16,5126D,,SCHEDULED,60,1.0
2026-08-16T06:25:57Z,5126D18123R16,5126D,,SCHEDULED,300,5.0
2026-08-16T06:25:57Z,5126D25507R2S,5126D,,SCHEDULED,720,12.0
2026-08-16T06:25:57Z,5126D25611R1,5126D,,SCHEDULED,240,4.0
2026-08-16T06:25:57Z,5126D25506R2S,5126D,,SCHEDULED,780,13.0
2026-08-16T06:25:57Z,5126D25509R2S,5126D,,SCHEDULED,120,2.0
2026-08-16T06:25:57Z,5126D25412R2N,5126D,,SCHEDULED,0,0.0
2026-08-16T06:25:57Z,5126D25508R2S,5126D,,SCHEDULED,240,4.0
2026-08-16T06:25:57Z,5126D18054R16,5126D,,SCHEDULED,120,2.0
2026-08-16T06:25:57Z,5126D25620R1,5126D,,SCHEDULED,120,2.0
2026-08-16T06:25:57Z,5126D28414R2N,5126D,,SCHEDULED,-60,-1.0
2026-08-16T06:25:57Z,5126D15061R17,5126D,,SCHEDULED,-180,-3.0
2026-08-16T06:25:57Z,5126D25624R1,5126D,,SCHEDULED,60,1.0
2026-08-16T06:25:57Z,5126D77510R4,5126D,,SCHEDULED,120,2.0
2026-08-16T06:25:57Z,5126D28412R2N,5126D,,SCHEDULED,120,2.0
2026-08-16T06:25:57Z,5126D77512R4,5126D,,SCHEDULED,-60,-1.0
2026-08-16T06:25:57Z,5126D28410R2N,5126D,,SCHEDULED,540,9.0
2026-08-16T06:25:57Z,5126D77712R4,5126D,,SCHEDULED,120,2.0
2026-08-16T06:25:57Z,5126D77514R4,5126D,,SCHEDULED,60,1.0
2026-08-16T06:25:57Z,6026D26515C3,6026D,,SCHEDULED,0,0.0
2026-08-16T06:25:57Z,6026D26514C3,6026D,,SCHEDULED,-60,-1.0
2026-08-16T06:25:57Z,6026D29617C1,6026D,,SCHEDULED,120,2.0
2026-08-16T06:25:57Z,6026D71508C4,6026D,,SCHEDULED,0,0.0
2026-08-16T06:25:57Z,6026D29512C2,6026D,,SCHEDULED,60,1.0
2026-08-16T06:25:57Z,6026D29510C2,6026D,,SCHEDULED,60,1.0
2026-08-16T06:25:57Z,6026D29614C1,6026D,,SCHEDULED,60,1.0
2026-08-16T06:25:57Z,6026D29513C2,6026D,,SCHEDULED,120,2.0
2026-08-16T06:25:57Z,6026D26512C3,6026D,,SCHEDULED,-60,-1.0
2026-08-16T06:25:57Z,6026D26511C3,6026D,,SCHEDULED,60,1.0
2026-08-16T06:25:57Z,6026D29515C2,6026D,,SCHEDULED,0,0.0
2026-08-16T06:25:57Z,6126D32704C1,6126D,,SCHEDULED,-60,-1.0
2026-08-16T06:25:57Z,6126D81703C1,6126D,,SCHEDULED,0,0.0
2026-08-16T06:25:57Z,6126D81750C1,6126D,,SCHEDULED,0,0.0
2026-08-16T06:25:57Z,6126D32705C1,6126D,,SCHEDULED,0,0.0
2026-08-16T06:25:57Z,6226D71155C2,6226D,,SCHEDULED,-60,-1.0
2026-08-16T06:25:57Z,6226D71193C2,6226D,,SCHEDULED,60,1.0
2026-08-16T06:25:57Z,6226D71850C2,6226D,,SCHEDULED,0,0.0
2026-08-16T06:25:57Z,6226D71355C3,6226D,,SCHEDULED,60,1.0
2026-08-16T06:25:57Z,6226D35918C1,6226D,,SCHEDULED,60,1.0
2026-08-16T06:25:57Z,6226D35917C1,6226D,,SCHEDULED,0,0.0
2026-08-16T06:25:57Z,6226D71156C2,6226D,,SCHEDULED,300,5.0
2026-08-16T06:25:57Z,6226D71158C2,6226D,,SCHEDULED,0,0.0
2026-08-16T06:25:57Z,6226D71851C3,6226D,,SCHEDULED,0,0.0
2026-08-16T06:25:57Z,4726D71090C1,4726D,,SCHEDULED,0,0.0
2026-08-16T06:25:57Z,4726D71081C1,4726D,,SCHEDULED,780,13.0
2026-08-16T06:25:57Z,2026D70208C4,2026D,,SCHEDULED,1200,20.0
2026-08-16T06:25:57Z,2026D70207C4,2026D,,SCHEDULED,0,0.0
2026-08-16T06:25:57Z,2026D70306C4,2026D,,SCHEDULED,120,2.0
2026-08-16T06:25:57Z,2026D70405C5,2026D,,SCHEDULED,0,0.0
2026-08-16T06:25:57Z,2026D70903C8,2026D,,SCHEDULED,60,1.0
2026-08-16T06:25:57Z,2026D70303C4,2026D,,SCHEDULED,0,0.0
2026-08-16T06:25:57Z,2026D22008C1,2026D,,SCHEDULED,480,8.0
2026-08-16T06:25:57Z,2026D22206C2,2026D,,SCHEDULED,1020,17.0
2026-08-16T06:25:57Z,2026D70403C5,2026D,,SCHEDULED,1020,17.0
2026-08-16T06:25:57Z,2026D70301C4,2026D,,SCHEDULED,0,0.0
2026-08-16T06:25:57Z,2026D22106C1,2026D,,SCHEDULED,240,4.0
2026-08-16T06:25:57Z,2026D22007C1,2026D,,SCHEDULED,240,4.0
2026-08-16T06:25:57Z,2026D22207C2,2026D,,SCHEDULED,0,0.0
2026-08-16T06:25:57Z,2026D22208C2,2026D,,SCHEDULED,0,0.0
2026-08-16T06:25:57Z,2026D70206C4,2026D,,SCHEDULED,2100,35.0
2026-08-16T06:25:57Z,2026D22312C3,2026D,,SCHEDULED,0,0.0
2026-08-16T06:25:57Z,2026D22315C3,2026D,,SCHEDULED,0,0.0
2026-08-16T06:25:57Z,2026D70905C8,2026D,,SCHEDULED,0,0.0
2026-08-16T06:25:57Z,2026D70509C7,2026D,,SCHEDULED,360,6.0
2026-08-16T06:25:57Z,2026D70904C8,2026D,,SCHEDULED,120,2.0
2026-08-16T06:25:57Z,2026D70906C8,2026D,,SCHEDULED,0,0.0
2026-08-16T06:25:57Z,2026D70406C5,2026D,,SCHEDULED,0,0.0
2026-08-16T06:25:57Z,2026D70802C6,2026D,,SCHEDULED,300,5.0
2026-08-16T06:25:57Z,2026D70852C6,2026D,,SCHEDULED,540,9.0
2026-08-16T06:25:57Z,2026D70855C6,2026D,,SCHEDULED,0,0.0
2026-08-16T06:25:57Z,2026D70510C7,2026D,,SCHEDULED,0,0.0
2026-08-16T06:25:57Z,2026D70850C6,2026D,,SCHEDULED,780,13.0
2026-08-16T06:25:57Z,2026D70251C4,2026D,,SCHEDULED,1440,24.0
2026-08-16T06:25:57Z,2026D70250C4,2026D,,SCHEDULED,1560,26.0
2026-08-16T06:25:57Z,2026D22311C3,2026D,,SCHEDULED,1080,18.0
2026-08-16T06:25:57Z,4126D32803C3,4126D,,SCHEDULED,60,1.0
2026-08-16T06:25:57Z,4126D84904C2,4126D,,SCHEDULED,6600,110.0
2026-08-16T06:25:57Z,4126D32802C3,4126D,,SCHEDULED,0,0.0
2026-08-16T06:25:57Z,4126D84902C2,4126D,,SCHEDULED,3900,65.0
2026-08-16T06:25:57Z,4126D24751C1,4126D,,SCHEDULED,1500,25.0
2026-08-16T06:25:57Z,4526D71705C1,4526D,,SCHEDULED,300,5.0
2026-08-16T06:25:57Z,4526D71702C1,4526D,,SCHEDULED,120,2.0
2026-08-16T06:25:57Z,7026D31509C1,7026D,,SCHEDULED,0,0.0
2026-08-16T06:25:57Z,1026D27228C4a,1026D,,SCHEDULED,0,0.0
2026-08-16T06:25:57Z,1026D27225C4a,1026D,,SCHEDULED,180,3.0
2026-08-16T06:25:57Z,1026D27423C4b,1026D,,SCHEDULED,180,3.0
2026-08-16T06:25:57Z,1026D27226C4a,1026D,,SCHEDULED,60,1.0
2026-08-16T06:25:57Z,1026D27429C4b,1026D,,SCHEDULED,0,0.0
2026-08-16T06:25:57Z,1026D27427C4b,1026D,,SCHEDULED,60,1.0
2026-08-16T06:25:57Z,1026D79111C7,1026D,,SCHEDULED,0,0.0
2026-08-16T06:25:57Z,1026D79231C7,1026D,,CANCELED,,
2026-08-16T06:25:57Z,1026D79110C7,1026D,,SCHEDULED,60,1.0
2026-08-16T06:25:57Z,1026D79113C7,1026D,,SCHEDULED,0,0.0
2026-08-16T06:25:57Z,1026D79234C7,1026D,,SCHEDULED,60,1.0
2026-08-16T06:25:57Z,1026D27220C4a,1026D,,CANCELED,,
2026-08-16T06:25:57Z,1026D79112C7,1026D,,SCHEDULED,660,11.0
2026-08-16T06:25:57Z,1026D79433C2,1026D,,SCHEDULED,0,0.0
2026-08-16T06:25:57Z,1026D79238C7,1026D,,SCHEDULED,900,15.0
2026-08-16T06:25:57Z,1026D27223C4a,1026D,,SCHEDULED,180,3.0
2026-08-16T06:25:57Z,1026D79953C8b,1026D,,SCHEDULED,1860,31.0
2026-08-16T06:25:57Z,1026D27421C4b,1026D,,SCHEDULED,60,1.0
2026-08-16T06:25:57Z,1026D79710C10,1026D,,SCHEDULED,0,0.0
2026-08-16T06:25:57Z,1026D27224C4a,1026D,,SCHEDULED,300,5.0
2026-08-16T06:25:57Z,1026D27221C4a,1026D,,SCHEDULED,660,11.0
2026-08-16T06:25:57Z,1026D27420C4b,1026D,,SCHEDULED,120,2.0
2026-08-16T06:25:57Z,1026D27222C4a,1026D,,SCHEDULED,360,6.0
2026-08-16T06:25:57Z,1026D79106C7,1026D,,SCHEDULED,4260,71.0
2026-08-16T06:25:57Z,1026D77005C5,1026D,,SCHEDULED,0,0.0
2026-08-16T06:25:57Z,1026D77006C5,1026D,,SCHEDULED,0,0.0
2026-08-16T06:25:57Z,1026D79108C7,1026D,,SCHEDULED,180,3.0
2026-08-16T06:25:57Z,1026D79107C7,1026D,,SCHEDULED,4020,67.0
2026-08-16T06:25:57Z,1026D77007C5,1026D,,SCHEDULED,0,0.0
2026-08-16T06:25:57Z,1026D77008C5,1026D,,SCHEDULED,0,0.0
2026-08-16T06:25:57Z,1026D79429C2,1026D,,SCHEDULED,60,1.0
2026-08-16T06:25:57Z,1026D79109C7,1026D,,SCHEDULED,0,0.0
2026-08-16T06:25:57Z,1026D79706C10,1026D,,SCHEDULED,240,4.0
2026-08-16T06:25:57Z,1026D19818C1,1026D,,SCHEDULED,120,2.0
2026-08-16T06:25:57Z,1026D79708C10,1026D,,SCHEDULED,60,1.0
2026-08-16T06:25:57Z,1026D79239C7,1026D,,SCHEDULED,60,1.0
2026-08-16T06:25:57Z,1026D79957C8b,1026D,,SCHEDULED,180,3.0
2026-08-16T06:25:57Z,1026D79956C8b,1026D,,SCHEDULED,60,1.0
2026-08-16T06:25:57Z,1026D79958C8b,1026D,,SCHEDULED,0,0.0
2026-08-16T06:25:57Z,1026D76709C5,1026D,,SCHEDULED,0,0.0
2026-08-16T06:25:57Z,1026D76390C5,1026D,,SCHEDULED,120,2.0
2026-08-16T06:25:57Z,1026D76391C5,1026D,,SCHEDULED,0,0.0
2026-08-16T06:25:57Z,1026D76392C5,1026D,,SCHEDULED,180,3.0
2026-08-16T06:25:57Z,1026D76394C5,1026D,,SCHEDULED,120,2.0
2026-08-16T06:25:57Z,1026D76396C5,1026D,,SCHEDULED,0,0.0
2026-08-16T06:25:57Z,1026D76398C5,1026D,,SCHEDULED,0,0.0
2026-08-16T06:25:57Z,1026D27414C4b,1026D,,SCHEDULED,60,1.0
2026-08-16T06:25:57Z,1026D27019C3,1026D,,SCHEDULED,0,0.0
2026-08-16T06:25:57Z,1026D27016C3,1026D,,SCHEDULED,720,12.0
2026-08-16T06:25:57Z,1026D27017C3,1026D,,SCHEDULED,0,0.0
2026-08-16T06:25:57Z,1026D27418C4b,1026D,,SCHEDULED,0,0.0
2026-08-16T06:25:57Z,1026D79243C7,1026D,,SCHEDULED,240,4.0
2026-08-16T06:25:57Z,1026D27416C4b,1026D,,SCHEDULED,240,4.0
2026-08-16T06:25:57Z,1026D79242C7,1026D,,SCHEDULED,60,1.0
2026-08-16T06:25:57Z,1026D27011C3,1026D,,SCHEDULED,180,3.0
2026-08-16T06:25:57Z,1026D79247C7,1026D,,SCHEDULED,60,1.0
2026-08-16T06:25:57Z,1026D79246C7,1026D,,SCHEDULED,0,0.0
2026-08-16T06:25:57Z,1026D79521C2,1026D,,SCHEDULED,840,14.0
2026-08-16T06:25:57Z,1026D76212C5,1026D,,SCHEDULED,60,1.0
2026-08-16T06:25:57Z,1026D27014C3,1026D,,SCHEDULED,120,2.0
2026-08-16T06:25:57Z,1026D76213C5,1026D,,SCHEDULED,0,0.0
2026-08-16T06:25:57Z,1026D27015C3,1026D,,SCHEDULED,0,0.0
2026-08-16T06:25:57Z,1026D76698C5,1026D,,SCHEDULED,0,0.0
2026-08-16T06:25:57Z,1026D27012C3,1026D,,SCHEDULED,120,2.0
2026-08-16T06:25:57Z,1026D79525C2,1026D,,SCHEDULED,0,0.0
2026-08-16T06:25:57Z,1026D27013C3,1026D,,SCHEDULED,60,1.0
2026-08-16T06:25:57Z,1026D79527C2,1026D,,SCHEDULED,0,0.0
2026-08-16T06:25:57Z,1026D79809C8a,1026D,,SCHEDULED,240,4.0
2026-08-16T06:25:57Z,1026D27227C4a,1026D,,SCHEDULED,0,0.0
2026-08-16T06:25:57Z,1026D27425C4b,1026D,,SCHEDULED,180,3.0
2026-08-16T06:25:57Z,1026D19821C1,1026D,,SCHEDULED,60,1.0
2026-08-16T06:25:57Z,1026D19820C1,1026D,,SCHEDULED,0,0.0
2026-08-16T06:25:57Z,1026D79250C7,1026D,,SCHEDULED,0,0.0
2026-08-16T06:25:57Z,1026D79251C7,1026D,,SCHEDULED,300,5.0
2026-08-16T06:25:57Z,1026D79253C7,1026D,,SCHEDULED,0,0.0
2026-08-16T06:25:57Z,1026D76383C5,1026D,,SCHEDULED,120,2.0
2026-08-16T06:25:57Z,1026D76385C5,1026D,,SCHEDULED,60,1.0
2026-08-16T06:25:57Z,1026D79610C10,1026D,,SCHEDULED,120,2.0
2026-08-16T06:25:57Z,1026D76387C5,1026D,,SCHEDULED,420,7.0
2026-08-16T06:25:57Z,1026D79612C10,1026D,,SCHEDULED,0,0.0
2026-08-16T06:25:57Z,1026D76388C5,1026D,,SCHEDULED,180,3.0
2026-08-16T06:25:57Z,1026D76389C5,1026D,,SCHEDULED,0,0.0
2026-08-16T06:25:57Z,1026D79614C10,1026D,,SCHEDULED,0,0.0
2026-08-16T06:25:57Z,1026D79811C8a,1026D,,SCHEDULED,0,0.0
2026-08-16T06:25:57Z,1026D76700C5,1026D,,SCHEDULED,0,0.0
2026-08-16T06:25:57Z,1026D79814C8a,1026D,,SCHEDULED,60,1.0
2026-08-16T06:25:57Z,1026D76702C5,1026D,,SCHEDULED,0,0.0
2026-08-16T06:25:57Z,1026D79419C2,1026D,,SCHEDULED,1680,28.0
2026-08-16T06:25:57Z,1026D19823C1,1026D,,SCHEDULED,240,4.0
2026-08-16T06:25:57Z,1026D19822C1,1026D,,SCHEDULED,0,0.0
2026-08-16T06:25:57Z,1026D19825C1,1026D,,SCHEDULED,0,0.0
2026-08-16T06:25:57Z,1026D76707C5,1026D,,SCHEDULED,0,0.0
2026-08-16T06:25:57Z,1026D27018C3,1026D,,SCHEDULED,0,0.0
2026-08-16T06:31:16Z,3026D23513C1,3026D,,SCHEDULED,-120,-2.0
2026-08-16T06:31:16Z,3026D23514C1,3026D,,SCHEDULED,60,1.0
2026-08-16T06:31:16Z,3026D23895C5,3026D,,SCHEDULED,240,4.0
2026-08-16T06:31:16Z,3026D23517C1,3026D,,SCHEDULED,120,2.0
2026-08-16T06:31:16Z,3026D23709C5,3026D,,SCHEDULED,0,0.0
2026-08-16T06:31:16Z,3026D23519C1,3026D,,CANCELED,,
2026-08-16T06:31:16Z,3026D23520C1,3026D,,SCHEDULED,60,1.0
2026-08-16T06:31:16Z,3026D23611C4,3026D,,SCHEDULED,1560,26.0
2026-08-16T06:31:16Z,3126D23425T1,3126D,,SCHEDULED,0,0.0
2026-08-16T06:31:16Z,3126D23426T1,3126D,,SCHEDULED,0,0.0
2026-08-16T06:31:16Z,3126D23428T1,3126D,,SCHEDULED,0,0.0
2026-08-16T06:31:16Z,3126D23209C1,3126D,,SCHEDULED,0,0.0
2026-08-16T06:31:16Z,3126D23208C1,3126D,,SCHEDULED,0,0.0
2026-08-16T06:31:16Z,3226D23155C2,3226D,,SCHEDULED,120,2.0
2026-08-16T06:31:16Z,3226D23315C1,3226D,,SCHEDULED,360,6.0
2026-08-16T06:31:16Z,3226D23310C1,3226D,,SCHEDULED,240,4.0
2026-08-16T06:31:16Z,3226D23314C1,3226D,,SCHEDULED,0,0.0
2026-08-16T06:31:16Z,4026D24293C1,4026D,,SCHEDULED,300,5.0
2026-08-16T06:31:16Z,4026D24208C1,4026D,,SCHEDULED,120,2.0
2026-08-16T06:31:16Z,4026D24210C1,4026D,,SCHEDULED,120,2.0
2026-08-16T06:31:16Z,4026D33720C6,4026D,,SCHEDULED,-360,-6.0
2026-08-16T06:31:16Z,4026D76603C3,4026D,,SCHEDULED,120,2.0
2026-08-16T06:31:16Z,4026D24309C6,4026D,,SCHEDULED,120,2.0
2026-08-16T06:31:16Z,4026D24311C6,4026D,,SCHEDULED,-60,-1.0
2026-08-16T06:31:16Z,4026D24211C1,4026D,,SCHEDULED,-60,-1.0
2026-08-16T06:31:16Z,4026D24020C2,4026D,,SCHEDULED,60,1.0
2026-08-16T06:31:16Z,4026D24011C2,4026D,,SCHEDULED,60,1.0
2026-08-16T06:31:16Z,4026D24306C6,4026D,,SCHEDULED,60,1.0
2026-08-16T06:31:16Z,4026D24310C6,4026D,,SCHEDULED,120,2.0
2026-08-16T06:31:16Z,4026D24015C2,4026D,,SCHEDULED,-120,-2.0
2026-08-16T06:31:16Z,4026D24016C2,4026D,,SCHEDULED,360,6.0
2026-08-16T06:31:16Z,4026D24019C2,4026D,,SCHEDULED,60,1.0
2026-08-16T06:31:16Z,5126D25607R1,5126D,,SCHEDULED,180,3.0
2026-08-16T06:31:16Z,5126D25801R1,5126D,,SCHEDULED,240,4.0
2026-08-16T06:31:16Z,5126D28275R2S,5126D,,SCHEDULED,180,3.0
2026-08-16T06:31:16Z,5126D77716R4,5126D,,SCHEDULED,0,0.0
2026-08-16T06:31:16Z,5126D35535R3,5126D,,SCHEDULED,0,0.0
2026-08-16T06:31:16Z,5126D28273R2S,5126D,,SCHEDULED,0,0.0
2026-08-16T06:31:16Z,5126D28274R2S,5126D,,SCHEDULED,240,4.0
2026-08-16T06:31:16Z,5126D77518R4,5126D,,SCHEDULED,-60,-1.0
2026-08-16T06:31:16Z,5126D77410R4,5126D,,SCHEDULED,1380,23.0
2026-08-16T06:31:16Z,5126D35518R3,5126D,,CANCELED,,
2026-08-16T06:31:16Z,5126D77412R4,5126D,,SCHEDULED,0,0.0
2026-08-16T06:31:16Z,5126D30531R15,5126D,,SCHEDULED,60,1.0
2026-08-16T06:31:16Z,5126D25718R1,5126D,,SCHEDULED,180,3.0
2026-08-16T06:31:16Z,5126D28271R2S,5126D,,SCHEDULED,240,4.0
2026-08-16T06:31:16Z,5126D25511R2S,5126D,,SCHEDULED,60,1.0
2026-08-16T06:31:16Z,5126D25714R1,5126D,,SCHEDULED,-60,-1.0
2026-08-16T06:31:16Z,5126D28272R2S,5126D,,SCHEDULED,300,5.0
2026-08-16T06:31:16Z,5126D15800R11,5126D,,SCHEDULED,-360,-6.0
2026-08-16T06:31:16Z,5126D77500R4,5126D,,SCHEDULED,1800,30.0
2026-08-16T06:31:16Z,5126D25616R1,5126D,,SCHEDULED,120,2.0
2026-08-16T06:31:16Z,5126D33533R4,5126D,,SCHEDULED,180,3.0
2026-08-16T06:31:16Z,5126D15850R11,5126D,,SCHEDULED,120,2.0
2026-08-16T06:31:16Z,5126D33532RL4,5126D,,SCHEDULED,180,3.0
2026-08-16T06:31:16Z,5126D18121R16,5126D,,SCHEDULED,60,1.0
2026-08-16T06:31:16Z,5126D25408R2N,5126D,,SCHEDULED,240,4.0
2026-08-16T06:31:16Z,5126D25806R1,5126D,,SCHEDULED,0,0.0
2026-08-16T06:31:16Z,5126D18123R16,5126D,,SCHEDULED,300,5.0
2026-08-16T06:31:16Z,5126D25410R2N,5126D,,SCHEDULED,660,11.0
2026-08-16T06:31:16Z,5126D25611R1,5126D,,SCHEDULED,240,4.0
2026-08-16T06:31:16Z,5126D15041R13,5126D,,SCHEDULED,240,4.0
2026-08-16T06:31:16Z,5126D25412R2N,5126D,,SCHEDULED,0,0.0
2026-08-16T06:31:16Z,5126D25613R1,5126D,,SCHEDULED,0,0.0
2026-08-16T06:31:16Z,5126D25615R1,5126D,,SCHEDULED,0,0.0
2026-08-16T06:31:16Z,5126D35525R3,5126D,,SCHEDULED,1380,23.0
2026-08-16T06:31:16Z,5126D25507R2S,5126D,,SCHEDULED,780,13.0
2026-08-16T06:31:16Z,5126D25506R2S,5126D,,SCHEDULED,900,15.0
2026-08-16T06:31:16Z,5126D35523R3,5126D,,SCHEDULED,240,4.0
2026-08-16T06:31:16Z,5126D35520R3,5126D,,SCHEDULED,60,1.0
2026-08-16T06:31:16Z,5126D25508R2S,5126D,,SCHEDULED,300,5.0
2026-08-16T06:31:16Z,5126D15854R11,5126D,,SCHEDULED,0,0.0
2026-08-16T06:31:16Z,5126D18054R16,5126D,,SCHEDULED,120,2.0
2026-08-16T06:31:16Z,5126D25620R1,5126D,,SCHEDULED,120,2.0
2026-08-16T06:31:16Z,5126D28414R2N,5126D,,SCHEDULED,60,1.0
2026-08-16T06:31:16Z,5126D77408R4,5126D,,SCHEDULED,180,3.0
2026-08-16T06:31:16Z,5126D15061R17,5126D,,SCHEDULED,-60,-1.0
2026-08-16T06:31:16Z,5126D25624R1,5126D,,SCHEDULED,240,4.0
2026-08-16T06:31:16Z,5126D15906R11,5126D,,SCHEDULED,0,0.0
2026-08-16T06:31:16Z,5126D28412R2N,5126D,,SCHEDULED,180,3.0
2026-08-16T06:31:16Z,5126D28410R2N,5126D,,SCHEDULED,600,10.0
2026-08-16T06:31:16Z,5126D78604R8,5126D,,SCHEDULED,60,1.0
2026-08-16T06:31:16Z,5126D77712R4,5126D,,SCHEDULED,0,0.0
2026-08-16T06:31:16Z,5126D77514R4,5126D,,SCHEDULED,0,0.0
2026-08-16T06:31:16Z,5126D77714R4,5126D,,SCHEDULED,-60,-1.0
2026-08-16T06:31:16Z,6026D29513C2,6026D,,SCHEDULED,120,2.0
2026-08-16T06:31:16Z,6026D26512C3,6026D,,SCHEDULED,-60,-1.0
2026-08-16T06:31:16Z,6026D26514C3,6026D,,SCHEDULED,60,1.0
2026-08-16T06:31:16Z,6026D29617C1,6026D,,SCHEDULED,180,3.0
2026-08-16T06:31:16Z,6026D26515C3,6026D,,SCHEDULED,0,0.0
2026-08-16T06:31:16Z,6026D71870C5,6026D,,SCHEDULED,0,0.0
2026-08-16T06:31:16Z,6026D71508C4,6026D,,SCHEDULED,-60,-1.0
2026-08-16T06:31:16Z,6026D29512C2,6026D,,SCHEDULED,0,0.0
2026-08-16T06:31:16Z,6026D29515C2,6026D,,SCHEDULED,0,0.0
2026-08-16T06:31:16Z,6026D29614C1,6026D,,SCHEDULED,60,1.0
2026-08-16T06:31:16Z,6126D32704C1,6126D,,SCHEDULED,0,0.0
2026-08-16T06:31:16Z,6126D81703C1,6126D,,SCHEDULED,0,0.0
2026-08-16T06:31:16Z,6126D32705C1,6126D,,SCHEDULED,0,0.0
2026-08-16T06:31:16Z,6126D81750C1,6126D,,SCHEDULED,0,0.0
2026-08-16T06:31:16Z,6226D71355C3,6226D,,SCHEDULED,60,1.0
2026-08-16T06:31:16Z,6226D71193C2,6226D,,SCHEDULED,60,1.0
2026-08-16T06:31:16Z,6226D82355C3,6226D,,SCHEDULED,0,0.0
2026-08-16T06:31:16Z,6226D35917C1,6226D,,SCHEDULED,300,5.0
2026-08-16T06:31:16Z,6226D71156C2,6226D,,SCHEDULED,180,3.0
2026-08-16T06:31:16Z,6226D71850C2,6226D,,SCHEDULED,60,1.0
2026-08-16T06:31:16Z,6226D71158C2,6226D,,SCHEDULED,0,0.0
2026-08-16T06:31:16Z,6226D71851C3,6226D,,SCHEDULED,0,0.0
2026-08-16T06:31:16Z,6226D35918C1,6226D,,SCHEDULED,60,1.0
2026-08-16T06:31:16Z,4626D71811C1,4626D,,SCHEDULED,0,0.0
2026-08-16T06:31:16Z,4726D71090C1,4726D,,SCHEDULED,0,0.0
2026-08-16T06:31:16Z,4726D71081C1,4726D,,SCHEDULED,900,15.0
2026-08-16T06:31:16Z,2026D70802C6,2026D,,SCHEDULED,360,6.0
2026-08-16T06:31:16Z,2026D70207C4,2026D,,SCHEDULED,0,0.0
2026-08-16T06:31:16Z,2026D22312C3,2026D,,SCHEDULED,0,0.0
2026-08-16T06:31:16Z,2026D22315C3,2026D,,SCHEDULED,0,0.0
2026-08-16T06:31:16Z,2026D70905C8,2026D,,SCHEDULED,0,0.0
2026-08-16T06:31:16Z,2026D70306C4,2026D,,SCHEDULED,480,8.0
2026-08-16T06:31:16Z,2026D70405C5,2026D,,SCHEDULED,60,1.0
2026-08-16T06:31:16Z,2026D70903C8,2026D,,SCHEDULED,120,2.0
2026-08-16T06:31:16Z,2026D70407C5,2026D,,SCHEDULED,0,0.0
2026-08-16T06:31:16Z,2026D70509C7,2026D,,SCHEDULED,720,12.0
2026-08-16T06:31:16Z,2026D70904C8,2026D,,SCHEDULED,180,3.0
2026-08-16T06:31:16Z,2026D70906C8,2026D,,SCHEDULED,0,0.0
2026-08-16T06:31:16Z,2026D70208C4,2026D,,SCHEDULED,2100,35.0
2026-08-16T06:31:16Z,2026D70406C5,2026D,,SCHEDULED,60,1.0
2026-08-16T06:31:16Z,2026D70303C4,2026D,,SCHEDULED,0,0.0
2026-08-16T06:31:16Z,2026D70852C6,2026D,,SCHEDULED,840,14.0
2026-08-16T06:31:16Z,2026D70855C6,2026D,,SCHEDULED,240,4.0
2026-08-16T06:31:16Z,2026D70510C7,2026D,,SCHEDULED,240,4.0
2026-08-16T06:31:16Z,2026D70850C6,2026D,,SCHEDULED,1140,19.0
2026-08-16T06:31:16Z,2026D22008C1,2026D,,SCHEDULED,180,3.0
2026-08-16T06:31:16Z,2026D22207C2,2026D,,SCHEDULED,0,0.0
2026-08-16T06:31:16Z,2026D22208C2,2026D,,SCHEDULED,60,1.0
2026-08-16T06:31:16Z,2026D70251C4,2026D,,SCHEDULED,1800,30.0
2026-08-16T06:31:16Z,2026D70301C4,2026D,,SCHEDULED,0,0.0
2026-08-16T06:31:16Z,2026D70250C4,2026D,,SCHEDULED,1920,32.0
2026-08-16T06:31:16Z,2026D22007C1,2026D,,SCHEDULED,300,5.0
2026-08-16T06:31:16Z,2026D22106C1,2026D,,SCHEDULED,600,10.0
2026-08-16T06:31:16Z,2026D22311C3,2026D,,SCHEDULED,1440,24.0
2026-08-16T06:31:16Z,4126D32803C3,4126D,,SCHEDULED,360,6.0
2026-08-16T06:31:16Z,4126D84904C2,4126D,,SCHEDULED,6960,116.0
2026-08-16T06:31:16Z,4126D32802C3,4126D,,SCHEDULED,0,0.0
2026-08-16T06:31:16Z,4126D84902C2,4126D,,SCHEDULED,4260,71.0
2026-08-16T06:31:16Z,4126D24751C1,4126D,,SCHEDULED,1800,30.0
2026-08-16T06:31:16Z,4526D71705C1,4526D,,SCHEDULED,180,3.0
2026-08-16T06:31:16Z,4526D71704C1,4526D,,SCHEDULED,0,0.0
2026-08-16T06:31:16Z,4526D71707C1,4526D,,SCHEDULED,0,0.0
2026-08-16T06:31:16Z,4526D71702C1,4526D,,SCHEDULED,60,1.0
2026-08-16T06:31:16Z,7026D31509C1,7026D,,SCHEDULED,360,6.0
2026-08-16T06:31:16Z,1026D27226C4a,1026D,,SCHEDULED,420,7.0
2026-08-16T06:31:16Z,1026D27429C4b,1026D,,SCHEDULED,0,0.0
2026-08-16T06:31:16Z,1026D27427C4b,1026D,,SCHEDULED,420,7.0
2026-08-16T06:31:16Z,1026D79111C7,1026D,,SCHEDULED,60,1.0
2026-08-16T06:31:16Z,1026D79231C7,1026D,,CANCELED,,
2026-08-16T06:31:16Z,1026D79110C7,1026D,,SCHEDULED,120,2.0
2026-08-16T06:31:16Z,1026D79113C7,1026D,,SCHEDULED,0,0.0
2026-08-16T06:31:16Z,1026D79234C7,1026D,,SCHEDULED,120,2.0
2026-08-16T06:31:16Z,1026D27220C4a,1026D,,CANCELED,,
2026-08-16T06:31:16Z,1026D79112C7,1026D,,SCHEDULED,0,0.0
2026-08-16T06:31:16Z,1026D79433C2,1026D,,SCHEDULED,0,0.0
2026-08-16T06:31:16Z,1026D79238C7,1026D,,SCHEDULED,1260,21.0
2026-08-16T06:31:16Z,1026D79953C8b,1026D,,SCHEDULED,2040,34.0
2026-08-16T06:31:16Z,1026D27421C4b,1026D,,SCHEDULED,0,0.0
2026-08-16T06:31:16Z,1026D76400C5,1026D,,SCHEDULED,0,0.0
2026-08-16T06:31:16Z,1026D27422C4b,1026D,,SCHEDULED,0,0.0
2026-08-16T06:31:16Z,1026D79710C10,1026D,,SCHEDULED,0,0.0
2026-08-16T06:31:16Z,1026D27224C4a,1026D,,SCHEDULED,180,3.0
2026-08-16T06:31:16Z,1026D27221C4a,1026D,,SCHEDULED,720,12.0
2026-08-16T06:31:16Z,1026D27420C4b,1026D,,SCHEDULED,420,7.0
2026-08-16T06:31:16Z,1026D27222C4a,1026D,,SCHEDULED,480,8.0
2026-08-16T06:31:16Z,1026D79239C7,1026D,,SCHEDULED,360,6.0
2026-08-16T06:31:16Z,1026D79957C8b,1026D,,SCHEDULED,300,5.0
2026-08-16T06:31:16Z,1026D27017C3,1026D,,SCHEDULED,0,0.0
2026-08-16T06:31:16Z,1026D27418C4b,1026D,,SCHEDULED,300,5.0
2026-08-16T06:31:16Z,1026D79243C7,1026D,,SCHEDULED,300,5.0
2026-08-16T06:31:16Z,1026D27416C4b,1026D,,SCHEDULED,540,9.0
2026-08-16T06:31:16Z,1026D79242C7,1026D,,SCHEDULED,420,7.0
2026-08-16T06:31:16Z,1026D27011C3,1026D,,SCHEDULED,120,2.0
2026-08-16T06:31:16Z,1026D79247C7,1026D,,SCHEDULED,180,3.0
2026-08-16T06:31:16Z,1026D79246C7,1026D,,SCHEDULED,0,0.0
2026-08-16T06:31:16Z,1026D79521C2,1026D,,SCHEDULED,420,7.0
2026-08-16T06:31:16Z,1026D76212C5,1026D,,SCHEDULED,0,0.0
2026-08-16T06:31:16Z,1026D27014C3,1026D,,SCHEDULED,480,8.0
2026-08-16T06:31:16Z,1026D76213C5,1026D,,SCHEDULED,0,0.0
2026-08-16T06:31:16Z,1026D27015C3,1026D,,SCHEDULED,180,3.0
2026-08-16T06:31:16Z,1026D76214C5,1026D,,SCHEDULED,0,0.0
2026-08-16T06:31:16Z,1026D27012C3,1026D,,SCHEDULED,120,2.0
2026-08-16T06:31:16Z,1026D79525C2,1026D,,SCHEDULED,0,0.0
2026-08-16T06:31:16Z,1026D79527C2,1026D,,SCHEDULED,0,0.0
2026-08-16T06:31:16Z,1026D79809C8a,1026D,,SCHEDULED,420,7.0
2026-08-16T06:31:16Z,1026D27227C4a,1026D,,CANCELED,,
2026-08-16T06:31:16Z,1026D27425C4b,1026D,,SCHEDULED,0,0.0
2026-08-16T06:31:16Z,1026D27228C4a,1026D,,SCHEDULED,0,0.0
2026-08-16T06:31:16Z,1026D27225C4a,1026D,,SCHEDULED,0,0.0
2026-08-16T06:31:16Z,1026D27423C4b,1026D,,SCHEDULED,420,7.0
2026-08-16T06:31:16Z,1026D19820C1,1026D,,SCHEDULED,240,4.0
2026-08-16T06:31:16Z,1026D79250C7,1026D,,SCHEDULED,0,0.0
2026-08-16T06:31:16Z,1026D79251C7,1026D,,SCHEDULED,600,10.0
2026-08-16T06:31:16Z,1026D79253C7,1026D,,SCHEDULED,0,0.0
2026-08-16T06:31:16Z,1026D79956C8b,1026D,,SCHEDULED,120,2.0
2026-08-16T06:31:16Z,1026D76383C5,1026D,,SCHEDULED,180,3.0
2026-08-16T06:31:16Z,1026D79959C8b,1026D,,SCHEDULED,0,0.0
2026-08-16T06:31:16Z,1026D76385C5,1026D,,SCHEDULED,60,1.0
2026-08-16T06:31:16Z,1026D79958C8b,1026D,,SCHEDULED,0,0.0
2026-08-16T06:31:16Z,1026D76387C5,1026D,,SCHEDULED,60,1.0
2026-08-16T06:31:16Z,1026D79612C10,1026D,,SCHEDULED,60,1.0
2026-08-16T06:31:16Z,1026D76709C5,1026D,,SCHEDULED,-60,-1.0
2026-08-16T06:31:16Z,1026D76389C5,1026D,,SCHEDULED,180,3.0
2026-08-16T06:31:16Z,1026D79614C10,1026D,,SCHEDULED,0,0.0
2026-08-16T06:31:16Z,1026D76390C5,1026D,,SCHEDULED,120,2.0
2026-08-16T06:31:16Z,1026D79811C8a,1026D,,SCHEDULED,0,0.0
2026-08-16T06:31:16Z,1026D76391C5,1026D,,SCHEDULED,0,0.0
2026-08-16T06:31:16Z,1026D19827C1,1026D,,SCHEDULED,0,0.0
2026-08-16T06:31:16Z,1026D76392C5,1026D,,SCHEDULED,120,2.0
2026-08-16T06:31:16Z,1026D76700C5,1026D,,SCHEDULED,180,3.0
2026-08-16T06:31:16Z,1026D76393C5,1026D,,SCHEDULED,0,0.0
2026-08-16T06:31:16Z,1026D79814C8a,1026D,,SCHEDULED,0,0.0
2026-08-16T06:31:16Z,1026D76394C5,1026D,,SCHEDULED,420,7.0
2026-08-16T06:31:16Z,1026D76702C5,1026D,,SCHEDULED,0,0.0
2026-08-16T06:31:16Z,1026D79419C2,1026D,,SCHEDULED,1560,26.0
2026-08-16T06:31:16Z,1026D76396C5,1026D,,SCHEDULED,0,0.0
2026-08-16T06:31:16Z,1026D79423C2,1026D,,SCHEDULED,300,5.0
2026-08-16T06:31:16Z,1026D19823C1,1026D,,SCHEDULED,120,2.0
2026-08-16T06:31:16Z,1026D76398C5,1026D,,SCHEDULED,0,0.0
2026-08-16T06:31:16Z,1026D79106C7,1026D,,SCHEDULED,4620,77.0
2026-08-16T06:31:16Z,1026D19822C1,1026D,,SCHEDULED,0,0.0
2026-08-16T06:31:16Z,1026D77006C5,1026D,,SCHEDULED,120,2.0
2026-08-16T06:31:16Z,1026D79108C7,1026D,,SCHEDULED,240,4.0
2026-08-16T06:31:16Z,1026D79107C7,1026D,,SCHEDULED,4380,73.0
2026-08-16T06:31:16Z,1026D77007C5,1026D,,SCHEDULED,0,0.0
2026-08-16T06:31:16Z,1026D19825C1,1026D,,SCHEDULED,0,0.0
2026-08-16T06:31:16Z,1026D77008C5,1026D,,SCHEDULED,0,0.0
2026-08-16T06:31:16Z,1026D79429C2,1026D,,SCHEDULED,300,5.0
2026-08-16T06:31:16Z,1026D77009C5,1026D,,SCHEDULED,0,0.0
2026-08-16T06:31:16Z,1026D79109C7,1026D,,SCHEDULED,420,7.0
2026-08-16T06:31:16Z,1026D76707C5,1026D,,SCHEDULED,60,1.0
2026-08-16T06:31:16Z,1026D79706C10,1026D,,SCHEDULED,420,7.0
2026-08-16T06:31:16Z,1026D27018C3,1026D,,SCHEDULED,0,0.0
2026-08-16T06:31:16Z,1026D27414C4b,1026D,,SCHEDULED,60,1.0
2026-08-16T06:31:16Z,1026D19818C1,1026D,,SCHEDULED,0,0.0
2026-08-16T06:31:16Z,1026D27019C3,1026D,,SCHEDULED,0,0.0
2026-08-16T06:31:16Z,1026D79708C10,1026D,,SCHEDULED,60,1.0
2026-08-16T06:31:16Z,1026D27016C3,1026D,,SCHEDULED,60,1.0
2026-08-16T06:35:57Z,3026D23519C1,3026D,,CANCELED,,
2026-08-16T06:35:57Z,3026D23513C1,3026D,,SCHEDULED,-120,-2.0
2026-08-16T06:35:57Z,3026D23709C5,3026D,,SCHEDULED,0,0.0
2026-08-16T06:35:57Z,3026D23514C1,3026D,,SCHEDULED,60,1.0
2026-08-16T06:35:57Z,3026D23520C1,3026D,,SCHEDULED,60,1.0
2026-08-16T06:35:57Z,3026D23516C1,3026D,,SCHEDULED,60,1.0
2026-08-16T06:35:57Z,3026D23517C1,3026D,,SCHEDULED,120,2.0
2026-08-16T06:35:57Z,3026D23611C4,3026D,,SCHEDULED,1560,26.0
2026-08-16T06:35:57Z,3126D23425T1,3126D,,SCHEDULED,0,0.0
2026-08-16T06:35:57Z,3126D23426T1,3126D,,SCHEDULED,0,0.0
2026-08-16T06:35:57Z,3126D23428T1,3126D,,SCHEDULED,0,0.0
2026-08-16T06:35:57Z,3126D23209C1,3126D,,SCHEDULED,60,1.0
2026-08-16T06:35:57Z,3126D23208C1,3126D,,SCHEDULED,0,0.0
2026-08-16T06:35:57Z,3226D23155C2,3226D,,SCHEDULED,180,3.0
2026-08-16T06:35:57Z,3226D23319C1,3226D,,SCHEDULED,-60,-1.0
2026-08-16T06:35:57Z,3226D23315C1,3226D,,SCHEDULED,180,3.0
2026-08-16T06:35:57Z,3226D23310C1,3226D,,SCHEDULED,180,3.0
2026-08-16T06:35:57Z,3226D23314C1,3226D,,SCHEDULED,0,0.0
2026-08-16T06:35:57Z,4026D24293C1,4026D,,SCHEDULED,300,5.0
2026-08-16T06:35:57Z,4026D24208C1,4026D,,SCHEDULED,180,3.0
2026-08-16T06:35:57Z,4026D24210C1,4026D,,SCHEDULED,60,1.0
2026-08-16T06:35:57Z,4026D24309C6,4026D,,SCHEDULED,120,2.0
2026-08-16T06:35:57Z,4026D76603C3,4026D,,SCHEDULED,120,2.0
2026-08-16T06:35:57Z,4026D24311C6,4026D,,SCHEDULED,-60,-1.0
2026-08-16T06:35:57Z,4026D24020C2,4026D,,SCHEDULED,120,2.0
2026-08-16T06:35:57Z,4026D24211C1,4026D,,SCHEDULED,-60,-1.0
2026-08-16T06:35:57Z,4026D24011C2,4026D,,SCHEDULED,-240,-4.0
2026-08-16T06:35:57Z,4026D24310C6,4026D,,SCHEDULED,60,1.0
2026-08-16T06:35:57Z,4026D24306C6,4026D,,SCHEDULED,120,2.0
2026-08-16T06:35:57Z,4026D24015C2,4026D,,SCHEDULED,0,0.0
2026-08-16T06:35:57Z,4026D24016C2,4026D,,SCHEDULED,240,4.0
2026-08-16T06:35:57Z,4026D24019C2,4026D,,SCHEDULED,-60,-1.0
2026-08-16T06:35:57Z,5126D28273R2S,5126D,,SCHEDULED,60,1.0
2026-08-16T06:35:57Z,5126D28274R2S,5126D,,SCHEDULED,300,5.0
2026-08-16T06:35:57Z,5126D77410R4,5126D,,SCHEDULED,1320,22.0
2026-08-16T06:35:57Z,5126D77412R4,5126D,,SCHEDULED,-120,-2.0
2026-08-16T06:35:57Z,5126D77714R4,5126D,,SCHEDULED,60,1.0
2026-08-16T06:35:57Z,5126D77612R4,5126D,,SCHEDULED,60,1.0
2026-08-16T06:35:57Z,5126D77716R4,5126D,,SCHEDULED,0,0.0
2026-08-16T06:35:57Z,5126D77518R4,5126D,,SCHEDULED,60,1.0
2026-08-16T06:35:57Z,5126D35518R3,5126D,,CANCELED,,
2026-08-16T06:35:57Z,5126D28272R2S,5126D,,SCHEDULED,300,5.0
2026-08-16T06:35:57Z,5126D30531R15,5126D,,SCHEDULED,60,1.0
2026-08-16T06:35:57Z,5126D15041R13,5126D,,SCHEDULED,240,4.0
2026-08-16T06:35:57Z,5126D25805R1,5126D,,SCHEDULED,60,1.0
2026-08-16T06:35:57Z,5126D25607R1,5126D,,SCHEDULED,180,3.0
2026-08-16T06:35:57Z,5126D25718R1,5126D,,SCHEDULED,180,3.0
2026-08-16T06:35:57Z,5126D15003R15,5126D,,SCHEDULED,120,2.0
2026-08-16T06:35:57Z,5126D30530R15,5126D,,SCHEDULED,360,6.0
2026-08-16T06:35:57Z,5126D28275R2S,5126D,,SCHEDULED,180,3.0
2026-08-16T06:35:57Z,5126D28276R2S,5126D,,SCHEDULED,-60,-1.0
2026-08-16T06:35:57Z,5126D35531R3,5126D,,SCHEDULED,0,0.0
2026-08-16T06:35:57Z,5126D35535R3,5126D,,SCHEDULED,0,0.0
2026-08-16T06:35:57Z,5126D25511R2S,5126D,,SCHEDULED,0,0.0
2026-08-16T06:35:57Z,5126D25412R2N,5126D,,SCHEDULED,-240,-4.0
2026-08-16T06:35:57Z,5126D25613R1,5126D,,SCHEDULED,-60,-1.0
2026-08-16T06:35:57Z,5126D25615R1,5126D,,SCHEDULED,0,0.0
2026-08-16T06:35:57Z,5126D25513R2S,5126D,,SCHEDULED,0,0.0
2026-08-16T06:35:57Z,5126D35525R3,5126D,,SCHEDULED,1560,26.0
2026-08-16T06:35:57Z,5126D25714R1,5126D,,SCHEDULED,0,0.0
2026-08-16T06:35:57Z,5126D35523R3,5126D,,SCHEDULED,300,5.0
2026-08-16T06:35:57Z,5126D35520R3,5126D,,SCHEDULED,60,1.0
2026-08-16T06:35:57Z,5126D15854R11,5126D,,SCHEDULED,0,0.0
2026-08-16T06:35:57Z,5126D77500R4,5126D,,SCHEDULED,1620,27.0
2026-08-16T06:35:57Z,5126D78636R8,5126D,,SCHEDULED,60,1.0
2026-08-16T06:35:57Z,5126D77408R4,5126D,,SCHEDULED,120,2.0
2026-08-16T06:35:57Z,5126D33533RL4,5126D,,SCHEDULED,180,3.0
2026-08-16T06:35:57Z,5126D33532RL4,5126D,,SCHEDULED,180,3.0
2026-08-16T06:35:57Z,5126D25616R1,5126D,,SCHEDULED,-60,-1.0
2026-08-16T06:35:57Z,5126D15850R11,5126D,,SCHEDULED,120,2.0
2026-08-16T06:35:57Z,5126D25408R2N,5126D,,SCHEDULED,180,3.0
2026-08-16T06:35:57Z,5126D25803R1,5126D,,SCHEDULED,0,0.0
2026-08-16T06:35:57Z,5126D18121R16,5126D,,SCHEDULED,60,1.0
2026-08-16T06:35:57Z,5126D18123R16,5126D,,SCHEDULED,360,6.0
2026-08-16T06:35:57Z,5126D25410R2N,5126D,,SCHEDULED,540,9.0
2026-08-16T06:35:57Z,5126D25611R1,5126D,,SCHEDULED,300,5.0
2026-08-16T06:35:57Z,5126D25507R2S,5126D,,SCHEDULED,780,13.0
2026-08-16T06:35:57Z,5126D25509R2S,5126D,,SCHEDULED,60,1.0
2026-08-16T06:35:57Z,5126D25508R2S,5126D,,SCHEDULED,300,5.0
2026-08-16T06:35:57Z,5126D18054R16,5126D,,SCHEDULED,120,2.0
2026-08-16T06:35:57Z,5126D25620R1,5126D,,SCHEDULED,300,5.0
2026-08-16T06:35:57Z,5126D28414R2N,5126D,,SCHEDULED,0,0.0
2026-08-16T06:35:57Z,5126D15061R17,5126D,,SCHEDULED,60,1.0
2026-08-16T06:35:57Z,5126D25624R1,5126D,,SCHEDULED,300,5.0
2026-08-16T06:35:57Z,5126D15906R11,5126D,,SCHEDULED,0,0.0
2026-08-16T06:35:57Z,5126D28410R2N,5126D,,SCHEDULED,600,10.0
2026-08-16T06:35:57Z,5126D78604R8,5126D,,SCHEDULED,60,1.0
2026-08-16T06:35:57Z,5126D77712R4,5126D,,SCHEDULED,-60,-1.0
2026-08-16T06:35:57Z,5126D77514R4,5126D,,SCHEDULED,60,1.0
2026-08-16T06:35:57Z,5126D77516R4,5126D,,SCHEDULED,180,3.0
2026-08-16T06:35:57Z,6026D29619C1,6026D,,SCHEDULED,0,0.0
2026-08-16T06:35:57Z,6026D26515C3,6026D,,SCHEDULED,0,0.0
2026-08-16T06:35:57Z,6026D26514C3,6026D,,SCHEDULED,-60,-1.0
2026-08-16T06:35:57Z,6026D29617C1,6026D,,SCHEDULED,180,3.0
2026-08-16T06:35:57Z,6026D26516C3,6026D,,SCHEDULED,0,0.0
2026-08-16T06:35:57Z,6026D29512C2,6026D,,SCHEDULED,120,2.0
2026-08-16T06:35:57Z,6026D71508C4,6026D,,SCHEDULED,0,0.0
2026-08-16T06:35:57Z,6026D29614C1,6026D,,SCHEDULED,60,1.0
2026-08-16T06:35:57Z,6026D29513C2,6026D,,SCHEDULED,120,2.0
2026-08-16T06:35:57Z,6026D26512C3,6026D,,SCHEDULED,-60,-1.0
2026-08-16T06:35:57Z,6026D71870C5,6026D,,SCHEDULED,0,0.0
2026-08-16T06:35:57Z,6026D29515C2,6026D,,SCHEDULED,0,0.0
2026-08-16T06:35:57Z,6126D32704C1,6126D,,SCHEDULED,0,0.0
2026-08-16T06:35:57Z,6126D81703C1,6126D,,SCHEDULED,0,0.0
2026-08-16T06:35:57Z,6126D32705C1,6126D,,SCHEDULED,60,1.0
2026-08-16T06:35:57Z,6126D81750C1,6126D,,SCHEDULED,0,0.0
2026-08-16T06:35:57Z,6226D71155C2,6226D,,SCHEDULED,60,1.0
2026-08-16T06:35:57Z,6226D71193C2,6226D,,SCHEDULED,0,0.0
2026-08-16T06:35:57Z,6226D82355C3,6226D,,SCHEDULED,0,0.0
2026-08-16T06:35:57Z,6226D35918C1,6226D,,SCHEDULED,180,3.0
2026-08-16T06:35:57Z,6226D35917C1,6226D,,SCHEDULED,240,4.0
2026-08-16T06:35:57Z,6226D71156C2,6226D,,SCHEDULED,120,2.0
2026-08-16T06:35:57Z,6226D71158C2,6226D,,SCHEDULED,0,0.0
2026-08-16T06:35:57Z,6226D71851C3,6226D,,SCHEDULED,0,0.0
2026-08-16T06:35:57Z,4626D71811C1,4626D,,SCHEDULED,180,3.0
2026-08-16T06:35:57Z,4726D71090C1,4726D,,SCHEDULED,120,2.0
2026-08-16T06:35:57Z,4726D71081C1,4726D,,SCHEDULED,840,14.0
2026-08-16T06:35:57Z,2026D70207C4,2026D,,SCHEDULED,0,0.0
2026-08-16T06:35:57Z,2026D70306C4,2026D,,SCHEDULED,720,12.0
2026-08-16T06:35:57Z,2026D70903C8,2026D,,SCHEDULED,420,7.0
2026-08-16T06:35:57Z,2026D70407C5,2026D,,SCHEDULED,0,0.0
2026-08-16T06:35:57Z,2026D70303C4,2026D,,SCHEDULED,0,0.0
2026-08-16T06:35:57Z,2026D22008C1,2026D,,SCHEDULED,240,4.0
2026-08-16T06:35:57Z,2026D70301C4,2026D,,SCHEDULED,120,2.0
2026-08-16T06:35:57Z,2026D22106C1,2026D,,SCHEDULED,0,0.0
2026-08-16T06:35:57Z,2026D22315C3,2026D,,SCHEDULED,0,0.0
2026-08-16T06:35:57Z,2026D70905C8,2026D,,SCHEDULED,0,0.0
2026-08-16T06:35:57Z,2026D22007C1,2026D,,SCHEDULED,180,3.0
2026-08-16T06:35:57Z,2026D22207C2,2026D,,SCHEDULED,0,0.0
2026-08-16T06:35:57Z,2026D22208C2,2026D,,SCHEDULED,60,1.0
2026-08-16T06:35:57Z,2026D70206C4,2026D,,SCHEDULED,1920,32.0
2026-08-16T06:35:57Z,2026D70852C6,2026D,,SCHEDULED,480,8.0
2026-08-16T06:35:57Z,2026D70855C6,2026D,,SCHEDULED,540,9.0
2026-08-16T06:35:57Z,2026D70509C7,2026D,,SCHEDULED,960,16.0
2026-08-16T06:35:57Z,2026D70904C8,2026D,,SCHEDULED,480,8.0
2026-08-16T06:35:57Z,2026D70906C8,2026D,,SCHEDULED,0,0.0
2026-08-16T06:35:57Z,2026D70208C4,2026D,,SCHEDULED,2340,39.0
2026-08-16T06:35:57Z,2026D70250C4,2026D,,SCHEDULED,1680,28.0
2026-08-16T06:35:57Z,2026D70406C5,2026D,,SCHEDULED,180,3.0
2026-08-16T06:35:57Z,2026D22312C3,2026D,,SCHEDULED,0,0.0
2026-08-16T06:35:57Z,4126D84904C2,4126D,,SCHEDULED,7200,120.0
2026-08-16T06:35:57Z,4126D84902C2,4126D,,SCHEDULED,4500,75.0
2026-08-16T06:35:57Z,4126D24751C1,4126D,,SCHEDULED,1620,27.0
2026-08-16T06:35:57Z,4126D32802C3,4126D,,SCHEDULED,180,3.0
2026-08-16T06:35:57Z,4526D71707C1,4526D,,SCHEDULED,0,0.0
2026-08-16T06:35:57Z,4526D71705C1,4526D,,SCHEDULED,300,5.0
2026-08-16T06:35:57Z,4526D71702C1,4526D,,SCHEDULED,0,0.0
2026-08-16T06:35:57Z,4526D71704C1,4526D,,SCHEDULED,0,0.0
2026-08-16T06:35:57Z,7026D31548C1,7026D,,SCHEDULED,0,0.0
2026-08-16T06:35:57Z,7026D31509C1,7026D,,SCHEDULED,60,1.0
2026-08-16T06:41:06Z,3026D23513C1,3026D,,SCHEDULED,0,0.0
2026-08-16T06:41:06Z,3026D23514C1,3026D,,SCHEDULED,120,2.0
2026-08-16T06:41:06Z,3026D23519C1,3026D,,CANCELED,,
2026-08-16T06:41:06Z,3026D23709C5,3026D,,SCHEDULED,180,3.0
2026-08-16T06:41:06Z,3026D23520C1,3026D,,SCHEDULED,180,3.0
2026-08-16T06:41:06Z,3026D23611C4,3026D,,SCHEDULED,180,3.0
2026-08-16T06:41:06Z,3026D23516C1,3026D,,SCHEDULED,0,0.0
2026-08-16T06:41:06Z,3026D23517C1,3026D,,SCHEDULED,180,3.0
2026-08-16T06:41:06Z,3126D23425T1,3126D,,SCHEDULED,0,0.0
2026-08-16T06:41:06Z,3126D23426T1,3126D,,SCHEDULED,60,1.0
2026-08-16T06:41:06Z,3126D23209C1,3126D,,SCHEDULED,60,1.0
2026-08-16T06:41:06Z,3126D23428T1,3126D,,SCHEDULED,0,0.0
2026-08-16T06:41:06Z,3126D23208C1,3126D,,SCHEDULED,0,0.0
2026-08-16T06:41:06Z,3226D23155C2,3226D,,SCHEDULED,180,3.0
2026-08-16T06:41:06Z,3226D23314C1,3226D,,SCHEDULED,0,0.0
2026-08-16T06:41:06Z,3226D23310C1,3226D,,SCHEDULED,240,4.0
2026-08-16T06:41:06Z,3226D23154C2,3226D,,SCHEDULED,0,0.0
2026-08-16T06:41:06Z,3226D23319C1,3226D,,SCHEDULED,0,0.0
2026-08-16T06:41:06Z,4026D24309C6,4026D,,SCHEDULED,-120,-2.0
2026-08-16T06:41:06Z,4026D76603C3,4026D,,SCHEDULED,0,0.0
2026-08-16T06:41:06Z,4026D84024C2,4026D,,SCHEDULED,0,0.0
2026-08-16T06:41:06Z,4026D24208C1,4026D,,SCHEDULED,240,4.0
2026-08-16T06:41:06Z,4026D24020C2,4026D,,SCHEDULED,60,1.0
2026-08-16T06:41:06Z,4026D24011C2,4026D,,SCHEDULED,-240,-4.0
2026-08-16T06:41:06Z,4026D24292C1,4026D,,SCHEDULED,0,0.0
2026-08-16T06:41:06Z,4026D24306C6,4026D,,SCHEDULED,120,2.0
2026-08-16T06:41:06Z,4026D24293C1,4026D,,SCHEDULED,360,6.0
2026-08-16T06:41:06Z,4026D24210C1,4026D,,SCHEDULED,-60,-1.0
2026-08-16T06:41:06Z,4026D33451C6,4026D,,SCHEDULED,120,2.0
2026-08-16T06:41:06Z,4026D24311C6,4026D,,SCHEDULED,-120,-2.0
2026-08-16T06:41:06Z,4026D24211C1,4026D,,SCHEDULED,180,3.0
2026-08-16T06:41:06Z,4026D24015C2,4026D,,SCHEDULED,-60,-1.0
2026-08-16T06:41:06Z,4026D24016C2,4026D,,SCHEDULED,300,5.0
2026-08-16T06:41:06Z,4026D24215C1,4026D,,SCHEDULED,0,0.0
2026-08-16T06:41:06Z,5126D25805R1,5126D,,SCHEDULED,60,1.0
2026-08-16T06:41:06Z,5126D25607R1,5126D,,SCHEDULED,180,3.0
2026-08-16T06:41:06Z,5126D28275R2S,5126D,,SCHEDULED,0,0.0
2026-08-16T06:41:06Z,5126D28276R2S,5126D,,SCHEDULED,0,0.0
2026-08-16T06:41:06Z,5126D35535R3,5126D,,SCHEDULED,0,0.0
2026-08-16T06:41:06Z,5126D28273R2S,5126D,,SCHEDULED,0,0.0
2026-08-16T06:41:06Z,5126D28274R2S,5126D,,SCHEDULED,240,4.0
2026-08-16T06:41:06Z,5126D77410R4,5126D,,SCHEDULED,1200,20.0
2026-08-16T06:41:06Z,5126D77412R4,5126D,,SCHEDULED,0,0.0
2026-08-16T06:41:06Z,5126D77612R4,5126D,,SCHEDULED,60,1.0
2026-08-16T06:41:06Z,5126D15800R11,5126D,,SCHEDULED,-60,-1.0
2026-08-16T06:41:06Z,5126D77714R4,5126D,,SCHEDULED,-60,-1.0
2026-08-16T06:41:06Z,5126D25616R1,5126D,,SCHEDULED,-60,-1.0
2026-08-16T06:41:06Z,5126D15850R11,5126D,,SCHEDULED,180,3.0
2026-08-16T06:41:06Z,5126D77716R4,5126D,,SCHEDULED,0,0.0
2026-08-16T06:41:06Z,5126D18123R16,5126D,,SCHEDULED,360,6.0
2026-08-16T06:41:06Z,5126D25410R2N,5126D,,SCHEDULED,480,8.0
2026-08-16T06:41:06Z,5126D25611R1,5126D,,SCHEDULED,240,4.0
2026-08-16T06:41:06Z,5126D77518R4,5126D,,SCHEDULED,0,0.0
2026-08-16T06:41:06Z,5126D30531R15,5126D,,SCHEDULED,60,1.0
2026-08-16T06:41:06Z,5126D25615R1,5126D,,SCHEDULED,60,1.0
2026-08-16T06:41:06Z,5126D35525R3,5126D,,SCHEDULED,1380,23.0
2026-08-16T06:41:06Z,5126D25718R1,5126D,,SCHEDULED,300,5.0
2026-08-16T06:41:06Z,5126D35523R3,5126D,,SCHEDULED,300,5.0
2026-08-16T06:41:06Z,5126D35531R3,5126D,,SCHEDULED,60,1.0
2026-08-16T06:41:06Z,5126D35520R3,5126D,,SCHEDULED,60,1.0
2026-08-16T06:41:06Z,5126D25513R2S,5126D,,SCHEDULED,0,0.0
2026-08-16T06:41:06Z,5126D77500R4,5126D,,SCHEDULED,1380,23.0
2026-08-16T06:41:06Z,5126D78636R8,5126D,,SCHEDULED,60,1.0
2026-08-16T06:41:06Z,5126D33533RL4,5126D,,SCHEDULED,180,3.0
2026-08-16T06:41:06Z,5126D33532RL4,5126D,,SCHEDULED,240,4.0
2026-08-16T06:41:06Z,5126D25507R2S,5126D,,SCHEDULED,780,13.0
2026-08-16T06:41:06Z,5126D25509R2S,5126D,,SCHEDULED,120,2.0
2026-08-16T06:41:06Z,5126D18054R16,5126D,,SCHEDULED,120,2.0
2026-08-16T06:41:06Z,5126D25408R2N,5126D,,SCHEDULED,240,4.0
2026-08-16T06:41:06Z,5126D25803R1,5126D,,SCHEDULED,60,1.0
2026-08-16T06:41:06Z,5126D25620R1,5126D,,SCHEDULED,360,6.0
2026-08-16T06:41:06Z,5126D28416R2N,5126D,,SCHEDULED,0,0.0
2026-08-16T06:41:06Z,5126D28414R2N,5126D,,SCHEDULED,0,0.0
2026-08-16T06:41:06Z,5126D25624R1,5126D,,SCHEDULED,240,4.0
2026-08-16T06:41:06Z,5126D15906R11,5126D,,SCHEDULED,0,0.0
2026-08-16T06:41:06Z,5126D28412R2N,5126D,,SCHEDULED,180,3.0
2026-08-16T06:41:06Z,5126D78604R8,5126D,,SCHEDULED,0,0.0
2026-08-16T06:41:06Z,5126D77712R4,5126D,,SCHEDULED,-120,-2.0
2026-08-16T06:41:06Z,5126D77516R4,5126D,,SCHEDULED,0,0.0
2026-08-16T06:41:06Z,6026D29619C1,6026D,,SCHEDULED,0,0.0
2026-08-16T06:41:06Z,6026D26515C3,6026D,,SCHEDULED,60,1.0
2026-08-16T06:41:06Z,6026D26514C3,6026D,,SCHEDULED,0,0.0
2026-08-16T06:41:06Z,6026D29617C1,6026D,,SCHEDULED,120,2.0
2026-08-16T06:41:06Z,6026D29512C2,6026D,,SCHEDULED,60,1.0
2026-08-16T06:41:06Z,6026D71508C4,6026D,,SCHEDULED,0,0.0
2026-08-16T06:41:06Z,6026D29616C1,6026D,,SCHEDULED,0,0.0
2026-08-16T06:41:06Z,6026D26516C3,6026D,,SCHEDULED,0,0.0
2026-08-16T06:41:06Z,6026D29614C1,6026D,,SCHEDULED,120,2.0
2026-08-16T06:41:06Z,6026D29514C2,6026D,,SCHEDULED,0,0.0
2026-08-16T06:41:06Z,6026D26513C3,6026D,,SCHEDULED,0,0.0
2026-08-16T06:41:06Z,6026D29513C2,6026D,,SCHEDULED,180,3.0
2026-08-16T06:41:06Z,6026D26512C3,6026D,,SCHEDULED,0,0.0
2026-08-16T06:41:06Z,6026D71870C5,6026D,,SCHEDULED,0,0.0
2026-08-16T06:41:06Z,6026D29515C2,6026D,,SCHEDULED,120,2.0
2026-08-16T06:41:06Z,6126D81708C1,6126D,,SCHEDULED,0,0.0
2026-08-16T06:41:06Z,6126D32704C1,6126D,,SCHEDULED,-60,-1.0
2026-08-16T06:41:06Z,6126D32705C1,6126D,,SCHEDULED,0,0.0
2026-08-16T06:41:06Z,6126D81750C1,6126D,,SCHEDULED,0,0.0
2026-08-16T06:41:06Z,6226D71155C2,6226D,,SCHEDULED,60,1.0
2026-08-16T06:41:06Z,6226D26913C1,6226D,,SCHEDULED,0,0.0
2026-08-16T06:41:06Z,6226D82355C3,6226D,,SCHEDULED,0,0.0
2026-08-16T06:41:06Z,6226D35918C1,6226D,,SCHEDULED,360,6.0
2026-08-16T06:41:06Z,6226D35917C1,6226D,,SCHEDULED,300,5.0
2026-08-16T06:41:06Z,6226D71156C2,6226D,,SCHEDULED,180,3.0
2026-08-16T06:41:06Z,6226D71158C2,6226D,,SCHEDULED,0,0.0
2026-08-16T06:41:06Z,4626D71811C1,4626D,,SCHEDULED,60,1.0
2026-08-16T06:41:06Z,4726D71090C1,4726D,,SCHEDULED,120,2.0
2026-08-16T06:41:06Z,4726D71081C1,4726D,,SCHEDULED,660,11.0
2026-08-16T06:41:06Z,2026D70802C6,2026D,,SCHEDULED,0,0.0
2026-08-16T06:41:06Z,2026D70207C4,2026D,,SCHEDULED,0,0.0
2026-08-16T06:41:06Z,2026D22315C3,2026D,,SCHEDULED,0,0.0
2026-08-16T06:41:06Z,2026D70306C4,2026D,,SCHEDULED,1020,17.0
2026-08-16T06:41:06Z,2026D70903C8,2026D,,SCHEDULED,720,12.0
2026-08-16T06:41:06Z,2026D70509C7,2026D,,SCHEDULED,300,5.0
2026-08-16T06:41:06Z,2026D70905C8,2026D,,SCHEDULED,180,3.0
2026-08-16T06:41:06Z,2026D70904C8,2026D,,SCHEDULED,3780,63.0
2026-08-16T06:41:06Z,2026D70906C8,2026D,,SCHEDULED,0,0.0
2026-08-16T06:41:06Z,2026D70208C4,2026D,,SCHEDULED,2640,44.0
2026-08-16T06:41:06Z,2026D70407C5,2026D,,SCHEDULED,-120,-2.0
2026-08-16T06:41:06Z,2026D70406C5,2026D,,SCHEDULED,120,2.0
2026-08-16T06:41:06Z,2026D70852C6,2026D,,SCHEDULED,480,8.0
2026-08-16T06:41:06Z,2026D70855C6,2026D,,SCHEDULED,840,14.0
2026-08-16T06:41:06Z,2026D70510C7,2026D,,SCHEDULED,600,10.0
2026-08-16T06:41:06Z,2026D22011C1,2026D,,SCHEDULED,0,0.0
2026-08-16T06:41:06Z,2026D70303C4,2026D,,SCHEDULED,0,0.0
2026-08-16T06:41:06Z,2026D70251C4,2026D,,SCHEDULED,1920,32.0
2026-08-16T06:41:06Z,2026D22008C1,2026D,,SCHEDULED,240,4.0
2026-08-16T06:41:06Z,2026D22207C2,2026D,,SCHEDULED,0,0.0
2026-08-16T06:41:06Z,2026D22208C2,2026D,,SCHEDULED,60,1.0
2026-08-16T06:41:06Z,2026D70250C4,2026D,,SCHEDULED,1620,27.0
2026-08-16T06:41:06Z,2026D70206C4,2026D,,SCHEDULED,1980,33.0
2026-08-16T06:41:06Z,2026D22312C3,2026D,,SCHEDULED,0,0.0
2026-08-16T06:41:06Z,2026D70301C4,2026D,,SCHEDULED,420,7.0
2026-08-16T06:41:06Z,2026D22007C1,2026D,,SCHEDULED,240,4.0
2026-08-16T06:41:06Z,2026D22106C1,2026D,,SCHEDULED,60,1.0
2026-08-16T06:41:06Z,4126D24751C1,4126D,,SCHEDULED,1860,31.0
2026-08-16T06:41:06Z,4126D24706C1,4126D,,SCHEDULED,0,0.0
2026-08-16T06:41:06Z,4126D32802C3,4126D,,SCHEDULED,60,1.0
2026-08-16T06:41:06Z,4126D84902C2,4126D,,SCHEDULED,4800,80.0
2026-08-16T06:41:06Z,4526D71705C1,4526D,,SCHEDULED,180,3.0
2026-08-16T06:41:06Z,4526D71704C1,4526D,,SCHEDULED,0,0.0
2026-08-16T06:41:06Z,4526D71707C1,4526D,,SCHEDULED,0,0.0
2026-08-16T06:41:06Z,4526D71702C1,4526D,,SCHEDULED,120,2.0
2026-08-16T06:41:06Z,7026D31548C1,7026D,,SCHEDULED,0,0.0
2026-08-16T06:41:06Z,7026D31509C1,7026D,,SCHEDULED,60,1.0
2026-08-16T06:41:06Z,1026D27423C4b,1026D,,SCHEDULED,240,4.0
2026-08-16T06:41:06Z,1026D27226C4a,1026D,,SCHEDULED,0,0.0
2026-08-16T06:41:06Z,1026D27429C4b,1026D,,SCHEDULED,0,0.0
2026-08-16T06:41:06Z,1026D27229C4a,1026D,,SCHEDULED,0,0.0
2026-08-16T06:41:06Z,1026D27427C4b,1026D,,SCHEDULED,120,2.0
2026-08-16T06:41:06Z,1026D79111C7,1026D,,SCHEDULED,300,5.0
2026-08-16T06:41:06Z,1026D77010C5,1026D,,SCHEDULED,0,0.0
2026-08-16T06:41:06Z,1026D79110C7,1026D,,SCHEDULED,360,6.0
2026-08-16T06:41:06Z,1026D79113C7,1026D,,SCHEDULED,240,4.0
2026-08-16T06:41:06Z,1026D27220C4a,1026D,,CANCELED,,
2026-08-16T06:41:06Z,1026D79112C7,1026D,,SCHEDULED,0,0.0
2026-08-16T06:41:06Z,1026D27020C3,1026D,,SCHEDULED,0,0.0
2026-08-16T06:41:06Z,1026D79433C2,1026D,,SCHEDULED,0,0.0
2026-08-16T06:41:06Z,1026D79953C8b,1026D,,SCHEDULED,5640,94.0
2026-08-16T06:41:06Z,1026D79238C7,1026D,,SCHEDULED,1800,30.0
2026-08-16T06:41:06Z,1026D27223C4a,1026D,,SCHEDULED,60,1.0
2026-08-16T06:41:06Z,1026D76400C5,1026D,,SCHEDULED,0,0.0
2026-08-16T06:41:06Z,1026D27422C4b,1026D,,SCHEDULED,-60,-1.0
2026-08-16T06:41:06Z,1026D79710C10,1026D,,SCHEDULED,120,2.0
2026-08-16T06:41:06Z,1026D27224C4a,1026D,,SCHEDULED,240,4.0
2026-08-16T06:41:06Z,1026D27221C4a,1026D,,SCHEDULED,660,11.0
2026-08-16T06:41:06Z,1026D27420C4b,1026D,,SCHEDULED,60,1.0
2026-08-16T06:41:06Z,1026D76396C5,1026D,,SCHEDULED,420,7.0
2026-08-16T06:41:06Z,1026D79423C2,1026D,,SCHEDULED,300,5.0
2026-08-16T06:41:06Z,1026D76398C5,1026D,,SCHEDULED,0,0.0
2026-08-16T06:41:06Z,1026D79108C7,1026D,,SCHEDULED,3360,56.0
2026-08-16T06:41:06Z,1026D77007C5,1026D,,SCHEDULED,0,0.0
2026-08-16T06:41:06Z,1026D76711C5,1026D,,SCHEDULED,0,0.0
2026-08-16T06:41:06Z,1026D77008C5,1026D,,SCHEDULED,120,2.0
2026-08-16T06:41:06Z,1026D79429C2,1026D,,SCHEDULED,120,2.0
2026-08-16T06:41:06Z,1026D77009C5,1026D,,SCHEDULED,0,0.0
2026-08-16T06:41:06Z,1026D79109C7,1026D,,SCHEDULED,180,3.0
2026-08-16T06:41:06Z,1026D79706C10,1026D,,SCHEDULED,60,1.0
2026-08-16T06:41:06Z,1026D79708C10,1026D,,SCHEDULED,60,1.0
2026-08-16T06:41:06Z,1026D27222C4a,1026D,,SCHEDULED,300,5.0
2026-08-16T06:41:06Z,1026D79957C8b,1026D,,SCHEDULED,180,3.0
2026-08-16T06:41:06Z,1026D79956C8b,1026D,,SCHEDULED,480,8.0
2026-08-16T06:41:06Z,1026D79959C8b,1026D,,SCHEDULED,0,0.0
2026-08-16T06:41:06Z,1026D79958C8b,1026D,,SCHEDULED,60,1.0
2026-08-16T06:41:06Z,1026D76709C5,1026D,,SCHEDULED,480,8.0
2026-08-16T06:41:06Z,1026D76391C5,1026D,,SCHEDULED,180,3.0
2026-08-16T06:41:06Z,1026D76392C5,1026D,,SCHEDULED,180,3.0
2026-08-16T06:41:06Z,1026D76393C5,1026D,,SCHEDULED,0,0.0
2026-08-16T06:41:06Z,1026D76394C5,1026D,,SCHEDULED,180,3.0
2026-08-16T06:41:06Z,1026D76395C5,1026D,,SCHEDULED,0,0.0
2026-08-16T06:41:06Z,1026D27019C3,1026D,,SCHEDULED,0,0.0
2026-08-16T06:41:06Z,1026D27016C3,1026D,,SCHEDULED,60,1.0
2026-08-16T06:41:06Z,1026D27418C4b,1026D,,SCHEDULED,240,4.0
2026-08-16T06:41:06Z,1026D27416C4b,1026D,,SCHEDULED,600,10.0
2026-08-16T06:41:06Z,1026D79247C7,1026D,,SCHEDULED,300,5.0
2026-08-16T06:41:06Z,1026D79246C7,1026D,,SCHEDULED,60,1.0
2026-08-16T06:41:06Z,1026D79521C2,1026D,,SCHEDULED,600,10.0
2026-08-16T06:41:06Z,1026D27014C3,1026D,,SCHEDULED,360,6.0
2026-08-16T06:41:06Z,1026D76213C5,1026D,,SCHEDULED,0,0.0
2026-08-16T06:41:06Z,1026D27015C3,1026D,,SCHEDULED,120,2.0
2026-08-16T06:41:06Z,1026D76214C5,1026D,,SCHEDULED,0,0.0
2026-08-16T06:41:06Z,1026D27012C3,1026D,,SCHEDULED,420,7.0
2026-08-16T06:41:06Z,1026D79525C2,1026D,,SCHEDULED,60,1.0
2026-08-16T06:41:06Z,1026D27013C3,1026D,,SCHEDULED,180,3.0
2026-08-16T06:41:06Z,1026D79527C2,1026D,,SCHEDULED,120,2.0
2026-08-16T06:41:06Z,1026D79809C8a,1026D,,SCHEDULED,360,6.0
2026-08-16T06:41:06Z,1026D27227C4a,1026D,,CANCELED,,
2026-08-16T06:41:06Z,1026D27228C4a,1026D,,SCHEDULED,0,0.0
2026-08-16T06:41:06Z,1026D27225C4a,1026D,,SCHEDULED,180,3.0
2026-08-16T06:41:06Z,1026D19820C1,1026D,,SCHEDULED,120,2.0
2026-08-16T06:41:06Z,1026D79250C7,1026D,,SCHEDULED,0,0.0
2026-08-16T06:41:06Z,1026D79251C7,1026D,,SCHEDULED,0,0.0
2026-08-16T06:41:06Z,1026D79254C7,1026D,,SCHEDULED,0,0.0
2026-08-16T06:41:06Z,1026D79253C7,1026D,,SCHEDULED,480,8.0
2026-08-16T06:41:06Z,1026D79531C2,1026D,,SCHEDULED,0,0.0
2026-08-16T06:41:06Z,1026D76385C5,1026D,,SCHEDULED,120,2.0
2026-08-16T06:41:06Z,1026D79257C7,1026D,,SCHEDULED,0,0.0
2026-08-16T06:41:06Z,1026D76387C5,1026D,,SCHEDULED,60,1.0
2026-08-16T06:41:06Z,1026D79612C10,1026D,,SCHEDULED,120,2.0
2026-08-16T06:41:06Z,1026D76389C5,1026D,,SCHEDULED,60,1.0
2026-08-16T06:41:06Z,1026D79614C10,1026D,,SCHEDULED,0,0.0
2026-08-16T06:41:06Z,1026D79811C8a,1026D,,SCHEDULED,60,1.0
2026-08-16T06:41:06Z,1026D19827C1,1026D,,SCHEDULED,0,0.0
2026-08-16T06:41:06Z,1026D76700C5,1026D,,SCHEDULED,60,1.0
2026-08-16T06:41:06Z,1026D79814C8a,1026D,,SCHEDULED,0,0.0
2026-08-16T06:41:06Z,1026D76702C5,1026D,,SCHEDULED,0,0.0
2026-08-16T06:41:06Z,1026D79419C2,1026D,,SCHEDULED,1500,25.0
2026-08-16T06:41:06Z,1026D19822C1,1026D,,SCHEDULED,-60,-1.0
2026-08-16T06:41:06Z,1026D19825C1,1026D,,SCHEDULED,240,4.0
2026-08-16T06:41:06Z,1026D19824C1,1026D,,SCHEDULED,0,0.0
2026-08-16T06:41:06Z,1026D27018C3,1026D,,SCHEDULED,480,8.0
2026-08-16T06:46:04Z,3026D23709C5,3026D,,SCHEDULED,120,2.0
2026-08-16T06:46:04Z,3026D23520C1,3026D,,SCHEDULED,240,4.0
2026-08-16T06:46:04Z,3026D23103C3,3026D,,SCHEDULED,0,0.0
2026-08-16T06:46:04Z,3026D23611C4,3026D,,SCHEDULED,180,3.0
2026-08-16T06:46:04Z,3026D23613C4,3026D,,SCHEDULED,0,0.0
2026-08-16T06:46:04Z,3026D23513C1,3026D,,SCHEDULED,120,2.0
2026-08-16T06:46:04Z,3026D23514C1,3026D,,SCHEDULED,120,2.0
2026-08-16T06:46:04Z,3026D23516C1,3026D,,SCHEDULED,180,3.0
2026-08-16T06:46:04Z,3026D23519C1,3026D,,CANCELED,,
2026-08-16T06:46:04Z,3126D23425T1,3126D,,SCHEDULED,0,0.0
2026-08-16T06:46:04Z,3126D23209C1,3126D,,SCHEDULED,60,1.0
2026-08-16T06:46:04Z,3126D23428T1,3126D,,SCHEDULED,0,0.0
2026-08-16T06:46:04Z,3126D23208C1,3126D,,SCHEDULED,0,0.0
2026-08-16T06:46:04Z,3226D23314C1,3226D,,SCHEDULED,240,4.0
2026-08-16T06:46:04Z,3226D23154C2,3226D,,SCHEDULED,0,0.0
2026-08-16T06:46:04Z,4026D76603C3,4026D,,SCHEDULED,0,0.0
2026-08-16T06:46:04Z,4026D24292C1,4026D,,SCHEDULED,0,0.0
2026-08-16T06:46:04Z,4026D84024C2,4026D,,SCHEDULED,0,0.0
2026-08-16T06:46:04Z,4026D24293C1,4026D,,SCHEDULED,420,7.0
2026-08-16T06:46:04Z,4026D24208C1,4026D,,SCHEDULED,240,4.0
2026-08-16T06:46:04Z,4026D24309C6,4026D,,SCHEDULED,60,1.0
2026-08-16T06:46:04Z,4026D84026C2,4026D,,SCHEDULED,0,0.0
2026-08-16T06:46:04Z,4026D24210C1,4026D,,SCHEDULED,-60,-1.0
2026-08-16T06:46:04Z,4026D33451C6,4026D,,SCHEDULED,0,0.0
2026-08-16T06:46:04Z,4026D24020C2,4026D,,SCHEDULED,-120,-2.0
2026-08-16T06:46:04Z,4026D24311C6,4026D,,SCHEDULED,-120,-2.0
2026-08-16T06:46:04Z,4026D24023C2,4026D,,SCHEDULED,0,0.0
2026-08-16T06:46:04Z,4026D24211C1,4026D,,SCHEDULED,0,0.0
2026-08-16T06:46:04Z,4026D24310C6,4026D,,SCHEDULED,-60,-1.0
2026-08-16T06:46:04Z,4026D24306C6,4026D,,SCHEDULED,60,1.0
2026-08-16T06:46:04Z,4026D24015C2,4026D,,SCHEDULED,-60,-1.0
2026-08-16T06:46:04Z,4026D24016C2,4026D,,SCHEDULED,120,2.0
2026-08-16T06:46:04Z,4026D24215C1,4026D,,SCHEDULED,0,0.0
2026-08-16T06:46:04Z,4026D24019C2,4026D,,SCHEDULED,-60,-1.0
2026-08-16T06:46:04Z,5126D25805R1,5126D,,SCHEDULED,-60,-1.0
2026-08-16T06:46:04Z,5126D77716R4,5126D,,SCHEDULED,0,0.0
2026-08-16T06:46:04Z,5126D77518R4,5126D,,SCHEDULED,0,0.0
2026-08-16T06:46:04Z,5126D15040R13,5126D,,SCHEDULED,2280,38.0
2026-08-16T06:46:04Z,5126D30531R15,5126D,,SCHEDULED,60,1.0
2026-08-16T06:46:04Z,5126D28275R2S,5126D,,SCHEDULED,120,2.0
2026-08-16T06:46:04Z,5126D28276R2S,5126D,,SCHEDULED,-60,-1.0
2026-08-16T06:46:04Z,5126D25718R1,5126D,,SCHEDULED,180,3.0
2026-08-16T06:46:04Z,5126D35535R3,5126D,,SCHEDULED,0,0.0
2026-08-16T06:46:04Z,5126D28273R2S,5126D,,SCHEDULED,-60,-1.0
2026-08-16T06:46:04Z,5126D28274R2S,5126D,,SCHEDULED,360,6.0
2026-08-16T06:46:04Z,5126D25510R2S,5126D,,SCHEDULED,240,4.0
2026-08-16T06:46:04Z,5126D77410R4,5126D,,SCHEDULED,1200,20.0
2026-08-16T06:46:04Z,5126D35531R3,5126D,,SCHEDULED,-120,-2.0
2026-08-16T06:46:04Z,5126D77412R4,5126D,,SCHEDULED,0,0.0
2026-08-16T06:46:04Z,5126D28277R2S,5126D,,SCHEDULED,0,0.0
2026-08-16T06:46:04Z,5126D25513R2S,5126D,,SCHEDULED,0,0.0
2026-08-16T06:46:04Z,5126D25613R1,5126D,,SCHEDULED,120,2.0
2026-08-16T06:46:04Z,5126D25615R1,5126D,,SCHEDULED,-120,-2.0
2026-08-16T06:46:04Z,5126D77500R4,5126D,,SCHEDULED,1260,21.0
2026-08-16T06:46:04Z,5126D35525R3,5126D,,SCHEDULED,1320,22.0
2026-08-16T06:46:04Z,5126D78636R8,5126D,,SCHEDULED,60,1.0
2026-08-16T06:46:04Z,5126D33533RL4,5126D,,SCHEDULED,180,3.0
2026-08-16T06:46:04Z,5126D33532RL4,5126D,,SCHEDULED,240,4.0
2026-08-16T06:46:04Z,5126D35523R3,5126D,,SCHEDULED,420,7.0
2026-08-16T06:46:04Z,5126D35520R3,5126D,,SCHEDULED,60,1.0
2026-08-16T06:46:04Z,5126D25408R2N,5126D,,SCHEDULED,300,5.0
2026-08-16T06:46:04Z,5126D25803R1,5126D,,SCHEDULED,0,0.0
2026-08-16T06:46:04Z,5126D15776R11,5126D,,SCHEDULED,240,4.0
2026-08-16T06:46:04Z,5126D25507R2S,5126D,,SCHEDULED,720,12.0
2026-08-16T06:46:04Z,5126D25509R2S,5126D,,SCHEDULED,60,1.0
2026-08-16T06:46:04Z,5126D77408R4,5126D,,SCHEDULED,60,1.0
2026-08-16T06:46:04Z,5126D25508R2S,5126D,,SCHEDULED,300,5.0
2026-08-16T06:46:04Z,5126D18054R16,5126D,,SCHEDULED,180,3.0
2026-08-16T06:46:04Z,5126D25620R1,5126D,,SCHEDULED,180,3.0
2026-08-16T06:46:04Z,5126D15800R11,5126D,,SCHEDULED,60,1.0
2026-08-16T06:46:04Z,5126D28416R2N,5126D,,SCHEDULED,120,2.0
2026-08-16T06:46:04Z,5126D25616R1,5126D,,SCHEDULED,-60,-1.0
2026-08-16T06:46:04Z,5126D28414R2N,5126D,,SCHEDULED,60,1.0
2026-08-16T06:46:04Z,5126D25624R1,5126D,,SCHEDULED,360,6.0
2026-08-16T06:46:04Z,5126D18123R16,5126D,,SCHEDULED,360,6.0
2026-08-16T06:46:04Z,5126D28412R2N,5126D,,SCHEDULED,60,1.0
2026-08-16T06:46:04Z,5126D25611R1,5126D,,SCHEDULED,420,7.0
2026-08-16T06:46:04Z,5126D25412R2N,5126D,,SCHEDULED,240,4.0
2026-08-16T06:46:04Z,5126D78604R8,5126D,,SCHEDULED,-60,-1.0
2026-08-16T06:46:04Z,5126D77712R4,5126D,,SCHEDULED,0,0.0
2026-08-16T06:46:04Z,5126D77514R4,5126D,,SCHEDULED,60,1.0
2026-08-16T06:46:04Z,5126D77516R4,5126D,,SCHEDULED,60,1.0
2026-08-16T06:46:04Z,6026D29619C1,6026D,,SCHEDULED,0,0.0
2026-08-16T06:46:04Z,6026D26515C3,6026D,,SCHEDULED,0,0.0
2026-08-16T06:46:04Z,6026D26514C3,6026D,,SCHEDULED,0,0.0
2026-08-16T06:46:04Z,6026D29616C1,6026D,,SCHEDULED,0,0.0
2026-08-16T06:46:04Z,6026D26516C3,6026D,,SCHEDULED,0,0.0
2026-08-16T06:46:04Z,6026D29512C2,6026D,,SCHEDULED,60,1.0
2026-08-16T06:46:04Z,6026D71508C4,6026D,,SCHEDULED,120,2.0
2026-08-16T06:46:04Z,6026D29614C1,6026D,,SCHEDULED,120,2.0
2026-08-16T06:46:04Z,6026D29514C2,6026D,,SCHEDULED,0,0.0
2026-08-16T06:46:04Z,6026D26513C3,6026D,,SCHEDULED,0,0.0
2026-08-16T06:46:04Z,6026D26512C3,6026D,,SCHEDULED,0,0.0
2026-08-16T06:46:04Z,6026D71870C5,6026D,,SCHEDULED,0,0.0
2026-08-16T06:46:04Z,6026D29515C2,6026D,,SCHEDULED,180,3.0
2026-08-16T06:46:04Z,6126D81708C1,6126D,,SCHEDULED,0,0.0
2026-08-16T06:46:04Z,6126D32704C1,6126D,,SCHEDULED,60,1.0
2026-08-16T06:46:04Z,6126D32705C1,6126D,,SCHEDULED,0,0.0
2026-08-16T06:46:04Z,6226D71352C3,6226D,,SCHEDULED,0,0.0
2026-08-16T06:46:04Z,6226D71155C2,6226D,,SCHEDULED,180,3.0
2026-08-16T06:46:04Z,6226D26913C1,6226D,,SCHEDULED,0,0.0
2026-08-16T06:46:04Z,6226D82355C3,6226D,,SCHEDULED,0,0.0
2026-08-16T06:46:04Z,6226D35917C1,6226D,,SCHEDULED,240,4.0
2026-08-16T06:46:04Z,6226D71156C2,6226D,,SCHEDULED,180,3.0
2026-08-16T06:46:04Z,6226D71157C2,6226D,,SCHEDULED,0,0.0
2026-08-16T06:46:04Z,6226D35918C1,6226D,,SCHEDULED,420,7.0
2026-08-16T06:46:04Z,4626D71811C1,4626D,,SCHEDULED,60,1.0
2026-08-16T06:46:04Z,4726D71090C1,4726D,,SCHEDULED,120,2.0
2026-08-16T06:46:04Z,4726D71081C1,4726D,,SCHEDULED,660,11.0
2026-08-16T06:46:04Z,2026D70306C4,2026D,,SCHEDULED,1320,22.0
2026-08-16T06:46:04Z,2026D70405C5,2026D,,SCHEDULED,0,0.0
2026-08-16T06:46:04Z,2026D70903C8,2026D,,SCHEDULED,1020,17.0
2026-08-16T06:46:04Z,2026D70407C5,2026D,,SCHEDULED,180,3.0
2026-08-16T06:46:04Z,2026D22312C3,2026D,,SCHEDULED,0,0.0
2026-08-16T06:46:04Z,2026D22315C3,2026D,,SCHEDULED,120,2.0
2026-08-16T06:46:04Z,2026D70406C5,2026D,,SCHEDULED,0,0.0
2026-08-16T06:46:04Z,2026D70802C6,2026D,,SCHEDULED,0,0.0
2026-08-16T06:46:04Z,2026D70509C7,2026D,,SCHEDULED,660,11.0
2026-08-16T06:46:04Z,2026D70905C8,2026D,,SCHEDULED,0,0.0
2026-08-16T06:46:04Z,2026D70904C8,2026D,,SCHEDULED,4080,68.0
2026-08-16T06:46:04Z,2026D70906C8,2026D,,SCHEDULED,60,1.0
2026-08-16T06:46:04Z,2026D70207C4,2026D,,SCHEDULED,0,0.0
2026-08-16T06:46:04Z,2026D70208C4,2026D,,SCHEDULED,2340,39.0
2026-08-16T06:46:04Z,2026D70852C6,2026D,,SCHEDULED,720,12.0
2026-08-16T06:46:04Z,2026D70855C6,2026D,,SCHEDULED,120,2.0
2026-08-16T06:46:04Z,2026D70510C7,2026D,,SCHEDULED,60,1.0
2026-08-16T06:46:04Z,2026D22011C1,2026D,,SCHEDULED,0,0.0
2026-08-16T06:46:04Z,2026D70301C4,2026D,,SCHEDULED,660,11.0
2026-08-16T06:46:04Z,2026D70251C4,2026D,,SCHEDULED,1680,28.0
2026-08-16T06:46:04Z,2026D22007C1,2026D,,SCHEDULED,180,3.0
2026-08-16T06:46:04Z,2026D70250C4,2026D,,SCHEDULED,1680,28.0
2026-08-16T06:46:04Z,2026D22106C1,2026D,,SCHEDULED,60,1.0
2026-08-16T06:46:04Z,2026D70303C4,2026D,,SCHEDULED,0,0.0
2026-08-16T06:46:04Z,2026D22207C2,2026D,,SCHEDULED,0,0.0
2026-08-16T06:46:04Z,2026D22208C2,2026D,,SCHEDULED,120,2.0
2026-08-16T06:46:04Z,4126D84902C2,4126D,,SCHEDULED,5100,85.0
2026-08-16T06:46:04Z,4126D24751C1,4126D,,SCHEDULED,1440,24.0
2026-08-16T06:46:04Z,4126D24706C1,4126D,,SCHEDULED,0,0.0
2026-08-16T06:46:04Z,4126D32802C3,4126D,,SCHEDULED,180,3.0
2026-08-16T06:46:04Z,4526D71705C1,4526D,,SCHEDULED,60,1.0
2026-08-16T06:46:04Z,4526D71707C1,4526D,,SCHEDULED,0,0.0
2026-08-16T06:46:04Z,4526D71704C1,4526D,,SCHEDULED,0,0.0
2026-08-16T06:46:04Z,4526D71702C1,4526D,,SCHEDULED,240,4.0
2026-08-16T06:46:04Z,7026D31548C1,7026D,,SCHEDULED,0,0.0
2026-08-16T06:46:04Z,7026D31509C1,7026D,,SCHEDULED,420,7.0
2026-08-16T06:46:04Z,1026D79956C8b,1026D,,SCHEDULED,540,9.0
2026-08-16T06:46:04Z,1026D79959C8b,1026D,,SCHEDULED,0,0.0
2026-08-16T06:46:04Z,1026D79958C8b,1026D,,SCHEDULED,300,5.0
2026-08-16T06:46:04Z,1026D76709C5,1026D,,SCHEDULED,60,1.0
2026-08-16T06:46:04Z,1026D76391C5,1026D,,SCHEDULED,480,8.0
2026-08-16T06:46:04Z,1026D76392C5,1026D,,SCHEDULED,180,3.0
2026-08-16T06:46:04Z,1026D76393C5,1026D,,SCHEDULED,0,0.0
2026-08-16T06:46:04Z,1026D76394C5,1026D,,SCHEDULED,120,2.0
2026-08-16T06:46:04Z,1026D27230C4a,1026D,,SCHEDULED,0,0.0
2026-08-16T06:46:04Z,1026D76395C5,1026D,,SCHEDULED,0,0.0
2026-08-16T06:46:04Z,1026D76396C5,1026D,,SCHEDULED,120,2.0
2026-08-16T06:46:04Z,1026D79423C2,1026D,,SCHEDULED,60,1.0
2026-08-16T06:46:04Z,1026D76398C5,1026D,,SCHEDULED,120,2.0
2026-08-16T06:46:04Z,1026D77007C5,1026D,,SCHEDULED,60,1.0
2026-08-16T06:46:04Z,1026D76711C5,1026D,,SCHEDULED,0,0.0
2026-08-16T06:46:04Z,1026D79429C2,1026D,,SCHEDULED,420,7.0
2026-08-16T06:46:04Z,1026D77008C5,1026D,,SCHEDULED,0,0.0
2026-08-16T06:46:04Z,1026D77009C5,1026D,,SCHEDULED,0,0.0
2026-08-16T06:46:04Z,1026D79708C10,1026D,,SCHEDULED,0,0.0
2026-08-16T06:46:04Z,1026D19820C1,1026D,,SCHEDULED,0,0.0
2026-08-16T06:46:04Z,1026D79612C10,1026D,,SCHEDULED,60,1.0
2026-08-16T06:46:04Z,1026D79614C10,1026D,,SCHEDULED,60,1.0
2026-08-16T06:46:04Z,1026D79616C10,1026D,,SCHEDULED,0,0.0
2026-08-16T06:46:04Z,1026D19827C1,1026D,,SCHEDULED,0,0.0
2026-08-16T06:46:04Z,1026D79246C7,1026D,,SCHEDULED,120,2.0
2026-08-16T06:46:04Z,1026D79521C2,1026D,,SCHEDULED,600,10.0
2026-08-16T06:46:04Z,1026D27014C3,1026D,,SCHEDULED,360,6.0
2026-08-16T06:46:04Z,1026D27015C3,1026D,,SCHEDULED,240,4.0
2026-08-16T06:46:04Z,1026D79525C2,1026D,,SCHEDULED,60,1.0
2026-08-16T06:46:04Z,1026D27013C3,1026D,,SCHEDULED,0,0.0
2026-08-16T06:46:04Z,1026D79527C2,1026D,,SCHEDULED,0,0.0
2026-08-16T06:46:04Z,1026D79809C8a,1026D,,SCHEDULED,120,2.0
2026-08-16T06:46:04Z,1026D27227C4a,1026D,,CANCELED,,
2026-08-16T06:46:04Z,1026D27228C4a,1026D,,SCHEDULED,0,0.0
2026-08-16T06:46:04Z,1026D27225C4a,1026D,,SCHEDULED,240,4.0
2026-08-16T06:46:04Z,1026D27226C4a,1026D,,SCHEDULED,0,0.0
2026-08-16T06:46:04Z,1026D27229C4a,1026D,,SCHEDULED,0,0.0
2026-08-16T06:46:04Z,1026D77010C5,1026D,,SCHEDULED,0,0.0
2026-08-16T06:46:04Z,1026D27220C4a,1026D,,CANCELED,,
2026-08-16T06:46:04Z,1026D79433C2,1026D,,SCHEDULED,0,0.0
2026-08-16T06:46:04Z,1026D79953C8b,1026D,,SCHEDULED,5940,99.0
2026-08-16T06:46:04Z,1026D27223C4a,1026D,,SCHEDULED,0,0.0
2026-08-16T06:46:04Z,1026D79710C10,1026D,,SCHEDULED,420,7.0
2026-08-16T06:46:04Z,1026D27224C4a,1026D,,SCHEDULED,300,5.0
2026-08-16T06:46:04Z,1026D27221C4a,1026D,,SCHEDULED,600,10.0
2026-08-16T06:46:04Z,1026D27222C4a,1026D,,SCHEDULED,360,6.0
2026-08-16T06:46:04Z,1026D79957C8b,1026D,,SCHEDULED,300,5.0
2026-08-16T06:46:04Z,1026D79250C7,1026D,,SCHEDULED,0,0.0
2026-08-16T06:46:04Z,1026D79251C7,1026D,,SCHEDULED,0,0.0
2026-08-16T06:46:04Z,1026D79254C7,1026D,,SCHEDULED,0,0.0
2026-08-16T06:46:04Z,1026D79253C7,1026D,,SCHEDULED,780,13.0
2026-08-16T06:46:04Z,1026D79531C2,1026D,,SCHEDULED,0,0.0
2026-08-16T06:46:04Z,1026D79257C7,1026D,,SCHEDULED,0,0.0
2026-08-16T06:46:04Z,1026D76387C5,1026D,,SCHEDULED,120,2.0
2026-08-16T06:46:04Z,1026D76389C5,1026D,,SCHEDULED,0,0.0
2026-08-16T06:46:04Z,1026D79811C8a,1026D,,SCHEDULED,120,2.0
2026-08-16T06:46:04Z,1026D76700C5,1026D,,SCHEDULED,0,0.0
2026-08-16T06:46:04Z,1026D79814C8a,1026D,,SCHEDULED,180,3.0
2026-08-16T06:46:04Z,1026D79816C8a,1026D,,SCHEDULED,0,0.0
2026-08-16T06:46:04Z,1026D76702C5,1026D,,SCHEDULED,0,0.0
2026-08-16T06:46:04Z,1026D79419C2,1026D,,SCHEDULED,1620,27.0
2026-08-16T06:46:04Z,1026D76704C5,1026D,,SCHEDULED,0,0.0
2026-08-16T06:46:04Z,1026D27018C3,1026D,,SCHEDULED,780,13.0
2026-08-16T06:46:04Z,1026D27019C3,1026D,,SCHEDULED,0,0.0
2026-08-16T06:46:04Z,1026D27016C3,1026D,,SCHEDULED,240,4.0
2026-08-16T06:46:04Z,1026D27017C3,1026D,,SCHEDULED,360,6.0
2026-08-16T06:46:04Z,1026D27418C4b,1026D,,SCHEDULED,180,3.0
2026-08-16T06:46:04Z,1026D79243C7,1026D,,SCHEDULED,300,5.0
2026-08-16T06:46:04Z,1026D27416C4b,1026D,,SCHEDULED,540,9.0
2026-08-16T06:46:04Z,1026D79242C7,1026D,,SCHEDULED,360,6.0
2026-08-16T06:46:04Z,1026D79247C7,1026D,,SCHEDULED,120,2.0
2026-08-16T06:46:04Z,1026D79110C7,1026D,,SCHEDULED,120,2.0
2026-08-16T06:46:04Z,1026D79113C7,1026D,,SCHEDULED,540,9.0
2026-08-16T06:46:04Z,1026D79112C7,1026D,,SCHEDULED,60,1.0
2026-08-16T06:46:04Z,1026D27020C3,1026D,,SCHEDULED,0,0.0
2026-08-16T06:46:04Z,1026D79114C7,1026D,,SCHEDULED,60,1.0
2026-08-16T06:46:04Z,1026D79238C7,1026D,,SCHEDULED,2100,35.0
2026-08-16T06:46:04Z,1026D76400C5,1026D,,SCHEDULED,0,0.0
2026-08-16T06:46:04Z,1026D27422C4b,1026D,,SCHEDULED,240,4.0
2026-08-16T06:46:04Z,1026D76402C5,1026D,,SCHEDULED,0,0.0
2026-08-16T06:46:04Z,1026D27420C4b,1026D,,SCHEDULED,60,1.0
2026-08-16T06:46:04Z,1026D79108C7,1026D,,SCHEDULED,3660,61.0
2026-08-16T06:46:04Z,1026D27431C4b,1026D,,SCHEDULED,0,0.0
2026-08-16T06:46:04Z,1026D79109C7,1026D,,SCHEDULED,3420,57.0
2026-08-16T06:46:04Z,1026D19829C1,1026D,,SCHEDULED,0,0.0
2026-08-16T06:46:04Z,1026D19822C1,1026D,,SCHEDULED,240,4.0
2026-08-16T06:46:04Z,1026D19825C1,1026D,,SCHEDULED,60,1.0
2026-08-16T06:46:04Z,1026D19824C1,1026D,,SCHEDULED,0,0.0
2026-08-16T06:46:04Z,1026D76213C5,1026D,,SCHEDULED,0,0.0
2026-08-16T06:46:04Z,1026D76214C5,1026D,,SCHEDULED,0,0.0
2026-08-16T06:46:04Z,1026D76215C5,1026D,,SCHEDULED,300,5.0
2026-08-16T06:46:04Z,1026D27425C4b,1026D,,SCHEDULED,240,4.0
2026-08-16T06:46:04Z,1026D27423C4b,1026D,,SCHEDULED,300,5.0
2026-08-16T06:46:04Z,1026D27429C4b,1026D,,SCHEDULED,300,5.0
2026-08-16T06:46:04Z,1026D27427C4b,1026D,,SCHEDULED,360,6.0
2026-08-16T06:46:04Z,1026D79111C7,1026D,,SCHEDULED,0,0.0
2026-08-16T06:51:04Z,3026D23709C5,3026D,,SCHEDULED,180,3.0
2026-08-16T06:51:04Z,3026D23520C1,3026D,,SCHEDULED,180,3.0
2026-08-16T06:51:04Z,3026D23103C3,3026D,,SCHEDULED,0,0.0
2026-08-16T06:51:04Z,3026D23611C4,3026D,,SCHEDULED,240,4.0
2026-08-16T06:51:04Z,3026D23613C4,3026D,,SCHEDULED,0,0.0
2026-08-16T06:51:04Z,3026D23513C1,3026D,,SCHEDULED,300,5.0
2026-08-16T06:51:04Z,3026D23514C1,3026D,,SCHEDULED,300,5.0
2026-08-16T06:51:04Z,3026D23525C1,3026D,,SCHEDULED,0,0.0
2026-08-16T06:51:04Z,3026D23516C1,3026D,,SCHEDULED,180,3.0
2026-08-16T06:51:04Z,3026D23519C1,3026D,,CANCELED,,
2026-08-16T06:51:04Z,3126D23425T1,3126D,,SCHEDULED,0,0.0
2026-08-16T06:51:04Z,3126D23208C1,3126D,,SCHEDULED,0,0.0
2026-08-16T06:51:04Z,3126D23427T1,3126D,,SCHEDULED,0,0.0
2026-08-16T06:51:04Z,3126D23428T1,3126D,,SCHEDULED,0,0.0
2026-08-16T06:51:04Z,3226D23154C2,3226D,,SCHEDULED,0,0.0
2026-08-16T06:51:04Z,3226D23314C1,3226D,,SCHEDULED,240,4.0
2026-08-16T06:51:04Z,3226D23319C1,3226D,,SCHEDULED,0,0.0
2026-08-16T06:51:04Z,4026D33720C6,4026D,,SCHEDULED,60,1.0
2026-08-16T06:51:04Z,4026D24309C6,4026D,,SCHEDULED,-240,-4.0
2026-08-16T06:51:04Z,4026D76603C3,4026D,,SCHEDULED,0,0.0
2026-08-16T06:51:04Z,4026D84024C2,4026D,,SCHEDULED,0,0.0
2026-08-16T06:51:04Z,4026D24208C1,4026D,,SCHEDULED,60,1.0
2026-08-16T06:51:04Z,4026D24020C2,4026D,,SCHEDULED,0,0.0
2026-08-16T06:51:04Z,4026D24023C2,4026D,,SCHEDULED,0,0.0
2026-08-16T06:51:04Z,4026D24306C6,4026D,,SCHEDULED,120,2.0
2026-08-16T06:51:04Z,4026D24292C1,4026D,,SCHEDULED,0,0.0
2026-08-16T06:51:04Z,4026D84026C2,4026D,,SCHEDULED,0,0.0
2026-08-16T06:51:04Z,4026D24210C1,4026D,,SCHEDULED,0,0.0
2026-08-16T06:51:04Z,4026D33451C6,4026D,,SCHEDULED,0,0.0
2026-08-16T06:51:04Z,4026D24311C6,4026D,,SCHEDULED,-60,-1.0
2026-08-16T06:51:04Z,4026D24211C1,4026D,,SCHEDULED,0,0.0
2026-08-16T06:51:04Z,4026D24310C6,4026D,,SCHEDULED,-120,-2.0
2026-08-16T06:51:04Z,4026D24015C2,4026D,,SCHEDULED,-120,-2.0
2026-08-16T06:51:04Z,4026D24016C2,4026D,,SCHEDULED,240,4.0
2026-08-16T06:51:04Z,4026D24215C1,4026D,,SCHEDULED,0,0.0
2026-08-16T06:51:04Z,4026D24019C2,4026D,,SCHEDULED,60,1.0
2026-08-16T06:51:04Z,5126D25806R1,5126D,,SCHEDULED,60,1.0
2026-08-16T06:51:04Z,5126D25805R1,5126D,,SCHEDULED,0,0.0
2026-08-16T06:51:04Z,5126D15040R13,5126D,,SCHEDULED,2280,38.0
2026-08-16T06:51:04Z,5126D15003R15,5126D,,SCHEDULED,180,3.0
2026-08-16T06:51:04Z,5126D28275R2S,5126D,,SCHEDULED,180,3.0
2026-08-16T06:51:04Z,5126D28276R2S,5126D,,SCHEDULED,120,2.0
2026-08-16T06:51:04Z,5126D77518R4,5126D,,SCHEDULED,-60,-1.0
2026-08-16T06:51:04Z,5126D30531R15,5126D,,SCHEDULED,60,1.0
2026-08-16T06:51:04Z,5126D35535R3,5126D,,SCHEDULED,0,0.0
2026-08-16T06:51:04Z,5126D28273R2S,5126D,,SCHEDULED,0,0.0
2026-08-16T06:51:04Z,5126D28274R2S,5126D,,SCHEDULED,360,6.0
2026-08-16T06:51:04Z,5126D77410R4,5126D,,SCHEDULED,1020,17.0
2026-08-16T06:51:04Z,5126D77412R4,5126D,,SCHEDULED,-60,-1.0
2026-08-16T06:51:04Z,5126D25718R1,5126D,,SCHEDULED,300,5.0
2026-08-16T06:51:04Z,5126D28277R2S,5126D,,SCHEDULED,0,0.0
2026-08-16T06:51:04Z,5126D77612R4,5126D,,SCHEDULED,0,0.0
2026-08-16T06:51:04Z,5126D25510R2S,5126D,,SCHEDULED,360,6.0
2026-08-16T06:51:04Z,5126D77614R4,5126D,,SCHEDULED,0,0.0
2026-08-16T06:51:04Z,5126D25613R1,5126D,,SCHEDULED,0,0.0
2026-08-16T06:51:04Z,5126D25615R1,5126D,,SCHEDULED,60,1.0
2026-08-16T06:51:04Z,5126D35525R3,5126D,,SCHEDULED,1080,18.0
2026-08-16T06:51:04Z,5126D35531R3,5126D,,SCHEDULED,-120,-2.0
2026-08-16T06:51:04Z,5126D25511R2S,5126D,,SCHEDULED,120,2.0
2026-08-16T06:51:04Z,5126D35523R3,5126D,,SCHEDULED,420,7.0
2026-08-16T06:51:04Z,5126D35520R3,5126D,,SCHEDULED,360,6.0
2026-08-16T06:51:04Z,5126D25513R2S,5126D,,SCHEDULED,0,0.0
2026-08-16T06:51:04Z,5126D77408R4,5126D,,SCHEDULED,120,2.0
2026-08-16T06:51:04Z,5126D77500R4,5126D,,SCHEDULED,1260,21.0
2026-08-16T06:51:04Z,5126D15800R11,5126D,,SCHEDULED,60,1.0
2026-08-16T06:51:04Z,5126D78636R8,5126D,,SCHEDULED,120,2.0
2026-08-16T06:51:04Z,5126D33533RL4,5126D,,SCHEDULED,180,3.0
2026-08-16T06:51:04Z,5126D25617R1,5126D,,SCHEDULED,60,1.0
2026-08-16T06:51:04Z,5126D33532RL4,5126D,,SCHEDULED,240,4.0
2026-08-16T06:51:04Z,5126D25616R1,5126D,,SCHEDULED,-60,-1.0
2026-08-16T06:51:04Z,5126D18123R16,5126D,,SCHEDULED,360,6.0
2026-08-16T06:51:04Z,5126D25408R2N,5126D,,SCHEDULED,240,4.0
2026-08-16T06:51:04Z,5126D25803R1,5126D,,SCHEDULED,0,0.0
2026-08-16T06:51:04Z,5126D25410R2N,5126D,,SCHEDULED,360,6.0
2026-08-16T06:51:04Z,5126D25611R1,5126D,,SCHEDULED,300,5.0
2026-08-16T06:51:04Z,5126D25506R2S,5126D,,SCHEDULED,1080,18.0
2026-08-16T06:51:04Z,5126D25509R2S,5126D,,SCHEDULED,180,3.0
2026-08-16T06:51:04Z,5126D25508R2S,5126D,,SCHEDULED,300,5.0
2026-08-16T06:51:04Z,5126D18054R16,5126D,,SCHEDULED,180,3.0
2026-08-16T06:51:04Z,5126D25620R1,5126D,,SCHEDULED,120,2.0
2026-08-16T06:51:04Z,5126D28416R2N,5126D,,SCHEDULED,60,1.0
2026-08-16T06:51:04Z,5126D28414R2N,5126D,,SCHEDULED,180,3.0
2026-08-16T06:51:04Z,5126D25624R1,5126D,,SCHEDULED,300,5.0
2026-08-16T06:51:04Z,5126D15906R11,5126D,,SCHEDULED,240,4.0
2026-08-16T06:51:04Z,5126D28412R2N,5126D,,SCHEDULED,180,3.0
2026-08-16T06:51:04Z,5126D78604R8,5126D,,SCHEDULED,60,1.0
2026-08-16T06:51:04Z,5126D77712R4,5126D,,SCHEDULED,60,1.0
2026-08-16T06:51:04Z,5126D77514R4,5126D,,SCHEDULED,-60,-1.0
2026-08-16T06:51:04Z,5126D77516R4,5126D,,SCHEDULED,0,0.0
2026-08-16T06:51:04Z,5126D77714R4,5126D,,SCHEDULED,60,1.0
2026-08-16T06:51:04Z,6026D26517C3,6026D,,SCHEDULED,0,0.0
2026-08-16T06:51:04Z,6026D29517C2,6026D,,SCHEDULED,0,0.0
2026-08-16T06:51:04Z,6026D29616C1,6026D,,SCHEDULED,0,0.0
2026-08-16T06:51:04Z,6026D26516C3,6026D,,SCHEDULED,0,0.0
2026-08-16T06:51:04Z,6026D29512C2,6026D,,SCHEDULED,60,1.0
2026-08-16T06:51:04Z,6026D71508C4,6026D,,SCHEDULED,0,0.0
2026-08-16T06:51:04Z,6026D29514C2,6026D,,SCHEDULED,0,0.0
2026-08-16T06:51:04Z,6026D26513C3,6026D,,SCHEDULED,0,0.0
2026-08-16T06:51:04Z,6026D29619C1,6026D,,SCHEDULED,120,2.0
2026-08-16T06:51:04Z,6026D26515C3,6026D,,SCHEDULED,60,1.0
2026-08-16T06:51:04Z,6026D71870C5,6026D,,SCHEDULED,120,2.0
2026-08-16T06:51:04Z,6026D29515C2,6026D,,SCHEDULED,60,1.0
2026-08-16T06:51:04Z,6126D81708C1,6126D,,SCHEDULED,0,0.0
2026-08-16T06:51:04Z,6126D32704C1,6126D,,SCHEDULED,60,1.0
2026-08-16T06:51:04Z,6126D32705C1,6126D,,SCHEDULED,0,0.0
2026-08-16T06:51:04Z,6226D71352C3,6226D,,SCHEDULED,0,0.0
2026-08-16T06:51:04Z,6226D71155C2,6226D,,SCHEDULED,60,1.0
2026-08-16T06:51:04Z,6226D26913C1,6226D,,SCHEDULED,0,0.0
2026-08-16T06:51:04Z,6226D82354C3,6226D,,SCHEDULED,0,0.0
2026-08-16T06:51:04Z,6226D71156C2,6226D,,SCHEDULED,240,4.0
2026-08-16T06:51:04Z,6226D71158C2,6226D,,SCHEDULED,0,0.0
2026-08-16T06:51:04Z,6226D71157C2,6226D,,SCHEDULED,0,0.0
2026-08-16T06:51:04Z,6226D35918C1,6226D,,SCHEDULED,480,8.0
2026-08-16T06:51:04Z,4626D71811C1,4626D,,SCHEDULED,300,5.0
2026-08-16T06:51:04Z,4726D71090C1,4726D,,SCHEDULED,900,15.0
2026-08-16T06:51:04Z,4726D71081C1,4726D,,SCHEDULED,840,14.0
2026-08-16T06:51:04Z,2026D22315C3,2026D,,SCHEDULED,180,3.0
2026-08-16T06:51:04Z,2026D70301C4,2026D,,SCHEDULED,780,13.0
2026-08-16T06:51:04Z,2026D70510C7,2026D,,SCHEDULED,60,1.0
2026-08-16T06:51:04Z,2026D22011C1,2026D,,SCHEDULED,300,5.0
2026-08-16T06:51:04Z,2026D70509C7,2026D,,SCHEDULED,660,11.0
2026-08-16T06:51:04Z,2026D70905C8,2026D,,SCHEDULED,300,5.0
2026-08-16T06:51:04Z,2026D70904C8,2026D,,SCHEDULED,4380,73.0
2026-08-16T06:51:04Z,2026D22312C3,2026D,,SCHEDULED,60,1.0
2026-08-16T06:51:04Z,2026D70807C6,2026D,,SCHEDULED,0,0.0
2026-08-16T06:51:04Z,2026D70906C8,2026D,,SCHEDULED,60,1.0
2026-08-16T06:51:04Z,2026D70207C4,2026D,,SCHEDULED,0,0.0
2026-08-16T06:51:04Z,2026D22007C1,2026D,,SCHEDULED,180,3.0
2026-08-16T06:51:04Z,2026D70306C4,2026D,,SCHEDULED,1680,28.0
2026-08-16T06:51:04Z,2026D22106C1,2026D,,SCHEDULED,180,3.0
2026-08-16T06:51:04Z,2026D70405C5,2026D,,SCHEDULED,60,1.0
2026-08-16T06:51:04Z,2026D70407C5,2026D,,SCHEDULED,480,8.0
2026-08-16T06:51:04Z,2026D70208C4,2026D,,SCHEDULED,2220,37.0
2026-08-16T06:51:04Z,2026D70303C4,2026D,,SCHEDULED,0,0.0
2026-08-16T06:51:04Z,2026D22207C2,2026D,,SCHEDULED,0,0.0
2026-08-16T06:51:04Z,2026D70852C6,2026D,,SCHEDULED,480,8.0
2026-08-16T06:51:04Z,2026D70855C6,2026D,,SCHEDULED,420,7.0
2026-08-16T06:51:04Z,2026D22208C2,2026D,,SCHEDULED,240,4.0
2026-08-16T06:51:04Z,2026D70406C5,2026D,,SCHEDULED,180,3.0
2026-08-16T06:51:04Z,4126D84906C2,4126D,,SCHEDULED,0,0.0
2026-08-16T06:51:04Z,4126D84902C2,4126D,,SCHEDULED,5400,90.0
2026-08-16T06:51:04Z,4126D24751C1,4126D,,SCHEDULED,1740,29.0
2026-08-16T06:51:04Z,4126D24706C1,4126D,,SCHEDULED,0,0.0
2026-08-16T06:51:04Z,4126D84910C2,4126D,,SCHEDULED,0,0.0
2026-08-16T06:51:04Z,4526D71705C1,4526D,,SCHEDULED,0,0.0
2026-08-16T06:51:04Z,4526D71707C1,4526D,,SCHEDULED,0,0.0
2026-08-16T06:51:04Z,4526D71704C1,4526D,,SCHEDULED,0,0.0
2026-08-16T06:51:04Z,4526D71702C1,4526D,,SCHEDULED,120,2.0
2026-08-16T06:51:04Z,7026D31548C1,7026D,,SCHEDULED,0,0.0
2026-08-16T06:51:04Z,7026D31509C1,7026D,,SCHEDULED,0,0.0
2026-08-16T06:51:04Z,1026D79115C7,1026D,,SCHEDULED,0,0.0
2026-08-16T06:51:04Z,1026D27020C3,1026D,,SCHEDULED,0,0.0
2026-08-16T06:51:04Z,1026D79433C2,1026D,,SCHEDULED,0,0.0
2026-08-16T06:51:04Z,1026D79114C7,1026D,,SCHEDULED,360,6.0
2026-08-16T06:51:04Z,1026D79238C7,1026D,,SCHEDULED,2400,40.0
2026-08-16T06:51:04Z,1026D27223C4a,1026D,,SCHEDULED,60,1.0
2026-08-16T06:51:04Z,1026D76400C5,1026D,,SCHEDULED,0,0.0
2026-08-16T06:51:04Z,1026D27422C4b,1026D,,SCHEDULED,540,9.0
2026-08-16T06:51:04Z,1026D79710C10,1026D,,SCHEDULED,720,12.0
2026-08-16T06:51:04Z,1026D27224C4a,1026D,,SCHEDULED,240,4.0
2026-08-16T06:51:04Z,1026D27221C4a,1026D,,SCHEDULED,600,10.0
2026-08-16T06:51:04Z,1026D76402C5,1026D,,SCHEDULED,0,0.0
2026-08-16T06:51:04Z,1026D27424C4b,1026D,,SCHEDULED,0,0.0
2026-08-16T06:51:04Z,1026D27226C4a,1026D,,SCHEDULED,0,0.0
2026-08-16T06:51:04Z,1026D27429C4b,1026D,,SCHEDULED,600,10.0
2026-08-16T06:51:04Z,1026D27229C4a,1026D,,SCHEDULED,0,0.0
2026-08-16T06:51:04Z,1026D27427C4b,1026D,,SCHEDULED,480,8.0
2026-08-16T06:51:04Z,1026D79111C7,1026D,,SCHEDULED,60,1.0
2026-08-16T06:51:04Z,1026D77010C5,1026D,,SCHEDULED,0,0.0
2026-08-16T06:51:04Z,1026D79110C7,1026D,,SCHEDULED,0,0.0
2026-08-16T06:51:04Z,1026D77011C5,1026D,,SCHEDULED,0,0.0
2026-08-16T06:51:04Z,1026D79113C7,1026D,,SCHEDULED,60,1.0
2026-08-16T06:51:04Z,1026D27220C4a,1026D,,CANCELED,,
2026-08-16T06:51:04Z,1026D79112C7,1026D,,SCHEDULED,60,1.0
2026-08-16T06:51:04Z,1026D76395C5,1026D,,SCHEDULED,0,0.0
2026-08-16T06:51:04Z,1026D76396C5,1026D,,SCHEDULED,0,0.0
2026-08-16T06:51:04Z,1026D76397C5,1026D,,SCHEDULED,0,0.0
2026-08-16T06:51:04Z,1026D79423C2,1026D,,SCHEDULED,180,3.0
2026-08-16T06:51:04Z,1026D76398C5,1026D,,SCHEDULED,420,7.0
2026-08-16T06:51:04Z,1026D79108C7,1026D,,SCHEDULED,3960,66.0
2026-08-16T06:51:04Z,1026D27431C4b,1026D,,SCHEDULED,0,0.0
2026-08-16T06:51:04Z,1026D76711C5,1026D,,SCHEDULED,0,0.0
2026-08-16T06:51:04Z,1026D79429C2,1026D,,SCHEDULED,480,8.0
2026-08-16T06:51:04Z,1026D77008C5,1026D,,SCHEDULED,300,5.0
2026-08-16T06:51:04Z,1026D79109C7,1026D,,SCHEDULED,3720,62.0
2026-08-16T06:51:04Z,1026D77009C5,1026D,,SCHEDULED,0,0.0
2026-08-16T06:51:04Z,1026D27420C4b,1026D,,SCHEDULED,120,2.0
2026-08-16T06:51:04Z,1026D27222C4a,1026D,,SCHEDULED,480,8.0
2026-08-16T06:51:04Z,1026D79957C8b,1026D,,SCHEDULED,0,0.0
2026-08-16T06:51:04Z,1026D79956C8b,1026D,,SCHEDULED,360,6.0
2026-08-16T06:51:04Z,1026D79959C8b,1026D,,SCHEDULED,0,0.0
2026-08-16T06:51:04Z,1026D79958C8b,1026D,,SCHEDULED,60,1.0
2026-08-16T06:51:04Z,1026D76709C5,1026D,,SCHEDULED,60,1.0
2026-08-16T06:51:04Z,1026D79261C7,1026D,,SCHEDULED,0,0.0
2026-08-16T06:51:04Z,1026D76391C5,1026D,,SCHEDULED,60,1.0
2026-08-16T06:51:04Z,1026D76393C5,1026D,,SCHEDULED,120,2.0
2026-08-16T06:51:04Z,1026D76394C5,1026D,,SCHEDULED,120,2.0
2026-08-16T06:51:04Z,1026D27230C4a,1026D,,SCHEDULED,0,0.0
2026-08-16T06:51:04Z,1026D19824C1,1026D,,SCHEDULED,0,0.0
2026-08-16T06:51:04Z,1026D27018C3,1026D,,SCHEDULED,60,1.0
2026-08-16T06:51:04Z,1026D27019C3,1026D,,SCHEDULED,0,0.0
2026-08-16T06:51:04Z,1026D27016C3,1026D,,SCHEDULED,180,3.0
2026-08-16T06:51:04Z,1026D27017C3,1026D,,SCHEDULED,300,5.0
2026-08-16T06:51:04Z,1026D27418C4b,1026D,,SCHEDULED,240,4.0
2026-08-16T06:51:04Z,1026D27416C4b,1026D,,SCHEDULED,840,14.0
2026-08-16T06:51:04Z,1026D79242C7,1026D,,SCHEDULED,420,7.0
2026-08-16T06:51:04Z,1026D79521C2,1026D,,SCHEDULED,360,6.0
2026-08-16T06:51:04Z,1026D27014C3,1026D,,SCHEDULED,120,2.0
2026-08-16T06:51:04Z,1026D76213C5,1026D,,SCHEDULED,60,1.0
2026-08-16T06:51:04Z,1026D76214C5,1026D,,SCHEDULED,0,0.0
2026-08-16T06:51:04Z,1026D76215C5,1026D,,SCHEDULED,300,5.0
2026-08-16T06:51:04Z,1026D79525C2,1026D,,SCHEDULED,360,6.0
2026-08-16T06:51:04Z,1026D27013C3,1026D,,SCHEDULED,480,8.0
2026-08-16T06:51:04Z,1026D79527C2,1026D,,SCHEDULED,120,2.0
2026-08-16T06:51:04Z,1026D27227C4a,1026D,,CANCELED,,
2026-08-16T06:51:04Z,1026D27425C4b,1026D,,SCHEDULED,0,0.0
2026-08-16T06:51:04Z,1026D27228C4a,1026D,,SCHEDULED,0,0.0
2026-08-16T06:51:04Z,1026D27423C4b,1026D,,SCHEDULED,120,2.0
2026-08-16T06:51:04Z,1026D79250C7,1026D,,SCHEDULED,0,0.0
2026-08-16T06:51:04Z,1026D79251C7,1026D,,SCHEDULED,120,2.0
2026-08-16T06:51:04Z,1026D79254C7,1026D,,SCHEDULED,0,0.0
2026-08-16T06:51:04Z,1026D79253C7,1026D,,SCHEDULED,1080,18.0
2026-08-16T06:51:04Z,1026D79531C2,1026D,,SCHEDULED,0,0.0
2026-08-16T06:51:04Z,1026D79257C7,1026D,,SCHEDULED,0,0.0
2026-08-16T06:51:04Z,1026D76387C5,1026D,,SCHEDULED,180,3.0
2026-08-16T06:51:04Z,1026D79612C10,1026D,,SCHEDULED,60,1.0
2026-08-16T06:51:04Z,1026D76389C5,1026D,,SCHEDULED,0,0.0
2026-08-16T06:51:04Z,1026D79614C10,1026D,,SCHEDULED,60,1.0
2026-08-16T06:51:04Z,1026D79811C8a,1026D,,SCHEDULED,60,1.0
2026-08-16T06:51:04Z,1026D79616C10,1026D,,SCHEDULED,0,0.0
2026-08-16T06:51:04Z,1026D19827C1,1026D,,SCHEDULED,0,0.0
2026-08-16T06:51:04Z,1026D76700C5,1026D,,SCHEDULED,60,1.0
2026-08-16T06:51:04Z,1026D79814C8a,1026D,,SCHEDULED,480,8.0
2026-08-16T06:51:04Z,1026D19826C1,1026D,,SCHEDULED,0,0.0
2026-08-16T06:51:04Z,1026D19829C1,1026D,,SCHEDULED,0,0.0
2026-08-16T06:51:04Z,1026D76702C5,1026D,,SCHEDULED,120,2.0
2026-08-16T06:51:04Z,1026D79816C8a,1026D,,SCHEDULED,60,1.0
2026-08-16T06:51:04Z,1026D79419C2,1026D,,SCHEDULED,1680,28.0
2026-08-16T06:51:04Z,1026D76704C5,1026D,,SCHEDULED,0,0.0
2026-08-16T06:51:04Z,1026D19822C1,1026D,,SCHEDULED,540,9.0
2026-08-16T06:55:56Z,3026D23709C5,3026D,,SCHEDULED,240,4.0
2026-08-16T06:55:56Z,3026D23520C1,3026D,,SCHEDULED,180,3.0
2026-08-16T06:55:56Z,3026D23103C3,3026D,,SCHEDULED,0,0.0
2026-08-16T06:55:56Z,3026D23613C4,3026D,,SCHEDULED,0,0.0
2026-08-16T06:55:56Z,3026D23514C1,3026D,,SCHEDULED,300,5.0
2026-08-16T06:55:56Z,3026D23513C1,3026D,,SCHEDULED,300,5.0
2026-08-16T06:55:56Z,3026D23519C1,3026D,,CANCELED,,
2026-08-16T06:55:56Z,3026D23525C1,3026D,,SCHEDULED,0,0.0
2026-08-16T06:55:56Z,3126D23425T1,3126D,,SCHEDULED,0,0.0
2026-08-16T06:55:56Z,3126D23208C1,3126D,,SCHEDULED,0,0.0
2026-08-16T06:55:56Z,3126D23427T1,3126D,,SCHEDULED,0,0.0
2026-08-16T06:55:56Z,3126D23428T1,3126D,,SCHEDULED,0,0.0
2026-08-16T06:55:56Z,3226D23154C2,3226D,,SCHEDULED,60,1.0
2026-08-16T06:55:56Z,3226D23321C1,3226D,,SCHEDULED,0,0.0
2026-08-16T06:55:56Z,3226D23314C1,3226D,,SCHEDULED,240,4.0
2026-08-16T06:55:56Z,3226D23319C1,3226D,,SCHEDULED,0,0.0
2026-08-16T06:55:56Z,4026D33451C6,4026D,,SCHEDULED,0,0.0
2026-08-16T06:55:56Z,4026D84024C2,4026D,,SCHEDULED,60,1.0
2026-08-16T06:55:56Z,4026D33720C6,4026D,,SCHEDULED,-60,-1.0
2026-08-16T06:55:56Z,4026D24309C6,4026D,,SCHEDULED,-240,-4.0
2026-08-16T06:55:56Z,4026D24023C2,4026D,,SCHEDULED,0,0.0
2026-08-16T06:55:56Z,4026D24292C1,4026D,,SCHEDULED,0,0.0
2026-08-16T06:55:56Z,4026D84026C2,4026D,,SCHEDULED,0,0.0
2026-08-16T06:55:56Z,4026D24210C1,4026D,,SCHEDULED,0,0.0
2026-08-16T06:55:56Z,4026D24311C6,4026D,,SCHEDULED,60,1.0
2026-08-16T06:55:56Z,4026D24211C1,4026D,,SCHEDULED,60,1.0
2026-08-16T06:55:56Z,4026D24310C6,4026D,,SCHEDULED,-60,-1.0
2026-08-16T06:55:56Z,4026D24015C2,4026D,,SCHEDULED,-120,-2.0
2026-08-16T06:55:56Z,4026D24016C2,4026D,,SCHEDULED,240,4.0
2026-08-16T06:55:56Z,4026D24215C1,4026D,,SCHEDULED,-60,-1.0
2026-08-16T06:55:56Z,4026D24019C2,4026D,,SCHEDULED,-60,-1.0
2026-08-16T06:55:56Z,5126D28273R2S,5126D,,SCHEDULED,60,1.0
2026-08-16T06:55:56Z,5126D28274R2S,5126D,,SCHEDULED,180,3.0
2026-08-16T06:55:56Z,5126D77410R4,5126D,,SCHEDULED,1200,20.0
2026-08-16T06:55:56Z,5126D77412R4,5126D,,SCHEDULED,2100,35.0
2026-08-16T06:55:56Z,5126D28277R2S,5126D,,SCHEDULED,0,0.0
2026-08-16T06:55:56Z,5126D77518R4,5126D,,SCHEDULED,60,1.0
2026-08-16T06:55:56Z,5126D28278R2S,5126D,,SCHEDULED,0,0.0
2026-08-16T06:55:56Z,5126D30531R15,5126D,,SCHEDULED,60,1.0
2026-08-16T06:55:56Z,5126D77414R4,5126D,,SCHEDULED,-60,-1.0
2026-08-16T06:55:56Z,5126D77612R4,5126D,,SCHEDULED,0,0.0
2026-08-16T06:55:56Z,5126D77614R4,5126D,,SCHEDULED,0,0.0
2026-08-16T06:55:56Z,5126D77416R4,5126D,,SCHEDULED,0,0.0
2026-08-16T06:55:56Z,5126D25718R1,5126D,,SCHEDULED,60,1.0
2026-08-16T06:55:56Z,5126D25613R1,5126D,,SCHEDULED,120,2.0
2026-08-16T06:55:56Z,5126D15034R15,5126D,,SCHEDULED,0,0.0
2026-08-16T06:55:56Z,5126D25414R2N,5126D,,SCHEDULED,0,0.0
2026-08-16T06:55:56Z,5126D25615R1,5126D,,SCHEDULED,0,0.0
2026-08-16T06:55:56Z,5126D25510R2S,5126D,,SCHEDULED,240,4.0
2026-08-16T06:55:56Z,5126D35525R3,5126D,,SCHEDULED,1080,18.0
2026-08-16T06:55:56Z,5126D77322R3,5126D,,SCHEDULED,1560,26.0
2026-08-16T06:55:56Z,5126D35523R3,5126D,,SCHEDULED,420,7.0
2026-08-16T06:55:56Z,5126D35520R3,5126D,,SCHEDULED,480,8.0
2026-08-16T06:55:56Z,5126D35531R3,5126D,,SCHEDULED,60,1.0
2026-08-16T06:55:56Z,5126D25511R2S,5126D,,SCHEDULED,60,1.0
2026-08-16T06:55:56Z,5126D15776R11,5126D,,SCHEDULED,180,3.0
2026-08-16T06:55:56Z,5126D25513R2S,5126D,,SCHEDULED,240,4.0
2026-08-16T06:55:56Z,5126D77408R4,5126D,,SCHEDULED,240,4.0
2026-08-16T06:55:56Z,5126D77500R4,5126D,,SCHEDULED,1020,17.0
2026-08-16T06:55:56Z,5126D15800R11,5126D,,SCHEDULED,60,1.0
2026-08-16T06:55:56Z,5126D25617R1,5126D,,SCHEDULED,-60,-1.0
2026-08-16T06:55:56Z,5126D78636R8,5126D,,SCHEDULED,120,2.0
2026-08-16T06:55:56Z,5126D33533RL4,5126D,,SCHEDULED,180,3.0
2026-08-16T06:55:56Z,5126D33532RL4,5126D,,SCHEDULED,240,4.0
2026-08-16T06:55:56Z,5126D18123R16,5126D,,SCHEDULED,360,6.0
2026-08-16T06:55:56Z,5126D25408R2N,5126D,,SCHEDULED,60,1.0
2026-08-16T06:55:56Z,5126D25410R2N,5126D,,SCHEDULED,420,7.0
2026-08-16T06:55:56Z,5126D25611R1,5126D,,SCHEDULED,420,7.0
2026-08-16T06:55:56Z,5126D25628R1,5126D,,SCHEDULED,60,1.0
2026-08-16T06:55:56Z,5126D25506R2S,5126D,,SCHEDULED,1080,18.0
2026-08-16T06:55:56Z,5126D25806R1,5126D,,SCHEDULED,240,4.0
2026-08-16T06:55:56Z,5126D25509R2S,5126D,,SCHEDULED,180,3.0
2026-08-16T06:55:56Z,5126D25620R1,5126D,,SCHEDULED,120,2.0
2026-08-16T06:55:56Z,5126D15041R13,5126D,,SCHEDULED,1320,22.0
2026-08-16T06:55:56Z,5126D25805R1,5126D,,SCHEDULED,60,1.0
2026-08-16T06:55:56Z,5126D28416R2N,5126D,,SCHEDULED,0,0.0
2026-08-16T06:55:56Z,5126D28414R2N,5126D,,SCHEDULED,120,2.0
2026-08-16T06:55:56Z,5126D25624R1,5126D,,SCHEDULED,300,5.0
2026-08-16T06:55:56Z,5126D15003R15,5126D,,SCHEDULED,240,4.0
2026-08-16T06:55:56Z,5126D28275R2S,5126D,,SCHEDULED,240,4.0
2026-08-16T06:55:56Z,5126D28412R2N,5126D,,SCHEDULED,240,4.0
2026-08-16T06:55:56Z,5126D28276R2S,5126D,,SCHEDULED,240,4.0
2026-08-16T06:55:56Z,5126D35535R3,5126D,,SCHEDULED,0,0.0
2026-08-16T06:55:56Z,5126D78604R8,5126D,,SCHEDULED,-60,-1.0
2026-08-16T06:55:56Z,5126D77712R4,5126D,,SCHEDULED,-60,-1.0
2026-08-16T06:55:56Z,5126D77514R4,5126D,,SCHEDULED,60,1.0
2026-08-16T06:55:56Z,5126D77516R4,5126D,,SCHEDULED,60,1.0
2026-08-16T06:55:56Z,5126D77714R4,5126D,,SCHEDULED,120,2.0
2026-08-16T06:55:56Z,6026D26514C3,6026D,,SCHEDULED,0,0.0
2026-08-16T06:55:56Z,6026D26517C3,6026D,,SCHEDULED,0,0.0
2026-08-16T06:55:56Z,6026D29514C2,6026D,,SCHEDULED,60,1.0
2026-08-16T06:55:56Z,6026D26513C3,6026D,,SCHEDULED,60,1.0
2026-08-16T06:55:56Z,6026D29517C2,6026D,,SCHEDULED,0,0.0
2026-08-16T06:55:56Z,6026D29619C1,6026D,,SCHEDULED,120,2.0
2026-08-16T06:55:56Z,6026D29616C1,6026D,,SCHEDULED,60,1.0
2026-08-16T06:55:56Z,6026D71870C5,6026D,,SCHEDULED,240,4.0
2026-08-16T06:55:56Z,6026D26516C3,6026D,,SCHEDULED,-60,-1.0
2026-08-16T06:55:56Z,6026D29515C2,6026D,,SCHEDULED,120,2.0
2026-08-16T06:55:56Z,6026D29512C2,6026D,,SCHEDULED,120,2.0
2026-08-16T06:55:56Z,6026D71508C4,6026D,,SCHEDULED,-60,-1.0
2026-08-16T06:55:56Z,6126D32707C1,6126D,,SCHEDULED,0,0.0
2026-08-16T06:55:56Z,6126D81708C1,6126D,,SCHEDULED,0,0.0
2026-08-16T06:55:56Z,6126D32704C1,6126D,,SCHEDULED,180,3.0
2026-08-16T06:55:56Z,6126D32705C1,6126D,,SCHEDULED,0,0.0
2026-08-16T06:55:56Z,6226D71352C3,6226D,,SCHEDULED,0,0.0
2026-08-16T06:55:56Z,6226D71156C2,6226D,,SCHEDULED,180,3.0
2026-08-16T06:55:56Z,6226D71155C2,6226D,,SCHEDULED,180,3.0
2026-08-16T06:55:56Z,6226D71157C2,6226D,,SCHEDULED,0,0.0
2026-08-16T06:55:56Z,6226D26913C1,6226D,,SCHEDULED,60,1.0
2026-08-16T06:55:56Z,6226D82354C3,6226D,,SCHEDULED,0,0.0
2026-08-16T06:55:56Z,6226D35918C1,6226D,,SCHEDULED,420,7.0
2026-08-16T06:55:56Z,4626D71800C1,4626D,,SCHEDULED,720,12.0
2026-08-16T06:55:56Z,4626D71811C1,4626D,,SCHEDULED,180,3.0
2026-08-16T06:55:56Z,4726D71081C1,4726D,,SCHEDULED,840,14.0
2026-08-16T06:55:56Z,2026D70406C5,2026D,,SCHEDULED,120,2.0
2026-08-16T06:55:56Z,2026D70207C4,2026D,,SCHEDULED,0,0.0
2026-08-16T06:55:56Z,2026D70405C5,2026D,,SCHEDULED,120,2.0
2026-08-16T06:55:56Z,2026D70306C4,2026D,,SCHEDULED,1680,28.0
2026-08-16T06:55:56Z,2026D70308C4,2026D,,SCHEDULED,0,0.0
2026-08-16T06:55:56Z,2026D70407C5,2026D,,SCHEDULED,780,13.0
2026-08-16T06:55:56Z,2026D70301C4,2026D,,SCHEDULED,840,14.0
2026-08-16T06:55:56Z,2026D70303C4,2026D,,SCHEDULED,60,1.0
2026-08-16T06:55:56Z,2026D22207C2,2026D,,SCHEDULED,60,1.0
2026-08-16T06:55:56Z,2026D22208C2,2026D,,SCHEDULED,60,1.0
2026-08-16T06:55:56Z,2026D70905C8,2026D,,SCHEDULED,0,0.0
2026-08-16T06:55:56Z,2026D70509C7,2026D,,SCHEDULED,540,9.0
2026-08-16T06:55:56Z,2026D70904C8,2026D,,SCHEDULED,4680,78.0
2026-08-16T06:55:56Z,2026D70807C6,2026D,,SCHEDULED,0,0.0
2026-08-16T06:55:56Z,2026D70906C8,2026D,,SCHEDULED,300,5.0
2026-08-16T06:55:56Z,2026D70802C6,2026D,,SCHEDULED,120,2.0
2026-08-16T06:55:56Z,2026D70208C4,2026D,,SCHEDULED,2520,42.0
2026-08-16T06:55:56Z,2026D70852C6,2026D,,SCHEDULED,600,10.0
2026-08-16T06:55:56Z,2026D70855C6,2026D,,SCHEDULED,720,12.0
2026-08-16T06:55:56Z,2026D70510C7,2026D,,SCHEDULED,180,3.0
2026-08-16T06:55:56Z,2026D22011C1,2026D,,SCHEDULED,600,10.0
2026-08-16T06:55:56Z,2026D22312C3,2026D,,SCHEDULED,240,4.0
2026-08-16T06:55:56Z,2026D22315C3,2026D,,SCHEDULED,120,2.0
2026-08-16T06:55:56Z,4126D24751C1,4126D,,SCHEDULED,2040,34.0
2026-08-16T06:55:56Z,SPECIAL_41_94485C1,SPECI,,CANCELED,,
2026-08-16T06:55:56Z,4126D84906C2,4126D,,SCHEDULED,0,0.0
2026-08-16T06:55:56Z,4126D84910C2,4126D,,SCHEDULED,0,0.0
2026-08-16T06:55:56Z,4126D84902C2,4126D,,SCHEDULED,5700,95.0
2026-08-16T06:55:56Z,4126D24706C1,4126D,,SCHEDULED,0,0.0
2026-08-16T06:55:56Z,4526D71704C1,4526D,,SCHEDULED,120,2.0
2026-08-16T06:55:56Z,4526D71707C1,4526D,,SCHEDULED,0,0.0
2026-08-16T06:55:56Z,7026D31548C1,7026D,,SCHEDULED,120,2.0
2026-08-16T06:55:56Z,1026D79111C7,1026D,,SCHEDULED,120,2.0
2026-08-16T06:55:56Z,1026D77010C5,1026D,,SCHEDULED,0,0.0
2026-08-16T06:55:56Z,1026D27019C3,1026D,,SCHEDULED,300,5.0
2026-08-16T06:55:56Z,1026D79110C7,1026D,,SCHEDULED,0,0.0
2026-08-16T06:55:56Z,1026D27016C3,1026D,,SCHEDULED,120,2.0
2026-08-16T06:55:56Z,1026D27021C3,1026D,,SCHEDULED,0,0.0
2026-08-16T06:55:56Z,1026D27017C3,1026D,,SCHEDULED,300,5.0
2026-08-16T06:55:56Z,1026D77011C5,1026D,,SCHEDULED,0,0.0
2026-08-16T06:55:56Z,1026D79113C7,1026D,,SCHEDULED,0,0.0
2026-08-16T06:55:56Z,1026D27220C4a,1026D,,CANCELED,,
2026-08-16T06:55:56Z,1026D27418C4b,1026D,,SCHEDULED,0,0.0
2026-08-16T06:55:56Z,1026D77012C5,1026D,,SCHEDULED,0,0.0
2026-08-16T06:55:56Z,1026D27416C4b,1026D,,SCHEDULED,780,13.0
2026-08-16T06:55:56Z,1026D79242C7,1026D,,SCHEDULED,600,10.0
2026-08-16T06:55:56Z,1026D79112C7,1026D,,SCHEDULED,60,1.0
2026-08-16T06:55:56Z,1026D79247C7,1026D,,SCHEDULED,180,3.0
2026-08-16T06:55:56Z,1026D79246C7,1026D,,SCHEDULED,60,1.0
2026-08-16T06:55:56Z,1026D79115C7,1026D,,SCHEDULED,0,0.0
2026-08-16T06:55:56Z,1026D79433C2,1026D,,SCHEDULED,60,1.0
2026-08-16T06:55:56Z,1026D27014C3,1026D,,SCHEDULED,120,2.0
2026-08-16T06:55:56Z,1026D76214C5,1026D,,SCHEDULED,240,4.0
2026-08-16T06:55:56Z,1026D76215C5,1026D,,SCHEDULED,300,5.0
2026-08-16T06:55:56Z,1026D27020C3,1026D,,SCHEDULED,60,1.0
2026-08-16T06:55:56Z,1026D79525C2,1026D,,SCHEDULED,0,0.0
2026-08-16T06:55:56Z,1026D79114C7,1026D,,SCHEDULED,660,11.0
2026-08-16T06:55:56Z,1026D79527C2,1026D,,SCHEDULED,240,4.0
2026-08-16T06:55:56Z,1026D79238C7,1026D,,CANCELED,,
2026-08-16T06:55:56Z,1026D27223C4a,1026D,,SCHEDULED,60,1.0
2026-08-16T06:55:56Z,1026D27227C4a,1026D,,CANCELED,,
2026-08-16T06:55:56Z,1026D27425C4b,1026D,,SCHEDULED,0,0.0
2026-08-16T06:55:56Z,1026D76400C5,1026D,,SCHEDULED,120,2.0
2026-08-16T06:55:56Z,1026D27228C4a,1026D,,SCHEDULED,180,3.0
2026-08-16T06:55:56Z,1026D27225C4a,1026D,,SCHEDULED,180,3.0
2026-08-16T06:55:56Z,1026D27422C4b,1026D,,SCHEDULED,840,14.0
2026-08-16T06:55:56Z,1026D79710C10,1026D,,SCHEDULED,60,1.0
2026-08-16T06:55:56Z,1026D79712C10,1026D,,SCHEDULED,0,0.0
2026-08-16T06:55:56Z,1026D27423C4b,1026D,,SCHEDULED,240,4.0
2026-08-16T06:55:56Z,1026D76402C5,1026D,,SCHEDULED,0,0.0
2026-08-16T06:55:56Z,1026D27424C4b,1026D,,SCHEDULED,0,0.0
2026-08-16T06:55:56Z,1026D27420C4b,1026D,,SCHEDULED,120,2.0
2026-08-16T06:55:56Z,1026D27222C4a,1026D,,SCHEDULED,420,7.0
2026-08-16T06:55:56Z,1026D27226C4a,1026D,,SCHEDULED,60,1.0
2026-08-16T06:55:56Z,1026D27429C4b,1026D,,SCHEDULED,120,2.0
2026-08-16T06:55:56Z,1026D79957C8b,1026D,,SCHEDULED,60,1.0
2026-08-16T06:55:56Z,1026D27229C4a,1026D,,SCHEDULED,0,0.0
2026-08-16T06:55:56Z,1026D27427C4b,1026D,,SCHEDULED,720,12.0
2026-08-16T06:55:56Z,1026D76404C5,1026D,,SCHEDULED,0,0.0
2026-08-16T06:55:56Z,1026D79250C7,1026D,,SCHEDULED,0,0.0
2026-08-16T06:55:56Z,1026D79251C7,1026D,,SCHEDULED,120,2.0
2026-08-16T06:55:56Z,1026D79959C8b,1026D,,SCHEDULED,0,0.0
2026-08-16T06:55:56Z,1026D79254C7,1026D,,SCHEDULED,0,0.0
2026-08-16T06:55:56Z,1026D79253C7,1026D,,SCHEDULED,0,0.0
2026-08-16T06:55:56Z,1026D79958C8b,1026D,,SCHEDULED,0,0.0
2026-08-16T06:55:56Z,1026D79531C2,1026D,,SCHEDULED,0,0.0
2026-08-16T06:55:56Z,1026D79258C7,1026D,,SCHEDULED,0,0.0
2026-08-16T06:55:56Z,1026D79257C7,1026D,,SCHEDULED,0,0.0
2026-08-16T06:55:56Z,1026D79612C10,1026D,,SCHEDULED,60,1.0
2026-08-16T06:55:56Z,1026D76389C5,1026D,,SCHEDULED,120,2.0
2026-08-16T06:55:56Z,1026D79614C10,1026D,,SCHEDULED,60,1.0
2026-08-16T06:55:56Z,1026D76709C5,1026D,,SCHEDULED,0,0.0
2026-08-16T06:55:56Z,1026D79811C8a,1026D,,SCHEDULED,300,5.0
2026-08-16T06:55:56Z,1026D79261C7,1026D,,SCHEDULED,0,0.0
2026-08-16T06:55:56Z,1026D79616C10,1026D,,SCHEDULED,0,0.0
2026-08-16T06:55:56Z,1026D76391C5,1026D,,SCHEDULED,0,0.0
2026-08-16T06:55:56Z,1026D19827C1,1026D,,SCHEDULED,300,5.0
2026-08-16T06:55:56Z,1026D79814C8a,1026D,,SCHEDULED,0,0.0
2026-08-16T06:55:56Z,1026D76393C5,1026D,,SCHEDULED,420,7.0
2026-08-16T06:55:56Z,1026D19826C1,1026D,,SCHEDULED,0,0.0
2026-08-16T06:55:56Z,1026D76394C5,1026D,,SCHEDULED,180,3.0
2026-08-16T06:55:56Z,1026D19829C1,1026D,,SCHEDULED,0,0.0
2026-08-16T06:55:56Z,1026D27230C4a,1026D,,SCHEDULED,0,0.0
2026-08-16T06:55:56Z,1026D76702C5,1026D,,SCHEDULED,0,0.0
2026-08-16T06:55:56Z,1026D79816C8a,1026D,,SCHEDULED,360,6.0
2026-08-16T06:55:56Z,1026D79419C2,1026D,,SCHEDULED,1740,29.0
2026-08-16T06:55:56Z,1026D76395C5,1026D,,SCHEDULED,0,0.0
2026-08-16T06:55:56Z,1026D76704C5,1026D,,SCHEDULED,0,0.0
2026-08-16T06:55:56Z,1026D27231C4a,1026D,,SCHEDULED,0,0.0
2026-08-16T06:55:56Z,1026D19822C1,1026D,,SCHEDULED,60,1.0
2026-08-16T06:55:56Z,1026D76396C5,1026D,,SCHEDULED,60,1.0
2026-08-16T06:55:56Z,1026D19825C1,1026D,,SCHEDULED,60,1.0
2026-08-16T06:55:56Z,1026D76397C5,1026D,,SCHEDULED,0,0.0
2026-08-16T06:55:56Z,1026D19824C1,1026D,,SCHEDULED,0,0.0
2026-08-16T06:55:56Z,1026D79423C2,1026D,,SCHEDULED,240,4.0
2026-08-16T06:55:56Z,1026D27018C3,1026D,,SCHEDULED,0,0.0
2026-08-16T06:55:56Z,1026D76398C5,1026D,,SCHEDULED,180,3.0
2026-08-16T06:55:56Z,1026D79108C7,1026D,,SCHEDULED,4260,71.0
2026-08-16T06:55:56Z,1026D27431C4b,1026D,,SCHEDULED,0,0.0
2026-08-16T06:55:56Z,1026D76711C5,1026D,,SCHEDULED,180,3.0
2026-08-16T06:55:56Z,1026D77008C5,1026D,,SCHEDULED,60,1.0
2026-08-16T06:55:56Z,1026D79109C7,1026D,,SCHEDULED,4020,67.0
2026-08-16T06:55:56Z,1026D77009C5,1026D,,SCHEDULED,0,0.0
2026-08-16T06:55:56Z,1026D76713C5,1026D,,SCHEDULED,0,0.0
2026-08-16T06:55:56Z,1026D79708C10,1026D,,SCHEDULED,60,1.0
2026-08-16T07:01:27Z,3026D23709C5,3026D,,SCHEDULED,300,5.0
2026-08-16T07:01:27Z,3026D23514C1,3026D,,SCHEDULED,240,4.0
2026-08-16T07:01:27Z,3026D23520C1,3026D,,SCHEDULED,360,6.0
2026-08-16T07:01:27Z,3026D23103C3,3026D,,SCHEDULED,60,1.0
2026-08-16T07:01:27Z,3026D23525C1,3026D,,SCHEDULED,0,0.0
2026-08-16T07:01:27Z,3026D23809C5,3026D,,SCHEDULED,-60,-1.0
2026-08-16T07:01:27Z,3026D23613C4,3026D,,SCHEDULED,1740,29.0
2026-08-16T07:01:27Z,3026D23519C1,3026D,,CANCELED,,
2026-08-16T07:01:27Z,3126D23425T1,3126D,,SCHEDULED,0,0.0
2026-08-16T07:01:27Z,3126D23208C1,3126D,,SCHEDULED,0,0.0
2026-08-16T07:01:27Z,3126D23427T1,3126D,,SCHEDULED,0,0.0
2026-08-16T07:01:27Z,3126D23428T1,3126D,,SCHEDULED,0,0.0
2026-08-16T07:01:27Z,3226D23154C2,3226D,,SCHEDULED,120,2.0
2026-08-16T07:01:27Z,3226D23321C1,3226D,,SCHEDULED,120,2.0
2026-08-16T07:01:27Z,3226D23314C1,3226D,,SCHEDULED,120,2.0
2026-08-16T07:01:27Z,3226D23319C1,3226D,,SCHEDULED,60,1.0
2026-08-16T07:01:27Z,4026D24210C1,4026D,,SCHEDULED,0,0.0
2026-08-16T07:01:27Z,4026D33720C6,4026D,,SCHEDULED,0,0.0
2026-08-16T07:01:27Z,4026D24020C2,4026D,,SCHEDULED,60,1.0
2026-08-16T07:01:27Z,4026D24023C2,4026D,,SCHEDULED,0,0.0
2026-08-16T07:01:27Z,4026D24019C2,4026D,,SCHEDULED,-60,-1.0
2026-08-16T07:01:27Z,4026D24292C1,4026D,,SCHEDULED,240,4.0
2026-08-16T07:01:27Z,4026D84026C2,4026D,,SCHEDULED,0,0.0
2026-08-16T07:01:27Z,4026D24311C6,4026D,,SCHEDULED,60,1.0
2026-08-16T07:01:27Z,4026D24310C6,4026D,,SCHEDULED,-120,-2.0
2026-08-16T07:01:27Z,4026D24015C2,4026D,,SCHEDULED,-120,-2.0
2026-08-16T07:01:27Z,4026D24016C2,4026D,,SCHEDULED,300,5.0
2026-08-16T07:01:27Z,4026D24216C1,4026D,,SCHEDULED,0,0.0
2026-08-16T07:01:27Z,5126D25806R1,5126D,,SCHEDULED,120,2.0
2026-08-16T07:01:27Z,5126D77518R4,5126D,,SCHEDULED,120,2.0
2026-08-16T07:01:27Z,5126D15041R13,5126D,,SCHEDULED,1380,23.0
2026-08-16T07:01:27Z,5126D25805R1,5126D,,SCHEDULED,-120,-2.0
2026-08-16T07:01:27Z,5126D15003R15,5126D,,SCHEDULED,120,2.0
2026-08-16T07:01:27Z,5126D77718R4,5126D,,SCHEDULED,0,0.0
2026-08-16T07:01:27Z,5126D28275R2S,5126D,,SCHEDULED,300,5.0
2026-08-16T07:01:27Z,5126D28276R2S,5126D,,SCHEDULED,240,4.0
2026-08-16T07:01:27Z,5126D25718R1,5126D,,SCHEDULED,180,3.0
2026-08-16T07:01:27Z,5126D35535R3,5126D,,SCHEDULED,0,0.0
2026-08-16T07:01:27Z,5126D28274R2S,5126D,,SCHEDULED,240,4.0
2026-08-16T07:01:27Z,5126D77410R4,5126D,,SCHEDULED,1320,22.0
2026-08-16T07:01:27Z,5126D15034R15,5126D,,SCHEDULED,0,0.0
2026-08-16T07:01:27Z,5126D77412R4,5126D,,SCHEDULED,120,2.0
2026-08-16T07:01:27Z,5126D25510R2S,5126D,,SCHEDULED,240,4.0
2026-08-16T07:01:27Z,5126D28277R2S,5126D,,SCHEDULED,60,1.0
2026-08-16T07:01:27Z,5126D77414R4,5126D,,SCHEDULED,0,0.0
2026-08-16T07:01:27Z,5126D77612R4,5126D,,SCHEDULED,180,3.0
2026-08-16T07:01:27Z,5126D35531R3,5126D,,SCHEDULED,60,1.0
2026-08-16T07:01:27Z,5126D77614R4,5126D,,SCHEDULED,0,0.0
2026-08-16T07:01:27Z,5126D77416R4,5126D,,SCHEDULED,-120,-2.0
2026-08-16T07:01:27Z,5126D25513R2S,5126D,,SCHEDULED,0,0.0
2026-08-16T07:01:27Z,5126D25613R1,5126D,,SCHEDULED,180,3.0
2026-08-16T07:01:27Z,5126D77500R4,5126D,,SCHEDULED,840,14.0
2026-08-16T07:01:27Z,5126D25615R1,5126D,,SCHEDULED,120,2.0
2026-08-16T07:01:27Z,5126D78636R8,5126D,,SCHEDULED,120,2.0
2026-08-16T07:01:27Z,5126D35525R3,5126D,,SCHEDULED,1080,18.0
2026-08-16T07:01:27Z,5126D33532RL4,5126D,,SCHEDULED,240,4.0
2026-08-16T07:01:27Z,5126D77322R3,5126D,,SCHEDULED,1560,26.0
2026-08-16T07:01:27Z,5126D35523R3,5126D,,SCHEDULED,420,7.0
2026-08-16T07:01:27Z,5126D25408R2N,5126D,,SCHEDULED,180,3.0
2026-08-16T07:01:27Z,5126D35520R3,5126D,,SCHEDULED,480,8.0
2026-08-16T07:01:27Z,5126D30542R13,5126D,,SCHEDULED,0,0.0
2026-08-16T07:01:27Z,5126D77408R4,5126D,,SCHEDULED,0,0.0
2026-08-16T07:01:27Z,5126D25628R1,5126D,,SCHEDULED,120,2.0
2026-08-16T07:01:27Z,5126D25509R2S,5126D,,SCHEDULED,180,3.0
2026-08-16T07:01:27Z,5126D35539R3,5126D,,CANCELED,,
2026-08-16T07:01:27Z,5126D25620R1,5126D,,SCHEDULED,180,3.0
2026-08-16T07:01:27Z,5126D25617R1,5126D,,SCHEDULED,0,0.0
2026-08-16T07:01:27Z,5126D28416R2N,5126D,,SCHEDULED,60,1.0
2026-08-16T07:01:27Z,5126D28414R2N,5126D,,SCHEDULED,180,3.0
2026-08-16T07:01:27Z,5126D18122R16,5126D,,SCHEDULED,0,0.0
2026-08-16T07:01:27Z,5126D25624R1,5126D,,SCHEDULED,240,4.0
2026-08-16T07:01:27Z,5126D18093R16,5126D,,SCHEDULED,0,0.0
2026-08-16T07:01:27Z,5126D18123R16,5126D,,SCHEDULED,360,6.0
2026-08-16T07:01:27Z,5126D15906R11,5126D,,SCHEDULED,180,3.0
2026-08-16T07:01:27Z,5126D25410R2N,5126D,,SCHEDULED,540,9.0
2026-08-16T07:01:27Z,5126D25611R1,5126D,,SCHEDULED,660,11.0
2026-08-16T07:01:27Z,5126D25412R2N,5126D,,SCHEDULED,300,5.0
2026-08-16T07:01:27Z,5126D78604R8,5126D,,SCHEDULED,60,1.0
2026-08-16T07:01:27Z,5126D77712R4,5126D,,SCHEDULED,120,2.0
2026-08-16T07:01:27Z,5126D77514R4,5126D,,SCHEDULED,120,2.0
2026-08-16T07:01:27Z,5126D77516R4,5126D,,SCHEDULED,0,0.0
2026-08-16T07:01:27Z,5126D77714R4,5126D,,SCHEDULED,60,1.0
2026-08-16T07:01:27Z,5126D77716R4,5126D,,SCHEDULED,780,13.0
2026-08-16T07:01:27Z,6026D26514C3,6026D,,SCHEDULED,60,1.0
2026-08-16T07:01:27Z,6026D26517C3,6026D,,SCHEDULED,0,0.0
2026-08-16T07:01:27Z,6026D29517C2,6026D,,SCHEDULED,0,0.0
2026-08-16T07:01:27Z,6026D29616C1,6026D,,SCHEDULED,60,1.0
2026-08-16T07:01:27Z,6026D26516C3,6026D,,SCHEDULED,60,1.0
2026-08-16T07:01:27Z,6026D29512C2,6026D,,SCHEDULED,120,2.0
2026-08-16T07:01:27Z,6026D71508C4,6026D,,SCHEDULED,60,1.0
2026-08-16T07:01:27Z,6026D29514C2,6026D,,SCHEDULED,120,2.0
2026-08-16T07:01:27Z,6026D26513C3,6026D,,SCHEDULED,0,0.0
2026-08-16T07:01:27Z,6026D29619C1,6026D,,SCHEDULED,180,3.0
2026-08-16T07:01:27Z,6026D29515C2,6026D,,SCHEDULED,0,0.0
2026-08-16T07:01:27Z,6126D32707C1,6126D,,SCHEDULED,0,0.0
2026-08-16T07:01:27Z,6126D32704C1,6126D,,SCHEDULED,0,0.0
2026-08-16T07:01:27Z,6126D32705C1,6126D,,SCHEDULED,60,1.0
2026-08-16T07:01:27Z,6126D32706C1,6126D,,SCHEDULED,0,0.0
2026-08-16T07:01:27Z,6226D71352C3,6226D,,SCHEDULED,-120,-2.0
2026-08-16T07:01:27Z,6226D71155C2,6226D,,SCHEDULED,120,2.0
2026-08-16T07:01:27Z,6226D26913C1,6226D,,SCHEDULED,120,2.0
2026-08-16T07:01:27Z,6226D82354C3,6226D,,SCHEDULED,0,0.0
2026-08-16T07:01:27Z,6226D71357C3,6226D,,SCHEDULED,0,0.0
2026-08-16T07:01:27Z,6226D71158C2,6226D,,SCHEDULED,60,1.0
2026-08-16T07:01:27Z,6226D35918C1,6226D,,SCHEDULED,360,6.0
2026-08-16T07:01:27Z,4626D71800C1,4626D,,SCHEDULED,720,12.0
2026-08-16T07:01:27Z,4726D71081C1,4726D,,SCHEDULED,960,16.0
2026-08-16T07:01:27Z,2026D70208C4,2026D,,SCHEDULED,2640,44.0
2026-08-16T07:01:27Z,2026D70802C6,2026D,,SCHEDULED,420,7.0
2026-08-16T07:01:27Z,2026D70207C4,2026D,,SCHEDULED,360,6.0
2026-08-16T07:01:27Z,2026D70405C5,2026D,,SCHEDULED,60,1.0
2026-08-16T07:01:27Z,2026D70306C4,2026D,,SCHEDULED,1620,27.0
2026-08-16T07:01:27Z,2026D70408C5,2026D,,SCHEDULED,0,0.0
2026-08-16T07:01:27Z,2026D70308C4,2026D,,SCHEDULED,0,0.0
2026-08-16T07:01:27Z,2026D70301C4,2026D,,SCHEDULED,780,13.0
2026-08-16T07:01:27Z,2026D22007C1,2026D,,SCHEDULED,180,3.0
2026-08-16T07:01:27Z,2026D22106C1,2026D,,SCHEDULED,120,2.0
2026-08-16T07:01:27Z,2026D70407C5,2026D,,SCHEDULED,60,1.0
2026-08-16T07:01:27Z,2026D70303C4,2026D,,SCHEDULED,180,3.0
2026-08-16T07:01:27Z,2026D22207C2,2026D,,SCHEDULED,0,0.0
2026-08-16T07:01:27Z,2026D22208C2,2026D,,SCHEDULED,120,2.0
2026-08-16T07:01:27Z,2026D70852C6,2026D,,SCHEDULED,360,6.0
2026-08-16T07:01:27Z,2026D70855C6,2026D,,SCHEDULED,1080,18.0
2026-08-16T07:01:27Z,2026D70510C7,2026D,,SCHEDULED,0,0.0
2026-08-16T07:01:27Z,2026D22011C1,2026D,,SCHEDULED,900,15.0
2026-08-16T07:01:27Z,2026D22012C1,2026D,,SCHEDULED,0,0.0
2026-08-16T07:01:27Z,2026D22210C2,2026D,,SCHEDULED,0,0.0
2026-08-16T07:01:27Z,2026D22315C3,2026D,,SCHEDULED,180,3.0
2026-08-16T07:01:27Z,2026D70905C8,2026D,,SCHEDULED,0,0.0
2026-08-16T07:01:27Z,2026D22312C3,2026D,,SCHEDULED,240,4.0
2026-08-16T07:01:27Z,2026D70509C7,2026D,,SCHEDULED,420,7.0
2026-08-16T07:01:27Z,2026D70904C8,2026D,,SCHEDULED,5040,84.0
2026-08-16T07:01:27Z,2026D70807C6,2026D,,SCHEDULED,0,0.0
2026-08-16T07:01:27Z,2026D70906C8,2026D,,SCHEDULED,180,3.0
2026-08-16T07:01:27Z,2026D70406C5,2026D,,SCHEDULED,120,2.0
2026-08-16T07:01:27Z,4126D24751C1,4126D,,SCHEDULED,1140,19.0
2026-08-16T07:01:27Z,SPECIAL_41_94485C1,SPECI,,CANCELED,,
2026-08-16T07:01:27Z,4126D84906C2,4126D,,SCHEDULED,0,0.0
2026-08-16T07:01:27Z,4126D84910C2,4126D,,SCHEDULED,0,0.0
2026-08-16T07:01:27Z,4126D84902C2,4126D,,SCHEDULED,6060,101.0
2026-08-16T07:01:27Z,4126D24706C1,4126D,,SCHEDULED,0,0.0
2026-08-16T07:01:27Z,4526D71704C1,4526D,,SCHEDULED,0,0.0
2026-08-16T07:01:27Z,4526D71707C1,4526D,,SCHEDULED,0,0.0
2026-08-16T07:01:27Z,7026D31548C1,7026D,,SCHEDULED,420,7.0
2026-08-16T07:01:27Z,1026D79114C7,1026D,,SCHEDULED,960,16.0
2026-08-16T07:01:27Z,1026D79238C7,1026D,,CANCELED,,
2026-08-16T07:01:27Z,1026D27223C4a,1026D,,SCHEDULED,0,0.0
2026-08-16T07:01:27Z,1026D76400C5,1026D,,SCHEDULED,420,7.0
2026-08-16T07:01:27Z,1026D27422C4b,1026D,,SCHEDULED,0,0.0
2026-08-16T07:01:27Z,1026D79710C10,1026D,,SCHEDULED,120,2.0
2026-08-16T07:01:27Z,1026D27224C4a,1026D,,SCHEDULED,180,3.0
2026-08-16T07:01:27Z,1026D79437C2,1026D,,SCHEDULED,0,0.0
2026-08-16T07:01:27Z,1026D79712C10,1026D,,SCHEDULED,0,0.0
2026-08-16T07:01:27Z,1026D76402C5,1026D,,SCHEDULED,0,0.0
2026-08-16T07:01:27Z,1026D27420C4b,1026D,,SCHEDULED,60,1.0
2026-08-16T07:01:27Z,1026D27222C4a,1026D,,SCHEDULED,240,4.0
2026-08-16T07:01:27Z,1026D79111C7,1026D,,SCHEDULED,60,1.0
2026-08-16T07:01:27Z,1026D77010C5,1026D,,SCHEDULED,180,3.0
2026-08-16T07:01:27Z,1026D79110C7,1026D,,SCHEDULED,240,4.0
2026-08-16T07:01:27Z,1026D27021C3,1026D,,SCHEDULED,0,0.0
2026-08-16T07:01:27Z,1026D77011C5,1026D,,SCHEDULED,0,0.0
2026-08-16T07:01:27Z,1026D79113C7,1026D,,SCHEDULED,300,5.0
2026-08-16T07:01:27Z,1026D27220C4a,1026D,,CANCELED,,
2026-08-16T07:01:27Z,1026D77012C5,1026D,,SCHEDULED,0,0.0
2026-08-16T07:01:27Z,1026D79112C7,1026D,,SCHEDULED,60,1.0
2026-08-16T07:01:27Z,1026D79115C7,1026D,,SCHEDULED,0,0.0
2026-08-16T07:01:27Z,1026D79433C2,1026D,,SCHEDULED,240,4.0
2026-08-16T07:01:27Z,1026D27020C3,1026D,,SCHEDULED,360,6.0
2026-08-16T07:01:27Z,1026D76397C5,1026D,,SCHEDULED,0,0.0
2026-08-16T07:01:27Z,1026D79423C2,1026D,,SCHEDULED,240,4.0
2026-08-16T07:01:27Z,1026D76398C5,1026D,,SCHEDULED,120,2.0
2026-08-16T07:01:27Z,1026D76399C5,1026D,,SCHEDULED,0,0.0
2026-08-16T07:01:27Z,1026D79108C7,1026D,,SCHEDULED,4620,77.0
2026-08-16T07:01:27Z,1026D27431C4b,1026D,,SCHEDULED,0,0.0
2026-08-16T07:01:27Z,1026D76711C5,1026D,,SCHEDULED,480,8.0
2026-08-16T07:01:27Z,1026D79429C2,1026D,,SCHEDULED,540,9.0
2026-08-16T07:01:27Z,1026D79109C7,1026D,,SCHEDULED,4380,73.0
2026-08-16T07:01:27Z,1026D77009C5,1026D,,SCHEDULED,0,0.0
2026-08-16T07:01:27Z,1026D76713C5,1026D,,SCHEDULED,0,0.0
2026-08-16T07:01:27Z,1026D79708C10,1026D,,SCHEDULED,60,1.0
2026-08-16T07:01:27Z,1026D79957C8b,1026D,,SCHEDULED,180,3.0
2026-08-16T07:01:27Z,1026D76404C5,1026D,,SCHEDULED,0,0.0
2026-08-16T07:01:27Z,1026D79959C8b,1026D,,SCHEDULED,0,0.0
2026-08-16T07:01:27Z,1026D76406C5,1026D,,SCHEDULED,0,0.0
2026-08-16T07:01:27Z,1026D79958C8b,1026D,,SCHEDULED,120,2.0
2026-08-16T07:01:27Z,1026D79261C7,1026D,,SCHEDULED,0,0.0
2026-08-16T07:01:27Z,1026D76391C5,1026D,,SCHEDULED,0,0.0
2026-08-16T07:01:27Z,1026D76393C5,1026D,,SCHEDULED,0,0.0
2026-08-16T07:01:27Z,1026D27230C4a,1026D,,SCHEDULED,0,0.0
2026-08-16T07:01:27Z,1026D76395C5,1026D,,SCHEDULED,120,2.0
2026-08-16T07:01:27Z,1026D27231C4a,1026D,,SCHEDULED,0,0.0
2026-08-16T07:01:27Z,1026D76396C5,1026D,,SCHEDULED,60,1.0
2026-08-16T07:01:27Z,1026D27018C3,1026D,,SCHEDULED,60,1.0
2026-08-16T07:01:27Z,1026D27016C3,1026D,,SCHEDULED,180,3.0
2026-08-16T07:01:27Z,1026D27017C3,1026D,,SCHEDULED,360,6.0
2026-08-16T07:01:27Z,1026D27418C4b,1026D,,SCHEDULED,240,4.0
2026-08-16T07:01:27Z,1026D27416C4b,1026D,,SCHEDULED,840,14.0
2026-08-16T07:01:27Z,1026D79242C7,1026D,,SCHEDULED,660,11.0
2026-08-16T07:01:27Z,1026D79247C7,1026D,,SCHEDULED,360,6.0
2026-08-16T07:01:27Z,1026D79246C7,1026D,,SCHEDULED,60,1.0
2026-08-16T07:01:27Z,1026D27014C3,1026D,,SCHEDULED,120,2.0
2026-08-16T07:01:27Z,1026D76214C5,1026D,,SCHEDULED,60,1.0
2026-08-16T07:01:27Z,1026D76215C5,1026D,,SCHEDULED,300,5.0
2026-08-16T07:01:27Z,1026D79525C2,1026D,,SCHEDULED,60,1.0
2026-08-16T07:01:27Z,1026D79527C2,1026D,,SCHEDULED,0,0.0
2026-08-16T07:01:27Z,1026D27227C4a,1026D,,CANCELED,,
2026-08-16T07:01:27Z,1026D27425C4b,1026D,,SCHEDULED,0,0.0
2026-08-16T07:01:27Z,1026D27228C4a,1026D,,SCHEDULED,420,7.0
2026-08-16T07:01:27Z,1026D27225C4a,1026D,,SCHEDULED,120,2.0
2026-08-16T07:01:27Z,1026D27423C4b,1026D,,SCHEDULED,540,9.0
2026-08-16T07:01:27Z,1026D27424C4b,1026D,,SCHEDULED,0,0.0
2026-08-16T07:01:27Z,1026D27226C4a,1026D,,SCHEDULED,60,1.0
2026-08-16T07:01:27Z,1026D27429C4b,1026D,,SCHEDULED,0,0.0
2026-08-16T07:01:27Z,1026D27229C4a,1026D,,SCHEDULED,0,0.0
2026-08-16T07:01:27Z,1026D27427C4b,1026D,,SCHEDULED,480,8.0
2026-08-16T07:01:27Z,1026D79250C7,1026D,,SCHEDULED,60,1.0
2026-08-16T07:01:27Z,1026D79251C7,1026D,,SCHEDULED,480,8.0
2026-08-16T07:01:27Z,1026D79254C7,1026D,,SCHEDULED,0,0.0
2026-08-16T07:01:27Z,1026D79253C7,1026D,,SCHEDULED,60,1.0
2026-08-16T07:01:27Z,1026D79531C2,1026D,,SCHEDULED,0,0.0
2026-08-16T07:01:27Z,1026D79258C7,1026D,,SCHEDULED,0,0.0
2026-08-16T07:01:27Z,1026D79257C7,1026D,,SCHEDULED,0,0.0
2026-08-16T07:01:27Z,1026D76389C5,1026D,,SCHEDULED,120,2.0
2026-08-16T07:01:27Z,1026D79614C10,1026D,,SCHEDULED,120,2.0
2026-08-16T07:01:27Z,1026D79811C8a,1026D,,SCHEDULED,0,0.0
2026-08-16T07:01:27Z,1026D79616C10,1026D,,SCHEDULED,0,0.0
2026-08-16T07:01:27Z,1026D19827C1,1026D,,SCHEDULED,120,2.0
2026-08-16T07:01:27Z,1026D79814C8a,1026D,,SCHEDULED,120,2.0
2026-08-16T07:01:27Z,1026D79813C8a,1026D,,SCHEDULED,0,0.0
2026-08-16T07:01:27Z,1026D19826C1,1026D,,SCHEDULED,0,0.0
2026-08-16T07:01:27Z,1026D19829C1,1026D,,SCHEDULED,0,0.0
2026-08-16T07:01:27Z,1026D76702C5,1026D,,SCHEDULED,120,2.0
2026-08-16T07:01:27Z,1026D79816C8a,1026D,,SCHEDULED,660,11.0
2026-08-16T07:01:27Z,1026D79419C2,1026D,,SCHEDULED,1980,33.0
2026-08-16T07:01:27Z,1026D76704C5,1026D,,SCHEDULED,0,0.0
2026-08-16T07:01:27Z,1026D19822C1,1026D,,SCHEDULED,60,1.0
2026-08-16T07:01:27Z,1026D19824C1,1026D,,SCHEDULED,120,2.0
2026-08-16T07:01:27Z,1026D19831C1,1026D,,SCHEDULED,0,0.0
2026-08-16T07:05:57Z,3026D23709C5,3026D,,SCHEDULED,180,3.0
2026-08-16T07:05:57Z,3026D23514C1,3026D,,SCHEDULED,360,6.0
2026-08-16T07:05:57Z,3026D23520C1,3026D,,SCHEDULED,420,7.0
2026-08-16T07:05:57Z,3026D23103C3,3026D,,SCHEDULED,60,1.0
2026-08-16T07:05:57Z,3026D23525C1,3026D,,SCHEDULED,0,0.0
2026-08-16T07:05:57Z,3026D23809C5,3026D,,SCHEDULED,60,1.0
2026-08-16T07:05:57Z,3026D23613C4,3026D,,SCHEDULED,1980,33.0
2026-08-16T07:05:57Z,3026D23519C1,3026D,,CANCELED,,
2026-08-16T07:05:57Z,3126D23213C1,3126D,,SCHEDULED,0,0.0
2026-08-16T07:05:57Z,3126D23425T1,3126D,,SCHEDULED,0,0.0
2026-08-16T07:05:57Z,3126D23208C1,3126D,,SCHEDULED,0,0.0
2026-08-16T07:05:57Z,3126D23427T1,3126D,,SCHEDULED,0,0.0
2026-08-16T07:05:57Z,3226D23154C2,3226D,,SCHEDULED,120,2.0
2026-08-16T07:05:57Z,3226D23321C1,3226D,,SCHEDULED,180,3.0
2026-08-16T07:05:57Z,3226D23314C1,3226D,,SCHEDULED,120,2.0
2026-08-16T07:05:57Z,3226D23319C1,3226D,,SCHEDULED,0,0.0
2026-08-16T07:05:57Z,3226D23318C1,3226D,,SCHEDULED,0,0.0
2026-08-16T07:05:57Z,4026D33720C6,4026D,,SCHEDULED,-180,-3.0
2026-08-16T07:05:57Z,4026D24020C2,4026D,,SCHEDULED,60,1.0
2026-08-16T07:05:57Z,4026D76610C3,4026D,,SCHEDULED,0,0.0
2026-08-16T07:05:57Z,4026D24023C2,4026D,,SCHEDULED,120,2.0
2026-08-16T07:05:57Z,4026D24019C2,4026D,,SCHEDULED,0,0.0
2026-08-16T07:05:57Z,4026D24292C1,4026D,,SCHEDULED,0,0.0
2026-08-16T07:05:57Z,4026D84026C2,4026D,,SCHEDULED,0,0.0
2026-08-16T07:05:57Z,4026D24311C6,4026D,,SCHEDULED,120,2.0
2026-08-16T07:05:57Z,4026D24310C6,4026D,,SCHEDULED,-120,-2.0
2026-08-16T07:05:57Z,4026D24215C1,4026D,,SCHEDULED,-60,-1.0
2026-08-16T07:05:57Z,4026D24314C6,4026D,,SCHEDULED,0,0.0
2026-08-16T07:05:57Z,4026D24216C1,4026D,,SCHEDULED,0,0.0
2026-08-16T07:05:57Z,5126D25806R1,5126D,,SCHEDULED,60,1.0
2026-08-16T07:05:57Z,5126D15041R13,5126D,,SCHEDULED,1380,23.0
2026-08-16T07:05:57Z,5126D25805R1,5126D,,SCHEDULED,60,1.0
2026-08-16T07:05:57Z,5126D15003R15,5126D,,SCHEDULED,240,4.0
2026-08-16T07:05:57Z,5126D25807R1,5126D,,SCHEDULED,60,1.0
2026-08-16T07:05:57Z,5126D28275R2S,5126D,,SCHEDULED,180,3.0
2026-08-16T07:05:57Z,5126D28276R2S,5126D,,SCHEDULED,300,5.0
2026-08-16T07:05:57Z,5126D35535R3,5126D,,SCHEDULED,180,3.0
2026-08-16T07:05:57Z,5126D28274R2S,5126D,,SCHEDULED,240,4.0
2026-08-16T07:05:57Z,5126D77410R4,5126D,,SCHEDULED,1320,22.0
2026-08-16T07:05:57Z,5126D77412R4,5126D,,SCHEDULED,2160,36.0
2026-08-16T07:05:57Z,5126D28277R2S,5126D,,SCHEDULED,-120,-2.0
2026-08-16T07:05:57Z,5126D77414R4,5126D,,SCHEDULED,60,1.0
2026-08-16T07:05:57Z,5126D77612R4,5126D,,SCHEDULED,180,3.0
2026-08-16T07:05:57Z,5126D77614R4,5126D,,SCHEDULED,0,0.0
2026-08-16T07:05:57Z,5126D77416R4,5126D,,SCHEDULED,60,1.0
2026-08-16T07:05:57Z,5126D25613R1,5126D,,SCHEDULED,60,1.0
2026-08-16T07:05:57Z,5126D25615R1,5126D,,SCHEDULED,60,1.0
2026-08-16T07:05:57Z,5126D35523R3,5126D,,SCHEDULED,420,7.0
2026-08-16T07:05:57Z,5126D35520R3,5126D,,SCHEDULED,480,8.0
2026-08-16T07:05:57Z,5126D77408R4,5126D,,SCHEDULED,0,0.0
2026-08-16T07:05:57Z,5126D35539R3,5126D,,CANCELED,,
2026-08-16T07:05:57Z,5126D77518R4,5126D,,SCHEDULED,180,3.0
2026-08-16T07:05:57Z,5126D25617R1,5126D,,SCHEDULED,0,0.0
2026-08-16T07:05:57Z,5126D18122R16,5126D,,SCHEDULED,0,0.0
2026-08-16T07:05:57Z,5126D25718R1,5126D,,SCHEDULED,120,2.0
2026-08-16T07:05:57Z,5126D18123R16,5126D,,SCHEDULED,360,6.0
2026-08-16T07:05:57Z,5126D15034R15,5126D,,SCHEDULED,0,0.0
2026-08-16T07:05:57Z,5126D25410R2N,5126D,,SCHEDULED,540,9.0
2026-08-16T07:05:57Z,5126D25510R2S,5126D,,SCHEDULED,300,5.0
2026-08-16T07:05:57Z,5126D25412R2N,5126D,,SCHEDULED,240,4.0
2026-08-16T07:05:57Z,5126D25628R1,5126D,,SCHEDULED,60,1.0
2026-08-16T07:05:57Z,5126D25506R2S,5126D,,SCHEDULED,900,15.0
2026-08-16T07:05:57Z,5126D25512R2S,5126D,,SCHEDULED,-60,-1.0
2026-08-16T07:05:57Z,5126D25509R2S,5126D,,SCHEDULED,180,3.0
2026-08-16T07:05:57Z,5126D35531R3,5126D,,SCHEDULED,-60,-1.0
2026-08-16T07:05:57Z,5126D25511R2S,5126D,,SCHEDULED,60,1.0
2026-08-16T07:05:57Z,5126D25508R2S,5126D,,SCHEDULED,180,3.0
2026-08-16T07:05:57Z,5126D25620R1,5126D,,SCHEDULED,0,0.0
2026-08-16T07:05:57Z,5126D25513R2S,5126D,,SCHEDULED,60,1.0
2026-08-16T07:05:57Z,5126D25515R2S,5126D,,SCHEDULED,0,0.0
2026-08-16T07:05:57Z,5126D28416R2N,5126D,,SCHEDULED,0,0.0
2026-08-16T07:05:57Z,5126D28414R2N,5126D,,SCHEDULED,0,0.0
2026-08-16T07:05:57Z,5126D77500R4,5126D,,SCHEDULED,900,15.0
2026-08-16T07:05:57Z,5126D15061R17,5126D,,SCHEDULED,120,2.0
2026-08-16T07:05:57Z,5126D25624R1,5126D,,SCHEDULED,240,4.0
2026-08-16T07:05:57Z,5126D18093R16,5126D,,SCHEDULED,0,0.0
2026-08-16T07:05:57Z,5126D78636R8,5126D,,SCHEDULED,-60,-1.0
2026-08-16T07:05:57Z,5126D15906R11,5126D,,SCHEDULED,300,5.0
2026-08-16T07:05:57Z,5126D77512R4,5126D,,CANCELED,,
2026-08-16T07:05:57Z,5126D30542R13,5126D,,SCHEDULED,0,0.0
2026-08-16T07:05:57Z,5126D78604R8,5126D,,SCHEDULED,60,1.0
2026-08-16T07:05:57Z,5126D77712R4,5126D,,SCHEDULED,0,0.0
2026-08-16T07:05:57Z,5126D77514R4,5126D,,SCHEDULED,120,2.0
2026-08-16T07:05:57Z,5126D77516R4,5126D,,SCHEDULED,60,1.0
2026-08-16T07:05:57Z,5126D77716R4,5126D,,SCHEDULED,720,12.0
2026-08-16T07:05:57Z,6026D26514C3,6026D,,SCHEDULED,60,1.0
2026-08-16T07:05:57Z,6026D26517C3,6026D,,SCHEDULED,0,0.0
2026-08-16T07:05:57Z,6026D29517C2,6026D,,SCHEDULED,120,2.0
2026-08-16T07:05:57Z,6026D29616C1,6026D,,SCHEDULED,60,1.0
2026-08-16T07:05:57Z,6026D26516C3,6026D,,SCHEDULED,0,0.0
2026-08-16T07:05:57Z,6026D29621C1,6026D,,SCHEDULED,0,0.0
2026-08-16T07:05:57Z,6026D71508C4,6026D,,SCHEDULED,120,2.0
2026-08-16T07:05:57Z,6026D29515C2,6026D,,SCHEDULED,180,3.0
2026-08-16T07:05:57Z,6026D29514C2,6026D,,SCHEDULED,180,3.0
2026-08-16T07:05:57Z,6026D29619C1,6026D,,SCHEDULED,180,3.0
2026-08-16T07:05:57Z,6026D26515C3,6026D,,SCHEDULED,-60,-1.0
2026-08-16T07:05:57Z,6026D26518C3,6026D,,SCHEDULED,0,0.0
2026-08-16T07:05:57Z,6026D71870C5,6026D,,SCHEDULED,480,8.0
2026-08-16T07:05:57Z,6126D32707C1,6126D,,SCHEDULED,0,0.0
2026-08-16T07:05:57Z,6126D32706C1,6126D,,SCHEDULED,0,0.0
2026-08-16T07:05:57Z,6126D32704C1,6126D,,SCHEDULED,0,0.0
2026-08-16T07:05:57Z,6126D32705C1,6126D,,SCHEDULED,60,1.0
2026-08-16T07:05:57Z,6226D71352C3,6226D,,SCHEDULED,60,1.0
2026-08-16T07:05:57Z,6226D71155C2,6226D,,SCHEDULED,120,2.0
2026-08-16T07:05:57Z,6226D26913C1,6226D,,SCHEDULED,180,3.0
2026-08-16T07:05:57Z,6226D82354C3,6226D,,SCHEDULED,0,0.0
2026-08-16T07:05:57Z,6226D71357C3,6226D,,SCHEDULED,0,0.0
2026-08-16T07:05:57Z,6226D71157C2,6226D,,SCHEDULED,240,4.0
2026-08-16T07:05:57Z,6226D71850C2,6226D,,SCHEDULED,540,9.0
2026-08-16T07:05:57Z,6226D71158C2,6226D,,SCHEDULED,300,5.0
2026-08-16T07:05:57Z,6226D35918C1,6226D,,SCHEDULED,480,8.0
2026-08-16T07:05:57Z,4626D71800C1,4626D,,SCHEDULED,720,12.0
2026-08-16T07:05:57Z,4626D71811C1,4626D,,SCHEDULED,360,6.0
2026-08-16T07:05:57Z,4726D71090C1,4726D,,SCHEDULED,900,15.0
2026-08-16T07:05:57Z,4726D71081C1,4726D,,SCHEDULED,960,16.0
2026-08-16T07:05:57Z,2026D70306C4,2026D,,SCHEDULED,1920,32.0
2026-08-16T07:05:57Z,2026D70408C5,2026D,,SCHEDULED,0,0.0
2026-08-16T07:05:57Z,2026D70308C4,2026D,,SCHEDULED,0,0.0
2026-08-16T07:05:57Z,2026D70208C4,2026D,,SCHEDULED,2400,40.0
2026-08-16T07:05:57Z,2026D70406C5,2026D,,SCHEDULED,300,5.0
2026-08-16T07:05:57Z,2026D70802C6,2026D,,SCHEDULED,720,12.0
2026-08-16T07:05:57Z,2026D70207C4,2026D,,SCHEDULED,600,10.0
2026-08-16T07:05:57Z,2026D70301C4,2026D,,SCHEDULED,1020,17.0
2026-08-16T07:05:57Z,2026D22106C1,2026D,,SCHEDULED,0,0.0
2026-08-16T07:05:57Z,2026D22007C1,2026D,,SCHEDULED,360,6.0
2026-08-16T07:05:57Z,2026D70407C5,2026D,,SCHEDULED,0,0.0
2026-08-16T07:05:57Z,2026D22210C2,2026D,,SCHEDULED,0,0.0
2026-08-16T07:05:57Z,2026D22312C3,2026D,,SCHEDULED,300,5.0
2026-08-16T07:05:57Z,2026D70303C4,2026D,,SCHEDULED,60,1.0
2026-08-16T07:05:57Z,2026D22207C2,2026D,,SCHEDULED,0,0.0
2026-08-16T07:05:57Z,2026D22208C2,2026D,,SCHEDULED,180,3.0
2026-08-16T07:05:57Z,2026D70852C6,2026D,,SCHEDULED,360,6.0
2026-08-16T07:05:57Z,2026D70855C6,2026D,,SCHEDULED,1320,22.0
2026-08-16T07:05:57Z,2026D22315C3,2026D,,SCHEDULED,480,8.0
2026-08-16T07:05:57Z,2026D70905C8,2026D,,SCHEDULED,120,2.0
2026-08-16T07:05:57Z,2026D22319C3,2026D,,SCHEDULED,0,0.0
2026-08-16T07:05:57Z,2026D70510C7,2026D,,SCHEDULED,180,3.0
2026-08-16T07:05:57Z,2026D22011C1,2026D,,SCHEDULED,0,0.0
2026-08-16T07:05:57Z,2026D22012C1,2026D,,SCHEDULED,0,0.0
2026-08-16T07:05:57Z,2026D70509C7,2026D,,SCHEDULED,120,2.0
2026-08-16T07:05:57Z,2026D70904C8,2026D,,SCHEDULED,5280,88.0
2026-08-16T07:05:57Z,2026D70807C6,2026D,,SCHEDULED,0,0.0
2026-08-16T07:05:57Z,2026D70906C8,2026D,,SCHEDULED,300,5.0
2026-08-16T07:05:57Z,4126D24725C1,4126D,,SCHEDULED,0,0.0
2026-08-16T07:05:57Z,4126D24751C1,4126D,,SCHEDULED,1140,19.0
2026-08-16T07:05:57Z,4126D24706C1,4126D,,SCHEDULED,120,2.0
2026-08-16T07:05:57Z,4126D84910C2,4126D,,SCHEDULED,0,0.0
2026-08-16T07:05:57Z,4126D84902C2,4126D,,SCHEDULED,6300,105.0
2026-08-16T07:05:57Z,SPECIAL_41_94485C1,SPECI,,CANCELED,,
2026-08-16T07:05:57Z,4126D84906C2,4126D,,SCHEDULED,0,0.0
2026-08-16T07:05:57Z,4526D71704C1,4526D,,SCHEDULED,120,2.0
2026-08-16T07:05:57Z,4526D71707C1,4526D,,SCHEDULED,60,1.0
2026-08-16T07:05:57Z,7026D31548C1,7026D,,SCHEDULED,0,0.0
2026-08-16T07:05:57Z,1026D79111C7,1026D,,SCHEDULED,240,4.0
2026-08-16T07:05:57Z,1026D79110C7,1026D,,SCHEDULED,3060,51.0
2026-08-16T07:05:57Z,1026D77010C5,1026D,,SCHEDULED,0,0.0
2026-08-16T07:05:57Z,1026D27021C3,1026D,,SCHEDULED,0,0.0
2026-08-16T07:05:57Z,1026D77011C5,1026D,,SCHEDULED,0,0.0
2026-08-16T07:05:57Z,1026D79113C7,1026D,,SCHEDULED,420,7.0
2026-08-16T07:05:57Z,1026D77012C5,1026D,,SCHEDULED,0,0.0
2026-08-16T07:05:57Z,1026D79112C7,1026D,,SCHEDULED,180,3.0
2026-08-16T07:05:57Z,1026D79115C7,1026D,,SCHEDULED,0,0.0
2026-08-16T07:05:57Z,1026D79114C7,1026D,,SCHEDULED,0,0.0
2026-08-16T07:05:57Z,1026D79433C2,1026D,,SCHEDULED,360,6.0
2026-08-16T07:05:57Z,1026D27020C3,1026D,,SCHEDULED,660,11.0
2026-08-16T07:05:57Z,1026D79238C7,1026D,,CANCELED,,
2026-08-16T07:05:57Z,1026D76400C5,1026D,,SCHEDULED,180,3.0
2026-08-16T07:05:57Z,1026D27422C4b,1026D,,SCHEDULED,60,1.0
2026-08-16T07:05:57Z,1026D79710C10,1026D,,SCHEDULED,120,2.0
2026-08-16T07:05:57Z,1026D27224C4a,1026D,,SCHEDULED,480,8.0
2026-08-16T07:05:57Z,1026D79437C2,1026D,,SCHEDULED,0,0.0
2026-08-16T07:05:57Z,1026D79712C10,1026D,,SCHEDULED,-60,-1.0
2026-08-16T07:05:57Z,1026D76402C5,1026D,,SCHEDULED,120,2.0
2026-08-16T07:05:57Z,1026D27420C4b,1026D,,SCHEDULED,120,2.0
2026-08-16T07:05:57Z,1026D79957C8b,1026D,,SCHEDULED,180,3.0
2026-08-16T07:05:57Z,1026D76404C5,1026D,,SCHEDULED,0,0.0
2026-08-16T07:05:57Z,1026D79959C8b,1026D,,SCHEDULED,120,2.0
2026-08-16T07:05:57Z,1026D76406C5,1026D,,SCHEDULED,0,0.0
2026-08-16T07:05:57Z,1026D79958C8b,1026D,,SCHEDULED,60,1.0
2026-08-16T07:05:57Z,1026D79261C7,1026D,,SCHEDULED,0,0.0
2026-08-16T07:05:57Z,1026D76391C5,1026D,,SCHEDULED,120,2.0
2026-08-16T07:05:57Z,1026D79265C7,1026D,,SCHEDULED,0,0.0
2026-08-16T07:05:57Z,1026D76393C5,1026D,,SCHEDULED,60,1.0
2026-08-16T07:05:57Z,1026D27230C4a,1026D,,SCHEDULED,60,1.0
2026-08-16T07:05:57Z,1026D76395C5,1026D,,SCHEDULED,420,7.0
2026-08-16T07:05:57Z,1026D27231C4a,1026D,,SCHEDULED,0,0.0
2026-08-16T07:05:57Z,1026D76396C5,1026D,,SCHEDULED,240,4.0
2026-08-16T07:05:57Z,1026D76397C5,1026D,,SCHEDULED,0,0.0
2026-08-16T07:05:57Z,1026D79423C2,1026D,,SCHEDULED,540,9.0
2026-08-16T07:05:57Z,1026D76398C5,1026D,,SCHEDULED,0,0.0
2026-08-16T07:05:57Z,1026D76399C5,1026D,,SCHEDULED,0,0.0
2026-08-16T07:05:57Z,1026D27433C4b,1026D,,SCHEDULED,0,0.0
2026-08-16T07:05:57Z,1026D27232C4a,1026D,,SCHEDULED,0,0.0
2026-08-16T07:05:57Z,1026D27431C4b,1026D,,SCHEDULED,0,0.0
2026-08-16T07:05:57Z,1026D76711C5,1026D,,SCHEDULED,60,1.0
2026-08-16T07:05:57Z,1026D79429C2,1026D,,SCHEDULED,720,12.0
2026-08-16T07:05:57Z,1026D79109C7,1026D,,SCHEDULED,4620,77.0
2026-08-16T07:05:57Z,1026D77009C5,1026D,,SCHEDULED,0,0.0
2026-08-16T07:05:57Z,1026D76713C5,1026D,,SCHEDULED,0,0.0
2026-08-16T07:05:57Z,1026D79708C10,1026D,,SCHEDULED,120,2.0
2026-08-16T07:05:57Z,1026D27018C3,1026D,,SCHEDULED,180,3.0
2026-08-16T07:05:57Z,1026D27019C3,1026D,,SCHEDULED,360,6.0
2026-08-16T07:05:57Z,1026D27016C3,1026D,,SCHEDULED,60,1.0
2026-08-16T07:05:57Z,1026D27017C3,1026D,,SCHEDULED,660,11.0
2026-08-16T07:05:57Z,1026D27418C4b,1026D,,SCHEDULED,180,3.0
2026-08-16T07:05:57Z,1026D27416C4b,1026D,,SCHEDULED,900,15.0
2026-08-16T07:05:57Z,1026D79242C7,1026D,,SCHEDULED,180,3.0
2026-08-16T07:05:57Z,1026D79960C8b,1026D,,SCHEDULED,0,0.0
2026-08-16T07:05:57Z,1026D79247C7,1026D,,SCHEDULED,600,10.0
2026-08-16T07:05:57Z,1026D79246C7,1026D,,SCHEDULED,0,0.0
2026-08-16T07:05:57Z,1026D76214C5,1026D,,SCHEDULED,60,1.0
2026-08-16T07:05:57Z,1026D76215C5,1026D,,SCHEDULED,300,5.0
2026-08-16T07:05:57Z,1026D79525C2,1026D,,SCHEDULED,240,4.0
2026-08-16T07:05:57Z,1026D76216C5,1026D,,SCHEDULED,0,0.0
2026-08-16T07:05:57Z,1026D79527C2,1026D,,SCHEDULED,0,0.0
2026-08-16T07:05:57Z,1026D27227C4a,1026D,,CANCELED,,
2026-08-16T07:05:57Z,1026D27425C4b,1026D,,SCHEDULED,0,0.0
2026-08-16T07:05:57Z,1026D27228C4a,1026D,,SCHEDULED,360,6.0
2026-08-16T07:05:57Z,1026D27225C4a,1026D,,SCHEDULED,420,7.0
2026-08-16T07:05:57Z,1026D27424C4b,1026D,,SCHEDULED,60,1.0
2026-08-16T07:05:57Z,1026D27226C4a,1026D,,SCHEDULED,0,0.0
2026-08-16T07:05:57Z,1026D27429C4b,1026D,,SCHEDULED,180,3.0
2026-08-16T07:05:57Z,1026D27229C4a,1026D,,SCHEDULED,180,3.0
2026-08-16T07:05:57Z,1026D79251C7,1026D,,SCHEDULED,420,7.0
2026-08-16T07:05:57Z,1026D79254C7,1026D,,SCHEDULED,0,0.0
2026-08-16T07:05:57Z,1026D79253C7,1026D,,SCHEDULED,0,0.0
2026-08-16T07:05:57Z,1026D79531C2,1026D,,SCHEDULED,120,2.0
2026-08-16T07:05:57Z,1026D79533C2,1026D,,SCHEDULED,0,0.0
2026-08-16T07:05:57Z,1026D79258C7,1026D,,SCHEDULED,0,0.0
2026-08-16T07:05:57Z,1026D79257C7,1026D,,SCHEDULED,0,0.0
2026-08-16T07:05:57Z,1026D79614C10,1026D,,SCHEDULED,60,1.0
2026-08-16T07:05:57Z,1026D79811C8a,1026D,,SCHEDULED,300,5.0
2026-08-16T07:05:57Z,1026D79616C10,1026D,,SCHEDULED,0,0.0
2026-08-16T07:05:57Z,1026D19827C1,1026D,,SCHEDULED,60,1.0
2026-08-16T07:05:57Z,1026D79814C8a,1026D,,SCHEDULED,0,0.0
2026-08-16T07:05:57Z,1026D79813C8a,1026D,,SCHEDULED,0,0.0
2026-08-16T07:05:57Z,1026D19826C1,1026D,,SCHEDULED,0,0.0
2026-08-16T07:05:57Z,1026D19829C1,1026D,,SCHEDULED,0,0.0
2026-08-16T07:05:57Z,1026D76702C5,1026D,,SCHEDULED,240,4.0
2026-08-16T07:05:57Z,1026D79816C8a,1026D,,SCHEDULED,960,16.0
2026-08-16T07:05:57Z,1026D19828C1,1026D,,SCHEDULED,0,0.0
2026-08-16T07:05:57Z,1026D80681C9,1026D,,SCHEDULED,0,0.0
2026-08-16T07:05:57Z,1026D76704C5,1026D,,SCHEDULED,0,0.0
2026-08-16T07:05:57Z,1026D76706C5,1026D,,SCHEDULED,0,0.0
2026-08-16T07:05:57Z,1026D19824C1,1026D,,SCHEDULED,420,7.0
2026-08-16T07:05:57Z,1026D19831C1,1026D,,SCHEDULED,0,0.0
2026-08-16T07:11:06Z,3026D23709C5,3026D,,SCHEDULED,-180,-3.0
2026-08-16T07:11:06Z,3026D23514C1,3026D,,SCHEDULED,360,6.0
2026-08-16T07:11:06Z,3026D23103C3,3026D,,SCHEDULED,0,0.0
2026-08-16T07:11:06Z,3026D35305C2,3026D,,SCHEDULED,0,0.0
2026-08-16T07:11:06Z,3026D23525C1,3026D,,SCHEDULED,0,0.0
2026-08-16T07:11:06Z,3026D23809C5,3026D,,SCHEDULED,0,0.0
2026-08-16T07:11:06Z,3026D23519C1,3026D,,CANCELED,,
2026-08-16T07:11:06Z,3026D23613C4,3026D,,SCHEDULED,360,6.0
2026-08-16T07:11:06Z,3126D23213C1,3126D,,SCHEDULED,1680,28.0
2026-08-16T07:11:06Z,3126D23208C1,3126D,,SCHEDULED,0,0.0
2026-08-16T07:11:06Z,3126D23427T1,3126D,,SCHEDULED,0,0.0
2026-08-16T07:11:06Z,3126D23428T1,3126D,,SCHEDULED,0,0.0
2026-08-16T07:11:06Z,3226D23154C2,3226D,,SCHEDULED,180,3.0
2026-08-16T07:11:06Z,3226D23314C1,3226D,,SCHEDULED,120,2.0
2026-08-16T07:11:06Z,3226D23319C1,3226D,,SCHEDULED,60,1.0
2026-08-16T07:11:06Z,3226D23318C1,3226D,,SCHEDULED,-300,-5.0
2026-08-16T07:11:06Z,4026D24210C1,4026D,,SCHEDULED,-60,-1.0
2026-08-16T07:11:06Z,4026D76607C3,4026D,,SCHEDULED,0,0.0
2026-08-16T07:11:06Z,4026D33720C6,4026D,,SCHEDULED,-180,-3.0
2026-08-16T07:11:06Z,4026D24020C2,4026D,,SCHEDULED,120,2.0
2026-08-16T07:11:06Z,4026D76610C3,4026D,,SCHEDULED,0,0.0
2026-08-16T07:11:06Z,4026D24023C2,4026D,,SCHEDULED,120,2.0
2026-08-16T07:11:06Z,4026D24026C2,4026D,,SCHEDULED,0,0.0
2026-08-16T07:11:06Z,4026D24019C2,4026D,,SCHEDULED,-60,-1.0
2026-08-16T07:11:06Z,4026D24292C1,4026D,,SCHEDULED,-60,-1.0
2026-08-16T07:11:06Z,4026D84026C2,4026D,,SCHEDULED,0,0.0
2026-08-16T07:11:06Z,4026D80005C3,4026D,,SCHEDULED,0,0.0
2026-08-16T07:11:06Z,4026D24311C6,4026D,,SCHEDULED,60,1.0
2026-08-16T07:11:06Z,4026D24310C6,4026D,,SCHEDULED,-60,-1.0
2026-08-16T07:11:06Z,4026D24015C2,4026D,,SCHEDULED,-180,-3.0
2026-08-16T07:11:06Z,4026D24215C1,4026D,,SCHEDULED,0,0.0
2026-08-16T07:11:06Z,4026D24314C6,4026D,,SCHEDULED,0,0.0
2026-08-16T07:11:06Z,4026D24216C1,4026D,,SCHEDULED,0,0.0
2026-08-16T07:11:06Z,5126D15041R13,5126D,,SCHEDULED,1380,23.0
2026-08-16T07:11:06Z,5126D25805R1,5126D,,SCHEDULED,120,2.0
2026-08-16T07:11:06Z,5126D25718R1,5126D,,SCHEDULED,120,2.0
2026-08-16T07:11:06Z,5126D15003R15,5126D,,SCHEDULED,240,4.0
2026-08-16T07:11:06Z,5126D25807R1,5126D,,SCHEDULED,60,1.0
2026-08-16T07:11:06Z,5126D30530R15,5126D,,SCHEDULED,240,4.0
2026-08-16T07:11:06Z,5126D28275R2S,5126D,,SCHEDULED,240,4.0
2026-08-16T07:11:06Z,5126D15034R15,5126D,,SCHEDULED,0,0.0
2026-08-16T07:11:06Z,5126D35535R3,5126D,,SCHEDULED,60,1.0
2026-08-16T07:11:06Z,5126D25510R2S,5126D,,SCHEDULED,360,6.0
2026-08-16T07:11:06Z,5126D77410R4,5126D,,SCHEDULED,1440,24.0
2026-08-16T07:11:06Z,5126D25630R1,5126D,,SCHEDULED,-300,-5.0
2026-08-16T07:11:06Z,5126D77412R4,5126D,,SCHEDULED,2220,37.0
2026-08-16T07:11:06Z,5126D28277R2S,5126D,,SCHEDULED,-60,-1.0
2026-08-16T07:11:06Z,5126D25512R2S,5126D,,SCHEDULED,-60,-1.0
2026-08-16T07:11:06Z,5126D28278R2S,5126D,,SCHEDULED,120,2.0
2026-08-16T07:11:06Z,5126D25511R2S,5126D,,SCHEDULED,120,2.0
2026-08-16T07:11:06Z,5126D77414R4,5126D,,SCHEDULED,180,3.0
2026-08-16T07:11:06Z,5126D25515R2S,5126D,,SCHEDULED,0,0.0
2026-08-16T07:11:06Z,5126D77612R4,5126D,,SCHEDULED,240,4.0
2026-08-16T07:11:06Z,5126D77416R4,5126D,,SCHEDULED,60,1.0
2026-08-16T07:11:06Z,5126D77500R4,5126D,,SCHEDULED,960,16.0
2026-08-16T07:11:06Z,5126D35539R3,5126D,,CANCELED,,
2026-08-16T07:11:06Z,5126D15800R11,5126D,,SCHEDULED,0,0.0
2026-08-16T07:11:06Z,5126D25617R1,5126D,,SCHEDULED,60,1.0
2026-08-16T07:11:06Z,5126D30542R13,5126D,,SCHEDULED,0,0.0
2026-08-16T07:11:06Z,5126D25806R1,5126D,,SCHEDULED,120,2.0
2026-08-16T07:11:06Z,5126D25628R1,5126D,,SCHEDULED,60,1.0
2026-08-16T07:11:06Z,5126D18122R16,5126D,,SCHEDULED,0,0.0
2026-08-16T07:11:06Z,5126D25508R2S,5126D,,SCHEDULED,240,4.0
2026-08-16T07:11:06Z,5126D18123R16,5126D,,SCHEDULED,360,6.0
2026-08-16T07:11:06Z,5126D25620R1,5126D,,SCHEDULED,-60,-1.0
2026-08-16T07:11:06Z,5126D25410R2N,5126D,,SCHEDULED,420,7.0
2026-08-16T07:11:06Z,5126D28416R2N,5126D,,SCHEDULED,0,0.0
2026-08-16T07:11:06Z,5126D25613R1,5126D,,SCHEDULED,180,3.0
2026-08-16T07:11:06Z,5126D28414R2N,5126D,,SCHEDULED,0,0.0
2026-08-16T07:11:06Z,5126D25624R1,5126D,,SCHEDULED,300,5.0
2026-08-16T07:11:06Z,5126D25414R2N,5126D,,SCHEDULED,0,0.0
2026-08-16T07:11:06Z,5126D18093R16,5126D,,SCHEDULED,0,0.0
2026-08-16T07:11:06Z,5126D35525R3,5126D,,SCHEDULED,1560,26.0
2026-08-16T07:11:06Z,5126D77512R4,5126D,,CANCELED,,
2026-08-16T07:11:06Z,5126D77322R3,5126D,,SCHEDULED,1620,27.0
2026-08-16T07:11:06Z,5126D35523R3,5126D,,SCHEDULED,420,7.0
2026-08-16T07:11:06Z,5126D78604R8,5126D,,SCHEDULED,60,1.0
2026-08-16T07:11:06Z,5126D35520R3,5126D,,SCHEDULED,480,8.0
2026-08-16T07:11:06Z,5126D77712R4,5126D,,SCHEDULED,-60,-1.0
2026-08-16T07:11:06Z,5126D77408R4,5126D,,SCHEDULED,0,0.0
2026-08-16T07:11:06Z,5126D77514R4,5126D,,SCHEDULED,240,4.0
2026-08-16T07:11:06Z,5126D77516R4,5126D,,SCHEDULED,120,2.0
2026-08-16T07:11:06Z,5126D77714R4,5126D,,SCHEDULED,180,3.0
2026-08-16T07:11:06Z,5126D77716R4,5126D,,SCHEDULED,720,12.0
2026-08-16T07:11:06Z,5126D77518R4,5126D,,SCHEDULED,180,3.0
2026-08-16T07:11:06Z,6026D29618C1,6026D,,SCHEDULED,0,0.0
2026-08-16T07:11:06Z,6026D26514C3,6026D,,SCHEDULED,60,1.0
2026-08-16T07:11:06Z,6026D26517C3,6026D,,SCHEDULED,60,1.0
2026-08-16T07:11:06Z,6026D29517C2,6026D,,SCHEDULED,120,2.0
2026-08-16T07:11:06Z,6026D29621C1,6026D,,SCHEDULED,0,0.0
2026-08-16T07:11:06Z,6026D71508C4,6026D,,SCHEDULED,0,0.0
2026-08-16T07:11:06Z,6026D29616C1,6026D,,SCHEDULED,60,1.0
2026-08-16T07:11:06Z,6026D26516C3,6026D,,SCHEDULED,0,0.0
2026-08-16T07:11:06Z,6026D71870C5,6026D,,SCHEDULED,360,6.0
2026-08-16T07:11:06Z,6026D29515C2,6026D,,SCHEDULED,180,3.0
2026-08-16T07:11:06Z,6026D29514C2,6026D,,SCHEDULED,180,3.0
2026-08-16T07:11:06Z,6026D29619C1,6026D,,SCHEDULED,120,2.0
2026-08-16T07:11:06Z,6026D26515C3,6026D,,SCHEDULED,0,0.0
2026-08-16T07:11:06Z,6026D26518C3,6026D,,SCHEDULED,0,0.0
2026-08-16T07:11:06Z,6026D29516C2,6026D,,SCHEDULED,0,0.0
2026-08-16T07:11:06Z,6126D32707C1,6126D,,SCHEDULED,-60,-1.0
2026-08-16T07:11:06Z,6126D32706C1,6126D,,SCHEDULED,0,0.0
2026-08-16T07:11:06Z,6126D81705C1,6126D,,SCHEDULED,0,0.0
2026-08-16T07:11:06Z,6126D32704C1,6126D,,SCHEDULED,60,1.0
2026-08-16T07:11:06Z,6126D32705C1,6126D,,SCHEDULED,180,3.0
2026-08-16T07:11:06Z,6226D71352C3,6226D,,SCHEDULED,0,0.0
2026-08-16T07:11:06Z,6226D71155C2,6226D,,SCHEDULED,120,2.0
2026-08-16T07:11:06Z,6226D26913C1,6226D,,SCHEDULED,240,4.0
2026-08-16T07:11:06Z,6226D82354C3,6226D,,SCHEDULED,0,0.0
2026-08-16T07:11:06Z,6226D71357C3,6226D,,SCHEDULED,0,0.0
2026-08-16T07:11:06Z,6226D71157C2,6226D,,SCHEDULED,180,3.0
2026-08-16T07:11:06Z,6226D71850C2,6226D,,SCHEDULED,480,8.0
2026-08-16T07:11:06Z,6226D71158C2,6226D,,SCHEDULED,120,2.0
2026-08-16T07:11:06Z,6226D35918C1,6226D,,SCHEDULED,480,8.0
2026-08-16T07:11:06Z,4626D71800C1,4626D,,SCHEDULED,1200,20.0
2026-08-16T07:11:06Z,4626D71811C1,4626D,,SCHEDULED,180,3.0
2026-08-16T07:11:06Z,4726D71090C1,4726D,,SCHEDULED,1020,17.0
2026-08-16T07:11:06Z,4726D71081C1,4726D,,SCHEDULED,900,15.0
2026-08-16T07:11:06Z,2026D70802C6,2026D,,SCHEDULED,1020,17.0
2026-08-16T07:11:06Z,2026D70207C4,2026D,,SCHEDULED,900,15.0
2026-08-16T07:11:06Z,2026D70405C5,2026D,,SCHEDULED,180,3.0
2026-08-16T07:11:06Z,2026D70306C4,2026D,,SCHEDULED,2220,37.0
2026-08-16T07:11:06Z,2026D70408C5,2026D,,SCHEDULED,0,0.0
2026-08-16T07:11:06Z,2026D70308C4,2026D,,SCHEDULED,0,0.0
2026-08-16T07:11:06Z,2026D70407C5,2026D,,SCHEDULED,60,1.0
2026-08-16T07:11:06Z,2026D70303C4,2026D,,SCHEDULED,0,0.0
2026-08-16T07:11:06Z,2026D22207C2,2026D,,SCHEDULED,240,4.0
2026-08-16T07:11:06Z,2026D22208C2,2026D,,SCHEDULED,120,2.0
2026-08-16T07:11:06Z,2026D70301C4,2026D,,SCHEDULED,1080,18.0
2026-08-16T07:11:06Z,2026D22106C1,2026D,,SCHEDULED,60,1.0
2026-08-16T07:11:06Z,2026D22007C1,2026D,,SCHEDULED,300,5.0
2026-08-16T07:11:06Z,2026D70857C6,2026D,,SCHEDULED,0,0.0
2026-08-16T07:11:06Z,2026D22315C3,2026D,,SCHEDULED,180,3.0
2026-08-16T07:11:06Z,2026D70905C8,2026D,,SCHEDULED,420,7.0
2026-08-16T07:11:06Z,2026D70509C7,2026D,,SCHEDULED,60,1.0
2026-08-16T07:11:06Z,2026D70807C6,2026D,,SCHEDULED,0,0.0
2026-08-16T07:11:06Z,2026D70906C8,2026D,,SCHEDULED,600,10.0
2026-08-16T07:11:06Z,2026D70208C4,2026D,,SCHEDULED,2760,46.0
2026-08-16T07:11:06Z,2026D70406C5,2026D,,SCHEDULED,420,7.0
2026-08-16T07:11:06Z,2026D70852C6,2026D,,SCHEDULED,240,4.0
2026-08-16T07:11:06Z,2026D22319C3,2026D,,SCHEDULED,0,0.0
2026-08-16T07:11:06Z,2026D70510C7,2026D,,SCHEDULED,360,6.0
2026-08-16T07:11:06Z,2026D22012C1,2026D,,SCHEDULED,0,0.0
2026-08-16T07:11:06Z,2026D22210C2,2026D,,SCHEDULED,0,0.0
2026-08-16T07:11:06Z,2026D22312C3,2026D,,SCHEDULED,0,0.0
2026-08-16T07:11:06Z,4126D24751C1,4126D,,SCHEDULED,960,16.0
2026-08-16T07:11:06Z,4126D84906C2,4126D,,SCHEDULED,0,0.0
2026-08-16T07:11:06Z,4126D84910C2,4126D,,SCHEDULED,0,0.0
2026-08-16T07:11:06Z,4126D24706C1,4126D,,SCHEDULED,420,7.0
2026-08-16T07:11:06Z,4126D24725C1,4126D,,SCHEDULED,0,0.0
2026-08-16T07:11:06Z,4526D71706C1,4526D,,SCHEDULED,0,0.0
2026-08-16T07:11:06Z,4526D71704C1,4526D,,SCHEDULED,60,1.0
2026-08-16T07:11:06Z,4526D71707C1,4526D,,SCHEDULED,60,1.0
2026-08-16T07:11:06Z,7026D31548C1,7026D,,SCHEDULED,240,4.0
2026-08-16T07:11:06Z,1026D27427C4b,1026D,,SCHEDULED,480,8.0
2026-08-16T07:11:06Z,1026D79110C7,1026D,,SCHEDULED,3360,56.0
2026-08-16T07:11:06Z,1026D77010C5,1026D,,SCHEDULED,240,4.0
2026-08-16T07:11:06Z,1026D27021C3,1026D,,SCHEDULED,0,0.0
2026-08-16T07:11:06Z,1026D77011C5,1026D,,SCHEDULED,0,0.0
2026-08-16T07:11:06Z,1026D79113C7,1026D,,SCHEDULED,360,6.0
2026-08-16T07:11:06Z,1026D27022C3,1026D,,SCHEDULED,0,0.0
2026-08-16T07:11:06Z,1026D77012C5,1026D,,SCHEDULED,0,0.0
2026-08-16T07:11:06Z,1026D79112C7,1026D,,SCHEDULED,480,8.0
2026-08-16T07:11:06Z,1026D77013C5,1026D,,SCHEDULED,0,0.0
2026-08-16T07:11:06Z,1026D79115C7,1026D,,SCHEDULED,300,5.0
2026-08-16T07:11:06Z,1026D79114C7,1026D,,SCHEDULED,0,0.0
2026-08-16T07:11:06Z,1026D79433C2,1026D,,SCHEDULED,120,2.0
2026-08-16T07:11:06Z,1026D27020C3,1026D,,SCHEDULED,60,1.0
2026-08-16T07:11:06Z,1026D79238C7,1026D,,CANCELED,,
2026-08-16T07:11:06Z,1026D79116C7,1026D,,SCHEDULED,-120,-2.0
2026-08-16T07:11:06Z,1026D79710C10,1026D,,SCHEDULED,60,1.0
2026-08-16T07:11:06Z,1026D76400C5,1026D,,SCHEDULED,120,2.0
2026-08-16T07:11:06Z,1026D27422C4b,1026D,,SCHEDULED,60,1.0
2026-08-16T07:11:06Z,1026D27224C4a,1026D,,SCHEDULED,420,7.0
2026-08-16T07:11:06Z,1026D76401C5,1026D,,SCHEDULED,0,0.0
2026-08-16T07:11:06Z,1026D79437C2,1026D,,SCHEDULED,0,0.0
2026-08-16T07:11:06Z,1026D79712C10,1026D,,SCHEDULED,240,4.0
2026-08-16T07:11:06Z,1026D27230C4a,1026D,,SCHEDULED,360,6.0
2026-08-16T07:11:06Z,1026D76395C5,1026D,,SCHEDULED,0,0.0
2026-08-16T07:11:06Z,1026D27231C4a,1026D,,SCHEDULED,0,0.0
2026-08-16T07:11:06Z,1026D76397C5,1026D,,SCHEDULED,180,3.0
2026-08-16T07:11:06Z,1026D76398C5,1026D,,SCHEDULED,120,2.0
2026-08-16T07:11:06Z,1026D76399C5,1026D,,SCHEDULED,0,0.0
2026-08-16T07:11:06Z,1026D27433C4b,1026D,,SCHEDULED,0,0.0
2026-08-16T07:11:06Z,1026D27232C4a,1026D,,SCHEDULED,0,0.0
2026-08-16T07:11:06Z,1026D27431C4b,1026D,,SCHEDULED,0,0.0
2026-08-16T07:11:06Z,1026D76711C5,1026D,,SCHEDULED,60,1.0
2026-08-16T07:11:06Z,1026D79429C2,1026D,,SCHEDULED,540,9.0
2026-08-16T07:11:06Z,1026D76713C5,1026D,,SCHEDULED,0,0.0
2026-08-16T07:11:06Z,1026D76402C5,1026D,,SCHEDULED,420,7.0
2026-08-16T07:11:06Z,1026D27420C4b,1026D,,SCHEDULED,60,1.0
2026-08-16T07:11:06Z,1026D79957C8b,1026D,,SCHEDULED,60,1.0
2026-08-16T07:11:06Z,1026D76404C5,1026D,,SCHEDULED,0,0.0
2026-08-16T07:11:06Z,1026D79959C8b,1026D,,SCHEDULED,0,0.0
2026-08-16T07:11:06Z,1026D76406C5,1026D,,SCHEDULED,0,0.0
2026-08-16T07:11:06Z,1026D79958C8b,1026D,,SCHEDULED,0,0.0
2026-08-16T07:11:06Z,1026D79261C7,1026D,,SCHEDULED,0,0.0
2026-08-16T07:11:06Z,1026D76391C5,1026D,,SCHEDULED,180,3.0
2026-08-16T07:11:06Z,1026D79262C7,1026D,,SCHEDULED,0,0.0
2026-08-16T07:11:06Z,1026D79265C7,1026D,,SCHEDULED,0,0.0
2026-08-16T07:11:06Z,1026D76393C5,1026D,,SCHEDULED,60,1.0
2026-08-16T07:11:06Z,1026D19831C1,1026D,,SCHEDULED,0,0.0
2026-08-16T07:11:06Z,1026D27018C3,1026D,,SCHEDULED,60,1.0
2026-08-16T07:11:06Z,1026D27019C3,1026D,,SCHEDULED,360,6.0
2026-08-16T07:11:06Z,1026D27016C3,1026D,,SCHEDULED,120,2.0
2026-08-16T07:11:06Z,1026D27017C3,1026D,,SCHEDULED,480,8.0
2026-08-16T07:11:06Z,1026D27418C4b,1026D,,SCHEDULED,0,0.0
2026-08-16T07:11:06Z,1026D27416C4b,1026D,,SCHEDULED,840,14.0
2026-08-16T07:11:06Z,1026D79960C8b,1026D,,SCHEDULED,0,0.0
2026-08-16T07:11:06Z,1026D79246C7,1026D,,SCHEDULED,60,1.0
2026-08-16T07:11:06Z,1026D76215C5,1026D,,SCHEDULED,420,7.0
2026-08-16T07:11:06Z,1026D79525C2,1026D,,SCHEDULED,420,7.0
2026-08-16T07:11:06Z,1026D76216C5,1026D,,SCHEDULED,0,0.0
2026-08-16T07:11:06Z,1026D79527C2,1026D,,SCHEDULED,0,0.0
2026-08-16T07:11:06Z,1026D27227C4a,1026D,,CANCELED,,
2026-08-16T07:11:06Z,1026D27425C4b,1026D,,SCHEDULED,120,2.0
2026-08-16T07:11:06Z,1026D27426C4b,1026D,,SCHEDULED,0,0.0
2026-08-16T07:11:06Z,1026D27228C4a,1026D,,SCHEDULED,300,5.0
2026-08-16T07:11:06Z,1026D27225C4a,1026D,,SCHEDULED,240,4.0
2026-08-16T07:11:06Z,1026D27424C4b,1026D,,SCHEDULED,360,6.0
2026-08-16T07:11:06Z,1026D27429C4b,1026D,,SCHEDULED,120,2.0
2026-08-16T07:11:06Z,1026D79111C7,1026D,,SCHEDULED,3120,52.0
2026-08-16T07:11:06Z,1026D27229C4a,1026D,,SCHEDULED,420,7.0
2026-08-16T07:11:06Z,1026D79250C7,1026D,,SCHEDULED,120,2.0
2026-08-16T07:11:06Z,1026D79251C7,1026D,,SCHEDULED,0,0.0
2026-08-16T07:11:06Z,1026D79254C7,1026D,,SCHEDULED,0,0.0
2026-08-16T07:11:06Z,1026D79253C7,1026D,,SCHEDULED,0,0.0
2026-08-16T07:11:06Z,1026D79531C2,1026D,,SCHEDULED,420,7.0
2026-08-16T07:11:06Z,1026D79258C7,1026D,,SCHEDULED,0,0.0
2026-08-16T07:11:06Z,1026D79533C2,1026D,,SCHEDULED,-120,-2.0
2026-08-16T07:11:06Z,1026D79257C7,1026D,,SCHEDULED,180,3.0
2026-08-16T07:11:06Z,1026D79614C10,1026D,,SCHEDULED,120,2.0
2026-08-16T07:11:06Z,1026D79811C8a,1026D,,SCHEDULED,600,10.0
2026-08-16T07:11:06Z,1026D79616C10,1026D,,SCHEDULED,0,0.0
2026-08-16T07:11:06Z,1026D19827C1,1026D,,SCHEDULED,180,3.0
2026-08-16T07:11:06Z,1026D79814C8a,1026D,,SCHEDULED,300,5.0
2026-08-16T07:11:06Z,1026D79813C8a,1026D,,SCHEDULED,0,0.0
2026-08-16T07:11:06Z,1026D19826C1,1026D,,SCHEDULED,0,0.0
2026-08-16T07:11:06Z,1026D79816C8a,1026D,,SCHEDULED,0,0.0
2026-08-16T07:11:06Z,1026D19829C1,1026D,,SCHEDULED,300,5.0
2026-08-16T07:11:06Z,1026D76702C5,1026D,,SCHEDULED,60,1.0
2026-08-16T07:11:06Z,1026D19828C1,1026D,,SCHEDULED,0,0.0
2026-08-16T07:11:06Z,1026D80681C9,1026D,,SCHEDULED,0,0.0
2026-08-16T07:11:06Z,1026D76704C5,1026D,,SCHEDULED,60,1.0
2026-08-16T07:11:06Z,1026D76706C5,1026D,,SCHEDULED,0,0.0
2026-08-16T07:11:06Z,1026D19824C1,1026D,,SCHEDULED,60,1.0
2026-08-16T07:16:03Z,3026D23709C5,3026D,,SCHEDULED,0,0.0
2026-08-16T07:16:03Z,3026D23520C1,3026D,,SCHEDULED,480,8.0
2026-08-16T07:16:03Z,3026D23103C3,3026D,,SCHEDULED,0,0.0
2026-08-16T07:16:03Z,3026D35305C2,3026D,,SCHEDULED,0,0.0
2026-08-16T07:16:03Z,3026D23525C1,3026D,,SCHEDULED,-60,-1.0
2026-08-16T07:16:03Z,3026D23613C4,3026D,,SCHEDULED,360,6.0
2026-08-16T07:16:03Z,3026D23615C4,3026D,,SCHEDULED,0,0.0
2026-08-16T07:16:03Z,3026D23519C1,3026D,,CANCELED,,
2026-08-16T07:16:03Z,3026D23809C5,3026D,,SCHEDULED,0,0.0
2026-08-16T07:16:03Z,3126D23213C1,3126D,,SCHEDULED,0,0.0
2026-08-16T07:16:03Z,3126D23208C1,3126D,,SCHEDULED,0,0.0
2026-08-16T07:16:03Z,3126D23427T1,3126D,,SCHEDULED,0,0.0
2026-08-16T07:16:03Z,3126D23428T1,3126D,,SCHEDULED,0,0.0
2026-08-16T07:16:03Z,3226D23321C1,3226D,,SCHEDULED,60,1.0
2026-08-16T07:16:03Z,3226D23323C1,3226D,,SCHEDULED,-60,-1.0
2026-08-16T07:16:03Z,3226D23314C1,3226D,,SCHEDULED,60,1.0
2026-08-16T07:16:03Z,3226D23154C2,3226D,,SCHEDULED,180,3.0
2026-08-16T07:16:03Z,3226D23318C1,3226D,,SCHEDULED,0,0.0
2026-08-16T07:16:03Z,4026D24210C1,4026D,,SCHEDULED,60,1.0
2026-08-16T07:16:03Z,4026D76607C3,4026D,,SCHEDULED,0,0.0
2026-08-16T07:16:03Z,4026D33720C6,4026D,,SCHEDULED,60,1.0
2026-08-16T07:16:03Z,4026D24026C2,4026D,,SCHEDULED,0,0.0
2026-08-16T07:16:03Z,4026D76610C3,4026D,,SCHEDULED,0,0.0
2026-08-16T07:16:03Z,4026D24023C2,4026D,,SCHEDULED,120,2.0
2026-08-16T07:16:03Z,4026D24292C1,4026D,,SCHEDULED,60,1.0
2026-08-16T07:16:03Z,4026D80005C3,4026D,,SCHEDULED,0,0.0
2026-08-16T07:16:03Z,4026D24311C6,4026D,,SCHEDULED,120,2.0
2026-08-16T07:16:03Z,4026D24015C2,4026D,,SCHEDULED,-180,-3.0
2026-08-16T07:16:03Z,4026D24215C1,4026D,,SCHEDULED,0,0.0
2026-08-16T07:16:03Z,4026D24314C6,4026D,,SCHEDULED,0,0.0
2026-08-16T07:16:03Z,4026D24216C1,4026D,,SCHEDULED,60,1.0
2026-08-16T07:16:03Z,4026D24019C2,4026D,,SCHEDULED,-60,-1.0
2026-08-16T07:16:03Z,5126D77410R4,5126D,,SCHEDULED,1500,25.0
2026-08-16T07:16:03Z,5126D28279R2S,5126D,,SCHEDULED,0,0.0
2026-08-16T07:16:03Z,5126D77412R4,5126D,,SCHEDULED,180,3.0
2026-08-16T07:16:03Z,5126D28277R2S,5126D,,SCHEDULED,0,0.0
2026-08-16T07:16:03Z,5126D28278R2S,5126D,,SCHEDULED,120,2.0
2026-08-16T07:16:03Z,5126D77414R4,5126D,,SCHEDULED,120,2.0
2026-08-16T07:16:03Z,5126D77612R4,5126D,,SCHEDULED,60,1.0
2026-08-16T07:16:03Z,5126D77416R4,5126D,,SCHEDULED,180,3.0
2026-08-16T07:16:03Z,5126D30530R15,5126D,,SCHEDULED,240,4.0
2026-08-16T07:16:03Z,5126D25613R1,5126D,,SCHEDULED,120,2.0
2026-08-16T07:16:03Z,5126D25414R2N,5126D,,SCHEDULED,0,0.0
2026-08-16T07:16:03Z,5126D25510R2S,5126D,,SCHEDULED,420,7.0
2026-08-16T07:16:03Z,5126D25615R1,5126D,,SCHEDULED,60,1.0
2026-08-16T07:16:03Z,5126D35525R3,5126D,,SCHEDULED,1560,26.0
2026-08-16T07:16:03Z,5126D77322R3,5126D,,SCHEDULED,1560,26.0
2026-08-16T07:16:03Z,5126D25512R2S,5126D,,SCHEDULED,-60,-1.0
2026-08-16T07:16:03Z,5126D35523R3,5126D,,SCHEDULED,420,7.0
2026-08-16T07:16:03Z,5126D35531R3,5126D,,SCHEDULED,660,11.0
2026-08-16T07:16:03Z,5126D35520R3,5126D,,SCHEDULED,480,8.0
2026-08-16T07:16:03Z,5126D25511R2S,5126D,,SCHEDULED,0,0.0
2026-08-16T07:16:03Z,5126D77408R4,5126D,,SCHEDULED,60,1.0
2026-08-16T07:16:03Z,5126D25515R2S,5126D,,SCHEDULED,0,0.0
2026-08-16T07:16:03Z,5126D35539R3,5126D,,CANCELED,,
2026-08-16T07:16:03Z,5126D25617R1,5126D,,SCHEDULED,-120,-2.0
2026-08-16T07:16:03Z,5126D77500R4,5126D,,SCHEDULED,720,12.0
2026-08-16T07:16:03Z,5126D18122R16,5126D,,SCHEDULED,0,0.0
2026-08-16T07:16:03Z,5126D18123R16,5126D,,SCHEDULED,360,6.0
2026-08-16T07:16:03Z,5126D25410R2N,5126D,,SCHEDULED,600,10.0
2026-08-16T07:16:03Z,5126D30542R13,5126D,,SCHEDULED,0,0.0
2026-08-16T07:16:03Z,5126D25628R1,5126D,,SCHEDULED,180,3.0
2026-08-16T07:16:03Z,5126D25806R1,5126D,,SCHEDULED,180,3.0
2026-08-16T07:16:03Z,5126D25508R2S,5126D,,SCHEDULED,240,4.0
2026-08-16T07:16:03Z,5126D25620R1,5126D,,SCHEDULED,-60,-1.0
2026-08-16T07:16:03Z,5126D15041R13,5126D,,SCHEDULED,1380,23.0
2026-08-16T07:16:03Z,5126D25805R1,5126D,,SCHEDULED,0,0.0
2026-08-16T07:16:03Z,5126D15003R15,5126D,,SCHEDULED,180,3.0
2026-08-16T07:16:03Z,5126D25807R1,5126D,,SCHEDULED,0,0.0
2026-08-16T07:16:03Z,5126D28275R2S,5126D,,SCHEDULED,240,4.0
2026-08-16T07:16:03Z,5126D28416R2N,5126D,,SCHEDULED,60,1.0
2026-08-16T07:16:03Z,5126D28276R2S,5126D,,SCHEDULED,240,4.0
2026-08-16T07:16:03Z,5126D28414R2N,5126D,,SCHEDULED,60,1.0
2026-08-16T07:16:03Z,5126D25624R1,5126D,,SCHEDULED,180,3.0
2026-08-16T07:16:03Z,5126D35535R3,5126D,,SCHEDULED,180,3.0
2026-08-16T07:16:03Z,5126D18093R16,5126D,,SCHEDULED,0,0.0
2026-08-16T07:16:03Z,5126D77512R4,5126D,,CANCELED,,
2026-08-16T07:16:03Z,5126D77514R4,5126D,,SCHEDULED,180,3.0
2026-08-16T07:16:03Z,5126D77516R4,5126D,,SCHEDULED,60,1.0
2026-08-16T07:16:03Z,5126D77714R4,5126D,,SCHEDULED,0,0.0
2026-08-16T07:16:03Z,5126D77716R4,5126D,,SCHEDULED,660,11.0
2026-08-16T07:16:03Z,5126D77518R4,5126D,,SCHEDULED,240,4.0
2026-08-16T07:16:03Z,6026D29618C1,6026D,,SCHEDULED,0,0.0
2026-08-16T07:16:03Z,6026D26514C3,6026D,,SCHEDULED,0,0.0
2026-08-16T07:16:03Z,6026D26517C3,6026D,,SCHEDULED,0,0.0
2026-08-16T07:16:03Z,6026D29517C2,6026D,,SCHEDULED,180,3.0
2026-08-16T07:16:03Z,6026D26516C3,6026D,,SCHEDULED,0,0.0
2026-08-16T07:16:03Z,6026D29516C2,6026D,,SCHEDULED,0,0.0
2026-08-16T07:16:03Z,6026D71870C5,6026D,,SCHEDULED,300,5.0
2026-08-16T07:16:03Z,6026D29621C1,6026D,,SCHEDULED,0,0.0
2026-08-16T07:16:03Z,6026D29514C2,6026D,,SCHEDULED,180,3.0
2026-08-16T07:16:03Z,6026D26515C3,6026D,,SCHEDULED,60,1.0
2026-08-16T07:16:03Z,6026D26518C3,6026D,,SCHEDULED,0,0.0
2026-08-16T07:16:03Z,6026D71508C4,6026D,,SCHEDULED,-60,-1.0
2026-08-16T07:16:03Z,6126D32707C1,6126D,,SCHEDULED,0,0.0
2026-08-16T07:16:03Z,6126D32704C1,6126D,,SCHEDULED,60,1.0
2026-08-16T07:16:03Z,6126D81705C1,6126D,,SCHEDULED,0,0.0
2026-08-16T07:16:03Z,6126D32705C1,6126D,,SCHEDULED,180,3.0
2026-08-16T07:16:03Z,6126D32706C1,6126D,,SCHEDULED,60,1.0
2026-08-16T07:16:03Z,6226D71155C2,6226D,,SCHEDULED,180,3.0
2026-08-16T07:16:03Z,6226D26913C1,6226D,,SCHEDULED,240,4.0
2026-08-16T07:16:03Z,6226D35918C1,6226D,,SCHEDULED,480,8.0
2026-08-16T07:16:03Z,6226D71158C2,6226D,,SCHEDULED,300,5.0
2026-08-16T07:16:03Z,6226D71357C3,6226D,,SCHEDULED,0,0.0
2026-08-16T07:16:03Z,6226D71157C2,6226D,,SCHEDULED,180,3.0
2026-08-16T07:16:03Z,4626D71800C1,4626D,,SCHEDULED,1080,18.0
2026-08-16T07:16:03Z,4626D71811C1,4626D,,SCHEDULED,420,7.0
2026-08-16T07:16:03Z,4726D71090C1,4726D,,SCHEDULED,1020,17.0
2026-08-16T07:16:03Z,4726D71081C1,4726D,,SCHEDULED,900,15.0
2026-08-16T07:16:03Z,2026D70405C5,2026D,,SCHEDULED,4200,70.0
2026-08-16T07:16:03Z,2026D70207C4,2026D,,SCHEDULED,1200,20.0
2026-08-16T07:16:03Z,2026D70306C4,2026D,,SCHEDULED,2160,36.0
2026-08-16T07:16:03Z,2026D70408C5,2026D,,SCHEDULED,120,2.0
2026-08-16T07:16:03Z,2026D70308C4,2026D,,SCHEDULED,0,0.0
2026-08-16T07:16:03Z,2026D70407C5,2026D,,SCHEDULED,180,3.0
2026-08-16T07:16:03Z,2026D70301C4,2026D,,SCHEDULED,1080,18.0
2026-08-16T07:16:03Z,2026D22007C1,2026D,,SCHEDULED,360,6.0
2026-08-16T07:16:03Z,2026D22106C1,2026D,,SCHEDULED,0,0.0
2026-08-16T07:16:03Z,2026D70857C6,2026D,,SCHEDULED,0,0.0
2026-08-16T07:16:03Z,2026D70303C4,2026D,,SCHEDULED,120,2.0
2026-08-16T07:16:03Z,2026D22207C2,2026D,,SCHEDULED,120,2.0
2026-08-16T07:16:03Z,2026D22208C2,2026D,,SCHEDULED,420,7.0
2026-08-16T07:16:03Z,2026D22209C2,2026D,,SCHEDULED,0,0.0
2026-08-16T07:16:03Z,2026D22312C3,2026D,,SCHEDULED,300,5.0
2026-08-16T07:16:03Z,2026D22315C3,2026D,,SCHEDULED,240,4.0
2026-08-16T07:16:03Z,2026D70905C8,2026D,,SCHEDULED,60,1.0
2026-08-16T07:16:03Z,2026D70509C7,2026D,,SCHEDULED,0,0.0
2026-08-16T07:16:03Z,2026D70807C6,2026D,,SCHEDULED,0,0.0
2026-08-16T07:16:03Z,2026D70906C8,2026D,,SCHEDULED,120,2.0
2026-08-16T07:16:03Z,2026D70406C5,2026D,,SCHEDULED,180,3.0
2026-08-16T07:16:03Z,2026D70852C6,2026D,,SCHEDULED,240,4.0
2026-08-16T07:16:03Z,2026D22319C3,2026D,,SCHEDULED,0,0.0
2026-08-16T07:16:03Z,2026D70510C7,2026D,,SCHEDULED,60,1.0
2026-08-16T07:16:03Z,2026D22011C1,2026D,,SCHEDULED,120,2.0
2026-08-16T07:16:03Z,2026D22012C1,2026D,,SCHEDULED,0,0.0
2026-08-16T07:16:03Z,2026D22210C2,2026D,,SCHEDULED,0,0.0
2026-08-16T07:16:03Z,4126D24751C1,4126D,,SCHEDULED,1320,22.0
2026-08-16T07:16:03Z,4126D84907C2,4126D,,SCHEDULED,0,0.0
2026-08-16T07:16:03Z,4126D84906C2,4126D,,SCHEDULED,0,0.0
2026-08-16T07:16:03Z,4126D84910C2,4126D,,SCHEDULED,0,0.0
2026-08-16T07:16:03Z,4126D24725C1,4126D,,SCHEDULED,0,0.0
2026-08-16T07:16:03Z,4526D71706C1,4526D,,SCHEDULED,0,0.0
2026-08-16T07:16:03Z,4526D71704C1,4526D,,SCHEDULED,0,0.0
2026-08-16T07:16:03Z,4526D71707C1,4526D,,SCHEDULED,60,1.0
2026-08-16T07:16:03Z,7026D31513C1,7026D,,SCHEDULED,0,0.0
2026-08-16T07:16:03Z,7026D31548C1,7026D,,SCHEDULED,60,1.0
2026-08-16T07:16:03Z,1026D27020C3,1026D,,SCHEDULED,120,2.0
2026-08-16T07:16:03Z,1026D79238C7,1026D,,CANCELED,,
2026-08-16T07:16:03Z,1026D79116C7,1026D,,SCHEDULED,180,3.0
2026-08-16T07:16:03Z,1026D79710C10,1026D,,SCHEDULED,0,0.0
2026-08-16T07:16:03Z,1026D76400C5,1026D,,SCHEDULED,0,0.0
2026-08-16T07:16:03Z,1026D27422C4b,1026D,,SCHEDULED,60,1.0
2026-08-16T07:16:03Z,1026D27224C4a,1026D,,SCHEDULED,540,9.0
2026-08-16T07:16:03Z,1026D76401C5,1026D,,SCHEDULED,0,0.0
2026-08-16T07:16:03Z,1026D79437C2,1026D,,SCHEDULED,0,0.0
2026-08-16T07:16:03Z,1026D79712C10,1026D,,SCHEDULED,540,9.0
2026-08-16T07:16:03Z,1026D76402C5,1026D,,SCHEDULED,120,2.0
2026-08-16T07:16:03Z,1026D27420C4b,1026D,,SCHEDULED,60,1.0
2026-08-16T07:16:03Z,1026D77010C5,1026D,,SCHEDULED,60,1.0
2026-08-16T07:16:03Z,1026D27021C3,1026D,,SCHEDULED,0,0.0
2026-08-16T07:16:03Z,1026D77011C5,1026D,,SCHEDULED,0,0.0
2026-08-16T07:16:03Z,1026D79113C7,1026D,,SCHEDULED,600,10.0
2026-08-16T07:16:03Z,1026D27022C3,1026D,,SCHEDULED,0,0.0
2026-08-16T07:16:03Z,1026D77012C5,1026D,,SCHEDULED,0,0.0
2026-08-16T07:16:03Z,1026D79112C7,1026D,,SCHEDULED,120,2.0
2026-08-16T07:16:03Z,1026D77013C5,1026D,,SCHEDULED,0,0.0
2026-08-16T07:16:03Z,1026D79115C7,1026D,,SCHEDULED,600,10.0
2026-08-16T07:16:03Z,1026D77014C5,1026D,,SCHEDULED,0,0.0
2026-08-16T07:16:03Z,1026D79114C7,1026D,,SCHEDULED,60,1.0
2026-08-16T07:16:03Z,1026D79433C2,1026D,,SCHEDULED,480,8.0
2026-08-16T07:16:03Z,1026D27231C4a,1026D,,SCHEDULED,0,0.0
2026-08-16T07:16:03Z,1026D76397C5,1026D,,SCHEDULED,0,0.0
2026-08-16T07:16:03Z,1026D76398C5,1026D,,SCHEDULED,240,4.0
2026-08-16T07:16:03Z,1026D27018C3,1026D,,SCHEDULED,60,1.0
2026-08-16T07:16:03Z,1026D76399C5,1026D,,SCHEDULED,0,0.0
2026-08-16T07:16:03Z,1026D27433C4b,1026D,,SCHEDULED,0,0.0
2026-08-16T07:16:03Z,1026D27019C3,1026D,,SCHEDULED,300,5.0
2026-08-16T07:16:03Z,1026D27232C4a,1026D,,SCHEDULED,0,0.0
2026-08-16T07:16:03Z,1026D27016C3,1026D,,SCHEDULED,60,1.0
2026-08-16T07:16:03Z,1026D27233C4a,1026D,,SCHEDULED,0,0.0
2026-08-16T07:16:03Z,1026D27017C3,1026D,,SCHEDULED,540,9.0
2026-08-16T07:16:03Z,1026D27431C4b,1026D,,SCHEDULED,120,2.0
2026-08-16T07:16:03Z,1026D76711C5,1026D,,SCHEDULED,120,2.0
2026-08-16T07:16:03Z,1026D27418C4b,1026D,,SCHEDULED,120,2.0
2026-08-16T07:16:03Z,1026D79429C2,1026D,,SCHEDULED,360,6.0
2026-08-16T07:16:03Z,1026D27416C4b,1026D,,SCHEDULED,780,13.0
2026-08-16T07:16:03Z,1026D79960C8b,1026D,,SCHEDULED,0,0.0
2026-08-16T07:16:03Z,1026D76713C5,1026D,,SCHEDULED,180,3.0
2026-08-16T07:16:03Z,1026D76215C5,1026D,,SCHEDULED,300,5.0
2026-08-16T07:16:03Z,1026D79525C2,1026D,,SCHEDULED,240,4.0
2026-08-16T07:16:03Z,1026D76715C5,1026D,,SCHEDULED,0,0.0
2026-08-16T07:16:03Z,1026D76216C5,1026D,,SCHEDULED,0,0.0
2026-08-16T07:16:03Z,1026D79957C8b,1026D,,SCHEDULED,180,3.0
2026-08-16T07:16:03Z,1026D79527C2,1026D,,SCHEDULED,240,4.0
2026-08-16T07:16:03Z,1026D76404C5,1026D,,SCHEDULED,120,2.0
2026-08-16T07:16:03Z,1026D79959C8b,1026D,,SCHEDULED,60,1.0
2026-08-16T07:16:03Z,1026D76406C5,1026D,,SCHEDULED,0,0.0
2026-08-16T07:16:03Z,1026D19833C1,1026D,,SCHEDULED,0,0.0
2026-08-16T07:16:03Z,1026D79958C8b,1026D,,SCHEDULED,180,3.0
2026-08-16T07:16:03Z,1026D76408C5,1026D,,SCHEDULED,0,0.0
2026-08-16T07:16:03Z,1026D27227C4a,1026D,,CANCELED,,
2026-08-16T07:16:03Z,1026D27425C4b,1026D,,SCHEDULED,180,3.0
2026-08-16T07:16:03Z,1026D27426C4b,1026D,,SCHEDULED,0,0.0
2026-08-16T07:16:03Z,1026D79261C7,1026D,,SCHEDULED,300,5.0
2026-08-16T07:16:03Z,1026D27228C4a,1026D,,SCHEDULED,180,3.0
2026-08-16T07:16:03Z,1026D79262C7,1026D,,SCHEDULED,0,0.0
2026-08-16T07:16:03Z,1026D27225C4a,1026D,,SCHEDULED,0,0.0
2026-08-16T07:16:03Z,1026D79265C7,1026D,,SCHEDULED,-60,-1.0
2026-08-16T07:16:03Z,1026D27424C4b,1026D,,SCHEDULED,660,11.0
2026-08-16T07:16:03Z,1026D76393C5,1026D,,SCHEDULED,180,3.0
2026-08-16T07:16:03Z,1026D27230C4a,1026D,,SCHEDULED,120,2.0
2026-08-16T07:16:03Z,1026D27226C4a,1026D,,SCHEDULED,120,2.0
2026-08-16T07:16:03Z,1026D27429C4b,1026D,,SCHEDULED,180,3.0
2026-08-16T07:16:03Z,1026D76395C5,1026D,,SCHEDULED,120,2.0
2026-08-16T07:16:03Z,1026D79111C7,1026D,,SCHEDULED,3420,57.0
2026-08-16T07:16:03Z,1026D27229C4a,1026D,,SCHEDULED,420,7.0
2026-08-16T07:16:03Z,1026D79250C7,1026D,,SCHEDULED,240,4.0
2026-08-16T07:16:03Z,1026D27427C4b,1026D,,SCHEDULED,720,12.0
2026-08-16T07:16:03Z,1026D79254C7,1026D,,SCHEDULED,60,1.0
2026-08-16T07:16:03Z,1026D79110C7,1026D,,SCHEDULED,3660,61.0
2026-08-16T07:16:03Z,1026D79253C7,1026D,,SCHEDULED,0,0.0
2026-08-16T07:16:03Z,1026D79531C2,1026D,,SCHEDULED,720,12.0
2026-08-16T07:16:03Z,1026D79258C7,1026D,,SCHEDULED,0,0.0
2026-08-16T07:16:03Z,1026D79533C2,1026D,,SCHEDULED,180,3.0
2026-08-16T07:16:03Z,1026D79257C7,1026D,,SCHEDULED,480,8.0
2026-08-16T07:16:03Z,1026D79614C10,1026D,,SCHEDULED,60,1.0
2026-08-16T07:16:03Z,1026D79811C8a,1026D,,SCHEDULED,180,3.0
2026-08-16T07:16:03Z,1026D79616C10,1026D,,SCHEDULED,180,3.0
2026-08-16T07:16:03Z,1026D79814C8a,1026D,,SCHEDULED,600,10.0
2026-08-16T07:16:03Z,1026D79813C8a,1026D,,SCHEDULED,0,0.0
2026-08-16T07:16:03Z,1026D19826C1,1026D,,SCHEDULED,240,4.0
2026-08-16T07:16:03Z,1026D79618C10,1026D,,SCHEDULED,0,0.0
2026-08-16T07:16:03Z,1026D79816C8a,1026D,,SCHEDULED,300,5.0
2026-08-16T07:16:03Z,1026D19829C1,1026D,,SCHEDULED,60,1.0
2026-08-16T07:16:03Z,1026D19828C1,1026D,,SCHEDULED,0,0.0
2026-08-16T07:16:03Z,1026D80681C9,1026D,,SCHEDULED,0,0.0
2026-08-16T07:16:03Z,1026D76704C5,1026D,,SCHEDULED,0,0.0
2026-08-16T07:16:03Z,1026D76706C5,1026D,,SCHEDULED,0,0.0
2026-08-16T07:16:03Z,1026D19824C1,1026D,,SCHEDULED,0,0.0
2026-08-16T07:16:03Z,1026D19831C1,1026D,,SCHEDULED,0,0.0
2026-08-16T07:21:03Z,3026D23709C5,3026D,,SCHEDULED,0,0.0
2026-08-16T07:21:03Z,3026D23520C1,3026D,,SCHEDULED,240,4.0
2026-08-16T07:21:03Z,3026D23103C3,3026D,,SCHEDULED,0,0.0
2026-08-16T07:21:03Z,3026D35305C2,3026D,,SCHEDULED,0,0.0
2026-08-16T07:21:03Z,3026D23525C1,3026D,,SCHEDULED,0,0.0
2026-08-16T07:21:03Z,3026D23613C4,3026D,,SCHEDULED,180,3.0
2026-08-16T07:21:03Z,3026D23615C4,3026D,,SCHEDULED,0,0.0
2026-08-16T07:21:03Z,3026D23529C1,3026D,,SCHEDULED,0,0.0
2026-08-16T07:21:03Z,3026D23809C5,3026D,,SCHEDULED,360,6.0
2026-08-16T07:21:03Z,3026D23519C1,3026D,,CANCELED,,
2026-08-16T07:21:03Z,3126D23213C1,3126D,,SCHEDULED,0,0.0
2026-08-16T07:21:03Z,3126D23428T1,3126D,,SCHEDULED,0,0.0
2026-08-16T07:21:03Z,3126D23427T1,3126D,,SCHEDULED,0,0.0
2026-08-16T07:21:03Z,3226D23321C1,3226D,,SCHEDULED,60,1.0
2026-08-16T07:21:03Z,3226D23323C1,3226D,,SCHEDULED,0,0.0
2026-08-16T07:21:03Z,3226D23154C2,3226D,,SCHEDULED,60,1.0
2026-08-16T07:21:03Z,3226D23318C1,3226D,,SCHEDULED,0,0.0
2026-08-16T07:21:03Z,4026D76607C3,4026D,,SCHEDULED,0,0.0
2026-08-16T07:21:03Z,4026D33720C6,4026D,,SCHEDULED,60,1.0
2026-08-16T07:21:03Z,4026D76610C3,4026D,,SCHEDULED,0,0.0
2026-08-16T07:21:03Z,4026D24023C2,4026D,,SCHEDULED,120,2.0
2026-08-16T07:21:03Z,4026D24026C2,4026D,,SCHEDULED,0,0.0
2026-08-16T07:21:03Z,4026D24019C2,4026D,,SCHEDULED,-120,-2.0
2026-08-16T07:21:03Z,4026D24292C1,4026D,,SCHEDULED,60,1.0
2026-08-16T07:21:03Z,4026D80005C3,4026D,,SCHEDULED,0,0.0
2026-08-16T07:21:03Z,4026D24311C6,4026D,,SCHEDULED,-60,-1.0
2026-08-16T07:21:03Z,4026D24310C6,4026D,,SCHEDULED,-60,-1.0
2026-08-16T07:21:03Z,4026D24215C1,4026D,,SCHEDULED,-60,-1.0
2026-08-16T07:21:03Z,4026D24314C6,4026D,,SCHEDULED,0,0.0
2026-08-16T07:21:03Z,4026D24216C1,4026D,,SCHEDULED,0,0.0
2026-08-16T07:21:03Z,5126D77410R4,5126D,,SCHEDULED,1380,23.0
2026-08-16T07:21:03Z,5126D77412R4,5126D,,SCHEDULED,2340,39.0
2026-08-16T07:21:03Z,5126D28277R2S,5126D,,SCHEDULED,-60,-1.0
2026-08-16T07:21:03Z,5126D28278R2S,5126D,,SCHEDULED,180,3.0
2026-08-16T07:21:03Z,5126D77414R4,5126D,,SCHEDULED,60,1.0
2026-08-16T07:21:03Z,5126D77612R4,5126D,,SCHEDULED,120,2.0
2026-08-16T07:21:03Z,5126D77416R4,5126D,,SCHEDULED,180,3.0
2026-08-16T07:21:03Z,5126D25806R1,5126D,,SCHEDULED,60,1.0
2026-08-16T07:21:03Z,5126D15041R13,5126D,,SCHEDULED,1380,23.0
2026-08-16T07:21:03Z,5126D25805R1,5126D,,SCHEDULED,-60,-1.0
2026-08-16T07:21:03Z,5126D25808R1,5126D,,SCHEDULED,120,2.0
2026-08-16T07:21:03Z,5126D15003R15,5126D,,SCHEDULED,240,4.0
2026-08-16T07:21:03Z,5126D25807R1,5126D,,SCHEDULED,0,0.0
2026-08-16T07:21:03Z,5126D28275R2S,5126D,,SCHEDULED,240,4.0
2026-08-16T07:21:03Z,5126D28276R2S,5126D,,SCHEDULED,180,3.0
2026-08-16T07:21:03Z,5126D35535R3,5126D,,SCHEDULED,-60,-1.0
2026-08-16T07:21:03Z,5126D25613R1,5126D,,SCHEDULED,180,3.0
2026-08-16T07:21:03Z,5126D25615R1,5126D,,SCHEDULED,120,2.0
2026-08-16T07:21:03Z,5126D77718R4,5126D,,SCHEDULED,120,2.0
2026-08-16T07:21:03Z,5126D35525R3,5126D,,SCHEDULED,1500,25.0
2026-08-16T07:21:03Z,5126D77322R3,5126D,,SCHEDULED,1560,26.0
2026-08-16T07:21:03Z,5126D15034R15,5126D,,SCHEDULED,-60,-1.0
2026-08-16T07:21:03Z,5126D35523R3,5126D,,SCHEDULED,420,7.0
2026-08-16T07:21:03Z,5126D35520R3,5126D,,SCHEDULED,480,8.0
2026-08-16T07:21:03Z,5126D25510R2S,5126D,,SCHEDULED,540,9.0
2026-08-16T07:21:03Z,5126D77408R4,5126D,,SCHEDULED,180,3.0
2026-08-16T07:21:03Z,5126D25512R2S,5126D,,SCHEDULED,180,3.0
2026-08-16T07:21:03Z,5126D30581R15,5126D,,SCHEDULED,1020,17.0
2026-08-16T07:21:03Z,5126D35531R3,5126D,,SCHEDULED,660,11.0
2026-08-16T07:21:03Z,5126D35539R3,5126D,,CANCELED,,
2026-08-16T07:21:03Z,5126D25511R2S,5126D,,SCHEDULED,120,2.0
2026-08-16T07:21:03Z,5126D15800R11,5126D,,SCHEDULED,0,0.0
2026-08-16T07:21:03Z,5126D25617R1,5126D,,SCHEDULED,60,1.0
2026-08-16T07:21:03Z,5126D25513R2S,5126D,,SCHEDULED,0,0.0
2026-08-16T07:21:03Z,5126D25515R2S,5126D,,SCHEDULED,60,1.0
2026-08-16T07:21:03Z,5126D25619R1,5126D,,SCHEDULED,60,1.0
2026-08-16T07:21:03Z,5126D18122R16,5126D,,SCHEDULED,0,0.0
2026-08-16T07:21:03Z,5126D77500R4,5126D,,SCHEDULED,600,10.0
2026-08-16T07:21:03Z,5126D18123R16,5126D,,SCHEDULED,360,6.0
2026-08-16T07:21:03Z,5126D25412R2N,5126D,,SCHEDULED,240,4.0
2026-08-16T07:21:03Z,5126D25628R1,5126D,,SCHEDULED,120,2.0
2026-08-16T07:21:03Z,5126D30542R13,5126D,,SCHEDULED,0,0.0
2026-08-16T07:21:03Z,5126D25508R2S,5126D,,SCHEDULED,120,2.0
2026-08-16T07:21:03Z,5126D25620R1,5126D,,SCHEDULED,0,0.0
2026-08-16T07:21:03Z,5126D28416R2N,5126D,,SCHEDULED,120,2.0
2026-08-16T07:21:03Z,5126D28414R2N,5126D,,SCHEDULED,180,3.0
2026-08-16T07:21:03Z,5126D15061R17,5126D,,SCHEDULED,240,4.0
2026-08-16T07:21:03Z,5126D25624R1,5126D,,SCHEDULED,120,2.0
2026-08-16T07:21:03Z,5126D18093R16,5126D,,SCHEDULED,0,0.0
2026-08-16T07:21:03Z,5126D15906R11,5126D,,SCHEDULED,120,2.0
2026-08-16T07:21:03Z,5126D77512R4,5126D,,CANCELED,,
2026-08-16T07:21:03Z,5126D77514R4,5126D,,SCHEDULED,0,0.0
2026-08-16T07:21:03Z,5126D77516R4,5126D,,SCHEDULED,0,0.0
2026-08-16T07:21:03Z,5126D77714R4,5126D,,SCHEDULED,180,3.0
2026-08-16T07:21:03Z,5126D77716R4,5126D,,SCHEDULED,600,10.0
2026-08-16T07:21:03Z,5126D77518R4,5126D,,SCHEDULED,180,3.0
2026-08-16T07:21:03Z,6026D26515C3,6026D,,SCHEDULED,0,0.0
2026-08-16T07:21:03Z,6026D29519C2,6026D,,SCHEDULED,0,0.0
2026-08-16T07:21:03Z,6026D29618C1,6026D,,SCHEDULED,0,0.0
2026-08-16T07:21:03Z,6026D26517C3,6026D,,SCHEDULED,60,1.0
2026-08-16T07:21:03Z,6026D29621C1,6026D,,SCHEDULED,60,1.0
2026-08-16T07:21:03Z,6026D71508C4,6026D,,SCHEDULED,0,0.0
2026-08-16T07:21:03Z,6026D71511C4,6026D,,SCHEDULED,0,0.0
2026-08-16T07:21:03Z,6026D29517C2,6026D,,SCHEDULED,60,1.0
2026-08-16T07:21:03Z,6026D26519C3,6026D,,SCHEDULED,0,0.0
2026-08-16T07:21:03Z,6026D26518C3,6026D,,SCHEDULED,0,0.0
2026-08-16T07:21:03Z,6026D29516C2,6026D,,SCHEDULED,0,0.0
2026-08-16T07:21:03Z,6026D71870C5,6026D,,SCHEDULED,360,6.0
2026-08-16T07:21:03Z,6026D29514C2,6026D,,SCHEDULED,180,3.0
2026-08-16T07:21:03Z,6126D32707C1,6126D,,SCHEDULED,60,1.0
2026-08-16T07:21:03Z,6126D32704C1,6126D,,SCHEDULED,-60,-1.0
2026-08-16T07:21:03Z,6126D81705C1,6126D,,SCHEDULED,0,0.0
2026-08-16T07:21:03Z,6126D32706C1,6126D,,SCHEDULED,-60,-1.0
2026-08-16T07:21:03Z,6226D26913C1,6226D,,SCHEDULED,180,3.0
2026-08-16T07:21:03Z,6226D35918C1,6226D,,SCHEDULED,480,8.0
2026-08-16T07:21:03Z,6226D71357C3,6226D,,SCHEDULED,0,0.0
2026-08-16T07:21:03Z,6226D71157C2,6226D,,SCHEDULED,360,6.0
2026-08-16T07:21:03Z,6226D71158C2,6226D,,SCHEDULED,360,6.0
2026-08-16T07:21:03Z,4626D71800C1,4626D,,SCHEDULED,1080,18.0
2026-08-16T07:21:03Z,4626D71811C1,4626D,,SCHEDULED,420,7.0
2026-08-16T07:21:03Z,4726D71090C1,4726D,,SCHEDULED,1140,19.0
2026-08-16T07:21:03Z,4726D71093C1,4726D,,SCHEDULED,0,0.0
2026-08-16T07:21:03Z,4726D71081C1,4726D,,SCHEDULED,960,16.0
2026-08-16T07:21:03Z,2026D70208C4,2026D,,SCHEDULED,2640,44.0
2026-08-16T07:21:03Z,2026D70405C5,2026D,,SCHEDULED,4500,75.0
2026-08-16T07:21:03Z,2026D70207C4,2026D,,CANCELED,,
2026-08-16T07:21:03Z,2026D70306C4,2026D,,SCHEDULED,2100,35.0
2026-08-16T07:21:03Z,2026D70408C5,2026D,,SCHEDULED,420,7.0
2026-08-16T07:21:03Z,2026D70308C4,2026D,,SCHEDULED,0,0.0
2026-08-16T07:21:03Z,2026D70407C5,2026D,,SCHEDULED,180,3.0
2026-08-16T07:21:03Z,2026D70301C4,2026D,,SCHEDULED,1140,19.0
2026-08-16T07:21:03Z,2026D22007C1,2026D,,SCHEDULED,5520,92.0
2026-08-16T07:21:03Z,2026D22106C1,2026D,,SCHEDULED,60,1.0
2026-08-16T07:21:03Z,2026D70857C6,2026D,,SCHEDULED,0,0.0
2026-08-16T07:21:03Z,2026D70303C4,2026D,,SCHEDULED,0,0.0
2026-08-16T07:21:03Z,2026D22207C2,2026D,,SCHEDULED,60,1.0
2026-08-16T07:21:03Z,2026D22208C2,2026D,,SCHEDULED,720,12.0
2026-08-16T07:21:03Z,2026D22209C2,2026D,,SCHEDULED,0,0.0
2026-08-16T07:21:03Z,2026D22012C1,2026D,,SCHEDULED,0,0.0
2026-08-16T07:21:03Z,2026D70905C8,2026D,,SCHEDULED,0,0.0
2026-08-16T07:21:03Z,2026D70509C7,2026D,,SCHEDULED,240,4.0
2026-08-16T07:21:03Z,2026D70807C6,2026D,,SCHEDULED,60,1.0
2026-08-16T07:21:03Z,2026D70906C8,2026D,,SCHEDULED,180,3.0
2026-08-16T07:21:03Z,2026D70406C5,2026D,,SCHEDULED,60,1.0
2026-08-16T07:21:03Z,2026D22316C3,2026D,,SCHEDULED,0,0.0
2026-08-16T07:21:03Z,2026D70852C6,2026D,,SCHEDULED,60,1.0
2026-08-16T07:21:03Z,2026D22319C3,2026D,,SCHEDULED,0,0.0
2026-08-16T07:21:03Z,2026D70510C7,2026D,,SCHEDULED,60,1.0
2026-08-16T07:21:03Z,2026D22011C1,2026D,,SCHEDULED,120,2.0
2026-08-16T07:21:03Z,2026D22210C2,2026D,,SCHEDULED,0,0.0
2026-08-16T07:21:03Z,4126D24751C1,4126D,,SCHEDULED,1080,18.0
2026-08-16T07:21:03Z,4126D84907C2,4126D,,SCHEDULED,0,0.0
2026-08-16T07:21:03Z,4126D84906C2,4126D,,SCHEDULED,0,0.0
2026-08-16T07:21:03Z,4126D84910C2,4126D,,SCHEDULED,120,2.0
2026-08-16T07:21:03Z,4126D24706C1,4126D,,SCHEDULED,0,0.0
2026-08-16T07:21:03Z,4126D24725C1,4126D,,SCHEDULED,0,0.0
2026-08-16T07:21:03Z,4526D71706C1,4526D,,SCHEDULED,0,0.0
2026-08-16T07:21:03Z,4526D71704C1,4526D,,SCHEDULED,60,1.0
2026-08-16T07:21:03Z,4526D71707C1,4526D,,SCHEDULED,180,3.0
2026-08-16T07:21:03Z,7026D31513C1,7026D,,SCHEDULED,0,0.0
2026-08-16T07:21:03Z,7026D31548C1,7026D,,SCHEDULED,120,2.0
2026-08-16T07:21:03Z,1026D79110C7,1026D,,SCHEDULED,3960,66.0
2026-08-16T07:21:03Z,1026D27021C3,1026D,,SCHEDULED,0,0.0
2026-08-16T07:21:03Z,1026D77011C5,1026D,,SCHEDULED,0,0.0
2026-08-16T07:21:03Z,1026D79113C7,1026D,,SCHEDULED,900,15.0
2026-08-16T07:21:03Z,1026D27022C3,1026D,,SCHEDULED,0,0.0
2026-08-16T07:21:03Z,1026D77012C5,1026D,,SCHEDULED,180,3.0
2026-08-16T07:21:03Z,1026D79112C7,1026D,,SCHEDULED,240,4.0
2026-08-16T07:21:03Z,1026D77013C5,1026D,,SCHEDULED,0,0.0
2026-08-16T07:21:03Z,1026D79115C7,1026D,,SCHEDULED,900,15.0
2026-08-16T07:21:03Z,1026D77014C5,1026D,,SCHEDULED,0,0.0
2026-08-16T07:21:03Z,1026D79114C7,1026D,,SCHEDULED,120,2.0
2026-08-16T07:21:03Z,1026D27020C3,1026D,,SCHEDULED,180,3.0
2026-08-16T07:21:03Z,1026D79117C7,1026D,,SCHEDULED,0,0.0
2026-08-16T07:21:03Z,1026D79116C7,1026D,,SCHEDULED,480,8.0
2026-08-16T07:21:03Z,1026D79710C10,1026D,,SCHEDULED,0,0.0
2026-08-16T07:21:03Z,1026D76400C5,1026D,,SCHEDULED,180,3.0
2026-08-16T07:21:03Z,1026D27422C4b,1026D,,SCHEDULED,60,1.0
2026-08-16T07:21:03Z,1026D76401C5,1026D,,SCHEDULED,0,0.0
2026-08-16T07:21:03Z,1026D79437C2,1026D,,SCHEDULED,0,0.0
2026-08-16T07:21:03Z,1026D79712C10,1026D,,SCHEDULED,840,14.0
2026-08-16T07:21:03Z,1026D76402C5,1026D,,SCHEDULED,0,0.0
2026-08-16T07:21:03Z,1026D27420C4b,1026D,,SCHEDULED,0,0.0
2026-08-16T07:21:03Z,1026D76403C5,1026D,,SCHEDULED,0,0.0
2026-08-16T07:21:03Z,1026D76404C5,1026D,,SCHEDULED,420,7.0
2026-08-16T07:21:03Z,1026D79959C8b,1026D,,SCHEDULED,120,2.0
2026-08-16T07:21:03Z,1026D76406C5,1026D,,SCHEDULED,0,0.0
2026-08-16T07:21:03Z,1026D79958C8b,1026D,,SCHEDULED,480,8.0
2026-08-16T07:21:03Z,1026D76408C5,1026D,,SCHEDULED,0,0.0
2026-08-16T07:21:03Z,1026D79261C7,1026D,,SCHEDULED,600,10.0
2026-08-16T07:21:03Z,1026D79262C7,1026D,,SCHEDULED,0,0.0
2026-08-16T07:21:03Z,1026D79265C7,1026D,,SCHEDULED,240,4.0
2026-08-16T07:21:03Z,1026D76393C5,1026D,,SCHEDULED,120,2.0
2026-08-16T07:21:03Z,1026D79267C7,1026D,,SCHEDULED,0,0.0
2026-08-16T07:21:03Z,1026D27230C4a,1026D,,SCHEDULED,60,1.0
2026-08-16T07:21:03Z,1026D76395C5,1026D,,SCHEDULED,60,1.0
2026-08-16T07:21:03Z,1026D27231C4a,1026D,,SCHEDULED,0,0.0
2026-08-16T07:21:03Z,1026D76397C5,1026D,,SCHEDULED,0,0.0
2026-08-16T07:21:03Z,1026D76399C5,1026D,,SCHEDULED,120,2.0
2026-08-16T07:21:03Z,1026D27433C4b,1026D,,SCHEDULED,0,0.0
2026-08-16T07:21:03Z,1026D27232C4a,1026D,,SCHEDULED,0,0.0
2026-08-16T07:21:03Z,1026D27233C4a,1026D,,SCHEDULED,0,0.0
2026-08-16T07:21:03Z,1026D27431C4b,1026D,,SCHEDULED,480,8.0
2026-08-16T07:21:03Z,1026D79429C2,1026D,,SCHEDULED,360,6.0
2026-08-16T07:21:03Z,1026D76713C5,1026D,,SCHEDULED,480,8.0
2026-08-16T07:21:03Z,1026D76715C5,1026D,,SCHEDULED,0,0.0
2026-08-16T07:21:03Z,1026D19831C1,1026D,,SCHEDULED,0,0.0
2026-08-16T07:21:03Z,1026D27018C3,1026D,,SCHEDULED,60,1.0
2026-08-16T07:21:03Z,1026D27019C3,1026D,,SCHEDULED,240,4.0
2026-08-16T07:21:03Z,1026D27418C4b,1026D,,SCHEDULED,240,4.0
2026-08-16T07:21:03Z,1026D79960C8b,1026D,,SCHEDULED,60,1.0
2026-08-16T07:21:03Z,1026D76215C5,1026D,,SCHEDULED,0,0.0
2026-08-16T07:21:03Z,1026D76216C5,1026D,,SCHEDULED,0,0.0
2026-08-16T07:21:03Z,1026D76217C5,1026D,,SCHEDULED,0,0.0
2026-08-16T07:21:03Z,1026D79527C2,1026D,,SCHEDULED,0,0.0
2026-08-16T07:21:03Z,1026D19833C1,1026D,,SCHEDULED,0,0.0
2026-08-16T07:21:03Z,1026D27227C4a,1026D,,CANCELED,,
2026-08-16T07:21:03Z,1026D27425C4b,1026D,,SCHEDULED,0,0.0
2026-08-16T07:21:03Z,1026D27426C4b,1026D,,SCHEDULED,0,0.0
2026-08-16T07:21:03Z,1026D27228C4a,1026D,,SCHEDULED,300,5.0
2026-08-16T07:21:03Z,1026D27225C4a,1026D,,SCHEDULED,180,3.0
2026-08-16T07:21:03Z,1026D27424C4b,1026D,,SCHEDULED,0,0.0
2026-08-16T07:21:03Z,1026D27226C4a,1026D,,SCHEDULED,60,1.0
2026-08-16T07:21:03Z,1026D79111C7,1026D,,SCHEDULED,3720,62.0
2026-08-16T07:21:03Z,1026D27229C4a,1026D,,SCHEDULED,480,8.0
2026-08-16T07:21:03Z,1026D27427C4b,1026D,,SCHEDULED,720,12.0
2026-08-16T07:21:03Z,1026D79250C7,1026D,,SCHEDULED,540,9.0
2026-08-16T07:21:03Z,1026D79251C7,1026D,,SCHEDULED,480,8.0
2026-08-16T07:21:03Z,1026D79531C2,1026D,,SCHEDULED,540,9.0
2026-08-16T07:21:03Z,1026D79258C7,1026D,,SCHEDULED,0,0.0
2026-08-16T07:21:03Z,1026D79533C2,1026D,,SCHEDULED,480,8.0
2026-08-16T07:21:03Z,1026D79257C7,1026D,,SCHEDULED,780,13.0
2026-08-16T07:21:03Z,1026D79614C10,1026D,,SCHEDULED,0,0.0
2026-08-16T07:21:03Z,1026D79811C8a,1026D,,SCHEDULED,360,6.0
2026-08-16T07:21:03Z,1026D79616C10,1026D,,SCHEDULED,480,8.0
2026-08-16T07:21:03Z,1026D79814C8a,1026D,,SCHEDULED,900,15.0
2026-08-16T07:21:03Z,1026D79813C8a,1026D,,SCHEDULED,0,0.0
2026-08-16T07:21:03Z,1026D19826C1,1026D,,SCHEDULED,540,9.0
2026-08-16T07:21:03Z,1026D79618C10,1026D,,SCHEDULED,0,0.0
2026-08-16T07:21:03Z,1026D79816C8a,1026D,,SCHEDULED,60,1.0
2026-08-16T07:21:03Z,1026D19829C1,1026D,,SCHEDULED,0,0.0
2026-08-16T07:21:03Z,1026D19828C1,1026D,,SCHEDULED,0,0.0
2026-08-16T07:21:03Z,1026D80681C9,1026D,,SCHEDULED,0,0.0
2026-08-16T07:21:03Z,1026D76704C5,1026D,,SCHEDULED,240,4.0
2026-08-16T07:21:03Z,1026D76706C5,1026D,,SCHEDULED,0,0.0
2026-08-16T07:21:03Z,1026D19824C1,1026D,,SCHEDULED,360,6.0
2026-08-16T07:21:03Z,1026D19830C1,1026D,,SCHEDULED,0,0.0
