timestamp_utc,trip_id,tren,fecha_tren,estado,retraso_seg,retraso_min
2026-08-14T00:01:40Z,1024V79489C2,1024V,,SCHEDULED,-78000,-1300.0
2026-08-14T00:41:00Z,1024V79373C7,1024V,,SCHEDULED,-77940,-1299.0
2026-08-14T00:46:09Z,1024V79373C7,1024V,,SCHEDULED,-77640,-1294.0
2026-08-14T00:51:00Z,1024V79373C7,1024V,,SCHEDULED,-77340,-1289.0
2026-08-14T00:56:27Z,1024V79373C7,1024V,,SCHEDULED,-77040,-1284.0
2026-08-14T01:05:57Z,6124V35646C1,6124V,,SCHEDULED,60,1.0
2026-08-14T01:11:03Z,6124V35646C1,6124V,,SCHEDULED,0,0.0
2026-08-14T01:16:07Z,6124V35646C1,6124V,,SCHEDULED,60,1.0
2026-08-14T01:21:02Z,6124V35646C1,6124V,,SCHEDULED,120,2.0
2026-08-14T01:25:53Z,6124V35646C1,6124V,,SCHEDULED,0,0.0
2026-08-14T01:31:24Z,6124V35646C1,6124V,,SCHEDULED,60,1.0
2026-08-14T01:35:54Z,6124V86050C1,6124V,,SCHEDULED,0,0.0
2026-08-14T01:35:54Z,6124V35646C1,6124V,,SCHEDULED,60,1.0
2026-08-14T01:41:02Z,6124V86050C1,6124V,,SCHEDULED,0,0.0
2026-08-14T01:41:02Z,6124V35646C1,6124V,,SCHEDULED,0,0.0
2026-08-14T01:46:01Z,6124V35646C1,6124V,,SCHEDULED,120,2.0
2026-08-14T01:46:01Z,6124V86250C1,6124V,,SCHEDULED,0,0.0
2026-08-14T01:46:01Z,6124V86050C1,6124V,,SCHEDULED,0,0.0
2026-08-14T01:51:03Z,6124V86250C1,6124V,,SCHEDULED,0,0.0
2026-08-14T01:51:03Z,6124V86050C1,6124V,,SCHEDULED,0,0.0
2026-08-14T01:51:03Z,6124V35646C1,6124V,,SCHEDULED,60,1.0
2026-08-14T01:55:54Z,6124V86050C1,6124V,,SCHEDULED,0,0.0
2026-08-14T01:55:54Z,6124V35646C1,6124V,,SCHEDULED,0,0.0
2026-08-14T01:55:54Z,6124V86350C1,6124V,,SCHEDULED,0,0.0
2026-08-14T01:55:54Z,6124V86250C1,6124V,,SCHEDULED,0,0.0
2026-08-14T02:01:42Z,6124V86050C1,6124V,,SCHEDULED,0,0.0
2026-08-14T02:01:42Z,6124V86250C1,6124V,,SCHEDULED,0,0.0
2026-08-14T02:01:42Z,6124V86350C1,6124V,,SCHEDULED,0,0.0
2026-08-14T02:05:54Z,6124V86350C1,6124V,,SCHEDULED,0,0.0
2026-08-14T02:05:54Z,6124V86250C1,6124V,,SCHEDULED,0,0.0
2026-08-14T02:11:03Z,6124V86350C1,6124V,,SCHEDULED,0,0.0
2026-08-14T02:11:03Z,6124V86250C1,6124V,,SCHEDULED,0,0.0
2026-08-14T02:16:02Z,5124V77502R4,5124V,,SCHEDULED,0,0.0
2026-08-14T02:16:02Z,6124V89680C1,6124V,,SCHEDULED,0,0.0
2026-08-14T02:16:02Z,6124V86350C1,6124V,,SCHEDULED,0,0.0
2026-08-14T02:16:02Z,6124V35650C1,6124V,,SCHEDULED,0,0.0
2026-08-14T02:21:01Z,5124V77502R4,5124V,,SCHEDULED,0,0.0
2026-08-14T02:21:01Z,6124V89680C1,6124V,,SCHEDULED,0,0.0
2026-08-14T02:21:01Z,6124V35650C1,6124V,,SCHEDULED,0,0.0
2026-08-14T02:21:01Z,6124V86350C1,6124V,,SCHEDULED,0,0.0
2026-08-14T02:25:56Z,1024V20203C4a,1024V,,SCHEDULED,0,0.0
2026-08-14T02:25:56Z,5124V77502R4,5124V,,SCHEDULED,0,0.0
2026-08-14T02:25:56Z,6124V89680C1,6124V,,SCHEDULED,0,0.0
2026-08-14T02:25:56Z,6124V80716C1,6124V,,SCHEDULED,0,0.0
2026-08-14T02:25:56Z,6124V35650C1,6124V,,SCHEDULED,0,0.0
2026-08-14T02:31:21Z,1024V76352C5,1024V,,SCHEDULED,0,0.0
2026-08-14T02:31:21Z,1024V20203C4a,1024V,,SCHEDULED,0,0.0
2026-08-14T02:31:21Z,1024V20205C4a,1024V,,SCHEDULED,0,0.0
2026-08-14T02:31:21Z,1024V79201C2,1024V,,SCHEDULED,0,0.0
2026-08-14T02:31:21Z,5124V25400R2,5124V,,SCHEDULED,0,0.0
2026-08-14T02:31:21Z,5124V77502R4,5124V,,SCHEDULED,0,0.0
2026-08-14T02:31:21Z,6124V35650C1,6124V,,SCHEDULED,0,0.0
2026-08-14T02:31:21Z,6124V89680C1,6124V,,SCHEDULED,0,0.0
2026-08-14T02:31:21Z,6124V80716C1,6124V,,SCHEDULED,0,0.0
2026-08-14T02:35:53Z,1024V76352C5,1024V,,SCHEDULED,0,0.0
2026-08-14T02:35:53Z,1024V20203C4a,1024V,,SCHEDULED,0,0.0
2026-08-14T02:35:53Z,1024V20205C4a,1024V,,SCHEDULED,0,0.0
2026-08-14T02:35:53Z,1024V79201C2,1024V,,SCHEDULED,0,0.0
2026-08-14T02:35:53Z,5124V25400R2,5124V,,SCHEDULED,0,0.0
2026-08-14T02:35:53Z,5124V77600R4,5124V,,SCHEDULED,0,0.0
2026-08-14T02:35:53Z,6124V35650C1,6124V,,SCHEDULED,-60,-1.0
2026-08-14T02:35:53Z,6124V86080C1,6124V,,SCHEDULED,0,0.0
2026-08-14T02:35:53Z,6124V80716C1,6124V,,SCHEDULED,0,0.0
2026-08-14T02:41:04Z,1024V76352C5,1024V,,SCHEDULED,0,0.0
2026-08-14T02:41:04Z,1024V20203C4a,1024V,,SCHEDULED,0,0.0
2026-08-14T02:41:04Z,1024V20205C4a,1024V,,SCHEDULED,0,0.0
2026-08-14T02:41:04Z,1024V79201C2,1024V,,SCHEDULED,0,0.0
2026-08-14T02:41:04Z,1024V20403C4b,1024V,,SCHEDULED,0,0.0
2026-08-14T02:41:04Z,5124V77600R4,5124V,,SCHEDULED,0,0.0
2026-08-14T02:41:04Z,5124V77400R4,5124V,,SCHEDULED,0,0.0
2026-08-14T02:41:04Z,5124V25400R2,5124V,,SCHEDULED,0,0.0
2026-08-14T02:41:04Z,6124V86080C1,6124V,,SCHEDULED,0,0.0
2026-08-14T02:41:04Z,6124V80716C1,6124V,,SCHEDULED,0,0.0
2026-08-14T02:41:04Z,6124V35650C1,6124V,,SCHEDULED,-60,-1.0
2026-08-14T02:41:04Z,6124V81700C1,6124V,,SCHEDULED,0,0.0
2026-08-14T02:45:59Z,5124V25400R2,5124V,,SCHEDULED,0,0.0
2026-08-14T02:45:59Z,5124V77600R4,5124V,,SCHEDULED,0,0.0
2026-08-14T02:45:59Z,5124V77504R4,5124V,,SCHEDULED,0,0.0
2026-08-14T02:45:59Z,5124V28557R2N,5124V,,SCHEDULED,0,0.0
2026-08-14T02:45:59Z,5124V25602R1,5124V,,SCHEDULED,0,0.0
2026-08-14T02:45:59Z,5124V28400R2N,5124V,,SCHEDULED,0,0.0
2026-08-14T02:45:59Z,5124V77400R4,5124V,,SCHEDULED,0,0.0
2026-08-14T02:45:59Z,6024V26500C3,6024V,,SCHEDULED,0,0.0
2026-08-14T02:45:59Z,6124V35650C1,6124V,,SCHEDULED,-60,-1.0
2026-08-14T02:45:59Z,6124V86180C1,6124V,,SCHEDULED,0,0.0
2026-08-14T02:45:59Z,6124V32769C1,6124V,,SCHEDULED,0,0.0
2026-08-14T02:45:59Z,6124V86080C1,6124V,,SCHEDULED,0,0.0
2026-08-14T02:45:59Z,6124V81700C1,6124V,,SCHEDULED,0,0.0
2026-08-14T02:45:59Z,1024V76354C5,1024V,,SCHEDULED,0,0.0
2026-08-14T02:45:59Z,1024V20002C3,1024V,,SCHEDULED,0,0.0
2026-08-14T02:45:59Z,1024V20403C4b,1024V,,SCHEDULED,0,0.0
2026-08-14T02:45:59Z,1024V20205C4a,1024V,,SCHEDULED,-60,-1.0
2026-08-14T02:45:59Z,1024V76675C5,1024V,,SCHEDULED,0,0.0
2026-08-14T02:45:59Z,1024V79200C2,1024V,,SCHEDULED,0,0.0
2026-08-14T02:45:59Z,1024V76352C5,1024V,,SCHEDULED,0,0.0
2026-08-14T02:45:59Z,1024V79201C2,1024V,,SCHEDULED,0,0.0
2026-08-14T02:45:59Z,1024V20203C4a,1024V,,SCHEDULED,0,0.0
2026-08-14T02:45:59Z,1024V79203C7,1024V,,SCHEDULED,0,0.0
2026-08-14T02:51:01Z,5124V77600R4,5124V,,SCHEDULED,0,0.0
2026-08-14T02:51:01Z,5124V77504R4,5124V,,SCHEDULED,0,0.0
2026-08-14T02:51:01Z,5124V25400R2,5124V,,SCHEDULED,0,0.0
2026-08-14T02:51:01Z,5124V28400R2N,5124V,,SCHEDULED,0,0.0
2026-08-14T02:51:01Z,5124V33520RL4,5124V,,SCHEDULED,0,0.0
2026-08-14T02:51:01Z,5124V25602R1,5124V,,SCHEDULED,0,0.0
2026-08-14T02:51:01Z,5124V77400R4,5124V,,SCHEDULED,0,0.0
2026-08-14T02:51:01Z,5124V25702R1,5124V,,SCHEDULED,0,0.0
2026-08-14T02:51:01Z,5124V28557R2N,5124V,,SCHEDULED,0,0.0
2026-08-14T02:51:01Z,6024V26500C3,6024V,,SCHEDULED,0,0.0
2026-08-14T02:51:01Z,6024V26501C3,6024V,,SCHEDULED,0,0.0
2026-08-14T02:51:01Z,6024V26100C1,6024V,,SCHEDULED,0,0.0
2026-08-14T02:51:01Z,6124V35650C1,6124V,,SCHEDULED,0,0.0
2026-08-14T02:51:01Z,6124V86180C1,6124V,,SCHEDULED,0,0.0
2026-08-14T02:51:01Z,6124V32769C1,6124V,,SCHEDULED,0,0.0
2026-08-14T02:51:01Z,6124V81700C1,6124V,,SCHEDULED,0,0.0
2026-08-14T02:51:01Z,6124V86080C1,6124V,,SCHEDULED,0,0.0
2026-08-14T02:51:01Z,2024V22101C1,2024V,,SCHEDULED,0,0.0
2026-08-14T02:51:01Z,1024V79201C2,1024V,,SCHEDULED,0,0.0
2026-08-14T02:51:01Z,1024V79200C2,1024V,,SCHEDULED,0,0.0
2026-08-14T02:51:01Z,1024V76352C5,1024V,,SCHEDULED,0,0.0
2026-08-14T02:51:01Z,1024V76675C5,1024V,,SCHEDULED,0,0.0
2026-08-14T02:51:01Z,1024V79503C2,1024V,,SCHEDULED,0,0.0
2026-08-14T02:51:01Z,1024V79203C7,1024V,,SCHEDULED,0,0.0
2026-08-14T02:51:01Z,1024V76354C5,1024V,,SCHEDULED,0,0.0
2026-08-14T02:51:01Z,1024V20002C3,1024V,,SCHEDULED,300,5.0
2026-08-14T02:51:01Z,1024V20407C4b,1024V,,SCHEDULED,0,0.0
2026-08-14T02:51:01Z,1024V20403C4b,1024V,,SCHEDULED,0,0.0
2026-08-14T02:51:01Z,1024V20205C4a,1024V,,SCHEDULED,240,4.0
2026-08-14T02:51:01Z,1024V20203C4a,1024V,,SCHEDULED,0,0.0
2026-08-14T02:51:01Z,1024V20003C3,1024V,,SCHEDULED,0,0.0
2026-08-14T02:51:01Z,1024V19799C1,1024V,,SCHEDULED,0,0.0
2026-08-14T02:55:53Z,3024V23500C1,3024V,,SCHEDULED,0,0.0
2026-08-14T02:55:53Z,4024V84002C2,4024V,,SCHEDULED,0,0.0
2026-08-14T02:55:53Z,5124V77600R4,5124V,,SCHEDULED,60,1.0
2026-08-14T02:55:53Z,5124V77504R4,5124V,,SCHEDULED,0,0.0
2026-08-14T02:55:53Z,5124V28400R2N,5124V,,SCHEDULED,0,0.0
2026-08-14T02:55:53Z,5124V33520RL4,5124V,,SCHEDULED,0,0.0
2026-08-14T02:55:53Z,5124V25602R1,5124V,,SCHEDULED,0,0.0
2026-08-14T02:55:53Z,5124V77400R4,5124V,,SCHEDULED,0,0.0
2026-08-14T02:55:53Z,5124V25702R1,5124V,,SCHEDULED,0,0.0
2026-08-14T02:55:53Z,5124V28557R2N,5124V,,SCHEDULED,0,0.0
2026-08-14T02:55:53Z,6024V26000C2,6024V,,SCHEDULED,0,0.0
2026-08-14T02:55:53Z,6024V26501C3,6024V,,SCHEDULED,0,0.0
2026-08-14T02:55:53Z,6024V26500C3,6024V,,SCHEDULED,0,0.0
2026-08-14T02:55:53Z,6024V26100C1,6024V,,SCHEDULED,0,0.0
2026-08-14T02:55:53Z,6024V26001C2,6024V,,SCHEDULED,0,0.0
2026-08-14T02:55:53Z,6124V86180C1,6124V,,SCHEDULED,0,0.0
2026-08-14T02:55:53Z,6124V35650C1,6124V,,SCHEDULED,0,0.0
2026-08-14T02:55:53Z,6124V32769C1,6124V,,SCHEDULED,0,0.0
2026-08-14T02:55:53Z,6124V86080C1,6124V,,SCHEDULED,0,0.0
2026-08-14T02:55:53Z,6124V86280C1,6124V,,SCHEDULED,0,0.0
2026-08-14T02:55:53Z,6124V81700C1,6124V,,SCHEDULED,0,0.0
2026-08-14T02:55:53Z,2024V70751C6,2024V,,SCHEDULED,0,0.0
2026-08-14T02:55:53Z,2024V22101C1,2024V,,SCHEDULED,0,0.0
2026-08-14T02:55:53Z,2024V70500C7,2024V,,SCHEDULED,0,0.0
2026-08-14T02:55:53Z,1024V79201C2,1024V,,SCHEDULED,0,0.0
2026-08-14T02:55:53Z,1024V79200C2,1024V,,SCHEDULED,0,0.0
2026-08-14T02:55:53Z,1024V20002C3,1024V,,SCHEDULED,600,10.0
2026-08-14T02:55:53Z,1024V76352C5,1024V,,SCHEDULED,0,0.0
2026-08-14T02:55:53Z,1024V20407C4b,1024V,,SCHEDULED,0,0.0
2026-08-14T02:55:53Z,1024V20405C4b,1024V,,SCHEDULED,0,0.0
2026-08-14T02:55:53Z,1024V20403C4b,1024V,,SCHEDULED,0,0.0
2026-08-14T02:55:53Z,1024V79203C7,1024V,,SCHEDULED,0,0.0
2026-08-14T02:55:53Z,1024V76675C5,1024V,,SCHEDULED,0,0.0
2026-08-14T02:55:53Z,1024V76677C5,1024V,,SCHEDULED,0,0.0
2026-08-14T02:55:53Z,1024V20205C4a,1024V,,SCHEDULED,540,9.0
2026-08-14T02:55:53Z,1024V79503C2,1024V,,SCHEDULED,0,0.0
2026-08-14T02:55:53Z,1024V76354C5,1024V,,SCHEDULED,0,0.0
2026-08-14T02:55:53Z,1024V20203C4a,1024V,,SCHEDULED,0,0.0
2026-08-14T02:55:53Z,1024V20202C4,1024V,,SCHEDULED,0,0.0
2026-08-14T02:55:53Z,1024V20003C3,1024V,,SCHEDULED,0,0.0
2026-08-14T02:55:53Z,1024V19799C1,1024V,,SCHEDULED,0,0.0
2026-08-14T02:55:53Z,1024V76356C5,1024V,,SCHEDULED,0,0.0
2026-08-14T03:01:22Z,3024V23500C1,3024V,,SCHEDULED,0,0.0
2026-08-14T03:01:22Z,4024V84002C2,4024V,,SCHEDULED,0,0.0
2026-08-14T03:01:22Z,5124V28500R2,5124V,,SCHEDULED,0,0.0
2026-08-14T03:01:22Z,5124V77600R4,5124V,,SCHEDULED,60,1.0
2026-08-14T03:01:22Z,5124V77504R4,5124V,,SCHEDULED,0,0.0
2026-08-14T03:01:22Z,5124V33520RL4,5124V,,SCHEDULED,0,0.0
2026-08-14T03:01:22Z,5124V25602R1,5124V,,SCHEDULED,0,0.0
2026-08-14T03:01:22Z,5124V28400R2N,5124V,,SCHEDULED,0,0.0
2026-08-14T03:01:22Z,5124V77400R4,5124V,,SCHEDULED,0,0.0
2026-08-14T03:01:22Z,5124V25702R1,5124V,,SCHEDULED,0,0.0
2026-08-14T03:01:22Z,5124V28557R2N,5124V,,SCHEDULED,0,0.0
2026-08-14T03:01:22Z,6024V26000C2,6024V,,SCHEDULED,0,0.0
2026-08-14T03:01:22Z,6024V26501C3,6024V,,SCHEDULED,0,0.0
2026-08-14T03:01:22Z,6024V26500C3,6024V,,SCHEDULED,60,1.0
2026-08-14T03:01:22Z,6024V26100C1,6024V,,SCHEDULED,0,0.0
2026-08-14T03:01:22Z,6024V26001C2,6024V,,SCHEDULED,0,0.0
2026-08-14T03:01:22Z,6124V86080C1,6124V,,SCHEDULED,0,0.0
2026-08-14T03:01:22Z,6124V86180C1,6124V,,SCHEDULED,0,0.0
2026-08-14T03:01:22Z,6124V35650C1,6124V,,SCHEDULED,60,1.0
2026-08-14T03:01:22Z,6124V32769C1,6124V,,SCHEDULED,0,0.0
2026-08-14T03:01:22Z,6124V86280C1,6124V,,SCHEDULED,0,0.0
2026-08-14T03:01:22Z,6224V71150C2,6224V,,SCHEDULED,0,0.0
2026-08-14T03:01:22Z,2024V70751C6,2024V,,SCHEDULED,0,0.0
2026-08-14T03:01:22Z,2024V70400C5,2024V,,SCHEDULED,0,0.0
2026-08-14T03:01:22Z,2024V22101C1,2024V,,SCHEDULED,0,0.0
2026-08-14T03:01:22Z,2024V70500C7,2024V,,SCHEDULED,0,0.0
2026-08-14T03:01:22Z,1024V20002C3,1024V,,SCHEDULED,900,15.0
2026-08-14T03:01:22Z,1024V20209C4a,1024V,,SCHEDULED,0,0.0
2026-08-14T03:01:22Z,1024V79201C2,1024V,,SCHEDULED,60,1.0
2026-08-14T03:01:22Z,1024V20407C4b,1024V,,SCHEDULED,0,0.0
2026-08-14T03:01:22Z,1024V20405C4b,1024V,,SCHEDULED,-120,-2.0
2026-08-14T03:01:22Z,1024V20403C4b,1024V,,SCHEDULED,0,0.0
2026-08-14T03:01:22Z,1024V79200C2,1024V,,SCHEDULED,0,0.0
2026-08-14T03:01:22Z,1024V76352C5,1024V,,SCHEDULED,0,0.0
2026-08-14T03:01:22Z,1024V20205C4a,1024V,,SCHEDULED,840,14.0
2026-08-14T03:01:22Z,1024V20204C4,1024V,,SCHEDULED,0,0.0
2026-08-14T03:01:22Z,1024V76202C5,1024V,,SCHEDULED,0,0.0
2026-08-14T03:01:22Z,1024V79203C7,1024V,,SCHEDULED,-60,-1.0
2026-08-14T03:01:22Z,1024V20203C4a,1024V,,SCHEDULED,360,6.0
2026-08-14T03:01:22Z,1024V76354C5,1024V,,SCHEDULED,0,0.0
2026-08-14T03:01:22Z,1024V20004C3,1024V,,SCHEDULED,0,0.0
2026-08-14T03:01:22Z,1024V20202C4,1024V,,SCHEDULED,0,0.0
2026-08-14T03:01:22Z,1024V20003C3,1024V,,SCHEDULED,0,0.0
2026-08-14T03:01:22Z,1024V19799C1,1024V,,SCHEDULED,0,0.0
2026-08-14T03:01:22Z,1024V76675C5,1024V,,SCHEDULED,0,0.0
2026-08-14T03:01:22Z,1024V76358C5,1024V,,SCHEDULED,0,0.0
2026-08-14T03:01:22Z,1024V76677C5,1024V,,SCHEDULED,0,0.0
2026-08-14T03:01:22Z,1024V79205C7,1024V,,SCHEDULED,0,0.0
2026-08-14T03:01:22Z,1024V79503C2,1024V,,SCHEDULED,0,0.0
2026-08-14T03:01:22Z,1024V79600C10,1024V,,SCHEDULED,0,0.0
2026-08-14T03:01:22Z,1024V79402C2,1024V,,SCHEDULED,0,0.0
2026-08-14T03:01:22Z,1024V76356C5,1024V,,SCHEDULED,0,0.0
2026-08-14T03:05:54Z,3024V23501C1,3024V,,SCHEDULED,0,0.0
2026-08-14T03:05:54Z,3024V23500C1,3024V,,SCHEDULED,0,0.0
2026-08-14T03:05:54Z,4024V84002C2,4024V,,SCHEDULED,0,0.0
2026-08-14T03:05:54Z,5124V77602R4,5124V,,SCHEDULED,0,0.0
2026-08-14T03:05:54Z,5124V28500R2,5124V,,SCHEDULED,0,0.0
2026-08-14T03:05:54Z,5124V33520RL4,5124V,,SCHEDULED,0,0.0
2026-08-14T03:05:54Z,5124V28264R2S,5124V,,SCHEDULED,0,0.0
2026-08-14T03:05:54Z,5124V28557R2N,5124V,,SCHEDULED,0,0.0
2026-08-14T03:05:54Z,6024V26500C3,6024V,,SCHEDULED,-60,-1.0
2026-08-14T03:05:54Z,6024V26501C3,6024V,,SCHEDULED,0,0.0
2026-08-14T03:05:54Z,6024V26502C3,6024V,,SCHEDULED,0,0.0
2026-08-14T03:05:54Z,6024V26100C1,6024V,,SCHEDULED,0,0.0
2026-08-14T03:05:54Z,6024V26000C2,6024V,,SCHEDULED,0,0.0
2026-08-14T03:05:54Z,6024V26001C2,6024V,,SCHEDULED,0,0.0
2026-08-14T03:05:54Z,6124V86180C1,6124V,,SCHEDULED,0,0.0
2026-08-14T03:05:54Z,6124V32769C1,6124V,,SCHEDULED,60,1.0
2026-08-14T03:05:54Z,6124V35650C1,6124V,,SCHEDULED,60,1.0
2026-08-14T03:05:54Z,6124V86280C1,6124V,,SCHEDULED,0,0.0
2026-08-14T03:05:54Z,6224V71150C2,6224V,,SCHEDULED,0,0.0
2026-08-14T03:05:54Z,2024V70751C6,2024V,,SCHEDULED,0,0.0
2026-08-14T03:05:54Z,2024V70400C5,2024V,,SCHEDULED,60,1.0
2026-08-14T03:05:54Z,2024V22101C1,2024V,,SCHEDULED,0,0.0
2026-08-14T03:05:54Z,2024V70500C7,2024V,,SCHEDULED,0,0.0
2026-08-14T03:05:54Z,1024V79200C2,1024V,,SCHEDULED,0,0.0
2026-08-14T03:05:54Z,1024V76352C5,1024V,,SCHEDULED,60,1.0
2026-08-14T03:05:54Z,1024V76672C5,1024V,,SCHEDULED,0,0.0
2026-08-14T03:05:54Z,1024V79203C7,1024V,,SCHEDULED,-60,-1.0
2026-08-14T03:05:54Z,1024V20209C4a,1024V,,SCHEDULED,0,0.0
2026-08-14T03:05:54Z,1024V76354C5,1024V,,SCHEDULED,0,0.0
2026-08-14T03:05:54Z,1024V20407C4b,1024V,,SCHEDULED,0,0.0
2026-08-14T03:05:54Z,1024V79205C7,1024V,,SCHEDULED,0,0.0
2026-08-14T03:05:54Z,1024V20405C4b,1024V,,SCHEDULED,180,3.0
2026-08-14T03:05:54Z,1024V20403C4b,1024V,,SCHEDULED,0,0.0
2026-08-14T03:05:54Z,1024V79600C10,1024V,,SCHEDULED,0,0.0
2026-08-14T03:05:54Z,1024V20205C4a,1024V,,SCHEDULED,240,4.0
2026-08-14T03:05:54Z,1024V79402C2,1024V,,SCHEDULED,0,0.0
2026-08-14T03:05:54Z,1024V20204C4,1024V,,SCHEDULED,0,0.0
2026-08-14T03:05:54Z,1024V76356C5,1024V,,SCHEDULED,0,0.0
2026-08-14T03:05:54Z,1024V76675C5,1024V,,SCHEDULED,0,0.0
2026-08-14T03:05:54Z,1024V79201C2,1024V,,SCHEDULED,300,5.0
2026-08-14T03:05:54Z,1024V76358C5,1024V,,SCHEDULED,0,0.0
2026-08-14T03:05:54Z,1024V76677C5,1024V,,SCHEDULED,0,0.0
2026-08-14T03:05:54Z,1024V76202C5,1024V,,SCHEDULED,0,0.0
2026-08-14T03:05:54Z,1024V79503C2,1024V,,SCHEDULED,0,0.0
2026-08-14T03:05:54Z,1024V76679C5,1024V,,SCHEDULED,0,0.0
2026-08-14T03:05:54Z,1024V20203C4a,1024V,,SCHEDULED,480,8.0
2026-08-14T03:05:54Z,1024V20004C3,1024V,,SCHEDULED,0,0.0
2026-08-14T03:05:54Z,1024V20202C4,1024V,,SCHEDULED,0,0.0
2026-08-14T03:05:54Z,1024V20003C3,1024V,,SCHEDULED,0,0.0
2026-08-14T03:05:54Z,1024V19799C1,1024V,,SCHEDULED,0,0.0
2026-08-14T03:05:54Z,1024V20002C3,1024V,,SCHEDULED,0,0.0
2026-08-14T03:11:23Z,3024V23500C1,3024V,,SCHEDULED,0,0.0
2026-08-14T03:11:23Z,3024V23501C1,3024V,,SCHEDULED,0,0.0
2026-08-14T03:11:23Z,4024V84002C2,4024V,,SCHEDULED,0,0.0
2026-08-14T03:11:23Z,5124V25604R1,5124V,,SCHEDULED,0,0.0
2026-08-14T03:11:23Z,5124V77402R4,5124V,,SCHEDULED,0,0.0
2026-08-14T03:11:23Z,5124V28500R2,5124V,,SCHEDULED,0,0.0
2026-08-14T03:11:23Z,5124V28264R2S,5124V,,SCHEDULED,0,0.0
2026-08-14T03:11:23Z,5124V33520RL4,5124V,,SCHEDULED,0,0.0
2026-08-14T03:11:23Z,5124V77602R4,5124V,,SCHEDULED,0,0.0
2026-08-14T03:11:23Z,6024V26500C3,6024V,,SCHEDULED,0,0.0
2026-08-14T03:11:23Z,6024V26100C1,6024V,,SCHEDULED,300,5.0
2026-08-14T03:11:23Z,6024V26101C1,6024V,,SCHEDULED,0,0.0
2026-08-14T03:11:23Z,6024V26501C3,6024V,,SCHEDULED,60,1.0
2026-08-14T03:11:23Z,6024V26502C3,6024V,,SCHEDULED,0,0.0
2026-08-14T03:11:23Z,6024V26000C2,6024V,,SCHEDULED,0,0.0
2026-08-14T03:11:23Z,6024V26001C2,6024V,,SCHEDULED,60,1.0
2026-08-14T03:11:23Z,6124V86180C1,6124V,,SCHEDULED,0,0.0
2026-08-14T03:11:23Z,6124V86280C1,6124V,,SCHEDULED,0,0.0
2026-08-14T03:11:23Z,6124V32769C1,6124V,,SCHEDULED,120,2.0
2026-08-14T03:11:23Z,6124V35650C1,6124V,,SCHEDULED,-60,-1.0
2026-08-14T03:11:23Z,6224V71150C2,6224V,,SCHEDULED,0,0.0
2026-08-14T03:11:23Z,6224V71100C2,6224V,,SCHEDULED,0,0.0
2026-08-14T03:11:23Z,2024V70751C6,2024V,,SCHEDULED,0,0.0
2026-08-14T03:11:23Z,2024V80851C6,2024V,,SCHEDULED,0,0.0
2026-08-14T03:11:23Z,2024V70900C8,2024V,,SCHEDULED,0,0.0
2026-08-14T03:11:23Z,2024V70750C6,2024V,,SCHEDULED,0,0.0
2026-08-14T03:11:23Z,2024V70400C5,2024V,,SCHEDULED,360,6.0
2026-08-14T03:11:23Z,2024V70500C7,2024V,,SCHEDULED,0,0.0
2026-08-14T03:11:23Z,2024V22101C1,2024V,,SCHEDULED,0,0.0
2026-08-14T03:11:23Z,1024V79200C2,1024V,,SCHEDULED,0,0.0
2026-08-14T03:11:23Z,1024V76352C5,1024V,,SCHEDULED,0,0.0
2026-08-14T03:11:23Z,1024V76353C5,1024V,,SCHEDULED,0,0.0
2026-08-14T03:11:23Z,1024V76672C5,1024V,,SCHEDULED,0,0.0
2026-08-14T03:11:23Z,1024V20002C3,1024V,,SCHEDULED,0,0.0
2026-08-14T03:11:23Z,1024V20209C4a,1024V,,SCHEDULED,0,0.0
2026-08-14T03:11:23Z,1024V79203C7,1024V,,SCHEDULED,-60,-1.0
2026-08-14T03:11:23Z,1024V20407C4b,1024V,,SCHEDULED,0,0.0
2026-08-14T03:11:23Z,1024V76354C5,1024V,,SCHEDULED,0,0.0
2026-08-14T03:11:23Z,1024V20405C4b,1024V,,SCHEDULED,480,8.0
2026-08-14T03:11:23Z,1024V20403C4b,1024V,,SCHEDULED,300,5.0
2026-08-14T03:11:23Z,1024V79205C7,1024V,,SCHEDULED,0,0.0
2026-08-14T03:11:23Z,1024V20205C4a,1024V,,SCHEDULED,0,0.0
2026-08-14T03:11:23Z,1024V79600C10,1024V,,SCHEDULED,0,0.0
2026-08-14T03:11:23Z,1024V20204C4,1024V,,SCHEDULED,0,0.0
2026-08-14T03:11:23Z,1024V76358C5,1024V,,SCHEDULED,0,0.0
2026-08-14T03:11:23Z,1024V76677C5,1024V,,SCHEDULED,0,0.0
2026-08-14T03:11:23Z,1024V79503C2,1024V,,SCHEDULED,0,0.0
2026-08-14T03:11:23Z,1024V76679C5,1024V,,SCHEDULED,0,0.0
2026-08-14T03:11:23Z,1024V79201C2,1024V,,SCHEDULED,660,11.0
2026-08-14T03:11:23Z,1024V79507C2,1024V,,SCHEDULED,0,0.0
2026-08-14T03:11:23Z,1024V76360C5,1024V,,SCHEDULED,0,0.0
2026-08-14T03:11:23Z,1024V76202C5,1024V,,SCHEDULED,0,0.0
2026-08-14T03:11:23Z,1024V20005C3,1024V,,SCHEDULED,0,0.0
2026-08-14T03:11:23Z,1024V20203C4a,1024V,,SCHEDULED,180,3.0
2026-08-14T03:11:23Z,1024V79402C2,1024V,,SCHEDULED,0,0.0
2026-08-14T03:11:23Z,1024V20004C3,1024V,,SCHEDULED,0,0.0
2026-08-14T03:11:23Z,1024V20202C4,1024V,,SCHEDULED,0,0.0
2026-08-14T03:11:23Z,1024V20003C3,1024V,,SCHEDULED,0,0.0
2026-08-14T03:11:23Z,1024V19799C1,1024V,,SCHEDULED,0,0.0
2026-08-14T03:11:23Z,1024V76356C5,1024V,,SCHEDULED,0,0.0
2026-08-14T03:11:23Z,1024V76675C5,1024V,,SCHEDULED,60,1.0
2026-08-14T03:11:23Z,1024V79207C7,1024V,,SCHEDULED,0,0.0
2026-08-14T03:16:03Z,3024V23501C1,3024V,,SCHEDULED,0,0.0
2026-08-14T03:16:03Z,3024V23500C1,3024V,,SCHEDULED,0,0.0
2026-08-14T03:16:03Z,4024V84002C2,4024V,,SCHEDULED,0,0.0
2026-08-14T03:16:03Z,5124V25604R1,5124V,,SCHEDULED,0,0.0
2026-08-14T03:16:03Z,5124V28500R2,5124V,,SCHEDULED,0,0.0
2026-08-14T03:16:03Z,5124V77402R4,5124V,,SCHEDULED,0,0.0
2026-08-14T03:16:03Z,5124V28264R2S,5124V,,SCHEDULED,0,0.0
2026-08-14T03:16:03Z,5124V28263R2S,5124V,,SCHEDULED,0,0.0
2026-08-14T03:16:03Z,5124V77506R4,5124V,,SCHEDULED,0,0.0
2026-08-14T03:16:03Z,5124V28402R2N,5124V,,SCHEDULED,0,0.0
2026-08-14T03:16:03Z,5124V77602R4,5124V,,SCHEDULED,0,0.0
2026-08-14T03:16:03Z,6024V26101C1,6024V,,SCHEDULED,0,0.0
2026-08-14T03:16:03Z,6024V26500C3,6024V,,SCHEDULED,0,0.0
2026-08-14T03:16:03Z,6024V26600C3,6024V,,SCHEDULED,0,0.0
2026-08-14T03:16:03Z,6024V26501C3,6024V,,SCHEDULED,60,1.0
2026-08-14T03:16:03Z,6024V26502C3,6024V,,SCHEDULED,0,0.0
2026-08-14T03:16:03Z,6024V26100C1,6024V,,SCHEDULED,360,6.0
2026-08-14T03:16:03Z,6024V26000C2,6024V,,SCHEDULED,120,2.0
2026-08-14T03:16:03Z,6024V71501C4,6024V,,SCHEDULED,0,0.0
2026-08-14T03:16:03Z,6024V26001C2,6024V,,SCHEDULED,60,1.0
2026-08-14T03:16:03Z,6124V32769C1,6124V,,SCHEDULED,60,1.0
2026-08-14T03:16:03Z,6124V35650C1,6124V,,SCHEDULED,0,0.0
2026-08-14T03:16:03Z,6124V86280C1,6124V,,SCHEDULED,0,0.0
2026-08-14T03:16:03Z,6224V71100C2,6224V,,SCHEDULED,0,0.0
2026-08-14T03:16:03Z,6224V71102C2,6224V,,SCHEDULED,0,0.0
2026-08-14T03:16:03Z,6224V71150C2,6224V,,SCHEDULED,0,0.0
2026-08-14T03:16:03Z,2024V70751C6,2024V,,SCHEDULED,0,0.0
2026-08-14T03:16:03Z,2024V22200C2,2024V,,SCHEDULED,0,0.0
2026-08-14T03:16:03Z,2024V70400C5,2024V,,SCHEDULED,660,11.0
2026-08-14T03:16:03Z,2024V80851C6,2024V,,SCHEDULED,0,0.0
2026-08-14T03:16:03Z,2024V70500C7,2024V,,SCHEDULED,0,0.0
2026-08-14T03:16:03Z,2024V70750C6,2024V,,SCHEDULED,0,0.0
2026-08-14T03:16:03Z,2024V22103C1,2024V,,SCHEDULED,0,0.0
2026-08-14T03:16:03Z,2024V70900C8,2024V,,SCHEDULED,0,0.0
2026-08-14T03:16:03Z,2024V22101C1,2024V,,SCHEDULED,0,0.0
2026-08-14T03:16:03Z,4124V24701C1,4124V,,SCHEDULED,0,0.0
2026-08-14T03:16:03Z,4124V24700C1,4124V,,SCHEDULED,0,0.0
2026-08-14T03:16:03Z,1024V20204C4,1024V,,SCHEDULED,0,0.0
2026-08-14T03:16:03Z,1024V79201C2,1024V,,SCHEDULED,900,15.0
2026-08-14T03:16:03Z,1024V79200C2,1024V,,SCHEDULED,60,1.0
2026-08-14T03:16:03Z,1024V76352C5,1024V,,SCHEDULED,0,0.0
2026-08-14T03:16:03Z,1024V76353C5,1024V,,SCHEDULED,0,0.0
2026-08-14T03:16:03Z,1024V76672C5,1024V,,SCHEDULED,0,0.0
2026-08-14T03:16:03Z,1024V79203C7,1024V,,SCHEDULED,-60,-1.0
2026-08-14T03:16:03Z,1024V76354C5,1024V,,SCHEDULED,0,0.0
2026-08-14T03:16:03Z,1024V76674C5,1024V,,SCHEDULED,0,0.0
2026-08-14T03:16:03Z,1024V20003C3,1024V,,SCHEDULED,0,0.0
2026-08-14T03:16:03Z,1024V19799C1,1024V,,SCHEDULED,0,0.0
2026-08-14T03:16:03Z,1024V20002C3,1024V,,SCHEDULED,240,4.0
2026-08-14T03:16:03Z,1024V79205C7,1024V,,SCHEDULED,0,0.0
2026-08-14T03:16:03Z,1024V20209C4a,1024V,,SCHEDULED,0,0.0
2026-08-14T03:16:03Z,1024V79600C10,1024V,,SCHEDULED,0,0.0
2026-08-14T03:16:03Z,1024V20407C4b,1024V,,SCHEDULED,180,3.0
2026-08-14T03:16:03Z,1024V20207C4a,1024V,,SCHEDULED,0,0.0
2026-08-14T03:16:03Z,1024V20405C4b,1024V,,SCHEDULED,780,13.0
2026-08-14T03:16:03Z,1024V20403C4b,1024V,,SCHEDULED,360,6.0
2026-08-14T03:16:03Z,1024V79402C2,1024V,,SCHEDULED,0,0.0
2026-08-14T03:16:03Z,1024V76356C5,1024V,,SCHEDULED,60,1.0
2026-08-14T03:16:03Z,1024V76675C5,1024V,,SCHEDULED,0,0.0
2026-08-14T03:16:03Z,1024V20205C4a,1024V,,SCHEDULED,300,5.0
2026-08-14T03:16:03Z,1024V20402C4b,1024V,,SCHEDULED,0,0.0
2026-08-14T03:16:03Z,1024V20411C4b,1024V,,SCHEDULED,0,0.0
2026-08-14T03:16:03Z,1024V20212C4a,1024V,,SCHEDULED,0,0.0
2026-08-14T03:16:03Z,1024V79207C7,1024V,,SCHEDULED,0,0.0
2026-08-14T03:16:03Z,1024V76360C5,1024V,,SCHEDULED,0,0.0
2026-08-14T03:16:03Z,1024V76681C5,1024V,,SCHEDULED,0,0.0
2026-08-14T03:16:03Z,1024V76358C5,1024V,,SCHEDULED,0,0.0
2026-08-14T03:16:03Z,1024V76677C5,1024V,,SCHEDULED,0,0.0
2026-08-14T03:16:03Z,1024V76202C5,1024V,,SCHEDULED,60,1.0
2026-08-14T03:16:03Z,1024V76203C5,1024V,,SCHEDULED,0,0.0
2026-08-14T03:16:03Z,1024V20005C3,1024V,,SCHEDULED,0,0.0
2026-08-14T03:16:03Z,1024V79503C2,1024V,,SCHEDULED,0,0.0
2026-08-14T03:16:03Z,1024V76679C5,1024V,,SCHEDULED,0,0.0
2026-08-14T03:16:03Z,1024V20203C4a,1024V,,SCHEDULED,360,6.0
2026-08-14T03:16:03Z,1024V20004C3,1024V,,SCHEDULED,0,0.0
2026-08-14T03:16:03Z,1024V79507C2,1024V,,SCHEDULED,0,0.0
2026-08-14T03:16:03Z,1024V20202C4,1024V,,SCHEDULED,0,0.0
2026-08-14T03:21:02Z,3024V23501C1,3024V,,SCHEDULED,0,0.0
2026-08-14T03:21:02Z,4024V24001C2,4024V,,SCHEDULED,0,0.0
2026-08-14T03:21:02Z,4024V84002C2,4024V,,SCHEDULED,0,0.0
2026-08-14T03:21:02Z,4024V24103C2,4024V,,SCHEDULED,0,0.0
2026-08-14T03:21:02Z,5124V28500R2,5124V,,SCHEDULED,0,0.0
2026-08-14T03:21:02Z,5124V77402R4,5124V,,SCHEDULED,0,0.0
2026-08-14T03:21:02Z,5124V25604R1,5124V,,SCHEDULED,0,0.0
2026-08-14T03:21:02Z,5124V77504R4,5124V,,SCHEDULED,0,0.0
2026-08-14T03:21:02Z,5124V28264R2S,5124V,,SCHEDULED,0,0.0
2026-08-14T03:21:02Z,5124V77506R4,5124V,,SCHEDULED,0,0.0
2026-08-14T03:21:02Z,5124V28263R2S,5124V,,SCHEDULED,0,0.0
2026-08-14T03:21:02Z,5124V28400R2N,5124V,,SCHEDULED,120,2.0
2026-08-14T03:21:02Z,5124V28402R2N,5124V,,SCHEDULED,0,0.0
2026-08-14T03:21:02Z,5124V77602R4,5124V,,SCHEDULED,0,0.0
2026-08-14T03:21:02Z,6024V26101C1,6024V,,SCHEDULED,0,0.0
2026-08-14T03:21:02Z,6024V26500C3,6024V,,SCHEDULED,0,0.0
2026-08-14T03:21:02Z,6024V26502C3,6024V,,SCHEDULED,0,0.0
2026-08-14T03:21:02Z,6024V26600C3,6024V,,SCHEDULED,0,0.0
2026-08-14T03:21:02Z,6024V26501C3,6024V,,SCHEDULED,180,3.0
2026-08-14T03:21:02Z,6024V26503C3,6024V,,SCHEDULED,0,0.0
2026-08-14T03:21:02Z,6024V26000C2,6024V,,SCHEDULED,120,2.0
2026-08-14T03:21:02Z,6024V26003C2,6024V,,SCHEDULED,0,0.0
2026-08-14T03:21:02Z,6024V26002C2,6024V,,SCHEDULED,0,0.0
2026-08-14T03:21:02Z,6024V71501C4,6024V,,SCHEDULED,0,0.0
2026-08-14T03:21:02Z,6024V26001C2,6024V,,SCHEDULED,0,0.0
2026-08-14T03:21:02Z,6024V26100C1,6024V,,SCHEDULED,420,7.0
2026-08-14T03:21:02Z,6124V32769C1,6124V,,SCHEDULED,60,1.0
2026-08-14T03:21:02Z,6124V35650C1,6124V,,SCHEDULED,60,1.0
2026-08-14T03:21:02Z,6124V86280C1,6124V,,SCHEDULED,0,0.0
2026-08-14T03:21:02Z,6224V71100C2,6224V,,SCHEDULED,0,0.0
2026-08-14T03:21:02Z,6224V71150C2,6224V,,SCHEDULED,0,0.0
2026-08-14T03:21:02Z,6224V71102C2,6224V,,SCHEDULED,0,0.0
2026-08-14T03:21:02Z,2024V70751C6,2024V,,SCHEDULED,300,5.0
2026-08-14T03:21:02Z,2024V22200C2,2024V,,SCHEDULED,0,0.0
2026-08-14T03:21:02Z,2024V80851C6,2024V,,SCHEDULED,0,0.0
2026-08-14T03:21:02Z,2024V22103C1,2024V,,SCHEDULED,0,0.0
2026-08-14T03:21:02Z,2024V70900C8,2024V,,SCHEDULED,0,0.0
2026-08-14T03:21:02Z,2024V22101C1,2024V,,SCHEDULED,0,0.0
2026-08-14T03:21:02Z,2024V70200C4,2024V,,CANCELED,,
2026-08-14T03:21:02Z,2024V70750C6,2024V,,SCHEDULED,0,0.0
2026-08-14T03:21:02Z,2024V70400C5,2024V,,SCHEDULED,960,16.0
2026-08-14T03:21:02Z,2024V70501C7,2024V,,SCHEDULED,0,0.0
2026-08-14T03:21:02Z,2024V70500C7,2024V,,SCHEDULED,0,0.0
2026-08-14T03:21:02Z,4124V24700C1,4124V,,SCHEDULED,0,0.0
2026-08-14T03:21:02Z,4124V24701C1,4124V,,SCHEDULED,0,0.0
2026-08-14T03:21:02Z,1024V76672C5,1024V,,SCHEDULED,0,0.0
2026-08-14T03:21:02Z,1024V79203C7,1024V,,SCHEDULED,0,0.0
2026-08-14T03:21:02Z,1024V79202C7,1024V,,SCHEDULED,0,0.0
2026-08-14T03:21:02Z,1024V76354C5,1024V,,SCHEDULED,0,0.0
2026-08-14T03:21:02Z,1024V76355C5,1024V,,SCHEDULED,0,0.0
2026-08-14T03:21:02Z,1024V76674C5,1024V,,SCHEDULED,0,0.0
2026-08-14T03:21:02Z,1024V20402C4b,1024V,,SCHEDULED,0,0.0
2026-08-14T03:21:02Z,1024V20204C4,1024V,,SCHEDULED,0,0.0
2026-08-14T03:21:02Z,1024V20202C4,1024V,,SCHEDULED,0,0.0
2026-08-14T03:21:02Z,1024V19799C1,1024V,,SCHEDULED,240,4.0
2026-08-14T03:21:02Z,1024V20003C3,1024V,,SCHEDULED,120,2.0
2026-08-14T03:21:02Z,1024V20002C3,1024V,,SCHEDULED,240,4.0
2026-08-14T03:21:02Z,1024V20209C4a,1024V,,SCHEDULED,0,0.0
2026-08-14T03:21:02Z,1024V79201C2,1024V,,SCHEDULED,120,2.0
2026-08-14T03:21:02Z,1024V20407C4b,1024V,,SCHEDULED,60,1.0
2026-08-14T03:21:02Z,1024V20208C4,1024V,,SCHEDULED,0,0.0
2026-08-14T03:21:02Z,1024V20207C4a,1024V,,SCHEDULED,0,0.0
2026-08-14T03:21:02Z,1024V79200C2,1024V,,SCHEDULED,360,6.0
2026-08-14T03:21:02Z,1024V20405C4b,1024V,,SCHEDULED,0,0.0
2026-08-14T03:21:02Z,1024V76352C5,1024V,,SCHEDULED,60,1.0
2026-08-14T03:21:02Z,1024V20007C3,1024V,,SCHEDULED,0,0.0
2026-08-14T03:21:02Z,1024V20403C4b,1024V,,SCHEDULED,360,6.0
2026-08-14T03:21:02Z,1024V76353C5,1024V,,SCHEDULED,0,0.0
2026-08-14T03:21:02Z,1024V76358C5,1024V,,SCHEDULED,0,0.0
2026-08-14T03:21:02Z,1024V76677C5,1024V,,SCHEDULED,0,0.0
2026-08-14T03:21:02Z,1024V20205C4a,1024V,,SCHEDULED,300,5.0
2026-08-14T03:21:02Z,1024V20411C4b,1024V,,SCHEDULED,0,0.0
2026-08-14T03:21:02Z,1024V20212C4a,1024V,,SCHEDULED,0,0.0
2026-08-14T03:21:02Z,1024V79503C2,1024V,,SCHEDULED,60,1.0
2026-08-14T03:21:02Z,1024V76679C5,1024V,,SCHEDULED,0,0.0
2026-08-14T03:21:02Z,1024V76360C5,1024V,,SCHEDULED,0,0.0
2026-08-14T03:21:02Z,1024V76681C5,1024V,,SCHEDULED,0,0.0
2026-08-14T03:21:02Z,1024V79507C2,1024V,,SCHEDULED,0,0.0
2026-08-14T03:21:02Z,1024V79808C8a,1024V,,SCHEDULED,0,0.0
2026-08-14T03:21:02Z,1024V79952C8b,1024V,,SCHEDULED,0,0.0
2026-08-14T03:21:02Z,1024V76202C5,1024V,,SCHEDULED,360,6.0
2026-08-14T03:21:02Z,1024V76203C5,1024V,,SCHEDULED,0,0.0
2026-08-14T03:21:02Z,1024V19800C1,1024V,,SCHEDULED,0,0.0
2026-08-14T03:21:02Z,1024V79205C7,1024V,,SCHEDULED,0,0.0
2026-08-14T03:21:02Z,1024V20005C3,1024V,,SCHEDULED,0,0.0
2026-08-14T03:21:02Z,1024V79600C10,1024V,,SCHEDULED,0,0.0
2026-08-14T03:21:02Z,1024V20203C4a,1024V,,SCHEDULED,480,8.0
2026-08-14T03:21:02Z,1024V20004C3,1024V,,SCHEDULED,0,0.0
2026-08-14T03:21:02Z,1024V79402C2,1024V,,SCHEDULED,0,0.0
2026-08-14T03:21:02Z,1024V76356C5,1024V,,SCHEDULED,360,6.0
2026-08-14T03:21:02Z,1024V76675C5,1024V,,SCHEDULED,0,0.0
2026-08-14T03:21:02Z,1024V79207C7,1024V,,SCHEDULED,0,0.0
2026-08-14T03:25:55Z,3024V23501C1,3024V,,SCHEDULED,60,1.0
2026-08-14T03:25:55Z,3224V23303C1,3224V,,SCHEDULED,0,0.0
2026-08-14T03:25:55Z,4024V24103C2,4024V,,SCHEDULED,0,0.0
2026-08-14T03:25:55Z,4024V24301C6,4024V,,SCHEDULED,0,0.0
2026-08-14T03:25:55Z,4024V24001C2,4024V,,SCHEDULED,0,0.0
2026-08-14T03:25:55Z,5124V25604R1,5124V,,SCHEDULED,0,0.0
2026-08-14T03:25:55Z,5124V28506R2,5124V,,SCHEDULED,0,0.0
2026-08-14T03:25:55Z,5124V28263R2S,5124V,,SCHEDULED,0,0.0
2026-08-14T03:25:55Z,5124V28400R2N,5124V,,SCHEDULED,120,2.0
2026-08-14T03:25:55Z,5124V15000R15,5124V,,SCHEDULED,0,0.0
2026-08-14T03:25:55Z,5124V28404R2N,5124V,,SCHEDULED,0,0.0
2026-08-14T03:25:55Z,5124V28556R2N,5124V,,SCHEDULED,0,0.0
2026-08-14T03:25:55Z,5124V77402R4,5124V,,SCHEDULED,0,0.0
2026-08-14T03:25:55Z,5124V28402R2N,5124V,,SCHEDULED,0,0.0
2026-08-14T03:25:55Z,5124V77506R4,5124V,,SCHEDULED,0,0.0
2026-08-14T03:25:55Z,6024V26000C2,6024V,,SCHEDULED,120,2.0
2026-08-14T03:25:55Z,6024V26002C2,6024V,,SCHEDULED,0,0.0
2026-08-14T03:25:55Z,6024V26102C1,6024V,,SCHEDULED,0,0.0
2026-08-14T03:25:55Z,6024V26101C1,6024V,,SCHEDULED,60,1.0
2026-08-14T03:25:55Z,6024V26500C3,6024V,,SCHEDULED,0,0.0
2026-08-14T03:25:55Z,6024V26501C3,6024V,,SCHEDULED,120,2.0
2026-08-14T03:25:55Z,6024V26503C3,6024V,,SCHEDULED,0,0.0
2026-08-14T03:25:55Z,6024V26502C3,6024V,,SCHEDULED,-60,-1.0
2026-08-14T03:25:55Z,6024V26003C2,6024V,,SCHEDULED,0,0.0
2026-08-14T03:25:55Z,6024V26600C3,6024V,,SCHEDULED,0,0.0
2026-08-14T03:25:55Z,6024V71501C4,6024V,,SCHEDULED,0,0.0
2026-08-14T03:25:55Z,6024V26001C2,6024V,,SCHEDULED,0,0.0
2026-08-14T03:25:55Z,6024V26100C1,6024V,,SCHEDULED,360,6.0
2026-08-14T03:25:55Z,6124V35650C1,6124V,,SCHEDULED,-60,-1.0
2026-08-14T03:25:55Z,6124V32769C1,6124V,,SCHEDULED,0,0.0
2026-08-14T03:25:55Z,6124V35680C1,6124V,,SCHEDULED,-420,-7.0
2026-08-14T03:25:55Z,6224V71102C2,6224V,,SCHEDULED,0,0.0
2026-08-14T03:25:55Z,2024V22000C1,2024V,,SCHEDULED,0,0.0
2026-08-14T03:25:55Z,2024V22200C2,2024V,,SCHEDULED,0,0.0
2026-08-14T03:25:55Z,2024V22101C1,2024V,,SCHEDULED,300,5.0
2026-08-14T03:25:55Z,2024V80851C6,2024V,,SCHEDULED,0,0.0
2026-08-14T03:25:55Z,2024V70900C8,2024V,,SCHEDULED,0,0.0
2026-08-14T03:25:55Z,2024V22103C1,2024V,,SCHEDULED,0,0.0
2026-08-14T03:25:55Z,2024V22303C3,2024V,,SCHEDULED,0,0.0
2026-08-14T03:25:55Z,2024V70200C4,2024V,,CANCELED,,
2026-08-14T03:25:55Z,2024V70750C6,2024V,,SCHEDULED,0,0.0
2026-08-14T03:25:55Z,2024V70400C5,2024V,,SCHEDULED,0,0.0
2026-08-14T03:25:55Z,2024V70751C6,2024V,,SCHEDULED,120,2.0
2026-08-14T03:25:55Z,2024V70501C7,2024V,,SCHEDULED,0,0.0
2026-08-14T03:25:55Z,2024V70753C6,2024V,,SCHEDULED,0,0.0
2026-08-14T03:25:55Z,2024V70500C7,2024V,,SCHEDULED,0,0.0
2026-08-14T03:25:55Z,4124V24700C1,4124V,,SCHEDULED,0,0.0
2026-08-14T03:25:55Z,4124V24701C1,4124V,,SCHEDULED,0,0.0
2026-08-14T03:25:55Z,1024V20002C3,1024V,,SCHEDULED,60,1.0
2026-08-14T03:25:55Z,1024V20209C4a,1024V,,SCHEDULED,0,0.0
2026-08-14T03:25:55Z,1024V20407C4b,1024V,,SCHEDULED,60,1.0
2026-08-14T03:25:55Z,1024V20208C4,1024V,,SCHEDULED,0,0.0
2026-08-14T03:25:55Z,1024V20207C4a,1024V,,SCHEDULED,0,0.0
2026-08-14T03:25:55Z,1024V20405C4b,1024V,,SCHEDULED,0,0.0
2026-08-14T03:25:55Z,1024V20007C3,1024V,,SCHEDULED,0,0.0
2026-08-14T03:25:55Z,1024V20403C4b,1024V,,SCHEDULED,240,4.0
2026-08-14T03:25:55Z,1024V20402C4b,1024V,,SCHEDULED,0,0.0
2026-08-14T03:25:55Z,1024V20204C4,1024V,,SCHEDULED,0,0.0
2026-08-14T03:25:55Z,1024V76352C5,1024V,,SCHEDULED,60,1.0
2026-08-14T03:25:55Z,1024V79808C8a,1024V,,SCHEDULED,0,0.0
2026-08-14T03:25:55Z,1024V76353C5,1024V,,SCHEDULED,0,0.0
2026-08-14T03:25:55Z,1024V76672C5,1024V,,SCHEDULED,0,0.0
2026-08-14T03:25:55Z,1024V76360C5,1024V,,SCHEDULED,0,0.0
2026-08-14T03:25:55Z,1024V76354C5,1024V,,SCHEDULED,0,0.0
2026-08-14T03:25:55Z,1024V76355C5,1024V,,SCHEDULED,0,0.0
2026-08-14T03:25:55Z,1024V76362C5,1024V,,SCHEDULED,0,0.0
2026-08-14T03:25:55Z,1024V76674C5,1024V,,SCHEDULED,0,0.0
2026-08-14T03:25:55Z,1024V76681C5,1024V,,SCHEDULED,0,0.0
2026-08-14T03:25:55Z,1024V76356C5,1024V,,SCHEDULED,0,0.0
2026-08-14T03:25:55Z,1024V76675C5,1024V,,SCHEDULED,60,1.0
2026-08-14T03:25:55Z,1024V76683C5,1024V,,SCHEDULED,0,0.0
2026-08-14T03:25:55Z,1024V76676C5,1024V,,SCHEDULED,0,0.0
2026-08-14T03:25:55Z,1024V76677C5,1024V,,SCHEDULED,180,3.0
2026-08-14T03:25:55Z,1024V79952C8b,1024V,,SCHEDULED,0,0.0
2026-08-14T03:25:55Z,1024V76202C5,1024V,,SCHEDULED,660,11.0
2026-08-14T03:25:55Z,1024V76358C5,1024V,,SCHEDULED,0,0.0
2026-08-14T03:25:55Z,1024V76203C5,1024V,,SCHEDULED,0,0.0
2026-08-14T03:25:55Z,1024V79503C2,1024V,,SCHEDULED,180,3.0
2026-08-14T03:25:55Z,1024V76679C5,1024V,,SCHEDULED,0,0.0
2026-08-14T03:25:55Z,1024V19800C1,1024V,,SCHEDULED,0,0.0
2026-08-14T03:25:55Z,1024V20005C3,1024V,,SCHEDULED,0,0.0
2026-08-14T03:25:55Z,1024V79507C2,1024V,,SCHEDULED,0,0.0
2026-08-14T03:25:55Z,1024V20411C4b,1024V,,SCHEDULED,0,0.0
2026-08-14T03:25:55Z,1024V20212C4a,1024V,,SCHEDULED,0,0.0
2026-08-14T03:25:55Z,1024V20203C4a,1024V,,SCHEDULED,420,7.0
2026-08-14T03:25:55Z,1024V19799C1,1024V,,SCHEDULED,600,10.0
2026-08-14T03:25:55Z,1024V20004C3,1024V,,SCHEDULED,0,0.0
2026-08-14T03:25:55Z,1024V20202C4,1024V,,SCHEDULED,120,2.0
2026-08-14T03:25:55Z,1024V79201C2,1024V,,SCHEDULED,180,3.0
2026-08-14T03:25:55Z,1024V79200C2,1024V,,SCHEDULED,660,11.0
2026-08-14T03:25:55Z,1024V79203C7,1024V,,SCHEDULED,60,1.0
2026-08-14T03:25:55Z,1024V79202C7,1024V,,SCHEDULED,0,0.0
2026-08-14T03:25:55Z,1024V79205C7,1024V,,SCHEDULED,0,0.0
2026-08-14T03:25:55Z,1024V79600C10,1024V,,SCHEDULED,0,0.0
2026-08-14T03:25:55Z,1024V79402C2,1024V,,SCHEDULED,0,0.0
2026-08-14T03:25:55Z,1024V79207C7,1024V,,SCHEDULED,0,0.0
2026-08-14T03:25:55Z,1024V79209C7,1024V,,SCHEDULED,0,0.0
2026-08-14T03:31:14Z,3024V23101C3,3024V,,SCHEDULED,0,0.0
2026-08-14T03:31:14Z,3024V23501C1,3024V,,SCHEDULED,-60,-1.0
2026-08-14T03:31:14Z,3224V23303C1,3224V,,SCHEDULED,60,1.0
2026-08-14T03:31:14Z,4024V24200C1,4024V,,SCHEDULED,0,0.0
2026-08-14T03:31:14Z,4024V24001C2,4024V,,SCHEDULED,0,0.0
2026-08-14T03:31:14Z,4024V24301C6,4024V,,SCHEDULED,0,0.0
2026-08-14T03:31:14Z,4024V24103C2,4024V,,SCHEDULED,0,0.0
2026-08-14T03:31:14Z,5124V28263R2S,5124V,,SCHEDULED,0,0.0
2026-08-14T03:31:14Z,5124V28402R2N,5124V,,SCHEDULED,0,0.0
2026-08-14T03:31:14Z,5124V28506R2,5124V,,SCHEDULED,0,0.0
2026-08-14T03:31:14Z,5124V77402R4,5124V,,SCHEDULED,0,0.0
2026-08-14T03:31:14Z,5124V33521R4,5124V,,SCHEDULED,0,0.0
2026-08-14T03:31:14Z,5124V18120R16,5124V,,SCHEDULED,0,0.0
2026-08-14T03:31:14Z,5124V77506R4,5124V,,SCHEDULED,0,0.0
2026-08-14T03:31:14Z,5124V18121R16,5124V,,SCHEDULED,0,0.0
2026-08-14T03:31:14Z,5124V15000R15,5124V,,SCHEDULED,0,0.0
2026-08-14T03:31:14Z,5124V28404R2N,5124V,,SCHEDULED,0,0.0
2026-08-14T03:31:14Z,5124V28556R2N,5124V,,SCHEDULED,0,0.0
2026-08-14T03:31:14Z,5124V77702R4,5124V,,SCHEDULED,0,0.0
2026-08-14T03:31:14Z,6024V26001C2,6024V,,SCHEDULED,120,2.0
2026-08-14T03:31:14Z,6024V26100C1,6024V,,SCHEDULED,300,5.0
2026-08-14T03:31:14Z,6024V26000C2,6024V,,SCHEDULED,60,1.0
2026-08-14T03:31:14Z,6024V26002C2,6024V,,SCHEDULED,0,0.0
2026-08-14T03:31:14Z,6024V26101C1,6024V,,SCHEDULED,0,0.0
2026-08-14T03:31:14Z,6024V26102C1,6024V,,SCHEDULED,0,0.0
2026-08-14T03:31:14Z,6024V26003C2,6024V,,SCHEDULED,0,0.0
2026-08-14T03:31:14Z,6024V26502C3,6024V,,SCHEDULED,0,0.0
2026-08-14T03:31:14Z,6024V26600C3,6024V,,SCHEDULED,0,0.0
2026-08-14T03:31:14Z,6024V26501C3,6024V,,SCHEDULED,0,0.0
2026-08-14T03:31:14Z,6024V26503C3,6024V,,SCHEDULED,0,0.0
2026-08-14T03:31:14Z,6024V71501C4,6024V,,SCHEDULED,60,1.0
2026-08-14T03:31:14Z,6024V26500C3,6024V,,SCHEDULED,60,1.0
2026-08-14T03:31:14Z,6024V26103C1,6024V,,SCHEDULED,0,0.0
2026-08-14T03:31:14Z,6124V35650C1,6124V,,SCHEDULED,0,0.0
2026-08-14T03:31:14Z,6124V32769C1,6124V,,SCHEDULED,0,0.0
2026-08-14T03:31:14Z,6124V35680C1,6124V,,SCHEDULED,-420,-7.0
2026-08-14T03:31:14Z,6224V71152C2,6224V,,SCHEDULED,0,0.0
2026-08-14T03:31:14Z,6224V71102C2,6224V,,SCHEDULED,0,0.0
2026-08-14T03:31:14Z,4724V71091C1,4724V,,SCHEDULED,0,0.0
2026-08-14T03:31:14Z,2024V22000C1,2024V,,SCHEDULED,0,0.0
2026-08-14T03:31:14Z,2024V22200C2,2024V,,SCHEDULED,0,0.0
2026-08-14T03:31:14Z,2024V22101C1,2024V,,SCHEDULED,300,5.0
2026-08-14T03:31:14Z,2024V80851C6,2024V,,SCHEDULED,0,0.0
2026-08-14T03:31:14Z,2024V70900C8,2024V,,SCHEDULED,60,1.0
2026-08-14T03:31:14Z,2024V22103C1,2024V,,SCHEDULED,0,0.0
2026-08-14T03:31:14Z,2024V22303C3,2024V,,SCHEDULED,0,0.0
2026-08-14T03:31:14Z,2024V70500C7,2024V,,SCHEDULED,60,1.0
2026-08-14T03:31:14Z,2024V70200C4,2024V,,CANCELED,,
2026-08-14T03:31:14Z,2024V70501C7,2024V,,SCHEDULED,0,0.0
2026-08-14T03:31:14Z,2024V70750C6,2024V,,SCHEDULED,0,0.0
2026-08-14T03:31:14Z,2024V70753C6,2024V,,SCHEDULED,0,0.0
2026-08-14T03:31:14Z,2024V70400C5,2024V,,SCHEDULED,60,1.0
2026-08-14T03:31:14Z,2024V70401C5,2024V,,SCHEDULED,-180,-3.0
2026-08-14T03:31:14Z,4124V84901C2,4124V,,SCHEDULED,0,0.0
2026-08-14T03:31:14Z,4124V24701C1,4124V,,SCHEDULED,0,0.0
2026-08-14T03:31:14Z,4124V24700C1,4124V,,SCHEDULED,0,0.0
2026-08-14T03:31:14Z,1024V20005C3,1024V,,SCHEDULED,0,0.0
2026-08-14T03:31:14Z,1024V20203C4a,1024V,,SCHEDULED,420,7.0
2026-08-14T03:31:14Z,1024V20004C3,1024V,,SCHEDULED,0,0.0
2026-08-14T03:31:14Z,1024V20003C3,1024V,,SCHEDULED,180,3.0
2026-08-14T03:31:14Z,1024V20002C3,1024V,,SCHEDULED,300,5.0
2026-08-14T03:31:14Z,1024V20409C4b,1024V,,SCHEDULED,0,0.0
2026-08-14T03:31:14Z,1024V20209C4a,1024V,,SCHEDULED,0,0.0
2026-08-14T03:31:14Z,1024V20407C4b,1024V,,SCHEDULED,60,1.0
2026-08-14T03:31:14Z,1024V20208C4,1024V,,SCHEDULED,0,0.0
2026-08-14T03:31:14Z,1024V20207C4a,1024V,,SCHEDULED,0,0.0
2026-08-14T03:31:14Z,1024V20405C4b,1024V,,SCHEDULED,240,4.0
2026-08-14T03:31:14Z,1024V20007C3,1024V,,SCHEDULED,0,0.0
2026-08-14T03:31:14Z,1024V20403C4b,1024V,,SCHEDULED,540,9.0
2026-08-14T03:31:14Z,1024V76356C5,1024V,,SCHEDULED,60,1.0
2026-08-14T03:31:14Z,1024V76357C5,1024V,,SCHEDULED,0,0.0
2026-08-14T03:31:14Z,1024V76676C5,1024V,,SCHEDULED,0,0.0
2026-08-14T03:31:14Z,1024V76677C5,1024V,,SCHEDULED,0,0.0
2026-08-14T03:31:14Z,1024V76358C5,1024V,,SCHEDULED,0,0.0
2026-08-14T03:31:14Z,1024V79503C2,1024V,,SCHEDULED,60,1.0
2026-08-14T03:31:14Z,1024V76679C5,1024V,,SCHEDULED,120,2.0
2026-08-14T03:31:14Z,1024V79507C2,1024V,,SCHEDULED,0,0.0
2026-08-14T03:31:14Z,1024V20006C3,1024V,,SCHEDULED,0,0.0
2026-08-14T03:31:14Z,1024V20402C4b,1024V,,SCHEDULED,0,0.0
2026-08-14T03:31:14Z,1024V20204C4,1024V,,SCHEDULED,60,1.0
2026-08-14T03:31:14Z,1024V76672C5,1024V,,SCHEDULED,180,3.0
2026-08-14T03:31:14Z,1024V76353C5,1024V,,SCHEDULED,180,3.0
2026-08-14T03:31:14Z,1024V76354C5,1024V,,SCHEDULED,0,0.0
2026-08-14T03:31:14Z,1024V76355C5,1024V,,SCHEDULED,0,0.0
2026-08-14T03:31:14Z,1024V76674C5,1024V,,SCHEDULED,0,0.0
2026-08-14T03:31:14Z,1024V79404C2,1024V,,SCHEDULED,0,0.0
2026-08-14T03:31:14Z,1024V79209C7,1024V,,SCHEDULED,0,0.0
2026-08-14T03:31:14Z,1024V79805C8a,1024V,,SCHEDULED,0,0.0
2026-08-14T03:31:14Z,1024V79808C8a,1024V,,SCHEDULED,0,0.0
2026-08-14T03:31:14Z,1024V76360C5,1024V,,SCHEDULED,0,0.0
2026-08-14T03:31:14Z,1024V76362C5,1024V,,SCHEDULED,0,0.0
2026-08-14T03:31:14Z,1024V76681C5,1024V,,SCHEDULED,0,0.0
2026-08-14T03:31:14Z,1024V79951C8b,1024V,,SCHEDULED,0,0.0
2026-08-14T03:31:14Z,1024V76364C5,1024V,,SCHEDULED,0,0.0
2026-08-14T03:31:14Z,1024V76683C5,1024V,,SCHEDULED,0,0.0
2026-08-14T03:31:14Z,1024V79950C2,1024V,,SCHEDULED,0,0.0
2026-08-14T03:31:14Z,1024V79952C8b,1024V,,SCHEDULED,0,0.0
2026-08-14T03:31:14Z,1024V76202C5,1024V,,SCHEDULED,0,0.0
2026-08-14T03:31:14Z,1024V76203C5,1024V,,SCHEDULED,0,0.0
2026-08-14T03:31:14Z,1024V19800C1,1024V,,SCHEDULED,0,0.0
2026-08-14T03:31:14Z,1024V19803C1,1024V,,SCHEDULED,0,0.0
2026-08-14T03:31:14Z,1024V20411C4b,1024V,,SCHEDULED,0,0.0
2026-08-14T03:31:14Z,1024V20212C4a,1024V,,SCHEDULED,0,0.0
2026-08-14T03:31:14Z,1024V20211C4a,1024V,,SCHEDULED,0,0.0
2026-08-14T03:31:14Z,1024V20413C4b,1024V,,SCHEDULED,0,0.0
2026-08-14T03:31:14Z,1024V19799C1,1024V,,SCHEDULED,720,12.0
2026-08-14T03:31:14Z,1024V79200C2,1024V,,SCHEDULED,960,16.0
2026-08-14T03:31:14Z,1024V79203C7,1024V,,SCHEDULED,120,2.0
2026-08-14T03:31:14Z,1024V79202C7,1024V,,SCHEDULED,0,0.0
2026-08-14T03:31:14Z,1024V79205C7,1024V,,SCHEDULED,120,2.0
2026-08-14T03:31:14Z,1024V79204C7,1024V,,SCHEDULED,0,0.0
2026-08-14T03:31:14Z,1024V79600C10,1024V,,SCHEDULED,0,0.0
2026-08-14T03:31:14Z,1024V79402C2,1024V,,SCHEDULED,240,4.0
2026-08-14T03:31:14Z,1024V79207C7,1024V,,SCHEDULED,120,2.0
2026-08-14T03:36:25Z,3024V23101C3,3024V,,SCHEDULED,0,0.0
2026-08-14T03:36:25Z,3024V23501C1,3024V,,SCHEDULED,0,0.0
2026-08-14T03:36:25Z,3224V23303C1,3224V,,SCHEDULED,60,1.0
2026-08-14T03:36:25Z,4024V24001C2,4024V,,SCHEDULED,0,0.0
2026-08-14T03:36:25Z,4024V24200C1,4024V,,SCHEDULED,0,0.0
2026-08-14T03:36:25Z,4024V24380C6,4024V,,SCHEDULED,0,0.0
2026-08-14T03:36:25Z,4024V24301C6,4024V,,SCHEDULED,0,0.0
2026-08-14T03:36:25Z,4024V24201C1,4024V,,SCHEDULED,0,0.0
2026-08-14T03:36:25Z,4024V24103C2,4024V,,SCHEDULED,0,0.0
2026-08-14T03:36:25Z,5124V28506R2,5124V,,SCHEDULED,0,0.0
2026-08-14T03:36:25Z,5124V35516R3,5124V,,SCHEDULED,0,0.0
2026-08-14T03:36:25Z,5124V18120R16,5124V,,SCHEDULED,0,0.0
2026-08-14T03:36:25Z,5124V28263R2S,5124V,,SCHEDULED,0,0.0
2026-08-14T03:36:25Z,5124V18121R16,5124V,,SCHEDULED,0,0.0
2026-08-14T03:36:25Z,5124V28404R2N,5124V,,SCHEDULED,0,0.0
2026-08-14T03:36:25Z,5124V15000R15,5124V,,SCHEDULED,0,0.0
2026-08-14T03:36:25Z,5124V25501R2S,5124V,,SCHEDULED,0,0.0
2026-08-14T03:36:25Z,5124V28556R2N,5124V,,SCHEDULED,0,0.0
2026-08-14T03:36:25Z,5124V25601R1,5124V,,SCHEDULED,0,0.0
2026-08-14T03:36:25Z,5124V77702R4,5124V,,SCHEDULED,0,0.0
2026-08-14T03:36:25Z,5124V33521R4,5124V,,SCHEDULED,0,0.0
2026-08-14T03:36:25Z,6024V26503C3,6024V,,SCHEDULED,120,2.0
2026-08-14T03:36:25Z,6024V26502C3,6024V,,SCHEDULED,0,0.0
2026-08-14T03:36:25Z,6024V26001C2,6024V,,SCHEDULED,120,2.0
2026-08-14T03:36:25Z,6024V26600C3,6024V,,SCHEDULED,300,5.0
2026-08-14T03:36:25Z,6024V26501C3,6024V,,SCHEDULED,0,0.0
2026-08-14T03:36:25Z,6024V26504C3,6024V,,SCHEDULED,0,0.0
2026-08-14T03:36:25Z,6024V26000C2,6024V,,SCHEDULED,-60,-1.0
2026-08-14T03:36:25Z,6024V71501C4,6024V,,SCHEDULED,0,0.0
2026-08-14T03:36:25Z,6024V26500C3,6024V,,SCHEDULED,0,0.0
2026-08-14T03:36:25Z,6024V26103C1,6024V,,SCHEDULED,0,0.0
2026-08-14T03:36:25Z,6024V26002C2,6024V,,SCHEDULED,120,2.0
2026-08-14T03:36:25Z,6024V26101C1,6024V,,SCHEDULED,0,0.0
2026-08-14T03:36:25Z,6024V26102C1,6024V,,SCHEDULED,0,0.0
2026-08-14T03:36:25Z,6024V26003C2,6024V,,SCHEDULED,60,1.0
2026-08-14T03:36:25Z,6124V35680C1,6124V,,SCHEDULED,-420,-7.0
2026-08-14T03:36:25Z,6124V35650C1,6124V,,SCHEDULED,60,1.0
2026-08-14T03:36:25Z,6124V32769C1,6124V,,SCHEDULED,0,0.0
2026-08-14T03:36:25Z,6124V81702C1,6124V,,SCHEDULED,0,0.0
2026-08-14T03:36:25Z,6224V71152C2,6224V,,SCHEDULED,0,0.0
2026-08-14T03:36:25Z,6224V71351C3,6224V,,SCHEDULED,0,0.0
2026-08-14T03:36:25Z,6224V71100C2,6224V,,SCHEDULED,180,3.0
2026-08-14T03:36:25Z,6224V71102C2,6224V,,SCHEDULED,120,2.0
2026-08-14T03:36:25Z,4724V71091C1,4724V,,SCHEDULED,0,0.0
2026-08-14T03:36:25Z,4724V71080C1,4724V,,SCHEDULED,0,0.0
2026-08-14T03:36:25Z,2024V22000C1,2024V,,SCHEDULED,0,0.0
2026-08-14T03:36:25Z,2024V22200C2,2024V,,SCHEDULED,0,0.0
2026-08-14T03:36:25Z,2024V22101C1,2024V,,SCHEDULED,360,6.0
2026-08-14T03:36:25Z,2024V22103C1,2024V,,SCHEDULED,60,1.0
2026-08-14T03:36:25Z,2024V22303C3,2024V,,SCHEDULED,0,0.0
2026-08-14T03:36:25Z,2024V80851C6,2024V,,SCHEDULED,0,0.0
2026-08-14T03:36:25Z,2024V70900C8,2024V,,SCHEDULED,360,6.0
2026-08-14T03:36:25Z,2024V70200C4,2024V,,CANCELED,,
2026-08-14T03:36:25Z,2024V70750C6,2024V,,SCHEDULED,300,5.0
2026-08-14T03:36:25Z,2024V70752C6,2024V,,SCHEDULED,0,0.0
2026-08-14T03:36:25Z,2024V70400C5,2024V,,SCHEDULED,180,3.0
2026-08-14T03:36:25Z,2024V70501C7,2024V,,SCHEDULED,0,0.0
2026-08-14T03:36:25Z,2024V70753C6,2024V,,SCHEDULED,0,0.0
2026-08-14T03:36:25Z,2024V70401C5,2024V,,SCHEDULED,120,2.0
2026-08-14T03:36:25Z,2024V70500C7,2024V,,SCHEDULED,60,1.0
2026-08-14T03:36:25Z,4124V84901C2,4124V,,SCHEDULED,0,0.0
2026-08-14T03:36:25Z,4124V24701C1,4124V,,SCHEDULED,0,0.0
2026-08-14T03:36:25Z,4124V24700C1,4124V,,SCHEDULED,0,0.0
2026-08-14T03:36:25Z,4124V84900C2,4124V,,SCHEDULED,0,0.0
2026-08-14T03:36:25Z,1024V20005C3,1024V,,SCHEDULED,0,0.0
2026-08-14T03:36:25Z,1024V20004C3,1024V,,SCHEDULED,0,0.0
2026-08-14T03:36:25Z,1024V20202C4,1024V,,SCHEDULED,120,2.0
2026-08-14T03:36:25Z,1024V20003C3,1024V,,SCHEDULED,180,3.0
2026-08-14T03:36:25Z,1024V20002C3,1024V,,SCHEDULED,180,3.0
2026-08-14T03:36:25Z,1024V20409C4b,1024V,,SCHEDULED,0,0.0
2026-08-14T03:36:25Z,1024V20209C4a,1024V,,SCHEDULED,0,0.0
2026-08-14T03:36:25Z,1024V20407C4b,1024V,,SCHEDULED,240,4.0
2026-08-14T03:36:25Z,1024V20406C4b,1024V,,SCHEDULED,0,0.0
2026-08-14T03:36:25Z,1024V20208C4,1024V,,SCHEDULED,0,0.0
2026-08-14T03:36:25Z,1024V20009C3,1024V,,SCHEDULED,0,0.0
2026-08-14T03:36:25Z,1024V20207C4a,1024V,,SCHEDULED,0,0.0
2026-08-14T03:36:25Z,1024V20405C4b,1024V,,SCHEDULED,0,0.0
2026-08-14T03:36:25Z,1024V20206C4,1024V,,SCHEDULED,0,0.0
2026-08-14T03:36:25Z,1024V20007C3,1024V,,SCHEDULED,0,0.0
2026-08-14T03:36:25Z,1024V20403C4b,1024V,,SCHEDULED,300,5.0
2026-08-14T03:36:25Z,1024V20205C4a,1024V,,SCHEDULED,300,5.0
2026-08-14T03:36:25Z,1024V76357C5,1024V,,SCHEDULED,0,0.0
2026-08-14T03:36:25Z,1024V76676C5,1024V,,SCHEDULED,0,0.0
2026-08-14T03:36:25Z,1024V76677C5,1024V,,SCHEDULED,0,0.0
2026-08-14T03:36:25Z,1024V76358C5,1024V,,SCHEDULED,0,0.0
2026-08-14T03:36:25Z,1024V79503C2,1024V,,SCHEDULED,120,2.0
2026-08-14T03:36:25Z,1024V76359C5,1024V,,SCHEDULED,0,0.0
2026-08-14T03:36:25Z,1024V76678C5,1024V,,SCHEDULED,0,0.0
2026-08-14T03:36:25Z,1024V76679C5,1024V,,SCHEDULED,0,0.0
2026-08-14T03:36:25Z,1024V79507C2,1024V,,SCHEDULED,0,0.0
2026-08-14T03:36:25Z,1024V20006C3,1024V,,SCHEDULED,0,0.0
2026-08-14T03:36:25Z,1024V20402C4b,1024V,,SCHEDULED,0,0.0
2026-08-14T03:36:25Z,1024V20204C4,1024V,,SCHEDULED,0,0.0
2026-08-14T03:36:25Z,1024V76672C5,1024V,,SCHEDULED,0,0.0
2026-08-14T03:36:25Z,1024V76353C5,1024V,,SCHEDULED,0,0.0
2026-08-14T03:36:25Z,1024V76354C5,1024V,,SCHEDULED,120,2.0
2026-08-14T03:36:25Z,1024V76355C5,1024V,,SCHEDULED,0,0.0
2026-08-14T03:36:25Z,1024V76674C5,1024V,,SCHEDULED,0,0.0
2026-08-14T03:36:25Z,1024V76356C5,1024V,,SCHEDULED,0,0.0
2026-08-14T03:36:25Z,1024V79404C2,1024V,,SCHEDULED,0,0.0
2026-08-14T03:36:25Z,1024V20411C4b,1024V,,SCHEDULED,0,0.0
2026-08-14T03:36:25Z,1024V20212C4a,1024V,,SCHEDULED,60,1.0
2026-08-14T03:36:25Z,1024V20211C4a,1024V,,SCHEDULED,0,0.0
2026-08-14T03:36:25Z,1024V20216C4a,1024V,,SCHEDULED,0,0.0
2026-08-14T03:36:25Z,1024V20413C4b,1024V,,SCHEDULED,0,0.0
2026-08-14T03:36:25Z,1024V79211C7,1024V,,SCHEDULED,0,0.0
2026-08-14T03:36:25Z,1024V19799C1,1024V,,SCHEDULED,360,6.0
2026-08-14T03:36:25Z,1024V79209C7,1024V,,SCHEDULED,0,0.0
2026-08-14T03:36:25Z,1024V79805C8a,1024V,,SCHEDULED,0,0.0
2026-08-14T03:36:25Z,1024V79808C8a,1024V,,SCHEDULED,0,0.0
2026-08-14T03:36:25Z,1024V79203C7,1024V,,SCHEDULED,180,3.0
2026-08-14T03:36:25Z,1024V76360C5,1024V,,SCHEDULED,300,5.0
2026-08-14T03:36:25Z,1024V76362C5,1024V,,SCHEDULED,0,0.0
2026-08-14T03:36:25Z,1024V79202C7,1024V,,SCHEDULED,0,0.0
2026-08-14T03:36:25Z,1024V76681C5,1024V,,SCHEDULED,0,0.0
2026-08-14T03:36:25Z,1024V79951C8b,1024V,,SCHEDULED,0,0.0
2026-08-14T03:36:25Z,1024V76364C5,1024V,,SCHEDULED,0,0.0
2026-08-14T03:36:25Z,1024V79205C7,1024V,,SCHEDULED,60,1.0
2026-08-14T03:36:25Z,1024V76683C5,1024V,,SCHEDULED,0,0.0
2026-08-14T03:36:25Z,1024V79950C2,1024V,,SCHEDULED,0,0.0
2026-08-14T03:36:25Z,1024V76685C5,1024V,,SCHEDULED,0,0.0
2026-08-14T03:36:25Z,1024V79952C8b,1024V,,SCHEDULED,0,0.0
2026-08-14T03:36:25Z,1024V76202C5,1024V,,SCHEDULED,0,0.0
2026-08-14T03:36:25Z,1024V79204C7,1024V,,SCHEDULED,0,0.0
2026-08-14T03:36:25Z,1024V76203C5,1024V,,SCHEDULED,0,0.0
2026-08-14T03:36:25Z,1024V76204C5,1024V,,SCHEDULED,0,0.0
2026-08-14T03:36:25Z,1024V79600C10,1024V,,SCHEDULED,120,2.0
2026-08-14T03:36:25Z,1024V19800C1,1024V,,SCHEDULED,0,0.0
2026-08-14T03:36:25Z,1024V19803C1,1024V,,SCHEDULED,0,0.0
2026-08-14T03:36:25Z,1024V79402C2,1024V,,SCHEDULED,300,5.0
2026-08-14T03:36:25Z,1024V79207C7,1024V,,SCHEDULED,420,7.0
2026-08-14T03:41:02Z,3024V23101C3,3024V,,SCHEDULED,0,0.0
2026-08-14T03:41:02Z,3024V23501C1,3024V,,SCHEDULED,-60,-1.0
2026-08-14T03:41:02Z,3024V23500C1,3024V,,SCHEDULED,180,3.0
2026-08-14T03:41:02Z,3024V23502C1,3024V,,SCHEDULED,0,0.0
2026-08-14T03:41:02Z,3024V23601C4,3024V,,SCHEDULED,0,0.0
2026-08-14T03:41:02Z,3124V23422T1,3124V,,SCHEDULED,0,0.0
2026-08-14T03:41:02Z,3224V23303C1,3224V,,SCHEDULED,120,2.0
2026-08-14T03:41:02Z,4024V24201C1,4024V,,SCHEDULED,0,0.0
2026-08-14T03:41:02Z,4024V24301C6,4024V,,SCHEDULED,0,0.0
2026-08-14T03:41:02Z,4024V24103C2,4024V,,SCHEDULED,300,5.0
2026-08-14T03:41:02Z,4024V24002C2,4024V,,SCHEDULED,0,0.0
2026-08-14T03:41:02Z,4024V24200C1,4024V,,SCHEDULED,0,0.0
2026-08-14T03:41:02Z,4024V24380C6,4024V,,SCHEDULED,0,0.0
2026-08-14T03:41:02Z,4024V24001C2,4024V,,SCHEDULED,240,4.0
2026-08-14T03:41:02Z,5124V28404R2N,5124V,,SCHEDULED,0,0.0
2026-08-14T03:41:02Z,5124V28506R2,5124V,,SCHEDULED,0,0.0
2026-08-14T03:41:02Z,5124V77510R4,5124V,,SCHEDULED,0,0.0
2026-08-14T03:41:02Z,5124V35518R3,5124V,,SCHEDULED,0,0.0
2026-08-14T03:41:02Z,5124V35516R3,5124V,,SCHEDULED,0,0.0
2026-08-14T03:41:02Z,5124V77702R4,5124V,,SCHEDULED,0,0.0
2026-08-14T03:41:02Z,5124V15250R11,5124V,,SCHEDULED,0,0.0
2026-08-14T03:41:02Z,5124V33521R4,5124V,,SCHEDULED,0,0.0
2026-08-14T03:41:02Z,5124V18120R16,5124V,,SCHEDULED,0,0.0
2026-08-14T03:41:02Z,5124V15772R11,5124V,,SCHEDULED,0,0.0
2026-08-14T03:41:02Z,5124V18121R16,5124V,,SCHEDULED,0,0.0
2026-08-14T03:41:02Z,5124V25606R1,5124V,,SCHEDULED,0,0.0
2026-08-14T03:41:02Z,5124V15000R15,5124V,,SCHEDULED,0,0.0
2026-08-14T03:41:02Z,5124V25501R2S,5124V,,SCHEDULED,0,0.0
2026-08-14T03:41:02Z,5124V28556R2N,5124V,,SCHEDULED,0,0.0
2026-08-14T03:41:02Z,5124V25601R1,5124V,,SCHEDULED,0,0.0
2026-08-14T03:41:02Z,5124V77404R4,5124V,,SCHEDULED,0,0.0
2026-08-14T03:41:02Z,6024V26504C3,6024V,,SCHEDULED,0,0.0
2026-08-14T03:41:02Z,6024V26503C3,6024V,,SCHEDULED,120,2.0
2026-08-14T03:41:02Z,6024V26001C2,6024V,,SCHEDULED,60,1.0
2026-08-14T03:41:02Z,6024V26000C2,6024V,,SCHEDULED,0,0.0
2026-08-14T03:41:02Z,6024V26102C1,6024V,,SCHEDULED,60,1.0
2026-08-14T03:41:02Z,6024V26003C2,6024V,,SCHEDULED,120,2.0
2026-08-14T03:41:02Z,6024V26002C2,6024V,,SCHEDULED,180,3.0
2026-08-14T03:41:02Z,6024V26101C1,6024V,,SCHEDULED,60,1.0
2026-08-14T03:41:02Z,6024V26103C1,6024V,,SCHEDULED,0,0.0
2026-08-14T03:41:02Z,6024V26502C3,6024V,,SCHEDULED,0,0.0
2026-08-14T03:41:02Z,6024V26600C3,6024V,,SCHEDULED,180,3.0
2026-08-14T03:41:02Z,6024V26501C3,6024V,,SCHEDULED,60,1.0
2026-08-14T03:41:02Z,6024V71501C4,6024V,,SCHEDULED,0,0.0
2026-08-14T03:41:02Z,6024V26005C2,6024V,,SCHEDULED,0,0.0
2026-08-14T03:41:02Z,6024V26500C3,6024V,,SCHEDULED,60,1.0
2026-08-14T03:41:02Z,6024V26004C2,6024V,,SCHEDULED,0,0.0
2026-08-14T03:41:02Z,6124V35680C1,6124V,,SCHEDULED,0,0.0
2026-08-14T03:41:02Z,6124V35650C1,6124V,,SCHEDULED,300,5.0
2026-08-14T03:41:02Z,6124V32769C1,6124V,,SCHEDULED,0,0.0
2026-08-14T03:41:02Z,6124V81702C1,6124V,,SCHEDULED,0,0.0
2026-08-14T03:41:02Z,6224V71152C2,6224V,,SCHEDULED,0,0.0
2026-08-14T03:41:02Z,6224V71351C3,6224V,,SCHEDULED,0,0.0
2026-08-14T03:41:02Z,4724V71091C1,4724V,,SCHEDULED,0,0.0
2026-08-14T03:41:02Z,4724V71080C1,4724V,,SCHEDULED,0,0.0
2026-08-14T03:41:02Z,2024V22000C1,2024V,,SCHEDULED,0,0.0
2026-08-14T03:41:02Z,2024V22200C2,2024V,,SCHEDULED,0,0.0
2026-08-14T03:41:02Z,2024V22101C1,2024V,,SCHEDULED,480,8.0
2026-08-14T03:41:02Z,2024V22103C1,2024V,,SCHEDULED,360,6.0
2026-08-14T03:41:02Z,2024V80851C6,2024V,,SCHEDULED,0,0.0
2026-08-14T03:41:02Z,2024V70502C7,2024V,,SCHEDULED,0,0.0
2026-08-14T03:41:02Z,2024V70801C6,2024V,,SCHEDULED,0,0.0
2026-08-14T03:41:02Z,2024V70200C4,2024V,,CANCELED,,
2026-08-14T03:41:02Z,2024V70900C8,2024V,,SCHEDULED,660,11.0
2026-08-14T03:41:02Z,2024V70752C6,2024V,,SCHEDULED,0,0.0
2026-08-14T03:41:02Z,2024V22303C3,2024V,,SCHEDULED,0,0.0
2026-08-14T03:41:02Z,2024V70400C5,2024V,,SCHEDULED,120,2.0
2026-08-14T03:41:02Z,2024V70501C7,2024V,,SCHEDULED,0,0.0
2026-08-14T03:41:02Z,2024V70753C6,2024V,,SCHEDULED,0,0.0
2026-08-14T03:41:02Z,2024V70401C5,2024V,,SCHEDULED,420,7.0
2026-08-14T03:41:02Z,2024V70500C7,2024V,,SCHEDULED,120,2.0
2026-08-14T03:41:02Z,4124V84901C2,4124V,,SCHEDULED,0,0.0
2026-08-14T03:41:02Z,4124V24701C1,4124V,,SCHEDULED,0,0.0
2026-08-14T03:41:02Z,4124V24700C1,4124V,,SCHEDULED,0,0.0
2026-08-14T03:41:02Z,4124V84900C2,4124V,,SCHEDULED,0,0.0
2026-08-14T03:41:02Z,1024V20407C4b,1024V,,SCHEDULED,60,1.0
2026-08-14T03:41:02Z,1024V20406C4b,1024V,,SCHEDULED,0,0.0
2026-08-14T03:41:02Z,1024V20208C4,1024V,,SCHEDULED,180,3.0
2026-08-14T03:41:02Z,1024V20009C3,1024V,,SCHEDULED,0,0.0
2026-08-14T03:41:02Z,1024V20207C4a,1024V,,SCHEDULED,180,3.0
2026-08-14T03:41:02Z,1024V20405C4b,1024V,,SCHEDULED,120,2.0
2026-08-14T03:41:02Z,1024V20206C4,1024V,,SCHEDULED,0,0.0
2026-08-14T03:41:02Z,1024V20007C3,1024V,,SCHEDULED,0,0.0
2026-08-14T03:41:02Z,1024V20205C4a,1024V,,SCHEDULED,240,4.0
2026-08-14T03:41:02Z,1024V19800C1,1024V,,SCHEDULED,0,0.0
2026-08-14T03:41:02Z,1024V19803C1,1024V,,SCHEDULED,0,0.0
2026-08-14T03:41:02Z,1024V20005C3,1024V,,SCHEDULED,180,3.0
2026-08-14T03:41:02Z,1024V20004C3,1024V,,SCHEDULED,180,3.0
2026-08-14T03:41:02Z,1024V20202C4,1024V,,SCHEDULED,60,1.0
2026-08-14T03:41:02Z,1024V20003C3,1024V,,SCHEDULED,180,3.0
2026-08-14T03:41:02Z,1024V20002C3,1024V,,SCHEDULED,300,5.0
2026-08-14T03:41:02Z,1024V20409C4b,1024V,,SCHEDULED,0,0.0
2026-08-14T03:41:02Z,1024V20209C4a,1024V,,SCHEDULED,180,3.0
2026-08-14T03:41:02Z,1024V76357C5,1024V,,SCHEDULED,0,0.0
2026-08-14T03:41:02Z,1024V76676C5,1024V,,SCHEDULED,0,0.0
2026-08-14T03:41:02Z,1024V76677C5,1024V,,SCHEDULED,1080,18.0
2026-08-14T03:41:02Z,1024V76358C5,1024V,,SCHEDULED,0,0.0
2026-08-14T03:41:02Z,1024V79503C2,1024V,,SCHEDULED,120,2.0
2026-08-14T03:41:02Z,1024V76359C5,1024V,,SCHEDULED,0,0.0
2026-08-14T03:41:02Z,1024V76678C5,1024V,,SCHEDULED,0,0.0
2026-08-14T03:41:02Z,1024V76679C5,1024V,,SCHEDULED,0,0.0
2026-08-14T03:41:02Z,1024V79507C2,1024V,,SCHEDULED,0,0.0
2026-08-14T03:41:02Z,1024V20006C3,1024V,,SCHEDULED,0,0.0
2026-08-14T03:41:02Z,1024V20402C4b,1024V,,SCHEDULED,240,4.0
2026-08-14T03:41:02Z,1024V20204C4,1024V,,SCHEDULED,60,1.0
2026-08-14T03:41:02Z,1024V79102C7,1024V,,SCHEDULED,0,0.0
2026-08-14T03:41:02Z,1024V76672C5,1024V,,SCHEDULED,60,1.0
2026-08-14T03:41:02Z,1024V79207C7,1024V,,SCHEDULED,0,0.0
2026-08-14T03:41:02Z,1024V76353C5,1024V,,SCHEDULED,0,0.0
2026-08-14T03:41:02Z,1024V76674C5,1024V,,SCHEDULED,180,3.0
2026-08-14T03:41:02Z,1024V76355C5,1024V,,SCHEDULED,180,3.0
2026-08-14T03:41:02Z,1024V76356C5,1024V,,SCHEDULED,60,1.0
2026-08-14T03:41:02Z,1024V20411C4b,1024V,,SCHEDULED,0,0.0
2026-08-14T03:41:02Z,1024V20212C4a,1024V,,SCHEDULED,360,6.0
2026-08-14T03:41:02Z,1024V20211C4a,1024V,,SCHEDULED,0,0.0
2026-08-14T03:41:02Z,1024V79404C2,1024V,,SCHEDULED,0,0.0
2026-08-14T03:41:02Z,1024V20415C4b,1024V,,SCHEDULED,0,0.0
2026-08-14T03:41:02Z,1024V20216C4a,1024V,,SCHEDULED,0,0.0
2026-08-14T03:41:02Z,1024V79209C7,1024V,,SCHEDULED,0,0.0
2026-08-14T03:41:02Z,1024V20413C4b,1024V,,SCHEDULED,0,0.0
2026-08-14T03:41:02Z,1024V79211C7,1024V,,SCHEDULED,0,0.0
2026-08-14T03:41:02Z,1024V79604C10,1024V,,SCHEDULED,0,0.0
2026-08-14T03:41:02Z,1024V19799C1,1024V,,SCHEDULED,600,10.0
2026-08-14T03:41:02Z,1024V79805C8a,1024V,,SCHEDULED,0,0.0
2026-08-14T03:41:02Z,1024V79808C8a,1024V,,SCHEDULED,120,2.0
2026-08-14T03:41:02Z,1024V76360C5,1024V,,SCHEDULED,600,10.0
2026-08-14T03:41:02Z,1024V79203C7,1024V,,SCHEDULED,180,3.0
2026-08-14T03:41:02Z,1024V76362C5,1024V,,SCHEDULED,0,0.0
2026-08-14T03:41:02Z,1024V76681C5,1024V,,SCHEDULED,0,0.0
2026-08-14T03:41:02Z,1024V79202C7,1024V,,SCHEDULED,0,0.0
2026-08-14T03:41:02Z,1024V79511C2,1024V,,SCHEDULED,0,0.0
2026-08-14T03:41:02Z,1024V79951C8b,1024V,,SCHEDULED,0,0.0
2026-08-14T03:41:02Z,1024V79205C7,1024V,,SCHEDULED,240,4.0
2026-08-14T03:41:02Z,1024V76364C5,1024V,,SCHEDULED,0,0.0
2026-08-14T03:41:02Z,1024V76683C5,1024V,,SCHEDULED,0,0.0
2026-08-14T03:41:02Z,1024V79950C2,1024V,,SCHEDULED,0,0.0
2026-08-14T03:41:02Z,1024V76685C5,1024V,,SCHEDULED,0,0.0
2026-08-14T03:41:02Z,1024V79952C8b,1024V,,SCHEDULED,0,0.0
2026-08-14T03:41:02Z,1024V79204C7,1024V,,SCHEDULED,0,0.0
2026-08-14T03:41:02Z,1024V76203C5,1024V,,SCHEDULED,120,2.0
2026-08-14T03:41:02Z,1024V76204C5,1024V,,SCHEDULED,0,0.0
2026-08-14T03:41:02Z,1024V79600C10,1024V,,SCHEDULED,120,2.0
2026-08-14T03:46:04Z,3024V23101C3,3024V,,SCHEDULED,0,0.0
2026-08-14T03:46:04Z,3024V23501C1,3024V,,SCHEDULED,-60,-1.0
2026-08-14T03:46:04Z,3024V23505C1,3024V,,SCHEDULED,0,0.0
2026-08-14T03:46:04Z,3024V23500C1,3024V,,SCHEDULED,180,3.0
2026-08-14T03:46:04Z,3024V23601C4,3024V,,SCHEDULED,0,0.0
2026-08-14T03:46:04Z,3024V23502C1,3024V,,SCHEDULED,0,0.0
2026-08-14T03:46:04Z,3124V23422T1,3124V,,SCHEDULED,0,0.0
2026-08-14T03:46:04Z,3224V23303C1,3224V,,SCHEDULED,240,4.0
2026-08-14T03:46:04Z,4024V24200C1,4024V,,SCHEDULED,0,0.0
2026-08-14T03:46:04Z,4024V24001C2,4024V,,SCHEDULED,180,3.0
2026-08-14T03:46:04Z,4024V24002C2,4024V,,SCHEDULED,0,0.0
2026-08-14T03:46:04Z,4024V24300C6,4024V,,SCHEDULED,0,0.0
2026-08-14T03:46:04Z,4024V24201C1,4024V,,SCHEDULED,0,0.0
2026-08-14T03:46:04Z,4024V24380C6,4024V,,SCHEDULED,0,0.0
2026-08-14T03:46:04Z,4024V84601C5,4024V,,SCHEDULED,0,0.0
2026-08-14T03:46:04Z,4024V24301C6,4024V,,SCHEDULED,0,0.0
2026-08-14T03:46:04Z,4024V24103C2,4024V,,SCHEDULED,240,4.0
2026-08-14T03:46:04Z,5124V28265R2S,5124V,,SCHEDULED,0,0.0
2026-08-14T03:46:04Z,5124V77510R4,5124V,,SCHEDULED,0,0.0
2026-08-14T03:46:04Z,5124V15720R11,5124V,,SCHEDULED,0,0.0
2026-08-14T03:46:04Z,5124V35518R3,5124V,,SCHEDULED,0,0.0
2026-08-14T03:46:04Z,5124V35516R3,5124V,,CANCELED,,
2026-08-14T03:46:04Z,5124V15250R11,5124V,,SCHEDULED,0,0.0
2026-08-14T03:46:04Z,5124V18121R16,5124V,,SCHEDULED,0,0.0
2026-08-14T03:46:04Z,5124V18120R16,5124V,,SCHEDULED,0,0.0
2026-08-14T03:46:04Z,5124V15772R11,5124V,,SCHEDULED,0,0.0
2026-08-14T03:46:04Z,5124V25606R1,5124V,,SCHEDULED,0,0.0
2026-08-14T03:46:04Z,5124V25501R2S,5124V,,SCHEDULED,0,0.0
2026-08-14T03:46:04Z,5124V28556R2N,5124V,,SCHEDULED,0,0.0
2026-08-14T03:46:04Z,5124V25701R1,5124V,,SCHEDULED,0,0.0
2026-08-14T03:46:04Z,5124V77702R4,5124V,,SCHEDULED,0,0.0
2026-08-14T03:46:04Z,5124V25502R2S,5124V,,SCHEDULED,0,0.0
2026-08-14T03:46:04Z,5124V25601R1,5124V,,SCHEDULED,0,0.0
2026-08-14T03:46:04Z,5124V33521R4,5124V,,SCHEDULED,0,0.0
2026-08-14T03:46:04Z,5124V77404R4,5124V,,SCHEDULED,0,0.0
2026-08-14T03:46:04Z,5124V77508R4,5124V,,SCHEDULED,0,0.0
2026-08-14T03:46:04Z,6024V26501C3,6024V,,SCHEDULED,60,1.0
2026-08-14T03:46:04Z,6024V26504C3,6024V,,SCHEDULED,0,0.0
2026-08-14T03:46:04Z,6024V26602C3,6024V,,SCHEDULED,0,0.0
2026-08-14T03:46:04Z,6024V26503C3,6024V,,SCHEDULED,120,2.0
2026-08-14T03:46:04Z,6024V26001C2,6024V,,SCHEDULED,120,2.0
2026-08-14T03:46:04Z,6024V26000C2,6024V,,SCHEDULED,0,0.0
2026-08-14T03:46:04Z,6024V26102C1,6024V,,SCHEDULED,60,1.0
2026-08-14T03:46:04Z,6024V26003C2,6024V,,SCHEDULED,60,1.0
2026-08-14T03:46:04Z,6024V26002C2,6024V,,SCHEDULED,180,3.0
2026-08-14T03:46:04Z,6024V26101C1,6024V,,SCHEDULED,60,1.0
2026-08-14T03:46:04Z,6024V26500C3,6024V,,SCHEDULED,60,1.0
2026-08-14T03:46:04Z,6024V26004C2,6024V,,SCHEDULED,0,0.0
2026-08-14T03:46:04Z,6024V26103C1,6024V,,SCHEDULED,60,1.0
2026-08-14T03:46:04Z,6024V26502C3,6024V,,SCHEDULED,60,1.0
2026-08-14T03:46:04Z,6024V26600C3,6024V,,SCHEDULED,300,5.0
2026-08-14T03:46:04Z,6024V71503C4,6024V,,SCHEDULED,0,0.0
2026-08-14T03:46:04Z,6024V71501C4,6024V,,SCHEDULED,0,0.0
2026-08-14T03:46:04Z,6024V71500C4,6024V,,SCHEDULED,0,0.0
2026-08-14T03:46:04Z,6024V26104C1,6024V,,SCHEDULED,0,0.0
2026-08-14T03:46:04Z,6024V26005C2,6024V,,SCHEDULED,0,0.0
2026-08-14T03:46:04Z,6124V35680C1,6124V,,SCHEDULED,-60,-1.0
2026-08-14T03:46:04Z,6124V35650C1,6124V,,SCHEDULED,180,3.0
2026-08-14T03:46:04Z,6124V32769C1,6124V,,SCHEDULED,60,1.0
2026-08-14T03:46:04Z,6124V81702C1,6124V,,SCHEDULED,0,0.0
2026-08-14T03:46:04Z,6224V71152C2,6224V,,SCHEDULED,0,0.0
2026-08-14T03:46:04Z,6224V71351C3,6224V,,SCHEDULED,0,0.0
2026-08-14T03:46:04Z,6224V71104C2,6224V,,SCHEDULED,0,0.0
2026-08-14T03:46:04Z,4724V71091C1,4724V,,SCHEDULED,0,0.0
2026-08-14T03:46:04Z,4724V71080C1,4724V,,SCHEDULED,0,0.0
2026-08-14T03:46:04Z,2024V22002C1,2024V,,SCHEDULED,0,0.0
2026-08-14T03:46:04Z,2024V22200C2,2024V,,SCHEDULED,0,0.0
2026-08-14T03:46:04Z,2024V22101C1,2024V,,SCHEDULED,420,7.0
2026-08-14T03:46:04Z,2024V22004C1,2024V,,SCHEDULED,0,0.0
2026-08-14T03:46:04Z,2024V22103C1,2024V,,SCHEDULED,120,2.0
2026-08-14T03:46:04Z,2024V22303C3,2024V,,SCHEDULED,0,0.0
2026-08-14T03:46:04Z,2024V80851C6,2024V,,SCHEDULED,240,4.0
2026-08-14T03:46:04Z,2024V70801C6,2024V,,SCHEDULED,0,0.0
2026-08-14T03:46:04Z,2024V70900C8,2024V,,SCHEDULED,0,0.0
2026-08-14T03:46:04Z,2024V70200C4,2024V,,CANCELED,,
2026-08-14T03:46:04Z,2024V70750C6,2024V,,SCHEDULED,60,1.0
2026-08-14T03:46:04Z,2024V70752C6,2024V,,SCHEDULED,0,0.0
2026-08-14T03:46:04Z,2024V70400C5,2024V,,SCHEDULED,0,0.0
2026-08-14T03:46:04Z,2024V22000C1,2024V,,SCHEDULED,0,0.0
2026-08-14T03:46:04Z,2024V70501C7,2024V,,SCHEDULED,0,0.0
2026-08-14T03:46:04Z,2024V70753C6,2024V,,SCHEDULED,0,0.0
2026-08-14T03:46:04Z,2024V70401C5,2024V,,SCHEDULED,720,12.0
2026-08-14T03:46:04Z,2024V70755C6,2024V,,SCHEDULED,0,0.0
2026-08-14T03:46:04Z,2024V70502C7,2024V,,SCHEDULED,0,0.0
2026-08-14T03:46:04Z,4124V84901C2,4124V,,SCHEDULED,0,0.0
2026-08-14T03:46:04Z,4124V24701C1,4124V,,SCHEDULED,0,0.0
2026-08-14T03:46:04Z,4124V24700C1,4124V,,SCHEDULED,0,0.0
2026-08-14T03:46:04Z,4124V84900C2,4124V,,SCHEDULED,0,0.0
2026-08-14T03:46:04Z,1024V20409C4b,1024V,,SCHEDULED,0,0.0
2026-08-14T03:46:04Z,1024V20209C4a,1024V,,SCHEDULED,60,1.0
2026-08-14T03:46:04Z,1024V20406C4b,1024V,,SCHEDULED,0,0.0
2026-08-14T03:46:04Z,1024V20208C4,1024V,,SCHEDULED,480,8.0
2026-08-14T03:46:04Z,1024V20009C3,1024V,,SCHEDULED,0,0.0
2026-08-14T03:46:04Z,1024V20207C4a,1024V,,SCHEDULED,60,1.0
2026-08-14T03:46:04Z,1024V20405C4b,1024V,,SCHEDULED,120,2.0
2026-08-14T03:46:04Z,1024V20008C3,1024V,,SCHEDULED,0,0.0
2026-08-14T03:46:04Z,1024V20206C4,1024V,,SCHEDULED,0,0.0
2026-08-14T03:46:04Z,1024V76203C5,1024V,,SCHEDULED,0,0.0
2026-08-14T03:46:04Z,1024V76204C5,1024V,,SCHEDULED,0,0.0
2026-08-14T03:46:04Z,1024V19805C1,1024V,,SCHEDULED,0,0.0
2026-08-14T03:46:04Z,1024V19800C1,1024V,,SCHEDULED,0,0.0
2026-08-14T03:46:04Z,1024V19803C1,1024V,,SCHEDULED,0,0.0
2026-08-14T03:46:04Z,1024V20004C3,1024V,,SCHEDULED,120,2.0
2026-08-14T03:46:04Z,1024V20202C4,1024V,,SCHEDULED,120,2.0
2026-08-14T03:46:04Z,1024V20003C3,1024V,,SCHEDULED,180,3.0
2026-08-14T03:46:04Z,1024V20002C3,1024V,,SCHEDULED,180,3.0
2026-08-14T03:46:04Z,1024V76356C5,1024V,,SCHEDULED,60,1.0
2026-08-14T03:46:04Z,1024V76357C5,1024V,,SCHEDULED,0,0.0
2026-08-14T03:46:04Z,1024V76676C5,1024V,,SCHEDULED,0,0.0
2026-08-14T03:46:04Z,1024V76677C5,1024V,,SCHEDULED,1380,23.0
2026-08-14T03:46:04Z,1024V76358C5,1024V,,SCHEDULED,0,0.0
2026-08-14T03:46:04Z,1024V79503C2,1024V,,SCHEDULED,120,2.0
2026-08-14T03:46:04Z,1024V76359C5,1024V,,SCHEDULED,0,0.0
2026-08-14T03:46:04Z,1024V76678C5,1024V,,SCHEDULED,0,0.0
2026-08-14T03:46:04Z,1024V76679C5,1024V,,SCHEDULED,0,0.0
2026-08-14T03:46:04Z,1024V79507C2,1024V,,SCHEDULED,240,4.0
2026-08-14T03:46:04Z,1024V20007C3,1024V,,SCHEDULED,0,0.0
2026-08-14T03:46:04Z,1024V20205C4a,1024V,,SCHEDULED,120,2.0
2026-08-14T03:46:04Z,1024V20006C3,1024V,,SCHEDULED,0,0.0
2026-08-14T03:46:04Z,1024V20402C4b,1024V,,SCHEDULED,240,4.0
2026-08-14T03:46:04Z,1024V79102C7,1024V,,SCHEDULED,0,0.0
2026-08-14T03:46:04Z,1024V76672C5,1024V,,SCHEDULED,60,1.0
2026-08-14T03:46:04Z,1024V76353C5,1024V,,SCHEDULED,60,1.0
2026-08-14T03:46:04Z,1024V76674C5,1024V,,SCHEDULED,0,0.0
2026-08-14T03:46:04Z,1024V76355C5,1024V,,SCHEDULED,480,8.0
2026-08-14T03:46:04Z,1024V79207C7,1024V,,SCHEDULED,0,0.0
2026-08-14T03:46:04Z,1024V20411C4b,1024V,,SCHEDULED,180,3.0
2026-08-14T03:46:04Z,1024V20212C4a,1024V,,SCHEDULED,120,2.0
2026-08-14T03:46:04Z,1024V20211C4a,1024V,,SCHEDULED,0,0.0
2026-08-14T03:46:04Z,1024V20415C4b,1024V,,SCHEDULED,0,0.0
2026-08-14T03:46:04Z,1024V79404C2,1024V,,SCHEDULED,0,0.0
2026-08-14T03:46:04Z,1024V20216C4a,1024V,,SCHEDULED,-120,-2.0
2026-08-14T03:46:04Z,1024V79209C7,1024V,,SCHEDULED,0,0.0
2026-08-14T03:46:04Z,1024V20215C4a,1024V,,SCHEDULED,0,0.0
2026-08-14T03:46:04Z,1024V20413C4b,1024V,,SCHEDULED,0,0.0
2026-08-14T03:46:04Z,1024V79211C7,1024V,,SCHEDULED,0,0.0
2026-08-14T03:46:04Z,1024V79215C7,1024V,,SCHEDULED,0,0.0
2026-08-14T03:46:04Z,1024V19799C1,1024V,,SCHEDULED,720,12.0
2026-08-14T03:46:04Z,1024V79208C7,1024V,,SCHEDULED,0,0.0
2026-08-14T03:46:04Z,1024V79604C10,1024V,,SCHEDULED,0,0.0
2026-08-14T03:46:04Z,1024V79805C8a,1024V,,SCHEDULED,0,0.0
2026-08-14T03:46:04Z,1024V79808C8a,1024V,,SCHEDULED,420,7.0
2026-08-14T03:46:04Z,1024V79200C2,1024V,,SCHEDULED,1020,17.0
2026-08-14T03:46:04Z,1024V76360C5,1024V,,SCHEDULED,0,0.0
2026-08-14T03:46:04Z,1024V76680C5,1024V,,SCHEDULED,0,0.0
2026-08-14T03:46:04Z,1024V76681C5,1024V,,SCHEDULED,180,3.0
2026-08-14T03:46:04Z,1024V76362C5,1024V,,SCHEDULED,120,2.0
2026-08-14T03:46:04Z,1024V79511C2,1024V,,SCHEDULED,0,0.0
2026-08-14T03:46:04Z,1024V79951C8b,1024V,,SCHEDULED,0,0.0
2026-08-14T03:46:04Z,1024V79202C7,1024V,,SCHEDULED,0,0.0
2026-08-14T03:46:04Z,1024V76364C5,1024V,,SCHEDULED,0,0.0
2026-08-14T03:46:04Z,1024V76683C5,1024V,,SCHEDULED,0,0.0
2026-08-14T03:46:04Z,1024V79950C2,1024V,,SCHEDULED,0,0.0
2026-08-14T03:46:04Z,1024V79205C7,1024V,,SCHEDULED,60,1.0
2026-08-14T03:46:04Z,1024V76366C5,1024V,,SCHEDULED,0,0.0
2026-08-14T03:46:04Z,1024V76685C5,1024V,,SCHEDULED,0,0.0
2026-08-14T03:46:04Z,1024V79952C8b,1024V,,SCHEDULED,0,0.0
2026-08-14T03:46:04Z,1024V79204C7,1024V,,SCHEDULED,0,0.0
2026-08-14T03:46:04Z,1024V76687C5,1024V,,SCHEDULED,0,0.0
2026-08-14T03:46:04Z,1024V79600C10,1024V,,SCHEDULED,0,0.0
2026-08-14T03:51:13Z,3024V23101C3,3024V,,SCHEDULED,0,0.0
2026-08-14T03:51:13Z,3024V23501C1,3024V,,SCHEDULED,0,0.0
2026-08-14T03:51:13Z,3024V23500C1,3024V,,SCHEDULED,180,3.0
2026-08-14T03:51:13Z,3024V23502C1,3024V,,SCHEDULED,0,0.0
2026-08-14T03:51:13Z,3024V23505C1,3024V,,SCHEDULED,0,0.0
2026-08-14T03:51:13Z,3024V23601C4,3024V,,SCHEDULED,0,0.0
2026-08-14T03:51:13Z,3024V23701C5,3024V,,SCHEDULED,0,0.0
2026-08-14T03:51:13Z,3124V23421T1,3124V,,SCHEDULED,0,0.0
2026-08-14T03:51:13Z,3124V23422T1,3124V,,SCHEDULED,0,0.0
2026-08-14T03:51:13Z,3224V23303C1,3224V,,SCHEDULED,180,3.0
2026-08-14T03:51:13Z,3224V23151C2,3224V,,SCHEDULED,0,0.0
2026-08-14T03:51:13Z,4024V24002C2,4024V,,SCHEDULED,0,0.0
2026-08-14T03:51:13Z,4024V24200C1,4024V,,SCHEDULED,0,0.0
2026-08-14T03:51:13Z,4024V24300C6,4024V,,SCHEDULED,0,0.0
2026-08-14T03:51:13Z,4024V24301C6,4024V,,SCHEDULED,0,0.0
2026-08-14T03:51:13Z,4024V24103C2,4024V,,SCHEDULED,240,4.0
2026-08-14T03:51:13Z,4024V24201C1,4024V,,SCHEDULED,0,0.0
2026-08-14T03:51:13Z,4024V84601C5,4024V,,SCHEDULED,0,0.0
2026-08-14T03:51:13Z,4024V24001C2,4024V,,SCHEDULED,180,3.0
2026-08-14T03:51:13Z,4024V24380C6,4024V,,SCHEDULED,0,0.0
2026-08-14T03:51:13Z,4024V84004C2,4024V,,SCHEDULED,0,0.0
2026-08-14T03:51:13Z,5124V15772R11,5124V,,SCHEDULED,0,0.0
2026-08-14T03:51:13Z,5124V18121R16,5124V,,SCHEDULED,0,0.0
2026-08-14T03:51:13Z,5124V25502R2S,5124V,,SCHEDULED,0,0.0
2026-08-14T03:51:13Z,5124V25601R1,5124V,,SCHEDULED,0,0.0
2026-08-14T03:51:13Z,5124V28265R2S,5124V,,SCHEDULED,0,0.0
2026-08-14T03:51:13Z,5124V77510R4,5124V,,SCHEDULED,0,0.0
2026-08-14T03:51:13Z,5124V15720R11,5124V,,SCHEDULED,0,0.0
2026-08-14T03:51:13Z,5124V35518R3,5124V,,SCHEDULED,0,0.0
2026-08-14T03:51:13Z,5124V35516R3,5124V,,CANCELED,,
2026-08-14T03:51:13Z,5124V33521R4,5124V,,SCHEDULED,0,0.0
2026-08-14T03:51:13Z,5124V15250R11,5124V,,SCHEDULED,0,0.0
2026-08-14T03:51:13Z,5124V77508R4,5124V,,SCHEDULED,0,0.0
2026-08-14T03:51:13Z,5124V18120R16,5124V,,SCHEDULED,0,0.0
2026-08-14T03:51:13Z,5124V25606R1,5124V,,SCHEDULED,0,0.0
2026-08-14T03:51:13Z,5124V25704R1,5124V,,SCHEDULED,0,0.0
2026-08-14T03:51:13Z,5124V25608R1,5124V,,SCHEDULED,0,0.0
2026-08-14T03:51:13Z,5124V15002R15,5124V,,SCHEDULED,0,0.0
2026-08-14T03:51:13Z,5124V77404R4,5124V,,SCHEDULED,0,0.0
2026-08-14T03:51:13Z,5124V25501R2S,5124V,,SCHEDULED,0,0.0
2026-08-14T03:51:13Z,5124V25701R1,5124V,,SCHEDULED,0,0.0
2026-08-14T03:51:13Z,6024V26501C3,6024V,,SCHEDULED,60,1.0
2026-08-14T03:51:13Z,6024V26504C3,6024V,,SCHEDULED,120,2.0
2026-08-14T03:51:13Z,6024V26602C3,6024V,,SCHEDULED,0,0.0
2026-08-14T03:51:13Z,6024V26105C1,6024V,,SCHEDULED,0,0.0
2026-08-14T03:51:13Z,6024V26600C3,6024V,,SCHEDULED,240,4.0
2026-08-14T03:51:13Z,6024V26102C1,6024V,,SCHEDULED,60,1.0
2026-08-14T03:51:13Z,6024V26003C2,6024V,,SCHEDULED,120,2.0
2026-08-14T03:51:13Z,6024V26002C2,6024V,,SCHEDULED,180,3.0
2026-08-14T03:51:13Z,6024V26503C3,6024V,,SCHEDULED,240,4.0
2026-08-14T03:51:13Z,6024V26001C2,6024V,,SCHEDULED,120,2.0
2026-08-14T03:51:13Z,6024V26005C2,6024V,,SCHEDULED,0,0.0
2026-08-14T03:51:13Z,6024V26500C3,6024V,,SCHEDULED,60,1.0
2026-08-14T03:51:13Z,6024V71503C4,6024V,,SCHEDULED,0,0.0
2026-08-14T03:51:13Z,6024V26004C2,6024V,,SCHEDULED,0,0.0
2026-08-14T03:51:13Z,6024V26103C1,6024V,,SCHEDULED,60,1.0
2026-08-14T03:51:13Z,6024V71501C4,6024V,,SCHEDULED,0,0.0
2026-08-14T03:51:13Z,6024V71500C4,6024V,,SCHEDULED,0,0.0
2026-08-14T03:51:13Z,6024V26104C1,6024V,,SCHEDULED,0,0.0
2026-08-14T03:51:13Z,6124V81702C1,6124V,,SCHEDULED,0,0.0
2026-08-14T03:51:13Z,6124V81769C1,6124V,,SCHEDULED,0,0.0
2026-08-14T03:51:13Z,6124V32769C1,6124V,,SCHEDULED,0,0.0
2026-08-14T03:51:13Z,6124V32700C1,6124V,,SCHEDULED,0,0.0
2026-08-14T03:51:13Z,6124V35680C1,6124V,,SCHEDULED,-60,-1.0
2026-08-14T03:51:13Z,6224V71152C2,6224V,,SCHEDULED,0,0.0
2026-08-14T03:51:13Z,6224V71351C3,6224V,,SCHEDULED,0,0.0
2026-08-14T03:51:13Z,6224V71104C2,6224V,,SCHEDULED,0,0.0
2026-08-14T03:51:13Z,4724V71080C1,4724V,,SCHEDULED,0,0.0
2026-08-14T03:51:13Z,2024V22002C1,2024V,,SCHEDULED,0,0.0
2026-08-14T03:51:13Z,2024V22200C2,2024V,,SCHEDULED,0,0.0
2026-08-14T03:51:13Z,2024V22101C1,2024V,,SCHEDULED,360,6.0
2026-08-14T03:51:13Z,2024V22202C2,2024V,,SCHEDULED,0,0.0
2026-08-14T03:51:13Z,2024V22004C1,2024V,,SCHEDULED,0,0.0
2026-08-14T03:51:13Z,2024V22103C1,2024V,,SCHEDULED,0,0.0
2026-08-14T03:51:13Z,2024V22303C3,2024V,,SCHEDULED,120,2.0
2026-08-14T03:51:13Z,2024V80851C6,2024V,,SCHEDULED,600,10.0
2026-08-14T03:51:13Z,2024V70508C7,2024V,,SCHEDULED,0,0.0
2026-08-14T03:51:13Z,2024V70801C6,2024V,,SCHEDULED,0,0.0
2026-08-14T03:51:13Z,2024V70900C8,2024V,,SCHEDULED,300,5.0
2026-08-14T03:51:13Z,2024V70200C4,2024V,,SCHEDULED,0,0.0
2026-08-14T03:51:13Z,2024V70750C6,2024V,,SCHEDULED,0,0.0
2026-08-14T03:51:13Z,2024V70752C6,2024V,,SCHEDULED,0,0.0
2026-08-14T03:51:13Z,2024V70400C5,2024V,,SCHEDULED,0,0.0
2026-08-14T03:51:13Z,2024V70201C4,2024V,,SCHEDULED,0,0.0
2026-08-14T03:51:13Z,2024V22000C1,2024V,,SCHEDULED,0,0.0
2026-08-14T03:51:13Z,2024V70853C6,2024V,,SCHEDULED,0,0.0
2026-08-14T03:51:13Z,2024V70501C7,2024V,,SCHEDULED,0,0.0
2026-08-14T03:51:13Z,2024V70401C5,2024V,,SCHEDULED,0,0.0
2026-08-14T03:51:13Z,2024V70753C6,2024V,,SCHEDULED,0,0.0
2026-08-14T03:51:13Z,2024V70755C6,2024V,,SCHEDULED,0,0.0
2026-08-14T03:51:13Z,2024V70502C7,2024V,,SCHEDULED,0,0.0
2026-08-14T03:51:13Z,4124V84901C2,4124V,,SCHEDULED,0,0.0
2026-08-14T03:51:13Z,4124V24701C1,4124V,,SCHEDULED,360,6.0
2026-08-14T03:51:13Z,4124V84900C2,4124V,,SCHEDULED,0,0.0
2026-08-14T03:51:13Z,1024V20202C4,1024V,,SCHEDULED,480,8.0
2026-08-14T03:51:13Z,1024V20003C3,1024V,,SCHEDULED,240,4.0
2026-08-14T03:51:13Z,1024V20002C3,1024V,,SCHEDULED,120,2.0
2026-08-14T03:51:13Z,1024V20409C4b,1024V,,SCHEDULED,0,0.0
2026-08-14T03:51:13Z,1024V20408C4b,1024V,,SCHEDULED,0,0.0
2026-08-14T03:51:13Z,1024V20209C4a,1024V,,SCHEDULED,60,1.0
2026-08-14T03:51:13Z,1024V20407C4b,1024V,,SCHEDULED,120,2.0
2026-08-14T03:51:13Z,1024V20406C4b,1024V,,SCHEDULED,0,0.0
2026-08-14T03:51:13Z,1024V20208C4,1024V,,SCHEDULED,60,1.0
2026-08-14T03:51:13Z,1024V20009C3,1024V,,SCHEDULED,0,0.0
2026-08-14T03:51:13Z,1024V20207C4a,1024V,,SCHEDULED,0,0.0
2026-08-14T03:51:13Z,1024V76368C5,1024V,,SCHEDULED,0,0.0
2026-08-14T03:51:13Z,1024V76687C5,1024V,,SCHEDULED,0,0.0
2026-08-14T03:51:13Z,1024V76203C5,1024V,,SCHEDULED,0,0.0
2026-08-14T03:51:13Z,1024V76204C5,1024V,,SCHEDULED,0,0.0
2026-08-14T03:51:13Z,1024V76205C5,1024V,,SCHEDULED,0,0.0
2026-08-14T03:51:13Z,1024V19805C1,1024V,,SCHEDULED,0,0.0
2026-08-14T03:51:13Z,1024V19800C1,1024V,,SCHEDULED,60,1.0
2026-08-14T03:51:13Z,1024V79600C10,1024V,,SCHEDULED,0,0.0
2026-08-14T03:51:13Z,1024V19803C1,1024V,,SCHEDULED,0,0.0
2026-08-14T03:51:13Z,1024V19802C1,1024V,,SCHEDULED,0,0.0
2026-08-14T03:51:13Z,1024V20005C3,1024V,,SCHEDULED,240,4.0
2026-08-14T03:51:13Z,1024V20004C3,1024V,,SCHEDULED,0,0.0
2026-08-14T03:51:13Z,1024V79402C2,1024V,,SCHEDULED,480,8.0
2026-08-14T03:51:13Z,1024V79103C7,1024V,,SCHEDULED,0,0.0
2026-08-14T03:51:13Z,1024V76674C5,1024V,,SCHEDULED,0,0.0
2026-08-14T03:51:13Z,1024V76355C5,1024V,,SCHEDULED,0,0.0
2026-08-14T03:51:13Z,1024V76676C5,1024V,,SCHEDULED,120,2.0
2026-08-14T03:51:13Z,1024V76357C5,1024V,,SCHEDULED,180,3.0
2026-08-14T03:51:13Z,1024V76677C5,1024V,,SCHEDULED,1740,29.0
2026-08-14T03:51:13Z,1024V79207C7,1024V,,SCHEDULED,180,3.0
2026-08-14T03:51:13Z,1024V76358C5,1024V,,SCHEDULED,60,1.0
2026-08-14T03:51:13Z,1024V79503C2,1024V,,SCHEDULED,120,2.0
2026-08-14T03:51:13Z,1024V76359C5,1024V,,SCHEDULED,0,0.0
2026-08-14T03:51:13Z,1024V76678C5,1024V,,SCHEDULED,0,0.0
2026-08-14T03:51:13Z,1024V79404C2,1024V,,SCHEDULED,180,3.0
2026-08-14T03:51:13Z,1024V79507C2,1024V,,SCHEDULED,120,2.0
2026-08-14T03:51:13Z,1024V20405C4b,1024V,,SCHEDULED,120,2.0
2026-08-14T03:51:13Z,1024V20008C3,1024V,,SCHEDULED,0,0.0
2026-08-14T03:51:13Z,1024V20206C4,1024V,,SCHEDULED,0,0.0
2026-08-14T03:51:13Z,1024V20007C3,1024V,,SCHEDULED,60,1.0
2026-08-14T03:51:13Z,1024V79209C7,1024V,,SCHEDULED,0,0.0
2026-08-14T03:51:13Z,1024V20205C4a,1024V,,SCHEDULED,180,3.0
2026-08-14T03:51:13Z,1024V20006C3,1024V,,SCHEDULED,0,0.0
2026-08-14T03:51:13Z,1024V20402C4b,1024V,,SCHEDULED,180,3.0
2026-08-14T03:51:13Z,1024V20204C4,1024V,,SCHEDULED,0,0.0
2026-08-14T03:51:13Z,1024V79102C7,1024V,,SCHEDULED,0,0.0
2026-08-14T03:51:13Z,1024V76672C5,1024V,,SCHEDULED,0,0.0
2026-08-14T03:51:13Z,1024V79208C7,1024V,,SCHEDULED,0,0.0
2026-08-14T03:51:13Z,1024V76353C5,1024V,,SCHEDULED,0,0.0
2026-08-14T03:51:13Z,1024V79604C10,1024V,,SCHEDULED,0,0.0
2026-08-14T03:51:13Z,1024V20411C4b,1024V,,SCHEDULED,420,7.0
2026-08-14T03:51:13Z,1024V20212C4a,1024V,,SCHEDULED,60,1.0
2026-08-14T03:51:13Z,1024V20211C4a,1024V,,SCHEDULED,0,0.0
2026-08-14T03:51:13Z,1024V20210C4,1024V,,SCHEDULED,0,0.0
2026-08-14T03:51:13Z,1024V20011C3,1024V,,SCHEDULED,0,0.0
2026-08-14T03:51:13Z,1024V79805C8a,1024V,,SCHEDULED,0,0.0
2026-08-14T03:51:13Z,1024V79808C8a,1024V,,SCHEDULED,180,3.0
2026-08-14T03:51:13Z,1024V20218C4a,1024V,,SCHEDULED,0,0.0
2026-08-14T03:51:13Z,1024V76360C5,1024V,,SCHEDULED,0,0.0
2026-08-14T03:51:13Z,1024V20415C4b,1024V,,SCHEDULED,0,0.0
2026-08-14T03:51:13Z,1024V20216C4a,1024V,,SCHEDULED,240,4.0
2026-08-14T03:51:13Z,1024V76361C5,1024V,,SCHEDULED,0,0.0
2026-08-14T03:51:13Z,1024V20215C4a,1024V,,SCHEDULED,0,0.0
2026-08-14T03:51:13Z,1024V76680C5,1024V,,SCHEDULED,0,0.0
2026-08-14T03:51:13Z,1024V20413C4b,1024V,,SCHEDULED,0,0.0
2026-08-14T03:51:13Z,1024V79211C7,1024V,,SCHEDULED,0,0.0
2026-08-14T03:51:13Z,1024V76681C5,1024V,,SCHEDULED,540,9.0
2026-08-14T03:51:13Z,1024V79810C8a,1024V,,SCHEDULED,0,0.0
2026-08-14T03:51:13Z,1024V79215C7,1024V,,SCHEDULED,0,0.0
2026-08-14T03:51:13Z,1024V19799C1,1024V,,SCHEDULED,660,11.0
2026-08-14T03:51:13Z,1024V76362C5,1024V,,SCHEDULED,0,0.0
2026-08-14T03:51:13Z,1024V79201C2,1024V,,SCHEDULED,1080,18.0
2026-08-14T03:51:13Z,1024V79511C2,1024V,,SCHEDULED,0,0.0
2026-08-14T03:51:13Z,1024V79200C2,1024V,,SCHEDULED,900,15.0
2026-08-14T03:51:13Z,1024V76364C5,1024V,,SCHEDULED,0,0.0
2026-08-14T03:51:13Z,1024V76683C5,1024V,,SCHEDULED,0,0.0
2026-08-14T03:51:13Z,1024V79951C8b,1024V,,SCHEDULED,120,2.0
2026-08-14T03:51:13Z,1024V79950C2,1024V,,SCHEDULED,0,0.0
2026-08-14T03:51:13Z,1024V79202C7,1024V,,SCHEDULED,180,3.0
2026-08-14T03:51:13Z,1024V76366C5,1024V,,SCHEDULED,0,0.0
2026-08-14T03:51:13Z,1024V79205C7,1024V,,SCHEDULED,120,2.0
2026-08-14T03:51:13Z,1024V76685C5,1024V,,SCHEDULED,0,0.0
2026-08-14T03:51:13Z,1024V79952C8b,1024V,,SCHEDULED,120,2.0
2026-08-14T03:51:13Z,1024V79204C7,1024V,,SCHEDULED,0,0.0
2026-08-14T03:55:54Z,3024V23101C3,3024V,,SCHEDULED,0,0.0
2026-08-14T03:55:54Z,3024V23500C1,3024V,,SCHEDULED,300,5.0
2026-08-14T03:55:54Z,3024V23501C1,3024V,,SCHEDULED,0,0.0
2026-08-14T03:55:54Z,3024V23504C1,3024V,,SCHEDULED,0,0.0
2026-08-14T03:55:54Z,3024V23505C1,3024V,,SCHEDULED,0,0.0
2026-08-14T03:55:54Z,3024V23601C4,3024V,,SCHEDULED,1500,25.0
2026-08-14T03:55:54Z,3024V23701C5,3024V,,SCHEDULED,0,0.0
2026-08-14T03:55:54Z,3024V23502C1,3024V,,SCHEDULED,0,0.0
2026-08-14T03:55:54Z,3124V23421T1,3124V,,SCHEDULED,0,0.0
2026-08-14T03:55:54Z,3124V23422T1,3124V,,SCHEDULED,0,0.0
2026-08-14T03:55:54Z,3224V23303C1,3224V,,SCHEDULED,120,2.0
2026-08-14T03:55:54Z,3224V23302C1,3224V,,SCHEDULED,0,0.0
2026-08-14T03:55:54Z,3224V23151C2,3224V,,SCHEDULED,-60,-1.0
2026-08-14T03:55:54Z,4024V24107C2,4024V,,SCHEDULED,0,0.0
2026-08-14T03:55:54Z,4024V24380C6,4024V,,SCHEDULED,0,0.0
2026-08-14T03:55:54Z,4024V24381C6,4024V,,SCHEDULED,0,0.0
2026-08-14T03:55:54Z,4024V24001C2,4024V,,SCHEDULED,240,4.0
2026-08-14T03:55:54Z,4024V84004C2,4024V,,SCHEDULED,0,0.0
2026-08-14T03:55:54Z,4024V84601C5,4024V,,SCHEDULED,0,0.0
2026-08-14T03:55:54Z,4024V24201C1,4024V,,SCHEDULED,120,2.0
2026-08-14T03:55:54Z,4024V24202C1,4024V,,SCHEDULED,0,0.0
2026-08-14T03:55:54Z,4024V24301C6,4024V,,SCHEDULED,60,1.0
2026-08-14T03:55:54Z,4024V24103C2,4024V,,SCHEDULED,240,4.0
2026-08-14T03:55:54Z,4024V24002C2,4024V,,SCHEDULED,0,0.0
2026-08-14T03:55:54Z,4024V24200C1,4024V,,SCHEDULED,0,0.0
2026-08-14T03:55:54Z,4024V24003C2,4024V,,SCHEDULED,0,0.0
2026-08-14T03:55:54Z,4024V24300C6,4024V,,SCHEDULED,0,0.0
2026-08-14T03:55:54Z,5124V18120R16,5124V,,SCHEDULED,0,0.0
2026-08-14T03:55:54Z,5124V25502R2S,5124V,,SCHEDULED,0,0.0
2026-08-14T03:55:54Z,5124V15772R11,5124V,,SCHEDULED,0,0.0
2026-08-14T03:55:54Z,5124V25703R1,5124V,,SCHEDULED,0,0.0
2026-08-14T03:55:54Z,5124V18121R16,5124V,,SCHEDULED,0,0.0
2026-08-14T03:55:54Z,5124V77510R4,5124V,,SCHEDULED,0,0.0
2026-08-14T03:55:54Z,5124V15720R11,5124V,,SCHEDULED,0,0.0
2026-08-14T03:55:54Z,5124V28406R2N,5124V,,SCHEDULED,0,0.0
2026-08-14T03:55:54Z,5124V35518R3,5124V,,SCHEDULED,0,0.0
2026-08-14T03:55:54Z,5124V35516R3,5124V,,CANCELED,,
2026-08-14T03:55:54Z,5124V15250R11,5124V,,SCHEDULED,0,0.0
2026-08-14T03:55:54Z,5124V25606R1,5124V,,SCHEDULED,0,0.0
2026-08-14T03:55:54Z,5124V28265R2S,5124V,,SCHEDULED,0,0.0
2026-08-14T03:55:54Z,5124V25704R1,5124V,,SCHEDULED,0,0.0
2026-08-14T03:55:54Z,5124V25608R1,5124V,,SCHEDULED,0,0.0
2026-08-14T03:55:54Z,5124V15002R15,5124V,,SCHEDULED,0,0.0
2026-08-14T03:55:54Z,5124V25600R1,5124V,,SCHEDULED,0,0.0
2026-08-14T03:55:54Z,5124V25402R2N,5124V,,SCHEDULED,0,0.0
2026-08-14T03:55:54Z,5124V25501R2S,5124V,,SCHEDULED,0,0.0
2026-08-14T03:55:54Z,5124V25701R1,5124V,,SCHEDULED,0,0.0
2026-08-14T03:55:54Z,5124V77508R4,5124V,,SCHEDULED,0,0.0
2026-08-14T03:55:54Z,5124V77404R4,5124V,,SCHEDULED,0,0.0
2026-08-14T03:55:54Z,6024V26105C1,6024V,,SCHEDULED,0,0.0
2026-08-14T03:55:54Z,6024V26600C3,6024V,,SCHEDULED,240,4.0
2026-08-14T03:55:54Z,6024V26501C3,6024V,,SCHEDULED,120,2.0
2026-08-14T03:55:54Z,6024V26504C3,6024V,,SCHEDULED,-60,-1.0
2026-08-14T03:55:54Z,6024V26102C1,6024V,,SCHEDULED,60,1.0
2026-08-14T03:55:54Z,6024V26003C2,6024V,,SCHEDULED,180,3.0
2026-08-14T03:55:54Z,6024V26500C3,6024V,,SCHEDULED,60,1.0
2026-08-14T03:55:54Z,6024V26002C2,6024V,,SCHEDULED,60,1.0
2026-08-14T03:55:54Z,6024V26004C2,6024V,,SCHEDULED,60,1.0
2026-08-14T03:55:54Z,6024V26103C1,6024V,,SCHEDULED,0,0.0
2026-08-14T03:55:54Z,6024V26502C3,6024V,,SCHEDULED,0,0.0
2026-08-14T03:55:54Z,6024V26602C3,6024V,,SCHEDULED,0,0.0
2026-08-14T03:55:54Z,6024V26503C3,6024V,,SCHEDULED,180,3.0
2026-08-14T03:55:54Z,6024V71503C4,6024V,,SCHEDULED,0,0.0
2026-08-14T03:55:54Z,6024V71501C4,6024V,,SCHEDULED,-120,-2.0
2026-08-14T03:55:54Z,6024V71500C4,6024V,,SCHEDULED,0,0.0
2026-08-14T03:55:54Z,6024V26104C1,6024V,,SCHEDULED,0,0.0
2026-08-14T03:55:54Z,6124V35680C1,6124V,,SCHEDULED,-60,-1.0
2026-08-14T03:55:54Z,6124V32700C1,6124V,,SCHEDULED,0,0.0
2026-08-14T03:55:54Z,6124V32701C1,6124V,,SCHEDULED,0,0.0
2026-08-14T03:55:54Z,6124V81769C1,6124V,,SCHEDULED,0,0.0
2026-08-14T03:55:54Z,6224V71104C2,6224V,,SCHEDULED,0,0.0
2026-08-14T03:55:54Z,6224V71103C2,6224V,,SCHEDULED,0,0.0
2026-08-14T03:55:54Z,6224V71150C2,6224V,,SCHEDULED,300,5.0
2026-08-14T03:55:54Z,6224V71152C2,6224V,,SCHEDULED,60,1.0
2026-08-14T03:55:54Z,6224V71100C2,6224V,,SCHEDULED,120,2.0
2026-08-14T03:55:54Z,6224V71351C3,6224V,,SCHEDULED,240,4.0
2026-08-14T03:55:54Z,4724V71080C1,4724V,,SCHEDULED,0,0.0
2026-08-14T03:55:54Z,2024V70508C7,2024V,,SCHEDULED,0,0.0
2026-08-14T03:55:54Z,2024V70801C6,2024V,,SCHEDULED,0,0.0
2026-08-14T03:55:54Z,2024V70900C8,2024V,,SCHEDULED,0,0.0
2026-08-14T03:55:54Z,2024V70502C7,2024V,,SCHEDULED,0,0.0
2026-08-14T03:55:54Z,2024V70501C7,2024V,,SCHEDULED,120,2.0
2026-08-14T03:55:54Z,2024V70400C5,2024V,,SCHEDULED,120,2.0
2026-08-14T03:55:54Z,2024V70201C4,2024V,,SCHEDULED,0,0.0
2026-08-14T03:55:54Z,2024V22000C1,2024V,,SCHEDULED,0,0.0
2026-08-14T03:55:54Z,2024V22002C1,2024V,,SCHEDULED,0,0.0
2026-08-14T03:55:54Z,2024V22004C1,2024V,,SCHEDULED,0,0.0
2026-08-14T03:55:54Z,2024V70302C4,2024V,,SCHEDULED,0,0.0
2026-08-14T03:55:54Z,2024V22103C1,2024V,,SCHEDULED,0,0.0
2026-08-14T03:55:54Z,2024V70401C5,2024V,,SCHEDULED,0,0.0
2026-08-14T03:55:54Z,2024V70853C6,2024V,,SCHEDULED,0,0.0
2026-08-14T03:55:54Z,2024V22303C3,2024V,,SCHEDULED,60,1.0
2026-08-14T03:55:54Z,2024V70753C6,2024V,,SCHEDULED,180,3.0
2026-08-14T03:55:54Z,2024V80851C6,2024V,,SCHEDULED,840,14.0
2026-08-14T03:55:54Z,2024V22200C2,2024V,,SCHEDULED,60,1.0
2026-08-14T03:55:54Z,2024V70755C6,2024V,,SCHEDULED,0,0.0
2026-08-14T03:55:54Z,2024V22101C1,2024V,,SCHEDULED,420,7.0
2026-08-14T03:55:54Z,2024V22202C2,2024V,,SCHEDULED,0,0.0
2026-08-14T03:55:54Z,2024V70750C6,2024V,,SCHEDULED,120,2.0
2026-08-14T03:55:54Z,2024V70752C6,2024V,,SCHEDULED,0,0.0
2026-08-14T03:55:54Z,4124V84900C2,4124V,,SCHEDULED,0,0.0
2026-08-14T03:55:54Z,4124V84901C2,4124V,,SCHEDULED,0,0.0
2026-08-14T03:55:54Z,4124V24701C1,4124V,,SCHEDULED,600,10.0
2026-08-14T03:55:54Z,4124V24700C1,4124V,,SCHEDULED,0,0.0
2026-08-14T03:55:54Z,4524V71601C1,4524V,,SCHEDULED,0,0.0
2026-08-14T03:55:54Z,1024V76366C5,1024V,,SCHEDULED,0,0.0
2026-08-14T03:55:54Z,1024V76685C5,1024V,,SCHEDULED,180,3.0
2026-08-14T03:55:54Z,1024V79204C7,1024V,,SCHEDULED,0,0.0
2026-08-14T03:55:54Z,1024V79952C8b,1024V,,SCHEDULED,360,6.0
2026-08-14T03:55:54Z,1024V79600C10,1024V,,SCHEDULED,60,1.0
2026-08-14T03:55:54Z,1024V76368C5,1024V,,SCHEDULED,0,0.0
2026-08-14T03:55:54Z,1024V76687C5,1024V,,SCHEDULED,0,0.0
2026-08-14T03:55:54Z,1024V76204C5,1024V,,SCHEDULED,60,1.0
2026-08-14T03:55:54Z,1024V76689C5,1024V,,SCHEDULED,0,0.0
2026-08-14T03:55:54Z,1024V76205C5,1024V,,SCHEDULED,0,0.0
2026-08-14T03:55:54Z,1024V79402C2,1024V,,SCHEDULED,300,5.0
2026-08-14T03:55:54Z,1024V19805C1,1024V,,SCHEDULED,0,0.0
2026-08-14T03:55:54Z,1024V19800C1,1024V,,SCHEDULED,120,2.0
2026-08-14T03:55:54Z,1024V79207C7,1024V,,SCHEDULED,0,0.0
2026-08-14T03:55:54Z,1024V19803C1,1024V,,SCHEDULED,0,0.0
2026-08-14T03:55:54Z,1024V79404C2,1024V,,SCHEDULED,480,8.0
2026-08-14T03:55:54Z,1024V19802C1,1024V,,SCHEDULED,0,0.0
2026-08-14T03:55:54Z,1024V20005C3,1024V,,SCHEDULED,180,3.0
2026-08-14T03:55:54Z,1024V20004C3,1024V,,SCHEDULED,360,6.0
2026-08-14T03:55:54Z,1024V20003C3,1024V,,SCHEDULED,120,2.0
2026-08-14T03:55:54Z,1024V20002C3,1024V,,SCHEDULED,60,1.0
2026-08-14T03:55:54Z,1024V79209C7,1024V,,SCHEDULED,120,2.0
2026-08-14T03:55:54Z,1024V20409C4b,1024V,,SCHEDULED,0,0.0
2026-08-14T03:55:54Z,1024V79208C7,1024V,,SCHEDULED,0,0.0
2026-08-14T03:55:54Z,1024V79604C10,1024V,,SCHEDULED,300,5.0
2026-08-14T03:55:54Z,1024V20408C4b,1024V,,SCHEDULED,0,0.0
2026-08-14T03:55:54Z,1024V79805C8a,1024V,,SCHEDULED,0,0.0
2026-08-14T03:55:54Z,1024V20407C4b,1024V,,SCHEDULED,300,5.0
2026-08-14T03:55:54Z,1024V20406C4b,1024V,,SCHEDULED,0,0.0
2026-08-14T03:55:54Z,1024V20208C4,1024V,,SCHEDULED,0,0.0
2026-08-14T03:55:54Z,1024V79408C2,1024V,,SCHEDULED,0,0.0
2026-08-14T03:55:54Z,1024V79808C8a,1024V,,SCHEDULED,180,3.0
2026-08-14T03:55:54Z,1024V76353C5,1024V,,SCHEDULED,0,0.0
2026-08-14T03:55:54Z,1024V76360C5,1024V,,SCHEDULED,0,0.0
2026-08-14T03:55:54Z,1024V79103C7,1024V,,SCHEDULED,0,0.0
2026-08-14T03:55:54Z,1024V76674C5,1024V,,SCHEDULED,0,0.0
2026-08-14T03:55:54Z,1024V76361C5,1024V,,SCHEDULED,0,0.0
2026-08-14T03:55:54Z,1024V76355C5,1024V,,SCHEDULED,0,0.0
2026-08-14T03:55:54Z,1024V76676C5,1024V,,SCHEDULED,0,0.0
2026-08-14T03:55:54Z,1024V76680C5,1024V,,SCHEDULED,0,0.0
2026-08-14T03:55:54Z,1024V76681C5,1024V,,SCHEDULED,780,13.0
2026-08-14T03:55:54Z,1024V76357C5,1024V,,SCHEDULED,420,7.0
2026-08-14T03:55:54Z,1024V76677C5,1024V,,SCHEDULED,1980,33.0
2026-08-14T03:55:54Z,1024V76362C5,1024V,,SCHEDULED,60,1.0
2026-08-14T03:55:54Z,1024V76358C5,1024V,,SCHEDULED,60,1.0
2026-08-14T03:55:54Z,1024V76682C5,1024V,,SCHEDULED,0,0.0
2026-08-14T03:55:54Z,1024V79503C2,1024V,,SCHEDULED,180,3.0
2026-08-14T03:55:54Z,1024V79511C2,1024V,,SCHEDULED,0,0.0
2026-08-14T03:55:54Z,1024V76359C5,1024V,,SCHEDULED,0,0.0
2026-08-14T03:55:54Z,1024V76678C5,1024V,,SCHEDULED,0,0.0
2026-08-14T03:55:54Z,1024V76364C5,1024V,,SCHEDULED,60,1.0
2026-08-14T03:55:54Z,1024V76683C5,1024V,,SCHEDULED,0,0.0
2026-08-14T03:55:54Z,1024V79951C8b,1024V,,SCHEDULED,420,7.0
2026-08-14T03:55:54Z,1024V79950C2,1024V,,SCHEDULED,0,0.0
2026-08-14T03:55:54Z,1024V79507C2,1024V,,SCHEDULED,420,7.0
2026-08-14T03:55:54Z,1024V20411C4b,1024V,,SCHEDULED,300,5.0
2026-08-14T03:55:54Z,1024V20212C4a,1024V,,SCHEDULED,60,1.0
2026-08-14T03:55:54Z,1024V20211C4a,1024V,,SCHEDULED,0,0.0
2026-08-14T03:55:54Z,1024V20210C4,1024V,,SCHEDULED,0,0.0
2026-08-14T03:55:54Z,1024V20011C3,1024V,,SCHEDULED,0,0.0
2026-08-14T03:55:54Z,1024V20218C4a,1024V,,SCHEDULED,0,0.0
2026-08-14T03:55:54Z,1024V20217C4a,1024V,,SCHEDULED,0,0.0
2026-08-14T03:55:54Z,1024V20415C4b,1024V,,SCHEDULED,0,0.0
2026-08-14T03:55:54Z,1024V79210C7,1024V,,SCHEDULED,0,0.0
2026-08-14T03:55:54Z,1024V20216C4a,1024V,,SCHEDULED,480,8.0
2026-08-14T03:55:54Z,1024V20215C4a,1024V,,SCHEDULED,0,0.0
2026-08-14T03:55:54Z,1024V20413C4b,1024V,,SCHEDULED,60,1.0
2026-08-14T03:55:54Z,1024V79211C7,1024V,,SCHEDULED,0,0.0
2026-08-14T03:55:54Z,1024V79810C8a,1024V,,SCHEDULED,0,0.0
2026-08-14T03:55:54Z,1024V79215C7,1024V,,SCHEDULED,0,0.0
2026-08-14T03:55:54Z,1024V19799C1,1024V,,SCHEDULED,960,16.0
2026-08-14T03:55:54Z,1024V79201C2,1024V,,SCHEDULED,1320,22.0
2026-08-14T03:55:54Z,1024V79200C2,1024V,,SCHEDULED,960,16.0
2026-08-14T03:55:54Z,1024V79202C7,1024V,,SCHEDULED,420,7.0
2026-08-14T03:55:54Z,1024V20009C3,1024V,,SCHEDULED,0,0.0
2026-08-14T03:55:54Z,1024V20207C4a,1024V,,SCHEDULED,240,4.0
2026-08-14T03:55:54Z,1024V20405C4b,1024V,,SCHEDULED,0,0.0
2026-08-14T03:55:54Z,1024V20008C3,1024V,,SCHEDULED,0,0.0
2026-08-14T03:55:54Z,1024V20206C4,1024V,,SCHEDULED,0,0.0
2026-08-14T03:55:54Z,1024V20007C3,1024V,,SCHEDULED,300,5.0
2026-08-14T03:55:54Z,1024V20205C4a,1024V,,SCHEDULED,120,2.0
2026-08-14T03:55:54Z,1024V20006C3,1024V,,SCHEDULED,0,0.0
2026-08-14T03:55:54Z,1024V20402C4b,1024V,,SCHEDULED,240,4.0
2026-08-14T03:55:54Z,1024V20204C4,1024V,,SCHEDULED,60,1.0
2026-08-14T03:55:54Z,1024V79102C7,1024V,,SCHEDULED,0,0.0
2026-08-14T04:01:26Z,3024V23101C3,3024V,,SCHEDULED,660,11.0
2026-08-14T04:01:26Z,3024V23500C1,3024V,,SCHEDULED,360,6.0
2026-08-14T04:01:26Z,3024V23506C1,3024V,,SCHEDULED,0,0.0
2026-08-14T04:01:26Z,3024V23501C1,3024V,,SCHEDULED,180,3.0
2026-08-14T04:01:26Z,3024V23509C1,3024V,,SCHEDULED,0,0.0
2026-08-14T04:01:26Z,3024V23801C5,3024V,,SCHEDULED,0,0.0
2026-08-14T04:01:26Z,3024V23601C4,3024V,,SCHEDULED,1500,25.0
2026-08-14T04:01:26Z,3024V23701C5,3024V,,SCHEDULED,0,0.0
2026-08-14T04:01:26Z,3024V23504C1,3024V,,SCHEDULED,0,0.0
2026-08-14T04:01:26Z,3024V23505C1,3024V,,SCHEDULED,60,1.0
2026-08-14T04:01:26Z,3124V23421T1,3124V,,SCHEDULED,0,0.0
2026-08-14T04:01:26Z,3124V23422T1,3124V,,SCHEDULED,0,0.0
2026-08-14T04:01:26Z,3124V23201C1,3124V,,SCHEDULED,0,0.0
2026-08-14T04:01:26Z,3224V23303C1,3224V,,SCHEDULED,240,4.0
2026-08-14T04:01:26Z,3224V23305C1,3224V,,SCHEDULED,0,0.0
2026-08-14T04:01:26Z,3224V23302C1,3224V,,SCHEDULED,0,0.0
2026-08-14T04:01:26Z,3224V23151C2,3224V,,SCHEDULED,0,0.0
2026-08-14T04:01:26Z,4024V24380C6,4024V,,SCHEDULED,60,1.0
2026-08-14T04:01:26Z,4024V80001C3,4024V,,SCHEDULED,0,0.0
2026-08-14T04:01:26Z,4024V24381C6,4024V,,SCHEDULED,0,0.0
2026-08-14T04:01:26Z,4024V84004C2,4024V,,SCHEDULED,0,0.0
2026-08-14T04:01:26Z,4024V84601C5,4024V,,SCHEDULED,0,0.0
2026-08-14T04:01:26Z,4024V24001C2,4024V,,SCHEDULED,240,4.0
2026-08-14T04:01:26Z,4024V30433C6,4024V,,SCHEDULED,0,0.0
2026-08-14T04:01:26Z,4024V24201C1,4024V,,SCHEDULED,0,0.0
2026-08-14T04:01:26Z,4024V24202C1,4024V,,SCHEDULED,0,0.0
2026-08-14T04:01:26Z,4024V24301C6,4024V,,SCHEDULED,60,1.0
2026-08-14T04:01:26Z,4024V24103C2,4024V,,SCHEDULED,240,4.0
2026-08-14T04:01:26Z,4024V24107C2,4024V,,SCHEDULED,0,0.0
2026-08-14T04:01:26Z,4024V36464C3,4024V,,SCHEDULED,0,0.0
2026-08-14T04:01:26Z,4024V24002C2,4024V,,SCHEDULED,0,0.0
2026-08-14T04:01:26Z,4024V24200C1,4024V,,SCHEDULED,120,2.0
2026-08-14T04:01:26Z,4024V24003C2,4024V,,SCHEDULED,0,0.0
2026-08-14T04:01:26Z,4024V24300C6,4024V,,SCHEDULED,0,0.0
2026-08-14T04:01:26Z,5124V25608R1,5124V,,SCHEDULED,0,0.0
2026-08-14T04:01:26Z,5124V15002R15,5124V,,SCHEDULED,0,0.0
2026-08-14T04:01:26Z,5124V77980R4,5124V,,SCHEDULED,0,0.0
2026-08-14T04:01:26Z,5124V28265R2S,5124V,,SCHEDULED,0,0.0
2026-08-14T04:01:26Z,5124V25600R1,5124V,,SCHEDULED,0,0.0
2026-08-14T04:01:26Z,5124V25402R2N,5124V,,SCHEDULED,0,0.0
2026-08-14T04:01:26Z,5124V35516R3,5124V,,CANCELED,,
2026-08-14T04:01:26Z,5124V15772R11,5124V,,SCHEDULED,0,0.0
2026-08-14T04:01:26Z,5124V15770R11,5124V,,SCHEDULED,0,0.0
2026-08-14T04:01:26Z,5124V77704R4,5124V,,SCHEDULED,0,0.0
2026-08-14T04:01:26Z,5124V28406R2N,5124V,,SCHEDULED,0,0.0
2026-08-14T04:01:26Z,5124V77706R4,5124V,,SCHEDULED,0,0.0
2026-08-14T04:01:26Z,5124V77404R4,5124V,,SCHEDULED,0,0.0
2026-08-14T04:01:26Z,5124V77508R4,5124V,,SCHEDULED,0,0.0
2026-08-14T04:01:26Z,5124V25704R1,5124V,,SCHEDULED,0,0.0
2026-08-14T04:01:26Z,5124V25701R1,5124V,,SCHEDULED,0,0.0
2026-08-14T04:01:26Z,5124V25502R2S,5124V,,SCHEDULED,0,0.0
2026-08-14T04:01:26Z,5124V25703R1,5124V,,SCHEDULED,0,0.0
2026-08-14T04:01:26Z,5124V77510R4,5124V,,SCHEDULED,0,0.0
2026-08-14T04:01:26Z,5124V77314R3,5124V,,SCHEDULED,0,0.0
2026-08-14T04:01:26Z,5124V35518R3,5124V,,SCHEDULED,0,0.0
2026-08-14T04:01:26Z,5124V15900R11,5124V,,SCHEDULED,0,0.0
2026-08-14T04:01:26Z,5124V30531R15,5124V,,SCHEDULED,0,0.0
2026-08-14T04:01:26Z,6024V26502C3,6024V,,SCHEDULED,60,1.0
2026-08-14T04:01:26Z,6024V26006C2,6024V,,SCHEDULED,0,0.0
2026-08-14T04:01:26Z,6024V26105C1,6024V,,SCHEDULED,0,0.0
2026-08-14T04:01:26Z,6024V26600C3,6024V,,SCHEDULED,180,3.0
2026-08-14T04:01:26Z,6024V26501C3,6024V,,SCHEDULED,120,2.0
2026-08-14T04:01:26Z,6024V26505C3,6024V,,SCHEDULED,0,0.0
2026-08-14T04:01:26Z,6024V26003C2,6024V,,SCHEDULED,120,2.0
2026-08-14T04:01:26Z,6024V26002C2,6024V,,SCHEDULED,120,2.0
2026-08-14T04:01:26Z,6024V26504C3,6024V,,SCHEDULED,60,1.0
2026-08-14T04:01:26Z,6024V26602C3,6024V,,SCHEDULED,60,1.0
2026-08-14T04:01:26Z,6024V26503C3,6024V,,SCHEDULED,120,2.0
2026-08-14T04:01:26Z,6024V26500C3,6024V,,SCHEDULED,60,1.0
2026-08-14T04:01:26Z,6024V26004C2,6024V,,SCHEDULED,0,0.0
2026-08-14T04:01:26Z,6024V26103C1,6024V,,SCHEDULED,60,1.0
2026-08-14T04:01:26Z,6024V26007C2,6024V,,SCHEDULED,0,0.0
2026-08-14T04:01:26Z,6024V26601C3,6024V,,SCHEDULED,0,0.0
2026-08-14T04:01:26Z,6024V71503C4,6024V,,SCHEDULED,60,1.0
2026-08-14T04:01:26Z,6024V71501C4,6024V,,SCHEDULED,-60,-1.0
2026-08-14T04:01:26Z,6024V71500C4,6024V,,SCHEDULED,0,0.0
2026-08-14T04:01:26Z,6024V26104C1,6024V,,SCHEDULED,0,0.0
2026-08-14T04:01:26Z,6024V26005C2,6024V,,SCHEDULED,120,2.0
2026-08-14T04:01:26Z,6124V81769C1,6124V,,SCHEDULED,0,0.0
2026-08-14T04:01:26Z,6124V32701C1,6124V,,SCHEDULED,0,0.0
2026-08-14T04:01:26Z,6124V32700C1,6124V,,SCHEDULED,0,0.0
2026-08-14T04:01:26Z,6124V35680C1,6124V,,SCHEDULED,0,0.0
2026-08-14T04:01:26Z,6224V81351C3,6224V,,SCHEDULED,0,0.0
2026-08-14T04:01:26Z,6224V71152C2,6224V,,SCHEDULED,120,2.0
2026-08-14T04:01:26Z,6224V35902C1,6224V,,SCHEDULED,0,0.0
2026-08-14T04:01:26Z,6224V71351C3,6224V,,SCHEDULED,120,2.0
2026-08-14T04:01:26Z,6224V71104C2,6224V,,SCHEDULED,-60,-1.0
2026-08-14T04:01:26Z,6224V71100C2,6224V,,SCHEDULED,180,3.0
2026-08-14T04:01:26Z,6224V71301C3,6224V,,SCHEDULED,0,0.0
2026-08-14T04:01:26Z,6224V71103C2,6224V,,SCHEDULED,0,0.0
2026-08-14T04:01:26Z,4724V71091C1,4724V,,SCHEDULED,0,0.0
2026-08-14T04:01:26Z,2024V70400C5,2024V,,SCHEDULED,120,2.0
2026-08-14T04:01:26Z,2024V70201C4,2024V,,SCHEDULED,0,0.0
2026-08-14T04:01:26Z,2024V22000C1,2024V,,SCHEDULED,0,0.0
2026-08-14T04:01:26Z,2024V22101C1,2024V,,SCHEDULED,2640,44.0
2026-08-14T04:01:26Z,2024V70401C5,2024V,,SCHEDULED,60,1.0
2026-08-14T04:01:26Z,2024V70502C7,2024V,,SCHEDULED,0,0.0
2026-08-14T04:01:26Z,2024V70202C4,2024V,,CANCELED,,
2026-08-14T04:01:26Z,2024V22004C1,2024V,,SCHEDULED,120,2.0
2026-08-14T04:01:26Z,2024V22103C1,2024V,,SCHEDULED,120,2.0
2026-08-14T04:01:26Z,2024V22303C3,2024V,,SCHEDULED,0,0.0
2026-08-14T04:01:26Z,2024V80851C6,2024V,,SCHEDULED,1200,20.0
2026-08-14T04:01:26Z,2024V22002C1,2024V,,SCHEDULED,-60,-1.0
2026-08-14T04:01:26Z,2024V22200C2,2024V,,SCHEDULED,0,0.0
2026-08-14T04:01:26Z,2024V22201C2,2024V,,SCHEDULED,0,0.0
2026-08-14T04:01:26Z,2024V22202C2,2024V,,SCHEDULED,0,0.0
2026-08-14T04:01:26Z,2024V70508C7,2024V,,SCHEDULED,0,0.0
2026-08-14T04:01:26Z,2024V70901C8,2024V,,SCHEDULED,0,0.0
2026-08-14T04:01:26Z,2024V70801C6,2024V,,SCHEDULED,0,0.0
2026-08-14T04:01:26Z,2024V70900C8,2024V,,SCHEDULED,300,5.0
2026-08-14T04:01:26Z,2024V70506C7,2024V,,SCHEDULED,0,0.0
2026-08-14T04:01:26Z,2024V22305C3,2024V,,SCHEDULED,0,0.0
2026-08-14T04:01:26Z,2024V70754C6,2024V,,SCHEDULED,0,0.0
2026-08-14T04:01:26Z,2024V70853C6,2024V,,SCHEDULED,0,0.0
2026-08-14T04:01:26Z,2024V70753C6,2024V,,SCHEDULED,60,1.0
2026-08-14T04:01:26Z,2024V70501C7,2024V,,SCHEDULED,120,2.0
2026-08-14T04:01:26Z,2024V70755C6,2024V,,SCHEDULED,0,0.0
2026-08-14T04:01:26Z,2024V70752C6,2024V,,SCHEDULED,0,0.0
2026-08-14T04:01:26Z,2024V70302C4,2024V,,SCHEDULED,0,0.0
2026-08-14T04:01:26Z,4124V84901C2,4124V,,SCHEDULED,60,1.0
2026-08-14T04:01:26Z,4124V24700C1,4124V,,SCHEDULED,60,1.0
2026-08-14T04:01:26Z,4124V24701C1,4124V,,SCHEDULED,960,16.0
2026-08-14T04:01:26Z,4124V84900C2,4124V,,SCHEDULED,0,0.0
2026-08-14T04:01:26Z,4124V24703C1,4124V,,SCHEDULED,0,0.0
2026-08-14T04:01:26Z,4524V71601C1,4524V,,SCHEDULED,0,0.0
2026-08-14T04:01:26Z,1024V19807C1,1024V,,SCHEDULED,0,0.0
2026-08-14T04:01:26Z,1024V19800C1,1024V,,SCHEDULED,60,1.0
2026-08-14T04:01:26Z,1024V19803C1,1024V,,SCHEDULED,180,3.0
2026-08-14T04:01:26Z,1024V19802C1,1024V,,SCHEDULED,0,0.0
2026-08-14T04:01:26Z,1024V20005C3,1024V,,SCHEDULED,0,0.0
2026-08-14T04:01:26Z,1024V20004C3,1024V,,SCHEDULED,180,3.0
2026-08-14T04:01:26Z,1024V20002C3,1024V,,SCHEDULED,120,2.0
2026-08-14T04:01:26Z,1024V20409C4b,1024V,,SCHEDULED,240,4.0
2026-08-14T04:01:26Z,1024V20408C4b,1024V,,SCHEDULED,0,0.0
2026-08-14T04:01:26Z,1024V20407C4b,1024V,,SCHEDULED,60,1.0
2026-08-14T04:01:26Z,1024V79951C8b,1024V,,SCHEDULED,720,12.0
2026-08-14T04:01:26Z,1024V79950C2,1024V,,SCHEDULED,60,1.0
2026-08-14T04:01:26Z,1024V76366C5,1024V,,SCHEDULED,0,0.0
2026-08-14T04:01:26Z,1024V76685C5,1024V,,SCHEDULED,480,8.0
2026-08-14T04:01:26Z,1024V79952C8b,1024V,,SCHEDULED,720,12.0
2026-08-14T04:01:26Z,1024V76368C5,1024V,,SCHEDULED,0,0.0
2026-08-14T04:01:26Z,1024V76687C5,1024V,,SCHEDULED,0,0.0
2026-08-14T04:01:26Z,1024V79954C8b,1024V,,SCHEDULED,0,0.0
2026-08-14T04:01:26Z,1024V76204C5,1024V,,SCHEDULED,360,6.0
2026-08-14T04:01:26Z,1024V76689C5,1024V,,SCHEDULED,0,0.0
2026-08-14T04:01:26Z,1024V76205C5,1024V,,SCHEDULED,0,0.0
2026-08-14T04:01:26Z,1024V19805C1,1024V,,SCHEDULED,0,0.0
2026-08-14T04:01:26Z,1024V79102C7,1024V,,SCHEDULED,0,0.0
2026-08-14T04:01:26Z,1024V76353C5,1024V,,SCHEDULED,180,3.0
2026-08-14T04:01:26Z,1024V79103C7,1024V,,SCHEDULED,0,0.0
2026-08-14T04:01:26Z,1024V76674C5,1024V,,SCHEDULED,60,1.0
2026-08-14T04:01:26Z,1024V76355C5,1024V,,SCHEDULED,120,2.0
2026-08-14T04:01:26Z,1024V76676C5,1024V,,SCHEDULED,0,0.0
2026-08-14T04:01:26Z,1024V76357C5,1024V,,SCHEDULED,0,0.0
2026-08-14T04:01:26Z,1024V76677C5,1024V,,SCHEDULED,2340,39.0
2026-08-14T04:01:26Z,1024V79503C2,1024V,,SCHEDULED,240,4.0
2026-08-14T04:01:26Z,1024V76678C5,1024V,,SCHEDULED,0,0.0
2026-08-14T04:01:26Z,1024V76359C5,1024V,,SCHEDULED,120,2.0
2026-08-14T04:01:26Z,1024V79507C2,1024V,,SCHEDULED,480,8.0
2026-08-14T04:01:26Z,1024V20406C4b,1024V,,SCHEDULED,0,0.0
2026-08-14T04:01:26Z,1024V20208C4,1024V,,SCHEDULED,0,0.0
2026-08-14T04:01:26Z,1024V20009C3,1024V,,SCHEDULED,0,0.0
2026-08-14T04:01:26Z,1024V20207C4a,1024V,,SCHEDULED,180,3.0
2026-08-14T04:01:26Z,1024V20405C4b,1024V,,SCHEDULED,360,6.0
2026-08-14T04:01:26Z,1024V20008C3,1024V,,SCHEDULED,0,0.0
2026-08-14T04:01:26Z,1024V20206C4,1024V,,SCHEDULED,180,3.0
2026-08-14T04:01:26Z,1024V20007C3,1024V,,SCHEDULED,120,2.0
2026-08-14T04:01:26Z,1024V20205C4a,1024V,,SCHEDULED,120,2.0
2026-08-14T04:01:26Z,1024V20006C3,1024V,,SCHEDULED,60,1.0
2026-08-14T04:01:26Z,1024V20402C4b,1024V,,SCHEDULED,0,0.0
2026-08-14T04:01:26Z,1024V20204C4,1024V,,SCHEDULED,60,1.0
2026-08-14T04:01:26Z,1024V79202C7,1024V,,SCHEDULED,780,13.0
2026-08-14T04:01:26Z,1024V79204C7,1024V,,SCHEDULED,60,1.0
2026-08-14T04:01:26Z,1024V79600C10,1024V,,SCHEDULED,0,0.0
2026-08-14T04:01:26Z,1024V79402C2,1024V,,SCHEDULED,120,2.0
2026-08-14T04:01:26Z,1024V79207C7,1024V,,SCHEDULED,60,1.0
2026-08-14T04:01:26Z,1024V79404C2,1024V,,SCHEDULED,240,4.0
2026-08-14T04:01:26Z,1024V79209C7,1024V,,SCHEDULED,240,4.0
2026-08-14T04:01:26Z,1024V79208C7,1024V,,SCHEDULED,0,0.0
2026-08-14T04:01:26Z,1024V79604C10,1024V,,SCHEDULED,600,10.0
2026-08-14T04:01:26Z,1024V79805C8a,1024V,,SCHEDULED,60,1.0
2026-08-14T04:01:26Z,1024V79408C2,1024V,,SCHEDULED,0,0.0
2026-08-14T04:01:26Z,1024V79808C8a,1024V,,SCHEDULED,0,0.0
2026-08-14T04:01:26Z,1024V76360C5,1024V,,SCHEDULED,0,0.0
2026-08-14T04:01:26Z,1024V76361C5,1024V,,SCHEDULED,0,0.0
2026-08-14T04:01:26Z,1024V76680C5,1024V,,SCHEDULED,0,0.0
2026-08-14T04:01:26Z,1024V76681C5,1024V,,SCHEDULED,240,4.0
2026-08-14T04:01:26Z,1024V76362C5,1024V,,SCHEDULED,0,0.0
2026-08-14T04:01:26Z,1024V76363C5,1024V,,SCHEDULED,0,0.0
2026-08-14T04:01:26Z,1024V76682C5,1024V,,SCHEDULED,0,0.0
2026-08-14T04:01:26Z,1024V79511C2,1024V,,SCHEDULED,0,0.0
2026-08-14T04:01:26Z,1024V76364C5,1024V,,SCHEDULED,360,6.0
2026-08-14T04:01:26Z,1024V76683C5,1024V,,SCHEDULED,0,0.0
2026-08-14T04:01:26Z,1024V20411C4b,1024V,,SCHEDULED,480,8.0
2026-08-14T04:01:26Z,1024V20410C4b,1024V,,SCHEDULED,0,0.0
2026-08-14T04:01:26Z,1024V20212C4a,1024V,,SCHEDULED,0,0.0
2026-08-14T04:01:26Z,1024V20211C4a,1024V,,SCHEDULED,60,1.0
2026-08-14T04:01:26Z,1024V20210C4,1024V,,SCHEDULED,0,0.0
2026-08-14T04:01:26Z,1024V20011C3,1024V,,SCHEDULED,0,0.0
2026-08-14T04:01:26Z,1024V20010C3,1024V,,SCHEDULED,0,0.0
2026-08-14T04:01:26Z,1024V20417C4b,1024V,,SCHEDULED,0,0.0
2026-08-14T04:01:26Z,1024V20218C4a,1024V,,SCHEDULED,0,0.0
2026-08-14T04:01:26Z,1024V20217C4a,1024V,,SCHEDULED,0,0.0
2026-08-14T04:01:26Z,1024V20415C4b,1024V,,SCHEDULED,0,0.0
2026-08-14T04:01:26Z,1024V79210C7,1024V,,SCHEDULED,0,0.0
2026-08-14T04:01:26Z,1024V20216C4a,1024V,,SCHEDULED,840,14.0
2026-08-14T04:01:26Z,1024V20215C4a,1024V,,SCHEDULED,0,0.0
2026-08-14T04:01:26Z,1024V20413C4b,1024V,,SCHEDULED,240,4.0
2026-08-14T04:01:26Z,1024V79211C7,1024V,,SCHEDULED,360,6.0
2026-08-14T04:01:26Z,1024V79810C8a,1024V,,SCHEDULED,0,0.0
2026-08-14T04:01:26Z,1024V79215C7,1024V,,SCHEDULED,0,0.0
2026-08-14T04:01:26Z,1024V79219C7,1024V,,SCHEDULED,0,0.0
2026-08-14T04:01:26Z,1024V76370C5,1024V,,SCHEDULED,0,0.0
2026-08-14T04:01:26Z,1024V79200C2,1024V,,SCHEDULED,1020,17.0
2026-08-14T04:01:26Z,1024V79203C7,1024V,,SCHEDULED,900,15.0
2026-08-14T04:05:56Z,3024V23500C1,3024V,,SCHEDULED,360,6.0
2026-08-14T04:05:56Z,3024V23601C4,3024V,,SCHEDULED,1500,25.0
2026-08-14T04:05:56Z,3024V23701C5,3024V,,SCHEDULED,0,0.0
2026-08-14T04:05:56Z,3024V23501C1,3024V,,SCHEDULED,180,3.0
2026-08-14T04:05:56Z,3024V23502C1,3024V,,SCHEDULED,120,2.0
2026-08-14T04:05:56Z,3024V23505C1,3024V,,SCHEDULED,60,1.0
2026-08-14T04:05:56Z,3024V23506C1,3024V,,SCHEDULED,0,0.0
2026-08-14T04:05:56Z,3024V23509C1,3024V,,SCHEDULED,0,0.0
2026-08-14T04:05:56Z,3024V23801C5,3024V,,SCHEDULED,0,0.0
2026-08-14T04:05:56Z,3024V23504C1,3024V,,SCHEDULED,0,0.0
2026-08-14T04:05:56Z,3124V23201C1,3124V,,SCHEDULED,0,0.0
2026-08-14T04:05:56Z,3124V23422T1,3124V,,SCHEDULED,0,0.0
2026-08-14T04:05:56Z,3124V23421T1,3124V,,SCHEDULED,0,0.0
2026-08-14T04:05:56Z,3124V23200C1,3124V,,SCHEDULED,0,0.0
2026-08-14T04:05:56Z,3224V23303C1,3224V,,SCHEDULED,120,2.0
2026-08-14T04:05:56Z,3224V23305C1,3224V,,SCHEDULED,0,0.0
2026-08-14T04:05:56Z,3224V23302C1,3224V,,SCHEDULED,0,0.0
2026-08-14T04:05:56Z,3224V23151C2,3224V,,SCHEDULED,60,1.0
2026-08-14T04:05:56Z,4024V36402C3,4024V,,SCHEDULED,0,0.0
2026-08-14T04:05:56Z,4024V24107C2,4024V,,SCHEDULED,0,0.0
2026-08-14T04:05:56Z,4024V24380C6,4024V,,SCHEDULED,0,0.0
2026-08-14T04:05:56Z,4024V80001C3,4024V,,SCHEDULED,0,0.0
2026-08-14T04:05:56Z,4024V24381C6,4024V,,SCHEDULED,0,0.0
2026-08-14T04:05:56Z,4024V84004C2,4024V,,SCHEDULED,0,0.0
2026-08-14T04:05:56Z,4024V84601C5,4024V,,SCHEDULED,0,0.0
2026-08-14T04:05:56Z,4024V24001C2,4024V,,SCHEDULED,300,5.0
2026-08-14T04:05:56Z,4024V24202C1,4024V,,SCHEDULED,0,0.0
2026-08-14T04:05:56Z,4024V30433C6,4024V,,SCHEDULED,0,0.0
2026-08-14T04:05:56Z,4024V36464C3,4024V,,SCHEDULED,0,0.0
2026-08-14T04:05:56Z,4024V24002C2,4024V,,SCHEDULED,180,3.0
2026-08-14T04:05:56Z,4024V24200C1,4024V,,SCHEDULED,-60,-1.0
2026-08-14T04:05:56Z,4024V24003C2,4024V,,SCHEDULED,0,0.0
2026-08-14T04:05:56Z,4024V24301C6,4024V,,SCHEDULED,120,2.0
2026-08-14T04:05:56Z,4024V24300C6,4024V,,SCHEDULED,0,0.0
2026-08-14T04:05:56Z,4024V24201C1,4024V,,SCHEDULED,60,1.0
2026-08-14T04:05:56Z,4024V24302C6,4024V,,SCHEDULED,0,0.0
2026-08-14T04:05:56Z,4024V24203C1,4024V,,SCHEDULED,0,0.0
2026-08-14T04:05:56Z,4024V24303C6,4024V,,SCHEDULED,0,0.0
2026-08-14T04:05:56Z,5124V25603R1,5124V,,SCHEDULED,0,0.0
2026-08-14T04:05:56Z,5124V35516R3,5124V,,CANCELED,,
2026-08-14T04:05:56Z,5124V25608R1,5124V,,SCHEDULED,0,0.0
2026-08-14T04:05:56Z,5124V15002R15,5124V,,SCHEDULED,0,0.0
2026-08-14T04:05:56Z,5124V77980R4,5124V,,SCHEDULED,0,0.0
2026-08-14T04:05:56Z,5124V28265R2S,5124V,,SCHEDULED,0,0.0
2026-08-14T04:05:56Z,5124V25600R1,5124V,,SCHEDULED,0,0.0
2026-08-14T04:05:56Z,5124V25402R2N,5124V,,SCHEDULED,0,0.0
2026-08-14T04:05:56Z,5124V28408R2N,5124V,,SCHEDULED,0,0.0
2026-08-14T04:05:56Z,5124V28406R2N,5124V,,SCHEDULED,0,0.0
2026-08-14T04:05:56Z,5124V15772R11,5124V,,SCHEDULED,0,0.0
2026-08-14T04:05:56Z,5124V15770R11,5124V,,SCHEDULED,0,0.0
2026-08-14T04:05:56Z,5124V77704R4,5124V,,SCHEDULED,0,0.0
2026-08-14T04:05:56Z,5124V77706R4,5124V,,SCHEDULED,0,0.0
2026-08-14T04:05:56Z,5124V25503R2S,5124V,,SCHEDULED,0,0.0
2026-08-14T04:05:56Z,5124V25703R1,5124V,,SCHEDULED,0,0.0
2026-08-14T04:05:56Z,5124V77314R3,5124V,,SCHEDULED,0,0.0
2026-08-14T04:05:56Z,5124V15900R11,5124V,,SCHEDULED,0,0.0
2026-08-14T04:05:56Z,5124V30531R15,5124V,,SCHEDULED,0,0.0
2026-08-14T04:05:56Z,6024V26006C2,6024V,,SCHEDULED,0,0.0
2026-08-14T04:05:56Z,6024V26105C1,6024V,,SCHEDULED,0,0.0
2026-08-14T04:05:56Z,6024V26600C3,6024V,,SCHEDULED,240,4.0
2026-08-14T04:05:56Z,6024V26504C3,6024V,,SCHEDULED,0,0.0
2026-08-14T04:05:56Z,6024V26602C3,6024V,,SCHEDULED,-60,-1.0
2026-08-14T04:05:56Z,6024V26503C3,6024V,,SCHEDULED,60,1.0
2026-08-14T04:05:56Z,6024V26506C3,6024V,,SCHEDULED,0,0.0
2026-08-14T04:05:56Z,6024V26505C3,6024V,,SCHEDULED,0,0.0
2026-08-14T04:05:56Z,6024V26003C2,6024V,,SCHEDULED,180,3.0
2026-08-14T04:05:56Z,6024V26002C2,6024V,,SCHEDULED,120,2.0
2026-08-14T04:05:56Z,6024V26103C1,6024V,,SCHEDULED,0,0.0
2026-08-14T04:05:56Z,6024V26007C2,6024V,,SCHEDULED,0,0.0
2026-08-14T04:05:56Z,6024V26601C3,6024V,,SCHEDULED,0,0.0
2026-08-14T04:05:56Z,6024V26502C3,6024V,,SCHEDULED,0,0.0
2026-08-14T04:05:56Z,6024V71503C4,6024V,,SCHEDULED,120,2.0
2026-08-14T04:05:56Z,6024V71500C4,6024V,,SCHEDULED,-60,-1.0
2026-08-14T04:05:56Z,6024V26104C1,6024V,,SCHEDULED,60,1.0
2026-08-14T04:05:56Z,6024V26005C2,6024V,,SCHEDULED,120,2.0
2026-08-14T04:05:56Z,6124V81769C1,6124V,,SCHEDULED,0,0.0
2026-08-14T04:05:56Z,6124V32701C1,6124V,,SCHEDULED,0,0.0
2026-08-14T04:05:56Z,6124V32700C1,6124V,,SCHEDULED,120,2.0
2026-08-14T04:05:56Z,6124V35680C1,6124V,,SCHEDULED,0,0.0
2026-08-14T04:05:56Z,6224V71152C2,6224V,,SCHEDULED,0,0.0
2026-08-14T04:05:56Z,6224V71351C3,6224V,,SCHEDULED,120,2.0
2026-08-14T04:05:56Z,6224V71151C2,6224V,,SCHEDULED,0,0.0
2026-08-14T04:05:56Z,6224V35902C1,6224V,,SCHEDULED,0,0.0
2026-08-14T04:05:56Z,6224V71104C2,6224V,,SCHEDULED,-60,-1.0
2026-08-14T04:05:56Z,6224V71102C2,6224V,,SCHEDULED,60,1.0
2026-08-14T04:05:56Z,6224V81351C3,6224V,,SCHEDULED,0,0.0
2026-08-14T04:05:56Z,6224V71301C3,6224V,,SCHEDULED,0,0.0
2026-08-14T04:05:56Z,6224V71103C2,6224V,,SCHEDULED,0,0.0
2026-08-14T04:05:56Z,4724V71091C1,4724V,,SCHEDULED,0,0.0
2026-08-14T04:05:56Z,4724V71080C1,4724V,,SCHEDULED,0,0.0
2026-08-14T04:05:56Z,2024V70201C4,2024V,,SCHEDULED,0,0.0
2026-08-14T04:05:56Z,2024V22000C1,2024V,,SCHEDULED,60,1.0
2026-08-14T04:05:56Z,2024V22101C1,2024V,,SCHEDULED,2880,48.0
2026-08-14T04:05:56Z,2024V22002C1,2024V,,SCHEDULED,240,4.0
2026-08-14T04:05:56Z,2024V70502C7,2024V,,SCHEDULED,0,0.0
2026-08-14T04:05:56Z,2024V70200C4,2024V,,SCHEDULED,0,0.0
2026-08-14T04:05:56Z,2024V70202C4,2024V,,CANCELED,,
2026-08-14T04:05:56Z,2024V70400C5,2024V,,SCHEDULED,60,1.0
2026-08-14T04:05:56Z,2024V22103C1,2024V,,SCHEDULED,120,2.0
2026-08-14T04:05:56Z,2024V22006C1,2024V,,SCHEDULED,0,0.0
2026-08-14T04:05:56Z,2024V80851C6,2024V,,SCHEDULED,1440,24.0
2026-08-14T04:05:56Z,2024V22200C2,2024V,,SCHEDULED,60,1.0
2026-08-14T04:05:56Z,2024V22201C2,2024V,,SCHEDULED,0,0.0
2026-08-14T04:05:56Z,2024V22202C2,2024V,,SCHEDULED,0,0.0
2026-08-14T04:05:56Z,2024V22004C1,2024V,,SCHEDULED,360,6.0
2026-08-14T04:05:56Z,2024V70901C8,2024V,,SCHEDULED,0,0.0
2026-08-14T04:05:56Z,2024V70801C6,2024V,,SCHEDULED,0,0.0
2026-08-14T04:05:56Z,2024V70900C8,2024V,,SCHEDULED,0,0.0
2026-08-14T04:05:56Z,2024V70506C7,2024V,,SCHEDULED,0,0.0
2026-08-14T04:05:56Z,2024V22305C3,2024V,,SCHEDULED,0,0.0
2026-08-14T04:05:56Z,2024V70501C7,2024V,,SCHEDULED,60,1.0
2026-08-14T04:05:56Z,2024V70302C4,2024V,,SCHEDULED,0,0.0
2026-08-14T04:05:56Z,2024V70401C5,2024V,,SCHEDULED,0,0.0
2026-08-14T04:05:56Z,2024V70754C6,2024V,,SCHEDULED,0,0.0
2026-08-14T04:05:56Z,2024V70853C6,2024V,,SCHEDULED,0,0.0
2026-08-14T04:05:56Z,2024V70755C6,2024V,,SCHEDULED,0,0.0
2026-08-14T04:05:56Z,2024V70752C6,2024V,,SCHEDULED,240,4.0
2026-08-14T04:05:56Z,2024V70508C7,2024V,,SCHEDULED,0,0.0
2026-08-14T04:05:56Z,2024V70505C7,2024V,,SCHEDULED,0,0.0
2026-08-14T04:05:56Z,4124V84904C2,4124V,,SCHEDULED,0,0.0
2026-08-14T04:05:56Z,4124V24701C1,4124V,,SCHEDULED,1200,20.0
2026-08-14T04:05:56Z,4124V24700C1,4124V,,SCHEDULED,120,2.0
2026-08-14T04:05:56Z,4124V84901C2,4124V,,SCHEDULED,300,5.0
2026-08-14T04:05:56Z,4124V84900C2,4124V,,SCHEDULED,0,0.0
2026-08-14T04:05:56Z,4124V24703C1,4124V,,SCHEDULED,0,0.0
2026-08-14T04:05:56Z,4524V71601C1,4524V,,SCHEDULED,0,0.0
2026-08-14T04:05:56Z,1024V79215C7,1024V,,SCHEDULED,0,0.0
2026-08-14T04:05:56Z,1024V79219C7,1024V,,SCHEDULED,0,0.0
2026-08-14T04:05:56Z,1024V76691C5,1024V,,SCHEDULED,0,0.0
2026-08-14T04:05:56Z,1024V79200C2,1024V,,SCHEDULED,1080,18.0
2026-08-14T04:05:56Z,1024V79203C7,1024V,,SCHEDULED,1080,18.0
2026-08-14T04:05:56Z,1024V79202C7,1024V,,SCHEDULED,1080,18.0
2026-08-14T04:05:56Z,1024V79205C7,1024V,,SCHEDULED,300,5.0
2026-08-14T04:05:56Z,1024V79952C8b,1024V,,SCHEDULED,960,16.0
2026-08-14T04:05:56Z,1024V76687C5,1024V,,SCHEDULED,180,3.0
2026-08-14T04:05:56Z,1024V79204C7,1024V,,SCHEDULED,300,5.0
2026-08-14T04:05:56Z,1024V79954C8b,1024V,,SCHEDULED,0,0.0
2026-08-14T04:05:56Z,1024V76204C5,1024V,,SCHEDULED,0,0.0
2026-08-14T04:05:56Z,1024V76689C5,1024V,,SCHEDULED,0,0.0
2026-08-14T04:05:56Z,1024V76205C5,1024V,,SCHEDULED,0,0.0
2026-08-14T04:05:56Z,1024V20209C4a,1024V,,SCHEDULED,360,6.0
2026-08-14T04:05:56Z,1024V20208C4,1024V,,SCHEDULED,240,4.0
2026-08-14T04:05:56Z,1024V20207C4a,1024V,,SCHEDULED,120,2.0
2026-08-14T04:05:56Z,1024V20206C4,1024V,,SCHEDULED,0,0.0
2026-08-14T04:05:56Z,1024V20205C4a,1024V,,SCHEDULED,360,6.0
2026-08-14T04:05:56Z,1024V20204C4,1024V,,SCHEDULED,60,1.0
2026-08-14T04:05:56Z,1024V76676C5,1024V,,SCHEDULED,0,0.0
2026-08-14T04:05:56Z,1024V76677C5,1024V,,SCHEDULED,2580,43.0
2026-08-14T04:05:56Z,1024V79600C10,1024V,,SCHEDULED,60,1.0
2026-08-14T04:05:56Z,1024V76678C5,1024V,,SCHEDULED,60,1.0
2026-08-14T04:05:56Z,1024V20411C4b,1024V,,SCHEDULED,360,6.0
2026-08-14T04:05:56Z,1024V20410C4b,1024V,,SCHEDULED,0,0.0
2026-08-14T04:05:56Z,1024V20011C3,1024V,,SCHEDULED,0,0.0
2026-08-14T04:05:56Z,1024V20010C3,1024V,,SCHEDULED,0,0.0
2026-08-14T04:05:56Z,1024V79209C7,1024V,,SCHEDULED,0,0.0
2026-08-14T04:05:56Z,1024V20419C4b,1024V,,SCHEDULED,0,0.0
2026-08-14T04:05:56Z,1024V20417C4b,1024V,,SCHEDULED,0,0.0
2026-08-14T04:05:56Z,1024V20415C4b,1024V,,SCHEDULED,240,4.0
2026-08-14T04:05:56Z,1024V79208C7,1024V,,SCHEDULED,0,0.0
2026-08-14T04:05:56Z,1024V79210C7,1024V,,SCHEDULED,0,0.0
2026-08-14T04:05:56Z,1024V79604C10,1024V,,SCHEDULED,900,15.0
2026-08-14T04:05:56Z,1024V20413C4b,1024V,,SCHEDULED,540,9.0
2026-08-14T04:05:56Z,1024V79211C7,1024V,,SCHEDULED,0,0.0
2026-08-14T04:05:56Z,1024V20213C4a,1024V,,SCHEDULED,0,0.0
2026-08-14T04:05:56Z,1024V20212C4a,1024V,,SCHEDULED,60,1.0
2026-08-14T04:05:56Z,1024V76360C5,1024V,,SCHEDULED,0,0.0
2026-08-14T04:05:56Z,1024V20211C4a,1024V,,SCHEDULED,300,5.0
2026-08-14T04:05:56Z,1024V20210C4,1024V,,SCHEDULED,0,0.0
2026-08-14T04:05:56Z,1024V76361C5,1024V,,SCHEDULED,0,0.0
2026-08-14T04:05:56Z,1024V76362C5,1024V,,SCHEDULED,0,0.0
2026-08-14T04:05:56Z,1024V20218C4a,1024V,,SCHEDULED,0,0.0
2026-08-14T04:05:56Z,1024V76363C5,1024V,,SCHEDULED,0,0.0
2026-08-14T04:05:56Z,1024V79511C2,1024V,,SCHEDULED,0,0.0
2026-08-14T04:05:56Z,1024V20217C4a,1024V,,SCHEDULED,0,0.0
2026-08-14T04:05:56Z,1024V76364C5,1024V,,SCHEDULED,180,3.0
2026-08-14T04:05:56Z,1024V20216C4a,1024V,,SCHEDULED,0,0.0
2026-08-14T04:05:56Z,1024V79513C2,1024V,,SCHEDULED,0,0.0
2026-08-14T04:05:56Z,1024V20215C4a,1024V,,SCHEDULED,0,0.0
2026-08-14T04:05:56Z,1024V76366C5,1024V,,SCHEDULED,120,2.0
2026-08-14T04:05:56Z,1024V79810C8a,1024V,,SCHEDULED,0,0.0
2026-08-14T04:05:56Z,1024V76368C5,1024V,,SCHEDULED,0,0.0
2026-08-14T04:05:56Z,1024V20220C4a,1024V,,SCHEDULED,0,0.0
2026-08-14T04:05:56Z,1024V20406C4b,1024V,,SCHEDULED,60,1.0
2026-08-14T04:05:56Z,1024V20009C3,1024V,,SCHEDULED,0,0.0
2026-08-14T04:05:56Z,1024V20008C3,1024V,,SCHEDULED,0,0.0
2026-08-14T04:05:56Z,1024V20007C3,1024V,,SCHEDULED,420,7.0
2026-08-14T04:05:56Z,1024V76370C5,1024V,,SCHEDULED,0,0.0
2026-08-14T04:05:56Z,1024V20006C3,1024V,,SCHEDULED,60,1.0
2026-08-14T04:05:56Z,1024V20402C4b,1024V,,SCHEDULED,180,3.0
2026-08-14T04:05:56Z,1024V79102C7,1024V,,SCHEDULED,0,0.0
2026-08-14T04:05:56Z,1024V79103C7,1024V,,SCHEDULED,60,1.0
2026-08-14T04:05:56Z,1024V76355C5,1024V,,SCHEDULED,60,1.0
2026-08-14T04:05:56Z,1024V79402C2,1024V,,SCHEDULED,480,8.0
2026-08-14T04:05:56Z,1024V76357C5,1024V,,SCHEDULED,0,0.0
2026-08-14T04:05:56Z,1024V79805C8a,1024V,,SCHEDULED,180,3.0
2026-08-14T04:05:56Z,1024V79503C2,1024V,,SCHEDULED,540,9.0
2026-08-14T04:05:56Z,1024V76359C5,1024V,,SCHEDULED,420,7.0
2026-08-14T04:05:56Z,1024V79507C2,1024V,,SCHEDULED,120,2.0
2026-08-14T04:05:56Z,1024V79408C2,1024V,,SCHEDULED,0,0.0
2026-08-14T04:05:56Z,1024V79808C8a,1024V,,SCHEDULED,0,0.0
2026-08-14T04:05:56Z,1024V76680C5,1024V,,SCHEDULED,0,0.0
2026-08-14T04:05:56Z,1024V76681C5,1024V,,SCHEDULED,1140,19.0
2026-08-14T04:05:56Z,1024V76682C5,1024V,,SCHEDULED,0,0.0
2026-08-14T04:05:56Z,1024V76683C5,1024V,,SCHEDULED,0,0.0
2026-08-14T04:05:56Z,1024V79951C8b,1024V,,SCHEDULED,120,2.0
2026-08-14T04:05:56Z,1024V76684C5,1024V,,SCHEDULED,0,0.0
2026-08-14T04:05:56Z,1024V79950C2,1024V,,SCHEDULED,120,2.0
2026-08-14T04:05:56Z,1024V76685C5,1024V,,SCHEDULED,0,0.0
2026-08-14T04:05:56Z,1024V19805C1,1024V,,SCHEDULED,0,0.0
2026-08-14T04:05:56Z,1024V19804C1,1024V,,SCHEDULED,0,0.0
2026-08-14T04:05:56Z,1024V19807C1,1024V,,SCHEDULED,0,0.0
2026-08-14T04:05:56Z,1024V19803C1,1024V,,SCHEDULED,360,6.0
2026-08-14T04:05:56Z,1024V19802C1,1024V,,SCHEDULED,0,0.0
2026-08-14T04:05:56Z,1024V20005C3,1024V,,SCHEDULED,60,1.0
2026-08-14T04:05:56Z,1024V20004C3,1024V,,SCHEDULED,360,6.0
2026-08-14T04:05:56Z,1024V20409C4b,1024V,,SCHEDULED,0,0.0
2026-08-14T04:05:56Z,1024V20408C4b,1024V,,SCHEDULED,-60,-1.0
2026-08-14T04:05:56Z,1024V20407C4b,1024V,,SCHEDULED,120,2.0
2026-08-14T04:11:24Z,3024V23509C1,3024V,,SCHEDULED,0,0.0
2026-08-14T04:11:24Z,3024V23504C1,3024V,,SCHEDULED,0,0.0
2026-08-14T04:11:24Z,3024V23502C1,3024V,,SCHEDULED,180,3.0
2026-08-14T04:11:24Z,3024V23506C1,3024V,,SCHEDULED,0,0.0
2026-08-14T04:11:24Z,3024V23601C4,3024V,,SCHEDULED,1500,25.0
2026-08-14T04:11:24Z,3024V23603C4,3024V,,SCHEDULED,0,0.0
2026-08-14T04:11:24Z,3024V23801C5,3024V,,SCHEDULED,0,0.0
2026-08-14T04:11:24Z,3124V23201C1,3124V,,SCHEDULED,0,0.0
2026-08-14T04:11:24Z,3124V23422T1,3124V,,SCHEDULED,0,0.0
2026-08-14T04:11:24Z,3124V23421T1,3124V,,SCHEDULED,0,0.0
2026-08-14T04:11:24Z,3124V23200C1,3124V,,SCHEDULED,0,0.0
2026-08-14T04:11:24Z,3224V23302C1,3224V,,SCHEDULED,0,0.0
2026-08-14T04:11:24Z,3224V23151C2,3224V,,SCHEDULED,60,1.0
2026-08-14T04:11:24Z,4024V24004C2,4024V,,SCHEDULED,0,0.0
2026-08-14T04:11:24Z,4024V24202C1,4024V,,SCHEDULED,60,1.0
2026-08-14T04:11:24Z,4024V24303C6,4024V,,SCHEDULED,0,0.0
2026-08-14T04:11:24Z,4024V36402C3,4024V,,SCHEDULED,0,0.0
2026-08-14T04:11:24Z,4024V24301C6,4024V,,SCHEDULED,0,0.0
2026-08-14T04:11:24Z,4024V24107C2,4024V,,SCHEDULED,180,3.0
2026-08-14T04:11:24Z,4024V24302C6,4024V,,SCHEDULED,0,0.0
2026-08-14T04:11:24Z,4024V80001C3,4024V,,SCHEDULED,0,0.0
2026-08-14T04:11:24Z,4024V24203C1,4024V,,SCHEDULED,0,0.0
2026-08-14T04:11:24Z,4024V36464C3,4024V,,SCHEDULED,0,0.0
2026-08-14T04:11:24Z,4024V24002C2,4024V,,SCHEDULED,180,3.0
2026-08-14T04:11:24Z,4024V24200C1,4024V,,SCHEDULED,60,1.0
2026-08-14T04:11:24Z,4024V24003C2,4024V,,SCHEDULED,60,1.0
2026-08-14T04:11:24Z,4024V24300C6,4024V,,SCHEDULED,60,1.0
2026-08-14T04:11:24Z,4024V24201C1,4024V,,SCHEDULED,120,2.0
2026-08-14T04:11:24Z,4024V24381C6,4024V,,SCHEDULED,0,0.0
2026-08-14T04:11:24Z,4024V84004C2,4024V,,SCHEDULED,0,0.0
2026-08-14T04:11:24Z,4024V24001C2,4024V,,SCHEDULED,180,3.0
2026-08-14T04:11:24Z,4024V30433C6,4024V,,SCHEDULED,0,0.0
2026-08-14T04:11:24Z,5124V15002R15,5124V,,SCHEDULED,0,0.0
2026-08-14T04:11:24Z,5124V25600R1,5124V,,SCHEDULED,0,0.0
2026-08-14T04:11:24Z,5124V25402R2N,5124V,,SCHEDULED,0,0.0
2026-08-14T04:11:24Z,5124V25603R1,5124V,,SCHEDULED,0,0.0
2026-08-14T04:11:24Z,5124V35516R3,5124V,,CANCELED,,
2026-08-14T04:11:24Z,5124V28408R2N,5124V,,SCHEDULED,0,0.0
2026-08-14T04:11:24Z,5124V77406R4,5124V,,SCHEDULED,0,0.0
2026-08-14T04:11:24Z,5124V15772R11,5124V,,SCHEDULED,0,0.0
2026-08-14T04:11:24Z,5124V15770R11,5124V,,SCHEDULED,0,0.0
2026-08-14T04:11:24Z,5124V77980R4,5124V,,SCHEDULED,0,0.0
2026-08-14T04:11:24Z,5124V25503R2S,5124V,,SCHEDULED,0,0.0
2026-08-14T04:11:24Z,5124V25703R1,5124V,,SCHEDULED,0,0.0
2026-08-14T04:11:24Z,5124V78600R8,5124V,,SCHEDULED,0,0.0
2026-08-14T04:11:24Z,5124V77704R4,5124V,,SCHEDULED,0,0.0
2026-08-14T04:11:24Z,5124V77314R3,5124V,,SCHEDULED,0,0.0
2026-08-14T04:11:24Z,5124V77706R4,5124V,,SCHEDULED,0,0.0
2026-08-14T04:11:24Z,5124V15900R11,5124V,,SCHEDULED,0,0.0
2026-08-14T04:11:24Z,5124V30531R15,5124V,,SCHEDULED,0,0.0
2026-08-14T04:11:24Z,6024V71571C4,6024V,,SCHEDULED,0,0.0
2026-08-14T04:11:24Z,6024V26006C2,6024V,,SCHEDULED,0,0.0
2026-08-14T04:11:24Z,6024V26105C1,6024V,,SCHEDULED,120,2.0
2026-08-14T04:11:24Z,6024V26600C3,6024V,,SCHEDULED,180,3.0
2026-08-14T04:11:24Z,6024V26504C3,6024V,,SCHEDULED,0,0.0
2026-08-14T04:11:24Z,6024V26505C3,6024V,,SCHEDULED,0,0.0
2026-08-14T04:11:24Z,6024V26003C2,6024V,,SCHEDULED,180,3.0
2026-08-14T04:11:24Z,6024V26002C2,6024V,,SCHEDULED,60,1.0
2026-08-14T04:11:24Z,6024V26602C3,6024V,,SCHEDULED,0,0.0
2026-08-14T04:11:24Z,6024V26503C3,6024V,,SCHEDULED,60,1.0
2026-08-14T04:11:24Z,6024V26506C3,6024V,,SCHEDULED,0,0.0
2026-08-14T04:11:24Z,6024V26004C2,6024V,,SCHEDULED,240,4.0
2026-08-14T04:11:24Z,6024V26106C1,6024V,,SCHEDULED,0,0.0
2026-08-14T04:11:24Z,6024V26007C2,6024V,,SCHEDULED,0,0.0
2026-08-14T04:11:24Z,6024V26601C3,6024V,,SCHEDULED,0,0.0
2026-08-14T04:11:24Z,6024V26502C3,6024V,,SCHEDULED,60,1.0
2026-08-14T04:11:24Z,6024V71501C4,6024V,,SCHEDULED,-60,-1.0
2026-08-14T04:11:24Z,6024V71500C4,6024V,,SCHEDULED,0,0.0
2026-08-14T04:11:24Z,6024V26104C1,6024V,,SCHEDULED,60,1.0
2026-08-14T04:11:24Z,6024V26005C2,6024V,,SCHEDULED,120,2.0
2026-08-14T04:11:24Z,6124V81769C1,6124V,,SCHEDULED,0,0.0
2026-08-14T04:11:24Z,6124V32701C1,6124V,,SCHEDULED,-60,-1.0
2026-08-14T04:11:24Z,6124V32700C1,6124V,,SCHEDULED,60,1.0
2026-08-14T04:11:24Z,6124V35680C1,6124V,,SCHEDULED,120,2.0
2026-08-14T04:11:24Z,6224V81351C3,6224V,,SCHEDULED,0,0.0
2026-08-14T04:11:24Z,6224V71152C2,6224V,,SCHEDULED,300,5.0
2026-08-14T04:11:24Z,6224V71151C2,6224V,,SCHEDULED,0,0.0
2026-08-14T04:11:24Z,6224V35902C1,6224V,,SCHEDULED,0,0.0
2026-08-14T04:11:24Z,6224V71104C2,6224V,,SCHEDULED,-60,-1.0
2026-08-14T04:11:24Z,6224V35903C1,6224V,,SCHEDULED,0,0.0
2026-08-14T04:11:24Z,6224V71301C3,6224V,,SCHEDULED,0,0.0
2026-08-14T04:11:24Z,4724V71080C1,4724V,,SCHEDULED,-60,-1.0
2026-08-14T04:11:24Z,2024V70202C4,2024V,,CANCELED,,
2026-08-14T04:11:24Z,2024V70801C6,2024V,,SCHEDULED,120,2.0
2026-08-14T04:11:24Z,2024V70900C8,2024V,,SCHEDULED,180,3.0
2026-08-14T04:11:24Z,2024V70506C7,2024V,,SCHEDULED,0,0.0
2026-08-14T04:11:24Z,2024V70400C5,2024V,,SCHEDULED,60,1.0
2026-08-14T04:11:24Z,2024V70402C5,2024V,,CANCELED,,
2026-08-14T04:11:24Z,2024V70201C4,2024V,,SCHEDULED,240,4.0
2026-08-14T04:11:24Z,2024V22000C1,2024V,,SCHEDULED,0,0.0
2026-08-14T04:11:24Z,2024V22001C1,2024V,,SCHEDULED,0,0.0
2026-08-14T04:11:24Z,2024V22101C1,2024V,,SCHEDULED,3240,54.0
2026-08-14T04:11:24Z,2024V22305C3,2024V,,SCHEDULED,0,0.0
2026-08-14T04:11:24Z,2024V22002C1,2024V,,SCHEDULED,540,9.0
2026-08-14T04:11:24Z,2024V22200C2,2024V,,SCHEDULED,60,1.0
2026-08-14T04:11:24Z,2024V22302C3,2024V,,SCHEDULED,0,0.0
2026-08-14T04:11:24Z,2024V22105C1,2024V,,SCHEDULED,0,0.0
2026-08-14T04:11:24Z,2024V22006C1,2024V,,SCHEDULED,0,0.0
2026-08-14T04:11:24Z,2024V70501C7,2024V,,SCHEDULED,0,0.0
2026-08-14T04:11:24Z,2024V22303C3,2024V,,SCHEDULED,120,2.0
2026-08-14T04:11:24Z,2024V80851C6,2024V,,SCHEDULED,1800,30.0
2026-08-14T04:11:24Z,2024V22201C2,2024V,,SCHEDULED,0,0.0
2026-08-14T04:11:24Z,2024V22202C2,2024V,,SCHEDULED,0,0.0
2026-08-14T04:11:24Z,2024V22004C1,2024V,,SCHEDULED,720,12.0
2026-08-14T04:11:24Z,2024V70302C4,2024V,,SCHEDULED,60,1.0
2026-08-14T04:11:24Z,2024V70401C5,2024V,,SCHEDULED,0,0.0
2026-08-14T04:11:24Z,2024V22103C1,2024V,,SCHEDULED,60,1.0
2026-08-14T04:11:24Z,2024V70754C6,2024V,,SCHEDULED,0,0.0
2026-08-14T04:11:24Z,2024V70502C7,2024V,,SCHEDULED,60,1.0
2026-08-14T04:11:24Z,2024V70853C6,2024V,,SCHEDULED,0,0.0
2026-08-14T04:11:24Z,2024V70755C6,2024V,,SCHEDULED,0,0.0
2026-08-14T04:11:24Z,2024V70508C7,2024V,,SCHEDULED,0,0.0
2026-08-14T04:11:24Z,2024V70505C7,2024V,,SCHEDULED,0,0.0
2026-08-14T04:11:24Z,2024V70901C8,2024V,,SCHEDULED,0,0.0
2026-08-14T04:11:24Z,4124V84901C2,4124V,,SCHEDULED,660,11.0
2026-08-14T04:11:24Z,4124V84904C2,4124V,,SCHEDULED,0,0.0
2026-08-14T04:11:24Z,4124V24701C1,4124V,,SCHEDULED,1560,26.0
2026-08-14T04:11:24Z,4124V84900C2,4124V,,SCHEDULED,360,6.0
2026-08-14T04:11:24Z,4124V24700C1,4124V,,SCHEDULED,240,4.0
2026-08-14T04:11:24Z,4124V24703C1,4124V,,SCHEDULED,0,0.0
2026-08-14T04:11:24Z,4524V71601C1,4524V,,SCHEDULED,0,0.0
2026-08-14T04:11:24Z,1024V79212C7,1024V,,SCHEDULED,0,0.0
2026-08-14T04:11:24Z,1024V79211C7,1024V,,SCHEDULED,0,0.0
2026-08-14T04:11:24Z,1024V79215C7,1024V,,SCHEDULED,60,1.0
2026-08-14T04:11:24Z,1024V79219C7,1024V,,SCHEDULED,0,0.0
2026-08-14T04:11:24Z,1024V79952C8b,1024V,,SCHEDULED,780,13.0
2026-08-14T04:11:24Z,1024V76687C5,1024V,,SCHEDULED,480,8.0
2026-08-14T04:11:24Z,1024V76691C5,1024V,,SCHEDULED,0,0.0
2026-08-14T04:11:24Z,1024V79954C8b,1024V,,SCHEDULED,0,0.0
2026-08-14T04:11:24Z,1024V76204C5,1024V,,SCHEDULED,0,0.0
2026-08-14T04:11:24Z,1024V76689C5,1024V,,SCHEDULED,0,0.0
2026-08-14T04:11:24Z,1024V76205C5,1024V,,SCHEDULED,0,0.0
2026-08-14T04:11:24Z,1024V76206C5,1024V,,SCHEDULED,0,0.0
2026-08-14T04:11:24Z,1024V79203C7,1024V,,SCHEDULED,1380,23.0
2026-08-14T04:11:24Z,1024V20209C4a,1024V,,SCHEDULED,240,4.0
2026-08-14T04:11:24Z,1024V20208C4,1024V,,SCHEDULED,120,2.0
2026-08-14T04:11:24Z,1024V20207C4a,1024V,,SCHEDULED,180,3.0
2026-08-14T04:11:24Z,1024V20206C4,1024V,,SCHEDULED,0,0.0
2026-08-14T04:11:24Z,1024V79202C7,1024V,,SCHEDULED,1080,18.0
2026-08-14T04:11:24Z,1024V79700C10,1024V,,SCHEDULED,0,0.0
2026-08-14T04:11:24Z,1024V79702C10,1024V,,SCHEDULED,0,0.0
2026-08-14T04:11:24Z,1024V79205C7,1024V,,SCHEDULED,600,10.0
2026-08-14T04:11:24Z,1024V76676C5,1024V,,SCHEDULED,60,1.0
2026-08-14T04:11:24Z,1024V76678C5,1024V,,SCHEDULED,420,7.0
2026-08-14T04:11:24Z,1024V20412C4b,1024V,,SCHEDULED,0,0.0
2026-08-14T04:11:24Z,1024V79204C7,1024V,,SCHEDULED,660,11.0
2026-08-14T04:11:24Z,1024V20411C4b,1024V,,SCHEDULED,480,8.0
2026-08-14T04:11:24Z,1024V20410C4b,1024V,,SCHEDULED,0,0.0
2026-08-14T04:11:24Z,1024V79600C10,1024V,,SCHEDULED,0,0.0
2026-08-14T04:11:24Z,1024V20013C3,1024V,,SCHEDULED,0,0.0
2026-08-14T04:11:24Z,1024V20011C3,1024V,,SCHEDULED,0,0.0
2026-08-14T04:11:24Z,1024V20010C3,1024V,,SCHEDULED,0,0.0
2026-08-14T04:11:24Z,1024V79207C7,1024V,,SCHEDULED,60,1.0
2026-08-14T04:11:24Z,1024V20419C4b,1024V,,SCHEDULED,0,0.0
2026-08-14T04:11:24Z,1024V20417C4b,1024V,,SCHEDULED,0,0.0
2026-08-14T04:11:24Z,1024V20415C4b,1024V,,SCHEDULED,540,9.0
2026-08-14T04:11:24Z,1024V79210C7,1024V,,SCHEDULED,0,0.0
2026-08-14T04:11:24Z,1024V79209C7,1024V,,SCHEDULED,120,2.0
2026-08-14T04:11:24Z,1024V20413C4b,1024V,,SCHEDULED,360,6.0
2026-08-14T04:11:24Z,1024V20214C4,1024V,,SCHEDULED,0,0.0
2026-08-14T04:11:24Z,1024V20213C4a,1024V,,SCHEDULED,0,0.0
2026-08-14T04:11:24Z,1024V20212C4a,1024V,,SCHEDULED,60,1.0
2026-08-14T04:11:24Z,1024V20211C4a,1024V,,SCHEDULED,540,9.0
2026-08-14T04:11:24Z,1024V79208C7,1024V,,SCHEDULED,0,0.0
2026-08-14T04:11:24Z,1024V79604C10,1024V,,SCHEDULED,0,0.0
2026-08-14T04:11:24Z,1024V20210C4,1024V,,SCHEDULED,0,0.0
2026-08-14T04:11:24Z,1024V76361C5,1024V,,SCHEDULED,60,1.0
2026-08-14T04:11:24Z,1024V76362C5,1024V,,SCHEDULED,0,0.0
2026-08-14T04:11:24Z,1024V20219C4a,1024V,,SCHEDULED,0,0.0
2026-08-14T04:11:24Z,1024V76363C5,1024V,,SCHEDULED,0,0.0
2026-08-14T04:11:24Z,1024V20218C4a,1024V,,SCHEDULED,60,1.0
2026-08-14T04:11:24Z,1024V79511C2,1024V,,SCHEDULED,0,0.0
2026-08-14T04:11:24Z,1024V76364C5,1024V,,SCHEDULED,120,2.0
2026-08-14T04:11:24Z,1024V20217C4a,1024V,,SCHEDULED,0,0.0
2026-08-14T04:11:24Z,1024V76365C5,1024V,,SCHEDULED,0,0.0
2026-08-14T04:11:24Z,1024V20216C4a,1024V,,SCHEDULED,60,1.0
2026-08-14T04:11:24Z,1024V79513C2,1024V,,SCHEDULED,0,0.0
2026-08-14T04:11:24Z,1024V20215C4a,1024V,,SCHEDULED,300,5.0
2026-08-14T04:11:24Z,1024V76366C5,1024V,,SCHEDULED,0,0.0
2026-08-14T04:11:24Z,1024V79810C8a,1024V,,SCHEDULED,0,0.0
2026-08-14T04:11:24Z,1024V76368C5,1024V,,SCHEDULED,0,0.0
2026-08-14T04:11:24Z,1024V20220C4a,1024V,,SCHEDULED,0,0.0
2026-08-14T04:11:24Z,1024V19805C1,1024V,,SCHEDULED,360,6.0
2026-08-14T04:11:24Z,1024V19804C1,1024V,,SCHEDULED,0,0.0
2026-08-14T04:11:24Z,1024V76370C5,1024V,,SCHEDULED,0,0.0
2026-08-14T04:11:24Z,1024V19807C1,1024V,,SCHEDULED,0,0.0
2026-08-14T04:11:24Z,1024V76372C5,1024V,,SCHEDULED,0,0.0
2026-08-14T04:11:24Z,1024V19803C1,1024V,,SCHEDULED,0,0.0
2026-08-14T04:11:24Z,1024V19802C1,1024V,,SCHEDULED,0,0.0
2026-08-14T04:11:24Z,1024V20005C3,1024V,,SCHEDULED,60,1.0
2026-08-14T04:11:24Z,1024V20004C3,1024V,,SCHEDULED,300,5.0
2026-08-14T04:11:24Z,1024V20003C3,1024V,,SCHEDULED,420,7.0
2026-08-14T04:11:24Z,1024V20002C3,1024V,,SCHEDULED,0,0.0
2026-08-14T04:11:24Z,1024V79402C2,1024V,,SCHEDULED,360,6.0
2026-08-14T04:11:24Z,1024V79805C8a,1024V,,SCHEDULED,60,1.0
2026-08-14T04:11:24Z,1024V20409C4b,1024V,,SCHEDULED,360,6.0
2026-08-14T04:11:24Z,1024V20408C4b,1024V,,SCHEDULED,240,4.0
2026-08-14T04:11:24Z,1024V79408C2,1024V,,SCHEDULED,60,1.0
2026-08-14T04:11:24Z,1024V20407C4b,1024V,,SCHEDULED,240,4.0
2026-08-14T04:11:24Z,1024V20406C4b,1024V,,SCHEDULED,120,2.0
2026-08-14T04:11:24Z,1024V20009C3,1024V,,SCHEDULED,240,4.0
2026-08-14T04:11:24Z,1024V79807C8a,1024V,,SCHEDULED,0,0.0
2026-08-14T04:11:24Z,1024V20008C3,1024V,,SCHEDULED,0,0.0
2026-08-14T04:11:24Z,1024V79808C8a,1024V,,SCHEDULED,60,1.0
2026-08-14T04:11:24Z,1024V79221C7,1024V,,SCHEDULED,0,0.0
2026-08-14T04:11:24Z,1024V20007C3,1024V,,SCHEDULED,120,2.0
2026-08-14T04:11:24Z,1024V76680C5,1024V,,SCHEDULED,60,1.0
2026-08-14T04:11:24Z,1024V20006C3,1024V,,SCHEDULED,120,2.0
2026-08-14T04:11:24Z,1024V20402C4b,1024V,,SCHEDULED,0,0.0
2026-08-14T04:11:24Z,1024V76681C5,1024V,,SCHEDULED,1140,19.0
2026-08-14T04:11:24Z,1024V79102C7,1024V,,SCHEDULED,120,2.0
2026-08-14T04:11:24Z,1024V76682C5,1024V,,SCHEDULED,0,0.0
2026-08-14T04:11:24Z,1024V79951C8b,1024V,,SCHEDULED,240,4.0
2026-08-14T04:11:24Z,1024V79104C7,1024V,,SCHEDULED,0,0.0
2026-08-14T04:11:24Z,1024V76684C5,1024V,,SCHEDULED,0,0.0
2026-08-14T04:11:24Z,1024V76685C5,1024V,,SCHEDULED,240,4.0
2026-08-14T04:11:24Z,1024V79103C7,1024V,,SCHEDULED,360,6.0
2026-08-14T04:11:24Z,1024V76355C5,1024V,,SCHEDULED,120,2.0
2026-08-14T04:11:24Z,1024V76357C5,1024V,,SCHEDULED,0,0.0
2026-08-14T04:11:24Z,1024V79503C2,1024V,,SCHEDULED,840,14.0
2026-08-14T04:11:24Z,1024V76359C5,1024V,,SCHEDULED,60,1.0
2026-08-14T04:11:24Z,1024V79507C2,1024V,,SCHEDULED,300,5.0
2026-08-14T04:16:05Z,3024V23504C1,3024V,,SCHEDULED,0,0.0
2026-08-14T04:16:05Z,3024V23507C1,3024V,,SCHEDULED,0,0.0
2026-08-14T04:16:05Z,3024V23509C1,3024V,,SCHEDULED,0,0.0
2026-08-14T04:16:05Z,3024V23505C1,3024V,,SCHEDULED,60,1.0
2026-08-14T04:16:05Z,3024V23506C1,3024V,,SCHEDULED,0,0.0
2026-08-14T04:16:05Z,3024V23601C4,3024V,,SCHEDULED,1500,25.0
2026-08-14T04:16:05Z,3024V23603C4,3024V,,SCHEDULED,0,0.0
2026-08-14T04:16:05Z,3024V23502C1,3024V,,SCHEDULED,120,2.0
2026-08-14T04:16:05Z,3024V23801C5,3024V,,SCHEDULED,60,1.0
2026-08-14T04:16:05Z,3124V23201C1,3124V,,SCHEDULED,0,0.0
2026-08-14T04:16:05Z,3124V23422T1,3124V,,SCHEDULED,0,0.0
2026-08-14T04:16:05Z,3124V23421T1,3124V,,SCHEDULED,0,0.0
2026-08-14T04:16:05Z,3124V23200C1,3124V,,SCHEDULED,0,0.0
2026-08-14T04:16:05Z,3224V23302C1,3224V,,SCHEDULED,60,1.0
2026-08-14T04:16:05Z,3224V23305C1,3224V,,SCHEDULED,60,1.0
2026-08-14T04:16:05Z,3224V23151C2,3224V,,SCHEDULED,60,1.0
2026-08-14T04:16:05Z,4024V24300C6,4024V,,SCHEDULED,60,1.0
2026-08-14T04:16:05Z,4024V24201C1,4024V,,SCHEDULED,240,4.0
2026-08-14T04:16:05Z,4024V24004C2,4024V,,SCHEDULED,0,0.0
2026-08-14T04:16:05Z,4024V24202C1,4024V,,SCHEDULED,60,1.0
2026-08-14T04:16:05Z,4024V24301C6,4024V,,SCHEDULED,-60,-1.0
2026-08-14T04:16:05Z,4024V24005C2,4024V,,SCHEDULED,0,0.0
2026-08-14T04:16:05Z,4024V24107C2,4024V,,SCHEDULED,120,2.0
2026-08-14T04:16:05Z,4024V24380C6,4024V,,SCHEDULED,-120,-2.0
2026-08-14T04:16:05Z,4024V24001C2,4024V,,SCHEDULED,120,2.0
2026-08-14T04:16:05Z,4024V24302C6,4024V,,SCHEDULED,0,0.0
2026-08-14T04:16:05Z,4024V24203C1,4024V,,SCHEDULED,0,0.0
2026-08-14T04:16:05Z,4024V24204C1,4024V,,SCHEDULED,0,0.0
2026-08-14T04:16:05Z,4024V24303C6,4024V,,SCHEDULED,0,0.0
2026-08-14T04:16:05Z,4024V84006C2,4024V,,SCHEDULED,0,0.0
2026-08-14T04:16:05Z,4024V30433C6,4024V,,SCHEDULED,0,0.0
2026-08-14T04:16:05Z,4024V24002C2,4024V,,SCHEDULED,60,1.0
2026-08-14T04:16:05Z,4024V24200C1,4024V,,SCHEDULED,0,0.0
2026-08-14T04:16:05Z,4024V24003C2,4024V,,SCHEDULED,0,0.0
2026-08-14T04:16:05Z,4024V36464C3,4024V,,SCHEDULED,60,1.0
2026-08-14T04:16:05Z,4024V36402C3,4024V,,SCHEDULED,0,0.0
2026-08-14T04:16:05Z,4024V80001C3,4024V,,SCHEDULED,0,0.0
2026-08-14T04:16:05Z,4024V84004C2,4024V,,SCHEDULED,0,0.0
2026-08-14T04:16:05Z,5124V25402R2N,5124V,,SCHEDULED,0,0.0
2026-08-14T04:16:05Z,5124V25603R1,5124V,,SCHEDULED,0,0.0
2026-08-14T04:16:05Z,5124V35516R3,5124V,,CANCELED,,
2026-08-14T04:16:05Z,5124V30531R15,5124V,,SCHEDULED,0,0.0
2026-08-14T04:16:05Z,5124V25600R1,5124V,,SCHEDULED,0,0.0
2026-08-14T04:16:05Z,5124V28408R2N,5124V,,SCHEDULED,0,0.0
2026-08-14T04:16:05Z,5124V77980R4,5124V,,SCHEDULED,0,0.0
2026-08-14T04:16:05Z,5124V77406R4,5124V,,SCHEDULED,0,0.0
2026-08-14T04:16:05Z,5124V28267R2S,5124V,,SCHEDULED,0,0.0
2026-08-14T04:16:05Z,5124V15770R11,5124V,,SCHEDULED,0,0.0
2026-08-14T04:16:05Z,5124V25705R1,5124V,,SCHEDULED,0,0.0
2026-08-14T04:16:05Z,5124V77704R4,5124V,,SCHEDULED,0,0.0
2026-08-14T04:16:05Z,5124V25503R2S,5124V,,SCHEDULED,0,0.0
2026-08-14T04:16:05Z,5124V77706R4,5124V,,SCHEDULED,0,0.0
2026-08-14T04:16:05Z,5124V25703R1,5124V,,SCHEDULED,0,0.0
2026-08-14T04:16:05Z,5124V77312R3,5124V,,CANCELED,,
2026-08-14T04:16:05Z,5124V78600R8,5124V,,SCHEDULED,0,0.0
2026-08-14T04:16:05Z,5124V77314R3,5124V,,SCHEDULED,0,0.0
2026-08-14T04:16:05Z,5124V15900R11,5124V,,SCHEDULED,0,0.0
2026-08-14T04:16:05Z,6024V26006C2,6024V,,SCHEDULED,0,0.0
2026-08-14T04:16:05Z,6024V26105C1,6024V,,SCHEDULED,60,1.0
2026-08-14T04:16:05Z,6024V26504C3,6024V,,SCHEDULED,60,1.0
2026-08-14T04:16:05Z,6024V26502C3,6024V,,SCHEDULED,120,2.0
2026-08-14T04:16:05Z,6024V71571C4,6024V,,SCHEDULED,0,0.0
2026-08-14T04:16:05Z,6024V26503C3,6024V,,SCHEDULED,60,1.0
2026-08-14T04:16:05Z,6024V26506C3,6024V,,SCHEDULED,0,0.0
2026-08-14T04:16:05Z,6024V26505C3,6024V,,SCHEDULED,60,1.0
2026-08-14T04:16:05Z,6024V26107C1,6024V,,SCHEDULED,0,0.0
2026-08-14T04:16:05Z,6024V26602C3,6024V,,SCHEDULED,0,0.0
2026-08-14T04:16:05Z,6024V26005C2,6024V,,SCHEDULED,60,1.0
2026-08-14T04:16:05Z,6024V26004C2,6024V,,SCHEDULED,300,5.0
2026-08-14T04:16:05Z,6024V26106C1,6024V,,SCHEDULED,0,0.0
2026-08-14T04:16:05Z,6024V26007C2,6024V,,SCHEDULED,0,0.0
2026-08-14T04:16:05Z,6024V26601C3,6024V,,SCHEDULED,-60,-1.0
2026-08-14T04:16:05Z,6024V71500C4,6024V,,SCHEDULED,60,1.0
2026-08-14T04:16:05Z,6024V26104C1,6024V,,SCHEDULED,60,1.0
2026-08-14T04:16:05Z,6124V81769C1,6124V,,SCHEDULED,0,0.0
2026-08-14T04:16:05Z,6124V32701C1,6124V,,SCHEDULED,0,0.0
2026-08-14T04:16:05Z,6124V32700C1,6124V,,SCHEDULED,-60,-1.0
2026-08-14T04:16:05Z,6224V81351C3,6224V,,SCHEDULED,0,0.0
2026-08-14T04:16:05Z,6224V71152C2,6224V,,SCHEDULED,120,2.0
2026-08-14T04:16:05Z,6224V71154C2,6224V,,SCHEDULED,0,0.0
2026-08-14T04:16:05Z,6224V71151C2,6224V,,SCHEDULED,0,0.0
2026-08-14T04:16:05Z,6224V35902C1,6224V,,SCHEDULED,60,1.0
2026-08-14T04:16:05Z,6224V71103C2,6224V,,SCHEDULED,60,1.0
2026-08-14T04:16:05Z,6224V71201C3,6224V,,SCHEDULED,0,0.0
2026-08-14T04:16:05Z,6224V35903C1,6224V,,SCHEDULED,0,0.0
2026-08-14T04:16:05Z,6224V71301C3,6224V,,SCHEDULED,0,0.0
2026-08-14T04:16:05Z,4724V71091C1,4724V,,SCHEDULED,-240,-4.0
2026-08-14T04:16:05Z,4724V71080C1,4724V,,SCHEDULED,-60,-1.0
2026-08-14T04:16:05Z,2024V22100C1,2024V,,SCHEDULED,0,0.0
2026-08-14T04:16:05Z,2024V22001C1,2024V,,SCHEDULED,0,0.0
2026-08-14T04:16:05Z,2024V22101C1,2024V,,SCHEDULED,3480,58.0
2026-08-14T04:16:05Z,2024V22002C1,2024V,,SCHEDULED,840,14.0
2026-08-14T04:16:05Z,2024V22200C2,2024V,,SCHEDULED,0,0.0
2026-08-14T04:16:05Z,2024V70202C4,2024V,,CANCELED,,
2026-08-14T04:16:05Z,2024V70400C5,2024V,,SCHEDULED,240,4.0
2026-08-14T04:16:05Z,2024V70201C4,2024V,,SCHEDULED,480,8.0
2026-08-14T04:16:05Z,2024V22302C3,2024V,,SCHEDULED,0,0.0
2026-08-14T04:16:05Z,2024V22105C1,2024V,,SCHEDULED,0,0.0
2026-08-14T04:16:05Z,2024V22006C1,2024V,,SCHEDULED,0,0.0
2026-08-14T04:16:05Z,2024V22303C3,2024V,,SCHEDULED,120,2.0
2026-08-14T04:16:05Z,2024V80851C6,2024V,,SCHEDULED,2040,34.0
2026-08-14T04:16:05Z,2024V70801C6,2024V,,SCHEDULED,360,6.0
2026-08-14T04:16:05Z,2024V70900C8,2024V,,SCHEDULED,60,1.0
2026-08-14T04:16:05Z,2024V70902C8,2024V,,SCHEDULED,0,0.0
2026-08-14T04:16:05Z,2024V70506C7,2024V,,SCHEDULED,0,0.0
2026-08-14T04:16:05Z,2024V70402C5,2024V,,CANCELED,,
2026-08-14T04:16:05Z,2024V22305C3,2024V,,SCHEDULED,0,0.0
2026-08-14T04:16:05Z,2024V70302C4,2024V,,SCHEDULED,360,6.0
2026-08-14T04:16:05Z,2024V70401C5,2024V,,SCHEDULED,60,1.0
2026-08-14T04:16:05Z,2024V70502C7,2024V,,SCHEDULED,300,5.0
2026-08-14T04:16:05Z,2024V70754C6,2024V,,SCHEDULED,0,0.0
2026-08-14T04:16:05Z,2024V70853C6,2024V,,SCHEDULED,0,0.0
2026-08-14T04:16:05Z,2024V70755C6,2024V,,SCHEDULED,300,5.0
2026-08-14T04:16:05Z,2024V70752C6,2024V,,SCHEDULED,60,1.0
2026-08-14T04:16:05Z,2024V70508C7,2024V,,SCHEDULED,0,0.0
2026-08-14T04:16:05Z,2024V70505C7,2024V,,SCHEDULED,0,0.0
2026-08-14T04:16:05Z,2024V70901C8,2024V,,SCHEDULED,0,0.0
2026-08-14T04:16:05Z,2024V22201C2,2024V,,SCHEDULED,0,0.0
2026-08-14T04:16:05Z,2024V22202C2,2024V,,SCHEDULED,0,0.0
2026-08-14T04:16:05Z,2024V22004C1,2024V,,SCHEDULED,60,1.0
2026-08-14T04:16:05Z,2024V22103C1,2024V,,SCHEDULED,360,6.0
2026-08-14T04:16:05Z,4124V84904C2,4124V,,SCHEDULED,0,0.0
2026-08-14T04:16:05Z,4124V24700C1,4124V,,SCHEDULED,120,2.0
2026-08-14T04:16:05Z,4124V24701C1,4124V,,SCHEDULED,1800,30.0
2026-08-14T04:16:05Z,4124V24702C1,4124V,,CANCELED,,
2026-08-14T04:16:05Z,4124V84901C2,4124V,,SCHEDULED,900,15.0
2026-08-14T04:16:05Z,4124V84900C2,4124V,,SCHEDULED,600,10.0
2026-08-14T04:16:05Z,4124V24703C1,4124V,,SCHEDULED,0,0.0
2026-08-14T04:16:05Z,4524V71601C1,4524V,,SCHEDULED,0,0.0
2026-08-14T04:16:05Z,1024V79210C7,1024V,,SCHEDULED,0,0.0
2026-08-14T04:16:05Z,1024V20413C4b,1024V,,SCHEDULED,120,2.0
2026-08-14T04:16:05Z,1024V79212C7,1024V,,SCHEDULED,0,0.0
2026-08-14T04:16:05Z,1024V79211C7,1024V,,SCHEDULED,180,3.0
2026-08-14T04:16:05Z,1024V79215C7,1024V,,SCHEDULED,300,5.0
2026-08-14T04:16:05Z,1024V79219C7,1024V,,SCHEDULED,0,0.0
2026-08-14T04:16:05Z,1024V20421C4b,1024V,,SCHEDULED,0,0.0
2026-08-14T04:16:05Z,1024V76691C5,1024V,,SCHEDULED,0,0.0
2026-08-14T04:16:05Z,1024V76693C5,1024V,,SCHEDULED,0,0.0
2026-08-14T04:16:05Z,1024V76684C5,1024V,,SCHEDULED,0,0.0
2026-08-14T04:16:05Z,1024V76685C5,1024V,,SCHEDULED,240,4.0
2026-08-14T04:16:05Z,1024V76686C5,1024V,,SCHEDULED,0,0.0
2026-08-14T04:16:05Z,1024V79952C8b,1024V,,SCHEDULED,720,12.0
2026-08-14T04:16:05Z,1024V76687C5,1024V,,SCHEDULED,60,1.0
2026-08-14T04:16:05Z,1024V79954C8b,1024V,,SCHEDULED,0,0.0
2026-08-14T04:16:05Z,1024V76205C5,1024V,,SCHEDULED,180,3.0
2026-08-14T04:16:05Z,1024V76689C5,1024V,,SCHEDULED,180,3.0
2026-08-14T04:16:05Z,1024V76206C5,1024V,,SCHEDULED,0,0.0
2026-08-14T04:16:05Z,1024V79204C7,1024V,,SCHEDULED,900,15.0
2026-08-14T04:16:05Z,1024V20209C4a,1024V,,SCHEDULED,60,1.0
2026-08-14T04:16:05Z,1024V20208C4,1024V,,SCHEDULED,180,3.0
2026-08-14T04:16:05Z,1024V20207C4a,1024V,,SCHEDULED,300,5.0
2026-08-14T04:16:05Z,1024V20206C4,1024V,,SCHEDULED,60,1.0
2026-08-14T04:16:05Z,1024V79600C10,1024V,,SCHEDULED,120,2.0
2026-08-14T04:16:05Z,1024V79700C10,1024V,,SCHEDULED,0,0.0
2026-08-14T04:16:05Z,1024V79702C10,1024V,,SCHEDULED,0,0.0
2026-08-14T04:16:05Z,1024V76678C5,1024V,,SCHEDULED,660,11.0
2026-08-14T04:16:05Z,1024V79207C7,1024V,,SCHEDULED,240,4.0
2026-08-14T04:16:05Z,1024V20412C4b,1024V,,SCHEDULED,0,0.0
2026-08-14T04:16:05Z,1024V20410C4b,1024V,,SCHEDULED,0,0.0
2026-08-14T04:16:05Z,1024V20013C3,1024V,,SCHEDULED,0,0.0
2026-08-14T04:16:05Z,1024V79209C7,1024V,,SCHEDULED,120,2.0
2026-08-14T04:16:05Z,1024V20012C3,1024V,,SCHEDULED,0,0.0
2026-08-14T04:16:05Z,1024V20011C3,1024V,,SCHEDULED,0,0.0
2026-08-14T04:16:05Z,1024V20010C3,1024V,,SCHEDULED,0,0.0
2026-08-14T04:16:05Z,1024V20419C4b,1024V,,SCHEDULED,0,0.0
2026-08-14T04:16:05Z,1024V79208C7,1024V,,SCHEDULED,180,3.0
2026-08-14T04:16:05Z,1024V20417C4b,1024V,,SCHEDULED,0,0.0
2026-08-14T04:16:05Z,1024V79604C10,1024V,,SCHEDULED,0,0.0
2026-08-14T04:16:05Z,1024V79606C10,1024V,,SCHEDULED,0,0.0
2026-08-14T04:16:05Z,1024V20415C4b,1024V,,SCHEDULED,360,6.0
2026-08-14T04:16:05Z,1024V20214C4,1024V,,SCHEDULED,0,0.0
2026-08-14T04:16:05Z,1024V20213C4a,1024V,,SCHEDULED,0,0.0
2026-08-14T04:16:05Z,1024V20212C4a,1024V,,SCHEDULED,0,0.0
2026-08-14T04:16:05Z,1024V20211C4a,1024V,,SCHEDULED,360,6.0
2026-08-14T04:16:05Z,1024V76361C5,1024V,,SCHEDULED,360,6.0
2026-08-14T04:16:05Z,1024V20210C4,1024V,,SCHEDULED,0,0.0
2026-08-14T04:16:05Z,1024V76362C5,1024V,,SCHEDULED,120,2.0
2026-08-14T04:16:05Z,1024V20219C4a,1024V,,SCHEDULED,0,0.0
2026-08-14T04:16:05Z,1024V76363C5,1024V,,SCHEDULED,0,0.0
2026-08-14T04:16:05Z,1024V20218C4a,1024V,,SCHEDULED,300,5.0
2026-08-14T04:16:05Z,1024V79511C2,1024V,,SCHEDULED,240,4.0
2026-08-14T04:16:05Z,1024V20217C4a,1024V,,SCHEDULED,0,0.0
2026-08-14T04:16:05Z,1024V76364C5,1024V,,SCHEDULED,0,0.0
2026-08-14T04:16:05Z,1024V20216C4a,1024V,,SCHEDULED,180,3.0
2026-08-14T04:16:05Z,1024V76365C5,1024V,,SCHEDULED,0,0.0
2026-08-14T04:16:05Z,1024V20215C4a,1024V,,SCHEDULED,540,9.0
2026-08-14T04:16:05Z,1024V19809C1,1024V,,SCHEDULED,0,0.0
2026-08-14T04:16:05Z,1024V79810C8a,1024V,,SCHEDULED,0,0.0
2026-08-14T04:16:05Z,1024V79413C2,1024V,,SCHEDULED,0,0.0
2026-08-14T04:16:05Z,1024V20406C4b,1024V,,SCHEDULED,0,0.0
2026-08-14T04:16:05Z,1024V20009C3,1024V,,SCHEDULED,0,0.0
2026-08-14T04:16:05Z,1024V20008C3,1024V,,SCHEDULED,180,3.0
2026-08-14T04:16:05Z,1024V20222C4a,1024V,,SCHEDULED,0,0.0
2026-08-14T04:16:05Z,1024V79221C7,1024V,,SCHEDULED,0,0.0
2026-08-14T04:16:05Z,1024V20007C3,1024V,,SCHEDULED,420,7.0
2026-08-14T04:16:05Z,1024V20220C4a,1024V,,SCHEDULED,0,0.0
2026-08-14T04:16:05Z,1024V20402C4b,1024V,,SCHEDULED,0,0.0
2026-08-14T04:16:05Z,1024V79102C7,1024V,,SCHEDULED,180,3.0
2026-08-14T04:16:05Z,1024V76370C5,1024V,,SCHEDULED,0,0.0
2026-08-14T04:16:05Z,1024V79104C7,1024V,,SCHEDULED,0,0.0
2026-08-14T04:16:05Z,1024V76372C5,1024V,,SCHEDULED,0,0.0
2026-08-14T04:16:05Z,1024V79103C7,1024V,,SCHEDULED,660,11.0
2026-08-14T04:16:05Z,1024V76357C5,1024V,,SCHEDULED,60,1.0
2026-08-14T04:16:05Z,1024V79402C2,1024V,,SCHEDULED,360,6.0
2026-08-14T04:16:05Z,1024V79503C2,1024V,,SCHEDULED,300,5.0
2026-08-14T04:16:05Z,1024V76359C5,1024V,,SCHEDULED,60,1.0
2026-08-14T04:16:05Z,1024V79507C2,1024V,,SCHEDULED,300,5.0
2026-08-14T04:16:05Z,1024V79404C2,1024V,,SCHEDULED,0,0.0
2026-08-14T04:16:05Z,1024V79805C8a,1024V,,SCHEDULED,300,5.0
2026-08-14T04:16:05Z,1024V79408C2,1024V,,SCHEDULED,360,6.0
2026-08-14T04:16:05Z,1024V79807C8a,1024V,,SCHEDULED,0,0.0
2026-08-14T04:16:05Z,1024V79808C8a,1024V,,SCHEDULED,0,0.0
2026-08-14T04:16:05Z,1024V76680C5,1024V,,SCHEDULED,0,0.0
2026-08-14T04:16:05Z,1024V76681C5,1024V,,SCHEDULED,1260,21.0
2026-08-14T04:16:05Z,1024V76682C5,1024V,,SCHEDULED,0,0.0
2026-08-14T04:16:05Z,1024V79951C8b,1024V,,SCHEDULED,120,2.0
2026-08-14T04:16:05Z,1024V79513C2,1024V,,SCHEDULED,0,0.0
2026-08-14T04:16:05Z,1024V76366C5,1024V,,SCHEDULED,120,2.0
2026-08-14T04:16:05Z,1024V76368C5,1024V,,SCHEDULED,120,2.0
2026-08-14T04:16:05Z,1024V19805C1,1024V,,SCHEDULED,60,1.0
2026-08-14T04:16:05Z,1024V19804C1,1024V,,SCHEDULED,0,0.0
2026-08-14T04:16:05Z,1024V19807C1,1024V,,SCHEDULED,0,0.0
2026-08-14T04:16:05Z,1024V19802C1,1024V,,SCHEDULED,60,1.0
2026-08-14T04:16:05Z,1024V20004C3,1024V,,SCHEDULED,240,4.0
2026-08-14T04:16:05Z,1024V20003C3,1024V,,SCHEDULED,360,6.0
2026-08-14T04:16:05Z,1024V20409C4b,1024V,,SCHEDULED,240,4.0
2026-08-14T04:16:05Z,1024V20408C4b,1024V,,SCHEDULED,540,9.0
2026-08-14T04:16:05Z,1024V20407C4b,1024V,,SCHEDULED,240,4.0
