timestamp_utc,trip_id,tren,fecha_tren,estado,retraso_seg,retraso_min
2026-08-15T00:21:07Z,2025S70402C5,2025S,,SCHEDULED,-15480,-258.0
2026-08-15T00:26:09Z,2025S70402C5,2025S,,SCHEDULED,-15180,-253.0
2026-08-15T00:31:17Z,2025S70402C5,2025S,,SCHEDULED,-14880,-248.0
2026-08-15T00:36:00Z,2025S70404C5,2025S,,SCHEDULED,-18120,-302.0
2026-08-15T00:36:00Z,2025S70402C5,2025S,,SCHEDULED,-14580,-243.0
2026-08-15T00:36:00Z,2025S70403C5,2025S,,SCHEDULED,-16200,-270.0
2026-08-15T00:41:03Z,2025S70403C5,2025S,,SCHEDULED,-15900,-265.0
2026-08-15T00:41:03Z,2025S70404C5,2025S,,SCHEDULED,-17820,-297.0
2026-08-15T00:46:06Z,2025S70403C5,2025S,,SCHEDULED,-15600,-260.0
2026-08-15T00:46:06Z,2025S70404C5,2025S,,SCHEDULED,-17520,-292.0
2026-08-15T00:51:04Z,2025S70403C5,2025S,,SCHEDULED,-15300,-255.0
2026-08-15T00:51:04Z,2025S70404C5,2025S,,SCHEDULED,-17220,-287.0
2026-08-15T01:01:26Z,2025S35212C1,2025S,,SCHEDULED,60,1.0
2026-08-15T01:05:56Z,6125S35646C1,6125S,,SCHEDULED,-60,-1.0
2026-08-15T01:05:56Z,2025S35212C1,2025S,,SCHEDULED,-180,-3.0
2026-08-15T01:11:21Z,6125S35646C1,6125S,,SCHEDULED,0,0.0
2026-08-15T01:11:21Z,2025S35212C1,2025S,,SCHEDULED,-60,-1.0
2026-08-15T01:16:01Z,6125S35646C1,6125S,,SCHEDULED,60,1.0
2026-08-15T01:16:01Z,2025S35212C1,2025S,,SCHEDULED,0,0.0
2026-08-15T01:21:03Z,6125S35646C1,6125S,,SCHEDULED,120,2.0
2026-08-15T01:21:03Z,2025S35212C1,2025S,,SCHEDULED,-120,-2.0
2026-08-15T01:25:57Z,6125S35646C1,6125S,,SCHEDULED,240,4.0
2026-08-15T01:25:57Z,2025S35212C1,2025S,,SCHEDULED,-120,-2.0
2026-08-15T01:31:17Z,2025S35212C1,2025S,,SCHEDULED,-240,-4.0
2026-08-15T01:31:17Z,6125S35646C1,6125S,,SCHEDULED,240,4.0
2026-08-15T01:35:53Z,6125S35646C1,6125S,,SCHEDULED,300,5.0
2026-08-15T01:35:53Z,6125S86050C1,6125S,,SCHEDULED,0,0.0
2026-08-15T01:35:53Z,2025S35212C1,2025S,,SCHEDULED,-300,-5.0
2026-08-15T01:41:05Z,2025S35212C1,2025S,,SCHEDULED,-60,-1.0
2026-08-15T01:41:05Z,6125S35646C1,6125S,,SCHEDULED,360,6.0
2026-08-15T01:41:05Z,6125S86050C1,6125S,,SCHEDULED,0,0.0
2026-08-15T01:46:18Z,2025S35212C1,2025S,,SCHEDULED,0,0.0
2026-08-15T01:46:18Z,6025S26578C3,6025S,,SCHEDULED,0,0.0
2026-08-15T01:46:18Z,6125S86250C1,6125S,,SCHEDULED,0,0.0
2026-08-15T01:46:18Z,6125S35646C1,6125S,,SCHEDULED,300,5.0
2026-08-15T01:46:18Z,6125S86050C1,6125S,,SCHEDULED,0,0.0
2026-08-15T01:51:01Z,2025S35212C1,2025S,,SCHEDULED,0,0.0
2026-08-15T01:51:01Z,6025S26578C3,6025S,,SCHEDULED,0,0.0
2026-08-15T01:51:01Z,6125S86250C1,6125S,,SCHEDULED,0,0.0
2026-08-15T01:51:01Z,6125S35646C1,6125S,,SCHEDULED,420,7.0
2026-08-15T01:51:01Z,6125S86050C1,6125S,,SCHEDULED,0,0.0
2026-08-15T01:55:54Z,6025S26578C3,6025S,,SCHEDULED,0,0.0
2026-08-15T01:55:54Z,6125S35646C1,6125S,,SCHEDULED,360,6.0
2026-08-15T01:55:54Z,6125S86050C1,6125S,,SCHEDULED,0,0.0
2026-08-15T01:55:54Z,6125S86250C1,6125S,,SCHEDULED,0,0.0
2026-08-15T01:55:54Z,6125S86350C1,6125S,,SCHEDULED,0,0.0
2026-08-15T01:55:54Z,2025S35212C1,2025S,,SCHEDULED,0,0.0
2026-08-15T02:01:24Z,2025S35212C1,2025S,,SCHEDULED,0,0.0
2026-08-15T02:01:24Z,6025S26578C3,6025S,,SCHEDULED,60,1.0
2026-08-15T02:01:24Z,6125S35646C1,6125S,,SCHEDULED,300,5.0
2026-08-15T02:01:24Z,6125S86050C1,6125S,,SCHEDULED,0,0.0
2026-08-15T02:01:24Z,6125S86350C1,6125S,,SCHEDULED,0,0.0
2026-08-15T02:01:24Z,6125S86250C1,6125S,,SCHEDULED,0,0.0
2026-08-15T02:05:58Z,6025S26578C3,6025S,,SCHEDULED,60,1.0
2026-08-15T02:05:58Z,6125S86350C1,6125S,,SCHEDULED,0,0.0
2026-08-15T02:05:58Z,6125S86250C1,6125S,,SCHEDULED,0,0.0
2026-08-15T02:05:58Z,2025S35212C1,2025S,,SCHEDULED,0,0.0
2026-08-15T02:11:09Z,2025S35212C1,2025S,,SCHEDULED,0,0.0
2026-08-15T02:11:09Z,6025S26578C3,6025S,,SCHEDULED,60,1.0
2026-08-15T02:11:09Z,6125S86350C1,6125S,,SCHEDULED,0,0.0
2026-08-15T02:11:09Z,6125S86250C1,6125S,,SCHEDULED,0,0.0
2026-08-15T02:16:04Z,2025S35212C1,2025S,,SCHEDULED,120,2.0
2026-08-15T02:16:04Z,6025S26578C3,6025S,,SCHEDULED,60,1.0
2026-08-15T02:16:04Z,6125S89680C1,6125S,,SCHEDULED,0,0.0
2026-08-15T02:16:04Z,6125S35650C1,6125S,,SCHEDULED,0,0.0
2026-08-15T02:16:04Z,6125S86350C1,6125S,,SCHEDULED,0,0.0
2026-08-15T02:21:03Z,6025S26578C3,6025S,,SCHEDULED,60,1.0
2026-08-15T02:21:03Z,6125S89680C1,6125S,,SCHEDULED,0,0.0
2026-08-15T02:21:03Z,6125S35650C1,6125S,,SCHEDULED,0,0.0
2026-08-15T02:21:03Z,6125S86350C1,6125S,,SCHEDULED,0,0.0
2026-08-15T02:25:54Z,6025S26578C3,6025S,,SCHEDULED,0,0.0
2026-08-15T02:25:54Z,6125S89680C1,6125S,,SCHEDULED,0,0.0
2026-08-15T02:25:54Z,6125S35650C1,6125S,,SCHEDULED,0,0.0
2026-08-15T02:25:54Z,6125S80716C1,6125S,,SCHEDULED,0,0.0
2026-08-15T02:31:19Z,1025S27203C4a,1025S,,SCHEDULED,0,0.0
2026-08-15T02:31:19Z,1025S76352C5,1025S,,SCHEDULED,0,0.0
2026-08-15T02:31:19Z,5125S25400R2,5125S,,SCHEDULED,0,0.0
2026-08-15T02:31:19Z,6025S26578C3,6025S,,SCHEDULED,0,0.0
2026-08-15T02:31:19Z,6125S35650C1,6125S,,SCHEDULED,0,0.0
2026-08-15T02:31:19Z,6125S80716C1,6125S,,SCHEDULED,0,0.0
2026-08-15T02:31:19Z,6125S89680C1,6125S,,SCHEDULED,0,0.0
2026-08-15T02:35:56Z,5125S25400R2,5125S,,SCHEDULED,0,0.0
2026-08-15T02:35:56Z,6025S26578C3,6025S,,SCHEDULED,120,2.0
2026-08-15T02:35:56Z,6125S86080C1,6125S,,SCHEDULED,0,0.0
2026-08-15T02:35:56Z,6125S35650C1,6125S,,SCHEDULED,-60,-1.0
2026-08-15T02:35:56Z,6125S80716C1,6125S,,SCHEDULED,0,0.0
2026-08-15T02:41:06Z,1025S27403C4b,1025S,,SCHEDULED,0,0.0
2026-08-15T02:41:06Z,1025S76352C5,1025S,,SCHEDULED,0,0.0
2026-08-15T02:41:06Z,1025S27205C4a,1025S,,SCHEDULED,60,1.0
2026-08-15T02:41:06Z,1025S27203C4a,1025S,,SCHEDULED,0,0.0
2026-08-15T02:41:06Z,5125S25400R2,5125S,,SCHEDULED,0,0.0
2026-08-15T02:41:06Z,6025S26578C3,6025S,,SCHEDULED,60,1.0
2026-08-15T02:41:06Z,6125S86080C1,6125S,,SCHEDULED,0,0.0
2026-08-15T02:41:06Z,6125S80716C1,6125S,,SCHEDULED,0,0.0
2026-08-15T02:41:06Z,6125S35650C1,6125S,,SCHEDULED,-60,-1.0
2026-08-15T02:41:06Z,6125S81700C1,6125S,,SCHEDULED,0,0.0
2026-08-15T02:46:05Z,5125S25400R2,5125S,,SCHEDULED,-60,-1.0
2026-08-15T02:46:05Z,5125S28400R2N,5125S,,SCHEDULED,0,0.0
2026-08-15T02:46:05Z,6025S26578C3,6025S,,SCHEDULED,120,2.0
2026-08-15T02:46:05Z,6025S26500C3,6025S,,SCHEDULED,0,0.0
2026-08-15T02:46:05Z,6125S35650C1,6125S,,SCHEDULED,-60,-1.0
2026-08-15T02:46:05Z,6125S86080C1,6125S,,SCHEDULED,0,0.0
2026-08-15T02:46:05Z,6125S81700C1,6125S,,SCHEDULED,0,0.0
2026-08-15T02:46:05Z,6125S32769C1,6125S,,SCHEDULED,0,0.0
2026-08-15T02:46:05Z,6125S86180C1,6125S,,SCHEDULED,0,0.0
2026-08-15T02:46:05Z,1025S27403C4b,1025S,,SCHEDULED,0,0.0
2026-08-15T02:46:05Z,1025S76675C5,1025S,,SCHEDULED,0,0.0
2026-08-15T02:46:05Z,1025S27203C4a,1025S,,SCHEDULED,0,0.0
2026-08-15T02:46:05Z,1025S27205C4a,1025S,,SCHEDULED,360,6.0
2026-08-15T02:46:05Z,1025S76352C5,1025S,,SCHEDULED,0,0.0
2026-08-15T02:46:05Z,1025S76354C5,1025S,,SCHEDULED,0,0.0
2026-08-15T02:46:05Z,1025S27000C3,1025S,,SCHEDULED,0,0.0
2026-08-15T02:51:03Z,2025S22101C1,2025S,,SCHEDULED,0,0.0
2026-08-15T02:51:03Z,1025S76675C5,1025S,,SCHEDULED,0,0.0
2026-08-15T02:51:03Z,1025S27403C4b,1025S,,SCHEDULED,0,0.0
2026-08-15T02:51:03Z,1025S19799C1,1025S,,SCHEDULED,0,0.0
2026-08-15T02:51:03Z,1025S76354C5,1025S,,SCHEDULED,0,0.0
2026-08-15T02:51:03Z,1025S27203C4a,1025S,,SCHEDULED,0,0.0
2026-08-15T02:51:03Z,1025S27405C4b,1025S,,SCHEDULED,0,0.0
2026-08-15T02:51:03Z,1025S27000C3,1025S,,SCHEDULED,0,0.0
2026-08-15T02:51:03Z,1025S76352C5,1025S,,SCHEDULED,0,0.0
2026-08-15T02:51:03Z,1025S27205C4a,1025S,,SCHEDULED,660,11.0
2026-08-15T02:51:03Z,5125S25400R2,5125S,,SCHEDULED,240,4.0
2026-08-15T02:51:03Z,5125S77600R4,5125S,,SCHEDULED,60,1.0
2026-08-15T02:51:03Z,5125S28400R2N,5125S,,SCHEDULED,0,0.0
2026-08-15T02:51:03Z,5125S25702R1,5125S,,SCHEDULED,0,0.0
2026-08-15T02:51:03Z,6025S26501C3,6025S,,SCHEDULED,0,0.0
2026-08-15T02:51:03Z,6025S26578C3,6025S,,SCHEDULED,180,3.0
2026-08-15T02:51:03Z,6025S26500C3,6025S,,SCHEDULED,0,0.0
2026-08-15T02:51:03Z,6125S35650C1,6125S,,SCHEDULED,-60,-1.0
2026-08-15T02:51:03Z,6125S86180C1,6125S,,SCHEDULED,0,0.0
2026-08-15T02:51:03Z,6125S32769C1,6125S,,SCHEDULED,0,0.0
2026-08-15T02:51:03Z,6125S86080C1,6125S,,SCHEDULED,0,0.0
2026-08-15T02:51:03Z,6125S81700C1,6125S,,SCHEDULED,0,0.0
2026-08-15T02:55:58Z,5125S25400R2,5125S,,SCHEDULED,300,5.0
2026-08-15T02:55:58Z,5125S28400R2N,5125S,,SCHEDULED,0,0.0
2026-08-15T02:55:58Z,5125S77600R4,5125S,,SCHEDULED,0,0.0
2026-08-15T02:55:58Z,6025S26578C3,6025S,,SCHEDULED,180,3.0
2026-08-15T02:55:58Z,6025S29606C1,6025S,,SCHEDULED,0,0.0
2026-08-15T02:55:58Z,6025S26501C3,6025S,,SCHEDULED,0,0.0
2026-08-15T02:55:58Z,6025S26500C3,6025S,,SCHEDULED,0,0.0
2026-08-15T02:55:58Z,6125S86180C1,6125S,,SCHEDULED,0,0.0
2026-08-15T02:55:58Z,6125S35650C1,6125S,,SCHEDULED,0,0.0
2026-08-15T02:55:58Z,6125S32769C1,6125S,,SCHEDULED,0,0.0
2026-08-15T02:55:58Z,6125S86080C1,6125S,,SCHEDULED,0,0.0
2026-08-15T02:55:58Z,6125S86280C1,6125S,,SCHEDULED,0,0.0
2026-08-15T02:55:58Z,6125S81700C1,6125S,,SCHEDULED,0,0.0
2026-08-15T02:55:58Z,2025S22101C1,2025S,,SCHEDULED,0,0.0
2026-08-15T03:01:25Z,5125S28557R2N,5125S,,SCHEDULED,180,3.0
2026-08-15T03:01:25Z,5125S25400R2,5125S,,SCHEDULED,180,3.0
2026-08-15T03:01:25Z,5125S28400R2N,5125S,,SCHEDULED,0,0.0
2026-08-15T03:01:25Z,5125S28250R2S,5125S,,SCHEDULED,0,0.0
2026-08-15T03:01:25Z,6025S26501C3,6025S,,SCHEDULED,0,0.0
2026-08-15T03:01:25Z,6025S29606C1,6025S,,SCHEDULED,0,0.0
2026-08-15T03:01:25Z,6025S26500C3,6025S,,SCHEDULED,60,1.0
2026-08-15T03:01:25Z,6125S86180C1,6125S,,SCHEDULED,0,0.0
2026-08-15T03:01:25Z,6125S86080C1,6125S,,SCHEDULED,0,0.0
2026-08-15T03:01:25Z,6125S32769C1,6125S,,SCHEDULED,0,0.0
2026-08-15T03:01:25Z,6125S35650C1,6125S,,SCHEDULED,60,1.0
2026-08-15T03:01:25Z,6125S86280C1,6125S,,SCHEDULED,0,0.0
2026-08-15T03:01:25Z,2025S22101C1,2025S,,SCHEDULED,0,0.0
2026-08-15T03:01:25Z,2025S35210C1,2025S,,SCHEDULED,-180,-3.0
2026-08-15T03:01:25Z,1025S79205C7,1025S,,SCHEDULED,0,0.0
2026-08-15T03:01:25Z,1025S27202C4,1025S,,SCHEDULED,0,0.0
2026-08-15T03:01:25Z,1025S76202C5,1025S,,SCHEDULED,0,0.0
2026-08-15T03:01:25Z,1025S79402C2,1025S,,SCHEDULED,0,0.0
2026-08-15T03:01:25Z,1025S27001C3,1025S,,SCHEDULED,0,0.0
2026-08-15T03:01:25Z,1025S76358C5,1025S,,SCHEDULED,0,0.0
2026-08-15T03:01:25Z,1025S76677C5,1025S,,SCHEDULED,0,0.0
2026-08-15T03:01:25Z,1025S76356C5,1025S,,SCHEDULED,0,0.0
2026-08-15T03:01:25Z,1025S76675C5,1025S,,SCHEDULED,0,0.0
2026-08-15T03:01:25Z,1025S27405C4b,1025S,,SCHEDULED,0,0.0
2026-08-15T03:01:25Z,1025S27000C3,1025S,,SCHEDULED,0,0.0
2026-08-15T03:01:25Z,1025S76352C5,1025S,,SCHEDULED,540,9.0
2026-08-15T03:01:25Z,1025S76354C5,1025S,,SCHEDULED,540,9.0
2026-08-15T03:01:25Z,1025S19799C1,1025S,,SCHEDULED,0,0.0
2026-08-15T03:01:25Z,1025S27403C4b,1025S,,SCHEDULED,0,0.0
2026-08-15T03:01:25Z,1025S27205C4a,1025S,,SCHEDULED,0,0.0
2026-08-15T03:01:25Z,1025S27203C4a,1025S,,SCHEDULED,60,1.0
2026-08-15T03:05:56Z,3025S23501C1,3025S,,SCHEDULED,0,0.0
2026-08-15T03:05:56Z,3225S35501C1,3225S,,SCHEDULED,240,4.0
2026-08-15T03:05:56Z,5125S28557R2N,5125S,,SCHEDULED,-60,-1.0
2026-08-15T03:05:56Z,5125S28250R2S,5125S,,SCHEDULED,0,0.0
2026-08-15T03:05:56Z,5125S77600R4,5125S,,SCHEDULED,0,0.0
2026-08-15T03:05:56Z,5125S25400R2,5125S,,SCHEDULED,180,3.0
2026-08-15T03:05:56Z,5125S77504R4,5125S,,SCHEDULED,-60,-1.0
2026-08-15T03:05:56Z,5125S25702R1,5125S,,SCHEDULED,60,1.0
2026-08-15T03:05:56Z,5125S28400R2N,5125S,,SCHEDULED,0,0.0
2026-08-15T03:05:56Z,6025S26502C3,6025S,,SCHEDULED,0,0.0
2026-08-15T03:05:56Z,6025S29606C1,6025S,,SCHEDULED,0,0.0
2026-08-15T03:05:56Z,6025S26501C3,6025S,,SCHEDULED,300,5.0
2026-08-15T03:05:56Z,6025S26500C3,6025S,,SCHEDULED,-60,-1.0
2026-08-15T03:05:56Z,6025S29609C1,6025S,,SCHEDULED,0,0.0
2026-08-15T03:05:56Z,6125S86180C1,6125S,,SCHEDULED,0,0.0
2026-08-15T03:05:56Z,6125S32769C1,6125S,,SCHEDULED,180,3.0
2026-08-15T03:05:56Z,6125S35650C1,6125S,,SCHEDULED,120,2.0
2026-08-15T03:05:56Z,6125S86280C1,6125S,,SCHEDULED,0,0.0
2026-08-15T03:05:56Z,2025S22101C1,2025S,,SCHEDULED,0,0.0
2026-08-15T03:05:56Z,2025S35210C1,2025S,,SCHEDULED,120,2.0
2026-08-15T03:05:56Z,1025S79205C7,1025S,,SCHEDULED,0,0.0
2026-08-15T03:05:56Z,1025S27202C4,1025S,,SCHEDULED,0,0.0
2026-08-15T03:05:56Z,1025S27203C4a,1025S,,SCHEDULED,60,1.0
2026-08-15T03:05:56Z,1025S27405C4b,1025S,,SCHEDULED,0,0.0
2026-08-15T03:05:56Z,1025S76202C5,1025S,,SCHEDULED,0,0.0
2026-08-15T03:05:56Z,1025S79402C2,1025S,,SCHEDULED,0,0.0
2026-08-15T03:05:56Z,1025S27000C3,1025S,,SCHEDULED,0,0.0
2026-08-15T03:05:56Z,1025S76356C5,1025S,,SCHEDULED,0,0.0
2026-08-15T03:05:56Z,1025S76352C5,1025S,,SCHEDULED,0,0.0
2026-08-15T03:05:56Z,1025S76677C5,1025S,,SCHEDULED,0,0.0
2026-08-15T03:05:56Z,1025S76672C5,1025S,,SCHEDULED,0,0.0
2026-08-15T03:05:56Z,1025S79505C2,1025S,,SCHEDULED,0,0.0
2026-08-15T03:05:56Z,1025S76679C5,1025S,,SCHEDULED,0,0.0
2026-08-15T03:05:56Z,1025S76354C5,1025S,,SCHEDULED,780,13.0
2026-08-15T03:05:56Z,1025S76675C5,1025S,,SCHEDULED,0,0.0
2026-08-15T03:05:56Z,1025S27409C4b,1025S,,SCHEDULED,0,0.0
2026-08-15T03:05:56Z,1025S27001C3,1025S,,SCHEDULED,0,0.0
2026-08-15T03:05:56Z,1025S19799C1,1025S,,SCHEDULED,0,0.0
2026-08-15T03:05:56Z,1025S27403C4b,1025S,,SCHEDULED,60,1.0
2026-08-15T03:05:56Z,1025S76358C5,1025S,,SCHEDULED,0,0.0
2026-08-15T03:05:56Z,1025S27205C4a,1025S,,SCHEDULED,120,2.0
2026-08-15T03:05:56Z,1025S27206C4,1025S,,SCHEDULED,0,0.0
2026-08-15T03:11:08Z,3025S23501C1,3025S,,SCHEDULED,0,0.0
2026-08-15T03:11:08Z,3225S35501C1,3225S,,SCHEDULED,-60,-1.0
2026-08-15T03:11:08Z,5125S25702R1,5125S,,SCHEDULED,180,3.0
2026-08-15T03:11:08Z,5125S28557R2N,5125S,,SCHEDULED,-60,-1.0
2026-08-15T03:11:08Z,5125S25602R1,5125S,,SCHEDULED,0,0.0
2026-08-15T03:11:08Z,5125S28400R2N,5125S,,SCHEDULED,0,0.0
2026-08-15T03:11:08Z,5125S25400R2,5125S,,SCHEDULED,180,3.0
2026-08-15T03:11:08Z,5125S77600R4,5125S,,SCHEDULED,-60,-1.0
2026-08-15T03:11:08Z,5125S77504R4,5125S,,SCHEDULED,-60,-1.0
2026-08-15T03:11:08Z,6025S26502C3,6025S,,SCHEDULED,0,0.0
2026-08-15T03:11:08Z,6025S29606C1,6025S,,SCHEDULED,60,1.0
2026-08-15T03:11:08Z,6025S26501C3,6025S,,SCHEDULED,300,5.0
2026-08-15T03:11:08Z,6025S26500C3,6025S,,SCHEDULED,60,1.0
2026-08-15T03:11:08Z,6025S29504C2,6025S,,SCHEDULED,0,0.0
2026-08-15T03:11:08Z,6025S29609C1,6025S,,SCHEDULED,0,0.0
2026-08-15T03:11:08Z,6125S86180C1,6125S,,SCHEDULED,0,0.0
2026-08-15T03:11:08Z,6125S32769C1,6125S,,SCHEDULED,120,2.0
2026-08-15T03:11:08Z,6125S35650C1,6125S,,SCHEDULED,240,4.0
2026-08-15T03:11:08Z,6125S86280C1,6125S,,SCHEDULED,0,0.0
2026-08-15T03:11:08Z,2025S22101C1,2025S,,SCHEDULED,0,0.0
2026-08-15T03:11:08Z,2025S35210C1,2025S,,SCHEDULED,420,7.0
2026-08-15T03:11:08Z,1025S76354C5,1025S,,SCHEDULED,1080,18.0
2026-08-15T03:11:08Z,1025S79205C7,1025S,,SCHEDULED,0,0.0
2026-08-15T03:11:08Z,1025S27204C4,1025S,,SCHEDULED,0,0.0
2026-08-15T03:11:08Z,1025S27405C4b,1025S,,SCHEDULED,0,0.0
2026-08-15T03:11:08Z,1025S27202C4,1025S,,SCHEDULED,0,0.0
2026-08-15T03:11:08Z,1025S27000C3,1025S,,SCHEDULED,0,0.0
2026-08-15T03:11:08Z,1025S76202C5,1025S,,SCHEDULED,0,0.0
2026-08-15T03:11:08Z,1025S79402C2,1025S,,SCHEDULED,0,0.0
2026-08-15T03:11:08Z,1025S76352C5,1025S,,SCHEDULED,0,0.0
2026-08-15T03:11:08Z,1025S76353C5,1025S,,SCHEDULED,0,0.0
2026-08-15T03:11:08Z,1025S76356C5,1025S,,SCHEDULED,0,0.0
2026-08-15T03:11:08Z,1025S76672C5,1025S,,SCHEDULED,0,0.0
2026-08-15T03:11:08Z,1025S76675C5,1025S,,SCHEDULED,0,0.0
2026-08-15T03:11:08Z,1025S27409C4b,1025S,,SCHEDULED,0,0.0
2026-08-15T03:11:08Z,1025S27001C3,1025S,,SCHEDULED,0,0.0
2026-08-15T03:11:08Z,1025S19799C1,1025S,,SCHEDULED,0,0.0
2026-08-15T03:11:08Z,1025S27403C4b,1025S,,SCHEDULED,180,3.0
2026-08-15T03:11:08Z,1025S76358C5,1025S,,SCHEDULED,0,0.0
2026-08-15T03:11:08Z,1025S76677C5,1025S,,SCHEDULED,0,0.0
2026-08-15T03:11:08Z,1025S76679C5,1025S,,SCHEDULED,0,0.0
2026-08-15T03:11:08Z,1025S27205C4a,1025S,,SCHEDULED,120,2.0
2026-08-15T03:11:08Z,1025S79505C2,1025S,,SCHEDULED,-60,-1.0
2026-08-15T03:11:08Z,1025S27206C4,1025S,,SCHEDULED,0,0.0
2026-08-15T03:11:08Z,1025S27203C4a,1025S,,SCHEDULED,60,1.0
2026-08-15T03:16:04Z,3025S23501C1,3025S,,SCHEDULED,0,0.0
2026-08-15T03:16:04Z,4025S80015C3,4025S,,SCHEDULED,0,0.0
2026-08-15T03:16:04Z,5125S28557R2N,5125S,,SCHEDULED,180,3.0
2026-08-15T03:16:04Z,5125S25702R1,5125S,,SCHEDULED,180,3.0
2026-08-15T03:16:04Z,5125S25400R2,5125S,,SCHEDULED,240,4.0
2026-08-15T03:16:04Z,5125S28400R2N,5125S,,SCHEDULED,60,1.0
2026-08-15T03:16:04Z,5125S77600R4,5125S,,SCHEDULED,60,1.0
2026-08-15T03:16:04Z,5125S77504R4,5125S,,SCHEDULED,-60,-1.0
2026-08-15T03:16:04Z,6025S26502C3,6025S,,SCHEDULED,0,0.0
2026-08-15T03:16:04Z,6025S29606C1,6025S,,SCHEDULED,60,1.0
2026-08-15T03:16:04Z,6025S26501C3,6025S,,SCHEDULED,360,6.0
2026-08-15T03:16:04Z,6025S26500C3,6025S,,SCHEDULED,0,0.0
2026-08-15T03:16:04Z,6025S29609C1,6025S,,SCHEDULED,0,0.0
2026-08-15T03:16:04Z,6025S29504C2,6025S,,SCHEDULED,0,0.0
2026-08-15T03:16:04Z,6125S32769C1,6125S,,SCHEDULED,-60,-1.0
2026-08-15T03:16:04Z,6125S35650C1,6125S,,SCHEDULED,180,3.0
2026-08-15T03:16:04Z,6125S86280C1,6125S,,SCHEDULED,0,0.0
2026-08-15T03:16:04Z,2025S22101C1,2025S,,SCHEDULED,300,5.0
2026-08-15T03:16:04Z,2025S35210C1,2025S,,SCHEDULED,720,12.0
2026-08-15T03:16:04Z,4125S24700C1,4125S,,SCHEDULED,0,0.0
2026-08-15T03:21:03Z,3025S23501C1,3025S,,SCHEDULED,0,0.0
2026-08-15T03:21:03Z,3225S35501C1,3225S,,SCHEDULED,0,0.0
2026-08-15T03:21:03Z,4025S80015C3,4025S,,SCHEDULED,0,0.0
2026-08-15T03:21:03Z,4025S24001C2,4025S,,SCHEDULED,0,0.0
2026-08-15T03:21:03Z,4025S24103C2,4025S,,SCHEDULED,0,0.0
2026-08-15T03:21:03Z,5125S25400R2,5125S,,SCHEDULED,300,5.0
2026-08-15T03:21:03Z,5125S28557R2N,5125S,,SCHEDULED,60,1.0
2026-08-15T03:21:03Z,5125S28400R2N,5125S,,SCHEDULED,180,3.0
2026-08-15T03:21:03Z,5125S28250R2S,5125S,,SCHEDULED,180,3.0
2026-08-15T03:21:03Z,5125S25702R1,5125S,,SCHEDULED,120,2.0
2026-08-15T03:21:03Z,5125S77600R4,5125S,,SCHEDULED,60,1.0
2026-08-15T03:21:03Z,5125S77504R4,5125S,,SCHEDULED,60,1.0
2026-08-15T03:21:03Z,6025S26501C3,6025S,,SCHEDULED,300,5.0
2026-08-15T03:21:03Z,6025S26502C3,6025S,,SCHEDULED,0,0.0
2026-08-15T03:21:03Z,6025S26500C3,6025S,,SCHEDULED,0,0.0
2026-08-15T03:21:03Z,6025S29606C1,6025S,,SCHEDULED,60,1.0
2026-08-15T03:21:03Z,6025S29504C2,6025S,,SCHEDULED,0,0.0
2026-08-15T03:21:03Z,6025S26503C3,6025S,,SCHEDULED,0,0.0
2026-08-15T03:21:03Z,6025S29609C1,6025S,,SCHEDULED,0,0.0
2026-08-15T03:21:03Z,6125S86280C1,6125S,,SCHEDULED,0,0.0
2026-08-15T03:21:03Z,6125S32769C1,6125S,,SCHEDULED,0,0.0
2026-08-15T03:21:03Z,6125S35650C1,6125S,,SCHEDULED,180,3.0
2026-08-15T03:21:03Z,2025S35210C1,2025S,,SCHEDULED,0,0.0
2026-08-15T03:21:03Z,2025S22101C1,2025S,,SCHEDULED,0,0.0
2026-08-15T03:21:03Z,4125S24700C1,4125S,,SCHEDULED,0,0.0
2026-08-15T03:21:03Z,1025S79202C7,1025S,,SCHEDULED,0,0.0
2026-08-15T03:21:03Z,1025S76360C5,1025S,,SCHEDULED,0,0.0
2026-08-15T03:21:03Z,1025S76354C5,1025S,,SCHEDULED,0,0.0
2026-08-15T03:21:03Z,1025S27405C4b,1025S,,SCHEDULED,60,1.0
2026-08-15T03:21:03Z,1025S76355C5,1025S,,SCHEDULED,0,0.0
2026-08-15T03:21:03Z,1025S76681C5,1025S,,SCHEDULED,0,0.0
2026-08-15T03:21:03Z,1025S76674C5,1025S,,SCHEDULED,0,0.0
2026-08-15T03:21:03Z,1025S79205C7,1025S,,SCHEDULED,0,0.0
2026-08-15T03:21:03Z,1025S19799C1,1025S,,SCHEDULED,120,2.0
2026-08-15T03:21:03Z,1025S27000C3,1025S,,SCHEDULED,60,1.0
2026-08-15T03:21:03Z,1025S27202C4,1025S,,SCHEDULED,0,0.0
2026-08-15T03:21:03Z,1025S76352C5,1025S,,SCHEDULED,0,0.0
2026-08-15T03:21:03Z,1025S76202C5,1025S,,SCHEDULED,60,1.0
2026-08-15T03:21:03Z,1025S76353C5,1025S,,SCHEDULED,0,0.0
2026-08-15T03:21:03Z,1025S76203C5,1025S,,SCHEDULED,0,0.0
2026-08-15T03:21:03Z,1025S76672C5,1025S,,SCHEDULED,0,0.0
2026-08-15T03:21:03Z,1025S27001C3,1025S,,SCHEDULED,0,0.0
2026-08-15T03:21:03Z,1025S76358C5,1025S,,SCHEDULED,0,0.0
2026-08-15T03:21:03Z,1025S76677C5,1025S,,SCHEDULED,0,0.0
2026-08-15T03:21:03Z,1025S76679C5,1025S,,SCHEDULED,0,0.0
2026-08-15T03:21:03Z,1025S79505C2,1025S,,SCHEDULED,540,9.0
2026-08-15T03:21:03Z,1025S79808C8a,1025S,,SCHEDULED,0,0.0
2026-08-15T03:21:03Z,1025S19800C1,1025S,,SCHEDULED,0,0.0
2026-08-15T03:21:03Z,1025S27409C4b,1025S,,SCHEDULED,0,0.0
2026-08-15T03:21:03Z,1025S27403C4b,1025S,,SCHEDULED,240,4.0
2026-08-15T03:21:03Z,1025S27205C4a,1025S,,SCHEDULED,120,2.0
2026-08-15T03:21:03Z,1025S27206C4,1025S,,SCHEDULED,0,0.0
2026-08-15T03:21:03Z,1025S27203C4a,1025S,,SCHEDULED,240,4.0
2026-08-15T03:21:03Z,1025S79402C2,1025S,,SCHEDULED,0,0.0
2026-08-15T03:21:03Z,1025S27204C4,1025S,,SCHEDULED,-60,-1.0
2026-08-15T03:21:03Z,1025S27209C4a,1025S,,SCHEDULED,0,0.0
2026-08-15T03:21:03Z,1025S76356C5,1025S,,SCHEDULED,480,8.0
2026-08-15T03:21:03Z,1025S76675C5,1025S,,SCHEDULED,0,0.0
2026-08-15T03:21:03Z,1025S27407C4b,1025S,,SCHEDULED,0,0.0
2026-08-15T03:21:03Z,1025S27210C4a,1025S,,SCHEDULED,0,0.0
2026-08-15T03:25:54Z,3025S23501C1,3025S,,SCHEDULED,120,2.0
2026-08-15T03:25:54Z,3225S23303C1,3225S,,SCHEDULED,0,0.0
2026-08-15T03:25:54Z,3225S35501C1,3225S,,SCHEDULED,0,0.0
2026-08-15T03:25:54Z,4025S80015C3,4025S,,SCHEDULED,0,0.0
2026-08-15T03:25:54Z,4025S24103C2,4025S,,SCHEDULED,0,0.0
2026-08-15T03:25:54Z,4025S24001C2,4025S,,SCHEDULED,0,0.0
2026-08-15T03:25:54Z,5125S25400R2,5125S,,SCHEDULED,360,6.0
2026-08-15T03:25:54Z,5125S28556R2N,5125S,,SCHEDULED,0,0.0
2026-08-15T03:25:54Z,5125S25604R1,5125S,,SCHEDULED,-60,-1.0
2026-08-15T03:25:54Z,5125S28557R2N,5125S,,SCHEDULED,120,2.0
2026-08-15T03:25:54Z,5125S25602R1,5125S,,SCHEDULED,60,1.0
2026-08-15T03:25:54Z,5125S25702R1,5125S,,SCHEDULED,240,4.0
2026-08-15T03:25:54Z,5125S77504R4,5125S,,SCHEDULED,-60,-1.0
2026-08-15T03:25:54Z,5125S15000R15,5125S,,SCHEDULED,0,0.0
2026-08-15T03:25:54Z,5125S28250R2S,5125S,,SCHEDULED,240,4.0
2026-08-15T03:25:54Z,5125S28264R2S,5125S,,SCHEDULED,0,0.0
2026-08-15T03:25:54Z,5125S28400R2N,5125S,,SCHEDULED,240,4.0
2026-08-15T03:25:54Z,5125S77600R4,5125S,,SCHEDULED,0,0.0
2026-08-15T03:25:54Z,6025S26500C3,6025S,,SCHEDULED,0,0.0
2026-08-15T03:25:54Z,6025S26501C3,6025S,,SCHEDULED,420,7.0
2026-08-15T03:25:54Z,6025S26502C3,6025S,,SCHEDULED,60,1.0
2026-08-15T03:25:54Z,6025S29504C2,6025S,,SCHEDULED,0,0.0
2026-08-15T03:25:54Z,6025S29606C1,6025S,,SCHEDULED,120,2.0
2026-08-15T03:25:54Z,6025S29609C1,6025S,,SCHEDULED,120,2.0
2026-08-15T03:25:54Z,6025S26503C3,6025S,,SCHEDULED,0,0.0
2026-08-15T03:25:54Z,6125S35650C1,6125S,,SCHEDULED,300,5.0
2026-08-15T03:25:54Z,6125S35680C1,6125S,,SCHEDULED,-420,-7.0
2026-08-15T03:25:54Z,2025S22101C1,2025S,,SCHEDULED,0,0.0
2026-08-15T03:25:54Z,2025S35210C1,2025S,,SCHEDULED,0,0.0
2026-08-15T03:25:54Z,4125S24700C1,4125S,,SCHEDULED,0,0.0
2026-08-15T03:31:17Z,3025S23501C1,3025S,,SCHEDULED,60,1.0
2026-08-15T03:31:17Z,3225S23303C1,3225S,,SCHEDULED,0,0.0
2026-08-15T03:31:17Z,3225S35501C1,3225S,,SCHEDULED,0,0.0
2026-08-15T03:31:17Z,4025S80015C3,4025S,,SCHEDULED,0,0.0
2026-08-15T03:31:17Z,4025S24103C2,4025S,,SCHEDULED,0,0.0
2026-08-15T03:31:17Z,4025S24001C2,4025S,,SCHEDULED,0,0.0
2026-08-15T03:31:17Z,5125S25702R1,5125S,,SCHEDULED,180,3.0
2026-08-15T03:31:17Z,5125S15000R15,5125S,,SCHEDULED,0,0.0
2026-08-15T03:31:17Z,5125S25400R2,5125S,,SCHEDULED,300,5.0
2026-08-15T03:31:17Z,5125S28264R2S,5125S,,SCHEDULED,-360,-6.0
2026-08-15T03:31:17Z,5125S28556R2N,5125S,,SCHEDULED,0,0.0
2026-08-15T03:31:17Z,5125S28402R2N,5125S,,SCHEDULED,60,1.0
2026-08-15T03:31:17Z,5125S28557R2N,5125S,,SCHEDULED,240,4.0
2026-08-15T03:31:17Z,5125S25602R1,5125S,,SCHEDULED,240,4.0
2026-08-15T03:31:17Z,5125S28250R2S,5125S,,SCHEDULED,60,1.0
2026-08-15T03:31:17Z,5125S28263R2S,5125S,,SCHEDULED,60,1.0
2026-08-15T03:31:17Z,5125S28400R2N,5125S,,SCHEDULED,180,3.0
2026-08-15T03:31:17Z,5125S18120R16,5125S,,SCHEDULED,0,0.0
2026-08-15T03:31:17Z,5125S77600R4,5125S,,SCHEDULED,0,0.0
2026-08-15T03:31:17Z,5125S25604R1,5125S,,SCHEDULED,60,1.0
2026-08-15T03:31:17Z,6025S26501C3,6025S,,SCHEDULED,240,4.0
2026-08-15T03:31:17Z,6025S26502C3,6025S,,SCHEDULED,120,2.0
2026-08-15T03:31:17Z,6025S29606C1,6025S,,SCHEDULED,120,2.0
2026-08-15T03:31:17Z,6025S26503C3,6025S,,SCHEDULED,0,0.0
2026-08-15T03:31:17Z,6025S29504C2,6025S,,SCHEDULED,60,1.0
2026-08-15T03:31:17Z,6025S29609C1,6025S,,SCHEDULED,180,3.0
2026-08-15T03:31:17Z,6125S35650C1,6125S,,SCHEDULED,240,4.0
2026-08-15T03:31:17Z,6125S32769C1,6125S,,SCHEDULED,-60,-1.0
2026-08-15T03:31:17Z,6125S35680C1,6125S,,SCHEDULED,-420,-7.0
2026-08-15T03:31:17Z,6225S71152C2,6225S,,SCHEDULED,0,0.0
2026-08-15T03:31:17Z,2025S22101C1,2025S,,SCHEDULED,60,1.0
2026-08-15T03:31:17Z,2025S35210C1,2025S,,SCHEDULED,60,1.0
2026-08-15T03:31:17Z,4125S24700C1,4125S,,SCHEDULED,0,0.0
2026-08-15T03:35:55Z,3025S23501C1,3025S,,SCHEDULED,0,0.0
2026-08-15T03:35:55Z,3225S35501C1,3225S,,SCHEDULED,0,0.0
2026-08-15T03:35:55Z,4025S80015C3,4025S,,SCHEDULED,0,0.0
2026-08-15T03:35:55Z,4025S24103C2,4025S,,SCHEDULED,0,0.0
2026-08-15T03:35:55Z,4025S24001C2,4025S,,SCHEDULED,0,0.0
2026-08-15T03:35:55Z,5125S15000R15,5125S,,SCHEDULED,0,0.0
2026-08-15T03:35:55Z,5125S25400R2,5125S,,SCHEDULED,300,5.0
2026-08-15T03:35:55Z,5125S28402R2N,5125S,,SCHEDULED,0,0.0
2026-08-15T03:35:55Z,5125S25602R1,5125S,,SCHEDULED,180,3.0
2026-08-15T03:35:55Z,5125S28263R2S,5125S,,SCHEDULED,-120,-2.0
2026-08-15T03:35:55Z,5125S77504R4,5125S,,SCHEDULED,120,2.0
2026-08-15T03:35:55Z,5125S28250R2S,5125S,,SCHEDULED,60,1.0
2026-08-15T03:35:55Z,5125S28400R2N,5125S,,SCHEDULED,-60,-1.0
2026-08-15T03:35:55Z,5125S18120R16,5125S,,SCHEDULED,0,0.0
2026-08-15T03:35:55Z,5125S77600R4,5125S,,SCHEDULED,120,2.0
2026-08-15T03:35:55Z,5125S25604R1,5125S,,SCHEDULED,60,1.0
2026-08-15T03:35:55Z,5125S25702R1,5125S,,SCHEDULED,300,5.0
2026-08-15T03:35:55Z,6025S26501C3,6025S,,SCHEDULED,180,3.0
2026-08-15T03:35:55Z,6025S26504C3,6025S,,SCHEDULED,0,0.0
2026-08-15T03:35:55Z,6025S26503C3,6025S,,SCHEDULED,0,0.0
2026-08-15T03:35:55Z,6025S29504C2,6025S,,SCHEDULED,180,3.0
2026-08-15T03:35:55Z,6025S29507C2,6025S,,SCHEDULED,0,0.0
2026-08-15T03:35:55Z,6025S26502C3,6025S,,SCHEDULED,60,1.0
2026-08-15T03:35:55Z,6025S29609C1,6025S,,SCHEDULED,180,3.0
2026-08-15T03:35:55Z,6025S26500C3,6025S,,SCHEDULED,0,0.0
2026-08-15T03:35:55Z,6125S35680C1,6125S,,SCHEDULED,-420,-7.0
2026-08-15T03:35:55Z,6125S35650C1,6125S,,SCHEDULED,180,3.0
2026-08-15T03:35:55Z,6125S81702C1,6125S,,SCHEDULED,0,0.0
2026-08-15T03:35:55Z,6225S71152C2,6225S,,SCHEDULED,0,0.0
2026-08-15T03:35:55Z,4725S71080C1,4725S,,SCHEDULED,0,0.0
2026-08-15T03:35:55Z,2025S35210C1,2025S,,SCHEDULED,0,0.0
2026-08-15T03:35:55Z,2025S22101C1,2025S,,SCHEDULED,120,2.0
2026-08-15T03:35:55Z,4125S24700C1,4125S,,SCHEDULED,0,0.0
2026-08-15T03:35:55Z,1025S27003C3,1025S,,SCHEDULED,0,0.0
2026-08-15T03:35:55Z,1025S76685C5,1025S,,SCHEDULED,0,0.0
2026-08-15T03:35:55Z,1025S27001C3,1025S,,SCHEDULED,0,0.0
2026-08-15T03:35:55Z,1025S76202C5,1025S,,SCHEDULED,60,1.0
2026-08-15T03:35:55Z,1025S27002C3,1025S,,SCHEDULED,0,0.0
2026-08-15T03:35:55Z,1025S76203C5,1025S,,SCHEDULED,0,0.0
2026-08-15T03:35:55Z,1025S19799C1,1025S,,SCHEDULED,120,2.0
2026-08-15T03:35:55Z,1025S79202C7,1025S,,SCHEDULED,0,0.0
2026-08-15T03:35:55Z,1025S79205C7,1025S,,SCHEDULED,360,6.0
2026-08-15T03:35:55Z,1025S27411C4b,1025S,,SCHEDULED,0,0.0
2026-08-15T03:35:55Z,1025S76204C5,1025S,,SCHEDULED,0,0.0
2026-08-15T03:35:55Z,1025S27210C4a,1025S,,SCHEDULED,120,2.0
2026-08-15T03:35:55Z,1025S19800C1,1025S,,SCHEDULED,0,0.0
2026-08-15T03:35:55Z,1025S27211C4a,1025S,,SCHEDULED,0,0.0
2026-08-15T03:35:55Z,1025S79406C2,1025S,,SCHEDULED,0,0.0
2026-08-15T03:35:55Z,1025S79806C2,1025S,,SCHEDULED,0,0.0
2026-08-15T03:35:55Z,1025S27409C4b,1025S,,SCHEDULED,180,3.0
2026-08-15T03:35:55Z,1025S19803C1,1025S,,SCHEDULED,0,0.0
2026-08-15T03:35:55Z,1025S27205C4a,1025S,,SCHEDULED,180,3.0
2026-08-15T03:35:55Z,1025S76353C5,1025S,,SCHEDULED,420,7.0
2026-08-15T03:35:55Z,1025S27206C4,1025S,,SCHEDULED,60,1.0
2026-08-15T03:35:55Z,1025S27404C4b,1025S,,SCHEDULED,60,1.0
2026-08-15T03:35:55Z,1025S76676C5,1025S,,SCHEDULED,0,0.0
2026-08-15T03:35:55Z,1025S27402C4,1025S,,SCHEDULED,0,0.0
2026-08-15T03:35:55Z,1025S76358C5,1025S,,SCHEDULED,60,1.0
2026-08-15T03:35:55Z,1025S27204C4,1025S,,SCHEDULED,840,14.0
2026-08-15T03:35:55Z,1025S27209C4a,1025S,,SCHEDULED,0,0.0
2026-08-15T03:35:55Z,1025S76677C5,1025S,,SCHEDULED,0,0.0
2026-08-15T03:35:55Z,1025S27407C4b,1025S,,SCHEDULED,0,0.0
2026-08-15T03:35:55Z,1025S27207C4a,1025S,,SCHEDULED,0,0.0
2026-08-15T03:35:55Z,1025S27405C4b,1025S,,SCHEDULED,60,1.0
2026-08-15T03:35:55Z,1025S76678C5,1025S,,SCHEDULED,0,0.0
2026-08-15T03:35:55Z,1025S27208C4,1025S,,SCHEDULED,0,0.0
2026-08-15T03:35:55Z,1025S79505C2,1025S,,SCHEDULED,0,0.0
2026-08-15T03:35:55Z,1025S76679C5,1025S,,SCHEDULED,60,1.0
2026-08-15T03:35:55Z,1025S27000C3,1025S,,SCHEDULED,60,1.0
2026-08-15T03:35:55Z,1025S79808C8a,1025S,,SCHEDULED,0,0.0
2026-08-15T03:35:55Z,1025S79509C2,1025S,,SCHEDULED,0,0.0
2026-08-15T03:35:55Z,1025S76360C5,1025S,,SCHEDULED,0,0.0
2026-08-15T03:35:55Z,1025S76672C5,1025S,,SCHEDULED,0,0.0
2026-08-15T03:35:55Z,1025S76362C5,1025S,,SCHEDULED,0,0.0
2026-08-15T03:35:55Z,1025S76681C5,1025S,,SCHEDULED,0,0.0
2026-08-15T03:35:55Z,1025S76354C5,1025S,,SCHEDULED,60,1.0
2026-08-15T03:35:55Z,1025S76364C5,1025S,,SCHEDULED,0,0.0
2026-08-15T03:35:55Z,1025S76355C5,1025S,,SCHEDULED,0,0.0
2026-08-15T03:35:55Z,1025S76683C5,1025S,,SCHEDULED,0,0.0
2026-08-15T03:35:55Z,1025S76674C5,1025S,,SCHEDULED,0,0.0
2026-08-15T03:35:55Z,1025S76356C5,1025S,,SCHEDULED,0,0.0
2026-08-15T03:35:55Z,1025S76357C5,1025S,,SCHEDULED,0,0.0
2026-08-15T03:41:01Z,3025S23502C1,3025S,,SCHEDULED,0,0.0
2026-08-15T03:41:01Z,3025S23501C1,3025S,,SCHEDULED,0,0.0
2026-08-15T03:41:01Z,3225S35511C1,3225S,,SCHEDULED,60,1.0
2026-08-15T03:41:01Z,3225S35501C1,3225S,,SCHEDULED,60,1.0
2026-08-15T03:41:01Z,3225S23303C1,3225S,,SCHEDULED,60,1.0
2026-08-15T03:41:01Z,4025S24002C2,4025S,,SCHEDULED,0,0.0
2026-08-15T03:41:01Z,4025S24103C2,4025S,,SCHEDULED,0,0.0
2026-08-15T03:41:01Z,4025S80015C3,4025S,,SCHEDULED,0,0.0
2026-08-15T03:41:01Z,4025S24001C2,4025S,,SCHEDULED,0,0.0
2026-08-15T03:41:01Z,5125S18120R16,5125S,,SCHEDULED,0,0.0
2026-08-15T03:41:01Z,5125S28404R2N,5125S,,SCHEDULED,60,1.0
2026-08-15T03:41:01Z,5125S28402R2N,5125S,,SCHEDULED,0,0.0
2026-08-15T03:41:01Z,5125S25604R1,5125S,,SCHEDULED,60,1.0
2026-08-15T03:41:01Z,5125S28400R2N,5125S,,SCHEDULED,60,1.0
2026-08-15T03:41:01Z,5125S77600R4,5125S,,SCHEDULED,0,0.0
2026-08-15T03:41:01Z,5125S25702R1,5125S,,SCHEDULED,0,0.0
2026-08-15T03:41:01Z,5125S77404R4,5125S,,SCHEDULED,0,0.0
2026-08-15T03:41:01Z,5125S77504R4,5125S,,SCHEDULED,180,3.0
2026-08-15T03:41:01Z,5125S28264R2S,5125S,,SCHEDULED,120,2.0
2026-08-15T03:41:01Z,5125S15000R15,5125S,,SCHEDULED,0,0.0
2026-08-15T03:41:01Z,5125S28263R2S,5125S,,SCHEDULED,-120,-2.0
2026-08-15T03:41:01Z,5125S25400R2,5125S,,SCHEDULED,300,5.0
2026-08-15T03:41:01Z,5125S35518R3,5125S,,SCHEDULED,0,0.0
2026-08-15T03:41:01Z,5125S25602R1,5125S,,SCHEDULED,60,1.0
2026-08-15T03:41:01Z,5125S28250R2S,5125S,,SCHEDULED,120,2.0
2026-08-15T03:41:01Z,6025S26501C3,6025S,,SCHEDULED,120,2.0
2026-08-15T03:41:01Z,6025S26504C3,6025S,,SCHEDULED,0,0.0
2026-08-15T03:41:01Z,6025S26503C3,6025S,,SCHEDULED,60,1.0
2026-08-15T03:41:01Z,6025S29507C2,6025S,,SCHEDULED,0,0.0
2026-08-15T03:41:01Z,6025S29504C2,6025S,,SCHEDULED,180,3.0
2026-08-15T03:41:01Z,6025S29609C1,6025S,,SCHEDULED,120,2.0
2026-08-15T03:41:01Z,6025S26502C3,6025S,,SCHEDULED,120,2.0
2026-08-15T03:41:01Z,6025S26500C3,6025S,,SCHEDULED,60,1.0
2026-08-15T03:41:01Z,6125S35680C1,6125S,,SCHEDULED,0,0.0
2026-08-15T03:41:01Z,6125S32769C1,6125S,,SCHEDULED,-60,-1.0
2026-08-15T03:41:01Z,6125S81702C1,6125S,,SCHEDULED,0,0.0
2026-08-15T03:41:01Z,6125S35650C1,6125S,,SCHEDULED,180,3.0
2026-08-15T03:41:01Z,6225S71152C2,6225S,,SCHEDULED,0,0.0
2026-08-15T03:41:01Z,4725S71080C1,4725S,,SCHEDULED,0,0.0
2026-08-15T03:41:01Z,2025S35210C1,2025S,,SCHEDULED,0,0.0
2026-08-15T03:41:01Z,2025S22101C1,2025S,,SCHEDULED,180,3.0
2026-08-15T03:41:01Z,4125S24700C1,4125S,,SCHEDULED,0,0.0
2026-08-15T03:41:01Z,1025S79806C2,1025S,,SCHEDULED,0,0.0
2026-08-15T03:41:01Z,1025S79808C8a,1025S,,SCHEDULED,60,1.0
2026-08-15T03:41:01Z,1025S27003C3,1025S,,SCHEDULED,0,0.0
2026-08-15T03:41:01Z,1025S76360C5,1025S,,SCHEDULED,240,4.0
2026-08-15T03:41:01Z,1025S27202C4,1025S,,SCHEDULED,0,0.0
2026-08-15T03:41:01Z,1025S76362C5,1025S,,SCHEDULED,0,0.0
2026-08-15T03:41:01Z,1025S76681C5,1025S,,SCHEDULED,0,0.0
2026-08-15T03:41:01Z,1025S27001C3,1025S,,SCHEDULED,60,1.0
2026-08-15T03:41:01Z,1025S76364C5,1025S,,SCHEDULED,0,0.0
2026-08-15T03:41:01Z,1025S27002C3,1025S,,SCHEDULED,0,0.0
2026-08-15T03:41:01Z,1025S19799C1,1025S,,SCHEDULED,0,0.0
2026-08-15T03:41:01Z,1025S79202C7,1025S,,SCHEDULED,0,0.0
2026-08-15T03:41:01Z,1025S79205C7,1025S,,SCHEDULED,420,7.0
2026-08-15T03:41:01Z,1025S76683C5,1025S,,SCHEDULED,0,0.0
2026-08-15T03:41:01Z,1025S27411C4b,1025S,,SCHEDULED,0,0.0
2026-08-15T03:41:01Z,1025S76685C5,1025S,,SCHEDULED,0,0.0
2026-08-15T03:41:01Z,1025S27210C4a,1025S,,SCHEDULED,420,7.0
2026-08-15T03:41:01Z,1025S76202C5,1025S,,SCHEDULED,60,1.0
2026-08-15T03:41:01Z,1025S79206C7,1025S,,SCHEDULED,0,0.0
2026-08-15T03:41:01Z,1025S76203C5,1025S,,SCHEDULED,0,0.0
2026-08-15T03:41:01Z,1025S27211C4a,1025S,,SCHEDULED,0,0.0
2026-08-15T03:41:01Z,1025S79604C10,1025S,,SCHEDULED,0,0.0
2026-08-15T03:41:01Z,1025S79406C2,1025S,,SCHEDULED,0,0.0
2026-08-15T03:41:01Z,1025S76204C5,1025S,,SCHEDULED,0,0.0
2026-08-15T03:41:01Z,1025S27409C4b,1025S,,SCHEDULED,120,2.0
2026-08-15T03:41:01Z,1025S19800C1,1025S,,SCHEDULED,0,0.0
2026-08-15T03:41:01Z,1025S27205C4a,1025S,,SCHEDULED,120,2.0
2026-08-15T03:41:01Z,1025S19803C1,1025S,,SCHEDULED,0,0.0
2026-08-15T03:41:01Z,1025S76676C5,1025S,,SCHEDULED,0,0.0
2026-08-15T03:41:01Z,1025S27206C4,1025S,,SCHEDULED,120,2.0
2026-08-15T03:41:01Z,1025S27404C4b,1025S,,SCHEDULED,360,6.0
2026-08-15T03:41:01Z,1025S76358C5,1025S,,SCHEDULED,0,0.0
2026-08-15T03:41:01Z,1025S27402C4,1025S,,SCHEDULED,0,0.0
2026-08-15T03:41:01Z,1025S76359C5,1025S,,SCHEDULED,0,0.0
2026-08-15T03:41:01Z,1025S76678C5,1025S,,SCHEDULED,0,0.0
2026-08-15T03:41:01Z,1025S27204C4,1025S,,SCHEDULED,120,2.0
2026-08-15T03:41:01Z,1025S79505C2,1025S,,SCHEDULED,60,1.0
2026-08-15T03:41:01Z,1025S27209C4a,1025S,,SCHEDULED,0,0.0
2026-08-15T03:41:01Z,1025S76679C5,1025S,,SCHEDULED,0,0.0
2026-08-15T03:41:01Z,1025S27407C4b,1025S,,SCHEDULED,120,2.0
2026-08-15T03:41:01Z,1025S79509C2,1025S,,SCHEDULED,0,0.0
2026-08-15T03:41:01Z,1025S27207C4a,1025S,,SCHEDULED,0,0.0
2026-08-15T03:41:01Z,1025S27405C4b,1025S,,SCHEDULED,120,2.0
2026-08-15T03:41:01Z,1025S79102C7,1025S,,SCHEDULED,0,0.0
2026-08-15T03:41:01Z,1025S27208C4,1025S,,SCHEDULED,0,0.0
2026-08-15T03:41:01Z,1025S76353C5,1025S,,SCHEDULED,0,0.0
2026-08-15T03:41:01Z,1025S76672C5,1025S,,SCHEDULED,0,0.0
2026-08-15T03:41:01Z,1025S27000C3,1025S,,SCHEDULED,180,3.0
2026-08-15T03:41:01Z,1025S79213C7,1025S,,SCHEDULED,0,0.0
2026-08-15T03:41:01Z,1025S76355C5,1025S,,SCHEDULED,120,2.0
2026-08-15T03:41:01Z,1025S76674C5,1025S,,SCHEDULED,180,3.0
2026-08-15T03:41:01Z,1025S76356C5,1025S,,SCHEDULED,60,1.0
2026-08-15T03:41:01Z,1025S76357C5,1025S,,SCHEDULED,0,0.0
2026-08-15T03:46:01Z,3025S23502C1,3025S,,SCHEDULED,0,0.0
2026-08-15T03:46:01Z,3025S23501C1,3025S,,SCHEDULED,-60,-1.0
2026-08-15T03:46:01Z,3225S23303C1,3225S,,SCHEDULED,60,1.0
2026-08-15T03:46:01Z,3225S35511C1,3225S,,SCHEDULED,-60,-1.0
2026-08-15T03:46:01Z,4025S24103C2,4025S,,SCHEDULED,600,10.0
2026-08-15T03:46:01Z,4025S24002C2,4025S,,SCHEDULED,0,0.0
2026-08-15T03:46:01Z,4025S24001C2,4025S,,SCHEDULED,-60,-1.0
2026-08-15T03:46:01Z,5125S25604R1,5125S,,SCHEDULED,120,2.0
2026-08-15T03:46:01Z,5125S28250R2S,5125S,,SCHEDULED,60,1.0
2026-08-15T03:46:01Z,5125S25702R1,5125S,,SCHEDULED,120,2.0
2026-08-15T03:46:01Z,5125S18120R16,5125S,,SCHEDULED,0,0.0
2026-08-15T03:46:01Z,5125S35518R3,5125S,,SCHEDULED,0,0.0
2026-08-15T03:46:01Z,5125S28404R2N,5125S,,SCHEDULED,240,4.0
2026-08-15T03:46:01Z,5125S28402R2N,5125S,,SCHEDULED,60,1.0
2026-08-15T03:46:01Z,5125S28264R2S,5125S,,SCHEDULED,120,2.0
2026-08-15T03:46:01Z,5125S25400R2,5125S,,SCHEDULED,180,3.0
2026-08-15T03:46:01Z,5125S25602R1,5125S,,SCHEDULED,120,2.0
2026-08-15T03:46:01Z,5125S28263R2S,5125S,,SCHEDULED,60,1.0
2026-08-15T03:46:01Z,5125S25502R2S,5125S,,SCHEDULED,0,0.0
2026-08-15T03:46:01Z,5125S28400R2N,5125S,,SCHEDULED,-60,-1.0
2026-08-15T03:46:01Z,5125S77600R4,5125S,,SCHEDULED,0,0.0
2026-08-15T03:46:01Z,5125S77404R4,5125S,,SCHEDULED,0,0.0
2026-08-15T03:46:01Z,5125S77504R4,5125S,,SCHEDULED,120,2.0
2026-08-15T03:46:01Z,6025S26502C3,6025S,,SCHEDULED,120,2.0
2026-08-15T03:46:01Z,6025S26501C3,6025S,,SCHEDULED,120,2.0
2026-08-15T03:46:01Z,6025S26500C3,6025S,,SCHEDULED,0,0.0
2026-08-15T03:46:01Z,6025S26503C3,6025S,,SCHEDULED,0,0.0
2026-08-15T03:46:01Z,6025S29504C2,6025S,,SCHEDULED,300,5.0
2026-08-15T03:46:01Z,6025S71503C4,6025S,,SCHEDULED,0,0.0
2026-08-15T03:46:01Z,6025S29507C2,6025S,,SCHEDULED,0,0.0
2026-08-15T03:46:01Z,6025S71500C4,6025S,,SCHEDULED,0,0.0
2026-08-15T03:46:01Z,6025S26504C3,6025S,,SCHEDULED,0,0.0
2026-08-15T03:46:01Z,6125S35680C1,6125S,,SCHEDULED,0,0.0
2026-08-15T03:46:01Z,6125S32769C1,6125S,,SCHEDULED,0,0.0
2026-08-15T03:46:01Z,6125S81702C1,6125S,,SCHEDULED,0,0.0
2026-08-15T03:46:01Z,6125S35650C1,6125S,,SCHEDULED,180,3.0
2026-08-15T03:46:01Z,6225S71152C2,6225S,,SCHEDULED,0,0.0
2026-08-15T03:46:01Z,4725S71080C1,4725S,,SCHEDULED,0,0.0
2026-08-15T03:46:01Z,2025S22101C1,2025S,,SCHEDULED,60,1.0
2026-08-15T03:46:01Z,2025S22004C1,2025S,,SCHEDULED,0,0.0
2026-08-15T03:46:01Z,2025S22002C1,2025S,,SCHEDULED,0,0.0
2026-08-15T03:46:01Z,2025S35210C1,2025S,,SCHEDULED,60,1.0
2026-08-15T03:46:01Z,4125S24700C1,4125S,,SCHEDULED,0,0.0
2026-08-15T03:46:01Z,1025S79808C8a,1025S,,SCHEDULED,360,6.0
2026-08-15T03:46:01Z,1025S76360C5,1025S,,SCHEDULED,0,0.0
2026-08-15T03:46:01Z,1025S76680C5,1025S,,SCHEDULED,0,0.0
2026-08-15T03:46:01Z,1025S76362C5,1025S,,SCHEDULED,60,1.0
2026-08-15T03:46:01Z,1025S76681C5,1025S,,SCHEDULED,60,1.0
2026-08-15T03:46:01Z,1025S76364C5,1025S,,SCHEDULED,0,0.0
2026-08-15T03:46:01Z,1025S76683C5,1025S,,SCHEDULED,0,0.0
2026-08-15T03:46:01Z,1025S76366C5,1025S,,SCHEDULED,0,0.0
2026-08-15T03:46:01Z,1025S76685C5,1025S,,SCHEDULED,0,0.0
2026-08-15T03:46:01Z,1025S76687C5,1025S,,SCHEDULED,0,0.0
2026-08-15T03:46:01Z,1025S76203C5,1025S,,SCHEDULED,240,4.0
2026-08-15T03:46:01Z,1025S76204C5,1025S,,SCHEDULED,0,0.0
2026-08-15T03:46:01Z,1025S19805C1,1025S,,SCHEDULED,0,0.0
2026-08-15T03:46:01Z,1025S19800C1,1025S,,SCHEDULED,0,0.0
2026-08-15T03:46:01Z,1025S76357C5,1025S,,SCHEDULED,0,0.0
2026-08-15T03:46:01Z,1025S76676C5,1025S,,SCHEDULED,0,0.0
2026-08-15T03:46:01Z,1025S76358C5,1025S,,SCHEDULED,0,0.0
2026-08-15T03:46:01Z,1025S76359C5,1025S,,SCHEDULED,0,0.0
2026-08-15T03:46:01Z,1025S76678C5,1025S,,SCHEDULED,0,0.0
2026-08-15T03:46:01Z,1025S79505C2,1025S,,SCHEDULED,120,2.0
2026-08-15T03:46:01Z,1025S76679C5,1025S,,SCHEDULED,0,0.0
2026-08-15T03:46:01Z,1025S79509C2,1025S,,SCHEDULED,0,0.0
2026-08-15T03:46:01Z,1025S19803C1,1025S,,SCHEDULED,0,0.0
2026-08-15T03:46:01Z,1025S79102C7,1025S,,SCHEDULED,0,0.0
2026-08-15T03:46:01Z,1025S76353C5,1025S,,SCHEDULED,0,0.0
2026-08-15T03:46:01Z,1025S76672C5,1025S,,SCHEDULED,0,0.0
2026-08-15T03:46:01Z,1025S76355C5,1025S,,SCHEDULED,420,7.0
2026-08-15T03:46:01Z,1025S76674C5,1025S,,SCHEDULED,0,0.0
2026-08-15T03:46:01Z,1025S76356C5,1025S,,SCHEDULED,60,1.0
2026-08-15T03:46:01Z,1025S27202C4,1025S,,SCHEDULED,120,2.0
2026-08-15T03:46:01Z,1025S27001C3,1025S,,SCHEDULED,0,0.0
2026-08-15T03:46:01Z,1025S27002C3,1025S,,SCHEDULED,0,0.0
2026-08-15T03:46:01Z,1025S27413C4b,1025S,,SCHEDULED,0,0.0
2026-08-15T03:46:01Z,1025S79202C7,1025S,,SCHEDULED,0,0.0
2026-08-15T03:46:01Z,1025S27212C4a,1025S,,SCHEDULED,0,0.0
2026-08-15T03:46:01Z,1025S79205C7,1025S,,SCHEDULED,240,4.0
2026-08-15T03:46:01Z,1025S27411C4b,1025S,,SCHEDULED,0,0.0
2026-08-15T03:46:01Z,1025S79402C2,1025S,,SCHEDULED,120,2.0
2026-08-15T03:46:01Z,1025S27210C4a,1025S,,SCHEDULED,720,12.0
2026-08-15T03:46:01Z,1025S79206C7,1025S,,SCHEDULED,0,0.0
2026-08-15T03:46:01Z,1025S27409C4b,1025S,,SCHEDULED,180,3.0
2026-08-15T03:46:01Z,1025S27211C4a,1025S,,SCHEDULED,0,0.0
2026-08-15T03:46:01Z,1025S79406C2,1025S,,SCHEDULED,0,0.0
2026-08-15T03:46:01Z,1025S79604C10,1025S,,SCHEDULED,0,0.0
2026-08-15T03:46:01Z,1025S79806C2,1025S,,SCHEDULED,0,0.0
2026-08-15T03:46:01Z,1025S27205C4a,1025S,,SCHEDULED,420,7.0
2026-08-15T03:46:01Z,1025S27206C4,1025S,,SCHEDULED,60,1.0
2026-08-15T03:46:01Z,1025S27404C4b,1025S,,SCHEDULED,660,11.0
2026-08-15T03:46:01Z,1025S27402C4,1025S,,SCHEDULED,0,0.0
2026-08-15T03:46:01Z,1025S27209C4a,1025S,,SCHEDULED,120,2.0
2026-08-15T03:46:01Z,1025S27407C4b,1025S,,SCHEDULED,180,3.0
2026-08-15T03:46:01Z,1025S27207C4a,1025S,,SCHEDULED,0,0.0
2026-08-15T03:46:01Z,1025S27405C4b,1025S,,SCHEDULED,120,2.0
2026-08-15T03:46:01Z,1025S27208C4,1025S,,SCHEDULED,0,0.0
2026-08-15T03:46:01Z,1025S27000C3,1025S,,SCHEDULED,120,2.0
2026-08-15T03:46:01Z,1025S79213C7,1025S,,SCHEDULED,0,0.0
2026-08-15T03:46:01Z,1025S27003C3,1025S,,SCHEDULED,0,0.0
2026-08-15T03:51:08Z,3025S23501C1,3025S,,SCHEDULED,120,2.0
2026-08-15T03:51:08Z,3025S23502C1,3025S,,SCHEDULED,0,0.0
2026-08-15T03:51:08Z,3225S23303C1,3225S,,SCHEDULED,60,1.0
2026-08-15T03:51:08Z,3225S35511C1,3225S,,SCHEDULED,60,1.0
2026-08-15T03:51:08Z,4025S24103C2,4025S,,SCHEDULED,420,7.0
2026-08-15T03:51:08Z,4025S24002C2,4025S,,SCHEDULED,0,0.0
2026-08-15T03:51:08Z,4025S84004C2,4025S,,SCHEDULED,0,0.0
2026-08-15T03:51:08Z,5125S35518R3,5125S,,SCHEDULED,0,0.0
2026-08-15T03:51:08Z,5125S28250R2S,5125S,,SCHEDULED,180,3.0
2026-08-15T03:51:08Z,5125S18120R16,5125S,,SCHEDULED,0,0.0
2026-08-15T03:51:08Z,5125S18121R16,5125S,,SCHEDULED,60,1.0
2026-08-15T03:51:08Z,5125S28404R2N,5125S,,SCHEDULED,120,2.0
2026-08-15T03:51:08Z,5125S28402R2N,5125S,,SCHEDULED,180,3.0
2026-08-15T03:51:08Z,5125S77600R4,5125S,,SCHEDULED,120,2.0
2026-08-15T03:51:08Z,5125S77404R4,5125S,,SCHEDULED,0,0.0
2026-08-15T03:51:08Z,5125S77504R4,5125S,,SCHEDULED,0,0.0
2026-08-15T03:51:08Z,5125S28264R2S,5125S,,SCHEDULED,0,0.0
2026-08-15T03:51:08Z,5125S28263R2S,5125S,,SCHEDULED,-60,-1.0
2026-08-15T03:51:08Z,5125S25604R1,5125S,,SCHEDULED,180,3.0
2026-08-15T03:51:08Z,5125S28400R2N,5125S,,SCHEDULED,120,2.0
2026-08-15T03:51:08Z,5125S25702R1,5125S,,SCHEDULED,60,1.0
2026-08-15T03:51:08Z,5125S15000R15,5125S,,SCHEDULED,-60,-1.0
2026-08-15T03:51:08Z,5125S25400R2,5125S,,SCHEDULED,240,4.0
2026-08-15T03:51:08Z,5125S28556R2N,5125S,,SCHEDULED,240,4.0
2026-08-15T03:51:08Z,5125S25602R1,5125S,,SCHEDULED,60,1.0
2026-08-15T03:51:08Z,5125S25502R2S,5125S,,SCHEDULED,0,0.0
2026-08-15T03:51:08Z,6025S26502C3,6025S,,SCHEDULED,60,1.0
2026-08-15T03:51:08Z,6025S26501C3,6025S,,SCHEDULED,120,2.0
2026-08-15T03:51:08Z,6025S26503C3,6025S,,SCHEDULED,60,1.0
2026-08-15T03:51:08Z,6025S29507C2,6025S,,SCHEDULED,120,2.0
2026-08-15T03:51:08Z,6025S26504C3,6025S,,SCHEDULED,0,0.0
2026-08-15T03:51:08Z,6025S26500C3,6025S,,SCHEDULED,60,1.0
2026-08-15T03:51:08Z,6025S29504C2,6025S,,SCHEDULED,300,5.0
2026-08-15T03:51:08Z,6025S71503C4,6025S,,SCHEDULED,0,0.0
2026-08-15T03:51:08Z,6025S71500C4,6025S,,SCHEDULED,0,0.0
2026-08-15T03:51:08Z,6125S81702C1,6125S,,SCHEDULED,0,0.0
2026-08-15T03:51:08Z,6125S32700C1,6125S,,SCHEDULED,0,0.0
2026-08-15T03:51:08Z,6125S32769C1,6125S,,SCHEDULED,-60,-1.0
2026-08-15T03:51:08Z,6125S35680C1,6125S,,SCHEDULED,-60,-1.0
2026-08-15T03:51:08Z,4725S71080C1,4725S,,SCHEDULED,0,0.0
2026-08-15T03:51:08Z,2025S22101C1,2025S,,SCHEDULED,60,1.0
2026-08-15T03:51:08Z,2025S22004C1,2025S,,SCHEDULED,0,0.0
2026-08-15T03:51:08Z,2025S22002C1,2025S,,SCHEDULED,0,0.0
2026-08-15T03:51:08Z,4125S24700C1,4125S,,SCHEDULED,300,5.0
2026-08-15T03:51:08Z,1025S79808C8a,1025S,,SCHEDULED,180,3.0
2026-08-15T03:51:08Z,1025S76360C5,1025S,,SCHEDULED,0,0.0
2026-08-15T03:51:08Z,1025S76361C5,1025S,,SCHEDULED,0,0.0
2026-08-15T03:51:08Z,1025S76680C5,1025S,,SCHEDULED,0,0.0
2026-08-15T03:51:08Z,1025S76362C5,1025S,,SCHEDULED,360,6.0
2026-08-15T03:51:08Z,1025S76681C5,1025S,,SCHEDULED,60,1.0
2026-08-15T03:51:08Z,1025S76364C5,1025S,,SCHEDULED,0,0.0
2026-08-15T03:51:08Z,1025S76683C5,1025S,,SCHEDULED,0,0.0
2026-08-15T03:51:08Z,1025S76366C5,1025S,,SCHEDULED,0,0.0
2026-08-15T03:51:08Z,1025S76685C5,1025S,,SCHEDULED,0,0.0
2026-08-15T03:51:08Z,1025S76687C5,1025S,,SCHEDULED,0,0.0
2026-08-15T03:51:08Z,1025S76203C5,1025S,,SCHEDULED,0,0.0
2026-08-15T03:51:08Z,1025S76204C5,1025S,,SCHEDULED,0,0.0
2026-08-15T03:51:08Z,1025S76205C5,1025S,,SCHEDULED,0,0.0
2026-08-15T03:51:08Z,1025S19805C1,1025S,,SCHEDULED,0,0.0
2026-08-15T03:51:08Z,1025S27003C3,1025S,,SCHEDULED,0,0.0
2026-08-15T03:51:08Z,1025S27202C4,1025S,,SCHEDULED,300,5.0
2026-08-15T03:51:08Z,1025S27001C3,1025S,,SCHEDULED,0,0.0
2026-08-15T03:51:08Z,1025S27002C3,1025S,,SCHEDULED,0,0.0
2026-08-15T03:51:08Z,1025S27413C4b,1025S,,SCHEDULED,0,0.0
2026-08-15T03:51:08Z,1025S79202C7,1025S,,SCHEDULED,300,5.0
2026-08-15T03:51:08Z,1025S27212C4a,1025S,,SCHEDULED,0,0.0
2026-08-15T03:51:08Z,1025S79205C7,1025S,,SCHEDULED,300,5.0
2026-08-15T03:51:08Z,1025S27411C4b,1025S,,SCHEDULED,0,0.0
2026-08-15T03:51:08Z,1025S79402C2,1025S,,SCHEDULED,0,0.0
2026-08-15T03:51:08Z,1025S27210C4a,1025S,,SCHEDULED,60,1.0
2026-08-15T03:51:08Z,1025S79206C7,1025S,,SCHEDULED,0,0.0
2026-08-15T03:51:08Z,1025S27211C4a,1025S,,SCHEDULED,0,0.0
2026-08-15T03:51:08Z,1025S79406C2,1025S,,SCHEDULED,0,0.0
2026-08-15T03:51:08Z,1025S79604C10,1025S,,SCHEDULED,300,5.0
2026-08-15T03:51:08Z,1025S79806C2,1025S,,SCHEDULED,0,0.0
2026-08-15T03:51:08Z,1025S27409C4b,1025S,,SCHEDULED,120,2.0
2026-08-15T03:51:08Z,1025S27205C4a,1025S,,SCHEDULED,300,5.0
2026-08-15T03:51:08Z,1025S27206C4,1025S,,SCHEDULED,120,2.0
2026-08-15T03:51:08Z,1025S27404C4b,1025S,,SCHEDULED,960,16.0
2026-08-15T03:51:08Z,1025S27402C4,1025S,,SCHEDULED,0,0.0
2026-08-15T03:51:08Z,1025S27204C4,1025S,,SCHEDULED,360,6.0
2026-08-15T03:51:08Z,1025S27209C4a,1025S,,SCHEDULED,120,2.0
2026-08-15T03:51:08Z,1025S27407C4b,1025S,,SCHEDULED,120,2.0
2026-08-15T03:51:08Z,1025S27207C4a,1025S,,SCHEDULED,0,0.0
2026-08-15T03:51:08Z,1025S27405C4b,1025S,,SCHEDULED,240,4.0
2026-08-15T03:51:08Z,1025S27406C4b,1025S,,SCHEDULED,0,0.0
2026-08-15T03:51:08Z,1025S27208C4,1025S,,SCHEDULED,0,0.0
2026-08-15T03:51:08Z,1025S27000C3,1025S,,SCHEDULED,60,1.0
2026-08-15T03:51:08Z,1025S79213C7,1025S,,SCHEDULED,0,0.0
2026-08-15T03:51:08Z,1025S79810C8a,1025S,,SCHEDULED,0,0.0
2026-08-15T03:51:08Z,1025S76674C5,1025S,,SCHEDULED,0,0.0
2026-08-15T03:51:08Z,1025S76676C5,1025S,,SCHEDULED,60,1.0
2026-08-15T03:51:08Z,1025S76357C5,1025S,,SCHEDULED,120,2.0
2026-08-15T03:51:08Z,1025S76358C5,1025S,,SCHEDULED,60,1.0
2026-08-15T03:51:08Z,1025S76359C5,1025S,,SCHEDULED,0,0.0
2026-08-15T03:51:08Z,1025S76678C5,1025S,,SCHEDULED,0,0.0
2026-08-15T03:51:08Z,1025S79505C2,1025S,,SCHEDULED,0,0.0
2026-08-15T03:51:08Z,1025S79509C2,1025S,,SCHEDULED,0,0.0
2026-08-15T03:51:08Z,1025S19800C1,1025S,,SCHEDULED,0,0.0
2026-08-15T03:51:08Z,1025S19803C1,1025S,,SCHEDULED,300,5.0
2026-08-15T03:51:08Z,1025S19802C1,1025S,,SCHEDULED,0,0.0
2026-08-15T03:51:08Z,1025S79102C7,1025S,,SCHEDULED,0,0.0
2026-08-15T03:51:08Z,1025S76353C5,1025S,,SCHEDULED,60,1.0
2026-08-15T03:51:08Z,1025S76672C5,1025S,,SCHEDULED,0,0.0
2026-08-15T03:51:08Z,1025S79103C7,1025S,,SCHEDULED,0,0.0
2026-08-15T03:51:08Z,1025S76355C5,1025S,,SCHEDULED,0,0.0
2026-08-15T03:55:53Z,3025S23502C1,3025S,,SCHEDULED,0,0.0
2026-08-15T03:55:53Z,3025S23501C1,3025S,,SCHEDULED,120,2.0
2026-08-15T03:55:53Z,3225S23302C1,3225S,,SCHEDULED,0,0.0
2026-08-15T03:55:53Z,4025S24002C2,4025S,,SCHEDULED,0,0.0
2026-08-15T03:55:53Z,4025S24103C2,4025S,,SCHEDULED,420,7.0
2026-08-15T03:55:53Z,4025S24003C2,4025S,,SCHEDULED,0,0.0
2026-08-15T03:55:53Z,4025S24001C2,4025S,,SCHEDULED,60,1.0
2026-08-15T03:55:53Z,4025S84004C2,4025S,,SCHEDULED,0,0.0
2026-08-15T03:55:53Z,5125S28250R2S,5125S,,SCHEDULED,300,5.0
2026-08-15T03:55:53Z,5125S18120R16,5125S,,SCHEDULED,0,0.0
2026-08-15T03:55:53Z,5125S18121R16,5125S,,SCHEDULED,-120,-2.0
2026-08-15T03:55:53Z,5125S28404R2N,5125S,,SCHEDULED,60,1.0
2026-08-15T03:55:53Z,5125S28402R2N,5125S,,SCHEDULED,240,4.0
2026-08-15T03:55:53Z,5125S77600R4,5125S,,SCHEDULED,180,3.0
2026-08-15T03:55:53Z,5125S77404R4,5125S,,SCHEDULED,0,0.0
2026-08-15T03:55:53Z,5125S77504R4,5125S,,SCHEDULED,60,1.0
2026-08-15T03:55:53Z,5125S28264R2S,5125S,,SCHEDULED,0,0.0
2026-08-15T03:55:53Z,5125S28263R2S,5125S,,SCHEDULED,120,2.0
2026-08-15T03:55:53Z,5125S77400R4,5125S,,SCHEDULED,60,1.0
2026-08-15T03:55:53Z,5125S28400R2N,5125S,,SCHEDULED,180,3.0
2026-08-15T03:55:53Z,5125S25502R2S,5125S,,SCHEDULED,0,0.0
2026-08-15T03:55:53Z,5125S25601R1,5125S,,SCHEDULED,300,5.0
2026-08-15T03:55:53Z,5125S25604R1,5125S,,SCHEDULED,180,3.0
2026-08-15T03:55:53Z,5125S35518R3,5125S,,SCHEDULED,0,0.0
2026-08-15T03:55:53Z,5125S25606R1,5125S,,SCHEDULED,-60,-1.0
2026-08-15T03:55:53Z,5125S15000R15,5125S,,SCHEDULED,0,0.0
2026-08-15T03:55:53Z,5125S25400R2,5125S,,SCHEDULED,300,5.0
2026-08-15T03:55:53Z,5125S25402R2N,5125S,,SCHEDULED,0,0.0
2026-08-15T03:55:53Z,5125S25501R2S,5125S,,SCHEDULED,360,6.0
2026-08-15T03:55:53Z,5125S28556R2N,5125S,,SCHEDULED,240,4.0
2026-08-15T03:55:53Z,5125S25602R1,5125S,,SCHEDULED,120,2.0
2026-08-15T03:55:53Z,6025S26501C3,6025S,,SCHEDULED,240,4.0
2026-08-15T03:55:53Z,6025S29608C1,6025S,,SCHEDULED,0,0.0
2026-08-15T03:55:53Z,6025S26500C3,6025S,,SCHEDULED,120,2.0
2026-08-15T03:55:53Z,6025S29507C2,6025S,,SCHEDULED,120,2.0
2026-08-15T03:55:53Z,6025S29504C2,6025S,,SCHEDULED,300,5.0
2026-08-15T03:55:53Z,6025S71503C4,6025S,,SCHEDULED,0,0.0
2026-08-15T03:55:53Z,6025S71500C4,6025S,,SCHEDULED,0,0.0
2026-08-15T03:55:53Z,6025S26502C3,6025S,,SCHEDULED,60,1.0
2026-08-15T03:55:53Z,6125S32769C1,6125S,,SCHEDULED,-60,-1.0
2026-08-15T03:55:53Z,6125S81769C1,6125S,,SCHEDULED,0,0.0
2026-08-15T03:55:53Z,6125S32701C1,6125S,,SCHEDULED,0,0.0
2026-08-15T03:55:53Z,6125S32700C1,6125S,,SCHEDULED,0,0.0
2026-08-15T03:55:53Z,6125S35680C1,6125S,,SCHEDULED,-60,-1.0
2026-08-15T03:55:53Z,6225S71152C2,6225S,,SCHEDULED,0,0.0
2026-08-15T03:55:53Z,4725S71080C1,4725S,,SCHEDULED,0,0.0
2026-08-15T03:55:53Z,2025S22002C1,2025S,,SCHEDULED,0,0.0
2026-08-15T03:55:53Z,2025S22004C1,2025S,,SCHEDULED,-60,-1.0
2026-08-15T03:55:53Z,2025S35210C1,2025S,,SCHEDULED,120,2.0
2026-08-15T03:55:53Z,4125S24700C1,4125S,,SCHEDULED,600,10.0
2026-08-15T03:55:53Z,1025S79604C10,1025S,,SCHEDULED,600,10.0
2026-08-15T03:55:53Z,1025S79806C2,1025S,,SCHEDULED,0,0.0
2026-08-15T03:55:53Z,1025S79808C8a,1025S,,SCHEDULED,120,2.0
2026-08-15T03:55:53Z,1025S76360C5,1025S,,SCHEDULED,0,0.0
2026-08-15T03:55:53Z,1025S76361C5,1025S,,SCHEDULED,0,0.0
2026-08-15T03:55:53Z,1025S76680C5,1025S,,SCHEDULED,0,0.0
2026-08-15T03:55:53Z,1025S76362C5,1025S,,SCHEDULED,60,1.0
2026-08-15T03:55:53Z,1025S76681C5,1025S,,SCHEDULED,0,0.0
2026-08-15T03:55:53Z,1025S76682C5,1025S,,SCHEDULED,0,0.0
2026-08-15T03:55:53Z,1025S76683C5,1025S,,SCHEDULED,0,0.0
2026-08-15T03:55:53Z,1025S76364C5,1025S,,SCHEDULED,120,2.0
2026-08-15T03:55:53Z,1025S76366C5,1025S,,SCHEDULED,0,0.0
2026-08-15T03:55:53Z,1025S76685C5,1025S,,SCHEDULED,180,3.0
2026-08-15T03:55:53Z,1025S76368C5,1025S,,SCHEDULED,0,0.0
2026-08-15T03:55:53Z,1025S76687C5,1025S,,SCHEDULED,0,0.0
2026-08-15T03:55:53Z,1025S76203C5,1025S,,SCHEDULED,0,0.0
2026-08-15T03:55:53Z,1025S76204C5,1025S,,SCHEDULED,0,0.0
2026-08-15T03:55:53Z,1025S76355C5,1025S,,SCHEDULED,0,0.0
2026-08-15T03:55:53Z,1025S76674C5,1025S,,SCHEDULED,0,0.0
2026-08-15T03:55:53Z,1025S76676C5,1025S,,SCHEDULED,0,0.0
2026-08-15T03:55:53Z,1025S76357C5,1025S,,SCHEDULED,420,7.0
2026-08-15T03:55:53Z,1025S76358C5,1025S,,SCHEDULED,60,1.0
2026-08-15T03:55:53Z,1025S76359C5,1025S,,SCHEDULED,0,0.0
2026-08-15T03:55:53Z,1025S76678C5,1025S,,SCHEDULED,0,0.0
2026-08-15T03:55:53Z,1025S79505C2,1025S,,SCHEDULED,0,0.0
2026-08-15T03:55:53Z,1025S79509C2,1025S,,SCHEDULED,0,0.0
2026-08-15T03:55:53Z,1025S76689C5,1025S,,SCHEDULED,0,0.0
2026-08-15T03:55:53Z,1025S76205C5,1025S,,SCHEDULED,0,0.0
2026-08-15T03:55:53Z,1025S19805C1,1025S,,SCHEDULED,0,0.0
2026-08-15T03:55:53Z,1025S19800C1,1025S,,SCHEDULED,60,1.0
2026-08-15T03:55:53Z,1025S19803C1,1025S,,SCHEDULED,600,10.0
2026-08-15T03:55:53Z,1025S19802C1,1025S,,SCHEDULED,0,0.0
2026-08-15T03:55:53Z,1025S79102C7,1025S,,SCHEDULED,0,0.0
2026-08-15T03:55:53Z,1025S76353C5,1025S,,SCHEDULED,0,0.0
2026-08-15T03:55:53Z,1025S79103C7,1025S,,SCHEDULED,0,0.0
2026-08-15T03:55:53Z,1025S27003C3,1025S,,SCHEDULED,240,4.0
2026-08-15T03:55:53Z,1025S27004C3,1025S,,SCHEDULED,0,0.0
2026-08-15T03:55:53Z,1025S27202C4,1025S,,SCHEDULED,360,6.0
2026-08-15T03:55:53Z,1025S27001C3,1025S,,SCHEDULED,60,1.0
2026-08-15T03:55:53Z,1025S79217C7,1025S,,SCHEDULED,0,0.0
2026-08-15T03:55:53Z,1025S27002C3,1025S,,SCHEDULED,60,1.0
2026-08-15T03:55:53Z,1025S27413C4b,1025S,,SCHEDULED,0,0.0
2026-08-15T03:55:53Z,1025S79202C7,1025S,,SCHEDULED,420,7.0
2026-08-15T03:55:53Z,1025S27212C4a,1025S,,SCHEDULED,0,0.0
2026-08-15T03:55:53Z,1025S27213C4a,1025S,,SCHEDULED,0,0.0
2026-08-15T03:55:53Z,1025S27411C4b,1025S,,SCHEDULED,120,2.0
2026-08-15T03:55:53Z,1025S79402C2,1025S,,SCHEDULED,60,1.0
2026-08-15T03:55:53Z,1025S27210C4a,1025S,,SCHEDULED,0,0.0
2026-08-15T03:55:53Z,1025S79206C7,1025S,,SCHEDULED,0,0.0
2026-08-15T03:55:53Z,1025S27211C4a,1025S,,SCHEDULED,0,0.0
2026-08-15T03:55:53Z,1025S79406C2,1025S,,SCHEDULED,0,0.0
2026-08-15T03:55:53Z,1025S27409C4b,1025S,,SCHEDULED,180,3.0
2026-08-15T03:55:53Z,1025S27205C4a,1025S,,SCHEDULED,300,5.0
2026-08-15T03:55:53Z,1025S27404C4b,1025S,,SCHEDULED,120,2.0
2026-08-15T03:55:53Z,1025S27206C4,1025S,,SCHEDULED,0,0.0
2026-08-15T03:55:53Z,1025S27005C3,1025S,,SCHEDULED,0,0.0
2026-08-15T03:55:53Z,1025S27402C4,1025S,,SCHEDULED,0,0.0
2026-08-15T03:55:53Z,1025S27204C4,1025S,,SCHEDULED,180,3.0
2026-08-15T03:55:53Z,1025S27209C4a,1025S,,SCHEDULED,180,3.0
2026-08-15T03:55:53Z,1025S27407C4b,1025S,,SCHEDULED,120,2.0
2026-08-15T03:55:53Z,1025S79210C7,1025S,,SCHEDULED,0,0.0
2026-08-15T03:55:53Z,1025S27207C4a,1025S,,SCHEDULED,240,4.0
2026-08-15T03:55:53Z,1025S27405C4b,1025S,,SCHEDULED,480,8.0
2026-08-15T03:55:53Z,1025S27406C4b,1025S,,SCHEDULED,0,0.0
2026-08-15T03:55:53Z,1025S27208C4,1025S,,SCHEDULED,0,0.0
2026-08-15T03:55:53Z,1025S27000C3,1025S,,SCHEDULED,60,1.0
2026-08-15T03:55:53Z,1025S79213C7,1025S,,SCHEDULED,0,0.0
2026-08-15T03:55:53Z,1025S79810C8a,1025S,,SCHEDULED,0,0.0
2026-08-15T04:01:31Z,3025S23501C1,3025S,,SCHEDULED,120,2.0
2026-08-15T04:01:31Z,3025S23506C1,3025S,,SCHEDULED,0,0.0
2026-08-15T04:01:31Z,3025S23502C1,3025S,,SCHEDULED,0,0.0
2026-08-15T04:01:31Z,3225S23302C1,3225S,,SCHEDULED,0,0.0
2026-08-15T04:01:31Z,3225S23305C1,3225S,,SCHEDULED,-60,-1.0
2026-08-15T04:01:31Z,3225S35511C1,3225S,,SCHEDULED,0,0.0
2026-08-15T04:01:31Z,3225S23303C1,3225S,,SCHEDULED,60,1.0
2026-08-15T04:01:31Z,4025S24002C2,4025S,,SCHEDULED,0,0.0
2026-08-15T04:01:31Z,4025S24103C2,4025S,,SCHEDULED,420,7.0
2026-08-15T04:01:31Z,4025S24003C2,4025S,,SCHEDULED,0,0.0
2026-08-15T04:01:31Z,4025S24001C2,4025S,,SCHEDULED,60,1.0
2026-08-15T04:01:31Z,4025S84004C2,4025S,,SCHEDULED,0,0.0
2026-08-15T04:01:31Z,5125S28404R2N,5125S,,SCHEDULED,180,3.0
2026-08-15T04:01:31Z,5125S28402R2N,5125S,,SCHEDULED,180,3.0
2026-08-15T04:01:31Z,5125S25502R2S,5125S,,SCHEDULED,0,0.0
2026-08-15T04:01:31Z,5125S25601R1,5125S,,SCHEDULED,180,3.0
2026-08-15T04:01:31Z,5125S28250R2S,5125S,,SCHEDULED,360,6.0
2026-08-15T04:01:31Z,5125S25604R1,5125S,,SCHEDULED,240,4.0
2026-08-15T04:01:31Z,5125S35516R3,5125S,,SCHEDULED,480,8.0
2026-08-15T04:01:31Z,5125S18121R16,5125S,,SCHEDULED,-60,-1.0
2026-08-15T04:01:31Z,5125S77600R4,5125S,,SCHEDULED,0,0.0
2026-08-15T04:01:31Z,5125S25606R1,5125S,,SCHEDULED,0,0.0
2026-08-15T04:01:31Z,5125S77404R4,5125S,,SCHEDULED,-60,-1.0
2026-08-15T04:01:31Z,5125S77504R4,5125S,,SCHEDULED,60,1.0
2026-08-15T04:01:31Z,5125S77508R4,5125S,,SCHEDULED,60,1.0
2026-08-15T04:01:31Z,5125S28264R2S,5125S,,SCHEDULED,120,2.0
2026-08-15T04:01:31Z,5125S15000R15,5125S,,SCHEDULED,60,1.0
2026-08-15T04:01:31Z,5125S25400R2,5125S,,SCHEDULED,480,8.0
2026-08-15T04:01:31Z,5125S28263R2S,5125S,,SCHEDULED,0,0.0
2026-08-15T04:01:31Z,5125S25501R2S,5125S,,SCHEDULED,120,2.0
2026-08-15T04:01:31Z,5125S28556R2N,5125S,,SCHEDULED,60,1.0
2026-08-15T04:01:31Z,5125S77400R4,5125S,,SCHEDULED,-60,-1.0
2026-08-15T04:01:31Z,5125S25602R1,5125S,,SCHEDULED,-60,-1.0
2026-08-15T04:01:31Z,6025S29608C1,6025S,,SCHEDULED,0,0.0
2026-08-15T04:01:31Z,6025S26504C3,6025S,,SCHEDULED,180,3.0
2026-08-15T04:01:31Z,6025S26500C3,6025S,,SCHEDULED,120,2.0
2026-08-15T04:01:31Z,6025S29504C2,6025S,,SCHEDULED,360,6.0
2026-08-15T04:01:31Z,6025S26502C3,6025S,,SCHEDULED,180,3.0
2026-08-15T04:01:31Z,6025S71503C4,6025S,,SCHEDULED,60,1.0
2026-08-15T04:01:31Z,6025S71500C4,6025S,,SCHEDULED,60,1.0
2026-08-15T04:01:31Z,6025S29507C2,6025S,,SCHEDULED,180,3.0
2026-08-15T04:01:31Z,6025S26505C3,6025S,,SCHEDULED,0,0.0
2026-08-15T04:01:31Z,6025S26501C3,6025S,,SCHEDULED,120,2.0
2026-08-15T04:01:31Z,6125S81769C1,6125S,,SCHEDULED,0,0.0
2026-08-15T04:01:31Z,6125S32701C1,6125S,,SCHEDULED,0,0.0
2026-08-15T04:01:31Z,6125S32700C1,6125S,,SCHEDULED,0,0.0
2026-08-15T04:01:31Z,6125S35680C1,6125S,,SCHEDULED,-120,-2.0
2026-08-15T04:01:31Z,6225S71152C2,6225S,,SCHEDULED,0,0.0
2026-08-15T04:01:31Z,4725S71080C1,4725S,,SCHEDULED,-120,-2.0
2026-08-15T04:01:31Z,2025S22002C1,2025S,,SCHEDULED,0,0.0
2026-08-15T04:01:31Z,2025S22004C1,2025S,,SCHEDULED,300,5.0
2026-08-15T04:01:31Z,2025S35210C1,2025S,,SCHEDULED,0,0.0
2026-08-15T04:01:31Z,2025S70204C4,2025S,,SCHEDULED,0,0.0
2026-08-15T04:01:31Z,4125S24700C1,4125S,,SCHEDULED,960,16.0
2026-08-15T04:01:31Z,4125S24703C1,4125S,,SCHEDULED,0,0.0
2026-08-15T04:01:31Z,1025S79604C10,1025S,,SCHEDULED,960,16.0
2026-08-15T04:01:31Z,1025S79806C2,1025S,,SCHEDULED,60,1.0
2026-08-15T04:01:31Z,1025S79808C8a,1025S,,SCHEDULED,0,0.0
2026-08-15T04:01:31Z,1025S76360C5,1025S,,SCHEDULED,0,0.0
2026-08-15T04:01:31Z,1025S76361C5,1025S,,SCHEDULED,0,0.0
2026-08-15T04:01:31Z,1025S76680C5,1025S,,SCHEDULED,0,0.0
2026-08-15T04:01:31Z,1025S76362C5,1025S,,SCHEDULED,0,0.0
2026-08-15T04:01:31Z,1025S76363C5,1025S,,SCHEDULED,0,0.0
2026-08-15T04:01:31Z,1025S76682C5,1025S,,SCHEDULED,0,0.0
2026-08-15T04:01:31Z,1025S76683C5,1025S,,SCHEDULED,60,1.0
2026-08-15T04:01:31Z,1025S76364C5,1025S,,SCHEDULED,420,7.0
2026-08-15T04:01:31Z,1025S76366C5,1025S,,SCHEDULED,0,0.0
2026-08-15T04:01:31Z,1025S76685C5,1025S,,SCHEDULED,540,9.0
2026-08-15T04:01:31Z,1025S76368C5,1025S,,SCHEDULED,0,0.0
2026-08-15T04:01:31Z,1025S76687C5,1025S,,SCHEDULED,0,0.0
2026-08-15T04:01:31Z,1025S79954C8b,1025S,,SCHEDULED,0,0.0
2026-08-15T04:01:31Z,1025S76204C5,1025S,,SCHEDULED,120,2.0
2026-08-15T04:01:31Z,1025S79103C7,1025S,,SCHEDULED,0,0.0
2026-08-15T04:01:31Z,1025S76355C5,1025S,,SCHEDULED,0,0.0
2026-08-15T04:01:31Z,1025S76674C5,1025S,,SCHEDULED,60,1.0
2026-08-15T04:01:31Z,1025S76676C5,1025S,,SCHEDULED,0,0.0
2026-08-15T04:01:31Z,1025S76357C5,1025S,,SCHEDULED,0,0.0
2026-08-15T04:01:31Z,1025S27004C3,1025S,,SCHEDULED,0,0.0
2026-08-15T04:01:31Z,1025S76359C5,1025S,,SCHEDULED,180,3.0
2026-08-15T04:01:31Z,1025S76678C5,1025S,,SCHEDULED,180,3.0
2026-08-15T04:01:31Z,1025S27202C4,1025S,,SCHEDULED,300,5.0
2026-08-15T04:01:31Z,1025S79505C2,1025S,,SCHEDULED,60,1.0
2026-08-15T04:01:31Z,1025S79217C7,1025S,,SCHEDULED,0,0.0
2026-08-15T04:01:31Z,1025S27002C3,1025S,,SCHEDULED,0,0.0
2026-08-15T04:01:31Z,1025S79509C2,1025S,,SCHEDULED,0,0.0
2026-08-15T04:01:31Z,1025S27413C4b,1025S,,SCHEDULED,0,0.0
2026-08-15T04:01:31Z,1025S76370C5,1025S,,SCHEDULED,0,0.0
2026-08-15T04:01:31Z,1025S79202C7,1025S,,SCHEDULED,480,8.0
2026-08-15T04:01:31Z,1025S27212C4a,1025S,,SCHEDULED,0,0.0
2026-08-15T04:01:31Z,1025S79205C7,1025S,,SCHEDULED,180,3.0
2026-08-15T04:01:31Z,1025S76689C5,1025S,,SCHEDULED,0,0.0
2026-08-15T04:01:31Z,1025S27213C4a,1025S,,SCHEDULED,0,0.0
2026-08-15T04:01:31Z,1025S27411C4b,1025S,,SCHEDULED,480,8.0
2026-08-15T04:01:31Z,1025S79402C2,1025S,,SCHEDULED,120,2.0
2026-08-15T04:01:31Z,1025S76205C5,1025S,,SCHEDULED,0,0.0
2026-08-15T04:01:31Z,1025S27210C4a,1025S,,SCHEDULED,0,0.0
2026-08-15T04:01:31Z,1025S79206C7,1025S,,SCHEDULED,0,0.0
2026-08-15T04:01:31Z,1025S19805C1,1025S,,SCHEDULED,0,0.0
2026-08-15T04:01:31Z,1025S27211C4a,1025S,,SCHEDULED,0,0.0
2026-08-15T04:01:31Z,1025S79406C2,1025S,,SCHEDULED,0,0.0
2026-08-15T04:01:31Z,1025S27205C4a,1025S,,SCHEDULED,360,6.0
2026-08-15T04:01:31Z,1025S19807C1,1025S,,SCHEDULED,0,0.0
2026-08-15T04:01:31Z,1025S27404C4b,1025S,,SCHEDULED,120,2.0
2026-08-15T04:01:31Z,1025S27206C4,1025S,,SCHEDULED,0,0.0
2026-08-15T04:01:31Z,1025S19800C1,1025S,,SCHEDULED,0,0.0
2026-08-15T04:01:31Z,1025S27005C3,1025S,,SCHEDULED,0,0.0
2026-08-15T04:01:31Z,1025S27402C4,1025S,,SCHEDULED,0,0.0
2026-08-15T04:01:31Z,1025S19803C1,1025S,,SCHEDULED,120,2.0
2026-08-15T04:01:31Z,1025S27204C4,1025S,,SCHEDULED,360,6.0
2026-08-15T04:01:31Z,1025S27209C4a,1025S,,SCHEDULED,420,7.0
2026-08-15T04:01:31Z,1025S27407C4b,1025S,,SCHEDULED,120,2.0
2026-08-15T04:01:31Z,1025S79210C7,1025S,,SCHEDULED,0,0.0
2026-08-15T04:01:31Z,1025S27207C4a,1025S,,SCHEDULED,60,1.0
2026-08-15T04:01:31Z,1025S19802C1,1025S,,SCHEDULED,0,0.0
2026-08-15T04:01:31Z,1025S27208C4,1025S,,SCHEDULED,0,0.0
2026-08-15T04:01:31Z,1025S79102C7,1025S,,SCHEDULED,0,0.0
2026-08-15T04:01:31Z,1025S27406C4b,1025S,,SCHEDULED,120,2.0
2026-08-15T04:01:31Z,1025S76353C5,1025S,,SCHEDULED,60,1.0
2026-08-15T04:01:31Z,1025S27000C3,1025S,,SCHEDULED,120,2.0
2026-08-15T04:01:31Z,1025S79213C7,1025S,,SCHEDULED,0,0.0
2026-08-15T04:01:31Z,1025S79810C8a,1025S,,SCHEDULED,0,0.0
2026-08-15T04:01:31Z,1025S27003C3,1025S,,SCHEDULED,60,1.0
2026-08-15T04:05:55Z,3025S23501C1,3025S,,SCHEDULED,360,6.0
2026-08-15T04:05:55Z,3025S23506C1,3025S,,SCHEDULED,0,0.0
2026-08-15T04:05:55Z,3025S23502C1,3025S,,SCHEDULED,120,2.0
2026-08-15T04:05:55Z,3225S23302C1,3225S,,SCHEDULED,0,0.0
2026-08-15T04:05:55Z,3225S23305C1,3225S,,SCHEDULED,0,0.0
2026-08-15T04:05:55Z,3225S35511C1,3225S,,SCHEDULED,120,2.0
2026-08-15T04:05:55Z,4025S24001C2,4025S,,SCHEDULED,0,0.0
2026-08-15T04:05:55Z,4025S24002C2,4025S,,SCHEDULED,60,1.0
2026-08-15T04:05:55Z,4025S24003C2,4025S,,SCHEDULED,0,0.0
2026-08-15T04:05:55Z,4025S24302C6,4025S,,SCHEDULED,0,0.0
2026-08-15T04:05:55Z,4025S24303C6,4025S,,SCHEDULED,0,0.0
2026-08-15T04:05:55Z,4025S24103C2,4025S,,SCHEDULED,420,7.0
2026-08-15T04:05:55Z,4025S84004C2,4025S,,SCHEDULED,0,0.0
2026-08-15T04:05:55Z,5125S28250R2S,5125S,,SCHEDULED,240,4.0
2026-08-15T04:05:55Z,5125S25601R1,5125S,,SCHEDULED,300,5.0
2026-08-15T04:05:55Z,5125S35516R3,5125S,,SCHEDULED,480,8.0
2026-08-15T04:05:55Z,5125S25604R1,5125S,,SCHEDULED,180,3.0
2026-08-15T04:05:55Z,5125S18121R16,5125S,,SCHEDULED,60,1.0
2026-08-15T04:05:55Z,5125S28404R2N,5125S,,SCHEDULED,120,2.0
2026-08-15T04:05:55Z,5125S28402R2N,5125S,,SCHEDULED,180,3.0
2026-08-15T04:05:55Z,5125S25606R1,5125S,,SCHEDULED,0,0.0
2026-08-15T04:05:55Z,5125S77600R4,5125S,,SCHEDULED,0,0.0
2026-08-15T04:05:55Z,5125S25608R1,5125S,,SCHEDULED,0,0.0
2026-08-15T04:05:55Z,5125S77404R4,5125S,,SCHEDULED,60,1.0
2026-08-15T04:05:55Z,5125S77504R4,5125S,,SCHEDULED,120,2.0
2026-08-15T04:05:55Z,5125S77508R4,5125S,,SCHEDULED,-60,-1.0
2026-08-15T04:05:55Z,5125S15000R15,5125S,,SCHEDULED,60,1.0
2026-08-15T04:05:55Z,5125S25400R2,5125S,,SCHEDULED,300,5.0
2026-08-15T04:05:55Z,5125S25501R2S,5125S,,SCHEDULED,120,2.0
2026-08-15T04:05:55Z,5125S28556R2N,5125S,,SCHEDULED,60,1.0
2026-08-15T04:05:55Z,5125S28264R2S,5125S,,SCHEDULED,0,0.0
2026-08-15T04:05:55Z,5125S28263R2S,5125S,,SCHEDULED,120,2.0
2026-08-15T04:05:55Z,5125S77400R4,5125S,,SCHEDULED,0,0.0
2026-08-15T04:05:55Z,6025S71500C4,6025S,,SCHEDULED,60,1.0
2026-08-15T04:05:55Z,6025S26504C3,6025S,,SCHEDULED,240,4.0
2026-08-15T04:05:55Z,6025S26503C3,6025S,,SCHEDULED,-60,-1.0
2026-08-15T04:05:55Z,6025S26502C3,6025S,,SCHEDULED,180,3.0
2026-08-15T04:05:55Z,6025S29507C2,6025S,,SCHEDULED,240,4.0
2026-08-15T04:05:55Z,6025S29608C1,6025S,,SCHEDULED,0,0.0
2026-08-15T04:05:55Z,6025S71503C4,6025S,,SCHEDULED,0,0.0
2026-08-15T04:05:55Z,6025S26505C3,6025S,,SCHEDULED,0,0.0
2026-08-15T04:05:55Z,6025S26506C3,6025S,,SCHEDULED,0,0.0
2026-08-15T04:05:55Z,6025S29611C1,6025S,,SCHEDULED,0,0.0
2026-08-15T04:05:55Z,6125S81769C1,6125S,,SCHEDULED,0,0.0
2026-08-15T04:05:55Z,6125S32701C1,6125S,,SCHEDULED,0,0.0
2026-08-15T04:05:55Z,6125S35680C1,6125S,,SCHEDULED,0,0.0
2026-08-15T04:05:55Z,4725S71080C1,4725S,,SCHEDULED,0,0.0
2026-08-15T04:05:55Z,2025S22002C1,2025S,,SCHEDULED,-60,-1.0
2026-08-15T04:05:55Z,2025S22004C1,2025S,,SCHEDULED,600,10.0
2026-08-15T04:05:55Z,2025S35210C1,2025S,,SCHEDULED,60,1.0
2026-08-15T04:05:55Z,2025S70204C4,2025S,,CANCELED,,
2026-08-15T04:05:55Z,4125S24700C1,4125S,,SCHEDULED,1200,20.0
2026-08-15T04:05:55Z,4125S84904C2,4125S,,SCHEDULED,0,0.0
2026-08-15T04:05:55Z,4125S24703C1,4125S,,SCHEDULED,0,0.0
2026-08-15T04:05:55Z,1025S76682C5,1025S,,SCHEDULED,0,0.0
2026-08-15T04:05:55Z,1025S76683C5,1025S,,SCHEDULED,0,0.0
2026-08-15T04:05:55Z,1025S76364C5,1025S,,SCHEDULED,180,3.0
2026-08-15T04:05:55Z,1025S76684C5,1025S,,SCHEDULED,0,0.0
2026-08-15T04:05:55Z,1025S27004C3,1025S,,SCHEDULED,120,2.0
2026-08-15T04:05:55Z,1025S79217C7,1025S,,SCHEDULED,0,0.0
2026-08-15T04:05:55Z,1025S79513C2,1025S,,SCHEDULED,0,0.0
2026-08-15T04:05:55Z,1025S27002C3,1025S,,SCHEDULED,240,4.0
2026-08-15T04:05:55Z,1025S76366C5,1025S,,SCHEDULED,120,2.0
2026-08-15T04:05:55Z,1025S27415C4b,1025S,,SCHEDULED,0,0.0
2026-08-15T04:05:55Z,1025S76685C5,1025S,,SCHEDULED,60,1.0
2026-08-15T04:05:55Z,1025S27214C4a,1025S,,SCHEDULED,0,0.0
2026-08-15T04:05:55Z,1025S76368C5,1025S,,SCHEDULED,0,0.0
2026-08-15T04:05:55Z,1025S27413C4b,1025S,,SCHEDULED,0,0.0
2026-08-15T04:05:55Z,1025S76687C5,1025S,,SCHEDULED,180,3.0
2026-08-15T04:05:55Z,1025S79604C10,1025S,,SCHEDULED,0,0.0
2026-08-15T04:05:55Z,1025S79406C2,1025S,,SCHEDULED,60,1.0
2026-08-15T04:05:55Z,1025S76370C5,1025S,,SCHEDULED,0,0.0
2026-08-15T04:05:55Z,1025S79806C2,1025S,,SCHEDULED,120,2.0
2026-08-15T04:05:55Z,1025S79808C8a,1025S,,SCHEDULED,0,0.0
2026-08-15T04:05:55Z,1025S76691C5,1025S,,SCHEDULED,0,0.0
2026-08-15T04:05:55Z,1025S27212C4a,1025S,,SCHEDULED,0,0.0
2026-08-15T04:05:55Z,1025S79205C7,1025S,,SCHEDULED,360,6.0
2026-08-15T04:05:55Z,1025S27213C4a,1025S,,SCHEDULED,0,0.0
2026-08-15T04:05:55Z,1025S76360C5,1025S,,SCHEDULED,60,1.0
2026-08-15T04:05:55Z,1025S27411C4b,1025S,,SCHEDULED,720,12.0
2026-08-15T04:05:55Z,1025S79402C2,1025S,,SCHEDULED,60,1.0
2026-08-15T04:05:55Z,1025S76361C5,1025S,,SCHEDULED,0,0.0
2026-08-15T04:05:55Z,1025S27210C4a,1025S,,SCHEDULED,300,5.0
2026-08-15T04:05:55Z,1025S79206C7,1025S,,SCHEDULED,0,0.0
2026-08-15T04:05:55Z,1025S76680C5,1025S,,SCHEDULED,0,0.0
2026-08-15T04:05:55Z,1025S76362C5,1025S,,SCHEDULED,0,0.0
2026-08-15T04:05:55Z,1025S27211C4a,1025S,,SCHEDULED,120,2.0
2026-08-15T04:05:55Z,1025S76363C5,1025S,,SCHEDULED,0,0.0
2026-08-15T04:05:55Z,1025S27409C4b,1025S,,SCHEDULED,180,3.0
2026-08-15T04:05:55Z,1025S79102C7,1025S,,SCHEDULED,0,0.0
2026-08-15T04:05:55Z,1025S27205C4a,1025S,,SCHEDULED,420,7.0
2026-08-15T04:05:55Z,1025S27404C4b,1025S,,SCHEDULED,0,0.0
2026-08-15T04:05:55Z,1025S79103C7,1025S,,SCHEDULED,0,0.0
2026-08-15T04:05:55Z,1025S27206C4,1025S,,SCHEDULED,240,4.0
2026-08-15T04:05:55Z,1025S76355C5,1025S,,SCHEDULED,60,1.0
2026-08-15T04:05:55Z,1025S76676C5,1025S,,SCHEDULED,0,0.0
2026-08-15T04:05:55Z,1025S27005C3,1025S,,SCHEDULED,0,0.0
2026-08-15T04:05:55Z,1025S76357C5,1025S,,SCHEDULED,0,0.0
2026-08-15T04:05:55Z,1025S27402C4,1025S,,SCHEDULED,0,0.0
2026-08-15T04:05:55Z,1025S76359C5,1025S,,SCHEDULED,0,0.0
2026-08-15T04:05:55Z,1025S27204C4,1025S,,SCHEDULED,480,8.0
2026-08-15T04:05:55Z,1025S76678C5,1025S,,SCHEDULED,0,0.0
2026-08-15T04:05:55Z,1025S27209C4a,1025S,,SCHEDULED,180,3.0
2026-08-15T04:05:55Z,1025S79505C2,1025S,,SCHEDULED,60,1.0
2026-08-15T04:05:55Z,1025S27407C4b,1025S,,SCHEDULED,60,1.0
2026-08-15T04:05:55Z,1025S79210C7,1025S,,SCHEDULED,0,0.0
2026-08-15T04:05:55Z,1025S27207C4a,1025S,,SCHEDULED,60,1.0
2026-08-15T04:05:55Z,1025S79509C2,1025S,,SCHEDULED,120,2.0
2026-08-15T04:05:55Z,1025S27208C4,1025S,,SCHEDULED,120,2.0
2026-08-15T04:05:55Z,1025S79954C8b,1025S,,SCHEDULED,0,0.0
2026-08-15T04:05:55Z,1025S27406C4b,1025S,,SCHEDULED,420,7.0
2026-08-15T04:05:55Z,1025S79213C7,1025S,,SCHEDULED,0,0.0
2026-08-15T04:05:55Z,1025S76204C5,1025S,,SCHEDULED,0,0.0
2026-08-15T04:05:55Z,1025S79810C8a,1025S,,SCHEDULED,0,0.0
2026-08-15T04:05:55Z,1025S76689C5,1025S,,SCHEDULED,0,0.0
2026-08-15T04:05:55Z,1025S27003C3,1025S,,SCHEDULED,360,6.0
2026-08-15T04:05:55Z,1025S76205C5,1025S,,SCHEDULED,0,0.0
2026-08-15T04:05:55Z,1025S19805C1,1025S,,SCHEDULED,0,0.0
2026-08-15T04:05:55Z,1025S19804C1,1025S,,SCHEDULED,0,0.0
2026-08-15T04:05:55Z,1025S19807C1,1025S,,SCHEDULED,0,0.0
2026-08-15T04:05:55Z,1025S19803C1,1025S,,SCHEDULED,0,0.0
2026-08-15T04:05:55Z,1025S19802C1,1025S,,SCHEDULED,0,0.0
2026-08-15T04:11:04Z,3025S23501C1,3025S,,SCHEDULED,420,7.0
2026-08-15T04:11:04Z,3025S23506C1,3025S,,SCHEDULED,0,0.0
2026-08-15T04:11:04Z,3025S23502C1,3025S,,SCHEDULED,120,2.0
2026-08-15T04:11:04Z,3225S23302C1,3225S,,SCHEDULED,0,0.0
2026-08-15T04:11:04Z,3225S35511C1,3225S,,SCHEDULED,-60,-1.0
2026-08-15T04:11:04Z,4025S24002C2,4025S,,SCHEDULED,-120,-2.0
2026-08-15T04:11:04Z,4025S24001C2,4025S,,SCHEDULED,-60,-1.0
2026-08-15T04:11:04Z,4025S24003C2,4025S,,SCHEDULED,0,0.0
2026-08-15T04:11:04Z,4025S76656C3,4025S,,SCHEDULED,0,0.0
2026-08-15T04:11:04Z,4025S24302C6,4025S,,SCHEDULED,0,0.0
2026-08-15T04:11:04Z,4025S24303C6,4025S,,SCHEDULED,0,0.0
2026-08-15T04:11:04Z,4025S84004C2,4025S,,SCHEDULED,0,0.0
2026-08-15T04:11:04Z,5125S25602R1,5125S,,SCHEDULED,-60,-1.0
2026-08-15T04:11:04Z,5125S28250R2S,5125S,,SCHEDULED,240,4.0
2026-08-15T04:11:04Z,5125S25601R1,5125S,,SCHEDULED,180,3.0
2026-08-15T04:11:04Z,5125S35516R3,5125S,,SCHEDULED,420,7.0
2026-08-15T04:11:04Z,5125S25604R1,5125S,,SCHEDULED,240,4.0
2026-08-15T04:11:04Z,5125S28404R2N,5125S,,SCHEDULED,180,3.0
2026-08-15T04:11:04Z,5125S28402R2N,5125S,,SCHEDULED,60,1.0
2026-08-15T04:11:04Z,5125S25606R1,5125S,,SCHEDULED,0,0.0
2026-08-15T04:11:04Z,5125S77600R4,5125S,,SCHEDULED,-60,-1.0
2026-08-15T04:11:04Z,5125S25608R1,5125S,,SCHEDULED,-60,-1.0
2026-08-15T04:11:04Z,5125S77404R4,5125S,,SCHEDULED,60,1.0
2026-08-15T04:11:04Z,5125S77504R4,5125S,,SCHEDULED,-60,-1.0
2026-08-15T04:11:04Z,5125S77508R4,5125S,,SCHEDULED,0,0.0
2026-08-15T04:11:04Z,5125S28406R2N,5125S,,SCHEDULED,0,0.0
2026-08-15T04:11:04Z,5125S15000R15,5125S,,SCHEDULED,60,1.0
2026-08-15T04:11:04Z,5125S25400R2,5125S,,SCHEDULED,240,4.0
2026-08-15T04:11:04Z,5125S28264R2S,5125S,,SCHEDULED,60,1.0
2026-08-15T04:11:04Z,5125S28263R2S,5125S,,SCHEDULED,180,3.0
2026-08-15T04:11:04Z,5125S25600R1,5125S,,SCHEDULED,-240,-4.0
2026-08-15T04:11:04Z,5125S77400R4,5125S,,SCHEDULED,0,0.0
2026-08-15T04:11:04Z,5125S25402R2N,5125S,,SCHEDULED,60,1.0
2026-08-15T04:11:04Z,5125S28556R2N,5125S,,SCHEDULED,-60,-1.0
2026-08-15T04:11:04Z,6025S71500C4,6025S,,SCHEDULED,120,2.0
2026-08-15T04:11:04Z,6025S26503C3,6025S,,SCHEDULED,0,0.0
2026-08-15T04:11:04Z,6025S26506C3,6025S,,SCHEDULED,0,0.0
2026-08-15T04:11:04Z,6025S26502C3,6025S,,SCHEDULED,180,3.0
2026-08-15T04:11:04Z,6025S26504C3,6025S,,SCHEDULED,180,3.0
2026-08-15T04:11:04Z,6025S29608C1,6025S,,SCHEDULED,60,1.0
2026-08-15T04:11:04Z,6025S29506C2,6025S,,SCHEDULED,0,0.0
2026-08-15T04:11:04Z,6025S71503C4,6025S,,SCHEDULED,60,1.0
2026-08-15T04:11:04Z,6025S26505C3,6025S,,SCHEDULED,0,0.0
2026-08-15T04:11:04Z,6025S29611C1,6025S,,SCHEDULED,0,0.0
2026-08-15T04:11:04Z,6025S29507C2,6025S,,SCHEDULED,120,2.0
2026-08-15T04:11:04Z,6125S81769C1,6125S,,SCHEDULED,0,0.0
2026-08-15T04:11:04Z,6125S32701C1,6125S,,SCHEDULED,-120,-2.0
2026-08-15T04:11:04Z,6125S32700C1,6125S,,SCHEDULED,0,0.0
2026-08-15T04:11:04Z,6125S35680C1,6125S,,SCHEDULED,60,1.0
2026-08-15T04:11:04Z,6225S71152C2,6225S,,SCHEDULED,0,0.0
2026-08-15T04:11:04Z,4725S71080C1,4725S,,SCHEDULED,0,0.0
2026-08-15T04:11:04Z,2025S22002C1,2025S,,SCHEDULED,240,4.0
2026-08-15T04:11:04Z,2025S22105C1,2025S,,SCHEDULED,0,0.0
2026-08-15T04:11:04Z,2025S22004C1,2025S,,SCHEDULED,900,15.0
2026-08-15T04:11:04Z,2025S70204C4,2025S,,CANCELED,,
2026-08-15T04:11:04Z,2025S70932C8,2025S,,SCHEDULED,0,0.0
2026-08-15T04:11:04Z,2025S70402C5,2025S,,CANCELED,,
2026-08-15T04:11:04Z,4125S24700C1,4125S,,SCHEDULED,1500,25.0
2026-08-15T04:11:04Z,4125S84904C2,4125S,,SCHEDULED,0,0.0
2026-08-15T04:11:04Z,4125S24703C1,4125S,,SCHEDULED,0,0.0
2026-08-15T04:11:04Z,1025S79569C2,1025S,,SCHEDULED,-4680,-78.0
2026-08-15T04:11:04Z,1025S79604C10,1025S,,SCHEDULED,120,2.0
2026-08-15T04:11:04Z,1025S79406C2,1025S,,SCHEDULED,60,1.0
2026-08-15T04:11:04Z,1025S79807C8a,1025S,,SCHEDULED,0,0.0
2026-08-15T04:11:04Z,1025S79808C8a,1025S,,SCHEDULED,0,0.0
2026-08-15T04:11:04Z,1025S76361C5,1025S,,SCHEDULED,120,2.0
2026-08-15T04:11:04Z,1025S76680C5,1025S,,SCHEDULED,180,3.0
2026-08-15T04:11:04Z,1025S76362C5,1025S,,SCHEDULED,0,0.0
2026-08-15T04:11:04Z,1025S76363C5,1025S,,SCHEDULED,0,0.0
2026-08-15T04:11:04Z,1025S76682C5,1025S,,SCHEDULED,0,0.0
2026-08-15T04:11:04Z,1025S76364C5,1025S,,SCHEDULED,120,2.0
2026-08-15T04:11:04Z,1025S76365C5,1025S,,SCHEDULED,0,0.0
2026-08-15T04:11:04Z,1025S76684C5,1025S,,SCHEDULED,0,0.0
2026-08-15T04:11:04Z,1025S79513C2,1025S,,SCHEDULED,0,0.0
2026-08-15T04:11:04Z,1025S76366C5,1025S,,SCHEDULED,420,7.0
2026-08-15T04:11:04Z,1025S76685C5,1025S,,SCHEDULED,0,0.0
2026-08-15T04:11:04Z,1025S76368C5,1025S,,SCHEDULED,0,0.0
2026-08-15T04:11:04Z,1025S76687C5,1025S,,SCHEDULED,480,8.0
2026-08-15T04:11:04Z,1025S79954C8b,1025S,,SCHEDULED,0,0.0
2026-08-15T04:11:04Z,1025S76204C5,1025S,,SCHEDULED,60,1.0
2026-08-15T04:11:04Z,1025S76689C5,1025S,,SCHEDULED,0,0.0
2026-08-15T04:11:04Z,1025S76205C5,1025S,,SCHEDULED,0,0.0
2026-08-15T04:11:04Z,1025S19805C1,1025S,,SCHEDULED,300,5.0
2026-08-15T04:11:04Z,1025S76206C5,1025S,,SCHEDULED,0,0.0
2026-08-15T04:11:04Z,1025S19804C1,1025S,,SCHEDULED,0,0.0
2026-08-15T04:11:04Z,1025S19807C1,1025S,,SCHEDULED,0,0.0
2026-08-15T04:11:04Z,1025S19802C1,1025S,,SCHEDULED,-60,-1.0
2026-08-15T04:11:04Z,1025S79221C7,1025S,,SCHEDULED,0,0.0
2026-08-15T04:11:04Z,1025S79102C7,1025S,,SCHEDULED,60,1.0
2026-08-15T04:11:04Z,1025S79103C7,1025S,,SCHEDULED,300,5.0
2026-08-15T04:11:04Z,1025S76355C5,1025S,,SCHEDULED,60,1.0
2026-08-15T04:11:04Z,1025S79702C10,1025S,,SCHEDULED,0,0.0
2026-08-15T04:11:04Z,1025S76676C5,1025S,,SCHEDULED,60,1.0
2026-08-15T04:11:04Z,1025S76357C5,1025S,,SCHEDULED,60,1.0
2026-08-15T04:11:04Z,1025S76359C5,1025S,,SCHEDULED,0,0.0
2026-08-15T04:11:04Z,1025S76678C5,1025S,,SCHEDULED,120,2.0
2026-08-15T04:11:04Z,1025S79505C2,1025S,,SCHEDULED,60,1.0
2026-08-15T04:11:04Z,1025S79509C2,1025S,,SCHEDULED,420,7.0
2026-08-15T04:11:04Z,1025S27202C4,1025S,,SCHEDULED,840,14.0
2026-08-15T04:11:04Z,1025S27004C3,1025S,,SCHEDULED,420,7.0
2026-08-15T04:11:04Z,1025S27001C3,1025S,,SCHEDULED,300,5.0
2026-08-15T04:11:04Z,1025S79217C7,1025S,,SCHEDULED,0,0.0
2026-08-15T04:11:04Z,1025S27002C3,1025S,,SCHEDULED,540,9.0
2026-08-15T04:11:04Z,1025S27415C4b,1025S,,SCHEDULED,0,0.0
2026-08-15T04:11:04Z,1025S27214C4a,1025S,,SCHEDULED,0,0.0
2026-08-15T04:11:04Z,1025S27413C4b,1025S,,SCHEDULED,0,0.0
2026-08-15T04:11:04Z,1025S76370C5,1025S,,SCHEDULED,0,0.0
2026-08-15T04:11:04Z,1025S76691C5,1025S,,SCHEDULED,0,0.0
2026-08-15T04:11:04Z,1025S79202C7,1025S,,SCHEDULED,540,9.0
2026-08-15T04:11:04Z,1025S27212C4a,1025S,,SCHEDULED,0,0.0
2026-08-15T04:11:04Z,1025S79205C7,1025S,,SCHEDULED,600,10.0
2026-08-15T04:11:04Z,1025S27213C4a,1025S,,SCHEDULED,0,0.0
2026-08-15T04:11:04Z,1025S27411C4b,1025S,,SCHEDULED,720,12.0
2026-08-15T04:11:04Z,1025S79402C2,1025S,,SCHEDULED,120,2.0
2026-08-15T04:11:04Z,1025S27210C4a,1025S,,SCHEDULED,60,1.0
2026-08-15T04:11:04Z,1025S79206C7,1025S,,SCHEDULED,0,0.0
2026-08-15T04:11:04Z,1025S27211C4a,1025S,,SCHEDULED,420,7.0
2026-08-15T04:11:04Z,1025S27409C4b,1025S,,SCHEDULED,120,2.0
2026-08-15T04:11:04Z,1025S27404C4b,1025S,,SCHEDULED,240,4.0
2026-08-15T04:11:04Z,1025S27206C4,1025S,,SCHEDULED,240,4.0
2026-08-15T04:11:04Z,1025S27005C3,1025S,,SCHEDULED,0,0.0
2026-08-15T04:11:04Z,1025S27006C3,1025S,,SCHEDULED,0,0.0
2026-08-15T04:11:04Z,1025S27402C4,1025S,,SCHEDULED,300,5.0
2026-08-15T04:11:04Z,1025S27204C4,1025S,,SCHEDULED,780,13.0
2026-08-15T04:11:04Z,1025S27407C4b,1025S,,SCHEDULED,0,0.0
2026-08-15T04:11:04Z,1025S27408C4b,1025S,,SCHEDULED,0,0.0
2026-08-15T04:11:04Z,1025S79210C7,1025S,,SCHEDULED,0,0.0
2026-08-15T04:11:04Z,1025S27207C4a,1025S,,SCHEDULED,120,2.0
2026-08-15T04:11:04Z,1025S27406C4b,1025S,,SCHEDULED,720,12.0
2026-08-15T04:11:04Z,1025S79410C2,1025S,,SCHEDULED,0,0.0
2026-08-15T04:11:04Z,1025S79214C7,1025S,,SCHEDULED,0,0.0
2026-08-15T04:11:04Z,1025S79213C7,1025S,,SCHEDULED,60,1.0
2026-08-15T04:11:04Z,1025S79810C8a,1025S,,SCHEDULED,0,0.0
2026-08-15T04:11:04Z,1025S27003C3,1025S,,SCHEDULED,360,6.0
2026-08-15T04:16:15Z,3025S23506C1,3025S,,SCHEDULED,0,0.0
2026-08-15T04:16:15Z,3025S23502C1,3025S,,SCHEDULED,120,2.0
2026-08-15T04:16:15Z,3025S23507C1,3025S,,SCHEDULED,0,0.0
2026-08-15T04:16:15Z,3225S35511C1,3225S,,SCHEDULED,0,0.0
2026-08-15T04:16:15Z,3225S23302C1,3225S,,SCHEDULED,0,0.0
2026-08-15T04:16:15Z,3225S23305C1,3225S,,SCHEDULED,60,1.0
2026-08-15T04:16:15Z,4025S76656C3,4025S,,SCHEDULED,0,0.0
2026-08-15T04:16:15Z,4025S24002C2,4025S,,SCHEDULED,0,0.0
2026-08-15T04:16:15Z,4025S24003C2,4025S,,SCHEDULED,0,0.0
2026-08-15T04:16:15Z,4025S84006C2,4025S,,SCHEDULED,0,0.0
2026-08-15T04:16:15Z,4025S24001C2,4025S,,SCHEDULED,0,0.0
2026-08-15T04:16:15Z,4025S84004C2,4025S,,SCHEDULED,0,0.0
2026-08-15T04:16:15Z,4025S24204C1,4025S,,SCHEDULED,0,0.0
2026-08-15T04:16:15Z,4025S24303C6,4025S,,SCHEDULED,0,0.0
2026-08-15T04:16:15Z,4025S24302C6,4025S,,SCHEDULED,0,0.0
2026-08-15T04:16:15Z,5125S35516R3,5125S,,SCHEDULED,420,7.0
2026-08-15T04:16:15Z,5125S30530R15,5125S,,SCHEDULED,0,0.0
2026-08-15T04:16:15Z,5125S28404R2N,5125S,,SCHEDULED,300,5.0
2026-08-15T04:16:15Z,5125S28402R2N,5125S,,SCHEDULED,0,0.0
2026-08-15T04:16:15Z,5125S77404R4,5125S,,SCHEDULED,180,3.0
2026-08-15T04:16:15Z,5125S77504R4,5125S,,SCHEDULED,180,3.0
2026-08-15T04:16:15Z,5125S77508R4,5125S,,SCHEDULED,-60,-1.0
2026-08-15T04:16:15Z,5125S28406R2N,5125S,,SCHEDULED,60,1.0
2026-08-15T04:16:15Z,5125S28264R2S,5125S,,SCHEDULED,120,2.0
2026-08-15T04:16:15Z,5125S28263R2S,5125S,,SCHEDULED,240,4.0
2026-08-15T04:16:15Z,5125S77400R4,5125S,,SCHEDULED,120,2.0
2026-08-15T04:16:15Z,5125S25604R1,5125S,,SCHEDULED,180,3.0
2026-08-15T04:16:15Z,5125S77510R4,5125S,,SCHEDULED,0,0.0
2026-08-15T04:16:15Z,5125S77314R3,5125S,,SCHEDULED,60,1.0
2026-08-15T04:16:15Z,5125S28250R2S,5125S,,SCHEDULED,120,2.0
2026-08-15T04:16:15Z,5125S25606R1,5125S,,SCHEDULED,0,0.0
2026-08-15T04:16:15Z,5125S25608R1,5125S,,SCHEDULED,0,0.0
2026-08-15T04:16:15Z,5125S15000R15,5125S,,SCHEDULED,240,4.0
2026-08-15T04:16:15Z,5125S25400R2,5125S,,SCHEDULED,120,2.0
2026-08-15T04:16:15Z,5125S25402R2N,5125S,,SCHEDULED,60,1.0
2026-08-15T04:16:15Z,5125S25502R2S,5125S,,SCHEDULED,840,14.0
2026-08-15T04:16:15Z,5125S25601R1,5125S,,SCHEDULED,0,0.0
2026-08-15T04:16:15Z,6025S26503C3,6025S,,SCHEDULED,60,1.0
2026-08-15T04:16:15Z,6025S26506C3,6025S,,SCHEDULED,0,0.0
2026-08-15T04:16:15Z,6025S26504C3,6025S,,SCHEDULED,180,3.0
2026-08-15T04:16:15Z,6025S29506C2,6025S,,SCHEDULED,0,0.0
2026-08-15T04:16:15Z,6025S26505C3,6025S,,SCHEDULED,60,1.0
2026-08-15T04:16:15Z,6025S29507C2,6025S,,SCHEDULED,180,3.0
2026-08-15T04:16:15Z,6025S26502C3,6025S,,SCHEDULED,240,4.0
2026-08-15T04:16:15Z,6025S29608C1,6025S,,SCHEDULED,60,1.0
2026-08-15T04:16:15Z,6025S71503C4,6025S,,SCHEDULED,60,1.0
2026-08-15T04:16:15Z,6025S29611C1,6025S,,SCHEDULED,0,0.0
2026-08-15T04:16:15Z,6125S81769C1,6125S,,SCHEDULED,0,0.0
2026-08-15T04:16:15Z,6125S32701C1,6125S,,SCHEDULED,60,1.0
2026-08-15T04:16:15Z,6125S32700C1,6125S,,SCHEDULED,-60,-1.0
2026-08-15T04:16:15Z,6125S35680C1,6125S,,SCHEDULED,120,2.0
2026-08-15T04:16:15Z,6225S71152C2,6225S,,SCHEDULED,180,3.0
2026-08-15T04:16:15Z,6225S71154C2,6225S,,SCHEDULED,0,0.0
2026-08-15T04:16:15Z,4725S71080C1,4725S,,SCHEDULED,0,0.0
2026-08-15T04:16:15Z,2025S22002C1,2025S,,SCHEDULED,0,0.0
2026-08-15T04:16:15Z,2025S70932C8,2025S,,SCHEDULED,0,0.0
2026-08-15T04:16:15Z,2025S22105C1,2025S,,SCHEDULED,0,0.0
2026-08-15T04:16:15Z,2025S22004C1,2025S,,SCHEDULED,0,0.0
2026-08-15T04:16:15Z,2025S70402C5,2025S,,CANCELED,,
2026-08-15T04:16:15Z,2025S70204C4,2025S,,CANCELED,,
2026-08-15T04:16:15Z,2025S70853C6,2025S,,SCHEDULED,0,0.0
2026-08-15T04:16:15Z,4125S24702C1,4125S,,SCHEDULED,0,0.0
2026-08-15T04:16:15Z,4125S84904C2,4125S,,SCHEDULED,0,0.0
2026-08-15T04:16:15Z,4125S24703C1,4125S,,SCHEDULED,0,0.0
2026-08-15T04:16:15Z,1025S76682C5,1025S,,SCHEDULED,0,0.0
2026-08-15T04:16:15Z,1025S76364C5,1025S,,SCHEDULED,0,0.0
2026-08-15T04:16:15Z,1025S76365C5,1025S,,SCHEDULED,0,0.0
2026-08-15T04:16:15Z,1025S76684C5,1025S,,SCHEDULED,0,0.0
2026-08-15T04:16:15Z,1025S19809C1,1025S,,SCHEDULED,0,0.0
2026-08-15T04:16:15Z,1025S79513C2,1025S,,SCHEDULED,0,0.0
2026-08-15T04:16:15Z,1025S76366C5,1025S,,SCHEDULED,180,3.0
2026-08-15T04:16:15Z,1025S76685C5,1025S,,SCHEDULED,0,0.0
2026-08-15T04:16:15Z,1025S76367C5,1025S,,SCHEDULED,0,0.0
2026-08-15T04:16:15Z,1025S76686C5,1025S,,SCHEDULED,0,0.0
2026-08-15T04:16:15Z,1025S79569C2,1025S,,SCHEDULED,-4620,-77.0
2026-08-15T04:16:15Z,1025S79604C10,1025S,,SCHEDULED,60,1.0
2026-08-15T04:16:15Z,1025S79606C10,1025S,,SCHEDULED,0,0.0
2026-08-15T04:16:15Z,1025S79807C8a,1025S,,SCHEDULED,0,0.0
2026-08-15T04:16:15Z,1025S79808C8a,1025S,,SCHEDULED,0,0.0
2026-08-15T04:16:15Z,1025S76361C5,1025S,,SCHEDULED,480,8.0
2026-08-15T04:16:15Z,1025S76680C5,1025S,,SCHEDULED,0,0.0
2026-08-15T04:16:15Z,1025S76362C5,1025S,,SCHEDULED,120,2.0
2026-08-15T04:16:15Z,1025S76363C5,1025S,,SCHEDULED,0,0.0
2026-08-15T04:16:15Z,1025S27004C3,1025S,,SCHEDULED,720,12.0
2026-08-15T04:16:15Z,1025S27001C3,1025S,,SCHEDULED,180,3.0
2026-08-15T04:16:15Z,1025S79217C7,1025S,,SCHEDULED,0,0.0
2026-08-15T04:16:15Z,1025S27002C3,1025S,,SCHEDULED,480,8.0
2026-08-15T04:16:15Z,1025S27415C4b,1025S,,SCHEDULED,0,0.0
2026-08-15T04:16:15Z,1025S27214C4a,1025S,,SCHEDULED,0,0.0
2026-08-15T04:16:15Z,1025S27215C4a,1025S,,SCHEDULED,0,0.0
2026-08-15T04:16:15Z,1025S27413C4b,1025S,,SCHEDULED,240,4.0
2026-08-15T04:16:15Z,1025S76370C5,1025S,,SCHEDULED,0,0.0
2026-08-15T04:16:15Z,1025S76372C5,1025S,,SCHEDULED,0,0.0
2026-08-15T04:16:15Z,1025S76691C5,1025S,,SCHEDULED,0,0.0
2026-08-15T04:16:15Z,1025S76693C5,1025S,,SCHEDULED,0,0.0
2026-08-15T04:16:15Z,1025S79202C7,1025S,,SCHEDULED,420,7.0
2026-08-15T04:16:15Z,1025S27212C4a,1025S,,SCHEDULED,120,2.0
2026-08-15T04:16:15Z,1025S27213C4a,1025S,,SCHEDULED,0,0.0
2026-08-15T04:16:15Z,1025S27411C4b,1025S,,SCHEDULED,420,7.0
2026-08-15T04:16:15Z,1025S79402C2,1025S,,SCHEDULED,60,1.0
2026-08-15T04:16:15Z,1025S27210C4a,1025S,,SCHEDULED,60,1.0
2026-08-15T04:16:15Z,1025S79206C7,1025S,,SCHEDULED,360,6.0
2026-08-15T04:16:15Z,1025S27211C4a,1025S,,SCHEDULED,780,13.0
2026-08-15T04:16:15Z,1025S27409C4b,1025S,,SCHEDULED,420,7.0
2026-08-15T04:16:15Z,1025S27404C4b,1025S,,SCHEDULED,60,1.0
2026-08-15T04:16:15Z,1025S27206C4,1025S,,SCHEDULED,420,7.0
2026-08-15T04:16:15Z,1025S27005C3,1025S,,SCHEDULED,0,0.0
2026-08-15T04:16:15Z,1025S27006C3,1025S,,SCHEDULED,0,0.0
2026-08-15T04:16:15Z,1025S27402C4,1025S,,SCHEDULED,660,11.0
2026-08-15T04:16:15Z,1025S27407C4b,1025S,,SCHEDULED,300,5.0
2026-08-15T04:16:15Z,1025S27408C4b,1025S,,SCHEDULED,0,0.0
2026-08-15T04:16:15Z,1025S79210C7,1025S,,SCHEDULED,0,0.0
2026-08-15T04:16:15Z,1025S27207C4a,1025S,,SCHEDULED,120,2.0
2026-08-15T04:16:15Z,1025S27208C4,1025S,,SCHEDULED,60,1.0
2026-08-15T04:16:15Z,1025S27406C4b,1025S,,SCHEDULED,1020,17.0
2026-08-15T04:16:15Z,1025S79410C2,1025S,,SCHEDULED,0,0.0
2026-08-15T04:16:15Z,1025S79214C7,1025S,,SCHEDULED,0,0.0
2026-08-15T04:16:15Z,1025S79213C7,1025S,,SCHEDULED,180,3.0
2026-08-15T04:16:15Z,1025S79810C8a,1025S,,SCHEDULED,0,0.0
2026-08-15T04:16:15Z,1025S27003C3,1025S,,SCHEDULED,360,6.0
2026-08-15T04:16:15Z,1025S27202C4,1025S,,SCHEDULED,780,13.0
2026-08-15T04:16:15Z,1025S79221C7,1025S,,SCHEDULED,0,0.0
2026-08-15T04:16:15Z,1025S79102C7,1025S,,SCHEDULED,120,2.0
2026-08-15T04:16:15Z,1025S79104C7,1025S,,SCHEDULED,0,0.0
2026-08-15T04:16:15Z,1025S79103C7,1025S,,SCHEDULED,600,10.0
2026-08-15T04:16:15Z,1025S79702C10,1025S,,SCHEDULED,0,0.0
2026-08-15T04:16:15Z,1025S76357C5,1025S,,SCHEDULED,60,1.0
2026-08-15T04:16:15Z,1025S76359C5,1025S,,SCHEDULED,0,0.0
2026-08-15T04:16:15Z,1025S76678C5,1025S,,SCHEDULED,0,0.0
2026-08-15T04:16:15Z,1025S79505C2,1025S,,SCHEDULED,120,2.0
2026-08-15T04:16:15Z,1025S79509C2,1025S,,SCHEDULED,780,13.0
2026-08-15T04:16:15Z,1025S76368C5,1025S,,SCHEDULED,120,2.0
2026-08-15T04:16:15Z,1025S76687C5,1025S,,SCHEDULED,60,1.0
2026-08-15T04:16:15Z,1025S79954C8b,1025S,,SCHEDULED,0,0.0
2026-08-15T04:16:15Z,1025S76205C5,1025S,,SCHEDULED,120,2.0
2026-08-15T04:16:15Z,1025S76689C5,1025S,,SCHEDULED,180,3.0
2026-08-15T04:16:15Z,1025S19805C1,1025S,,SCHEDULED,120,2.0
2026-08-15T04:16:15Z,1025S76206C5,1025S,,SCHEDULED,0,0.0
2026-08-15T04:16:15Z,1025S19804C1,1025S,,SCHEDULED,0,0.0
2026-08-15T04:16:15Z,1025S19807C1,1025S,,SCHEDULED,0,0.0
2026-08-15T04:16:15Z,1025S19802C1,1025S,,SCHEDULED,300,5.0
2026-08-15T04:21:03Z,3025S23506C1,3025S,,SCHEDULED,0,0.0
2026-08-15T04:21:03Z,3025S23507C1,3025S,,SCHEDULED,0,0.0
2026-08-15T04:21:03Z,3025S23502C1,3025S,,SCHEDULED,180,3.0
2026-08-15T04:21:03Z,3225S23302C1,3225S,,SCHEDULED,60,1.0
2026-08-15T04:21:03Z,3225S35511C1,3225S,,SCHEDULED,60,1.0
2026-08-15T04:21:03Z,3225S23305C1,3225S,,SCHEDULED,60,1.0
2026-08-15T04:21:03Z,4025S76656C3,4025S,,SCHEDULED,0,0.0
2026-08-15T04:21:03Z,4025S24002C2,4025S,,SCHEDULED,0,0.0
2026-08-15T04:21:03Z,4025S24003C2,4025S,,SCHEDULED,120,2.0
2026-08-15T04:21:03Z,4025S24204C1,4025S,,SCHEDULED,0,0.0
2026-08-15T04:21:03Z,4025S24303C6,4025S,,SCHEDULED,0,0.0
2026-08-15T04:21:03Z,4025S24302C6,4025S,,SCHEDULED,60,1.0
2026-08-15T04:21:03Z,4025S84006C2,4025S,,SCHEDULED,0,0.0
2026-08-15T04:21:03Z,4025S24001C2,4025S,,SCHEDULED,0,0.0
2026-08-15T04:21:03Z,5125S28404R2N,5125S,,SCHEDULED,300,5.0
2026-08-15T04:21:03Z,5125S28402R2N,5125S,,SCHEDULED,120,2.0
2026-08-15T04:21:03Z,5125S28408R2N,5125S,,SCHEDULED,60,1.0
2026-08-15T04:21:03Z,5125S25604R1,5125S,,SCHEDULED,240,4.0
2026-08-15T04:21:03Z,5125S25603R1,5125S,,SCHEDULED,120,2.0
2026-08-15T04:21:03Z,5125S30531R15,5125S,,SCHEDULED,120,2.0
2026-08-15T04:21:03Z,5125S35516R3,5125S,,SCHEDULED,540,9.0
2026-08-15T04:21:03Z,5125S77510R4,5125S,,SCHEDULED,0,0.0
2026-08-15T04:21:03Z,5125S30530R15,5125S,,SCHEDULED,0,0.0
2026-08-15T04:21:03Z,5125S77314R3,5125S,,SCHEDULED,60,1.0
2026-08-15T04:21:03Z,5125S25562R2S,5125S,,SCHEDULED,0,0.0
2026-08-15T04:21:03Z,5125S25606R1,5125S,,SCHEDULED,120,2.0
2026-08-15T04:21:03Z,5125S77404R4,5125S,,SCHEDULED,180,3.0
2026-08-15T04:21:03Z,5125S77504R4,5125S,,SCHEDULED,0,0.0
2026-08-15T04:21:03Z,5125S77508R4,5125S,,SCHEDULED,60,1.0
2026-08-15T04:21:03Z,5125S25608R1,5125S,,SCHEDULED,0,0.0
2026-08-15T04:21:03Z,5125S28406R2N,5125S,,SCHEDULED,60,1.0
2026-08-15T04:21:03Z,5125S15000R15,5125S,,SCHEDULED,300,5.0
2026-08-15T04:21:03Z,5125S25400R2,5125S,,SCHEDULED,180,3.0
2026-08-15T04:21:03Z,5125S28264R2S,5125S,,SCHEDULED,-120,-2.0
2026-08-15T04:21:03Z,5125S28263R2S,5125S,,SCHEDULED,240,4.0
2026-08-15T04:21:03Z,5125S25501R2S,5125S,,SCHEDULED,60,1.0
2026-08-15T04:21:03Z,5125S77400R4,5125S,,SCHEDULED,60,1.0
2026-08-15T04:21:03Z,5125S25502R2S,5125S,,SCHEDULED,720,12.0
2026-08-15T04:21:03Z,5125S25601R1,5125S,,SCHEDULED,60,1.0
2026-08-15T04:21:03Z,6025S26504C3,6025S,,SCHEDULED,120,2.0
2026-08-15T04:21:03Z,6025S26503C3,6025S,,SCHEDULED,0,0.0
2026-08-15T04:21:03Z,6025S26506C3,6025S,,SCHEDULED,0,0.0
2026-08-15T04:21:03Z,6025S29507C2,6025S,,SCHEDULED,240,4.0
2026-08-15T04:21:03Z,6025S29506C2,6025S,,SCHEDULED,0,0.0
2026-08-15T04:21:03Z,6025S26505C3,6025S,,SCHEDULED,120,2.0
2026-08-15T04:21:03Z,6025S71500C4,6025S,,SCHEDULED,300,5.0
2026-08-15T04:21:03Z,6025S26502C3,6025S,,SCHEDULED,180,3.0
2026-08-15T04:21:03Z,6025S29608C1,6025S,,SCHEDULED,60,1.0
2026-08-15T04:21:03Z,6025S26507C3,6025S,,SCHEDULED,0,0.0
2026-08-15T04:21:03Z,6025S29611C1,6025S,,SCHEDULED,120,2.0
2026-08-15T04:21:03Z,6125S81769C1,6125S,,SCHEDULED,0,0.0
2026-08-15T04:21:03Z,6125S32701C1,6125S,,SCHEDULED,120,2.0
2026-08-15T04:21:03Z,6125S32700C1,6125S,,SCHEDULED,0,0.0
2026-08-15T04:21:03Z,6125S35680C1,6125S,,SCHEDULED,0,0.0
2026-08-15T04:21:03Z,6225S71152C2,6225S,,SCHEDULED,180,3.0
2026-08-15T04:21:03Z,6225S71154C2,6225S,,SCHEDULED,0,0.0
2026-08-15T04:21:03Z,4725S71080C1,4725S,,SCHEDULED,0,0.0
2026-08-15T04:21:03Z,2025S70932C8,2025S,,SCHEDULED,0,0.0
2026-08-15T04:21:03Z,2025S22002C1,2025S,,SCHEDULED,0,0.0
2026-08-15T04:21:03Z,2025S22004C1,2025S,,SCHEDULED,0,0.0
2026-08-15T04:21:03Z,2025S70204C4,2025S,,CANCELED,,
2026-08-15T04:21:03Z,2025S22105C1,2025S,,SCHEDULED,0,0.0
2026-08-15T04:21:03Z,2025S70505C7,2025S,,SCHEDULED,0,0.0
2026-08-15T04:21:03Z,2025S70853C6,2025S,,SCHEDULED,0,0.0
2026-08-15T04:21:03Z,2025S70756C6,2025S,,SCHEDULED,0,0.0
2026-08-15T04:21:03Z,2025S70402C5,2025S,,CANCELED,,
2026-08-15T04:21:03Z,4125S24702C1,4125S,,SCHEDULED,0,0.0
2026-08-15T04:21:03Z,4125S84904C2,4125S,,SCHEDULED,0,0.0
2026-08-15T04:21:03Z,4125S24703C1,4125S,,SCHEDULED,0,0.0
2026-08-15T04:25:58Z,3025S23507C1,3025S,,SCHEDULED,0,0.0
2026-08-15T04:25:58Z,3025S23502C1,3025S,,SCHEDULED,180,3.0
2026-08-15T04:25:58Z,3025S23703C5,3025S,,SCHEDULED,0,0.0
2026-08-15T04:25:58Z,3225S23302C1,3225S,,SCHEDULED,120,2.0
2026-08-15T04:25:58Z,3225S23150C2,3225S,,SCHEDULED,0,0.0
2026-08-15T04:25:58Z,3225S23305C1,3225S,,SCHEDULED,120,2.0
2026-08-15T04:25:58Z,4025S24302C6,4025S,,SCHEDULED,-60,-1.0
2026-08-15T04:25:58Z,4025S24204C1,4025S,,SCHEDULED,0,0.0
2026-08-15T04:25:58Z,4025S24303C6,4025S,,SCHEDULED,240,4.0
2026-08-15T04:25:58Z,4025S24002C2,4025S,,SCHEDULED,-60,-1.0
2026-08-15T04:25:58Z,4025S24003C2,4025S,,SCHEDULED,0,0.0
2026-08-15T04:25:58Z,4025S84006C2,4025S,,SCHEDULED,0,0.0
2026-08-15T04:25:58Z,4025S76656C3,4025S,,SCHEDULED,0,0.0
2026-08-15T04:25:58Z,4025S24001C2,4025S,,SCHEDULED,-60,-1.0
2026-08-15T04:25:58Z,4025S76602C3,4025S,,SCHEDULED,0,0.0
2026-08-15T04:25:58Z,5125S25601R1,5125S,,SCHEDULED,60,1.0
2026-08-15T04:25:58Z,5125S25604R1,5125S,,SCHEDULED,60,1.0
2026-08-15T04:25:58Z,5125S28404R2N,5125S,,SCHEDULED,300,5.0
2026-08-15T04:25:58Z,5125S28402R2N,5125S,,SCHEDULED,180,3.0
2026-08-15T04:25:58Z,5125S25603R1,5125S,,SCHEDULED,0,0.0
2026-08-15T04:25:58Z,5125S28408R2N,5125S,,SCHEDULED,0,0.0
2026-08-15T04:25:58Z,5125S77510R4,5125S,,SCHEDULED,0,0.0
2026-08-15T04:25:58Z,5125S77314R3,5125S,,SCHEDULED,60,1.0
2026-08-15T04:25:58Z,5125S28250R2S,5125S,,SCHEDULED,660,11.0
2026-08-15T04:25:58Z,5125S25562R2S,5125S,,SCHEDULED,0,0.0
2026-08-15T04:25:58Z,5125S30531R15,5125S,,SCHEDULED,-120,-2.0
2026-08-15T04:25:58Z,5125S35516R3,5125S,,SCHEDULED,720,12.0
2026-08-15T04:25:58Z,5125S25606R1,5125S,,SCHEDULED,300,5.0
2026-08-15T04:25:58Z,5125S30530R15,5125S,,SCHEDULED,0,0.0
2026-08-15T04:25:58Z,5125S77400R4,5125S,,SCHEDULED,180,3.0
2026-08-15T04:25:58Z,5125S77500R4,5125S,,SCHEDULED,60,1.0
2026-08-15T04:25:58Z,5125S25608R1,5125S,,SCHEDULED,0,0.0
2026-08-15T04:25:58Z,5125S25400R2,5125S,,SCHEDULED,240,4.0
2026-08-15T04:25:58Z,5125S77600R4,5125S,,SCHEDULED,420,7.0
2026-08-15T04:25:58Z,5125S25600R1,5125S,,SCHEDULED,0,0.0
2026-08-15T04:25:58Z,5125S77404R4,5125S,,SCHEDULED,120,2.0
2026-08-15T04:25:58Z,5125S77504R4,5125S,,SCHEDULED,0,0.0
2026-08-15T04:25:58Z,5125S77508R4,5125S,,SCHEDULED,60,1.0
2026-08-15T04:25:58Z,5125S25501R2S,5125S,,SCHEDULED,120,2.0
2026-08-15T04:25:58Z,5125S28406R2N,5125S,,SCHEDULED,-60,-1.0
2026-08-15T04:25:58Z,5125S25404R2N,5125S,,SCHEDULED,0,0.0
2026-08-15T04:25:58Z,5125S28264R2S,5125S,,SCHEDULED,-120,-2.0
2026-08-15T04:25:58Z,5125S25503R2S,5125S,,SCHEDULED,240,4.0
2026-08-15T04:25:58Z,5125S28263R2S,5125S,,SCHEDULED,300,5.0
2026-08-15T04:25:58Z,5125S28268R2S,5125S,,SCHEDULED,0,0.0
2026-08-15T04:25:58Z,5125S25502R2S,5125S,,SCHEDULED,840,14.0
2026-08-15T04:25:58Z,6025S26503C3,6025S,,SCHEDULED,60,1.0
2026-08-15T04:25:58Z,6025S26506C3,6025S,,SCHEDULED,-60,-1.0
2026-08-15T04:25:58Z,6025S26504C3,6025S,,SCHEDULED,60,1.0
2026-08-15T04:25:58Z,6025S29611C1,6025S,,SCHEDULED,120,2.0
2026-08-15T04:25:58Z,6025S71500C4,6025S,,SCHEDULED,180,3.0
2026-08-15T04:25:58Z,6025S29506C2,6025S,,SCHEDULED,0,0.0
2026-08-15T04:25:58Z,6025S26505C3,6025S,,SCHEDULED,60,1.0
2026-08-15T04:25:58Z,6025S29608C1,6025S,,SCHEDULED,120,2.0
2026-08-15T04:25:58Z,6025S71503C4,6025S,,SCHEDULED,0,0.0
2026-08-15T04:25:58Z,6025S26507C3,6025S,,SCHEDULED,0,0.0
2026-08-15T04:25:58Z,6025S29507C2,6025S,,SCHEDULED,300,5.0
2026-08-15T04:25:58Z,6125S32701C1,6125S,,SCHEDULED,60,1.0
2026-08-15T04:25:58Z,6125S32700C1,6125S,,SCHEDULED,-60,-1.0
2026-08-15T04:25:58Z,6125S35680C1,6125S,,SCHEDULED,-60,-1.0
2026-08-15T04:25:58Z,6225S71152C2,6225S,,SCHEDULED,60,1.0
2026-08-15T04:25:58Z,6225S71154C2,6225S,,SCHEDULED,0,0.0
2026-08-15T04:25:58Z,4725S71080C1,4725S,,SCHEDULED,0,0.0
2026-08-15T04:25:58Z,2025S70251C4,2025S,,SCHEDULED,0,0.0
2026-08-15T04:25:58Z,2025S22002C1,2025S,,SCHEDULED,0,0.0
2026-08-15T04:25:58Z,2025S22105C1,2025S,,SCHEDULED,0,0.0
2026-08-15T04:25:58Z,2025S70505C7,2025S,,SCHEDULED,0,0.0
2026-08-15T04:25:58Z,2025S70204C4,2025S,,CANCELED,,
2026-08-15T04:25:58Z,2025S70756C6,2025S,,SCHEDULED,0,0.0
2026-08-15T04:25:58Z,2025S70932C8,2025S,,SCHEDULED,0,0.0
2026-08-15T04:25:58Z,2025S70853C6,2025S,,SCHEDULED,0,0.0
2026-08-15T04:25:58Z,2025S70402C5,2025S,,CANCELED,,
2026-08-15T04:25:58Z,4125S24702C1,4125S,,SCHEDULED,0,0.0
2026-08-15T04:25:58Z,4125S84904C2,4125S,,SCHEDULED,0,0.0
2026-08-15T04:25:58Z,4125S24703C1,4125S,,SCHEDULED,0,0.0
2026-08-15T04:25:58Z,1025S76363C5,1025S,,SCHEDULED,480,8.0
2026-08-15T04:25:58Z,1025S76364C5,1025S,,SCHEDULED,240,4.0
2026-08-15T04:25:58Z,1025S76365C5,1025S,,SCHEDULED,0,0.0
2026-08-15T04:25:58Z,1025S76684C5,1025S,,SCHEDULED,0,0.0
2026-08-15T04:25:58Z,1025S19809C1,1025S,,SCHEDULED,0,0.0
2026-08-15T04:25:58Z,1025S79218C7,1025S,,SCHEDULED,0,0.0
2026-08-15T04:25:58Z,1025S79513C2,1025S,,SCHEDULED,180,3.0
2026-08-15T04:25:58Z,1025S79415C2,1025S,,SCHEDULED,0,0.0
2026-08-15T04:25:58Z,1025S76366C5,1025S,,SCHEDULED,0,0.0
2026-08-15T04:25:58Z,1025S79217C7,1025S,,SCHEDULED,120,2.0
2026-08-15T04:25:58Z,1025S76367C5,1025S,,SCHEDULED,0,0.0
2026-08-15T04:25:58Z,1025S27002C3,1025S,,SCHEDULED,480,8.0
2026-08-15T04:25:58Z,1025S76686C5,1025S,,SCHEDULED,0,0.0
2026-08-15T04:25:58Z,1025S27216C4a,1025S,,SCHEDULED,0,0.0
2026-08-15T04:25:58Z,1025S76368C5,1025S,,SCHEDULED,0,0.0
2026-08-15T04:25:58Z,1025S27415C4b,1025S,,SCHEDULED,0,0.0
2026-08-15T04:25:58Z,1025S76687C5,1025S,,SCHEDULED,120,2.0
2026-08-15T04:25:58Z,1025S27214C4a,1025S,,SCHEDULED,0,0.0
2026-08-15T04:25:58Z,1025S27215C4a,1025S,,SCHEDULED,0,0.0
2026-08-15T04:25:58Z,1025S27210C4a,1025S,,SCHEDULED,240,4.0
2026-08-15T04:25:58Z,1025S27413C4b,1025S,,SCHEDULED,180,3.0
2026-08-15T04:25:58Z,1025S76370C5,1025S,,SCHEDULED,60,1.0
2026-08-15T04:25:58Z,1025S27417C4b,1025S,,SCHEDULED,0,0.0
2026-08-15T04:25:58Z,1025S27211C4a,1025S,,SCHEDULED,1320,22.0
2026-08-15T04:25:58Z,1025S79406C2,1025S,,SCHEDULED,60,1.0
2026-08-15T04:25:58Z,1025S76372C5,1025S,,SCHEDULED,0,0.0
2026-08-15T04:25:58Z,1025S79606C10,1025S,,SCHEDULED,0,0.0
2026-08-15T04:25:58Z,1025S79807C8a,1025S,,SCHEDULED,0,0.0
2026-08-15T04:25:58Z,1025S76691C5,1025S,,SCHEDULED,180,3.0
2026-08-15T04:25:58Z,1025S79808C8a,1025S,,SCHEDULED,360,6.0
2026-08-15T04:25:58Z,1025S76361C5,1025S,,SCHEDULED,0,0.0
2026-08-15T04:25:58Z,1025S76680C5,1025S,,SCHEDULED,240,4.0
2026-08-15T04:25:58Z,1025S76374C5,1025S,,SCHEDULED,0,0.0
2026-08-15T04:25:58Z,1025S76682C5,1025S,,SCHEDULED,0,0.0
2026-08-15T04:25:58Z,1025S76693C5,1025S,,SCHEDULED,0,0.0
2026-08-15T04:25:58Z,1025S76695C5,1025S,,SCHEDULED,0,0.0
2026-08-15T04:25:58Z,1025S79202C7,1025S,,SCHEDULED,420,7.0
2026-08-15T04:25:58Z,1025S27212C4a,1025S,,SCHEDULED,300,5.0
2026-08-15T04:25:58Z,1025S27213C4a,1025S,,SCHEDULED,120,2.0
2026-08-15T04:25:58Z,1025S19802C1,1025S,,SCHEDULED,120,2.0
2026-08-15T04:25:58Z,1025S27411C4b,1025S,,SCHEDULED,780,13.0
2026-08-15T04:25:58Z,1025S79221C7,1025S,,SCHEDULED,0,0.0
2026-08-15T04:25:58Z,1025S79223C7,1025S,,SCHEDULED,0,0.0
2026-08-15T04:25:58Z,1025S27409C4b,1025S,,SCHEDULED,60,1.0
2026-08-15T04:25:58Z,1025S79102C7,1025S,,SCHEDULED,60,1.0
2026-08-15T04:25:58Z,1025S79104C7,1025S,,SCHEDULED,0,0.0
2026-08-15T04:25:58Z,1025S27007C3,1025S,,SCHEDULED,0,0.0
2026-08-15T04:25:58Z,1025S27404C4b,1025S,,SCHEDULED,180,3.0
2026-08-15T04:25:58Z,1025S79103C7,1025S,,SCHEDULED,120,2.0
2026-08-15T04:25:58Z,1025S79105C7,1025S,,SCHEDULED,0,0.0
2026-08-15T04:25:58Z,1025S79702C10,1025S,,SCHEDULED,0,0.0
2026-08-15T04:25:58Z,1025S27206C4,1025S,,SCHEDULED,600,10.0
2026-08-15T04:25:58Z,1025S76359C5,1025S,,SCHEDULED,120,2.0
2026-08-15T04:25:58Z,1025S79505C2,1025S,,SCHEDULED,720,12.0
2026-08-15T04:25:58Z,1025S27005C3,1025S,,SCHEDULED,300,5.0
2026-08-15T04:25:58Z,1025S27006C3,1025S,,SCHEDULED,180,3.0
2026-08-15T04:25:58Z,1025S27209C4a,1025S,,SCHEDULED,660,11.0
2026-08-15T04:25:58Z,1025S27408C4b,1025S,,SCHEDULED,-60,-1.0
2026-08-15T04:25:58Z,1025S79210C7,1025S,,SCHEDULED,60,1.0
2026-08-15T04:25:58Z,1025S27207C4a,1025S,,SCHEDULED,300,5.0
2026-08-15T04:25:58Z,1025S27406C4b,1025S,,SCHEDULED,540,9.0
2026-08-15T04:25:58Z,1025S27208C4,1025S,,SCHEDULED,240,4.0
2026-08-15T04:25:58Z,1025S79410C2,1025S,,SCHEDULED,0,0.0
2026-08-15T04:25:58Z,1025S79214C7,1025S,,SCHEDULED,0,0.0
2026-08-15T04:25:58Z,1025S79213C7,1025S,,SCHEDULED,240,4.0
2026-08-15T04:25:58Z,1025S79810C8a,1025S,,SCHEDULED,60,1.0
2026-08-15T04:25:58Z,1025S27003C3,1025S,,SCHEDULED,360,6.0
2026-08-15T04:25:58Z,1025S27004C3,1025S,,SCHEDULED,180,3.0
2026-08-15T04:25:58Z,1025S27202C4,1025S,,SCHEDULED,780,13.0
2026-08-15T04:25:58Z,1025S79509C2,1025S,,SCHEDULED,1320,22.0
2026-08-15T04:25:58Z,1025S76688C5,1025S,,SCHEDULED,0,0.0
2026-08-15T04:25:58Z,1025S79954C8b,1025S,,SCHEDULED,0,0.0
2026-08-15T04:25:58Z,1025S76205C5,1025S,,SCHEDULED,60,1.0
2026-08-15T04:25:58Z,1025S76689C5,1025S,,SCHEDULED,120,2.0
2026-08-15T04:25:58Z,1025S19805C1,1025S,,SCHEDULED,180,3.0
2026-08-15T04:25:58Z,1025S76206C5,1025S,,SCHEDULED,0,0.0
2026-08-15T04:25:58Z,1025S19804C1,1025S,,SCHEDULED,0,0.0
2026-08-15T04:25:58Z,1025S76207C5,1025S,,SCHEDULED,0,0.0
2026-08-15T04:25:58Z,1025S19807C1,1025S,,SCHEDULED,600,10.0
2026-08-15T04:25:58Z,1025S19806C1,1025S,,SCHEDULED,0,0.0
2026-08-15T04:31:20Z,3025S23506C1,3025S,,SCHEDULED,360,6.0
2026-08-15T04:31:20Z,3025S23507C1,3025S,,SCHEDULED,0,0.0
2026-08-15T04:31:20Z,3025S23703C5,3025S,,SCHEDULED,0,0.0
2026-08-15T04:31:20Z,3125S23424T1,3125S,,SCHEDULED,0,0.0
2026-08-15T04:31:20Z,3225S23302C1,3225S,,SCHEDULED,0,0.0
2026-08-15T04:31:20Z,3225S23150C2,3225S,,SCHEDULED,0,0.0
2026-08-15T04:31:20Z,3225S23305C1,3225S,,SCHEDULED,60,1.0
2026-08-15T04:31:20Z,3225S23304C1,3225S,,SCHEDULED,0,0.0
2026-08-15T04:31:20Z,4025S80017C3,4025S,,SCHEDULED,0,0.0
2026-08-15T04:31:20Z,4025S84006C2,4025S,,SCHEDULED,0,0.0
2026-08-15T04:31:20Z,4025S24001C2,4025S,,SCHEDULED,-180,-3.0
2026-08-15T04:31:20Z,4025S76656C3,4025S,,SCHEDULED,0,0.0
2026-08-15T04:31:20Z,4025S76602C3,4025S,,SCHEDULED,0,0.0
2026-08-15T04:31:20Z,4025S24302C6,4025S,,SCHEDULED,60,1.0
2026-08-15T04:31:20Z,4025S84003C2,4025S,,SCHEDULED,0,0.0
2026-08-15T04:31:20Z,4025S24204C1,4025S,,SCHEDULED,0,0.0
2026-08-15T04:31:20Z,4025S24303C6,4025S,,SCHEDULED,240,4.0
2026-08-15T04:31:20Z,4025S24002C2,4025S,,SCHEDULED,-120,-2.0
2026-08-15T04:31:20Z,4025S24003C2,4025S,,SCHEDULED,60,1.0
2026-08-15T04:31:20Z,5125S15850R11,5125S,,SCHEDULED,0,0.0
2026-08-15T04:31:20Z,5125S25502R2S,5125S,,SCHEDULED,1080,18.0
2026-08-15T04:31:20Z,5125S25601R1,5125S,,SCHEDULED,60,1.0
2026-08-15T04:31:20Z,5125S28404R2N,5125S,,SCHEDULED,300,5.0
2026-08-15T04:31:20Z,5125S25604R1,5125S,,SCHEDULED,180,3.0
2026-08-15T04:31:20Z,5125S28408R2N,5125S,,SCHEDULED,60,1.0
2026-08-15T04:31:20Z,5125S25603R1,5125S,,SCHEDULED,60,1.0
2026-08-15T04:31:20Z,5125S35518R3,5125S,,SCHEDULED,60,1.0
2026-08-15T04:31:20Z,5125S30531R15,5125S,,SCHEDULED,-120,-2.0
2026-08-15T04:31:20Z,5125S77312R3,5125S,,SCHEDULED,120,2.0
2026-08-15T04:31:20Z,5125S35516R3,5125S,,SCHEDULED,780,13.0
2026-08-15T04:31:20Z,5125S30530R15,5125S,,SCHEDULED,0,0.0
2026-08-15T04:31:20Z,5125S78600R8,5125S,,SCHEDULED,0,0.0
2026-08-15T04:31:20Z,5125S77314R3,5125S,,SCHEDULED,60,1.0
2026-08-15T04:31:20Z,5125S77400R4,5125S,,SCHEDULED,0,0.0
2026-08-15T04:31:20Z,5125S77500R4,5125S,,SCHEDULED,-60,-1.0
2026-08-15T04:31:20Z,5125S28267R2S,5125S,,SCHEDULED,60,1.0
2026-08-15T04:31:20Z,5125S25562R2S,5125S,,SCHEDULED,-60,-1.0
2026-08-15T04:31:20Z,5125S25606R1,5125S,,SCHEDULED,180,3.0
2026-08-15T04:31:20Z,5125S77404R4,5125S,,SCHEDULED,60,1.0
2026-08-15T04:31:20Z,5125S77504R4,5125S,,SCHEDULED,0,0.0
2026-08-15T04:31:20Z,5125S77508R4,5125S,,SCHEDULED,60,1.0
2026-08-15T04:31:20Z,5125S25608R1,5125S,,SCHEDULED,0,0.0
2026-08-15T04:31:20Z,5125S15040R13,5125S,,SCHEDULED,-240,-4.0
2026-08-15T04:31:20Z,5125S25400R2,5125S,,SCHEDULED,240,4.0
2026-08-15T04:31:20Z,5125S25402R2N,5125S,,SCHEDULED,300,5.0
2026-08-15T04:31:20Z,5125S28406R2N,5125S,,SCHEDULED,0,0.0
2026-08-15T04:31:20Z,5125S25503R2S,5125S,,SCHEDULED,60,1.0
2026-08-15T04:31:20Z,5125S28264R2S,5125S,,SCHEDULED,0,0.0
2026-08-15T04:31:20Z,5125S35523R3,5125S,,SCHEDULED,0,0.0
2026-08-15T04:31:20Z,5125S28263R2S,5125S,,SCHEDULED,300,5.0
2026-08-15T04:31:20Z,5125S28268R2S,5125S,,SCHEDULED,0,0.0
2026-08-15T04:31:20Z,6025S26504C3,6025S,,SCHEDULED,60,1.0
2026-08-15T04:31:20Z,6025S26503C3,6025S,,SCHEDULED,0,0.0
2026-08-15T04:31:20Z,6025S29506C2,6025S,,SCHEDULED,240,4.0
2026-08-15T04:31:20Z,6025S26505C3,6025S,,SCHEDULED,120,2.0
2026-08-15T04:31:20Z,6025S26506C3,6025S,,SCHEDULED,60,1.0
2026-08-15T04:31:20Z,6025S26507C3,6025S,,SCHEDULED,0,0.0
2026-08-15T04:31:20Z,6025S29611C1,6025S,,SCHEDULED,180,3.0
2026-08-15T04:31:20Z,6025S71500C4,6025S,,SCHEDULED,120,2.0
2026-08-15T04:31:20Z,6025S26508C3,6025S,,SCHEDULED,0,0.0
2026-08-15T04:31:20Z,6025S71503C4,6025S,,SCHEDULED,-120,-2.0
2026-08-15T04:31:20Z,6125S32701C1,6125S,,SCHEDULED,60,1.0
2026-08-15T04:31:20Z,6125S32700C1,6125S,,SCHEDULED,60,1.0
2026-08-15T04:31:20Z,6125S35680C1,6125S,,SCHEDULED,-120,-2.0
2026-08-15T04:31:20Z,6125S32771C1,6125S,,SCHEDULED,0,0.0
2026-08-15T04:31:20Z,6225S71152C2,6225S,,SCHEDULED,60,1.0
2026-08-15T04:31:20Z,6225S71154C2,6225S,,SCHEDULED,60,1.0
2026-08-15T04:31:20Z,4725S71080C1,4725S,,SCHEDULED,0,0.0
2026-08-15T04:31:20Z,2025S70250C4,2025S,,SCHEDULED,0,0.0
2026-08-15T04:31:20Z,2025S22002C1,2025S,,SCHEDULED,0,0.0
2026-08-15T04:31:20Z,2025S70901C8,2025S,,SCHEDULED,0,0.0
2026-08-15T04:31:20Z,2025S70505C7,2025S,,SCHEDULED,0,0.0
2026-08-15T04:31:20Z,2025S22004C1,2025S,,SCHEDULED,60,1.0
2026-08-15T04:31:20Z,2025S22105C1,2025S,,SCHEDULED,0,0.0
2026-08-15T04:31:20Z,2025S70756C6,2025S,,SCHEDULED,0,0.0
2026-08-15T04:31:20Z,2025S70932C8,2025S,,SCHEDULED,0,0.0
2026-08-15T04:31:20Z,2025S70251C4,2025S,,SCHEDULED,0,0.0
2026-08-15T04:31:20Z,2025S70853C6,2025S,,SCHEDULED,0,0.0
2026-08-15T04:31:20Z,2025S70402C5,2025S,,CANCELED,,
2026-08-15T04:31:20Z,2025S70204C4,2025S,,CANCELED,,
2026-08-15T04:31:20Z,4125S24702C1,4125S,,SCHEDULED,0,0.0
2026-08-15T04:31:20Z,4125S84904C2,4125S,,SCHEDULED,0,0.0
2026-08-15T04:31:20Z,4125S24703C1,4125S,,SCHEDULED,60,1.0
2026-08-15T04:35:57Z,3025S23506C1,3025S,,SCHEDULED,480,8.0
2026-08-15T04:35:57Z,3025S23703C5,3025S,,SCHEDULED,0,0.0
2026-08-15T04:35:57Z,3025S23507C1,3025S,,SCHEDULED,240,4.0
2026-08-15T04:35:57Z,3125S23424T1,3125S,,SCHEDULED,0,0.0
2026-08-15T04:35:57Z,3225S23150C2,3225S,,SCHEDULED,0,0.0
2026-08-15T04:35:57Z,3225S23302C1,3225S,,SCHEDULED,0,0.0
2026-08-15T04:35:57Z,3225S23307C1,3225S,,SCHEDULED,0,0.0
2026-08-15T04:35:57Z,3225S23305C1,3225S,,SCHEDULED,240,4.0
2026-08-15T04:35:57Z,3225S23304C1,3225S,,SCHEDULED,0,0.0
2026-08-15T04:35:57Z,4025S24302C6,4025S,,SCHEDULED,0,0.0
2026-08-15T04:35:57Z,4025S80017C3,4025S,,SCHEDULED,0,0.0
2026-08-15T04:35:57Z,4025S24204C1,4025S,,SCHEDULED,120,2.0
2026-08-15T04:35:57Z,4025S24303C6,4025S,,SCHEDULED,300,5.0
2026-08-15T04:35:57Z,4025S76656C3,4025S,,SCHEDULED,-60,-1.0
2026-08-15T04:35:57Z,4025S24205C1,4025S,,SCHEDULED,0,0.0
2026-08-15T04:35:57Z,4025S24002C2,4025S,,SCHEDULED,-60,-1.0
2026-08-15T04:35:57Z,4025S76602C3,4025S,,SCHEDULED,0,0.0
2026-08-15T04:35:57Z,4025S24003C2,4025S,,SCHEDULED,120,2.0
2026-08-15T04:35:57Z,4025S84003C2,4025S,,SCHEDULED,0,0.0
2026-08-15T04:35:57Z,4025S84006C2,4025S,,SCHEDULED,0,0.0
2026-08-15T04:35:57Z,4025S24001C2,4025S,,SCHEDULED,60,1.0
2026-08-15T04:35:57Z,5125S25601R1,5125S,,SCHEDULED,60,1.0
2026-08-15T04:35:57Z,5125S25604R1,5125S,,SCHEDULED,180,3.0
2026-08-15T04:35:57Z,5125S35518R3,5125S,,SCHEDULED,60,1.0
2026-08-15T04:35:57Z,5125S25603R1,5125S,,SCHEDULED,60,1.0
2026-08-15T04:35:57Z,5125S30531R15,5125S,,SCHEDULED,60,1.0
2026-08-15T04:35:57Z,5125S30530R15,5125S,,SCHEDULED,0,0.0
2026-08-15T04:35:57Z,5125S15850R11,5125S,,SCHEDULED,0,0.0
2026-08-15T04:35:57Z,5125S77510R4,5125S,,SCHEDULED,180,3.0
2026-08-15T04:35:57Z,5125S77312R3,5125S,,SCHEDULED,-120,-2.0
2026-08-15T04:35:57Z,5125S28404R2N,5125S,,SCHEDULED,300,5.0
2026-08-15T04:35:57Z,5125S78600R8,5125S,,SCHEDULED,120,2.0
2026-08-15T04:35:57Z,5125S77314R3,5125S,,SCHEDULED,60,1.0
2026-08-15T04:35:57Z,5125S28408R2N,5125S,,SCHEDULED,0,0.0
2026-08-15T04:35:57Z,5125S78632R8,5125S,,SCHEDULED,60,1.0
2026-08-15T04:35:57Z,5125S77500R4,5125S,,SCHEDULED,60,1.0
2026-08-15T04:35:57Z,5125S28267R2S,5125S,,SCHEDULED,-120,-2.0
2026-08-15T04:35:57Z,5125S77404R4,5125S,,SCHEDULED,120,2.0
2026-08-15T04:35:57Z,5125S77504R4,5125S,,SCHEDULED,-180,-3.0
2026-08-15T04:35:57Z,5125S25606R1,5125S,,SCHEDULED,120,2.0
2026-08-15T04:35:57Z,5125S77508R4,5125S,,SCHEDULED,60,1.0
2026-08-15T04:35:57Z,5125S25608R1,5125S,,SCHEDULED,0,0.0
2026-08-15T04:35:57Z,5125S15040R13,5125S,,SCHEDULED,-240,-4.0
2026-08-15T04:35:57Z,5125S28406R2N,5125S,,SCHEDULED,-60,-1.0
2026-08-15T04:35:57Z,5125S15000R15,5125S,,SCHEDULED,420,7.0
2026-08-15T04:35:57Z,5125S25600R1,5125S,,SCHEDULED,0,0.0
2026-08-15T04:35:57Z,5125S25402R2N,5125S,,SCHEDULED,180,3.0
2026-08-15T04:35:57Z,5125S28268R2S,5125S,,SCHEDULED,0,0.0
2026-08-15T04:35:57Z,5125S77400R4,5125S,,SCHEDULED,120,2.0
2026-08-15T04:35:57Z,5125S25503R2S,5125S,,SCHEDULED,240,4.0
2026-08-15T04:35:57Z,5125S25502R2S,5125S,,SCHEDULED,1140,19.0
2026-08-15T04:35:57Z,6025S29509C2,6025S,,SCHEDULED,0,0.0
2026-08-15T04:35:57Z,6025S26504C3,6025S,,SCHEDULED,120,2.0
2026-08-15T04:35:57Z,6025S29506C2,6025S,,SCHEDULED,240,4.0
2026-08-15T04:35:57Z,6025S26505C3,6025S,,SCHEDULED,60,1.0
2026-08-15T04:35:57Z,6025S26506C3,6025S,,SCHEDULED,0,0.0
2026-08-15T04:35:57Z,6025S26507C3,6025S,,SCHEDULED,120,2.0
2026-08-15T04:35:57Z,6025S26508C3,6025S,,SCHEDULED,0,0.0
2026-08-15T04:35:57Z,6025S71503C4,6025S,,SCHEDULED,180,3.0
2026-08-15T04:35:57Z,6025S29611C1,6025S,,SCHEDULED,180,3.0
2026-08-15T04:35:57Z,6025S71500C4,6025S,,SCHEDULED,120,2.0
2026-08-15T04:35:57Z,6125S32701C1,6125S,,SCHEDULED,60,1.0
2026-08-15T04:35:57Z,6125S32700C1,6125S,,SCHEDULED,60,1.0
2026-08-15T04:35:57Z,6125S35680C1,6125S,,SCHEDULED,0,0.0
2026-08-15T04:35:57Z,6125S32771C1,6125S,,SCHEDULED,0,0.0
2026-08-15T04:35:57Z,6225S71152C2,6225S,,SCHEDULED,-60,-1.0
2026-08-15T04:35:57Z,4725S71080C1,4725S,,SCHEDULED,0,0.0
2026-08-15T04:35:57Z,2025S70251C4,2025S,,SCHEDULED,0,0.0
2026-08-15T04:35:57Z,2025S70250C4,2025S,,SCHEDULED,0,0.0
2026-08-15T04:35:57Z,2025S22002C1,2025S,,SCHEDULED,60,1.0
2026-08-15T04:35:57Z,2025S70901C8,2025S,,SCHEDULED,0,0.0
2026-08-15T04:35:57Z,2025S70505C7,2025S,,SCHEDULED,0,0.0
2026-08-15T04:35:57Z,2025S22105C1,2025S,,SCHEDULED,240,4.0
2026-08-15T04:35:57Z,2025S70756C6,2025S,,SCHEDULED,0,0.0
2026-08-15T04:35:57Z,2025S70932C8,2025S,,SCHEDULED,0,0.0
2026-08-15T04:35:57Z,2025S70403C5,2025S,,CANCELED,,
2026-08-15T04:35:57Z,2025S70853C6,2025S,,SCHEDULED,0,0.0
2026-08-15T04:35:57Z,2025S70402C5,2025S,,CANCELED,,
2026-08-15T04:35:57Z,2025S70204C4,2025S,,CANCELED,,
2026-08-15T04:35:57Z,4125S24702C1,4125S,,SCHEDULED,0,0.0
2026-08-15T04:35:57Z,4125S84904C2,4125S,,SCHEDULED,0,0.0
2026-08-15T04:35:57Z,4125S24703C1,4125S,,SCHEDULED,300,5.0
2026-08-15T04:35:57Z,1025S27411C4b,1025S,,SCHEDULED,840,14.0
2026-08-15T04:35:57Z,1025S27210C4a,1025S,,SCHEDULED,240,4.0
2026-08-15T04:35:57Z,1025S79206C7,1025S,,SCHEDULED,480,8.0
2026-08-15T04:35:57Z,1025S79604C10,1025S,,SCHEDULED,0,0.0
2026-08-15T04:35:57Z,1025S79406C2,1025S,,SCHEDULED,120,2.0
2026-08-15T04:35:57Z,1025S79606C10,1025S,,SCHEDULED,0,0.0
2026-08-15T04:35:57Z,1025S79807C8a,1025S,,SCHEDULED,0,0.0
2026-08-15T04:35:57Z,1025S79808C8a,1025S,,SCHEDULED,0,0.0
2026-08-15T04:35:57Z,1025S76361C5,1025S,,SCHEDULED,120,2.0
2026-08-15T04:35:57Z,1025S76682C5,1025S,,SCHEDULED,300,5.0
2026-08-15T04:35:57Z,1025S76363C5,1025S,,SCHEDULED,0,0.0
2026-08-15T04:35:57Z,1025S76365C5,1025S,,SCHEDULED,300,5.0
2026-08-15T04:35:57Z,1025S76684C5,1025S,,SCHEDULED,0,0.0
2026-08-15T04:35:57Z,1025S19809C1,1025S,,SCHEDULED,120,2.0
2026-08-15T04:35:57Z,1025S79513C2,1025S,,SCHEDULED,180,3.0
2026-08-15T04:35:57Z,1025S76366C5,1025S,,SCHEDULED,240,4.0
2026-08-15T04:35:57Z,1025S79217C7,1025S,,SCHEDULED,0,0.0
2026-08-15T04:35:57Z,1025S19808C1,1025S,,SCHEDULED,0,0.0
2026-08-15T04:35:57Z,1025S27002C3,1025S,,SCHEDULED,660,11.0
2026-08-15T04:35:57Z,1025S76367C5,1025S,,SCHEDULED,0,0.0
2026-08-15T04:35:57Z,1025S27216C4a,1025S,,SCHEDULED,0,0.0
2026-08-15T04:35:57Z,1025S76686C5,1025S,,SCHEDULED,0,0.0
2026-08-15T04:35:57Z,1025S27217C4a,1025S,,SCHEDULED,0,0.0
2026-08-15T04:35:57Z,1025S19806C1,1025S,,SCHEDULED,0,0.0
2026-08-15T04:35:57Z,1025S27415C4b,1025S,,SCHEDULED,120,2.0
2026-08-15T04:35:57Z,1025S27214C4a,1025S,,SCHEDULED,120,2.0
2026-08-15T04:35:57Z,1025S79221C7,1025S,,SCHEDULED,180,3.0
2026-08-15T04:35:57Z,1025S27215C4a,1025S,,SCHEDULED,0,0.0
2026-08-15T04:35:57Z,1025S79223C7,1025S,,SCHEDULED,0,0.0
2026-08-15T04:35:57Z,1025S27413C4b,1025S,,SCHEDULED,180,3.0
2026-08-15T04:35:57Z,1025S79102C7,1025S,,SCHEDULED,480,8.0
2026-08-15T04:35:57Z,1025S79104C7,1025S,,SCHEDULED,0,0.0
2026-08-15T04:35:57Z,1025S76370C5,1025S,,SCHEDULED,180,3.0
2026-08-15T04:35:57Z,1025S79103C7,1025S,,SCHEDULED,0,0.0
2026-08-15T04:35:57Z,1025S76690C5,1025S,,SCHEDULED,0,0.0
2026-08-15T04:35:57Z,1025S27417C4b,1025S,,SCHEDULED,0,0.0
2026-08-15T04:35:57Z,1025S79105C7,1025S,,SCHEDULED,360,6.0
2026-08-15T04:35:57Z,1025S79702C10,1025S,,SCHEDULED,0,0.0
2026-08-15T04:35:57Z,1025S76372C5,1025S,,SCHEDULED,120,2.0
2026-08-15T04:35:57Z,1025S79505C2,1025S,,SCHEDULED,180,3.0
2026-08-15T04:35:57Z,1025S19811C1,1025S,,SCHEDULED,0,0.0
2026-08-15T04:35:57Z,1025S79509C2,1025S,,SCHEDULED,180,3.0
2026-08-15T04:35:57Z,1025S76691C5,1025S,,SCHEDULED,60,1.0
2026-08-15T04:35:57Z,1025S76368C5,1025S,,SCHEDULED,120,2.0
2026-08-15T04:35:57Z,1025S76374C5,1025S,,SCHEDULED,0,0.0
2026-08-15T04:35:57Z,1025S76369C5,1025S,,SCHEDULED,0,0.0
2026-08-15T04:35:57Z,1025S76693C5,1025S,,SCHEDULED,180,3.0
2026-08-15T04:35:57Z,1025S76688C5,1025S,,SCHEDULED,0,0.0
2026-08-15T04:35:57Z,1025S79954C8b,1025S,,SCHEDULED,60,1.0
2026-08-15T04:35:57Z,1025S76376C5,1025S,,SCHEDULED,0,0.0
2026-08-15T04:35:57Z,1025S76695C5,1025S,,SCHEDULED,0,0.0
2026-08-15T04:35:57Z,1025S27410C4b,1025S,,SCHEDULED,0,0.0
2026-08-15T04:35:57Z,1025S27212C4a,1025S,,SCHEDULED,60,1.0
2026-08-15T04:35:57Z,1025S79517C2,1025S,,SCHEDULED,0,0.0
2026-08-15T04:35:57Z,1025S76697C5,1025S,,SCHEDULED,0,0.0
2026-08-15T04:35:57Z,1025S27213C4a,1025S,,SCHEDULED,360,6.0
2026-08-15T04:35:57Z,1025S76689C5,1025S,,SCHEDULED,120,2.0
2026-08-15T04:35:57Z,1025S27409C4b,1025S,,SCHEDULED,180,3.0
2026-08-15T04:35:57Z,1025S76206C5,1025S,,SCHEDULED,300,5.0
2026-08-15T04:35:57Z,1025S27007C3,1025S,,SCHEDULED,0,0.0
2026-08-15T04:35:57Z,1025S19804C1,1025S,,SCHEDULED,540,9.0
2026-08-15T04:35:57Z,1025S27206C4,1025S,,SCHEDULED,1140,19.0
2026-08-15T04:35:57Z,1025S27404C4b,1025S,,SCHEDULED,120,2.0
2026-08-15T04:35:57Z,1025S76207C5,1025S,,SCHEDULED,0,0.0
2026-08-15T04:35:57Z,1025S27005C3,1025S,,SCHEDULED,0,0.0
2026-08-15T04:35:57Z,1025S27006C3,1025S,,SCHEDULED,780,13.0
2026-08-15T04:35:57Z,1025S27402C4,1025S,,SCHEDULED,480,8.0
2026-08-15T04:35:57Z,1025S27209C4a,1025S,,SCHEDULED,540,9.0
2026-08-15T04:35:57Z,1025S27408C4b,1025S,,SCHEDULED,540,9.0
2026-08-15T04:35:57Z,1025S27406C4b,1025S,,SCHEDULED,300,5.0
2026-08-15T04:35:57Z,1025S27208C4,1025S,,SCHEDULED,720,12.0
2026-08-15T04:35:57Z,1025S79410C2,1025S,,SCHEDULED,0,0.0
2026-08-15T04:35:57Z,1025S79214C7,1025S,,SCHEDULED,0,0.0
2026-08-15T04:35:57Z,1025S79810C8a,1025S,,SCHEDULED,0,0.0
2026-08-15T04:35:57Z,1025S27004C3,1025S,,SCHEDULED,0,0.0
2026-08-15T04:35:57Z,1025S79218C7,1025S,,SCHEDULED,0,0.0
2026-08-15T04:35:57Z,1025S79415C2,1025S,,SCHEDULED,0,0.0
2026-08-15T04:41:02Z,3025S23605C4,3025S,,SCHEDULED,0,0.0
2026-08-15T04:41:02Z,3025S23507C1,3025S,,SCHEDULED,240,4.0
2026-08-15T04:41:02Z,3025S23506C1,3025S,,SCHEDULED,420,7.0
2026-08-15T04:41:02Z,3025S23703C5,3025S,,SCHEDULED,60,1.0
2026-08-15T04:41:02Z,3125S23424T1,3125S,,SCHEDULED,0,0.0
2026-08-15T04:41:02Z,3225S23302C1,3225S,,SCHEDULED,60,1.0
2026-08-15T04:41:02Z,3225S23305C1,3225S,,SCHEDULED,60,1.0
2026-08-15T04:41:02Z,3225S23304C1,3225S,,SCHEDULED,0,0.0
2026-08-15T04:41:02Z,3225S23150C2,3225S,,SCHEDULED,0,0.0
2026-08-15T04:41:02Z,3225S23307C1,3225S,,SCHEDULED,0,0.0
2026-08-15T04:41:02Z,4025S80017C3,4025S,,SCHEDULED,0,0.0
2026-08-15T04:41:02Z,4025S76656C3,4025S,,SCHEDULED,0,0.0
2026-08-15T04:41:02Z,4025S76602C3,4025S,,SCHEDULED,0,0.0
2026-08-15T04:41:02Z,4025S84003C2,4025S,,SCHEDULED,0,0.0
2026-08-15T04:41:02Z,4025S84006C2,4025S,,SCHEDULED,0,0.0
2026-08-15T04:41:02Z,4025S24204C1,4025S,,SCHEDULED,180,3.0
2026-08-15T04:41:02Z,4025S24303C6,4025S,,SCHEDULED,360,6.0
2026-08-15T04:41:02Z,4025S24007C2,4025S,,SCHEDULED,0,0.0
2026-08-15T04:41:02Z,4025S24002C2,4025S,,SCHEDULED,-120,-2.0
2026-08-15T04:41:02Z,4025S24205C1,4025S,,SCHEDULED,0,0.0
2026-08-15T04:41:02Z,4025S24003C2,4025S,,SCHEDULED,240,4.0
2026-08-15T04:41:02Z,5125S35518R3,5125S,,SCHEDULED,120,2.0
2026-08-15T04:41:02Z,5125S30530R15,5125S,,SCHEDULED,0,0.0
2026-08-15T04:41:02Z,5125S15850R11,5125S,,SCHEDULED,0,0.0
2026-08-15T04:41:02Z,5125S28404R2N,5125S,,SCHEDULED,180,3.0
2026-08-15T04:41:02Z,5125S28408R2N,5125S,,SCHEDULED,-60,-1.0
2026-08-15T04:41:02Z,5125S25604R1,5125S,,SCHEDULED,240,4.0
2026-08-15T04:41:02Z,5125S25612R1,5125S,,SCHEDULED,-300,-5.0
2026-08-15T04:41:02Z,5125S25603R1,5125S,,SCHEDULED,120,2.0
2026-08-15T04:41:02Z,5125S28406R2N,5125S,,SCHEDULED,-60,-1.0
2026-08-15T04:41:02Z,5125S77510R4,5125S,,SCHEDULED,120,2.0
2026-08-15T04:41:02Z,5125S28268R2S,5125S,,SCHEDULED,-60,-1.0
2026-08-15T04:41:02Z,5125S77312R3,5125S,,SCHEDULED,-120,-2.0
2026-08-15T04:41:02Z,5125S77400R4,5125S,,SCHEDULED,-60,-1.0
2026-08-15T04:41:02Z,5125S78600R8,5125S,,SCHEDULED,60,1.0
2026-08-15T04:41:02Z,5125S77314R3,5125S,,SCHEDULED,60,1.0
2026-08-15T04:41:02Z,5125S78632R8,5125S,,SCHEDULED,120,2.0
2026-08-15T04:41:02Z,5125S77500R4,5125S,,SCHEDULED,0,0.0
2026-08-15T04:41:02Z,5125S25562R2S,5125S,,SCHEDULED,120,2.0
2026-08-15T04:41:02Z,5125S25606R1,5125S,,SCHEDULED,240,4.0
2026-08-15T04:41:02Z,5125S28267R2S,5125S,,SCHEDULED,-120,-2.0
2026-08-15T04:41:02Z,5125S25608R1,5125S,,SCHEDULED,60,1.0
2026-08-15T04:41:02Z,5125S15040R13,5125S,,SCHEDULED,-240,-4.0
2026-08-15T04:41:02Z,5125S77404R4,5125S,,SCHEDULED,240,4.0
2026-08-15T04:41:02Z,5125S77504R4,5125S,,SCHEDULED,0,0.0
2026-08-15T04:41:02Z,5125S77408R4,5125S,,SCHEDULED,0,0.0
2026-08-15T04:41:02Z,5125S77508R4,5125S,,SCHEDULED,120,2.0
2026-08-15T04:41:02Z,5125S15000R15,5125S,,SCHEDULED,480,8.0
2026-08-15T04:41:02Z,5125S25600R1,5125S,,SCHEDULED,0,0.0
2026-08-15T04:41:02Z,5125S25501R2S,5125S,,SCHEDULED,180,3.0
2026-08-15T04:41:02Z,5125S25404R2N,5125S,,SCHEDULED,120,2.0
2026-08-15T04:41:02Z,5125S25503R2S,5125S,,SCHEDULED,300,5.0
2026-08-15T04:41:02Z,5125S25502R2S,5125S,,SCHEDULED,1200,20.0
2026-08-15T04:41:02Z,5125S25601R1,5125S,,SCHEDULED,120,2.0
2026-08-15T04:41:02Z,6025S29509C2,6025S,,SCHEDULED,0,0.0
2026-08-15T04:41:02Z,6025S29506C2,6025S,,SCHEDULED,300,5.0
2026-08-15T04:41:02Z,6025S26504C3,6025S,,SCHEDULED,120,2.0
2026-08-15T04:41:02Z,6025S26506C3,6025S,,SCHEDULED,0,0.0
2026-08-15T04:41:02Z,6025S29611C1,6025S,,SCHEDULED,180,3.0
2026-08-15T04:41:02Z,6025S29610C1,6025S,,SCHEDULED,0,0.0
2026-08-15T04:41:02Z,6025S71500C4,6025S,,SCHEDULED,420,7.0
2026-08-15T04:41:02Z,6025S26508C3,6025S,,SCHEDULED,0,0.0
2026-08-15T04:41:02Z,6025S71503C4,6025S,,SCHEDULED,120,2.0
2026-08-15T04:41:02Z,6025S26507C3,6025S,,SCHEDULED,60,1.0
2026-08-15T04:41:02Z,6125S32701C1,6125S,,SCHEDULED,120,2.0
2026-08-15T04:41:02Z,6125S32700C1,6125S,,SCHEDULED,-60,-1.0
2026-08-15T04:41:02Z,6125S35680C1,6125S,,SCHEDULED,-60,-1.0
2026-08-15T04:41:02Z,6125S32771C1,6125S,,SCHEDULED,0,0.0
2026-08-15T04:41:02Z,6225S71152C2,6225S,,SCHEDULED,-60,-1.0
2026-08-15T04:41:02Z,6225S71154C2,6225S,,SCHEDULED,0,0.0
2026-08-15T04:41:02Z,4725S71080C1,4725S,,SCHEDULED,240,4.0
2026-08-15T04:41:02Z,2025S22003C1,2025S,,SCHEDULED,0,0.0
2026-08-15T04:41:02Z,2025S22004C1,2025S,,SCHEDULED,60,1.0
2026-08-15T04:41:02Z,2025S70250C4,2025S,,SCHEDULED,0,0.0
2026-08-15T04:41:02Z,2025S22002C1,2025S,,SCHEDULED,0,0.0
2026-08-15T04:41:02Z,2025S70505C7,2025S,,SCHEDULED,0,0.0
2026-08-15T04:41:02Z,2025S70803C6,2025S,,SCHEDULED,0,0.0
2026-08-15T04:41:02Z,2025S22105C1,2025S,,SCHEDULED,0,0.0
2026-08-15T04:41:02Z,2025S70901C8,2025S,,SCHEDULED,0,0.0
2026-08-15T04:41:02Z,2025S70756C6,2025S,,SCHEDULED,0,0.0
2026-08-15T04:41:02Z,2025S70932C8,2025S,,SCHEDULED,120,2.0
2026-08-15T04:41:02Z,2025S70403C5,2025S,,CANCELED,,
2026-08-15T04:41:02Z,2025S70251C4,2025S,,SCHEDULED,0,0.0
2026-08-15T04:41:02Z,2025S70853C6,2025S,,SCHEDULED,0,0.0
2026-08-15T04:41:02Z,2025S70204C4,2025S,,SCHEDULED,0,0.0
2026-08-15T04:41:02Z,4125S84904C2,4125S,,SCHEDULED,300,5.0
2026-08-15T04:41:02Z,4125S24702C1,4125S,,SCHEDULED,0,0.0
2026-08-15T04:41:02Z,4125S24703C1,4125S,,SCHEDULED,120,2.0
2026-08-15T04:41:02Z,1025S76682C5,1025S,,SCHEDULED,60,1.0
2026-08-15T04:41:02Z,1025S76363C5,1025S,,SCHEDULED,0,0.0
2026-08-15T04:41:02Z,1025S76365C5,1025S,,SCHEDULED,0,0.0
2026-08-15T04:41:02Z,1025S27002C3,1025S,,SCHEDULED,600,10.0
2026-08-15T04:41:02Z,1025S76684C5,1025S,,SCHEDULED,120,2.0
2026-08-15T04:41:02Z,1025S27216C4a,1025S,,SCHEDULED,0,0.0
2026-08-15T04:41:02Z,1025S79953C8b,1025S,,SCHEDULED,0,0.0
2026-08-15T04:41:02Z,1025S27217C4a,1025S,,SCHEDULED,0,0.0
2026-08-15T04:41:02Z,1025S19809C1,1025S,,SCHEDULED,420,7.0
2026-08-15T04:41:02Z,1025S27415C4b,1025S,,SCHEDULED,120,2.0
2026-08-15T04:41:02Z,1025S27214C4a,1025S,,SCHEDULED,180,3.0
2026-08-15T04:41:02Z,1025S27215C4a,1025S,,CANCELED,,
2026-08-15T04:41:02Z,1025S79513C2,1025S,,SCHEDULED,0,0.0
2026-08-15T04:41:02Z,1025S76370C5,1025S,,SCHEDULED,120,2.0
2026-08-15T04:41:02Z,1025S19808C1,1025S,,SCHEDULED,0,0.0
2026-08-15T04:41:02Z,1025S76686C5,1025S,,SCHEDULED,0,0.0
2026-08-15T04:41:02Z,1025S76371C5,1025S,,SCHEDULED,0,0.0
2026-08-15T04:41:02Z,1025S76367C5,1025S,,SCHEDULED,180,3.0
2026-08-15T04:41:02Z,1025S76368C5,1025S,,SCHEDULED,180,3.0
2026-08-15T04:41:02Z,1025S76690C5,1025S,,SCHEDULED,0,0.0
2026-08-15T04:41:02Z,1025S27417C4b,1025S,,SCHEDULED,0,0.0
2026-08-15T04:41:02Z,1025S79223C7,1025S,,SCHEDULED,0,0.0
2026-08-15T04:41:02Z,1025S76372C5,1025S,,SCHEDULED,420,7.0
2026-08-15T04:41:02Z,1025S79102C7,1025S,,SCHEDULED,-60,-1.0
2026-08-15T04:41:02Z,1025S79222C7,1025S,,SCHEDULED,0,0.0
2026-08-15T04:41:02Z,1025S79225C7,1025S,,SCHEDULED,0,0.0
2026-08-15T04:41:02Z,1025S76691C5,1025S,,SCHEDULED,0,0.0
2026-08-15T04:41:02Z,1025S79104C7,1025S,,SCHEDULED,0,0.0
2026-08-15T04:41:02Z,1025S76374C5,1025S,,SCHEDULED,0,0.0
2026-08-15T04:41:02Z,1025S79103C7,1025S,,SCHEDULED,360,6.0
2026-08-15T04:41:02Z,1025S79105C7,1025S,,SCHEDULED,660,11.0
2026-08-15T04:41:02Z,1025S79702C10,1025S,,SCHEDULED,0,0.0
2026-08-15T04:41:02Z,1025S76693C5,1025S,,SCHEDULED,480,8.0
2026-08-15T04:41:02Z,1025S79505C2,1025S,,SCHEDULED,300,5.0
2026-08-15T04:41:02Z,1025S19811C1,1025S,,SCHEDULED,0,0.0
2026-08-15T04:41:02Z,1025S76376C5,1025S,,SCHEDULED,0,0.0
2026-08-15T04:41:02Z,1025S79509C2,1025S,,SCHEDULED,0,0.0
2026-08-15T04:41:02Z,1025S76695C5,1025S,,SCHEDULED,0,0.0
2026-08-15T04:41:02Z,1025S76369C5,1025S,,SCHEDULED,0,0.0
2026-08-15T04:41:02Z,1025S27410C4b,1025S,,SCHEDULED,0,0.0
2026-08-15T04:41:02Z,1025S27212C4a,1025S,,SCHEDULED,0,0.0
2026-08-15T04:41:02Z,1025S76688C5,1025S,,SCHEDULED,0,0.0
2026-08-15T04:41:02Z,1025S76697C5,1025S,,SCHEDULED,0,0.0
2026-08-15T04:41:02Z,1025S27213C4a,1025S,,SCHEDULED,720,12.0
2026-08-15T04:41:02Z,1025S79954C8b,1025S,,SCHEDULED,60,1.0
2026-08-15T04:41:02Z,1025S27409C4b,1025S,,SCHEDULED,480,8.0
2026-08-15T04:41:02Z,1025S79517C2,1025S,,SCHEDULED,0,0.0
2026-08-15T04:41:02Z,1025S27007C3,1025S,,SCHEDULED,0,0.0
2026-08-15T04:41:02Z,1025S76206C5,1025S,,SCHEDULED,60,1.0
2026-08-15T04:41:02Z,1025S27008C3,1025S,,SCHEDULED,0,0.0
2026-08-15T04:41:02Z,1025S19804C1,1025S,,SCHEDULED,60,1.0
2026-08-15T04:41:02Z,1025S27404C4b,1025S,,SCHEDULED,60,1.0
2026-08-15T04:41:02Z,1025S76207C5,1025S,,SCHEDULED,0,0.0
2026-08-15T04:41:02Z,1025S27005C3,1025S,,SCHEDULED,60,1.0
2026-08-15T04:41:02Z,1025S27006C3,1025S,,SCHEDULED,0,0.0
2026-08-15T04:41:02Z,1025S19807C1,1025S,,SCHEDULED,180,3.0
2026-08-15T04:41:02Z,1025S27402C4,1025S,,SCHEDULED,720,12.0
2026-08-15T04:41:02Z,1025S27209C4a,1025S,,SCHEDULED,600,10.0
2026-08-15T04:41:02Z,1025S27408C4b,1025S,,SCHEDULED,300,5.0
2026-08-15T04:41:02Z,1025S79210C7,1025S,,SCHEDULED,300,5.0
2026-08-15T04:41:02Z,1025S19806C1,1025S,,SCHEDULED,0,0.0
2026-08-15T04:41:02Z,1025S27406C4b,1025S,,SCHEDULED,660,11.0
2026-08-15T04:41:02Z,1025S79221C7,1025S,,SCHEDULED,0,0.0
2026-08-15T04:41:02Z,1025S79410C2,1025S,,SCHEDULED,120,2.0
2026-08-15T04:41:02Z,1025S27411C4b,1025S,,SCHEDULED,720,12.0
2026-08-15T04:41:02Z,1025S79214C7,1025S,,SCHEDULED,0,0.0
2026-08-15T04:41:02Z,1025S79213C7,1025S,,SCHEDULED,120,2.0
2026-08-15T04:41:02Z,1025S27210C4a,1025S,,SCHEDULED,300,5.0
2026-08-15T04:41:02Z,1025S79810C8a,1025S,,SCHEDULED,120,2.0
2026-08-15T04:41:02Z,1025S27004C3,1025S,,SCHEDULED,300,5.0
2026-08-15T04:41:02Z,1025S27211C4a,1025S,,SCHEDULED,480,8.0
2026-08-15T04:41:02Z,1025S79206C7,1025S,,SCHEDULED,240,4.0
2026-08-15T04:41:02Z,1025S79218C7,1025S,,SCHEDULED,0,0.0
2026-08-15T04:41:02Z,1025S79604C10,1025S,,SCHEDULED,0,0.0
2026-08-15T04:41:02Z,1025S79406C2,1025S,,SCHEDULED,120,2.0
2026-08-15T04:41:02Z,1025S79606C10,1025S,,SCHEDULED,0,0.0
2026-08-15T04:41:02Z,1025S79415C2,1025S,,SCHEDULED,0,0.0
2026-08-15T04:41:02Z,1025S79217C7,1025S,,SCHEDULED,0,0.0
2026-08-15T04:41:02Z,1025S79807C8a,1025S,,SCHEDULED,120,2.0
2026-08-15T04:41:02Z,1025S79808C8a,1025S,,SCHEDULED,60,1.0
2026-08-15T04:41:02Z,1025S76361C5,1025S,,SCHEDULED,120,2.0
2026-08-15T04:46:03Z,3025S23605C4,3025S,,SCHEDULED,0,0.0
2026-08-15T04:46:03Z,3025S23507C1,3025S,,SCHEDULED,240,4.0
2026-08-15T04:46:03Z,3025S23506C1,3025S,,SCHEDULED,540,9.0
2026-08-15T04:46:03Z,3025S23703C5,3025S,,SCHEDULED,60,1.0
2026-08-15T04:46:03Z,3125S23424T1,3125S,,SCHEDULED,0,0.0
2026-08-15T04:46:03Z,3225S23302C1,3225S,,SCHEDULED,60,1.0
2026-08-15T04:46:03Z,3225S23307C1,3225S,,SCHEDULED,0,0.0
2026-08-15T04:46:03Z,3225S23304C1,3225S,,SCHEDULED,-60,-1.0
2026-08-15T04:46:03Z,4025S80017C3,4025S,,SCHEDULED,0,0.0
2026-08-15T04:46:03Z,4025S76602C3,4025S,,SCHEDULED,0,0.0
2026-08-15T04:46:03Z,4025S24204C1,4025S,,SCHEDULED,180,3.0
2026-08-15T04:46:03Z,4025S24303C6,4025S,,SCHEDULED,300,5.0
2026-08-15T04:46:03Z,4025S84003C2,4025S,,SCHEDULED,0,0.0
2026-08-15T04:46:03Z,4025S24007C2,4025S,,SCHEDULED,0,0.0
2026-08-15T04:46:03Z,4025S84004C2,4025S,,SCHEDULED,0,0.0
2026-08-15T04:46:03Z,4025S24205C1,4025S,,SCHEDULED,0,0.0
2026-08-15T04:46:03Z,4025S24002C2,4025S,,SCHEDULED,-60,-1.0
2026-08-15T04:46:03Z,4025S24003C2,4025S,,SCHEDULED,60,1.0
2026-08-15T04:46:03Z,4025S24302C6,4025S,,SCHEDULED,-120,-2.0
2026-08-15T04:46:03Z,5125S28404R2N,5125S,,SCHEDULED,240,4.0
2026-08-15T04:46:03Z,5125S28408R2N,5125S,,SCHEDULED,60,1.0
2026-08-15T04:46:03Z,5125S28406R2N,5125S,,SCHEDULED,60,1.0
2026-08-15T04:46:03Z,5125S35518R3,5125S,,SCHEDULED,60,1.0
2026-08-15T04:46:03Z,5125S30530R15,5125S,,SCHEDULED,0,0.0
2026-08-15T04:46:03Z,5125S15850R11,5125S,,SCHEDULED,0,0.0
2026-08-15T04:46:03Z,5125S25601R1,5125S,,SCHEDULED,120,2.0
2026-08-15T04:46:03Z,5125S25603R1,5125S,,SCHEDULED,-60,-1.0
2026-08-15T04:46:03Z,5125S77510R4,5125S,,SCHEDULED,120,2.0
2026-08-15T04:46:03Z,5125S28267R2S,5125S,,SCHEDULED,0,0.0
2026-08-15T04:46:03Z,5125S78600R8,5125S,,SCHEDULED,60,1.0
2026-08-15T04:46:03Z,5125S77314R3,5125S,,SCHEDULED,120,2.0
2026-08-15T04:46:03Z,5125S77404R4,5125S,,SCHEDULED,300,5.0
2026-08-15T04:46:03Z,5125S77504R4,5125S,,SCHEDULED,-60,-1.0
2026-08-15T04:46:03Z,5125S25562R2S,5125S,,SCHEDULED,120,2.0
2026-08-15T04:46:03Z,5125S77408R4,5125S,,SCHEDULED,0,0.0
2026-08-15T04:46:03Z,5125S77508R4,5125S,,SCHEDULED,0,0.0
2026-08-15T04:46:03Z,5125S25606R1,5125S,,SCHEDULED,180,3.0
2026-08-15T04:46:03Z,5125S25608R1,5125S,,SCHEDULED,60,1.0
2026-08-15T04:46:03Z,5125S15040R13,5125S,,SCHEDULED,0,0.0
2026-08-15T04:46:03Z,5125S28268R2S,5125S,,SCHEDULED,360,6.0
2026-08-15T04:46:03Z,5125S25600R1,5125S,,SCHEDULED,0,0.0
2026-08-15T04:46:03Z,5125S25402R2N,5125S,,SCHEDULED,120,2.0
2026-08-15T04:46:03Z,5125S77400R4,5125S,,SCHEDULED,60,1.0
2026-08-15T04:46:03Z,5125S25501R2S,5125S,,SCHEDULED,300,5.0
2026-08-15T04:46:03Z,5125S78632R8,5125S,,SCHEDULED,120,2.0
2026-08-15T04:46:03Z,5125S77500R4,5125S,,SCHEDULED,-60,-1.0
2026-08-15T04:46:03Z,5125S25404R2N,5125S,,SCHEDULED,120,2.0
2026-08-15T04:46:03Z,5125S25502R2S,5125S,,SCHEDULED,1260,21.0
2026-08-15T04:46:03Z,6025S29679C1,6025S,,SCHEDULED,0,0.0
2026-08-15T04:46:03Z,6025S29509C2,6025S,,SCHEDULED,0,0.0
2026-08-15T04:46:03Z,6025S29506C2,6025S,,SCHEDULED,360,6.0
2026-08-15T04:46:03Z,6025S26505C3,6025S,,SCHEDULED,-60,-1.0
2026-08-15T04:46:03Z,6025S26504C3,6025S,,SCHEDULED,180,3.0
2026-08-15T04:46:03Z,6025S26506C3,6025S,,SCHEDULED,0,0.0
2026-08-15T04:46:03Z,6025S29610C1,6025S,,SCHEDULED,0,0.0
2026-08-15T04:46:03Z,6025S71500C4,6025S,,SCHEDULED,300,5.0
2026-08-15T04:46:03Z,6025S71503C4,6025S,,SCHEDULED,60,1.0
2026-08-15T04:46:03Z,6025S26507C3,6025S,,SCHEDULED,60,1.0
2026-08-15T04:46:03Z,6125S32701C1,6125S,,SCHEDULED,60,1.0
2026-08-15T04:46:03Z,6125S32700C1,6125S,,SCHEDULED,0,0.0
2026-08-15T04:46:03Z,6125S32702C1,6125S,,SCHEDULED,0,0.0
2026-08-15T04:46:03Z,6125S32771C1,6125S,,SCHEDULED,0,0.0
2026-08-15T04:46:03Z,6225S71152C2,6225S,,SCHEDULED,-60,-1.0
2026-08-15T04:46:03Z,6225S71154C2,6225S,,SCHEDULED,-60,-1.0
2026-08-15T04:46:03Z,4725S71080C1,4725S,,SCHEDULED,180,3.0
2026-08-15T04:46:03Z,2025S70250C4,2025S,,SCHEDULED,0,0.0
2026-08-15T04:46:03Z,2025S22002C1,2025S,,SCHEDULED,60,1.0
2026-08-15T04:46:03Z,2025S22003C1,2025S,,SCHEDULED,0,0.0
2026-08-15T04:46:03Z,2025S22004C1,2025S,,SCHEDULED,60,1.0
2026-08-15T04:46:03Z,2025S22105C1,2025S,,SCHEDULED,0,0.0
2026-08-15T04:46:03Z,2025S70756C6,2025S,,SCHEDULED,0,0.0
2026-08-15T04:46:03Z,2025S70901C8,2025S,,SCHEDULED,0,0.0
2026-08-15T04:46:03Z,2025S70932C8,2025S,,SCHEDULED,60,1.0
2026-08-15T04:46:03Z,2025S70505C7,2025S,,SCHEDULED,0,0.0
2026-08-15T04:46:03Z,2025S70403C5,2025S,,CANCELED,,
2026-08-15T04:46:03Z,2025S70251C4,2025S,,SCHEDULED,0,0.0
2026-08-15T04:46:03Z,2025S70853C6,2025S,,SCHEDULED,240,4.0
2026-08-15T04:46:03Z,2025S70803C6,2025S,,SCHEDULED,0,0.0
2026-08-15T04:46:03Z,2025S70402C5,2025S,,SCHEDULED,60,1.0
2026-08-15T04:46:03Z,2025S70204C4,2025S,,SCHEDULED,0,0.0
2026-08-15T04:46:03Z,2025S70203C4,2025S,,SCHEDULED,0,0.0
2026-08-15T04:46:03Z,4125S84904C2,4125S,,SCHEDULED,600,10.0
2026-08-15T04:46:03Z,4125S24702C1,4125S,,SCHEDULED,60,1.0
2026-08-15T04:46:03Z,4125S24703C1,4125S,,SCHEDULED,420,7.0
2026-08-15T04:46:03Z,1025S27213C4a,1025S,,SCHEDULED,720,12.0
2026-08-15T04:46:03Z,1025S27411C4b,1025S,,SCHEDULED,960,16.0
2026-08-15T04:46:03Z,1025S27210C4a,1025S,,SCHEDULED,420,7.0
2026-08-15T04:46:03Z,1025S76699C5,1025S,,SCHEDULED,0,0.0
2026-08-15T04:46:03Z,1025S27211C4a,1025S,,SCHEDULED,660,11.0
2026-08-15T04:46:03Z,1025S79206C7,1025S,,SCHEDULED,300,5.0
2026-08-15T04:46:03Z,1025S79604C10,1025S,,SCHEDULED,0,0.0
2026-08-15T04:46:03Z,1025S79406C2,1025S,,SCHEDULED,120,2.0
2026-08-15T04:46:03Z,1025S79606C10,1025S,,SCHEDULED,60,1.0
2026-08-15T04:46:03Z,1025S79807C8a,1025S,,SCHEDULED,240,4.0
2026-08-15T04:46:03Z,1025S79608C10,1025S,,SCHEDULED,0,0.0
2026-08-15T04:46:03Z,1025S79808C8a,1025S,,SCHEDULED,180,3.0
2026-08-15T04:46:03Z,1025S76363C5,1025S,,SCHEDULED,120,2.0
2026-08-15T04:46:03Z,1025S76365C5,1025S,,SCHEDULED,60,1.0
2026-08-15T04:46:03Z,1025S76684C5,1025S,,SCHEDULED,0,0.0
2026-08-15T04:46:03Z,1025S79953C8b,1025S,,SCHEDULED,0,0.0
2026-08-15T04:46:03Z,1025S19809C1,1025S,,SCHEDULED,120,2.0
2026-08-15T04:46:03Z,1025S79513C2,1025S,,SCHEDULED,60,1.0
2026-08-15T04:46:03Z,1025S27216C4a,1025S,,SCHEDULED,0,0.0
2026-08-15T04:46:03Z,1025S27217C4a,1025S,,SCHEDULED,0,0.0
2026-08-15T04:46:03Z,1025S19808C1,1025S,,SCHEDULED,0,0.0
2026-08-15T04:46:03Z,1025S27415C4b,1025S,,SCHEDULED,360,6.0
2026-08-15T04:46:03Z,1025S27214C4a,1025S,,SCHEDULED,300,5.0
2026-08-15T04:46:03Z,1025S76686C5,1025S,,SCHEDULED,0,0.0
2026-08-15T04:46:03Z,1025S27215C4a,1025S,,CANCELED,,
2026-08-15T04:46:03Z,1025S27419C4b,1025S,,SCHEDULED,0,0.0
2026-08-15T04:46:03Z,1025S76367C5,1025S,,SCHEDULED,480,8.0
2026-08-15T04:46:03Z,1025S76368C5,1025S,,SCHEDULED,180,3.0
2026-08-15T04:46:03Z,1025S76370C5,1025S,,SCHEDULED,0,0.0
2026-08-15T04:46:03Z,1025S79102C7,1025S,,SCHEDULED,0,0.0
2026-08-15T04:46:03Z,1025S27218C4a,1025S,,SCHEDULED,0,0.0
2026-08-15T04:46:03Z,1025S79222C7,1025S,,SCHEDULED,0,0.0
2026-08-15T04:46:03Z,1025S79225C7,1025S,,SCHEDULED,0,0.0
2026-08-15T04:46:03Z,1025S76371C5,1025S,,SCHEDULED,0,0.0
2026-08-15T04:46:03Z,1025S79104C7,1025S,,SCHEDULED,240,4.0
2026-08-15T04:46:03Z,1025S76690C5,1025S,,SCHEDULED,0,0.0
2026-08-15T04:46:03Z,1025S27417C4b,1025S,,SCHEDULED,0,0.0
2026-08-15T04:46:03Z,1025S79103C7,1025S,,SCHEDULED,660,11.0
2026-08-15T04:46:03Z,1025S76372C5,1025S,,SCHEDULED,0,0.0
2026-08-15T04:46:03Z,1025S79106C7,1025S,,SCHEDULED,0,0.0
2026-08-15T04:46:03Z,1025S76691C5,1025S,,SCHEDULED,60,1.0
2026-08-15T04:46:03Z,1025S79105C7,1025S,,SCHEDULED,960,16.0
2026-08-15T04:46:03Z,1025S76692C5,1025S,,SCHEDULED,0,0.0
2026-08-15T04:46:03Z,1025S79702C10,1025S,,SCHEDULED,360,6.0
2026-08-15T04:46:03Z,1025S76374C5,1025S,,SCHEDULED,60,1.0
2026-08-15T04:46:03Z,1025S79505C2,1025S,,SCHEDULED,300,5.0
2026-08-15T04:46:03Z,1025S19811C1,1025S,,SCHEDULED,0,0.0
2026-08-15T04:46:03Z,1025S76693C5,1025S,,SCHEDULED,60,1.0
2026-08-15T04:46:03Z,1025S79509C2,1025S,,SCHEDULED,240,4.0
2026-08-15T04:46:03Z,1025S19813C1,1025S,,SCHEDULED,0,0.0
2026-08-15T04:46:03Z,1025S76376C5,1025S,,SCHEDULED,0,0.0
2026-08-15T04:46:03Z,1025S76369C5,1025S,,SCHEDULED,0,0.0
2026-08-15T04:46:03Z,1025S76695C5,1025S,,SCHEDULED,180,3.0
2026-08-15T04:46:03Z,1025S27410C4b,1025S,,SCHEDULED,120,2.0
2026-08-15T04:46:03Z,1025S27212C4a,1025S,,SCHEDULED,60,1.0
2026-08-15T04:46:03Z,1025S76688C5,1025S,,SCHEDULED,0,0.0
2026-08-15T04:46:03Z,1025S76378C5,1025S,,SCHEDULED,0,0.0
2026-08-15T04:46:03Z,1025S79954C8b,1025S,,SCHEDULED,60,1.0
2026-08-15T04:46:03Z,1025S76697C5,1025S,,SCHEDULED,0,0.0
2026-08-15T04:46:03Z,1025S27007C3,1025S,,SCHEDULED,0,0.0
2026-08-15T04:46:03Z,1025S79517C2,1025S,,SCHEDULED,0,0.0
2026-08-15T04:46:03Z,1025S27008C3,1025S,,SCHEDULED,0,0.0
2026-08-15T04:46:03Z,1025S76206C5,1025S,,SCHEDULED,60,1.0
2026-08-15T04:46:03Z,1025S27404C4b,1025S,,SCHEDULED,60,1.0
2026-08-15T04:46:03Z,1025S27005C3,1025S,,SCHEDULED,60,1.0
2026-08-15T04:46:03Z,1025S27006C3,1025S,,SCHEDULED,0,0.0
2026-08-15T04:46:03Z,1025S19804C1,1025S,,SCHEDULED,60,1.0
2026-08-15T04:46:03Z,1025S27402C4,1025S,,SCHEDULED,840,14.0
2026-08-15T04:46:03Z,1025S76207C5,1025S,,SCHEDULED,0,0.0
2026-08-15T04:46:03Z,1025S27209C4a,1025S,,SCHEDULED,480,8.0
2026-08-15T04:46:03Z,1025S27408C4b,1025S,,SCHEDULED,0,0.0
2026-08-15T04:46:03Z,1025S27009C3,1025S,,SCHEDULED,0,0.0
2026-08-15T04:46:03Z,1025S79210C7,1025S,,SCHEDULED,300,5.0
2026-08-15T04:46:03Z,1025S27406C4b,1025S,,SCHEDULED,540,9.0
2026-08-15T04:46:03Z,1025S76208C5,1025S,,SCHEDULED,0,0.0
2026-08-15T04:46:03Z,1025S79410C2,1025S,,SCHEDULED,180,3.0
2026-08-15T04:46:03Z,1025S79214C7,1025S,,SCHEDULED,300,5.0
2026-08-15T04:46:03Z,1025S79213C7,1025S,,SCHEDULED,300,5.0
2026-08-15T04:46:03Z,1025S79810C8a,1025S,,SCHEDULED,60,1.0
2026-08-15T04:46:03Z,1025S19806C1,1025S,,SCHEDULED,240,4.0
2026-08-15T04:46:03Z,1025S27003C3,1025S,,SCHEDULED,600,10.0
2026-08-15T04:46:03Z,1025S79221C7,1025S,,SCHEDULED,60,1.0
2026-08-15T04:46:03Z,1025S27004C3,1025S,,SCHEDULED,60,1.0
2026-08-15T04:46:03Z,1025S79223C7,1025S,,SCHEDULED,0,0.0
2026-08-15T04:46:03Z,1025S79812C8a,1025S,,SCHEDULED,0,0.0
2026-08-15T04:46:03Z,1025S79218C7,1025S,,SCHEDULED,0,0.0
2026-08-15T04:46:03Z,1025S79415C2,1025S,,SCHEDULED,0,0.0
2026-08-15T04:46:03Z,1025S27002C3,1025S,,SCHEDULED,540,9.0
2026-08-15T04:51:05Z,3025S23605C4,3025S,,SCHEDULED,0,0.0
2026-08-15T04:51:05Z,3025S23506C1,3025S,,SCHEDULED,420,7.0
2026-08-15T04:51:05Z,3025S23507C1,3025S,,SCHEDULED,360,6.0
2026-08-15T04:51:05Z,3025S23703C5,3025S,,SCHEDULED,60,1.0
2026-08-15T04:51:05Z,3125S23424T1,3125S,,SCHEDULED,0,0.0
2026-08-15T04:51:05Z,3125S23423T1,3125S,,SCHEDULED,0,0.0
2026-08-15T04:51:05Z,3225S23304C1,3225S,,SCHEDULED,0,0.0
2026-08-15T04:51:05Z,4025S80017C3,4025S,,SCHEDULED,0,0.0
2026-08-15T04:51:05Z,4025S76656C3,4025S,,SCHEDULED,-60,-1.0
2026-08-15T04:51:05Z,4025S76602C3,4025S,,SCHEDULED,60,1.0
2026-08-15T04:51:05Z,4025S84003C2,4025S,,SCHEDULED,0,0.0
2026-08-15T04:51:05Z,4025S84004C2,4025S,,SCHEDULED,0,0.0
2026-08-15T04:51:05Z,4025S24204C1,4025S,,SCHEDULED,240,4.0
2026-08-15T04:51:05Z,4025S24303C6,4025S,,SCHEDULED,420,7.0
2026-08-15T04:51:05Z,4025S24007C2,4025S,,SCHEDULED,0,0.0
2026-08-15T04:51:05Z,4025S24205C1,4025S,,SCHEDULED,0,0.0
2026-08-15T04:51:05Z,4025S24002C2,4025S,,SCHEDULED,60,1.0
2026-08-15T04:51:05Z,4025S24003C2,4025S,,SCHEDULED,120,2.0
2026-08-15T04:51:05Z,4025S24302C6,4025S,,SCHEDULED,240,4.0
2026-08-15T04:51:05Z,5125S25601R1,5125S,,SCHEDULED,180,3.0
2026-08-15T04:51:05Z,5125S35518R3,5125S,,SCHEDULED,60,1.0
2026-08-15T04:51:05Z,5125S25505R2S,5125S,,SCHEDULED,60,1.0
2026-08-15T04:51:05Z,5125S15850R11,5125S,,SCHEDULED,0,0.0
2026-08-15T04:51:05Z,5125S25504R2S,5125S,,SCHEDULED,0,0.0
2026-08-15T04:51:05Z,5125S18121R16,5125S,,SCHEDULED,300,5.0
2026-08-15T04:51:05Z,5125S25603R1,5125S,,SCHEDULED,60,1.0
2026-08-15T04:51:05Z,5125S28404R2N,5125S,,SCHEDULED,240,4.0
2026-08-15T04:51:05Z,5125S77510R4,5125S,,SCHEDULED,240,4.0
2026-08-15T04:51:05Z,5125S28408R2N,5125S,,SCHEDULED,0,0.0
2026-08-15T04:51:05Z,5125S77312R3,5125S,,SCHEDULED,60,1.0
2026-08-15T04:51:05Z,5125S28406R2N,5125S,,SCHEDULED,120,2.0
2026-08-15T04:51:05Z,5125S78600R8,5125S,,SCHEDULED,60,1.0
2026-08-15T04:51:05Z,5125S77314R3,5125S,,SCHEDULED,0,0.0
2026-08-15T04:51:05Z,5125S35523R3,5125S,,SCHEDULED,60,1.0
2026-08-15T04:51:05Z,5125S25562R2S,5125S,,SCHEDULED,180,3.0
2026-08-15T04:51:05Z,5125S28268R2S,5125S,,SCHEDULED,420,7.0
2026-08-15T04:51:05Z,5125S77316R3,5125S,,SCHEDULED,60,1.0
2026-08-15T04:51:05Z,5125S25606R1,5125S,,SCHEDULED,300,5.0
2026-08-15T04:51:05Z,5125S77400R4,5125S,,SCHEDULED,60,1.0
2026-08-15T04:51:05Z,5125S25608R1,5125S,,SCHEDULED,180,3.0
2026-08-15T04:51:05Z,5125S78632R8,5125S,,SCHEDULED,180,3.0
2026-08-15T04:51:05Z,5125S77500R4,5125S,,SCHEDULED,-60,-1.0
2026-08-15T04:51:05Z,5125S25607R1,5125S,,SCHEDULED,60,1.0
2026-08-15T04:51:05Z,5125S25600R1,5125S,,SCHEDULED,0,0.0
2026-08-15T04:51:05Z,5125S28267R2S,5125S,,SCHEDULED,0,0.0
2026-08-15T04:51:05Z,5125S25402R2N,5125S,,SCHEDULED,120,2.0
2026-08-15T04:51:05Z,5125S25501R2S,5125S,,SCHEDULED,300,5.0
2026-08-15T04:51:05Z,5125S77404R4,5125S,,SCHEDULED,360,6.0
2026-08-15T04:51:05Z,5125S77504R4,5125S,,SCHEDULED,0,0.0
2026-08-15T04:51:05Z,5125S25404R2N,5125S,,SCHEDULED,0,0.0
2026-08-15T04:51:05Z,5125S77408R4,5125S,,SCHEDULED,0,0.0
2026-08-15T04:51:05Z,5125S77508R4,5125S,,SCHEDULED,-60,-1.0
2026-08-15T04:51:05Z,5125S25503R2S,5125S,,SCHEDULED,180,3.0
2026-08-15T04:51:05Z,5125S25502R2S,5125S,,SCHEDULED,1200,20.0
2026-08-15T04:51:05Z,6025S26504C3,6025S,,SCHEDULED,180,3.0
2026-08-15T04:51:05Z,6025S26509C3,6025S,,SCHEDULED,0,0.0
2026-08-15T04:51:05Z,6025S71500C4,6025S,,SCHEDULED,360,6.0
2026-08-15T04:51:05Z,6025S29506C2,6025S,,SCHEDULED,300,5.0
2026-08-15T04:51:05Z,6025S29679C1,6025S,,SCHEDULED,0,0.0
2026-08-15T04:51:05Z,6025S29509C2,6025S,,SCHEDULED,120,2.0
2026-08-15T04:51:05Z,6025S26505C3,6025S,,SCHEDULED,0,0.0
2026-08-15T04:51:05Z,6025S26508C3,6025S,,SCHEDULED,0,0.0
2026-08-15T04:51:05Z,6025S29610C1,6025S,,SCHEDULED,0,0.0
2026-08-15T04:51:05Z,6025S71503C4,6025S,,SCHEDULED,60,1.0
2026-08-15T04:51:05Z,6025S26507C3,6025S,,SCHEDULED,120,2.0
2026-08-15T04:51:05Z,6125S32702C1,6125S,,SCHEDULED,0,0.0
2026-08-15T04:51:05Z,6125S32701C1,6125S,,SCHEDULED,60,1.0
2026-08-15T04:51:05Z,6125S32700C1,6125S,,SCHEDULED,0,0.0
2026-08-15T04:51:05Z,6125S32771C1,6125S,,SCHEDULED,60,1.0
2026-08-15T04:51:05Z,6225S71152C2,6225S,,SCHEDULED,0,0.0
2026-08-15T04:51:05Z,4725S71080C1,4725S,,SCHEDULED,120,2.0
2026-08-15T04:51:05Z,2025S70251C4,2025S,,SCHEDULED,0,0.0
2026-08-15T04:51:05Z,2025S70250C4,2025S,,SCHEDULED,0,0.0
2026-08-15T04:51:05Z,2025S22002C1,2025S,,SCHEDULED,0,0.0
2026-08-15T04:51:05Z,2025S22003C1,2025S,,SCHEDULED,0,0.0
2026-08-15T04:51:05Z,2025S70901C8,2025S,,SCHEDULED,0,0.0
2026-08-15T04:51:05Z,2025S70505C7,2025S,,SCHEDULED,60,1.0
2026-08-15T04:51:05Z,2025S70803C6,2025S,,SCHEDULED,0,0.0
2026-08-15T04:51:05Z,2025S22105C1,2025S,,SCHEDULED,60,1.0
2026-08-15T04:51:05Z,2025S70203C4,2025S,,SCHEDULED,0,0.0
2026-08-15T04:51:05Z,2025S70756C6,2025S,,SCHEDULED,60,1.0
2026-08-15T04:51:05Z,2025S70932C8,2025S,,SCHEDULED,0,0.0
2026-08-15T04:51:05Z,2025S70403C5,2025S,,CANCELED,,
2026-08-15T04:51:05Z,2025S22206C2,2025S,,SCHEDULED,0,0.0
2026-08-15T04:51:05Z,2025S70853C6,2025S,,SCHEDULED,0,0.0
2026-08-15T04:51:05Z,2025S70402C5,2025S,,SCHEDULED,120,2.0
2026-08-15T04:51:05Z,2025S70204C4,2025S,,SCHEDULED,0,0.0
2026-08-15T04:51:05Z,4125S84904C2,4125S,,SCHEDULED,900,15.0
2026-08-15T04:51:05Z,4125S24700C1,4125S,,SCHEDULED,3900,65.0
2026-08-15T04:51:05Z,4125S24703C1,4125S,,SCHEDULED,0,0.0
2026-08-15T04:51:05Z,4125S84902C2,4125S,,SCHEDULED,0,0.0
2026-08-15T04:51:05Z,1025S76697C5,1025S,,SCHEDULED,-60,-1.0
2026-08-15T04:51:05Z,1025S27213C4a,1025S,,SCHEDULED,540,9.0
2026-08-15T04:51:05Z,1025S27411C4b,1025S,,SCHEDULED,660,11.0
2026-08-15T04:51:05Z,1025S27210C4a,1025S,,SCHEDULED,540,9.0
2026-08-15T04:51:05Z,1025S76699C5,1025S,,SCHEDULED,0,0.0
2026-08-15T04:51:05Z,1025S27211C4a,1025S,,SCHEDULED,660,11.0
2026-08-15T04:51:05Z,1025S79206C7,1025S,,SCHEDULED,360,6.0
2026-08-15T04:51:05Z,1025S79604C10,1025S,,SCHEDULED,0,0.0
2026-08-15T04:51:05Z,1025S79406C2,1025S,,SCHEDULED,180,3.0
2026-08-15T04:51:05Z,1025S79606C10,1025S,,SCHEDULED,60,1.0
2026-08-15T04:51:05Z,1025S79807C8a,1025S,,SCHEDULED,60,1.0
2026-08-15T04:51:05Z,1025S79608C10,1025S,,SCHEDULED,0,0.0
2026-08-15T04:51:05Z,1025S79808C8a,1025S,,SCHEDULED,360,6.0
2026-08-15T04:51:05Z,1025S76363C5,1025S,,SCHEDULED,120,2.0
2026-08-15T04:51:05Z,1025S76365C5,1025S,,SCHEDULED,60,1.0
2026-08-15T04:51:05Z,1025S79953C8b,1025S,,SCHEDULED,0,0.0
2026-08-15T04:51:05Z,1025S19809C1,1025S,,SCHEDULED,0,0.0
2026-08-15T04:51:05Z,1025S79513C2,1025S,,SCHEDULED,60,1.0
2026-08-15T04:51:05Z,1025S19808C1,1025S,,SCHEDULED,0,0.0
2026-08-15T04:51:05Z,1025S76686C5,1025S,,SCHEDULED,240,4.0
2026-08-15T04:51:05Z,1025S76367C5,1025S,,SCHEDULED,0,0.0
2026-08-15T04:51:05Z,1025S76369C5,1025S,,SCHEDULED,0,0.0
2026-08-15T04:51:05Z,1025S76688C5,1025S,,SCHEDULED,120,2.0
2026-08-15T04:51:05Z,1025S79954C8b,1025S,,SCHEDULED,120,2.0
2026-08-15T04:51:05Z,1025S27217C4a,1025S,,SCHEDULED,0,0.0
2026-08-15T04:51:05Z,1025S79517C2,1025S,,SCHEDULED,0,0.0
2026-08-15T04:51:05Z,1025S27415C4b,1025S,,SCHEDULED,120,2.0
2026-08-15T04:51:05Z,1025S19804C1,1025S,,SCHEDULED,360,6.0
2026-08-15T04:51:05Z,1025S27412C4b,1025S,,SCHEDULED,0,0.0
2026-08-15T04:51:05Z,1025S27214C4a,1025S,,SCHEDULED,240,4.0
2026-08-15T04:51:05Z,1025S76207C5,1025S,,SCHEDULED,120,2.0
2026-08-15T04:51:05Z,1025S27215C4a,1025S,,CANCELED,,
2026-08-15T04:51:05Z,1025S76208C5,1025S,,SCHEDULED,0,0.0
2026-08-15T04:51:05Z,1025S27413C4b,1025S,,SCHEDULED,480,8.0
2026-08-15T04:51:05Z,1025S27419C4b,1025S,,SCHEDULED,0,0.0
2026-08-15T04:51:05Z,1025S19806C1,1025S,,SCHEDULED,540,9.0
2026-08-15T04:51:05Z,1025S19810C1,1025S,,SCHEDULED,0,0.0
2026-08-15T04:51:05Z,1025S79221C7,1025S,,SCHEDULED,180,3.0
2026-08-15T04:51:05Z,1025S76370C5,1025S,,SCHEDULED,180,3.0
2026-08-15T04:51:05Z,1025S79223C7,1025S,,SCHEDULED,0,0.0
2026-08-15T04:51:05Z,1025S27218C4a,1025S,,SCHEDULED,0,0.0
2026-08-15T04:51:05Z,1025S79102C7,1025S,,SCHEDULED,0,0.0
2026-08-15T04:51:05Z,1025S79222C7,1025S,,SCHEDULED,0,0.0
2026-08-15T04:51:05Z,1025S79225C7,1025S,,SCHEDULED,0,0.0
2026-08-15T04:51:05Z,1025S76371C5,1025S,,SCHEDULED,0,0.0
2026-08-15T04:51:05Z,1025S79104C7,1025S,,SCHEDULED,120,2.0
2026-08-15T04:51:05Z,1025S76690C5,1025S,,SCHEDULED,0,0.0
2026-08-15T04:51:05Z,1025S27417C4b,1025S,,SCHEDULED,0,0.0
2026-08-15T04:51:05Z,1025S79103C7,1025S,,SCHEDULED,180,3.0
2026-08-15T04:51:05Z,1025S79106C7,1025S,,SCHEDULED,0,0.0
2026-08-15T04:51:05Z,1025S76372C5,1025S,,SCHEDULED,240,4.0
2026-08-15T04:51:05Z,1025S79105C7,1025S,,SCHEDULED,0,0.0
2026-08-15T04:51:05Z,1025S79702C10,1025S,,SCHEDULED,420,7.0
2026-08-15T04:51:05Z,1025S79107C7,1025S,,SCHEDULED,0,0.0
2026-08-15T04:51:05Z,1025S19811C1,1025S,,SCHEDULED,0,0.0
2026-08-15T04:51:05Z,1025S76373C5,1025S,,SCHEDULED,0,0.0
2026-08-15T04:51:05Z,1025S79509C2,1025S,,SCHEDULED,540,9.0
2026-08-15T04:51:05Z,1025S19813C1,1025S,,SCHEDULED,0,0.0
2026-08-15T04:51:05Z,1025S76692C5,1025S,,SCHEDULED,0,0.0
2026-08-15T04:51:05Z,1025S27007C3,1025S,,SCHEDULED,0,0.0
2026-08-15T04:51:05Z,1025S27008C3,1025S,,SCHEDULED,0,0.0
2026-08-15T04:51:05Z,1025S76374C5,1025S,,SCHEDULED,360,6.0
2026-08-15T04:51:05Z,1025S27404C4b,1025S,,SCHEDULED,180,3.0
2026-08-15T04:51:05Z,1025S76693C5,1025S,,SCHEDULED,0,0.0
2026-08-15T04:51:05Z,1025S27005C3,1025S,,SCHEDULED,0,0.0
2026-08-15T04:51:05Z,1025S27006C3,1025S,,SCHEDULED,60,1.0
2026-08-15T04:51:05Z,1025S76376C5,1025S,,SCHEDULED,0,0.0
2026-08-15T04:51:05Z,1025S76695C5,1025S,,SCHEDULED,480,8.0
2026-08-15T04:51:05Z,1025S27402C4,1025S,,SCHEDULED,780,13.0
2026-08-15T04:51:05Z,1025S27410C4b,1025S,,SCHEDULED,420,7.0
2026-08-15T04:51:05Z,1025S27209C4a,1025S,,SCHEDULED,540,9.0
2026-08-15T04:51:05Z,1025S27408C4b,1025S,,SCHEDULED,240,4.0
2026-08-15T04:51:05Z,1025S76378C5,1025S,,SCHEDULED,0,0.0
2026-08-15T04:51:05Z,1025S27009C3,1025S,,SCHEDULED,0,0.0
2026-08-15T04:51:05Z,1025S79210C7,1025S,,SCHEDULED,300,5.0
2026-08-15T04:51:05Z,1025S27406C4b,1025S,,SCHEDULED,300,5.0
2026-08-15T04:51:05Z,1025S79214C7,1025S,,SCHEDULED,600,10.0
2026-08-15T04:51:05Z,1025S79810C8a,1025S,,SCHEDULED,240,4.0
2026-08-15T04:51:05Z,1025S27003C3,1025S,,SCHEDULED,720,12.0
2026-08-15T04:51:05Z,1025S27004C3,1025S,,SCHEDULED,120,2.0
2026-08-15T04:51:05Z,1025S79812C8a,1025S,,SCHEDULED,0,0.0
2026-08-15T04:51:05Z,1025S79218C7,1025S,,SCHEDULED,0,0.0
2026-08-15T04:51:05Z,1025S79415C2,1025S,,SCHEDULED,0,0.0
2026-08-15T04:51:05Z,1025S27002C3,1025S,,SCHEDULED,540,9.0
2026-08-15T04:51:05Z,1025S27216C4a,1025S,,SCHEDULED,0,0.0
2026-08-15T04:55:58Z,3025S23605C4,3025S,,SCHEDULED,1860,31.0
2026-08-15T04:55:58Z,3025S23506C1,3025S,,SCHEDULED,720,12.0
2026-08-15T04:55:58Z,3025S23507C1,3025S,,SCHEDULED,480,8.0
2026-08-15T04:55:58Z,3025S23703C5,3025S,,SCHEDULED,-180,-3.0
2026-08-15T04:55:58Z,3125S23423T1,3125S,,SCHEDULED,0,0.0
2026-08-15T04:55:58Z,3125S23205C1,3125S,,SCHEDULED,0,0.0
2026-08-15T04:55:58Z,3125S23424T1,3125S,,SCHEDULED,0,0.0
2026-08-15T04:55:58Z,3225S23304C1,3225S,,SCHEDULED,0,0.0
2026-08-15T04:55:58Z,3225S23307C1,3225S,,SCHEDULED,120,2.0
2026-08-15T04:55:58Z,4025S84008C2,4025S,,SCHEDULED,0,0.0
2026-08-15T04:55:58Z,4025S80017C3,4025S,,SCHEDULED,0,0.0
2026-08-15T04:55:58Z,4025S24204C1,4025S,,SCHEDULED,60,1.0
2026-08-15T04:55:58Z,4025S24303C6,4025S,,SCHEDULED,300,5.0
2026-08-15T04:55:58Z,4025S76656C3,4025S,,SCHEDULED,0,0.0
2026-08-15T04:55:58Z,4025S24007C2,4025S,,SCHEDULED,0,0.0
2026-08-15T04:55:58Z,4025S76602C3,4025S,,SCHEDULED,60,1.0
2026-08-15T04:55:58Z,4025S24205C1,4025S,,SCHEDULED,0,0.0
2026-08-15T04:55:58Z,4025S84003C2,4025S,,SCHEDULED,0,0.0
2026-08-15T04:55:58Z,4025S24002C2,4025S,,SCHEDULED,60,1.0
2026-08-15T04:55:58Z,4025S24003C2,4025S,,SCHEDULED,60,1.0
2026-08-15T04:55:58Z,4025S24302C6,4025S,,SCHEDULED,60,1.0
2026-08-15T04:55:58Z,5125S25404R2N,5125S,,SCHEDULED,-120,-2.0
2026-08-15T04:55:58Z,5125S25601R1,5125S,,SCHEDULED,180,3.0
2026-08-15T04:55:58Z,5125S25406R2N,5125S,,SCHEDULED,0,0.0
2026-08-15T04:55:58Z,5125S25603R1,5125S,,SCHEDULED,120,2.0
2026-08-15T04:55:58Z,5125S25486R2S,5125S,,SCHEDULED,0,0.0
2026-08-15T04:55:58Z,5125S25562R2S,5125S,,SCHEDULED,300,5.0
2026-08-15T04:55:58Z,5125S77316R3,5125S,,SCHEDULED,60,1.0
2026-08-15T04:55:58Z,5125S35518R3,5125S,,SCHEDULED,240,4.0
2026-08-15T04:55:58Z,5125S28268R2S,5125S,,SCHEDULED,300,5.0
2026-08-15T04:55:58Z,5125S78632R8,5125S,,SCHEDULED,180,3.0
2026-08-15T04:55:58Z,5125S77500R4,5125S,,SCHEDULED,0,0.0
2026-08-15T04:55:58Z,5125S28267R2S,5125S,,SCHEDULED,120,2.0
2026-08-15T04:55:58Z,5125S77504R4,5125S,,SCHEDULED,60,1.0
2026-08-15T04:55:58Z,5125S77508R4,5125S,,SCHEDULED,60,1.0
2026-08-15T04:55:58Z,5125S25606R1,5125S,,SCHEDULED,60,1.0
2026-08-15T04:55:58Z,5125S25501R2S,5125S,,SCHEDULED,420,7.0
2026-08-15T04:55:58Z,5125S25503R2S,5125S,,SCHEDULED,240,4.0
2026-08-15T04:55:58Z,5125S25502R2S,5125S,,SCHEDULED,1080,18.0
2026-08-15T04:55:58Z,5125S25505R2S,5125S,,SCHEDULED,-120,-2.0
2026-08-15T04:55:58Z,5125S25504R2S,5125S,,SCHEDULED,0,0.0
2026-08-15T04:55:58Z,5125S77510R4,5125S,,SCHEDULED,120,2.0
2026-08-15T04:55:58Z,5125S77312R3,5125S,,SCHEDULED,120,2.0
2026-08-15T04:55:58Z,5125S78600R8,5125S,,SCHEDULED,0,0.0
2026-08-15T04:55:58Z,5125S77512R4,5125S,,SCHEDULED,60,1.0
2026-08-15T04:55:58Z,5125S77314R3,5125S,,SCHEDULED,0,0.0
2026-08-15T04:55:58Z,5125S25612R1,5125S,,SCHEDULED,-60,-1.0
2026-08-15T04:55:58Z,5125S28406R2N,5125S,,SCHEDULED,60,1.0
2026-08-15T04:55:58Z,5125S35523R3,5125S,,SCHEDULED,180,3.0
2026-08-15T04:55:58Z,5125S77400R4,5125S,,SCHEDULED,180,3.0
2026-08-15T04:55:58Z,5125S25608R1,5125S,,SCHEDULED,60,1.0
2026-08-15T04:55:58Z,5125S77404R4,5125S,,SCHEDULED,240,4.0
2026-08-15T04:55:58Z,5125S25607R1,5125S,,SCHEDULED,60,1.0
2026-08-15T04:55:58Z,5125S77408R4,5125S,,SCHEDULED,0,0.0
2026-08-15T04:55:58Z,5125S15850R11,5125S,,SCHEDULED,0,0.0
2026-08-15T04:55:58Z,5125S25600R1,5125S,,SCHEDULED,0,0.0
2026-08-15T04:55:58Z,5125S25402R2N,5125S,,SCHEDULED,240,4.0
2026-08-15T04:55:58Z,5125S18121R16,5125S,,SCHEDULED,360,6.0
2026-08-15T04:55:58Z,5125S28404R2N,5125S,,SCHEDULED,300,5.0
2026-08-15T04:55:58Z,5125S28408R2N,5125S,,SCHEDULED,-60,-1.0
2026-08-15T04:55:58Z,6025S29679C1,6025S,,SCHEDULED,0,0.0
2026-08-15T04:55:58Z,6025S29506C2,6025S,,SCHEDULED,300,5.0
2026-08-15T04:55:58Z,6025S26505C3,6025S,,SCHEDULED,0,0.0
2026-08-15T04:55:58Z,6025S29509C2,6025S,,SCHEDULED,120,2.0
2026-08-15T04:55:58Z,6025S26506C3,6025S,,SCHEDULED,0,0.0
2026-08-15T04:55:58Z,6025S26509C3,6025S,,SCHEDULED,0,0.0
2026-08-15T04:55:58Z,6025S71503C4,6025S,,SCHEDULED,120,2.0
2026-08-15T04:55:58Z,6025S26507C3,6025S,,SCHEDULED,0,0.0
2026-08-15T04:55:58Z,6025S29610C1,6025S,,SCHEDULED,60,1.0
2026-08-15T04:55:58Z,6025S71500C4,6025S,,SCHEDULED,240,4.0
2026-08-15T04:55:58Z,6125S32703C1,6125S,,SCHEDULED,0,0.0
2026-08-15T04:55:58Z,6125S81704C1,6125S,,SCHEDULED,0,0.0
2026-08-15T04:55:58Z,6125S32771C1,6125S,,SCHEDULED,0,0.0
2026-08-15T04:55:58Z,6125S32700C1,6125S,,SCHEDULED,-60,-1.0
2026-08-15T04:55:58Z,6125S32702C1,6125S,,SCHEDULED,0,0.0
2026-08-15T04:55:58Z,6125S32701C1,6125S,,SCHEDULED,120,2.0
2026-08-15T04:55:58Z,6225S71152C2,6225S,,SCHEDULED,-60,-1.0
2026-08-15T04:55:58Z,6225S71154C2,6225S,,SCHEDULED,0,0.0
2026-08-15T04:55:58Z,4725S71080C1,4725S,,SCHEDULED,120,2.0
2026-08-15T04:55:58Z,2025S70251C4,2025S,,SCHEDULED,60,1.0
2026-08-15T04:55:58Z,2025S70250C4,2025S,,SCHEDULED,0,0.0
2026-08-15T04:55:58Z,2025S22003C1,2025S,,SCHEDULED,180,3.0
2026-08-15T04:55:58Z,2025S22004C1,2025S,,SCHEDULED,120,2.0
2026-08-15T04:55:58Z,2025S70901C8,2025S,,SCHEDULED,240,4.0
2026-08-15T04:55:58Z,2025S70757C6,2025S,,SCHEDULED,0,0.0
2026-08-15T04:55:58Z,2025S70803C6,2025S,,SCHEDULED,0,0.0
2026-08-15T04:55:58Z,2025S22105C1,2025S,,SCHEDULED,180,3.0
2026-08-15T04:55:58Z,2025S70505C7,2025S,,SCHEDULED,120,2.0
2026-08-15T04:55:58Z,2025S70203C4,2025S,,SCHEDULED,0,0.0
2026-08-15T04:55:58Z,2025S70206C4,2025S,,SCHEDULED,0,0.0
2026-08-15T04:55:58Z,2025S70756C6,2025S,,SCHEDULED,120,2.0
2026-08-15T04:55:58Z,2025S70403C5,2025S,,CANCELED,,
2026-08-15T04:55:58Z,2025S22206C2,2025S,,SCHEDULED,0,0.0
2026-08-15T04:55:58Z,2025S70853C6,2025S,,SCHEDULED,0,0.0
2026-08-15T04:55:58Z,2025S70402C5,2025S,,SCHEDULED,0,0.0
2026-08-15T04:55:58Z,2025S70204C4,2025S,,SCHEDULED,0,0.0
2026-08-15T04:55:58Z,4125S24700C1,4125S,,SCHEDULED,4200,70.0
2026-08-15T04:55:58Z,4125S84904C2,4125S,,SCHEDULED,1200,20.0
2026-08-15T04:55:58Z,4125S84903C2,4125S,,SCHEDULED,0,0.0
2026-08-15T04:55:58Z,4125S24703C1,4125S,,SCHEDULED,300,5.0
2026-08-15T04:55:58Z,4125S84902C2,4125S,,SCHEDULED,0,0.0
2026-08-15T04:55:58Z,1025S27212C4a,1025S,,SCHEDULED,0,0.0
2026-08-15T04:55:58Z,1025S76378C5,1025S,,SCHEDULED,0,0.0
2026-08-15T04:55:58Z,1025S76697C5,1025S,,SCHEDULED,240,4.0
2026-08-15T04:55:58Z,1025S27411C4b,1025S,,SCHEDULED,600,10.0
2026-08-15T04:55:58Z,1025S27210C4a,1025S,,SCHEDULED,900,15.0
2026-08-15T04:55:58Z,1025S76699C5,1025S,,SCHEDULED,0,0.0
2026-08-15T04:55:58Z,1025S27211C4a,1025S,,SCHEDULED,300,5.0
2026-08-15T04:55:58Z,1025S79406C2,1025S,,SCHEDULED,180,3.0
2026-08-15T04:55:58Z,1025S79606C10,1025S,,SCHEDULED,0,0.0
2026-08-15T04:55:58Z,1025S79807C8a,1025S,,SCHEDULED,360,6.0
2026-08-15T04:55:58Z,1025S79608C10,1025S,,SCHEDULED,0,0.0
2026-08-15T04:55:58Z,1025S79231C7,1025S,,SCHEDULED,0,0.0
2026-08-15T04:55:58Z,1025S76365C5,1025S,,SCHEDULED,120,2.0
2026-08-15T04:55:58Z,1025S79953C8b,1025S,,SCHEDULED,0,0.0
2026-08-15T04:55:58Z,1025S79513C2,1025S,,SCHEDULED,240,4.0
2026-08-15T04:55:58Z,1025S19808C1,1025S,,SCHEDULED,0,0.0
2026-08-15T04:55:58Z,1025S76686C5,1025S,,SCHEDULED,300,5.0
2026-08-15T04:55:58Z,1025S76367C5,1025S,,SCHEDULED,0,0.0
2026-08-15T04:55:58Z,1025S76369C5,1025S,,SCHEDULED,300,5.0
2026-08-15T04:55:58Z,1025S76688C5,1025S,,SCHEDULED,0,0.0
2026-08-15T04:55:58Z,1025S79954C8b,1025S,,SCHEDULED,60,1.0
2026-08-15T04:55:58Z,1025S27216C4a,1025S,,SCHEDULED,180,3.0
2026-08-15T04:55:58Z,1025S27217C4a,1025S,,SCHEDULED,0,0.0
2026-08-15T04:55:58Z,1025S27415C4b,1025S,,SCHEDULED,240,4.0
2026-08-15T04:55:58Z,1025S27412C4b,1025S,,SCHEDULED,0,0.0
2026-08-15T04:55:58Z,1025S27214C4a,1025S,,SCHEDULED,180,3.0
2026-08-15T04:55:58Z,1025S27215C4a,1025S,,CANCELED,,
2026-08-15T04:55:58Z,1025S27413C4b,1025S,,SCHEDULED,660,11.0
2026-08-15T04:55:58Z,1025S27419C4b,1025S,,SCHEDULED,0,0.0
2026-08-15T04:55:58Z,1025S76370C5,1025S,,SCHEDULED,180,3.0
2026-08-15T04:55:58Z,1025S27218C4a,1025S,,SCHEDULED,0,0.0
2026-08-15T04:55:58Z,1025S76371C5,1025S,,SCHEDULED,0,0.0
2026-08-15T04:55:58Z,1025S76690C5,1025S,,SCHEDULED,0,0.0
2026-08-15T04:55:58Z,1025S27219C4a,1025S,,SCHEDULED,0,0.0
2026-08-15T04:55:58Z,1025S27417C4b,1025S,,SCHEDULED,120,2.0
2026-08-15T04:55:58Z,1025S76372C5,1025S,,SCHEDULED,120,2.0
2026-08-15T04:55:58Z,1025S76373C5,1025S,,SCHEDULED,0,0.0
2026-08-15T04:55:58Z,1025S76692C5,1025S,,SCHEDULED,0,0.0
2026-08-15T04:55:58Z,1025S76374C5,1025S,,SCHEDULED,0,0.0
2026-08-15T04:55:58Z,1025S76693C5,1025S,,SCHEDULED,0,0.0
2026-08-15T04:55:58Z,1025S76376C5,1025S,,SCHEDULED,180,3.0
2026-08-15T04:55:58Z,1025S76695C5,1025S,,SCHEDULED,0,0.0
2026-08-15T04:55:58Z,1025S27410C4b,1025S,,SCHEDULED,720,12.0
2026-08-15T04:55:58Z,1025S27008C3,1025S,,SCHEDULED,0,0.0
2026-08-15T04:55:58Z,1025S27404C4b,1025S,,SCHEDULED,300,5.0
2026-08-15T04:55:58Z,1025S27005C3,1025S,,SCHEDULED,60,1.0
2026-08-15T04:55:58Z,1025S27006C3,1025S,,SCHEDULED,180,3.0
2026-08-15T04:55:58Z,1025S76380C5,1025S,,SCHEDULED,0,0.0
2026-08-15T04:55:58Z,1025S27408C4b,1025S,,SCHEDULED,60,1.0
2026-08-15T04:55:58Z,1025S27009C3,1025S,,SCHEDULED,0,0.0
2026-08-15T04:55:58Z,1025S79210C7,1025S,,SCHEDULED,60,1.0
2026-08-15T04:55:58Z,1025S27406C4b,1025S,,SCHEDULED,300,5.0
2026-08-15T04:55:58Z,1025S79214C7,1025S,,SCHEDULED,900,15.0
2026-08-15T04:55:58Z,1025S79810C8a,1025S,,SCHEDULED,540,9.0
2026-08-15T04:55:58Z,1025S27003C3,1025S,,SCHEDULED,420,7.0
2026-08-15T04:55:58Z,1025S27004C3,1025S,,SCHEDULED,120,2.0
2026-08-15T04:55:58Z,1025S79812C8a,1025S,,SCHEDULED,0,0.0
2026-08-15T04:55:58Z,1025S79218C7,1025S,,SCHEDULED,0,0.0
2026-08-15T04:55:58Z,1025S79415C2,1025S,,SCHEDULED,60,1.0
2026-08-15T04:55:58Z,1025S79217C7,1025S,,SCHEDULED,60,1.0
2026-08-15T04:55:58Z,1025S76701C5,1025S,,SCHEDULED,0,0.0
2026-08-15T04:55:58Z,1025S79419C2,1025S,,SCHEDULED,0,0.0
2026-08-15T04:55:58Z,1025S79517C2,1025S,,SCHEDULED,0,0.0
2026-08-15T04:55:58Z,1025S76207C5,1025S,,SCHEDULED,0,0.0
2026-08-15T04:55:58Z,1025S76208C5,1025S,,SCHEDULED,0,0.0
2026-08-15T04:55:58Z,1025S19806C1,1025S,,SCHEDULED,60,1.0
2026-08-15T04:55:58Z,1025S19810C1,1025S,,SCHEDULED,0,0.0
2026-08-15T04:55:58Z,1025S79221C7,1025S,,SCHEDULED,120,2.0
2026-08-15T04:55:58Z,1025S77000C5,1025S,,SCHEDULED,0,0.0
2026-08-15T04:55:58Z,1025S79223C7,1025S,,SCHEDULED,0,0.0
2026-08-15T04:55:58Z,1025S79102C7,1025S,,SCHEDULED,180,3.0
2026-08-15T04:55:58Z,1025S79222C7,1025S,,SCHEDULED,0,0.0
2026-08-15T04:55:58Z,1025S79225C7,1025S,,SCHEDULED,0,0.0
2026-08-15T04:55:58Z,1025S79104C7,1025S,,SCHEDULED,180,3.0
2026-08-15T04:55:58Z,1025S79103C7,1025S,,SCHEDULED,120,2.0
2026-08-15T04:55:58Z,1025S79106C7,1025S,,SCHEDULED,0,0.0
2026-08-15T04:55:58Z,1025S79226C7,1025S,,SCHEDULED,0,0.0
2026-08-15T04:55:58Z,1025S79105C7,1025S,,SCHEDULED,60,1.0
2026-08-15T04:55:58Z,1025S79702C10,1025S,,SCHEDULED,300,5.0
2026-08-15T04:55:58Z,1025S79107C7,1025S,,SCHEDULED,0,0.0
2026-08-15T04:55:58Z,1025S79704C10,1025S,,SCHEDULED,0,0.0
2026-08-15T04:55:58Z,1025S19811C1,1025S,,SCHEDULED,120,2.0
2026-08-15T04:55:58Z,1025S79509C2,1025S,,SCHEDULED,840,14.0
2026-08-15T04:55:58Z,1025S19813C1,1025S,,SCHEDULED,0,0.0
2026-08-15T05:01:30Z,3025S23605C4,3025S,,SCHEDULED,2220,37.0
2026-08-15T05:01:30Z,3025S23507C1,3025S,,SCHEDULED,600,10.0
2026-08-15T05:01:30Z,3025S23506C1,3025S,,SCHEDULED,720,12.0
2026-08-15T05:01:30Z,3025S23703C5,3025S,,SCHEDULED,60,1.0
2026-08-15T05:01:30Z,3125S23423T1,3125S,,SCHEDULED,0,0.0
2026-08-15T05:01:30Z,3125S23205C1,3125S,,SCHEDULED,0,0.0
2026-08-15T05:01:30Z,3125S23424T1,3125S,,SCHEDULED,0,0.0
2026-08-15T05:01:30Z,3225S23304C1,3225S,,SCHEDULED,-120,-2.0
2026-08-15T05:01:30Z,3225S23307C1,3225S,,SCHEDULED,180,3.0
2026-08-15T05:01:30Z,4025S84008C2,4025S,,SCHEDULED,0,0.0
2026-08-15T05:01:30Z,4025S76656C3,4025S,,SCHEDULED,-60,-1.0
2026-08-15T05:01:30Z,4025S84003C2,4025S,,SCHEDULED,0,0.0
2026-08-15T05:01:30Z,4025S24303C6,4025S,,SCHEDULED,240,4.0
2026-08-15T05:01:30Z,4025S24003C2,4025S,,SCHEDULED,0,0.0
2026-08-15T05:01:30Z,4025S24302C6,4025S,,SCHEDULED,60,1.0
2026-08-15T05:01:30Z,4025S24007C2,4025S,,SCHEDULED,240,4.0
2026-08-15T05:01:30Z,4025S24205C1,4025S,,SCHEDULED,420,7.0
2026-08-15T05:01:30Z,4025S24204C1,4025S,,SCHEDULED,-60,-1.0
2026-08-15T05:01:30Z,5125S77316R3,5125S,,SCHEDULED,60,1.0
2026-08-15T05:01:30Z,5125S25607R1,5125S,,SCHEDULED,-60,-1.0
2026-08-15T05:01:30Z,5125S35518R3,5125S,,SCHEDULED,240,4.0
2026-08-15T05:01:30Z,5125S25600R1,5125S,,SCHEDULED,0,0.0
2026-08-15T05:01:30Z,5125S30531R15,5125S,,SCHEDULED,-120,-2.0
2026-08-15T05:01:30Z,5125S25402R2N,5125S,,SCHEDULED,360,6.0
2026-08-15T05:01:30Z,5125S28268R2S,5125S,,SCHEDULED,300,5.0
2026-08-15T05:01:30Z,5125S28269R2S,5125S,,SCHEDULED,60,1.0
2026-08-15T05:01:30Z,5125S25404R2N,5125S,,SCHEDULED,-120,-2.0
2026-08-15T05:01:30Z,5125S78632R8,5125S,,SCHEDULED,240,4.0
2026-08-15T05:01:30Z,5125S77500R4,5125S,,SCHEDULED,-60,-1.0
2026-08-15T05:01:30Z,5125S25601R1,5125S,,SCHEDULED,240,4.0
2026-08-15T05:01:30Z,5125S28267R2S,5125S,,SCHEDULED,0,0.0
2026-08-15T05:01:30Z,5125S77504R4,5125S,,SCHEDULED,60,1.0
2026-08-15T05:01:30Z,5125S77508R4,5125S,,SCHEDULED,60,1.0
2026-08-15T05:01:30Z,5125S25606R1,5125S,,SCHEDULED,120,2.0
2026-08-15T05:01:30Z,5125S25603R1,5125S,,SCHEDULED,0,0.0
2026-08-15T05:01:30Z,5125S25608R1,5125S,,SCHEDULED,120,2.0
2026-08-15T05:01:30Z,5125S25501R2S,5125S,,SCHEDULED,420,7.0
2026-08-15T05:01:30Z,5125S25503R2S,5125S,,SCHEDULED,240,4.0
2026-08-15T05:01:30Z,5125S25502R2S,5125S,,SCHEDULED,1080,18.0
2026-08-15T05:01:30Z,5125S25562R2S,5125S,,SCHEDULED,300,5.0
2026-08-15T05:01:30Z,5125S25505R2S,5125S,,SCHEDULED,-120,-2.0
2026-08-15T05:01:30Z,5125S25504R2S,5125S,,SCHEDULED,0,0.0
2026-08-15T05:01:30Z,5125S77312R3,5125S,,SCHEDULED,180,3.0
2026-08-15T05:01:30Z,5125S28406R2N,5125S,,SCHEDULED,60,1.0
2026-08-15T05:01:30Z,5125S78600R8,5125S,,SCHEDULED,0,0.0
2026-08-15T05:01:30Z,5125S77512R4,5125S,,SCHEDULED,-120,-2.0
2026-08-15T05:01:30Z,5125S35523R3,5125S,,SCHEDULED,300,5.0
2026-08-15T05:01:30Z,5125S77314R3,5125S,,SCHEDULED,60,1.0
2026-08-15T05:01:30Z,5125S77400R4,5125S,,SCHEDULED,0,0.0
2026-08-15T05:01:30Z,5125S77404R4,5125S,,SCHEDULED,300,5.0
2026-08-15T05:01:30Z,5125S77408R4,5125S,,SCHEDULED,-60,-1.0
2026-08-15T05:01:30Z,5125S18120R16,5125S,,SCHEDULED,240,4.0
2026-08-15T05:01:30Z,5125S18121R16,5125S,,SCHEDULED,360,6.0
2026-08-15T05:01:30Z,5125S28404R2N,5125S,,SCHEDULED,300,5.0
2026-08-15T05:01:30Z,5125S28408R2N,5125S,,SCHEDULED,60,1.0
2026-08-15T05:01:30Z,6025S29506C2,6025S,,SCHEDULED,360,6.0
2026-08-15T05:01:30Z,6025S26505C3,6025S,,SCHEDULED,0,0.0
2026-08-15T05:01:30Z,6025S29509C2,6025S,,SCHEDULED,180,3.0
2026-08-15T05:01:30Z,6025S26506C3,6025S,,SCHEDULED,60,1.0
2026-08-15T05:01:30Z,6025S71507C4,6025S,,SCHEDULED,0,0.0
2026-08-15T05:01:30Z,6025S29610C1,6025S,,SCHEDULED,60,1.0
2026-08-15T05:01:30Z,6025S26508C3,6025S,,SCHEDULED,0,0.0
2026-08-15T05:01:30Z,6025S26507C3,6025S,,SCHEDULED,-60,-1.0
2026-08-15T05:01:30Z,6025S71503C4,6025S,,SCHEDULED,180,3.0
2026-08-15T05:01:30Z,6025S71504C4,6025S,,SCHEDULED,0,0.0
2026-08-15T05:01:30Z,6025S71500C4,6025S,,SCHEDULED,180,3.0
2026-08-15T05:01:30Z,6025S26509C3,6025S,,SCHEDULED,0,0.0
2026-08-15T05:01:30Z,6125S32703C1,6125S,,SCHEDULED,0,0.0
2026-08-15T05:01:30Z,6125S81704C1,6125S,,SCHEDULED,0,0.0
2026-08-15T05:01:30Z,6125S32771C1,6125S,,SCHEDULED,0,0.0
2026-08-15T05:01:30Z,6125S32700C1,6125S,,SCHEDULED,-60,-1.0
2026-08-15T05:01:30Z,6125S32702C1,6125S,,SCHEDULED,60,1.0
2026-08-15T05:01:30Z,6125S32701C1,6125S,,SCHEDULED,120,2.0
2026-08-15T05:01:30Z,6225S71353C3,6225S,,SCHEDULED,0,0.0
2026-08-15T05:01:30Z,4725S71080C1,4725S,,SCHEDULED,300,5.0
2026-08-15T05:01:30Z,2025S70403C5,2025S,,CANCELED,,
2026-08-15T05:01:30Z,2025S70251C4,2025S,,SCHEDULED,60,1.0
2026-08-15T05:01:30Z,2025S70250C4,2025S,,SCHEDULED,300,5.0
2026-08-15T05:01:30Z,2025S22311C3,2025S,,SCHEDULED,0,0.0
2026-08-15T05:01:30Z,2025S22003C1,2025S,,SCHEDULED,480,8.0
2026-08-15T05:01:30Z,2025S70203C4,2025S,,SCHEDULED,240,4.0
2026-08-15T05:01:30Z,2025S70901C8,2025S,,SCHEDULED,60,1.0
2026-08-15T05:01:30Z,2025S70855C6,2025S,,SCHEDULED,0,0.0
2026-08-15T05:01:30Z,2025S70757C6,2025S,,SCHEDULED,0,0.0
2026-08-15T05:01:30Z,2025S70800C6,2025S,,SCHEDULED,0,0.0
2026-08-15T05:01:30Z,2025S70206C4,2025S,,SCHEDULED,0,0.0
2026-08-15T05:01:30Z,2025S70803C6,2025S,,SCHEDULED,0,0.0
2026-08-15T05:01:30Z,2025S22004C1,2025S,,SCHEDULED,120,2.0
2026-08-15T05:01:30Z,2025S70756C6,2025S,,SCHEDULED,0,0.0
2026-08-15T05:01:30Z,2025S70204C4,2025S,,SCHEDULED,1860,31.0
2026-08-15T05:01:30Z,2025S22105C1,2025S,,SCHEDULED,300,5.0
2026-08-15T05:01:30Z,2025S70505C7,2025S,,SCHEDULED,120,2.0
2026-08-15T05:01:30Z,2025S22008C1,2025S,,SCHEDULED,0,0.0
2026-08-15T05:01:30Z,2025S22206C2,2025S,,SCHEDULED,0,0.0
2026-08-15T05:01:30Z,2025S70853C6,2025S,,SCHEDULED,120,2.0
2026-08-15T05:01:30Z,2025S70402C5,2025S,,SCHEDULED,180,3.0
2026-08-15T05:01:30Z,4125S24700C1,4125S,,SCHEDULED,4560,76.0
2026-08-15T05:01:30Z,4125S84904C2,4125S,,SCHEDULED,1560,26.0
2026-08-15T05:01:30Z,4125S24702C1,4125S,,SCHEDULED,60,1.0
2026-08-15T05:01:30Z,4125S84903C2,4125S,,SCHEDULED,0,0.0
2026-08-15T05:01:30Z,4125S84902C2,4125S,,SCHEDULED,0,0.0
2026-08-15T05:01:30Z,7025S31505C1,7025S,,SCHEDULED,0,0.0
2026-08-15T05:01:30Z,1025S76378C5,1025S,,SCHEDULED,0,0.0
2026-08-15T05:01:30Z,1025S76697C5,1025S,,SCHEDULED,540,9.0
2026-08-15T05:01:30Z,1025S27213C4a,1025S,,SCHEDULED,480,8.0
2026-08-15T05:01:30Z,1025S27411C4b,1025S,,SCHEDULED,780,13.0
2026-08-15T05:01:30Z,1025S27210C4a,1025S,,SCHEDULED,720,12.0
2026-08-15T05:01:30Z,1025S76699C5,1025S,,SCHEDULED,0,0.0
2026-08-15T05:01:30Z,1025S27211C4a,1025S,,SCHEDULED,360,6.0
2026-08-15T05:01:30Z,1025S79406C2,1025S,,SCHEDULED,120,2.0
2026-08-15T05:01:30Z,1025S79606C10,1025S,,SCHEDULED,120,2.0
2026-08-15T05:01:30Z,1025S79807C8a,1025S,,SCHEDULED,240,4.0
2026-08-15T05:01:30Z,1025S79608C10,1025S,,SCHEDULED,0,0.0
2026-08-15T05:01:30Z,1025S79231C7,1025S,,SCHEDULED,0,0.0
2026-08-15T05:01:30Z,1025S76365C5,1025S,,SCHEDULED,180,3.0
2026-08-15T05:01:30Z,1025S79953C8b,1025S,,SCHEDULED,300,5.0
2026-08-15T05:01:30Z,1025S79513C2,1025S,,SCHEDULED,120,2.0
2026-08-15T05:01:30Z,1025S19808C1,1025S,,SCHEDULED,300,5.0
2026-08-15T05:01:30Z,1025S76686C5,1025S,,SCHEDULED,240,4.0
2026-08-15T05:01:30Z,1025S76367C5,1025S,,SCHEDULED,0,0.0
2026-08-15T05:01:30Z,1025S76369C5,1025S,,SCHEDULED,60,1.0
2026-08-15T05:01:30Z,1025S76688C5,1025S,,SCHEDULED,120,2.0
2026-08-15T05:01:30Z,1025S79954C8b,1025S,,SCHEDULED,180,3.0
2026-08-15T05:01:30Z,1025S79517C2,1025S,,SCHEDULED,0,0.0
2026-08-15T05:01:30Z,1025S79956C8b,1025S,,SCHEDULED,0,0.0
2026-08-15T05:01:30Z,1025S27217C4a,1025S,,SCHEDULED,0,0.0
2026-08-15T05:01:30Z,1025S27412C4b,1025S,,SCHEDULED,0,0.0
2026-08-15T05:01:30Z,1025S27214C4a,1025S,,SCHEDULED,300,5.0
2026-08-15T05:01:30Z,1025S27215C4a,1025S,,SCHEDULED,1080,18.0
2026-08-15T05:01:30Z,1025S27413C4b,1025S,,SCHEDULED,720,12.0
2026-08-15T05:01:30Z,1025S27419C4b,1025S,,SCHEDULED,0,0.0
2026-08-15T05:01:30Z,1025S27218C4a,1025S,,SCHEDULED,0,0.0
2026-08-15T05:01:30Z,1025S76371C5,1025S,,SCHEDULED,120,2.0
2026-08-15T05:01:30Z,1025S76690C5,1025S,,SCHEDULED,180,3.0
2026-08-15T05:01:30Z,1025S27219C4a,1025S,,SCHEDULED,0,0.0
2026-08-15T05:01:30Z,1025S27417C4b,1025S,,SCHEDULED,480,8.0
2026-08-15T05:01:30Z,1025S76372C5,1025S,,SCHEDULED,120,2.0
2026-08-15T05:01:30Z,1025S27010C3,1025S,,SCHEDULED,0,0.0
2026-08-15T05:01:30Z,1025S76373C5,1025S,,SCHEDULED,0,0.0
2026-08-15T05:01:30Z,1025S76692C5,1025S,,SCHEDULED,0,0.0
2026-08-15T05:01:30Z,1025S27011C3,1025S,,SCHEDULED,0,0.0
2026-08-15T05:01:30Z,1025S76374C5,1025S,,SCHEDULED,240,4.0
2026-08-15T05:01:30Z,1025S76375C5,1025S,,SCHEDULED,0,0.0
2026-08-15T05:01:30Z,1025S76376C5,1025S,,SCHEDULED,480,8.0
2026-08-15T05:01:30Z,1025S76695C5,1025S,,SCHEDULED,60,1.0
2026-08-15T05:01:30Z,1025S27410C4b,1025S,,SCHEDULED,300,5.0
2026-08-15T05:01:30Z,1025S27212C4a,1025S,,SCHEDULED,60,1.0
2026-08-15T05:01:30Z,1025S27007C3,1025S,,SCHEDULED,0,0.0
2026-08-15T05:01:30Z,1025S27008C3,1025S,,SCHEDULED,180,3.0
2026-08-15T05:01:30Z,1025S27404C4b,1025S,,SCHEDULED,480,8.0
2026-08-15T05:01:30Z,1025S27006C3,1025S,,SCHEDULED,60,1.0
2026-08-15T05:01:30Z,1025S76380C5,1025S,,SCHEDULED,0,0.0
2026-08-15T05:01:30Z,1025S27408C4b,1025S,,SCHEDULED,300,5.0
2026-08-15T05:01:30Z,1025S76382C5,1025S,,SCHEDULED,0,0.0
2026-08-15T05:01:30Z,1025S27009C3,1025S,,SCHEDULED,0,0.0
2026-08-15T05:01:30Z,1025S79210C7,1025S,,SCHEDULED,60,1.0
2026-08-15T05:01:30Z,1025S27406C4b,1025S,,SCHEDULED,300,5.0
2026-08-15T05:01:30Z,1025S79410C2,1025S,,SCHEDULED,300,5.0
2026-08-15T05:01:30Z,1025S79214C7,1025S,,SCHEDULED,1020,17.0
2026-08-15T05:01:30Z,1025S27003C3,1025S,,SCHEDULED,4200,70.0
2026-08-15T05:01:30Z,1025S79810C8a,1025S,,SCHEDULED,60,1.0
2026-08-15T05:01:30Z,1025S27004C3,1025S,,SCHEDULED,120,2.0
2026-08-15T05:01:30Z,1025S79812C8a,1025S,,SCHEDULED,0,0.0
2026-08-15T05:01:30Z,1025S79218C7,1025S,,SCHEDULED,0,0.0
2026-08-15T05:01:30Z,1025S79415C2,1025S,,SCHEDULED,240,4.0
2026-08-15T05:01:30Z,1025S79217C7,1025S,,SCHEDULED,300,5.0
2026-08-15T05:01:30Z,1025S76701C5,1025S,,SCHEDULED,0,0.0
2026-08-15T05:01:30Z,1025S79419C2,1025S,,SCHEDULED,0,0.0
2026-08-15T05:01:30Z,1025S27216C4a,1025S,,SCHEDULED,420,7.0
2026-08-15T05:01:30Z,1025S76207C5,1025S,,SCHEDULED,0,0.0
2026-08-15T05:01:30Z,1025S76208C5,1025S,,SCHEDULED,0,0.0
2026-08-15T05:01:30Z,1025S19806C1,1025S,,SCHEDULED,60,1.0
2026-08-15T05:01:30Z,1025S76209C5,1025S,,SCHEDULED,0,0.0
2026-08-15T05:01:30Z,1025S19810C1,1025S,,SCHEDULED,0,0.0
2026-08-15T05:01:30Z,1025S79221C7,1025S,,SCHEDULED,420,7.0
2026-08-15T05:01:30Z,1025S79102C7,1025S,,SCHEDULED,3120,52.0
2026-08-15T05:01:30Z,1025S77000C5,1025S,,SCHEDULED,0,0.0
2026-08-15T05:01:30Z,1025S79223C7,1025S,,SCHEDULED,60,1.0
2026-08-15T05:01:30Z,1025S79222C7,1025S,,SCHEDULED,0,0.0
2026-08-15T05:01:30Z,1025S79225C7,1025S,,SCHEDULED,360,6.0
2026-08-15T05:01:30Z,1025S79104C7,1025S,,SCHEDULED,120,2.0
2026-08-15T05:01:30Z,1025S79103C7,1025S,,SCHEDULED,60,1.0
2026-08-15T05:01:30Z,1025S79106C7,1025S,,SCHEDULED,0,0.0
2026-08-15T05:01:30Z,1025S79226C7,1025S,,SCHEDULED,0,0.0
2026-08-15T05:01:30Z,1025S79105C7,1025S,,SCHEDULED,120,2.0
2026-08-15T05:01:30Z,1025S79702C10,1025S,,SCHEDULED,360,6.0
2026-08-15T05:01:30Z,1025S79107C7,1025S,,SCHEDULED,180,3.0
2026-08-15T05:01:30Z,1025S79704C10,1025S,,SCHEDULED,0,0.0
2026-08-15T05:01:30Z,1025S19815C1,1025S,,SCHEDULED,0,0.0
2026-08-15T05:01:30Z,1025S19811C1,1025S,,SCHEDULED,120,2.0
2026-08-15T05:01:30Z,1025S19813C1,1025S,,SCHEDULED,0,0.0
2026-08-15T05:05:56Z,3025S23605C4,3025S,,SCHEDULED,420,7.0
2026-08-15T05:05:56Z,3025S23507C1,3025S,,SCHEDULED,600,10.0
2026-08-15T05:05:56Z,3025S23506C1,3025S,,SCHEDULED,780,13.0
2026-08-15T05:05:56Z,3025S23703C5,3025S,,SCHEDULED,180,3.0
2026-08-15T05:05:56Z,3125S23423T1,3125S,,SCHEDULED,0,0.0
2026-08-15T05:05:56Z,3125S23205C1,3125S,,SCHEDULED,0,0.0
2026-08-15T05:05:56Z,3125S23424T1,3125S,,SCHEDULED,0,0.0
2026-08-15T05:05:56Z,3225S23307C1,3225S,,SCHEDULED,120,2.0
2026-08-15T05:05:56Z,3225S23304C1,3225S,,SCHEDULED,-60,-1.0
2026-08-15T05:05:56Z,3225S23306C1,3225S,,SCHEDULED,0,0.0
2026-08-15T05:05:56Z,4025S24303C6,4025S,,SCHEDULED,120,2.0
2026-08-15T05:05:56Z,4025S24007C2,4025S,,SCHEDULED,240,4.0
2026-08-15T05:05:56Z,4025S84008C2,4025S,,SCHEDULED,0,0.0
2026-08-15T05:05:56Z,4025S24205C1,4025S,,SCHEDULED,420,7.0
2026-08-15T05:05:56Z,4025S24306C6,4025S,,SCHEDULED,0,0.0
2026-08-15T05:05:56Z,4025S24003C2,4025S,,SCHEDULED,-60,-1.0
2026-08-15T05:05:56Z,4025S76656C3,4025S,,SCHEDULED,-60,-1.0
2026-08-15T05:05:56Z,4025S24302C6,4025S,,SCHEDULED,180,3.0
2026-08-15T05:05:56Z,4025S24204C1,4025S,,SCHEDULED,-60,-1.0
2026-08-15T05:05:56Z,4025S76602C3,4025S,,SCHEDULED,0,0.0
2026-08-15T05:05:56Z,5125S77316R3,5125S,,SCHEDULED,60,1.0
2026-08-15T05:05:56Z,5125S25608R1,5125S,,SCHEDULED,120,2.0
2026-08-15T05:05:56Z,5125S35518R3,5125S,,SCHEDULED,240,4.0
2026-08-15T05:05:56Z,5125S25607R1,5125S,,SCHEDULED,0,0.0
2026-08-15T05:05:56Z,5125S25600R1,5125S,,SCHEDULED,0,0.0
2026-08-15T05:05:56Z,5125S30531R15,5125S,,SCHEDULED,-120,-2.0
2026-08-15T05:05:56Z,5125S25402R2N,5125S,,SCHEDULED,360,6.0
2026-08-15T05:05:56Z,5125S28268R2S,5125S,,SCHEDULED,360,6.0
2026-08-15T05:05:56Z,5125S28269R2S,5125S,,SCHEDULED,-180,-3.0
2026-08-15T05:05:56Z,5125S25404R2N,5125S,,SCHEDULED,60,1.0
2026-08-15T05:05:56Z,5125S78632R8,5125S,,SCHEDULED,300,5.0
2026-08-15T05:05:56Z,5125S77500R4,5125S,,SCHEDULED,-120,-2.0
2026-08-15T05:05:56Z,5125S28267R2S,5125S,,SCHEDULED,60,1.0
2026-08-15T05:05:56Z,5125S77504R4,5125S,,SCHEDULED,0,0.0
2026-08-15T05:05:56Z,5125S25601R1,5125S,,SCHEDULED,240,4.0
2026-08-15T05:05:56Z,5125S77508R4,5125S,,SCHEDULED,120,2.0
2026-08-15T05:05:56Z,5125S25606R1,5125S,,SCHEDULED,60,1.0
2026-08-15T05:05:56Z,5125S25507R2S,5125S,,SCHEDULED,0,0.0
2026-08-15T05:05:56Z,5125S25501R2S,5125S,,SCHEDULED,420,7.0
2026-08-15T05:05:56Z,5125S25502R2S,5125S,,SCHEDULED,1020,17.0
2026-08-15T05:05:56Z,5125S25603R1,5125S,,SCHEDULED,0,0.0
2026-08-15T05:05:56Z,5125S25505R2S,5125S,,SCHEDULED,-60,-1.0
2026-08-15T05:05:56Z,5125S25562R2S,5125S,,SCHEDULED,300,5.0
2026-08-15T05:05:56Z,5125S25504R2S,5125S,,SCHEDULED,0,0.0
2026-08-15T05:05:56Z,5125S77510R4,5125S,,SCHEDULED,120,2.0
2026-08-15T05:05:56Z,5125S77312R3,5125S,,SCHEDULED,540,9.0
2026-08-15T05:05:56Z,5125S78600R8,5125S,,SCHEDULED,0,0.0
2026-08-15T05:05:56Z,5125S28406R2N,5125S,,SCHEDULED,-60,-1.0
2026-08-15T05:05:56Z,5125S77512R4,5125S,,SCHEDULED,-60,-1.0
2026-08-15T05:05:56Z,5125S77314R3,5125S,,SCHEDULED,-60,-1.0
2026-08-15T05:05:56Z,5125S35523R3,5125S,,SCHEDULED,300,5.0
2026-08-15T05:05:56Z,5125S77400R4,5125S,,SCHEDULED,-60,-1.0
2026-08-15T05:05:56Z,5125S77404R4,5125S,,SCHEDULED,120,2.0
2026-08-15T05:05:56Z,5125S77408R4,5125S,,SCHEDULED,0,0.0
2026-08-15T05:05:56Z,5125S18120R16,5125S,,SCHEDULED,360,6.0
2026-08-15T05:05:56Z,5125S18121R16,5125S,,SCHEDULED,360,6.0
2026-08-15T05:05:56Z,5125S28408R2N,5125S,,SCHEDULED,0,0.0
2026-08-15T05:05:56Z,6025S29509C2,6025S,,SCHEDULED,180,3.0
2026-08-15T05:05:56Z,6025S71500C4,6025S,,SCHEDULED,360,6.0
2026-08-15T05:05:56Z,6025S26510C3,6025S,,SCHEDULED,0,0.0
2026-08-15T05:05:56Z,6025S26506C3,6025S,,SCHEDULED,60,1.0
2026-08-15T05:05:56Z,6025S29613C1,6025S,,SCHEDULED,0,0.0
2026-08-15T05:05:56Z,6025S29506C2,6025S,,SCHEDULED,360,6.0
2026-08-15T05:05:56Z,6025S26505C3,6025S,,SCHEDULED,120,2.0
2026-08-15T05:05:56Z,6025S26508C3,6025S,,SCHEDULED,0,0.0
2026-08-15T05:05:56Z,6025S71504C4,6025S,,SCHEDULED,0,0.0
2026-08-15T05:05:56Z,6025S26507C3,6025S,,SCHEDULED,-60,-1.0
2026-08-15T05:05:56Z,6025S29610C1,6025S,,SCHEDULED,60,1.0
2026-08-15T05:05:56Z,6025S71507C4,6025S,,SCHEDULED,0,0.0
2026-08-15T05:05:56Z,6025S26509C3,6025S,,SCHEDULED,120,2.0
2026-08-15T05:05:56Z,6125S81704C1,6125S,,SCHEDULED,0,0.0
2026-08-15T05:05:56Z,6125S32700C1,6125S,,SCHEDULED,-60,-1.0
2026-08-15T05:05:56Z,6125S32701C1,6125S,,SCHEDULED,180,3.0
2026-08-15T05:05:56Z,6125S32702C1,6125S,,SCHEDULED,120,2.0
2026-08-15T05:05:56Z,6125S32703C1,6125S,,SCHEDULED,0,0.0
2026-08-15T05:05:56Z,6125S32771C1,6125S,,SCHEDULED,0,0.0
2026-08-15T05:05:56Z,6225S71353C3,6225S,,SCHEDULED,0,0.0
2026-08-15T05:05:56Z,6225S71193C2,6225S,,SCHEDULED,0,0.0
2026-08-15T05:05:56Z,6225S71154C2,6225S,,SCHEDULED,180,3.0
2026-08-15T05:05:56Z,4725S71080C1,4725S,,SCHEDULED,300,5.0
2026-08-15T05:05:56Z,2025S70403C5,2025S,,CANCELED,,
2026-08-15T05:05:56Z,2025S70251C4,2025S,,SCHEDULED,60,1.0
2026-08-15T05:05:56Z,2025S70250C4,2025S,,SCHEDULED,120,2.0
2026-08-15T05:05:56Z,2025S22311C3,2025S,,SCHEDULED,0,0.0
2026-08-15T05:05:56Z,2025S22003C1,2025S,,SCHEDULED,780,13.0
2026-08-15T05:05:56Z,2025S70901C8,2025S,,SCHEDULED,60,1.0
2026-08-15T05:05:56Z,2025S70757C6,2025S,,SCHEDULED,0,0.0
2026-08-15T05:05:56Z,2025S70803C6,2025S,,SCHEDULED,0,0.0
2026-08-15T05:05:56Z,2025S22004C1,2025S,,SCHEDULED,0,0.0
2026-08-15T05:05:56Z,2025S22105C1,2025S,,SCHEDULED,240,4.0
2026-08-15T05:05:56Z,2025S70505C7,2025S,,SCHEDULED,300,5.0
2026-08-15T05:05:56Z,2025S70203C4,2025S,,SCHEDULED,480,8.0
2026-08-15T05:05:56Z,2025S70855C6,2025S,,SCHEDULED,0,0.0
2026-08-15T05:05:56Z,2025S70800C6,2025S,,SCHEDULED,0,0.0
2026-08-15T05:05:56Z,2025S70206C4,2025S,,SCHEDULED,0,0.0
2026-08-15T05:05:56Z,2025S70756C6,2025S,,SCHEDULED,60,1.0
2026-08-15T05:05:56Z,2025S70204C4,2025S,,SCHEDULED,2100,35.0
2026-08-15T05:05:56Z,2025S22008C1,2025S,,SCHEDULED,0,0.0
2026-08-15T05:05:56Z,2025S22206C2,2025S,,SCHEDULED,0,0.0
2026-08-15T05:05:56Z,2025S70853C6,2025S,,SCHEDULED,120,2.0
2026-08-15T05:05:56Z,2025S70402C5,2025S,,SCHEDULED,60,1.0
2026-08-15T05:05:56Z,4125S24700C1,4125S,,SCHEDULED,4800,80.0
2026-08-15T05:05:56Z,4125S84904C2,4125S,,SCHEDULED,1800,30.0
2026-08-15T05:05:56Z,4125S24702C1,4125S,,SCHEDULED,180,3.0
2026-08-15T05:05:56Z,4125S24703C1,4125S,,SCHEDULED,60,1.0
2026-08-15T05:05:56Z,4125S84903C2,4125S,,SCHEDULED,0,0.0
2026-08-15T05:05:56Z,4125S84902C2,4125S,,SCHEDULED,0,0.0
2026-08-15T05:05:56Z,7025S31505C1,7025S,,SCHEDULED,0,0.0
2026-08-15T05:05:56Z,1025S27410C4b,1025S,,SCHEDULED,0,0.0
2026-08-15T05:05:56Z,1025S27212C4a,1025S,,SCHEDULED,180,3.0
2026-08-15T05:05:56Z,1025S76378C5,1025S,,SCHEDULED,180,3.0
2026-08-15T05:05:56Z,1025S76697C5,1025S,,SCHEDULED,0,0.0
2026-08-15T05:05:56Z,1025S27213C4a,1025S,,SCHEDULED,720,12.0
2026-08-15T05:05:56Z,1025S27411C4b,1025S,,SCHEDULED,780,13.0
2026-08-15T05:05:56Z,1025S76699C5,1025S,,SCHEDULED,60,1.0
2026-08-15T05:05:56Z,1025S27211C4a,1025S,,SCHEDULED,300,5.0
2026-08-15T05:05:56Z,1025S79606C10,1025S,,SCHEDULED,180,3.0
2026-08-15T05:05:56Z,1025S79807C8a,1025S,,SCHEDULED,300,5.0
2026-08-15T05:05:56Z,1025S79608C10,1025S,,SCHEDULED,0,0.0
2026-08-15T05:05:56Z,1025S79231C7,1025S,,SCHEDULED,120,2.0
2026-08-15T05:05:56Z,1025S27220C4a,1025S,,SCHEDULED,0,0.0
2026-08-15T05:05:56Z,1025S27421C4b,1025S,,SCHEDULED,0,0.0
2026-08-15T05:05:56Z,1025S79953C8b,1025S,,SCHEDULED,600,10.0
2026-08-15T05:05:56Z,1025S79513C2,1025S,,SCHEDULED,180,3.0
2026-08-15T05:05:56Z,1025S19808C1,1025S,,SCHEDULED,600,10.0
2026-08-15T05:05:56Z,1025S76367C5,1025S,,SCHEDULED,120,2.0
2026-08-15T05:05:56Z,1025S76369C5,1025S,,SCHEDULED,60,1.0
2026-08-15T05:05:56Z,1025S76688C5,1025S,,SCHEDULED,240,4.0
2026-08-15T05:05:56Z,1025S79954C8b,1025S,,SCHEDULED,120,2.0
2026-08-15T05:05:56Z,1025S79517C2,1025S,,SCHEDULED,180,3.0
2026-08-15T05:05:56Z,1025S79103C7,1025S,,SCHEDULED,0,0.0
2026-08-15T05:05:56Z,1025S79106C7,1025S,,SCHEDULED,0,0.0
2026-08-15T05:05:56Z,1025S79226C7,1025S,,SCHEDULED,0,0.0
2026-08-15T05:05:56Z,1025S79105C7,1025S,,SCHEDULED,240,4.0
2026-08-15T05:05:56Z,1025S79702C10,1025S,,SCHEDULED,480,8.0
2026-08-15T05:05:56Z,1025S79107C7,1025S,,SCHEDULED,480,8.0
2026-08-15T05:05:56Z,1025S79704C10,1025S,,SCHEDULED,-60,-1.0
2026-08-15T05:05:56Z,1025S19815C1,1025S,,SCHEDULED,0,0.0
2026-08-15T05:05:56Z,1025S19812C1,1025S,,SCHEDULED,0,0.0
2026-08-15T05:05:56Z,1025S79509C2,1025S,,SCHEDULED,240,4.0
2026-08-15T05:05:56Z,1025S19813C1,1025S,,SCHEDULED,0,0.0
2026-08-15T05:05:56Z,1025S79956C8b,1025S,,SCHEDULED,0,0.0
2026-08-15T05:05:56Z,1025S76208C5,1025S,,SCHEDULED,60,1.0
2026-08-15T05:05:56Z,1025S76209C5,1025S,,SCHEDULED,0,0.0
2026-08-15T05:05:56Z,1025S19810C1,1025S,,SCHEDULED,0,0.0
2026-08-15T05:05:56Z,1025S79221C7,1025S,,SCHEDULED,480,8.0
2026-08-15T05:05:56Z,1025S79102C7,1025S,,SCHEDULED,3360,56.0
2026-08-15T05:05:56Z,1025S77000C5,1025S,,SCHEDULED,0,0.0
2026-08-15T05:05:56Z,1025S79223C7,1025S,,SCHEDULED,0,0.0
2026-08-15T05:05:56Z,1025S79222C7,1025S,,SCHEDULED,0,0.0
2026-08-15T05:05:56Z,1025S79225C7,1025S,,SCHEDULED,600,10.0
2026-08-15T05:05:56Z,1025S79104C7,1025S,,SCHEDULED,300,5.0
2026-08-15T05:05:56Z,1025S27217C4a,1025S,,SCHEDULED,240,4.0
2026-08-15T05:05:56Z,1025S27412C4b,1025S,,SCHEDULED,0,0.0
2026-08-15T05:05:56Z,1025S27214C4a,1025S,,SCHEDULED,0,0.0
2026-08-15T05:05:56Z,1025S27215C4a,1025S,,SCHEDULED,1020,17.0
2026-08-15T05:05:56Z,1025S27413C4b,1025S,,SCHEDULED,540,9.0
2026-08-15T05:05:56Z,1025S27419C4b,1025S,,SCHEDULED,0,0.0
2026-08-15T05:05:56Z,1025S27218C4a,1025S,,SCHEDULED,0,0.0
2026-08-15T05:05:56Z,1025S76371C5,1025S,,SCHEDULED,420,7.0
2026-08-15T05:05:56Z,1025S76690C5,1025S,,SCHEDULED,0,0.0
2026-08-15T05:05:56Z,1025S27219C4a,1025S,,SCHEDULED,0,0.0
2026-08-15T05:05:56Z,1025S27417C4b,1025S,,SCHEDULED,720,12.0
2026-08-15T05:05:56Z,1025S76372C5,1025S,,SCHEDULED,180,3.0
2026-08-15T05:05:56Z,1025S27010C3,1025S,,SCHEDULED,0,0.0
2026-08-15T05:05:56Z,1025S76373C5,1025S,,SCHEDULED,0,0.0
2026-08-15T05:05:56Z,1025S76692C5,1025S,,SCHEDULED,0,0.0
2026-08-15T05:05:56Z,1025S27011C3,1025S,,SCHEDULED,0,0.0
2026-08-15T05:05:56Z,1025S76374C5,1025S,,SCHEDULED,120,2.0
2026-08-15T05:05:56Z,1025S76694C5,1025S,,SCHEDULED,0,0.0
2026-08-15T05:05:56Z,1025S76375C5,1025S,,SCHEDULED,0,0.0
2026-08-15T05:05:56Z,1025S79521C2,1025S,,SCHEDULED,0,0.0
2026-08-15T05:05:56Z,1025S76376C5,1025S,,SCHEDULED,180,3.0
2026-08-15T05:05:56Z,1025S76695C5,1025S,,SCHEDULED,60,1.0
2026-08-15T05:05:56Z,1025S27007C3,1025S,,SCHEDULED,0,0.0
2026-08-15T05:05:56Z,1025S27008C3,1025S,,SCHEDULED,480,8.0
2026-08-15T05:05:56Z,1025S27404C4b,1025S,,SCHEDULED,300,5.0
2026-08-15T05:05:56Z,1025S27005C3,1025S,,SCHEDULED,0,0.0
2026-08-15T05:05:56Z,1025S27006C3,1025S,,SCHEDULED,0,0.0
2026-08-15T05:05:56Z,1025S76380C5,1025S,,SCHEDULED,0,0.0
2026-08-15T05:05:56Z,1025S27408C4b,1025S,,SCHEDULED,0,0.0
2026-08-15T05:05:56Z,1025S76382C5,1025S,,SCHEDULED,0,0.0
2026-08-15T05:05:56Z,1025S27009C3,1025S,,SCHEDULED,0,0.0
2026-08-15T05:05:56Z,1025S79410C2,1025S,,SCHEDULED,0,0.0
2026-08-15T05:05:56Z,1025S27003C3,1025S,,SCHEDULED,4440,74.0
2026-08-15T05:05:56Z,1025S79810C8a,1025S,,SCHEDULED,180,3.0
2026-08-15T05:05:56Z,1025S27004C3,1025S,,SCHEDULED,120,2.0
2026-08-15T05:05:56Z,1025S79812C8a,1025S,,SCHEDULED,0,0.0
2026-08-15T05:05:56Z,1025S79218C7,1025S,,SCHEDULED,600,10.0
2026-08-15T05:05:56Z,1025S79415C2,1025S,,SCHEDULED,360,6.0
2026-08-15T05:05:56Z,1025S76701C5,1025S,,SCHEDULED,0,0.0
2026-08-15T05:05:56Z,1025S79419C2,1025S,,SCHEDULED,0,0.0
2026-08-15T05:05:56Z,1025S27414C4b,1025S,,SCHEDULED,0,0.0
2026-08-15T05:05:56Z,1025S27216C4a,1025S,,SCHEDULED,300,5.0
2026-08-15T05:11:02Z,3025S23605C4,3025S,,SCHEDULED,420,7.0
2026-08-15T05:11:02Z,3025S23507C1,3025S,,SCHEDULED,600,10.0
2026-08-15T05:11:02Z,3025S23506C1,3025S,,SCHEDULED,600,10.0
2026-08-15T05:11:02Z,3025S23703C5,3025S,,SCHEDULED,60,1.0
2026-08-15T05:11:02Z,3125S23423T1,3125S,,SCHEDULED,0,0.0
2026-08-15T05:11:02Z,3125S23205C1,3125S,,SCHEDULED,0,0.0
2026-08-15T05:11:02Z,3125S23424T1,3125S,,SCHEDULED,0,0.0
2026-08-15T05:11:02Z,3225S23304C1,3225S,,SCHEDULED,0,0.0
2026-08-15T05:11:02Z,3225S23307C1,3225S,,SCHEDULED,180,3.0
2026-08-15T05:11:02Z,3225S23306C1,3225S,,SCHEDULED,0,0.0
2026-08-15T05:11:02Z,4025S24303C6,4025S,,SCHEDULED,120,2.0
2026-08-15T05:11:02Z,4025S24007C2,4025S,,SCHEDULED,420,7.0
2026-08-15T05:11:02Z,4025S84008C2,4025S,,SCHEDULED,0,0.0
2026-08-15T05:11:02Z,4025S76656C3,4025S,,SCHEDULED,360,6.0
2026-08-15T05:11:02Z,4025S24205C1,4025S,,SCHEDULED,480,8.0
2026-08-15T05:11:02Z,4025S24306C6,4025S,,SCHEDULED,0,0.0
2026-08-15T05:11:02Z,4025S24003C2,4025S,,SCHEDULED,-120,-2.0
2026-08-15T05:11:02Z,4025S24302C6,4025S,,SCHEDULED,120,2.0
2026-08-15T05:11:02Z,4025S76602C3,4025S,,SCHEDULED,60,1.0
2026-08-15T05:11:02Z,4025S24204C1,4025S,,SCHEDULED,-60,-1.0
2026-08-15T05:11:02Z,5125S28410R2N,5125S,,SCHEDULED,0,0.0
2026-08-15T05:11:02Z,5125S77316R3,5125S,,SCHEDULED,60,1.0
2026-08-15T05:11:02Z,5125S25402R2N,5125S,,SCHEDULED,540,9.0
2026-08-15T05:11:02Z,5125S35518R3,5125S,,SCHEDULED,240,4.0
2026-08-15T05:11:02Z,5125S25601R1,5125S,,SCHEDULED,240,4.0
2026-08-15T05:11:02Z,5125S28268R2S,5125S,,SCHEDULED,360,6.0
2026-08-15T05:11:02Z,5125S28269R2S,5125S,,SCHEDULED,-60,-1.0
2026-08-15T05:11:02Z,5125S78632R8,5125S,,SCHEDULED,180,3.0
2026-08-15T05:11:02Z,5125S77500R4,5125S,,SCHEDULED,-60,-1.0
2026-08-15T05:11:02Z,5125S28267R2S,5125S,,SCHEDULED,60,1.0
2026-08-15T05:11:02Z,5125S25406R2N,5125S,,SCHEDULED,60,1.0
2026-08-15T05:11:02Z,5125S77504R4,5125S,,SCHEDULED,0,0.0
2026-08-15T05:11:02Z,5125S77508R4,5125S,,SCHEDULED,-60,-1.0
2026-08-15T05:11:02Z,5125S25507R2S,5125S,,SCHEDULED,0,0.0
2026-08-15T05:11:02Z,5125S25501R2S,5125S,,SCHEDULED,480,8.0
2026-08-15T05:11:02Z,5125S25503R2S,5125S,,SCHEDULED,240,4.0
2026-08-15T05:11:02Z,5125S25486R2S,5125S,,SCHEDULED,60,1.0
2026-08-15T05:11:02Z,5125S25502R2S,5125S,,SCHEDULED,1140,19.0
2026-08-15T05:11:02Z,5125S25606R1,5125S,,SCHEDULED,60,1.0
2026-08-15T05:11:02Z,5125S25608R1,5125S,,SCHEDULED,120,2.0
2026-08-15T05:11:02Z,5125S25504R2S,5125S,,SCHEDULED,0,0.0
2026-08-15T05:11:02Z,5125S77510R4,5125S,,SCHEDULED,120,2.0
2026-08-15T05:11:02Z,5125S25607R1,5125S,,SCHEDULED,60,1.0
2026-08-15T05:11:02Z,5125S77312R3,5125S,,SCHEDULED,600,10.0
2026-08-15T05:11:02Z,5125S25600R1,5125S,,SCHEDULED,60,1.0
2026-08-15T05:11:02Z,5125S25612R1,5125S,,SCHEDULED,300,5.0
2026-08-15T05:11:02Z,5125S78600R8,5125S,,SCHEDULED,60,1.0
2026-08-15T05:11:02Z,5125S77512R4,5125S,,SCHEDULED,60,1.0
2026-08-15T05:11:02Z,5125S77314R3,5125S,,SCHEDULED,0,0.0
2026-08-15T05:11:02Z,5125S28406R2N,5125S,,SCHEDULED,60,1.0
2026-08-15T05:11:02Z,5125S25616R1,5125S,,SCHEDULED,-300,-5.0
2026-08-15T05:11:02Z,5125S35523R3,5125S,,SCHEDULED,240,4.0
2026-08-15T05:11:02Z,5125S18120R16,5125S,,SCHEDULED,360,6.0
2026-08-15T05:11:02Z,5125S77400R4,5125S,,SCHEDULED,-60,-1.0
2026-08-15T05:11:02Z,5125S18121R16,5125S,,SCHEDULED,420,7.0
2026-08-15T05:11:02Z,5125S28408R2N,5125S,,SCHEDULED,-60,-1.0
2026-08-15T05:11:02Z,5125S77404R4,5125S,,SCHEDULED,120,2.0
2026-08-15T05:11:02Z,5125S77408R4,5125S,,SCHEDULED,0,0.0
2026-08-15T05:11:02Z,6025S29678C1,6025S,,SCHEDULED,0,0.0
2026-08-15T05:11:02Z,6025S29509C2,6025S,,SCHEDULED,120,2.0
2026-08-15T05:11:02Z,6025S29508C2,6025S,,SCHEDULED,0,0.0
2026-08-15T05:11:02Z,6025S26506C3,6025S,,SCHEDULED,60,1.0
2026-08-15T05:11:02Z,6025S71500C4,6025S,,SCHEDULED,180,3.0
2026-08-15T05:11:02Z,6025S71507C4,6025S,,SCHEDULED,0,0.0
2026-08-15T05:11:02Z,6025S26510C3,6025S,,SCHEDULED,0,0.0
2026-08-15T05:11:02Z,6025S26505C3,6025S,,SCHEDULED,300,5.0
2026-08-15T05:11:02Z,6025S29613C1,6025S,,SCHEDULED,0,0.0
2026-08-15T05:11:02Z,6025S29610C1,6025S,,SCHEDULED,120,2.0
2026-08-15T05:11:02Z,6025S26508C3,6025S,,SCHEDULED,0,0.0
2026-08-15T05:11:02Z,6025S71504C4,6025S,,SCHEDULED,0,0.0
2026-08-15T05:11:02Z,6025S26507C3,6025S,,SCHEDULED,-120,-2.0
2026-08-15T05:11:02Z,6025S26509C3,6025S,,SCHEDULED,120,2.0
2026-08-15T05:11:02Z,6125S32703C1,6125S,,SCHEDULED,-60,-1.0
2026-08-15T05:11:02Z,6125S81704C1,6125S,,SCHEDULED,0,0.0
2026-08-15T05:11:02Z,6125S32700C1,6125S,,SCHEDULED,-60,-1.0
2026-08-15T05:11:02Z,6125S32701C1,6125S,,SCHEDULED,60,1.0
2026-08-15T05:11:02Z,6125S32702C1,6125S,,SCHEDULED,-60,-1.0
2026-08-15T05:11:02Z,6125S81701C1,6125S,,SCHEDULED,0,0.0
2026-08-15T05:11:02Z,6125S32771C1,6125S,,SCHEDULED,0,0.0
2026-08-15T05:11:02Z,6225S71353C3,6225S,,SCHEDULED,0,0.0
2026-08-15T05:11:02Z,6225S71193C2,6225S,,SCHEDULED,0,0.0
2026-08-15T05:11:02Z,6225S71154C2,6225S,,SCHEDULED,60,1.0
2026-08-15T05:11:02Z,4725S71080C1,4725S,,SCHEDULED,360,6.0
2026-08-15T05:11:02Z,2025S22311C3,2025S,,SCHEDULED,0,0.0
2026-08-15T05:11:02Z,2025S22003C1,2025S,,SCHEDULED,0,0.0
2026-08-15T05:11:02Z,2025S22004C1,2025S,,SCHEDULED,120,2.0
2026-08-15T05:11:02Z,2025S70403C5,2025S,,SCHEDULED,360,6.0
2026-08-15T05:11:02Z,2025S70251C4,2025S,,SCHEDULED,300,5.0
2026-08-15T05:11:02Z,2025S70250C4,2025S,,SCHEDULED,420,7.0
2026-08-15T05:11:02Z,2025S70901C8,2025S,,SCHEDULED,0,0.0
2026-08-15T05:11:02Z,2025S70757C6,2025S,,SCHEDULED,0,0.0
2026-08-15T05:11:02Z,2025S70803C6,2025S,,SCHEDULED,60,1.0
2026-08-15T05:11:02Z,2025S22105C1,2025S,,SCHEDULED,300,5.0
2026-08-15T05:11:02Z,2025S70904C8,2025S,,SCHEDULED,0,0.0
2026-08-15T05:11:02Z,2025S70505C7,2025S,,SCHEDULED,0,0.0
2026-08-15T05:11:02Z,2025S70203C4,2025S,,SCHEDULED,780,13.0
2026-08-15T05:11:02Z,2025S70404C5,2025S,,CANCELED,,
2026-08-15T05:11:02Z,2025S70855C6,2025S,,SCHEDULED,0,0.0
2026-08-15T05:11:02Z,2025S70800C6,2025S,,SCHEDULED,0,0.0
2026-08-15T05:11:02Z,2025S70206C4,2025S,,SCHEDULED,300,5.0
2026-08-15T05:11:02Z,2025S70756C6,2025S,,SCHEDULED,360,6.0
2026-08-15T05:11:02Z,2025S70204C4,2025S,,SCHEDULED,2400,40.0
2026-08-15T05:11:02Z,2025S22008C1,2025S,,SCHEDULED,0,0.0
2026-08-15T05:11:02Z,2025S22206C2,2025S,,SCHEDULED,0,0.0
2026-08-15T05:11:02Z,2025S70853C6,2025S,,SCHEDULED,0,0.0
2026-08-15T05:11:02Z,4125S24700C1,4125S,,SCHEDULED,5100,85.0
2026-08-15T05:11:02Z,4125S24703C1,4125S,,SCHEDULED,300,5.0
2026-08-15T05:11:02Z,4125S24702C1,4125S,,SCHEDULED,180,3.0
2026-08-15T05:11:02Z,4125S84902C2,4125S,,SCHEDULED,0,0.0
2026-08-15T05:11:02Z,4125S84903C2,4125S,,SCHEDULED,0,0.0
2026-08-15T05:11:02Z,4525S71703C1,4525S,,SCHEDULED,0,0.0
2026-08-15T05:11:02Z,7025S31505C1,7025S,,SCHEDULED,-120,-2.0
2026-08-15T05:11:02Z,1025S27412C4b,1025S,,SCHEDULED,0,0.0
2026-08-15T05:11:02Z,1025S76697C5,1025S,,SCHEDULED,60,1.0
2026-08-15T05:11:02Z,1025S27213C4a,1025S,,SCHEDULED,660,11.0
2026-08-15T05:11:02Z,1025S27214C4a,1025S,,SCHEDULED,240,4.0
2026-08-15T05:11:02Z,1025S27411C4b,1025S,,SCHEDULED,1080,18.0
2026-08-15T05:11:02Z,1025S27215C4a,1025S,,SCHEDULED,1080,18.0
2026-08-15T05:11:02Z,1025S76699C5,1025S,,SCHEDULED,360,6.0
2026-08-15T05:11:02Z,1025S27413C4b,1025S,,SCHEDULED,360,6.0
2026-08-15T05:11:02Z,1025S27419C4b,1025S,,SCHEDULED,240,4.0
2026-08-15T05:11:02Z,1025S79606C10,1025S,,SCHEDULED,120,2.0
2026-08-15T05:11:02Z,1025S27218C4a,1025S,,SCHEDULED,0,0.0
2026-08-15T05:11:02Z,1025S79807C8a,1025S,,SCHEDULED,600,10.0
2026-08-15T05:11:02Z,1025S79608C10,1025S,,SCHEDULED,0,0.0
2026-08-15T05:11:02Z,1025S79809C8a,1025S,,SCHEDULED,0,0.0
2026-08-15T05:11:02Z,1025S76371C5,1025S,,SCHEDULED,0,0.0
2026-08-15T05:11:02Z,1025S79230C7,1025S,,SCHEDULED,0,0.0
2026-08-15T05:11:02Z,1025S76690C5,1025S,,SCHEDULED,60,1.0
2026-08-15T05:11:02Z,1025S79231C7,1025S,,SCHEDULED,420,7.0
2026-08-15T05:11:02Z,1025S27220C4a,1025S,,SCHEDULED,0,0.0
2026-08-15T05:11:02Z,1025S27219C4a,1025S,,SCHEDULED,0,0.0
2026-08-15T05:11:02Z,1025S27417C4b,1025S,,SCHEDULED,720,12.0
2026-08-15T05:11:02Z,1025S79235C7,1025S,,SCHEDULED,0,0.0
2026-08-15T05:11:02Z,1025S27010C3,1025S,,SCHEDULED,0,0.0
2026-08-15T05:11:02Z,1025S27421C4b,1025S,,SCHEDULED,0,0.0
2026-08-15T05:11:02Z,1025S79953C8b,1025S,,SCHEDULED,0,0.0
2026-08-15T05:11:02Z,1025S76373C5,1025S,,SCHEDULED,60,1.0
2026-08-15T05:11:02Z,1025S76692C5,1025S,,SCHEDULED,120,2.0
2026-08-15T05:11:02Z,1025S79513C2,1025S,,SCHEDULED,60,1.0
2026-08-15T05:11:02Z,1025S27011C3,1025S,,SCHEDULED,0,0.0
2026-08-15T05:11:02Z,1025S19808C1,1025S,,SCHEDULED,60,1.0
2026-08-15T05:11:02Z,1025S76374C5,1025S,,SCHEDULED,180,3.0
2026-08-15T05:11:02Z,1025S76694C5,1025S,,SCHEDULED,0,0.0
2026-08-15T05:11:02Z,1025S76367C5,1025S,,SCHEDULED,120,2.0
2026-08-15T05:11:02Z,1025S76375C5,1025S,,SCHEDULED,0,0.0
2026-08-15T05:11:02Z,1025S76369C5,1025S,,SCHEDULED,60,1.0
2026-08-15T05:11:02Z,1025S79521C2,1025S,,SCHEDULED,0,0.0
2026-08-15T05:11:02Z,1025S76376C5,1025S,,SCHEDULED,120,2.0
2026-08-15T05:11:02Z,1025S76377C5,1025S,,SCHEDULED,0,0.0
2026-08-15T05:11:02Z,1025S27410C4b,1025S,,SCHEDULED,60,1.0
2026-08-15T05:11:02Z,1025S27212C4a,1025S,,SCHEDULED,240,4.0
2026-08-15T05:11:02Z,1025S76378C5,1025S,,SCHEDULED,480,8.0
2026-08-15T05:11:02Z,1025S27007C3,1025S,,SCHEDULED,60,1.0
2026-08-15T05:11:02Z,1025S27008C3,1025S,,SCHEDULED,120,2.0
2026-08-15T05:11:02Z,1025S76688C5,1025S,,SCHEDULED,0,0.0
2026-08-15T05:11:02Z,1025S79954C8b,1025S,,SCHEDULED,120,2.0
2026-08-15T05:11:02Z,1025S27005C3,1025S,,SCHEDULED,120,2.0
2026-08-15T05:11:02Z,1025S79517C2,1025S,,SCHEDULED,120,2.0
2026-08-15T05:11:02Z,1025S27006C3,1025S,,SCHEDULED,0,0.0
2026-08-15T05:11:02Z,1025S79956C8b,1025S,,SCHEDULED,0,0.0
2026-08-15T05:11:02Z,1025S76380C5,1025S,,SCHEDULED,0,0.0
2026-08-15T05:11:02Z,1025S76208C5,1025S,,SCHEDULED,360,6.0
2026-08-15T05:11:02Z,1025S27408C4b,1025S,,SCHEDULED,60,1.0
2026-08-15T05:11:02Z,1025S76209C5,1025S,,SCHEDULED,0,0.0
2026-08-15T05:11:02Z,1025S19810C1,1025S,,SCHEDULED,0,0.0
2026-08-15T05:11:02Z,1025S76382C5,1025S,,SCHEDULED,0,0.0
2026-08-15T05:11:02Z,1025S79102C7,1025S,,SCHEDULED,3660,61.0
2026-08-15T05:11:02Z,1025S27009C3,1025S,,SCHEDULED,0,0.0
2026-08-15T05:11:02Z,1025S77000C5,1025S,,SCHEDULED,0,0.0
2026-08-15T05:11:02Z,1025S27406C4b,1025S,,SCHEDULED,240,4.0
2026-08-15T05:11:02Z,1025S79410C2,1025S,,SCHEDULED,60,1.0
2026-08-15T05:11:02Z,1025S79223C7,1025S,,SCHEDULED,120,2.0
2026-08-15T05:11:02Z,1025S79214C7,1025S,,SCHEDULED,960,16.0
2026-08-15T05:11:02Z,1025S77001C5,1025S,,SCHEDULED,0,0.0
2026-08-15T05:11:02Z,1025S27003C3,1025S,,SCHEDULED,4740,79.0
2026-08-15T05:11:02Z,1025S79810C8a,1025S,,SCHEDULED,360,6.0
2026-08-15T05:11:02Z,1025S79222C7,1025S,,SCHEDULED,0,0.0
2026-08-15T05:11:02Z,1025S79225C7,1025S,,SCHEDULED,120,2.0
2026-08-15T05:11:02Z,1025S27004C3,1025S,,SCHEDULED,120,2.0
2026-08-15T05:11:02Z,1025S79104C7,1025S,,SCHEDULED,600,10.0
2026-08-15T05:11:02Z,1025S79812C8a,1025S,,SCHEDULED,60,1.0
2026-08-15T05:11:02Z,1025S79103C7,1025S,,SCHEDULED,3120,52.0
2026-08-15T05:11:02Z,1025S79218C7,1025S,,SCHEDULED,660,11.0
2026-08-15T05:11:02Z,1025S79106C7,1025S,,SCHEDULED,0,0.0
2026-08-15T05:11:02Z,1025S79415C2,1025S,,SCHEDULED,120,2.0
2026-08-15T05:11:02Z,1025S76701C5,1025S,,SCHEDULED,0,0.0
2026-08-15T05:11:02Z,1025S79226C7,1025S,,SCHEDULED,0,0.0
2026-08-15T05:11:02Z,1025S79419C2,1025S,,SCHEDULED,0,0.0
2026-08-15T05:11:02Z,1025S79105C7,1025S,,SCHEDULED,300,5.0
2026-08-15T05:11:02Z,1025S27414C4b,1025S,,SCHEDULED,0,0.0
2026-08-15T05:11:02Z,1025S79108C7,1025S,,SCHEDULED,0,0.0
2026-08-15T05:11:02Z,1025S79702C10,1025S,,SCHEDULED,480,8.0
2026-08-15T05:11:02Z,1025S27216C4a,1025S,,SCHEDULED,0,0.0
2026-08-15T05:11:02Z,1025S79107C7,1025S,,SCHEDULED,780,13.0
2026-08-15T05:11:02Z,1025S79704C10,1025S,,SCHEDULED,240,4.0
2026-08-15T05:11:02Z,1025S19815C1,1025S,,SCHEDULED,0,0.0
2026-08-15T05:11:02Z,1025S27217C4a,1025S,,SCHEDULED,540,9.0
2026-08-15T05:11:02Z,1025S19812C1,1025S,,SCHEDULED,0,0.0
2026-08-15T05:11:02Z,1025S79509C2,1025S,,SCHEDULED,540,9.0
2026-08-15T05:11:02Z,1025S19811C1,1025S,,SCHEDULED,120,2.0
2026-08-15T05:11:02Z,1025S19813C1,1025S,,SCHEDULED,300,5.0
2026-08-15T05:11:02Z,1025S27415C4b,1025S,,SCHEDULED,540,9.0
2026-08-15T05:16:02Z,3025S23605C4,3025S,,SCHEDULED,420,7.0
2026-08-15T05:16:02Z,3025S23506C1,3025S,,SCHEDULED,720,12.0
2026-08-15T05:16:02Z,3025S23507C1,3025S,,SCHEDULED,660,11.0
2026-08-15T05:16:02Z,3025S23607C4,3025S,,SCHEDULED,0,0.0
2026-08-15T05:16:02Z,3025S23513C1,3025S,,SCHEDULED,0,0.0
2026-08-15T05:16:02Z,3025S23703C5,3025S,,SCHEDULED,120,2.0
2026-08-15T05:16:02Z,3125S23423T1,3125S,,SCHEDULED,0,0.0
2026-08-15T05:16:02Z,3125S23205C1,3125S,,SCHEDULED,60,1.0
2026-08-15T05:16:02Z,3125S23424T1,3125S,,SCHEDULED,0,0.0
2026-08-15T05:16:02Z,3225S23311C1,3225S,,SCHEDULED,0,0.0
2026-08-15T05:16:02Z,3225S23304C1,3225S,,SCHEDULED,60,1.0
2026-08-15T05:16:02Z,3225S23307C1,3225S,,SCHEDULED,60,1.0
2026-08-15T05:16:02Z,3225S23306C1,3225S,,SCHEDULED,0,0.0
2026-08-15T05:16:02Z,4025S84008C2,4025S,,SCHEDULED,0,0.0
2026-08-15T05:16:02Z,4025S24011C2,4025S,,SCHEDULED,0,0.0
2026-08-15T05:16:02Z,4025S24303C6,4025S,,SCHEDULED,420,7.0
2026-08-15T05:16:02Z,4025S24205C1,4025S,,SCHEDULED,480,8.0
2026-08-15T05:16:02Z,4025S24306C6,4025S,,SCHEDULED,0,0.0
2026-08-15T05:16:02Z,4025S24003C2,4025S,,SCHEDULED,-480,-8.0
2026-08-15T05:16:02Z,4025S24302C6,4025S,,SCHEDULED,-60,-1.0
2026-08-15T05:16:02Z,4025S24204C1,4025S,,SCHEDULED,60,1.0
2026-08-15T05:16:02Z,5125S28410R2N,5125S,,SCHEDULED,120,2.0
2026-08-15T05:16:02Z,5125S77316R3,5125S,,SCHEDULED,120,2.0
2026-08-15T05:16:02Z,5125S25404R2N,5125S,,SCHEDULED,60,1.0
2026-08-15T05:16:02Z,5125S35518R3,5125S,,SCHEDULED,240,4.0
2026-08-15T05:16:02Z,5125S25601R1,5125S,,SCHEDULED,420,7.0
2026-08-15T05:16:02Z,5125S28268R2S,5125S,,SCHEDULED,420,7.0
2026-08-15T05:16:02Z,5125S25406R2N,5125S,,SCHEDULED,60,1.0
2026-08-15T05:16:02Z,5125S28269R2S,5125S,,SCHEDULED,0,0.0
2026-08-15T05:16:02Z,5125S77500R4,5125S,,SCHEDULED,-60,-1.0
2026-08-15T05:16:02Z,5125S25603R1,5125S,,SCHEDULED,120,2.0
2026-08-15T05:16:02Z,5125S28267R2S,5125S,,SCHEDULED,0,0.0
2026-08-15T05:16:02Z,5125S77504R4,5125S,,SCHEDULED,120,2.0
2026-08-15T05:16:02Z,5125S77508R4,5125S,,SCHEDULED,300,5.0
2026-08-15T05:16:02Z,5125S15041R13,5125S,,SCHEDULED,60,1.0
2026-08-15T05:16:02Z,5125S25486R2S,5125S,,SCHEDULED,120,2.0
2026-08-15T05:16:02Z,5125S25503R2S,5125S,,SCHEDULED,240,4.0
2026-08-15T05:16:02Z,5125S25562R2S,5125S,,SCHEDULED,180,3.0
2026-08-15T05:16:02Z,5125S25502R2S,5125S,,SCHEDULED,1080,18.0
2026-08-15T05:16:02Z,5125S25608R1,5125S,,SCHEDULED,0,0.0
2026-08-15T05:16:02Z,5125S25607R1,5125S,,SCHEDULED,-120,-2.0
2026-08-15T05:16:02Z,5125S25504R2S,5125S,,SCHEDULED,0,0.0
2026-08-15T05:16:02Z,5125S25600R1,5125S,,SCHEDULED,0,0.0
2026-08-15T05:16:02Z,5125S77510R4,5125S,,SCHEDULED,120,2.0
2026-08-15T05:16:02Z,5125S77312R3,5125S,,SCHEDULED,600,10.0
2026-08-15T05:16:02Z,5125S25402R2N,5125S,,SCHEDULED,360,6.0
2026-08-15T05:16:02Z,5125S25612R1,5125S,,SCHEDULED,480,8.0
2026-08-15T05:16:02Z,5125S77512R4,5125S,,SCHEDULED,-60,-1.0
2026-08-15T05:16:02Z,5125S28406R2N,5125S,,SCHEDULED,0,0.0
2026-08-15T05:16:02Z,5125S35523R3,5125S,,SCHEDULED,360,6.0
2026-08-15T05:16:02Z,5125S77400R4,5125S,,SCHEDULED,-60,-1.0
2026-08-15T05:16:02Z,5125S18120R16,5125S,,SCHEDULED,360,6.0
2026-08-15T05:16:02Z,5125S18121R16,5125S,,SCHEDULED,420,7.0
2026-08-15T05:16:02Z,5125S28408R2N,5125S,,SCHEDULED,60,1.0
2026-08-15T05:16:02Z,5125S77404R4,5125S,,SCHEDULED,120,2.0
2026-08-15T05:16:02Z,5125S77408R4,5125S,,SCHEDULED,-60,-1.0
2026-08-15T05:16:02Z,6025S29678C1,6025S,,SCHEDULED,0,0.0
2026-08-15T05:16:02Z,6025S29509C2,6025S,,SCHEDULED,180,3.0
2026-08-15T05:16:02Z,6025S29508C2,6025S,,SCHEDULED,0,0.0
2026-08-15T05:16:02Z,6025S26506C3,6025S,,SCHEDULED,60,1.0
2026-08-15T05:16:02Z,6025S26511C3,6025S,,SCHEDULED,0,0.0
2026-08-15T05:16:02Z,6025S26505C3,6025S,,SCHEDULED,300,5.0
2026-08-15T05:16:02Z,6025S26510C3,6025S,,SCHEDULED,0,0.0
2026-08-15T05:16:02Z,6025S29610C1,6025S,,SCHEDULED,120,2.0
2026-08-15T05:16:02Z,6025S29613C1,6025S,,SCHEDULED,0,0.0
2026-08-15T05:16:02Z,6025S26508C3,6025S,,SCHEDULED,420,7.0
2026-08-15T05:16:02Z,6025S29679C1,6025S,,SCHEDULED,900,15.0
2026-08-15T05:16:02Z,6025S71504C4,6025S,,SCHEDULED,0,0.0
2026-08-15T05:16:02Z,6025S26507C3,6025S,,SCHEDULED,0,0.0
2026-08-15T05:16:02Z,6025S26509C3,6025S,,SCHEDULED,60,1.0
2026-08-15T05:16:02Z,6125S32703C1,6125S,,SCHEDULED,0,0.0
2026-08-15T05:16:02Z,6125S32702C1,6125S,,SCHEDULED,0,0.0
2026-08-15T05:16:02Z,6125S81701C1,6125S,,SCHEDULED,0,0.0
2026-08-15T05:16:02Z,6125S32771C1,6125S,,SCHEDULED,0,0.0
2026-08-15T05:16:02Z,6125S32701C1,6125S,,SCHEDULED,60,1.0
2026-08-15T05:16:02Z,6225S71353C3,6225S,,SCHEDULED,0,0.0
2026-08-15T05:16:02Z,6225S71154C2,6225S,,SCHEDULED,120,2.0
2026-08-15T05:16:02Z,6225S71193C2,6225S,,SCHEDULED,0,0.0
2026-08-15T05:16:02Z,4725S71080C1,4725S,,SCHEDULED,240,4.0
2026-08-15T05:16:02Z,2025S70204C4,2025S,,SCHEDULED,2700,45.0
2026-08-15T05:16:02Z,2025S22311C3,2025S,,SCHEDULED,0,0.0
2026-08-15T05:16:02Z,2025S22008C1,2025S,,SCHEDULED,0,0.0
2026-08-15T05:16:02Z,2025S70904C8,2025S,,SCHEDULED,0,0.0
2026-08-15T05:16:02Z,2025S70505C7,2025S,,SCHEDULED,120,2.0
2026-08-15T05:16:02Z,2025S22206C2,2025S,,SCHEDULED,0,0.0
2026-08-15T05:16:02Z,2025S70901C8,2025S,,SCHEDULED,180,3.0
2026-08-15T05:16:02Z,2025S70506C7,2025S,,SCHEDULED,0,0.0
2026-08-15T05:16:02Z,2025S70402C5,2025S,,SCHEDULED,0,0.0
2026-08-15T05:16:02Z,2025S70853C6,2025S,,SCHEDULED,120,2.0
2026-08-15T05:16:02Z,2025S70203C4,2025S,,SCHEDULED,0,0.0
2026-08-15T05:16:02Z,2025S70855C6,2025S,,SCHEDULED,0,0.0
2026-08-15T05:16:02Z,2025S70404C5,2025S,,CANCELED,,
2026-08-15T05:16:02Z,2025S22003C1,2025S,,SCHEDULED,0,0.0
2026-08-15T05:16:02Z,2025S22004C1,2025S,,SCHEDULED,0,0.0
2026-08-15T05:16:02Z,2025S70756C6,2025S,,SCHEDULED,660,11.0
2026-08-15T05:16:02Z,2025S22105C1,2025S,,SCHEDULED,600,10.0
2026-08-15T05:16:02Z,2025S70850C6,2025S,,SCHEDULED,0,0.0
2026-08-15T05:16:02Z,2025S70251C4,2025S,,SCHEDULED,120,2.0
2026-08-15T05:16:02Z,2025S70250C4,2025S,,SCHEDULED,120,2.0
2026-08-15T05:16:02Z,2025S70757C6,2025S,,SCHEDULED,0,0.0
2026-08-15T05:16:02Z,2025S70800C6,2025S,,SCHEDULED,0,0.0
2026-08-15T05:16:02Z,2025S70206C4,2025S,,SCHEDULED,600,10.0
2026-08-15T05:16:02Z,4125S24700C1,4125S,,SCHEDULED,5400,90.0
2026-08-15T05:16:02Z,4125S84902C2,4125S,,SCHEDULED,0,0.0
2026-08-15T05:16:02Z,4125S24702C1,4125S,,SCHEDULED,0,0.0
2026-08-15T05:16:02Z,4125S84903C2,4125S,,SCHEDULED,0,0.0
2026-08-15T05:16:02Z,4125S24703C1,4125S,,SCHEDULED,240,4.0
2026-08-15T05:16:02Z,4525S71703C1,4525S,,SCHEDULED,0,0.0
2026-08-15T05:16:02Z,7025S31505C1,7025S,,SCHEDULED,180,3.0
2026-08-15T05:16:02Z,1025S27212C4a,1025S,,SCHEDULED,120,2.0
2026-08-15T05:16:02Z,1025S76378C5,1025S,,SCHEDULED,180,3.0
2026-08-15T05:16:02Z,1025S76697C5,1025S,,SCHEDULED,120,2.0
2026-08-15T05:16:02Z,1025S27213C4a,1025S,,SCHEDULED,300,5.0
2026-08-15T05:16:02Z,1025S76699C5,1025S,,SCHEDULED,0,0.0
2026-08-15T05:16:02Z,1025S79606C10,1025S,,SCHEDULED,0,0.0
2026-08-15T05:16:02Z,1025S79807C8a,1025S,,SCHEDULED,240,4.0
2026-08-15T05:16:02Z,1025S79608C10,1025S,,SCHEDULED,0,0.0
2026-08-15T05:16:02Z,1025S79809C8a,1025S,,SCHEDULED,0,0.0
2026-08-15T05:16:02Z,1025S79230C7,1025S,,SCHEDULED,0,0.0
2026-08-15T05:16:02Z,1025S79231C7,1025S,,SCHEDULED,720,12.0
2026-08-15T05:16:02Z,1025S27220C4a,1025S,,SCHEDULED,0,0.0
2026-08-15T05:16:02Z,1025S79235C7,1025S,,SCHEDULED,0,0.0
2026-08-15T05:16:02Z,1025S27216C4a,1025S,,SCHEDULED,180,3.0
2026-08-15T05:16:02Z,1025S27421C4b,1025S,,SCHEDULED,0,0.0
2026-08-15T05:16:02Z,1025S27217C4a,1025S,,SCHEDULED,720,12.0
2026-08-15T05:16:02Z,1025S79953C8b,1025S,,SCHEDULED,60,1.0
2026-08-15T05:16:02Z,1025S27415C4b,1025S,,SCHEDULED,660,11.0
2026-08-15T05:16:02Z,1025S27412C4b,1025S,,SCHEDULED,120,2.0
2026-08-15T05:16:02Z,1025S27215C4a,1025S,,SCHEDULED,1020,17.0
2026-08-15T05:16:02Z,1025S79513C2,1025S,,SCHEDULED,240,4.0
2026-08-15T05:16:02Z,1025S27413C4b,1025S,,SCHEDULED,480,8.0
2026-08-15T05:16:02Z,1025S27419C4b,1025S,,SCHEDULED,540,9.0
2026-08-15T05:16:02Z,1025S19808C1,1025S,,SCHEDULED,60,1.0
2026-08-15T05:16:02Z,1025S27218C4a,1025S,,SCHEDULED,120,2.0
2026-08-15T05:16:02Z,1025S27221C4a,1025S,,SCHEDULED,0,0.0
2026-08-15T05:16:02Z,1025S76369C5,1025S,,SCHEDULED,120,2.0
2026-08-15T05:16:02Z,1025S76371C5,1025S,,SCHEDULED,60,1.0
2026-08-15T05:16:02Z,1025S79954C8b,1025S,,SCHEDULED,180,3.0
2026-08-15T05:16:02Z,1025S76690C5,1025S,,SCHEDULED,60,1.0
2026-08-15T05:16:02Z,1025S79517C2,1025S,,SCHEDULED,60,1.0
2026-08-15T05:16:02Z,1025S27219C4a,1025S,,SCHEDULED,0,0.0
2026-08-15T05:16:02Z,1025S27417C4b,1025S,,SCHEDULED,780,13.0
2026-08-15T05:16:02Z,1025S79956C8b,1025S,,SCHEDULED,0,0.0
2026-08-15T05:16:02Z,1025S27010C3,1025S,,SCHEDULED,0,0.0
2026-08-15T05:16:02Z,1025S76208C5,1025S,,SCHEDULED,60,1.0
2026-08-15T05:16:02Z,1025S76373C5,1025S,,SCHEDULED,0,0.0
2026-08-15T05:16:02Z,1025S79106C7,1025S,,SCHEDULED,60,1.0
2026-08-15T05:16:02Z,1025S79226C7,1025S,,SCHEDULED,0,0.0
2026-08-15T05:16:02Z,1025S76692C5,1025S,,SCHEDULED,0,0.0
2026-08-15T05:16:02Z,1025S79105C7,1025S,,SCHEDULED,600,10.0
2026-08-15T05:16:02Z,1025S79108C7,1025S,,SCHEDULED,300,5.0
2026-08-15T05:16:02Z,1025S79702C10,1025S,,SCHEDULED,600,10.0
2026-08-15T05:16:02Z,1025S27011C3,1025S,,SCHEDULED,0,0.0
2026-08-15T05:16:02Z,1025S79107C7,1025S,,SCHEDULED,1080,18.0
2026-08-15T05:16:02Z,1025S79704C10,1025S,,SCHEDULED,540,9.0
2026-08-15T05:16:02Z,1025S19815C1,1025S,,SCHEDULED,0,0.0
2026-08-15T05:16:02Z,1025S19817C1,1025S,,SCHEDULED,0,0.0
2026-08-15T05:16:02Z,1025S19812C1,1025S,,SCHEDULED,0,0.0
2026-08-15T05:16:02Z,1025S76374C5,1025S,,SCHEDULED,180,3.0
2026-08-15T05:16:02Z,1025S79509C2,1025S,,SCHEDULED,600,10.0
2026-08-15T05:16:02Z,1025S19813C1,1025S,,SCHEDULED,60,1.0
2026-08-15T05:16:02Z,1025S76694C5,1025S,,SCHEDULED,0,0.0
2026-08-15T05:16:02Z,1025S76209C5,1025S,,SCHEDULED,0,0.0
2026-08-15T05:16:02Z,1025S19810C1,1025S,,SCHEDULED,180,3.0
2026-08-15T05:16:02Z,1025S76375C5,1025S,,SCHEDULED,0,0.0
2026-08-15T05:16:02Z,1025S79221C7,1025S,,SCHEDULED,360,6.0
2026-08-15T05:16:02Z,1025S79102C7,1025S,,SCHEDULED,3960,66.0
2026-08-15T05:16:02Z,1025S79521C2,1025S,,SCHEDULED,0,0.0
2026-08-15T05:16:02Z,1025S77000C5,1025S,,SCHEDULED,0,0.0
2026-08-15T05:16:02Z,1025S76376C5,1025S,,SCHEDULED,120,2.0
2026-08-15T05:16:02Z,1025S77001C5,1025S,,SCHEDULED,0,0.0
2026-08-15T05:16:02Z,1025S79222C7,1025S,,SCHEDULED,360,6.0
2026-08-15T05:16:02Z,1025S76377C5,1025S,,SCHEDULED,0,0.0
2026-08-15T05:16:02Z,1025S27410C4b,1025S,,SCHEDULED,0,0.0
2026-08-15T05:16:02Z,1025S77002C5,1025S,,SCHEDULED,0,0.0
2026-08-15T05:16:02Z,1025S79225C7,1025S,,SCHEDULED,120,2.0
2026-08-15T05:16:02Z,1025S27007C3,1025S,,SCHEDULED,0,0.0
2026-08-15T05:16:02Z,1025S79104C7,1025S,,SCHEDULED,120,2.0
2026-08-15T05:16:02Z,1025S27008C3,1025S,,SCHEDULED,180,3.0
2026-08-15T05:16:02Z,1025S79103C7,1025S,,SCHEDULED,3420,57.0
2026-08-15T05:16:02Z,1025S27005C3,1025S,,SCHEDULED,0,0.0
2026-08-15T05:16:02Z,1025S27006C3,1025S,,SCHEDULED,0,0.0
2026-08-15T05:16:02Z,1025S76380C5,1025S,,SCHEDULED,120,2.0
2026-08-15T05:16:02Z,1025S27408C4b,1025S,,SCHEDULED,60,1.0
2026-08-15T05:16:02Z,1025S76382C5,1025S,,SCHEDULED,0,0.0
2026-08-15T05:16:02Z,1025S27406C4b,1025S,,SCHEDULED,180,3.0
2026-08-15T05:16:02Z,1025S76384C5,1025S,,SCHEDULED,0,0.0
2026-08-15T05:16:02Z,1025S79410C2,1025S,,SCHEDULED,60,1.0
2026-08-15T05:16:02Z,1025S79610C10,1025S,,SCHEDULED,0,0.0
2026-08-15T05:16:02Z,1025S79214C7,1025S,,SCHEDULED,1080,18.0
2026-08-15T05:16:02Z,1025S27003C3,1025S,,SCHEDULED,5040,84.0
2026-08-15T05:16:02Z,1025S79810C8a,1025S,,SCHEDULED,240,4.0
2026-08-15T05:16:02Z,1025S79812C8a,1025S,,SCHEDULED,240,4.0
2026-08-15T05:16:02Z,1025S79415C2,1025S,,SCHEDULED,120,2.0
2026-08-15T05:16:02Z,1025S76701C5,1025S,,SCHEDULED,180,3.0
2026-08-15T05:16:02Z,1025S76703C5,1025S,,SCHEDULED,0,0.0
2026-08-15T05:16:02Z,1025S79419C2,1025S,,SCHEDULED,0,0.0
2026-08-15T05:16:02Z,1025S27414C4b,1025S,,SCHEDULED,0,0.0
2026-08-15T05:21:03Z,3025S23607C4,3025S,,SCHEDULED,0,0.0
2026-08-15T05:21:03Z,3025S23605C4,3025S,,SCHEDULED,60,1.0
2026-08-15T05:21:03Z,3025S23506C1,3025S,,SCHEDULED,420,7.0
2026-08-15T05:21:03Z,3025S23507C1,3025S,,SCHEDULED,540,9.0
2026-08-15T05:21:03Z,3025S23513C1,3025S,,SCHEDULED,0,0.0
2026-08-15T05:21:03Z,3025S23703C5,3025S,,SCHEDULED,60,1.0
2026-08-15T05:21:03Z,3125S23204C1,3125S,,SCHEDULED,0,0.0
2026-08-15T05:21:03Z,3125S23423T1,3125S,,SCHEDULED,0,0.0
2026-08-15T05:21:03Z,3125S23205C1,3125S,,SCHEDULED,0,0.0
2026-08-15T05:21:03Z,3125S23424T1,3125S,,SCHEDULED,0,0.0
2026-08-15T05:21:03Z,3225S23311C1,3225S,,SCHEDULED,0,0.0
2026-08-15T05:21:03Z,3225S23306C1,3225S,,SCHEDULED,-60,-1.0
2026-08-15T05:21:03Z,3225S23304C1,3225S,,SCHEDULED,0,0.0
2026-08-15T05:21:03Z,4025S24303C6,4025S,,SCHEDULED,420,7.0
2026-08-15T05:21:03Z,4025S24007C2,4025S,,SCHEDULED,480,8.0
2026-08-15T05:21:03Z,4025S24205C1,4025S,,SCHEDULED,540,9.0
2026-08-15T05:21:03Z,4025S24306C6,4025S,,SCHEDULED,0,0.0
2026-08-15T05:21:03Z,4025S84008C2,4025S,,SCHEDULED,0,0.0
2026-08-15T05:21:03Z,4025S24302C6,4025S,,SCHEDULED,0,0.0
2026-08-15T05:21:03Z,4025S24204C1,4025S,,SCHEDULED,-60,-1.0
2026-08-15T05:21:03Z,4025S24011C2,4025S,,SCHEDULED,0,0.0
2026-08-15T05:21:03Z,4025S76602C3,4025S,,SCHEDULED,-120,-2.0
2026-08-15T05:21:03Z,4025S76656C3,4025S,,SCHEDULED,0,0.0
2026-08-15T05:21:03Z,5125S15000R15,5125S,,SCHEDULED,900,15.0
2026-08-15T05:21:03Z,5125S30531R15,5125S,,SCHEDULED,120,2.0
2026-08-15T05:21:03Z,5125S25600R1,5125S,,SCHEDULED,0,0.0
2026-08-15T05:21:03Z,5125S25402R2N,5125S,,SCHEDULED,420,7.0
2026-08-15T05:21:03Z,5125S28268R2S,5125S,,SCHEDULED,420,7.0
2026-08-15T05:21:03Z,5125S28269R2S,5125S,,SCHEDULED,-60,-1.0
2026-08-15T05:21:03Z,5125S77500R4,5125S,,SCHEDULED,60,1.0
2026-08-15T05:21:03Z,5125S25404R2N,5125S,,SCHEDULED,60,1.0
2026-08-15T05:21:03Z,5125S28267R2S,5125S,,SCHEDULED,120,2.0
2026-08-15T05:21:03Z,5125S77504R4,5125S,,SCHEDULED,60,1.0
2026-08-15T05:21:03Z,5125S77508R4,5125S,,SCHEDULED,120,2.0
2026-08-15T05:21:03Z,5125S25601R1,5125S,,SCHEDULED,360,6.0
2026-08-15T05:21:03Z,5125S15041R13,5125S,,SCHEDULED,-120,-2.0
2026-08-15T05:21:03Z,5125S25608R1,5125S,,SCHEDULED,60,1.0
2026-08-15T05:21:03Z,5125S25607R1,5125S,,SCHEDULED,0,0.0
2026-08-15T05:21:03Z,5125S25603R1,5125S,,SCHEDULED,60,1.0
2026-08-15T05:21:03Z,5125S25503R2S,5125S,,SCHEDULED,300,5.0
2026-08-15T05:21:03Z,5125S25486R2S,5125S,,SCHEDULED,180,3.0
2026-08-15T05:21:03Z,5125S25502R2S,5125S,,SCHEDULED,960,16.0
2026-08-15T05:21:03Z,5125S25562R2S,5125S,,SCHEDULED,120,2.0
2026-08-15T05:21:03Z,5125S25505R2S,5125S,,SCHEDULED,0,0.0
2026-08-15T05:21:03Z,5125S28406R2N,5125S,,SCHEDULED,120,2.0
2026-08-15T05:21:03Z,5125S25504R2S,5125S,,SCHEDULED,180,3.0
2026-08-15T05:21:03Z,5125S77510R4,5125S,,SCHEDULED,60,1.0
2026-08-15T05:21:03Z,5125S35523R3,5125S,,SCHEDULED,180,3.0
2026-08-15T05:21:03Z,5125S77400R4,5125S,,SCHEDULED,-60,-1.0
2026-08-15T05:21:03Z,5125S77512R4,5125S,,SCHEDULED,-60,-1.0
2026-08-15T05:21:03Z,5125S77314R3,5125S,,SCHEDULED,300,5.0
2026-08-15T05:21:03Z,5125S28410R2N,5125S,,SCHEDULED,120,2.0
2026-08-15T05:21:03Z,5125S77316R3,5125S,,SCHEDULED,0,0.0
2026-08-15T05:21:03Z,5125S77404R4,5125S,,SCHEDULED,300,5.0
2026-08-15T05:21:03Z,5125S18120R16,5125S,,SCHEDULED,420,7.0
2026-08-15T05:21:03Z,5125S18121R16,5125S,,SCHEDULED,360,6.0
2026-08-15T05:21:03Z,5125S18123R16,5125S,,SCHEDULED,180,3.0
2026-08-15T05:21:03Z,5125S77408R4,5125S,,SCHEDULED,60,1.0
2026-08-15T05:21:03Z,5125S25611R1,5125S,,SCHEDULED,60,1.0
2026-08-15T05:21:03Z,5125S28408R2N,5125S,,SCHEDULED,120,2.0
2026-08-15T05:21:03Z,5125S25612R1,5125S,,SCHEDULED,420,7.0
2026-08-15T05:21:03Z,6025S29678C1,6025S,,SCHEDULED,0,0.0
2026-08-15T05:21:03Z,6025S29509C2,6025S,,SCHEDULED,180,3.0
2026-08-15T05:21:03Z,6025S29508C2,6025S,,SCHEDULED,0,0.0
2026-08-15T05:21:03Z,6025S26506C3,6025S,,SCHEDULED,60,1.0
2026-08-15T05:21:03Z,6025S71507C4,6025S,,SCHEDULED,60,1.0
2026-08-15T05:21:03Z,6025S26505C3,6025S,,SCHEDULED,240,4.0
2026-08-15T05:21:03Z,6025S29511C2,6025S,,SCHEDULED,0,0.0
2026-08-15T05:21:03Z,6025S26511C3,6025S,,SCHEDULED,0,0.0
2026-08-15T05:21:03Z,6025S29613C1,6025S,,SCHEDULED,0,0.0
2026-08-15T05:21:03Z,6025S29679C1,6025S,,SCHEDULED,960,16.0
2026-08-15T05:21:03Z,6025S26508C3,6025S,,SCHEDULED,480,8.0
2026-08-15T05:21:03Z,6025S71504C4,6025S,,SCHEDULED,-60,-1.0
2026-08-15T05:21:03Z,6025S26507C3,6025S,,SCHEDULED,0,0.0
2026-08-15T05:21:03Z,6025S26509C3,6025S,,SCHEDULED,180,3.0
2026-08-15T05:21:03Z,6125S32703C1,6125S,,SCHEDULED,60,1.0
2026-08-15T05:21:03Z,6125S32771C1,6125S,,SCHEDULED,0,0.0
2026-08-15T05:21:03Z,6125S81701C1,6125S,,SCHEDULED,0,0.0
2026-08-15T05:21:03Z,6225S71193C2,6225S,,SCHEDULED,0,0.0
2026-08-15T05:21:03Z,6225S71154C2,6225S,,SCHEDULED,0,0.0
2026-08-15T05:21:03Z,6225S35917C1,6225S,,SCHEDULED,-180,-3.0
2026-08-15T05:21:03Z,4725S71080C1,4725S,,SCHEDULED,360,6.0
2026-08-15T05:21:03Z,2025S70402C5,2025S,,SCHEDULED,120,2.0
2026-08-15T05:21:03Z,2025S22311C3,2025S,,SCHEDULED,0,0.0
2026-08-15T05:21:03Z,2025S22008C1,2025S,,SCHEDULED,180,3.0
2026-08-15T05:21:03Z,2025S70904C8,2025S,,SCHEDULED,0,0.0
2026-08-15T05:21:03Z,2025S22206C2,2025S,,SCHEDULED,0,0.0
2026-08-15T05:21:03Z,2025S70505C7,2025S,,SCHEDULED,120,2.0
2026-08-15T05:21:03Z,2025S70901C8,2025S,,SCHEDULED,180,3.0
2026-08-15T05:21:03Z,2025S70506C7,2025S,,SCHEDULED,0,0.0
2026-08-15T05:21:03Z,2025S70203C4,2025S,,SCHEDULED,300,5.0
2026-08-15T05:21:03Z,2025S70404C5,2025S,,CANCELED,,
2026-08-15T05:21:03Z,2025S70803C6,2025S,,SCHEDULED,240,4.0
2026-08-15T05:21:03Z,2025S70204C4,2025S,,SCHEDULED,3000,50.0
2026-08-15T05:21:03Z,2025S70800C6,2025S,,SCHEDULED,0,0.0
2026-08-15T05:21:03Z,2025S22004C1,2025S,,SCHEDULED,120,2.0
2026-08-15T05:21:03Z,2025S70853C6,2025S,,SCHEDULED,60,1.0
2026-08-15T05:21:03Z,2025S70855C6,2025S,,SCHEDULED,0,0.0
2026-08-15T05:21:03Z,2025S22105C1,2025S,,SCHEDULED,900,15.0
2026-08-15T05:21:03Z,2025S22007C1,2025S,,SCHEDULED,0,0.0
2026-08-15T05:21:03Z,2025S70756C6,2025S,,SCHEDULED,960,16.0
2026-08-15T05:21:03Z,2025S70757C6,2025S,,SCHEDULED,0,0.0
2026-08-15T05:21:03Z,2025S70850C6,2025S,,SCHEDULED,0,0.0
2026-08-15T05:21:03Z,2025S70251C4,2025S,,SCHEDULED,120,2.0
2026-08-15T05:21:03Z,2025S70250C4,2025S,,SCHEDULED,300,5.0
2026-08-15T05:21:03Z,2025S70206C4,2025S,,SCHEDULED,900,15.0
2026-08-15T05:21:03Z,2025S22003C1,2025S,,SCHEDULED,120,2.0
2026-08-15T05:21:03Z,4125S24700C1,4125S,,SCHEDULED,5700,95.0
2026-08-15T05:21:03Z,4125S84902C2,4125S,,SCHEDULED,0,0.0
2026-08-15T05:21:03Z,4125S24702C1,4125S,,SCHEDULED,60,1.0
2026-08-15T05:21:03Z,4125S84903C2,4125S,,SCHEDULED,0,0.0
2026-08-15T05:21:03Z,4125S24703C1,4125S,,SCHEDULED,480,8.0
2026-08-15T05:21:03Z,4525S71703C1,4525S,,SCHEDULED,0,0.0
2026-08-15T05:21:03Z,7025S31505C1,7025S,,SCHEDULED,480,8.0
2026-08-15T05:21:03Z,1025S27012C3,1025S,,SCHEDULED,0,0.0
2026-08-15T05:21:03Z,1025S76379C5,1025S,,SCHEDULED,0,0.0
2026-08-15T05:21:03Z,1025S76699C5,1025S,,SCHEDULED,60,1.0
2026-08-15T05:21:03Z,1025S79606C10,1025S,,SCHEDULED,0,0.0
2026-08-15T05:21:03Z,1025S79807C8a,1025S,,SCHEDULED,420,7.0
2026-08-15T05:21:03Z,1025S79608C10,1025S,,SCHEDULED,0,0.0
2026-08-15T05:21:03Z,1025S79809C8a,1025S,,SCHEDULED,0,0.0
2026-08-15T05:21:03Z,1025S79230C7,1025S,,SCHEDULED,0,0.0
2026-08-15T05:21:03Z,1025S79231C7,1025S,,SCHEDULED,1020,17.0
2026-08-15T05:21:03Z,1025S27220C4a,1025S,,SCHEDULED,0,0.0
2026-08-15T05:21:03Z,1025S79235C7,1025S,,SCHEDULED,0,0.0
2026-08-15T05:21:03Z,1025S27421C4b,1025S,,SCHEDULED,0,0.0
2026-08-15T05:21:03Z,1025S79953C8b,1025S,,SCHEDULED,60,1.0
2026-08-15T05:21:03Z,1025S79513C2,1025S,,SCHEDULED,540,9.0
2026-08-15T05:21:03Z,1025S19808C1,1025S,,SCHEDULED,300,5.0
2026-08-15T05:21:03Z,1025S27221C4a,1025S,,SCHEDULED,0,0.0
2026-08-15T05:21:03Z,1025S76369C5,1025S,,SCHEDULED,180,3.0
2026-08-15T05:21:03Z,1025S79954C8b,1025S,,SCHEDULED,480,8.0
2026-08-15T05:21:03Z,1025S79517C2,1025S,,SCHEDULED,120,2.0
2026-08-15T05:21:03Z,1025S79956C8b,1025S,,SCHEDULED,0,0.0
2026-08-15T05:21:03Z,1025S76208C5,1025S,,SCHEDULED,120,2.0
2026-08-15T05:21:03Z,1025S76209C5,1025S,,SCHEDULED,0,0.0
2026-08-15T05:21:03Z,1025S19810C1,1025S,,SCHEDULED,480,8.0
2026-08-15T05:21:03Z,1025S79105C7,1025S,,SCHEDULED,900,15.0
2026-08-15T05:21:03Z,1025S79108C7,1025S,,SCHEDULED,600,10.0
2026-08-15T05:21:03Z,1025S79702C10,1025S,,SCHEDULED,420,7.0
2026-08-15T05:21:03Z,1025S79107C7,1025S,,SCHEDULED,120,2.0
2026-08-15T05:21:03Z,1025S79704C10,1025S,,SCHEDULED,840,14.0
2026-08-15T05:21:03Z,1025S79109C7,1025S,,SCHEDULED,0,0.0
2026-08-15T05:21:03Z,1025S19815C1,1025S,,SCHEDULED,0,0.0
2026-08-15T05:21:03Z,1025S19817C1,1025S,,SCHEDULED,0,0.0
2026-08-15T05:21:03Z,1025S19812C1,1025S,,SCHEDULED,0,0.0
2026-08-15T05:21:03Z,1025S79509C2,1025S,,SCHEDULED,660,11.0
2026-08-15T05:21:03Z,1025S19814C1,1025S,,SCHEDULED,0,0.0
2026-08-15T05:21:03Z,1025S19813C1,1025S,,SCHEDULED,0,0.0
2026-08-15T05:21:03Z,1025S27412C4b,1025S,,SCHEDULED,240,4.0
2026-08-15T05:21:03Z,1025S27214C4a,1025S,,SCHEDULED,420,7.0
2026-08-15T05:21:03Z,1025S27215C4a,1025S,,SCHEDULED,1080,18.0
2026-08-15T05:21:03Z,1025S27413C4b,1025S,,SCHEDULED,480,8.0
2026-08-15T05:21:03Z,1025S27419C4b,1025S,,SCHEDULED,480,8.0
2026-08-15T05:21:03Z,1025S27218C4a,1025S,,SCHEDULED,0,0.0
2026-08-15T05:21:03Z,1025S76371C5,1025S,,SCHEDULED,60,1.0
2026-08-15T05:21:03Z,1025S76690C5,1025S,,SCHEDULED,0,0.0
2026-08-15T05:21:03Z,1025S27219C4a,1025S,,SCHEDULED,180,3.0
2026-08-15T05:21:03Z,1025S27417C4b,1025S,,SCHEDULED,780,13.0
2026-08-15T05:21:03Z,1025S27010C3,1025S,,SCHEDULED,120,2.0
2026-08-15T05:21:03Z,1025S76373C5,1025S,,SCHEDULED,0,0.0
2026-08-15T05:21:03Z,1025S76692C5,1025S,,SCHEDULED,240,4.0
2026-08-15T05:21:03Z,1025S27011C3,1025S,,SCHEDULED,0,0.0
2026-08-15T05:21:03Z,1025S76210C5,1025S,,SCHEDULED,0,0.0
2026-08-15T05:21:03Z,1025S76694C5,1025S,,SCHEDULED,0,0.0
2026-08-15T05:21:03Z,1025S76375C5,1025S,,SCHEDULED,60,1.0
2026-08-15T05:21:03Z,1025S79521C2,1025S,,SCHEDULED,0,0.0
2026-08-15T05:21:03Z,1025S76376C5,1025S,,SCHEDULED,120,2.0
2026-08-15T05:21:03Z,1025S76377C5,1025S,,SCHEDULED,0,0.0
2026-08-15T05:21:03Z,1025S27410C4b,1025S,,SCHEDULED,0,0.0
2026-08-15T05:21:03Z,1025S76378C5,1025S,,SCHEDULED,120,2.0
2026-08-15T05:21:03Z,1025S27213C4a,1025S,,SCHEDULED,300,5.0
2026-08-15T05:21:03Z,1025S27007C3,1025S,,SCHEDULED,0,0.0
2026-08-15T05:21:03Z,1025S27008C3,1025S,,SCHEDULED,0,0.0
2026-08-15T05:21:03Z,1025S27006C3,1025S,,SCHEDULED,0,0.0
2026-08-15T05:21:03Z,1025S76380C5,1025S,,SCHEDULED,420,7.0
2026-08-15T05:21:03Z,1025S76382C5,1025S,,SCHEDULED,0,0.0
2026-08-15T05:21:03Z,1025S27009C3,1025S,,SCHEDULED,0,0.0
2026-08-15T05:21:03Z,1025S27406C4b,1025S,,SCHEDULED,420,7.0
2026-08-15T05:21:03Z,1025S76384C5,1025S,,SCHEDULED,0,0.0
2026-08-15T05:21:03Z,1025S79410C2,1025S,,SCHEDULED,180,3.0
2026-08-15T05:21:03Z,1025S79610C10,1025S,,SCHEDULED,0,0.0
2026-08-15T05:21:03Z,1025S79214C7,1025S,,SCHEDULED,1140,19.0
2026-08-15T05:21:03Z,1025S79810C8a,1025S,,SCHEDULED,480,8.0
2026-08-15T05:21:03Z,1025S79812C8a,1025S,,SCHEDULED,60,1.0
2026-08-15T05:21:03Z,1025S79218C7,1025S,,SCHEDULED,720,12.0
2026-08-15T05:21:03Z,1025S76701C5,1025S,,SCHEDULED,480,8.0
2026-08-15T05:21:03Z,1025S76703C5,1025S,,SCHEDULED,0,0.0
2026-08-15T05:21:03Z,1025S79419C2,1025S,,SCHEDULED,0,0.0
2026-08-15T05:21:03Z,1025S27414C4b,1025S,,SCHEDULED,0,0.0
2026-08-15T05:21:03Z,1025S27216C4a,1025S,,SCHEDULED,240,4.0
2026-08-15T05:21:03Z,1025S27217C4a,1025S,,SCHEDULED,480,8.0
2026-08-15T05:21:03Z,1025S27415C4b,1025S,,SCHEDULED,660,11.0
2026-08-15T05:21:03Z,1025S79221C7,1025S,,SCHEDULED,540,9.0
2026-08-15T05:21:03Z,1025S79102C7,1025S,,SCHEDULED,4260,71.0
2026-08-15T05:21:03Z,1025S77000C5,1025S,,SCHEDULED,180,3.0
2026-08-15T05:21:03Z,1025S79223C7,1025S,,SCHEDULED,0,0.0
2026-08-15T05:21:03Z,1025S77001C5,1025S,,SCHEDULED,0,0.0
2026-08-15T05:21:03Z,1025S79222C7,1025S,,SCHEDULED,360,6.0
2026-08-15T05:21:03Z,1025S77002C5,1025S,,SCHEDULED,0,0.0
2026-08-15T05:21:03Z,1025S79225C7,1025S,,SCHEDULED,0,0.0
2026-08-15T05:21:03Z,1025S79104C7,1025S,,SCHEDULED,360,6.0
2026-08-15T05:21:03Z,1025S79103C7,1025S,,SCHEDULED,3720,62.0
2026-08-15T05:21:03Z,1025S79106C7,1025S,,SCHEDULED,360,6.0
2026-08-15T05:21:03Z,1025S79226C7,1025S,,SCHEDULED,0,0.0
2026-08-15T05:25:58Z,3025S23506C1,3025S,,SCHEDULED,600,10.0
2026-08-15T05:25:58Z,3025S23507C1,3025S,,SCHEDULED,540,9.0
2026-08-15T05:25:58Z,3025S23607C4,3025S,,SCHEDULED,0,0.0
2026-08-15T05:25:58Z,3025S23513C1,3025S,,SCHEDULED,0,0.0
2026-08-15T05:25:58Z,3025S23703C5,3025S,,SCHEDULED,-240,-4.0
2026-08-15T05:25:58Z,3025S23514C1,3025S,,SCHEDULED,0,0.0
2026-08-15T05:25:58Z,3125S23204C1,3125S,,SCHEDULED,0,0.0
2026-08-15T05:25:58Z,3125S23423T1,3125S,,SCHEDULED,0,0.0
2026-08-15T05:25:58Z,3125S23205C1,3125S,,SCHEDULED,60,1.0
2026-08-15T05:25:58Z,3125S23424T1,3125S,,SCHEDULED,0,0.0
2026-08-15T05:25:58Z,3225S23306C1,3225S,,SCHEDULED,-60,-1.0
2026-08-15T05:25:58Z,4025S24303C6,4025S,,SCHEDULED,540,9.0
2026-08-15T05:25:58Z,4025S24007C2,4025S,,SCHEDULED,360,6.0
2026-08-15T05:25:58Z,4025S24293C1,4025S,,SCHEDULED,0,0.0
2026-08-15T05:25:58Z,4025S24205C1,4025S,,SCHEDULED,540,9.0
2026-08-15T05:25:58Z,4025S24011C2,4025S,,SCHEDULED,0,0.0
2026-08-15T05:25:58Z,4025S24306C6,4025S,,SCHEDULED,180,3.0
2026-08-15T05:25:58Z,4025S24309C6,4025S,,SCHEDULED,0,0.0
2026-08-15T05:25:58Z,4025S24302C6,4025S,,SCHEDULED,60,1.0
2026-08-15T05:25:58Z,4025S76602C3,4025S,,SCHEDULED,-60,-1.0
2026-08-15T05:25:58Z,4025S76656C3,4025S,,SCHEDULED,0,0.0
2026-08-15T05:25:58Z,4025S33451C6,4025S,,SCHEDULED,0,0.0
2026-08-15T05:25:58Z,5125S15040R13,5125S,,SCHEDULED,600,10.0
2026-08-15T05:25:58Z,5125S15000R15,5125S,,SCHEDULED,960,16.0
2026-08-15T05:25:58Z,5125S25600R1,5125S,,SCHEDULED,0,0.0
2026-08-15T05:25:58Z,5125S25402R2N,5125S,,SCHEDULED,480,8.0
2026-08-15T05:25:58Z,5125S25404R2N,5125S,,SCHEDULED,60,1.0
2026-08-15T05:25:58Z,5125S25601R1,5125S,,SCHEDULED,480,8.0
2026-08-15T05:25:58Z,5125S25603R1,5125S,,SCHEDULED,120,2.0
2026-08-15T05:25:58Z,5125S77410R4,5125S,,SCHEDULED,60,1.0
2026-08-15T05:25:58Z,5125S25486R2S,5125S,,SCHEDULED,180,3.0
2026-08-15T05:25:58Z,5125S28272R2S,5125S,,SCHEDULED,0,0.0
2026-08-15T05:25:58Z,5125S25616R1,5125S,,SCHEDULED,60,1.0
2026-08-15T05:25:58Z,5125S30531R15,5125S,,SCHEDULED,120,2.0
2026-08-15T05:25:58Z,5125S28268R2S,5125S,,SCHEDULED,180,3.0
2026-08-15T05:25:58Z,5125S28269R2S,5125S,,SCHEDULED,60,1.0
2026-08-15T05:25:58Z,5125S77500R4,5125S,,SCHEDULED,60,1.0
2026-08-15T05:25:58Z,5125S28267R2S,5125S,,SCHEDULED,120,2.0
2026-08-15T05:25:58Z,5125S77504R4,5125S,,SCHEDULED,180,3.0
2026-08-15T05:25:58Z,5125S33532RL4,5125S,,SCHEDULED,0,0.0
2026-08-15T05:25:58Z,5125S77508R4,5125S,,SCHEDULED,60,1.0
2026-08-15T05:25:58Z,5125S25408R2N,5125S,,SCHEDULED,0,0.0
2026-08-15T05:25:58Z,5125S15041R13,5125S,,SCHEDULED,-60,-1.0
2026-08-15T05:25:58Z,5125S25608R1,5125S,,SCHEDULED,-60,-1.0
2026-08-15T05:25:58Z,5125S25607R1,5125S,,SCHEDULED,60,1.0
2026-08-15T05:25:58Z,5125S25507R2S,5125S,,SCHEDULED,240,4.0
2026-08-15T05:25:58Z,5125S25503R2S,5125S,,SCHEDULED,360,6.0
2026-08-15T05:25:58Z,5125S25502R2S,5125S,,SCHEDULED,960,16.0
2026-08-15T05:25:58Z,5125S25505R2S,5125S,,SCHEDULED,0,0.0
2026-08-15T05:25:58Z,5125S25504R2S,5125S,,SCHEDULED,240,4.0
2026-08-15T05:25:58Z,5125S77510R4,5125S,,SCHEDULED,120,2.0
2026-08-15T05:25:58Z,5125S77512R4,5125S,,SCHEDULED,0,0.0
2026-08-15T05:25:58Z,5125S77314R3,5125S,,SCHEDULED,300,5.0
2026-08-15T05:25:58Z,5125S28410R2N,5125S,,SCHEDULED,0,0.0
2026-08-15T05:25:58Z,5125S77514R4,5125S,,SCHEDULED,120,2.0
2026-08-15T05:25:58Z,5125S77316R3,5125S,,SCHEDULED,0,0.0
2026-08-15T05:25:58Z,5125S25612R1,5125S,,SCHEDULED,420,7.0
2026-08-15T05:25:58Z,5125S28406R2N,5125S,,SCHEDULED,300,5.0
2026-08-15T05:25:58Z,5125S35523R3,5125S,,SCHEDULED,240,4.0
2026-08-15T05:25:58Z,5125S77400R4,5125S,,SCHEDULED,0,0.0
2026-08-15T05:25:58Z,5125S77404R4,5125S,,SCHEDULED,360,6.0
2026-08-15T05:25:58Z,5125S77408R4,5125S,,SCHEDULED,-60,-1.0
2026-08-15T05:25:58Z,5125S18120R16,5125S,,SCHEDULED,360,6.0
2026-08-15T05:25:58Z,5125S18121R16,5125S,,SCHEDULED,360,6.0
2026-08-15T05:25:58Z,5125S18123R16,5125S,,SCHEDULED,0,0.0
2026-08-15T05:25:58Z,5125S25611R1,5125S,,SCHEDULED,0,0.0
2026-08-15T05:25:58Z,5125S28408R2N,5125S,,SCHEDULED,60,1.0
2026-08-15T05:25:58Z,6025S29679C1,6025S,,SCHEDULED,960,16.0
2026-08-15T05:25:58Z,6025S29508C2,6025S,,SCHEDULED,0,0.0
2026-08-15T05:25:58Z,6025S71507C4,6025S,,SCHEDULED,120,2.0
2026-08-15T05:25:58Z,6025S29511C2,6025S,,SCHEDULED,0,0.0
2026-08-15T05:25:58Z,6025S26509C3,6025S,,SCHEDULED,120,2.0
2026-08-15T05:25:58Z,6025S26511C3,6025S,,SCHEDULED,0,0.0
2026-08-15T05:25:58Z,6025S29613C1,6025S,,SCHEDULED,120,2.0
2026-08-15T05:25:58Z,6025S26508C3,6025S,,SCHEDULED,360,6.0
2026-08-15T05:25:58Z,6025S71504C4,6025S,,SCHEDULED,0,0.0
2026-08-15T05:25:58Z,6025S26507C3,6025S,,SCHEDULED,120,2.0
2026-08-15T05:25:58Z,6125S32703C1,6125S,,SCHEDULED,120,2.0
2026-08-15T05:25:58Z,6125S32771C1,6125S,,SCHEDULED,0,0.0
2026-08-15T05:25:58Z,6125S81701C1,6125S,,SCHEDULED,0,0.0
2026-08-15T05:25:58Z,6225S71353C3,6225S,,SCHEDULED,60,1.0
2026-08-15T05:25:58Z,6225S71154C2,6225S,,SCHEDULED,60,1.0
2026-08-15T05:25:58Z,6225S71193C2,6225S,,SCHEDULED,0,0.0
2026-08-15T05:25:58Z,6225S71156C2,6225S,,SCHEDULED,0,0.0
2026-08-15T05:25:58Z,6225S35917C1,6225S,,SCHEDULED,-180,-3.0
2026-08-15T05:25:58Z,4725S71081C1,4725S,,SCHEDULED,0,0.0
2026-08-15T05:25:58Z,4725S71080C1,4725S,,SCHEDULED,360,6.0
2026-08-15T05:25:58Z,2025S22008C1,2025S,,SCHEDULED,480,8.0
2026-08-15T05:25:58Z,2025S22206C2,2025S,,SCHEDULED,60,1.0
2026-08-15T05:25:58Z,2025S70203C4,2025S,,SCHEDULED,120,2.0
2026-08-15T05:25:58Z,2025S70404C5,2025S,,CANCELED,,
2026-08-15T05:25:58Z,2025S70800C6,2025S,,SCHEDULED,0,0.0
2026-08-15T05:25:58Z,2025S22004C1,2025S,,SCHEDULED,60,1.0
2026-08-15T05:25:58Z,2025S22105C1,2025S,,SCHEDULED,1200,20.0
2026-08-15T05:25:58Z,2025S22007C1,2025S,,SCHEDULED,0,0.0
2026-08-15T05:25:58Z,2025S70757C6,2025S,,SCHEDULED,0,0.0
2026-08-15T05:25:58Z,2025S70206C4,2025S,,SCHEDULED,120,2.0
2026-08-15T05:25:58Z,2025S22003C1,2025S,,SCHEDULED,60,1.0
2026-08-15T05:25:58Z,2025S70904C8,2025S,,SCHEDULED,0,0.0
2026-08-15T05:25:58Z,2025S70901C8,2025S,,SCHEDULED,420,7.0
2026-08-15T05:25:58Z,2025S70505C7,2025S,,SCHEDULED,120,2.0
2026-08-15T05:25:58Z,2025S70506C7,2025S,,SCHEDULED,0,0.0
2026-08-15T05:25:58Z,2025S70803C6,2025S,,SCHEDULED,540,9.0
2026-08-15T05:25:58Z,2025S70204C4,2025S,,SCHEDULED,3300,55.0
2026-08-15T05:25:58Z,2025S70853C6,2025S,,SCHEDULED,60,1.0
2026-08-15T05:25:58Z,2025S70855C6,2025S,,SCHEDULED,0,0.0
2026-08-15T05:25:58Z,2025S70850C6,2025S,,SCHEDULED,0,0.0
2026-08-15T05:25:58Z,2025S70251C4,2025S,,SCHEDULED,0,0.0
2026-08-15T05:25:58Z,2025S70250C4,2025S,,SCHEDULED,540,9.0
2026-08-15T05:25:58Z,2025S22311C3,2025S,,SCHEDULED,0,0.0
2026-08-15T05:25:58Z,4125S24700C1,4125S,,SCHEDULED,6000,100.0
2026-08-15T05:25:58Z,4125S84902C2,4125S,,SCHEDULED,300,5.0
2026-08-15T05:25:58Z,4125S24702C1,4125S,,SCHEDULED,120,2.0
2026-08-15T05:25:58Z,4125S84903C2,4125S,,SCHEDULED,0,0.0
2026-08-15T05:25:58Z,4125S24703C1,4125S,,SCHEDULED,180,3.0
2026-08-15T05:25:58Z,4525S71703C1,4525S,,SCHEDULED,0,0.0
2026-08-15T05:25:58Z,7025S31505C1,7025S,,SCHEDULED,780,13.0
2026-08-15T05:25:58Z,1025S76379C5,1025S,,SCHEDULED,0,0.0
2026-08-15T05:25:58Z,1025S27013C3,1025S,,SCHEDULED,0,0.0
2026-08-15T05:25:58Z,1025S76699C5,1025S,,SCHEDULED,0,0.0
2026-08-15T05:25:58Z,1025S79606C10,1025S,,SCHEDULED,0,0.0
2026-08-15T05:25:58Z,1025S79807C8a,1025S,,SCHEDULED,60,1.0
2026-08-15T05:25:58Z,1025S79608C10,1025S,,SCHEDULED,60,1.0
2026-08-15T05:25:58Z,1025S79809C8a,1025S,,SCHEDULED,0,0.0
2026-08-15T05:25:58Z,1025S27423C4b,1025S,,SCHEDULED,0,0.0
2026-08-15T05:25:58Z,1025S79230C7,1025S,,SCHEDULED,0,0.0
2026-08-15T05:25:58Z,1025S79231C7,1025S,,SCHEDULED,60,1.0
2026-08-15T05:25:58Z,1025S79234C7,1025S,,SCHEDULED,0,0.0
2026-08-15T05:25:58Z,1025S27220C4a,1025S,,SCHEDULED,0,0.0
2026-08-15T05:25:58Z,1025S79235C7,1025S,,SCHEDULED,0,0.0
2026-08-15T05:25:58Z,1025S27421C4b,1025S,,SCHEDULED,0,0.0
2026-08-15T05:25:58Z,1025S79953C8b,1025S,,SCHEDULED,60,1.0
2026-08-15T05:25:58Z,1025S79513C2,1025S,,SCHEDULED,120,2.0
2026-08-15T05:25:58Z,1025S27221C4a,1025S,,SCHEDULED,0,0.0
2026-08-15T05:25:58Z,1025S79239C7,1025S,,SCHEDULED,0,0.0
2026-08-15T05:25:58Z,1025S79954C8b,1025S,,SCHEDULED,60,1.0
2026-08-15T05:25:58Z,1025S79517C2,1025S,,SCHEDULED,60,1.0
2026-08-15T05:25:58Z,1025S79956C8b,1025S,,SCHEDULED,0,0.0
2026-08-15T05:25:58Z,1025S76209C5,1025S,,SCHEDULED,60,1.0
2026-08-15T05:25:58Z,1025S19810C1,1025S,,SCHEDULED,120,2.0
2026-08-15T05:25:58Z,1025S79102C7,1025S,,SCHEDULED,4560,76.0
2026-08-15T05:25:58Z,1025S77000C5,1025S,,SCHEDULED,0,0.0
2026-08-15T05:25:58Z,1025S79223C7,1025S,,SCHEDULED,60,1.0
2026-08-15T05:25:58Z,1025S77001C5,1025S,,SCHEDULED,0,0.0
2026-08-15T05:25:58Z,1025S79222C7,1025S,,SCHEDULED,300,5.0
2026-08-15T05:25:58Z,1025S79423C2,1025S,,SCHEDULED,0,0.0
2026-08-15T05:25:58Z,1025S77002C5,1025S,,SCHEDULED,0,0.0
2026-08-15T05:25:58Z,1025S79225C7,1025S,,SCHEDULED,60,1.0
2026-08-15T05:25:58Z,1025S79104C7,1025S,,SCHEDULED,180,3.0
2026-08-15T05:25:58Z,1025S79103C7,1025S,,SCHEDULED,4020,67.0
2026-08-15T05:25:58Z,1025S79106C7,1025S,,SCHEDULED,660,11.0
2026-08-15T05:25:58Z,1025S79226C7,1025S,,SCHEDULED,60,1.0
2026-08-15T05:25:58Z,1025S79105C7,1025S,,SCHEDULED,540,9.0
2026-08-15T05:25:58Z,1025S79108C7,1025S,,SCHEDULED,900,15.0
2026-08-15T05:25:58Z,1025S79702C10,1025S,,SCHEDULED,360,6.0
2026-08-15T05:25:58Z,1025S79107C7,1025S,,SCHEDULED,60,1.0
2026-08-15T05:25:58Z,1025S79704C10,1025S,,SCHEDULED,120,2.0
2026-08-15T05:25:58Z,1025S79109C7,1025S,,SCHEDULED,0,0.0
2026-08-15T05:25:58Z,1025S19815C1,1025S,,SCHEDULED,240,4.0
2026-08-15T05:25:58Z,1025S79706C10,1025S,,SCHEDULED,0,0.0
2026-08-15T05:25:58Z,1025S19817C1,1025S,,SCHEDULED,0,0.0
2026-08-15T05:25:58Z,1025S19812C1,1025S,,SCHEDULED,0,0.0
2026-08-15T05:25:58Z,1025S79509C2,1025S,,SCHEDULED,4920,82.0
2026-08-15T05:25:58Z,1025S19814C1,1025S,,SCHEDULED,0,0.0
2026-08-15T05:25:58Z,1025S19813C1,1025S,,SCHEDULED,120,2.0
2026-08-15T05:25:58Z,1025S27412C4b,1025S,,SCHEDULED,240,4.0
2026-08-15T05:25:58Z,1025S27214C4a,1025S,,SCHEDULED,300,5.0
2026-08-15T05:25:58Z,1025S27413C4b,1025S,,SCHEDULED,840,14.0
2026-08-15T05:25:58Z,1025S27419C4b,1025S,,SCHEDULED,240,4.0
2026-08-15T05:25:58Z,1025S27218C4a,1025S,,SCHEDULED,0,0.0
2026-08-15T05:25:58Z,1025S76371C5,1025S,,SCHEDULED,120,2.0
2026-08-15T05:25:58Z,1025S27219C4a,1025S,,SCHEDULED,480,8.0
2026-08-15T05:25:58Z,1025S27417C4b,1025S,,SCHEDULED,840,14.0
2026-08-15T05:25:58Z,1025S27010C3,1025S,,SCHEDULED,420,7.0
2026-08-15T05:25:58Z,1025S76373C5,1025S,,SCHEDULED,0,0.0
2026-08-15T05:25:58Z,1025S76692C5,1025S,,SCHEDULED,0,0.0
2026-08-15T05:25:58Z,1025S27011C3,1025S,,SCHEDULED,0,0.0
2026-08-15T05:25:58Z,1025S76210C5,1025S,,SCHEDULED,0,0.0
2026-08-15T05:25:58Z,1025S76694C5,1025S,,SCHEDULED,0,0.0
2026-08-15T05:25:58Z,1025S76375C5,1025S,,SCHEDULED,360,6.0
2026-08-15T05:25:58Z,1025S79521C2,1025S,,SCHEDULED,0,0.0
2026-08-15T05:25:58Z,1025S76376C5,1025S,,SCHEDULED,180,3.0
2026-08-15T05:25:58Z,1025S76696C5,1025S,,SCHEDULED,0,0.0
2026-08-15T05:25:58Z,1025S76377C5,1025S,,SCHEDULED,0,0.0
2026-08-15T05:25:58Z,1025S27410C4b,1025S,,SCHEDULED,60,1.0
2026-08-15T05:25:58Z,1025S76378C5,1025S,,SCHEDULED,0,0.0
2026-08-15T05:25:58Z,1025S27213C4a,1025S,,SCHEDULED,240,4.0
2026-08-15T05:25:58Z,1025S27012C3,1025S,,SCHEDULED,0,0.0
2026-08-15T05:25:58Z,1025S27007C3,1025S,,SCHEDULED,120,2.0
2026-08-15T05:25:58Z,1025S27008C3,1025S,,SCHEDULED,180,3.0
2026-08-15T05:25:58Z,1025S27006C3,1025S,,SCHEDULED,60,1.0
2026-08-15T05:25:58Z,1025S76380C5,1025S,,SCHEDULED,180,3.0
2026-08-15T05:25:58Z,1025S27408C4b,1025S,,SCHEDULED,120,2.0
2026-08-15T05:25:58Z,1025S76382C5,1025S,,SCHEDULED,120,2.0
2026-08-15T05:25:58Z,1025S27009C3,1025S,,SCHEDULED,0,0.0
2026-08-15T05:25:58Z,1025S27406C4b,1025S,,SCHEDULED,540,9.0
2026-08-15T05:25:58Z,1025S76384C5,1025S,,SCHEDULED,0,0.0
2026-08-15T05:25:58Z,1025S79410C2,1025S,,SCHEDULED,0,0.0
2026-08-15T05:25:58Z,1025S76386C5,1025S,,SCHEDULED,0,0.0
2026-08-15T05:25:58Z,1025S79610C10,1025S,,SCHEDULED,0,0.0
2026-08-15T05:25:58Z,1025S79214C7,1025S,,SCHEDULED,900,15.0
2026-08-15T05:25:58Z,1025S79810C8a,1025S,,SCHEDULED,360,6.0
2026-08-15T05:25:58Z,1025S79812C8a,1025S,,SCHEDULED,60,1.0
2026-08-15T05:25:58Z,1025S79218C7,1025S,,SCHEDULED,540,9.0
2026-08-15T05:25:58Z,1025S76701C5,1025S,,SCHEDULED,0,0.0
2026-08-15T05:25:58Z,1025S76703C5,1025S,,SCHEDULED,0,0.0
2026-08-15T05:25:58Z,1025S79419C2,1025S,,SCHEDULED,0,0.0
2026-08-15T05:25:58Z,1025S27414C4b,1025S,,SCHEDULED,0,0.0
2026-08-15T05:25:58Z,1025S27216C4a,1025S,,SCHEDULED,0,0.0
2026-08-15T05:25:58Z,1025S27217C4a,1025S,,SCHEDULED,480,8.0
2026-08-15T05:25:58Z,1025S27415C4b,1025S,,SCHEDULED,360,6.0
2026-08-15T05:31:16Z,3025S23506C1,3025S,,SCHEDULED,600,10.0
2026-08-15T05:31:16Z,3025S23513C1,3025S,,SCHEDULED,60,1.0
2026-08-15T05:31:16Z,3025S23514C1,3025S,,SCHEDULED,0,0.0
2026-08-15T05:31:16Z,3025S23607C4,3025S,,SCHEDULED,1620,27.0
2026-08-15T05:31:16Z,3025S23507C1,3025S,,SCHEDULED,540,9.0
2026-08-15T05:31:16Z,3125S23204C1,3125S,,SCHEDULED,0,0.0
2026-08-15T05:31:16Z,3125S23424T1,3125S,,SCHEDULED,0,0.0
2026-08-15T05:31:16Z,3125S23205C1,3125S,,SCHEDULED,60,1.0
2026-08-15T05:31:16Z,3125S23426T1,3125S,,SCHEDULED,0,0.0
2026-08-15T05:31:16Z,3125S23423T1,3125S,,SCHEDULED,0,0.0
2026-08-15T05:31:16Z,3225S23311C1,3225S,,SCHEDULED,0,0.0
2026-08-15T05:31:16Z,3225S23306C1,3225S,,SCHEDULED,0,0.0
2026-08-15T05:31:16Z,4025S24293C1,4025S,,SCHEDULED,0,0.0
2026-08-15T05:31:16Z,4025S33451C6,4025S,,SCHEDULED,0,0.0
2026-08-15T05:31:16Z,4025S24011C2,4025S,,SCHEDULED,0,0.0
2026-08-15T05:31:16Z,4025S84006C2,4025S,,SCHEDULED,60,1.0
2026-08-15T05:31:16Z,4025S76656C3,4025S,,SCHEDULED,60,1.0
2026-08-15T05:31:16Z,4025S24204C1,4025S,,SCHEDULED,180,3.0
2026-08-15T05:31:16Z,4025S24303C6,4025S,,SCHEDULED,480,8.0
2026-08-15T05:31:16Z,4025S24007C2,4025S,,SCHEDULED,300,5.0
2026-08-15T05:31:16Z,4025S24205C1,4025S,,SCHEDULED,780,13.0
2026-08-15T05:31:16Z,4025S24306C6,4025S,,SCHEDULED,120,2.0
2026-08-15T05:31:16Z,4025S24208C1,4025S,,SCHEDULED,0,0.0
2026-08-15T05:31:16Z,4025S24309C6,4025S,,SCHEDULED,0,0.0
2026-08-15T05:31:16Z,4025S24302C6,4025S,,SCHEDULED,-60,-1.0
2026-08-15T05:31:16Z,5125S25600R1,5125S,,SCHEDULED,120,2.0
2026-08-15T05:31:16Z,5125S25402R2N,5125S,,SCHEDULED,360,6.0
2026-08-15T05:31:16Z,5125S25404R2N,5125S,,SCHEDULED,60,1.0
2026-08-15T05:31:16Z,5125S25601R1,5125S,,SCHEDULED,660,11.0
2026-08-15T05:31:16Z,5125S30531R15,5125S,,SCHEDULED,120,2.0
2026-08-15T05:31:16Z,5125S25406R2N,5125S,,SCHEDULED,240,4.0
2026-08-15T05:31:16Z,5125S28268R2S,5125S,,SCHEDULED,180,3.0
2026-08-15T05:31:16Z,5125S25603R1,5125S,,SCHEDULED,240,4.0
2026-08-15T05:31:16Z,5125S77410R4,5125S,,SCHEDULED,-60,-1.0
2026-08-15T05:31:16Z,5125S28269R2S,5125S,,SCHEDULED,0,0.0
2026-08-15T05:31:16Z,5125S77500R4,5125S,,SCHEDULED,60,1.0
2026-08-15T05:31:16Z,5125S33532RL4,5125S,,SCHEDULED,0,0.0
2026-08-15T05:31:16Z,5125S77508R4,5125S,,SCHEDULED,0,0.0
2026-08-15T05:31:16Z,5125S15041R13,5125S,,SCHEDULED,60,1.0
2026-08-15T05:31:16Z,5125S25608R1,5125S,,SCHEDULED,60,1.0
2026-08-15T05:31:16Z,5125S25486R2S,5125S,,SCHEDULED,60,1.0
2026-08-15T05:31:16Z,5125S25607R1,5125S,,SCHEDULED,0,0.0
2026-08-15T05:31:16Z,5125S15040R13,5125S,,SCHEDULED,600,10.0
2026-08-15T05:31:16Z,5125S15800R11,5125S,,SCHEDULED,0,0.0
2026-08-15T05:31:16Z,5125S25616R1,5125S,,SCHEDULED,-60,-1.0
2026-08-15T05:31:16Z,5125S25612R1,5125S,,SCHEDULED,360,6.0
2026-08-15T05:31:16Z,5125S25507R2S,5125S,,SCHEDULED,60,1.0
2026-08-15T05:31:16Z,5125S25503R2S,5125S,,SCHEDULED,360,6.0
2026-08-15T05:31:16Z,5125S35523R3,5125S,,SCHEDULED,420,7.0
2026-08-15T05:31:16Z,5125S77400R4,5125S,,SCHEDULED,-60,-1.0
2026-08-15T05:31:16Z,5125S25502R2S,5125S,,SCHEDULED,720,12.0
2026-08-15T05:31:16Z,5125S25504R2S,5125S,,SCHEDULED,300,5.0
2026-08-15T05:31:16Z,5125S77510R4,5125S,,SCHEDULED,60,1.0
2026-08-15T05:31:16Z,5125S77404R4,5125S,,SCHEDULED,300,5.0
2026-08-15T05:31:16Z,5125S15776R11,5125S,,SCHEDULED,0,0.0
2026-08-15T05:31:16Z,5125S78602R8,5125S,,SCHEDULED,60,1.0
2026-08-15T05:31:16Z,5125S77512R4,5125S,,SCHEDULED,-60,-1.0
2026-08-15T05:31:16Z,5125S77408R4,5125S,,SCHEDULED,0,0.0
2026-08-15T05:31:16Z,5125S77314R3,5125S,,SCHEDULED,360,6.0
2026-08-15T05:31:16Z,5125S28410R2N,5125S,,SCHEDULED,60,1.0
2026-08-15T05:31:16Z,5125S18121R16,5125S,,SCHEDULED,360,6.0
2026-08-15T05:31:16Z,5125S18123R16,5125S,,SCHEDULED,0,0.0
2026-08-15T05:31:16Z,5125S77514R4,5125S,,SCHEDULED,-60,-1.0
2026-08-15T05:31:16Z,5125S77316R3,5125S,,SCHEDULED,300,5.0
2026-08-15T05:31:16Z,5125S25611R1,5125S,,SCHEDULED,0,0.0
2026-08-15T05:31:16Z,5125S28408R2N,5125S,,SCHEDULED,60,1.0
2026-08-15T05:31:16Z,6025S29679C1,6025S,,SCHEDULED,1020,17.0
2026-08-15T05:31:16Z,6025S26509C3,6025S,,SCHEDULED,-60,-1.0
2026-08-15T05:31:16Z,6025S29508C2,6025S,,SCHEDULED,180,3.0
2026-08-15T05:31:16Z,6025S26511C3,6025S,,SCHEDULED,60,1.0
2026-08-15T05:31:16Z,6025S71507C4,6025S,,SCHEDULED,60,1.0
2026-08-15T05:31:16Z,6025S29511C2,6025S,,SCHEDULED,0,0.0
2026-08-15T05:31:16Z,6025S26510C3,6025S,,SCHEDULED,360,6.0
2026-08-15T05:31:16Z,6025S26508C3,6025S,,SCHEDULED,360,6.0
2026-08-15T05:31:16Z,6025S71504C4,6025S,,SCHEDULED,120,2.0
2026-08-15T05:31:16Z,6025S26507C3,6025S,,SCHEDULED,60,1.0
2026-08-15T05:31:16Z,6025S29613C1,6025S,,SCHEDULED,180,3.0
2026-08-15T05:31:16Z,6125S32703C1,6125S,,SCHEDULED,-60,-1.0
2026-08-15T05:31:16Z,6125S32771C1,6125S,,SCHEDULED,0,0.0
2026-08-15T05:31:16Z,6125S81701C1,6125S,,SCHEDULED,0,0.0
2026-08-15T05:31:16Z,6225S71353C3,6225S,,SCHEDULED,60,1.0
2026-08-15T05:31:16Z,6225S35917C1,6225S,,SCHEDULED,0,0.0
2026-08-15T05:31:16Z,6225S71156C2,6225S,,SCHEDULED,0,0.0
2026-08-15T05:31:16Z,6225S71203C3,6225S,,SCHEDULED,0,0.0
2026-08-15T05:31:16Z,6225S71193C2,6225S,,SCHEDULED,60,1.0
2026-08-15T05:31:16Z,4725S71081C1,4725S,,SCHEDULED,0,0.0
2026-08-15T05:31:16Z,4725S71090C1,4725S,,SCHEDULED,0,0.0
2026-08-15T05:31:16Z,4725S71080C1,4725S,,SCHEDULED,180,3.0
2026-08-15T05:31:16Z,2025S70803C6,2025S,,SCHEDULED,60,1.0
2026-08-15T05:31:16Z,2025S22008C1,2025S,,SCHEDULED,780,13.0
2026-08-15T05:31:16Z,2025S70203C4,2025S,,SCHEDULED,180,3.0
2026-08-15T05:31:16Z,2025S70404C5,2025S,,CANCELED,,
2026-08-15T05:31:16Z,2025S22003C1,2025S,,SCHEDULED,0,0.0
2026-08-15T05:31:16Z,2025S22004C1,2025S,,SCHEDULED,180,3.0
2026-08-15T05:31:16Z,2025S22007C1,2025S,,SCHEDULED,0,0.0
2026-08-15T05:31:16Z,2025S70757C6,2025S,,SCHEDULED,360,6.0
2026-08-15T05:31:16Z,2025S70800C6,2025S,,SCHEDULED,300,5.0
2026-08-15T05:31:16Z,2025S70206C4,2025S,,SCHEDULED,120,2.0
2026-08-15T05:31:16Z,2025S22311C3,2025S,,SCHEDULED,300,5.0
2026-08-15T05:31:16Z,2025S70904C8,2025S,,SCHEDULED,120,2.0
2026-08-15T05:31:16Z,2025S70802C6,2025S,,SCHEDULED,0,0.0
2026-08-15T05:31:16Z,2025S70505C7,2025S,,SCHEDULED,0,0.0
2026-08-15T05:31:16Z,2025S70208C4,2025S,,SCHEDULED,60,1.0
2026-08-15T05:31:16Z,2025S70901C8,2025S,,SCHEDULED,780,13.0
2026-08-15T05:31:16Z,2025S70506C7,2025S,,SCHEDULED,0,0.0
2026-08-15T05:31:16Z,2025S70853C6,2025S,,SCHEDULED,360,6.0
2026-08-15T05:31:16Z,2025S70852C6,2025S,,SCHEDULED,0,0.0
2026-08-15T05:31:16Z,2025S70855C6,2025S,,SCHEDULED,60,1.0
2026-08-15T05:31:16Z,2025S70850C6,2025S,,SCHEDULED,0,0.0
2026-08-15T05:31:16Z,2025S70251C4,2025S,,SCHEDULED,0,0.0
2026-08-15T05:31:16Z,2025S70250C4,2025S,,SCHEDULED,120,2.0
2026-08-15T05:31:16Z,4125S24751C1,4125S,,SCHEDULED,0,0.0
2026-08-15T05:31:16Z,4125S24700C1,4125S,,SCHEDULED,6360,106.0
2026-08-15T05:31:16Z,4125S84903C2,4125S,,SCHEDULED,360,6.0
2026-08-15T05:31:16Z,4125S24702C1,4125S,,SCHEDULED,480,8.0
2026-08-15T05:31:16Z,4125S24703C1,4125S,,SCHEDULED,540,9.0
2026-08-15T05:31:16Z,4125S84902C2,4125S,,SCHEDULED,660,11.0
2026-08-15T05:31:16Z,4525S71703C1,4525S,,SCHEDULED,0,0.0
2026-08-15T05:31:16Z,7025S31504C1,7025S,,SCHEDULED,0,0.0
2026-08-15T05:31:16Z,7025S31505C1,7025S,,SCHEDULED,60,1.0
2026-08-15T05:31:16Z,1025S27012C3,1025S,,SCHEDULED,0,0.0
2026-08-15T05:31:16Z,1025S76379C5,1025S,,SCHEDULED,0,0.0
2026-08-15T05:31:16Z,1025S27013C3,1025S,,SCHEDULED,0,0.0
2026-08-15T05:31:16Z,1025S79606C10,1025S,,SCHEDULED,180,3.0
2026-08-15T05:31:16Z,1025S79807C8a,1025S,,SCHEDULED,60,1.0
2026-08-15T05:31:16Z,1025S79608C10,1025S,,SCHEDULED,120,2.0
2026-08-15T05:31:16Z,1025S79809C8a,1025S,,SCHEDULED,0,0.0
2026-08-15T05:31:16Z,1025S27423C4b,1025S,,SCHEDULED,0,0.0
2026-08-15T05:31:16Z,1025S79230C7,1025S,,SCHEDULED,0,0.0
2026-08-15T05:31:16Z,1025S79231C7,1025S,,SCHEDULED,180,3.0
2026-08-15T05:31:16Z,1025S79234C7,1025S,,SCHEDULED,0,0.0
2026-08-15T05:31:16Z,1025S27220C4a,1025S,,SCHEDULED,60,1.0
2026-08-15T05:31:16Z,1025S79235C7,1025S,,SCHEDULED,0,0.0
2026-08-15T05:31:16Z,1025S27421C4b,1025S,,SCHEDULED,0,0.0
2026-08-15T05:31:16Z,1025S79513C2,1025S,,SCHEDULED,0,0.0
2026-08-15T05:31:16Z,1025S79953C8b,1025S,,SCHEDULED,420,7.0
2026-08-15T05:31:16Z,1025S27221C4a,1025S,,SCHEDULED,0,0.0
2026-08-15T05:31:16Z,1025S27222C4a,1025S,,SCHEDULED,0,0.0
2026-08-15T05:31:16Z,1025S79239C7,1025S,,SCHEDULED,0,0.0
2026-08-15T05:31:16Z,1025S79954C8b,1025S,,SCHEDULED,240,4.0
2026-08-15T05:31:16Z,1025S79517C2,1025S,,SCHEDULED,180,3.0
2026-08-15T05:31:16Z,1025S79956C8b,1025S,,SCHEDULED,0,0.0
2026-08-15T05:31:16Z,1025S76209C5,1025S,,SCHEDULED,0,0.0
2026-08-15T05:31:16Z,1025S79226C7,1025S,,SCHEDULED,420,7.0
2026-08-15T05:31:16Z,1025S79105C7,1025S,,SCHEDULED,600,10.0
2026-08-15T05:31:16Z,1025S79108C7,1025S,,SCHEDULED,0,0.0
2026-08-15T05:31:16Z,1025S79107C7,1025S,,SCHEDULED,0,0.0
2026-08-15T05:31:16Z,1025S79704C10,1025S,,SCHEDULED,120,2.0
2026-08-15T05:31:16Z,1025S79109C7,1025S,,SCHEDULED,0,0.0
2026-08-15T05:31:16Z,1025S19815C1,1025S,,SCHEDULED,60,1.0
2026-08-15T05:31:16Z,1025S79706C10,1025S,,SCHEDULED,0,0.0
2026-08-15T05:31:16Z,1025S19817C1,1025S,,SCHEDULED,0,0.0
2026-08-15T05:31:16Z,1025S19812C1,1025S,,SCHEDULED,180,3.0
2026-08-15T05:31:16Z,1025S79509C2,1025S,,SCHEDULED,5280,88.0
2026-08-15T05:31:16Z,1025S19814C1,1025S,,SCHEDULED,0,0.0
2026-08-15T05:31:16Z,1025S77000C5,1025S,,SCHEDULED,60,1.0
2026-08-15T05:31:16Z,1025S77001C5,1025S,,SCHEDULED,0,0.0
2026-08-15T05:31:16Z,1025S79222C7,1025S,,SCHEDULED,240,4.0
2026-08-15T05:31:16Z,1025S79423C2,1025S,,SCHEDULED,0,0.0
2026-08-15T05:31:16Z,1025S77002C5,1025S,,SCHEDULED,0,0.0
2026-08-15T05:31:16Z,1025S79104C7,1025S,,SCHEDULED,420,7.0
2026-08-15T05:31:16Z,1025S79103C7,1025S,,SCHEDULED,4380,73.0
2026-08-15T05:31:16Z,1025S79106C7,1025S,,SCHEDULED,1020,17.0
2026-08-15T05:31:16Z,1025S19819C1,1025S,,SCHEDULED,0,0.0
2026-08-15T05:31:16Z,1025S27216C4a,1025S,,SCHEDULED,300,5.0
2026-08-15T05:31:16Z,1025S27217C4a,1025S,,SCHEDULED,480,8.0
2026-08-15T05:31:16Z,1025S27415C4b,1025S,,SCHEDULED,360,6.0
2026-08-15T05:31:16Z,1025S27412C4b,1025S,,SCHEDULED,0,0.0
2026-08-15T05:31:16Z,1025S27214C4a,1025S,,SCHEDULED,480,8.0
2026-08-15T05:31:16Z,1025S27215C4a,1025S,,SCHEDULED,1080,18.0
2026-08-15T05:31:16Z,1025S27419C4b,1025S,,SCHEDULED,180,3.0
2026-08-15T05:31:16Z,1025S27416C4b,1025S,,SCHEDULED,0,0.0
2026-08-15T05:31:16Z,1025S27218C4a,1025S,,SCHEDULED,0,0.0
2026-08-15T05:31:16Z,1025S76371C5,1025S,,SCHEDULED,180,3.0
2026-08-15T05:31:16Z,1025S27219C4a,1025S,,SCHEDULED,420,7.0
2026-08-15T05:31:16Z,1025S27010C3,1025S,,SCHEDULED,0,0.0
2026-08-15T05:31:16Z,1025S76373C5,1025S,,SCHEDULED,0,0.0
2026-08-15T05:31:16Z,1025S76692C5,1025S,,SCHEDULED,0,0.0
2026-08-15T05:31:16Z,1025S27011C3,1025S,,SCHEDULED,0,0.0
2026-08-15T05:31:16Z,1025S76210C5,1025S,,SCHEDULED,0,0.0
2026-08-15T05:31:16Z,1025S76694C5,1025S,,SCHEDULED,180,3.0
2026-08-15T05:31:16Z,1025S76375C5,1025S,,SCHEDULED,60,1.0
2026-08-15T05:31:16Z,1025S79521C2,1025S,,SCHEDULED,0,0.0
2026-08-15T05:31:16Z,1025S76696C5,1025S,,SCHEDULED,0,0.0
2026-08-15T05:31:16Z,1025S76377C5,1025S,,SCHEDULED,180,3.0
2026-08-15T05:31:16Z,1025S27410C4b,1025S,,SCHEDULED,60,1.0
2026-08-15T05:31:16Z,1025S76378C5,1025S,,SCHEDULED,180,3.0
2026-08-15T05:31:16Z,1025S27008C3,1025S,,SCHEDULED,60,1.0
2026-08-15T05:31:16Z,1025S76380C5,1025S,,SCHEDULED,180,3.0
2026-08-15T05:31:16Z,1025S76381C5,1025S,,SCHEDULED,0,0.0
2026-08-15T05:31:16Z,1025S27408C4b,1025S,,SCHEDULED,60,1.0
2026-08-15T05:31:16Z,1025S76382C5,1025S,,SCHEDULED,420,7.0
2026-08-15T05:31:16Z,1025S27009C3,1025S,,SCHEDULED,60,1.0
2026-08-15T05:31:16Z,1025S27406C4b,1025S,,SCHEDULED,480,8.0
2026-08-15T05:31:16Z,1025S76384C5,1025S,,SCHEDULED,0,0.0
2026-08-15T05:31:16Z,1025S79410C2,1025S,,SCHEDULED,300,5.0
2026-08-15T05:31:16Z,1025S76386C5,1025S,,SCHEDULED,0,0.0
2026-08-15T05:31:16Z,1025S79610C10,1025S,,SCHEDULED,0,0.0
2026-08-15T05:31:16Z,1025S79214C7,1025S,,SCHEDULED,960,16.0
2026-08-15T05:31:16Z,1025S76388C5,1025S,,SCHEDULED,0,0.0
2026-08-15T05:31:16Z,1025S79810C8a,1025S,,SCHEDULED,660,11.0
2026-08-15T05:31:16Z,1025S79812C8a,1025S,,SCHEDULED,0,0.0
2026-08-15T05:31:16Z,1025S79218C7,1025S,,SCHEDULED,540,9.0
2026-08-15T05:31:16Z,1025S79415C2,1025S,,SCHEDULED,300,5.0
2026-08-15T05:31:16Z,1025S76701C5,1025S,,SCHEDULED,60,1.0
2026-08-15T05:31:16Z,1025S76703C5,1025S,,SCHEDULED,0,0.0
2026-08-15T05:31:16Z,1025S79419C2,1025S,,SCHEDULED,240,4.0
2026-08-15T05:31:16Z,1025S27414C4b,1025S,,SCHEDULED,120,2.0
2026-08-15T05:35:55Z,3025S23513C1,3025S,,SCHEDULED,60,1.0
2026-08-15T05:35:55Z,3025S23514C1,3025S,,SCHEDULED,0,0.0
2026-08-15T05:35:55Z,3025S23506C1,3025S,,SCHEDULED,540,9.0
2026-08-15T05:35:55Z,3025S23507C1,3025S,,SCHEDULED,420,7.0
2026-08-15T05:35:55Z,3025S23895C5,3025S,,SCHEDULED,60,1.0
2026-08-15T05:35:55Z,3025S23607C4,3025S,,SCHEDULED,180,3.0
2026-08-15T05:35:55Z,3025S23703C5,3025S,,SCHEDULED,-60,-1.0
2026-08-15T05:35:55Z,3125S23204C1,3125S,,SCHEDULED,0,0.0
2026-08-15T05:35:55Z,3125S23424T1,3125S,,SCHEDULED,0,0.0
2026-08-15T05:35:55Z,3125S23205C1,3125S,,SCHEDULED,180,3.0
2026-08-15T05:35:55Z,3125S23423T1,3125S,,SCHEDULED,0,0.0
2026-08-15T05:35:55Z,3125S23426T1,3125S,,SCHEDULED,0,0.0
2026-08-15T05:35:55Z,3225S23311C1,3225S,,SCHEDULED,60,1.0
2026-08-15T05:35:55Z,3225S23306C1,3225S,,SCHEDULED,-120,-2.0
2026-08-15T05:35:55Z,4025S24293C1,4025S,,SCHEDULED,0,0.0
2026-08-15T05:35:55Z,4025S24303C6,4025S,,SCHEDULED,360,6.0
2026-08-15T05:35:55Z,4025S24007C2,4025S,,SCHEDULED,300,5.0
2026-08-15T05:35:55Z,4025S24205C1,4025S,,SCHEDULED,720,12.0
2026-08-15T05:35:55Z,4025S76656C3,4025S,,SCHEDULED,-420,-7.0
2026-08-15T05:35:55Z,4025S24306C6,4025S,,SCHEDULED,60,1.0
2026-08-15T05:35:55Z,4025S33451C6,4025S,,SCHEDULED,0,0.0
2026-08-15T05:35:55Z,4025S24208C1,4025S,,SCHEDULED,0,0.0
2026-08-15T05:35:55Z,4025S24309C6,4025S,,SCHEDULED,0,0.0
2026-08-15T05:35:55Z,4025S24011C2,4025S,,SCHEDULED,0,0.0
2026-08-15T05:35:55Z,4025S24302C6,4025S,,SCHEDULED,0,0.0
2026-08-15T05:35:55Z,4025S24204C1,4025S,,SCHEDULED,240,4.0
2026-08-15T05:35:55Z,5125S25402R2N,5125S,,SCHEDULED,480,8.0
2026-08-15T05:35:55Z,5125S25404R2N,5125S,,SCHEDULED,180,3.0
2026-08-15T05:35:55Z,5125S30531R15,5125S,,SCHEDULED,120,2.0
2026-08-15T05:35:55Z,5125S25601R1,5125S,,SCHEDULED,420,7.0
2026-08-15T05:35:55Z,5125S28269R2S,5125S,,SCHEDULED,60,1.0
2026-08-15T05:35:55Z,5125S25406R2N,5125S,,SCHEDULED,240,4.0
2026-08-15T05:35:55Z,5125S77500R4,5125S,,SCHEDULED,60,1.0
2026-08-15T05:35:55Z,5125S78634R8,5125S,,SCHEDULED,120,2.0
2026-08-15T05:35:55Z,5125S33532RL4,5125S,,SCHEDULED,0,0.0
2026-08-15T05:35:55Z,5125S25801R1,5125S,,SCHEDULED,120,2.0
2026-08-15T05:35:55Z,5125S77508R4,5125S,,SCHEDULED,-120,-2.0
2026-08-15T05:35:55Z,5125S25603R1,5125S,,SCHEDULED,120,2.0
2026-08-15T05:35:55Z,5125S25607R1,5125S,,SCHEDULED,-60,-1.0
2026-08-15T05:35:55Z,5125S77410R4,5125S,,SCHEDULED,0,0.0
2026-08-15T05:35:55Z,5125S15000R15,5125S,,SCHEDULED,780,13.0
2026-08-15T05:35:55Z,5125S25600R1,5125S,,SCHEDULED,0,0.0
2026-08-15T05:35:55Z,5125S25507R2S,5125S,,SCHEDULED,0,0.0
2026-08-15T05:35:55Z,5125S25506R2S,5125S,,SCHEDULED,240,4.0
2026-08-15T05:35:55Z,5125S25486R2S,5125S,,SCHEDULED,180,3.0
2026-08-15T05:35:55Z,5125S25509R2S,5125S,,SCHEDULED,0,0.0
2026-08-15T05:35:55Z,5125S25503R2S,5125S,,SCHEDULED,300,5.0
2026-08-15T05:35:55Z,5125S25562R2S,5125S,,SCHEDULED,0,0.0
2026-08-15T05:35:55Z,5125S25505R2S,5125S,,SCHEDULED,0,0.0
2026-08-15T05:35:55Z,5125S15800R11,5125S,,SCHEDULED,0,0.0
2026-08-15T05:35:55Z,5125S25616R1,5125S,,SCHEDULED,60,1.0
2026-08-15T05:35:55Z,5125S25504R2S,5125S,,SCHEDULED,300,5.0
2026-08-15T05:35:55Z,5125S77510R4,5125S,,SCHEDULED,120,2.0
2026-08-15T05:35:55Z,5125S25612R1,5125S,,SCHEDULED,360,6.0
2026-08-15T05:35:55Z,5125S78602R8,5125S,,SCHEDULED,60,1.0
2026-08-15T05:35:55Z,5125S77512R4,5125S,,SCHEDULED,-120,-2.0
2026-08-15T05:35:55Z,5125S77314R3,5125S,,SCHEDULED,480,8.0
2026-08-15T05:35:55Z,5125S28410R2N,5125S,,SCHEDULED,0,0.0
2026-08-15T05:35:55Z,5125S77514R4,5125S,,SCHEDULED,60,1.0
2026-08-15T05:35:55Z,5125S77316R3,5125S,,SCHEDULED,240,4.0
2026-08-15T05:35:55Z,5125S35523R3,5125S,,SCHEDULED,420,7.0
2026-08-15T05:35:55Z,5125S77400R4,5125S,,SCHEDULED,-60,-1.0
2026-08-15T05:35:55Z,5125S77404R4,5125S,,SCHEDULED,420,7.0
2026-08-15T05:35:55Z,5125S15850R11,5125S,,SCHEDULED,-120,-2.0
2026-08-15T05:35:55Z,5125S18121R16,5125S,,SCHEDULED,360,6.0
2026-08-15T05:35:55Z,5125S18123R16,5125S,,SCHEDULED,60,1.0
2026-08-15T05:35:55Z,5125S15776R11,5125S,,SCHEDULED,0,0.0
2026-08-15T05:35:55Z,5125S25611R1,5125S,,SCHEDULED,0,0.0
2026-08-15T05:35:55Z,5125S77408R4,5125S,,SCHEDULED,0,0.0
2026-08-15T05:35:55Z,5125S28408R2N,5125S,,SCHEDULED,-60,-1.0
2026-08-15T05:35:55Z,6025S26509C3,6025S,,SCHEDULED,-60,-1.0
2026-08-15T05:35:55Z,6025S29615C1,6025S,,SCHEDULED,0,0.0
2026-08-15T05:35:55Z,6025S26511C3,6025S,,SCHEDULED,60,1.0
2026-08-15T05:35:55Z,6025S29508C2,6025S,,SCHEDULED,180,3.0
2026-08-15T05:35:55Z,6025S26510C3,6025S,,SCHEDULED,420,7.0
2026-08-15T05:35:55Z,6025S29613C1,6025S,,SCHEDULED,120,2.0
2026-08-15T05:35:55Z,6025S26508C3,6025S,,SCHEDULED,420,7.0
2026-08-15T05:35:55Z,6025S26512C3,6025S,,SCHEDULED,0,0.0
2026-08-15T05:35:55Z,6025S71504C4,6025S,,SCHEDULED,180,3.0
2026-08-15T05:35:55Z,6025S71507C4,6025S,,SCHEDULED,60,1.0
2026-08-15T05:35:55Z,6025S26507C3,6025S,,SCHEDULED,60,1.0
2026-08-15T05:35:55Z,6025S29511C2,6025S,,SCHEDULED,0,0.0
2026-08-15T05:35:55Z,6125S32771C1,6125S,,SCHEDULED,0,0.0
2026-08-15T05:35:55Z,6125S32703C1,6125S,,SCHEDULED,0,0.0
2026-08-15T05:35:55Z,6125S81701C1,6125S,,SCHEDULED,0,0.0
2026-08-15T05:35:55Z,6225S71154C2,6225S,,SCHEDULED,180,3.0
2026-08-15T05:35:55Z,6225S71193C2,6225S,,SCHEDULED,180,3.0
2026-08-15T05:35:55Z,6225S71156C2,6225S,,SCHEDULED,0,0.0
2026-08-15T05:35:55Z,6225S71203C3,6225S,,SCHEDULED,0,0.0
2026-08-15T05:35:55Z,4725S71081C1,4725S,,SCHEDULED,0,0.0
2026-08-15T05:35:55Z,4725S71090C1,4725S,,SCHEDULED,0,0.0
2026-08-15T05:35:55Z,4725S71080C1,4725S,,SCHEDULED,180,3.0
2026-08-15T05:35:55Z,2025S22008C1,2025S,,SCHEDULED,0,0.0
2026-08-15T05:35:55Z,2025S70904C8,2025S,,SCHEDULED,360,6.0
2026-08-15T05:35:55Z,2025S70404C5,2025S,,CANCELED,,
2026-08-15T05:35:55Z,2025S70802C6,2025S,,SCHEDULED,0,0.0
2026-08-15T05:35:55Z,2025S70505C7,2025S,,SCHEDULED,0,0.0
2026-08-15T05:35:55Z,2025S70800C6,2025S,,SCHEDULED,540,9.0
2026-08-15T05:35:55Z,2025S70208C4,2025S,,SCHEDULED,360,6.0
2026-08-15T05:35:55Z,2025S70206C4,2025S,,SCHEDULED,120,2.0
2026-08-15T05:35:55Z,2025S22003C1,2025S,,SCHEDULED,60,1.0
2026-08-15T05:35:55Z,2025S22004C1,2025S,,SCHEDULED,60,1.0
2026-08-15T05:35:55Z,2025S70901C8,2025S,,SCHEDULED,1020,17.0
2026-08-15T05:35:55Z,2025S22007C1,2025S,,SCHEDULED,0,0.0
2026-08-15T05:35:55Z,2025S70405C5,2025S,,SCHEDULED,0,0.0
2026-08-15T05:35:55Z,2025S70506C7,2025S,,SCHEDULED,0,0.0
2026-08-15T05:35:55Z,2025S70853C6,2025S,,SCHEDULED,240,4.0
2026-08-15T05:35:55Z,2025S70757C6,2025S,,SCHEDULED,600,10.0
2026-08-15T05:35:55Z,2025S70852C6,2025S,,SCHEDULED,0,0.0
2026-08-15T05:35:55Z,2025S70855C6,2025S,,SCHEDULED,300,5.0
2026-08-15T05:35:55Z,2025S70850C6,2025S,,SCHEDULED,120,2.0
2026-08-15T05:35:55Z,2025S70251C4,2025S,,SCHEDULED,120,2.0
2026-08-15T05:35:55Z,2025S70250C4,2025S,,SCHEDULED,240,4.0
2026-08-15T05:35:55Z,2025S22311C3,2025S,,SCHEDULED,540,9.0
2026-08-15T05:35:55Z,4125S24751C1,4125S,,SCHEDULED,0,0.0
2026-08-15T05:35:55Z,4125S24700C1,4125S,,SCHEDULED,6600,110.0
2026-08-15T05:35:55Z,4125S84903C2,4125S,,SCHEDULED,600,10.0
2026-08-15T05:35:55Z,4125S24702C1,4125S,,SCHEDULED,300,5.0
2026-08-15T05:35:55Z,4125S24703C1,4125S,,SCHEDULED,180,3.0
2026-08-15T05:35:55Z,4125S84902C2,4125S,,SCHEDULED,900,15.0
2026-08-15T05:35:55Z,4525S71703C1,4525S,,SCHEDULED,0,0.0
2026-08-15T05:35:55Z,7025S31504C1,7025S,,SCHEDULED,0,0.0
2026-08-15T05:35:55Z,7025S31505C1,7025S,,SCHEDULED,60,1.0
2026-08-15T05:35:55Z,1025S77001C5,1025S,,SCHEDULED,0,0.0
2026-08-15T05:35:55Z,1025S79423C2,1025S,,SCHEDULED,0,0.0
2026-08-15T05:35:55Z,1025S77002C5,1025S,,SCHEDULED,0,0.0
2026-08-15T05:35:55Z,1025S77004C5,1025S,,SCHEDULED,0,0.0
2026-08-15T05:35:55Z,1025S79702C10,1025S,,SCHEDULED,540,9.0
2026-08-15T05:35:55Z,1025S79704C10,1025S,,SCHEDULED,180,3.0
2026-08-15T05:35:55Z,1025S79706C10,1025S,,SCHEDULED,0,0.0
2026-08-15T05:35:55Z,1025S79214C7,1025S,,SCHEDULED,3300,55.0
2026-08-15T05:35:55Z,1025S79610C10,1025S,,SCHEDULED,0,0.0
2026-08-15T05:35:55Z,1025S79218C7,1025S,,SCHEDULED,600,10.0
2026-08-15T05:35:55Z,1025S27216C4a,1025S,,SCHEDULED,180,3.0
2026-08-15T05:35:55Z,1025S27214C4a,1025S,,SCHEDULED,540,9.0
2026-08-15T05:35:55Z,1025S27215C4a,1025S,,SCHEDULED,960,16.0
2026-08-15T05:35:55Z,1025S27218C4a,1025S,,SCHEDULED,0,0.0
2026-08-15T05:35:55Z,1025S27219C4a,1025S,,SCHEDULED,420,7.0
2026-08-15T05:35:55Z,1025S76210C5,1025S,,SCHEDULED,0,0.0
2026-08-15T05:35:55Z,1025S76694C5,1025S,,SCHEDULED,0,0.0
2026-08-15T05:35:55Z,1025S76211C5,1025S,,SCHEDULED,0,0.0
2026-08-15T05:35:55Z,1025S76696C5,1025S,,SCHEDULED,0,0.0
2026-08-15T05:35:55Z,1025S79608C10,1025S,,SCHEDULED,180,3.0
2026-08-15T05:35:55Z,1025S27423C4b,1025S,,SCHEDULED,0,0.0
2026-08-15T05:35:55Z,1025S79230C7,1025S,,SCHEDULED,0,0.0
2026-08-15T05:35:55Z,1025S79106C7,1025S,,SCHEDULED,1260,21.0
2026-08-15T05:35:55Z,1025S19819C1,1025S,,SCHEDULED,0,0.0
2026-08-15T05:35:55Z,1025S79226C7,1025S,,SCHEDULED,660,11.0
2026-08-15T05:35:55Z,1025S79105C7,1025S,,SCHEDULED,480,8.0
2026-08-15T05:35:55Z,1025S79108C7,1025S,,SCHEDULED,0,0.0
2026-08-15T05:35:55Z,1025S79107C7,1025S,,SCHEDULED,60,1.0
2026-08-15T05:35:55Z,1025S19816C1,1025S,,SCHEDULED,0,0.0
2026-08-15T05:35:55Z,1025S79109C7,1025S,,SCHEDULED,0,0.0
2026-08-15T05:35:55Z,1025S19815C1,1025S,,SCHEDULED,60,1.0
2026-08-15T05:35:55Z,1025S19817C1,1025S,,SCHEDULED,0,0.0
2026-08-15T05:35:55Z,1025S19812C1,1025S,,SCHEDULED,420,7.0
2026-08-15T05:35:55Z,1025S79509C2,1025S,,SCHEDULED,5520,92.0
2026-08-15T05:35:55Z,1025S19814C1,1025S,,SCHEDULED,0,0.0
2026-08-15T05:35:55Z,1025S79231C7,1025S,,SCHEDULED,0,0.0
2026-08-15T05:35:55Z,1025S79234C7,1025S,,SCHEDULED,0,0.0
2026-08-15T05:35:55Z,1025S79235C7,1025S,,SCHEDULED,60,1.0
2026-08-15T05:35:55Z,1025S27421C4b,1025S,,SCHEDULED,180,3.0
2026-08-15T05:35:55Z,1025S79513C2,1025S,,SCHEDULED,300,5.0
2026-08-15T05:35:55Z,1025S79239C7,1025S,,SCHEDULED,0,0.0
2026-08-15T05:35:55Z,1025S79517C2,1025S,,SCHEDULED,180,3.0
2026-08-15T05:35:55Z,1025S19810C1,1025S,,SCHEDULED,360,6.0
2026-08-15T05:35:55Z,1025S79222C7,1025S,,SCHEDULED,240,4.0
2026-08-15T05:35:55Z,1025S79104C7,1025S,,SCHEDULED,3240,54.0
2026-08-15T05:35:55Z,1025S79225C7,1025S,,SCHEDULED,0,0.0
2026-08-15T05:35:55Z,1025S79103C7,1025S,,SCHEDULED,4620,77.0
2026-08-15T05:35:55Z,1025S27417C4b,1025S,,SCHEDULED,780,13.0
2026-08-15T05:35:55Z,1025S27010C3,1025S,,SCHEDULED,60,1.0
2026-08-15T05:35:55Z,1025S76373C5,1025S,,SCHEDULED,180,3.0
2026-08-15T05:35:55Z,1025S76375C5,1025S,,SCHEDULED,0,0.0
2026-08-15T05:35:55Z,1025S79521C2,1025S,,SCHEDULED,120,2.0
2026-08-15T05:35:55Z,1025S76377C5,1025S,,SCHEDULED,480,8.0
2026-08-15T05:35:55Z,1025S27410C4b,1025S,,SCHEDULED,120,2.0
2026-08-15T05:35:55Z,1025S76378C5,1025S,,SCHEDULED,180,3.0
2026-08-15T05:35:55Z,1025S76379C5,1025S,,SCHEDULED,0,0.0
2026-08-15T05:35:55Z,1025S27012C3,1025S,,SCHEDULED,60,1.0
2026-08-15T05:35:55Z,1025S27013C3,1025S,,SCHEDULED,0,0.0
2026-08-15T05:35:55Z,1025S79807C8a,1025S,,SCHEDULED,60,1.0
2026-08-15T05:35:55Z,1025S79809C8a,1025S,,SCHEDULED,0,0.0
2026-08-15T05:35:55Z,1025S27220C4a,1025S,,SCHEDULED,360,6.0
2026-08-15T05:35:55Z,1025S27223C4a,1025S,,SCHEDULED,0,0.0
2026-08-15T05:35:55Z,1025S79953C8b,1025S,,SCHEDULED,60,1.0
2026-08-15T05:35:55Z,1025S27221C4a,1025S,,SCHEDULED,0,0.0
2026-08-15T05:35:55Z,1025S27222C4a,1025S,,SCHEDULED,0,0.0
2026-08-15T05:35:55Z,1025S79954C8b,1025S,,SCHEDULED,60,1.0
2026-08-15T05:35:55Z,1025S79957C8b,1025S,,SCHEDULED,0,0.0
2026-08-15T05:35:55Z,1025S79956C8b,1025S,,SCHEDULED,60,1.0
2026-08-15T05:35:55Z,1025S76209C5,1025S,,SCHEDULED,60,1.0
2026-08-15T05:35:55Z,1025S77000C5,1025S,,SCHEDULED,300,5.0
2026-08-15T05:35:55Z,1025S27008C3,1025S,,SCHEDULED,240,4.0
2026-08-15T05:35:55Z,1025S27006C3,1025S,,SCHEDULED,0,0.0
2026-08-15T05:35:55Z,1025S76380C5,1025S,,SCHEDULED,120,2.0
2026-08-15T05:35:55Z,1025S76381C5,1025S,,SCHEDULED,0,0.0
2026-08-15T05:35:55Z,1025S27408C4b,1025S,,SCHEDULED,180,3.0
2026-08-15T05:35:55Z,1025S76382C5,1025S,,SCHEDULED,180,3.0
2026-08-15T05:35:55Z,1025S27009C3,1025S,,SCHEDULED,60,1.0
2026-08-15T05:35:55Z,1025S76383C5,1025S,,SCHEDULED,0,0.0
2026-08-15T05:35:55Z,1025S76384C5,1025S,,SCHEDULED,120,2.0
2026-08-15T05:35:55Z,1025S79410C2,1025S,,SCHEDULED,0,0.0
2026-08-15T05:35:55Z,1025S76386C5,1025S,,SCHEDULED,0,0.0
2026-08-15T05:35:55Z,1025S76388C5,1025S,,SCHEDULED,0,0.0
2026-08-15T05:35:55Z,1025S79812C8a,1025S,,SCHEDULED,120,2.0
2026-08-15T05:35:55Z,1025S79415C2,1025S,,SCHEDULED,180,3.0
2026-08-15T05:35:55Z,1025S76701C5,1025S,,SCHEDULED,120,2.0
2026-08-15T05:35:55Z,1025S76703C5,1025S,,SCHEDULED,120,2.0
2026-08-15T05:35:55Z,1025S79419C2,1025S,,SCHEDULED,240,4.0
2026-08-15T05:35:55Z,1025S76705C5,1025S,,SCHEDULED,0,0.0
2026-08-15T05:35:55Z,1025S27414C4b,1025S,,SCHEDULED,120,2.0
2026-08-15T05:35:55Z,1025S27415C4b,1025S,,SCHEDULED,480,8.0
2026-08-15T05:35:55Z,1025S27412C4b,1025S,,SCHEDULED,360,6.0
2026-08-15T05:35:55Z,1025S27419C4b,1025S,,SCHEDULED,480,8.0
2026-08-15T05:35:55Z,1025S27416C4b,1025S,,SCHEDULED,0,0.0
2026-08-15T05:41:05Z,3025S23506C1,3025S,,SCHEDULED,660,11.0
2026-08-15T05:41:05Z,3025S23507C1,3025S,,SCHEDULED,600,10.0
2026-08-15T05:41:05Z,3025S23895C5,3025S,,SCHEDULED,60,1.0
2026-08-15T05:41:05Z,3025S23607C4,3025S,,SCHEDULED,120,2.0
2026-08-15T05:41:05Z,3025S23514C1,3025S,,SCHEDULED,0,0.0
2026-08-15T05:41:05Z,3025S23703C5,3025S,,SCHEDULED,60,1.0
2026-08-15T05:41:05Z,3125S23204C1,3125S,,SCHEDULED,0,0.0
2026-08-15T05:41:05Z,3125S23424T1,3125S,,SCHEDULED,120,2.0
2026-08-15T05:41:05Z,3125S23205C1,3125S,,SCHEDULED,120,2.0
2026-08-15T05:41:05Z,3125S23426T1,3125S,,SCHEDULED,0,0.0
2026-08-15T05:41:05Z,3125S23423T1,3125S,,SCHEDULED,0,0.0
2026-08-15T05:41:05Z,3225S23311C1,3225S,,SCHEDULED,0,0.0
2026-08-15T05:41:05Z,3225S23306C1,3225S,,SCHEDULED,0,0.0
2026-08-15T05:41:05Z,4025S24309C6,4025S,,SCHEDULED,0,0.0
2026-08-15T05:41:05Z,4025S33451C6,4025S,,SCHEDULED,0,0.0
2026-08-15T05:41:05Z,4025S24302C6,4025S,,SCHEDULED,120,2.0
2026-08-15T05:41:05Z,4025S24204C1,4025S,,SCHEDULED,60,1.0
2026-08-15T05:41:05Z,4025S24303C6,4025S,,SCHEDULED,420,7.0
2026-08-15T05:41:05Z,4025S24007C2,4025S,,SCHEDULED,300,5.0
2026-08-15T05:41:05Z,4025S24208C1,4025S,,SCHEDULED,0,0.0
2026-08-15T05:41:05Z,4025S24211C1,4025S,,SCHEDULED,0,0.0
2026-08-15T05:41:05Z,4025S24205C1,4025S,,SCHEDULED,720,12.0
2026-08-15T05:41:05Z,4025S80017C3,4025S,,SCHEDULED,0,0.0
2026-08-15T05:41:05Z,4025S76656C3,4025S,,SCHEDULED,-420,-7.0
2026-08-15T05:41:05Z,4025S24016C2,4025S,,SCHEDULED,0,0.0
2026-08-15T05:41:05Z,4025S24293C1,4025S,,SCHEDULED,120,2.0
2026-08-15T05:41:05Z,5125S25600R1,5125S,,SCHEDULED,0,0.0
2026-08-15T05:41:05Z,5125S77316R3,5125S,,SCHEDULED,-180,-3.0
2026-08-15T05:41:05Z,5125S25404R2N,5125S,,SCHEDULED,0,0.0
2026-08-15T05:41:05Z,5125S25601R1,5125S,,SCHEDULED,420,7.0
2026-08-15T05:41:05Z,5125S30531R15,5125S,,SCHEDULED,120,2.0
2026-08-15T05:41:05Z,5125S25801R1,5125S,,SCHEDULED,60,1.0
2026-08-15T05:41:05Z,5125S25603R1,5125S,,SCHEDULED,180,3.0
2026-08-15T05:41:05Z,5125S28269R2S,5125S,,SCHEDULED,60,1.0
2026-08-15T05:41:05Z,5125S77500R4,5125S,,SCHEDULED,120,2.0
2026-08-15T05:41:05Z,5125S78634R8,5125S,,SCHEDULED,180,3.0
2026-08-15T05:41:05Z,5125S77410R4,5125S,,SCHEDULED,60,1.0
2026-08-15T05:41:05Z,5125S33532RL4,5125S,,SCHEDULED,0,0.0
2026-08-15T05:41:05Z,5125S77508R4,5125S,,SCHEDULED,60,1.0
2026-08-15T05:41:05Z,5125S25408R2N,5125S,,SCHEDULED,60,1.0
2026-08-15T05:41:05Z,5125S25486R2S,5125S,,SCHEDULED,120,2.0
2026-08-15T05:41:05Z,5125S25562R2S,5125S,,SCHEDULED,0,0.0
2026-08-15T05:41:05Z,5125S28271R2S,5125S,,SCHEDULED,480,8.0
2026-08-15T05:41:05Z,5125S15000R15,5125S,,SCHEDULED,1200,20.0
2026-08-15T05:41:05Z,5125S25506R2S,5125S,,SCHEDULED,180,3.0
2026-08-15T05:41:05Z,5125S25509R2S,5125S,,SCHEDULED,0,0.0
2026-08-15T05:41:05Z,5125S25616R1,5125S,,SCHEDULED,180,3.0
2026-08-15T05:41:05Z,5125S25503R2S,5125S,,SCHEDULED,300,5.0
2026-08-15T05:41:05Z,5125S25612R1,5125S,,SCHEDULED,360,6.0
2026-08-15T05:41:05Z,5125S25505R2S,5125S,,SCHEDULED,60,1.0
2026-08-15T05:41:05Z,5125S77510R4,5125S,,SCHEDULED,-60,-1.0
2026-08-15T05:41:05Z,5125S28412R2N,5125S,,SCHEDULED,0,0.0
2026-08-15T05:41:05Z,5125S35523R3,5125S,,SCHEDULED,180,3.0
2026-08-15T05:41:05Z,5125S77400R4,5125S,,SCHEDULED,-60,-1.0
2026-08-15T05:41:05Z,5125S78602R8,5125S,,SCHEDULED,0,0.0
2026-08-15T05:41:05Z,5125S77512R4,5125S,,SCHEDULED,-60,-1.0
2026-08-15T05:41:05Z,5125S77314R3,5125S,,SCHEDULED,540,9.0
2026-08-15T05:41:05Z,5125S28410R2N,5125S,,SCHEDULED,0,0.0
2026-08-15T05:41:05Z,5125S77404R4,5125S,,SCHEDULED,420,7.0
2026-08-15T05:41:05Z,5125S77514R4,5125S,,SCHEDULED,60,1.0
2026-08-15T05:41:05Z,5125S15776R11,5125S,,SCHEDULED,0,0.0
2026-08-15T05:41:05Z,5125S77408R4,5125S,,SCHEDULED,180,3.0
2026-08-15T05:41:05Z,5125S18121R16,5125S,,SCHEDULED,360,6.0
2026-08-15T05:41:05Z,5125S25611R1,5125S,,SCHEDULED,60,1.0
2026-08-15T05:41:05Z,5125S28408R2N,5125S,,SCHEDULED,60,1.0
2026-08-15T05:41:05Z,6025S26512C3,6025S,,SCHEDULED,0,0.0
2026-08-15T05:41:05Z,6025S29678C1,6025S,,SCHEDULED,900,15.0
2026-08-15T05:41:05Z,6025S29508C2,6025S,,SCHEDULED,120,2.0
2026-08-15T05:41:05Z,6025S29511C2,6025S,,SCHEDULED,120,2.0
2026-08-15T05:41:05Z,6025S29510C2,6025S,,SCHEDULED,0,0.0
2026-08-15T05:41:05Z,6025S71507C4,6025S,,SCHEDULED,120,2.0
2026-08-15T05:41:05Z,6025S26511C3,6025S,,SCHEDULED,0,0.0
2026-08-15T05:41:05Z,6025S26510C3,6025S,,SCHEDULED,300,5.0
2026-08-15T05:41:05Z,6025S29613C1,6025S,,SCHEDULED,60,1.0
2026-08-15T05:41:05Z,6025S29612C1,6025S,,SCHEDULED,0,0.0
2026-08-15T05:41:05Z,6025S26508C3,6025S,,SCHEDULED,480,8.0
2026-08-15T05:41:05Z,6025S71504C4,6025S,,SCHEDULED,-60,-1.0
2026-08-15T05:41:05Z,6025S26509C3,6025S,,SCHEDULED,60,1.0
2026-08-15T05:41:05Z,6025S29615C1,6025S,,SCHEDULED,0,0.0
2026-08-15T05:41:05Z,6125S32702C1,6125S,,SCHEDULED,120,2.0
2026-08-15T05:41:05Z,6125S32703C1,6125S,,SCHEDULED,0,0.0
2026-08-15T05:41:05Z,6125S32771C1,6125S,,SCHEDULED,-60,-1.0
2026-08-15T05:41:05Z,6125S81771C1,6125S,,SCHEDULED,0,0.0
2026-08-15T05:41:05Z,6225S35917C1,6225S,,SCHEDULED,360,6.0
2026-08-15T05:41:05Z,6225S71154C2,6225S,,SCHEDULED,180,3.0
2026-08-15T05:41:05Z,6225S71156C2,6225S,,SCHEDULED,60,1.0
2026-08-15T05:41:05Z,6225S71193C2,6225S,,SCHEDULED,180,3.0
2026-08-15T05:41:05Z,6225S71203C3,6225S,,SCHEDULED,0,0.0
2026-08-15T05:41:05Z,4725S71081C1,4725S,,SCHEDULED,0,0.0
2026-08-15T05:41:05Z,4725S71090C1,4725S,,SCHEDULED,0,0.0
2026-08-15T05:41:05Z,2025S70904C8,2025S,,SCHEDULED,60,1.0
2026-08-15T05:41:05Z,2025S70803C6,2025S,,SCHEDULED,240,4.0
2026-08-15T05:41:05Z,2025S22206C2,2025S,,SCHEDULED,60,1.0
2026-08-15T05:41:05Z,2025S70802C6,2025S,,SCHEDULED,0,0.0
2026-08-15T05:41:05Z,2025S70505C7,2025S,,SCHEDULED,540,9.0
2026-08-15T05:41:05Z,2025S70402C5,2025S,,SCHEDULED,0,0.0
2026-08-15T05:41:05Z,2025S70208C4,2025S,,SCHEDULED,660,11.0
2026-08-15T05:41:05Z,2025S22008C1,2025S,,SCHEDULED,60,1.0
2026-08-15T05:41:05Z,2025S70901C8,2025S,,SCHEDULED,1320,22.0
2026-08-15T05:41:05Z,2025S70203C4,2025S,,SCHEDULED,60,1.0
2026-08-15T05:41:05Z,2025S70405C5,2025S,,SCHEDULED,0,0.0
2026-08-15T05:41:05Z,2025S70506C7,2025S,,SCHEDULED,0,0.0
2026-08-15T05:41:05Z,2025S70853C6,2025S,,SCHEDULED,240,4.0
2026-08-15T05:41:05Z,2025S70206C4,2025S,,SCHEDULED,120,2.0
2026-08-15T05:41:05Z,2025S70852C6,2025S,,SCHEDULED,0,0.0
2026-08-15T05:41:05Z,2025S70855C6,2025S,,SCHEDULED,120,2.0
2026-08-15T05:41:05Z,2025S70800C6,2025S,,SCHEDULED,840,14.0
2026-08-15T05:41:05Z,2025S22007C1,2025S,,SCHEDULED,60,1.0
2026-08-15T05:41:05Z,2025S70850C6,2025S,,SCHEDULED,420,7.0
2026-08-15T05:41:05Z,2025S70251C4,2025S,,SCHEDULED,60,1.0
2026-08-15T05:41:05Z,2025S70250C4,2025S,,SCHEDULED,540,9.0
2026-08-15T05:41:05Z,2025S70757C6,2025S,,SCHEDULED,900,15.0
2026-08-15T05:41:05Z,4125S84904C2,4125S,,SCHEDULED,3900,65.0
2026-08-15T05:41:05Z,4125S24700C1,4125S,,SCHEDULED,1320,22.0
2026-08-15T05:41:05Z,4125S24702C1,4125S,,SCHEDULED,540,9.0
2026-08-15T05:41:05Z,4125S84903C2,4125S,,SCHEDULED,900,15.0
2026-08-15T05:41:05Z,4125S24703C1,4125S,,SCHEDULED,420,7.0
2026-08-15T05:41:05Z,4125S84902C2,4125S,,SCHEDULED,1200,20.0
2026-08-15T05:41:05Z,4125S24751C1,4125S,,SCHEDULED,0,0.0
2026-08-15T05:41:05Z,4525S71703C1,4525S,,SCHEDULED,0,0.0
2026-08-15T05:41:05Z,7025S31504C1,7025S,,SCHEDULED,0,0.0
2026-08-15T05:41:05Z,7025S31505C1,7025S,,SCHEDULED,120,2.0
2026-08-15T05:41:05Z,1025S79525C2,1025S,,SCHEDULED,60,1.0
2026-08-15T05:41:05Z,1025S79807C8a,1025S,,SCHEDULED,360,6.0
2026-08-15T05:41:05Z,1025S79608C10,1025S,,SCHEDULED,60,1.0
2026-08-15T05:41:05Z,1025S79809C8a,1025S,,SCHEDULED,300,5.0
2026-08-15T05:41:05Z,1025S27423C4b,1025S,,SCHEDULED,0,0.0
2026-08-15T05:41:05Z,1025S79230C7,1025S,,SCHEDULED,0,0.0
2026-08-15T05:41:05Z,1025S79231C7,1025S,,SCHEDULED,60,1.0
2026-08-15T05:41:05Z,1025S79234C7,1025S,,SCHEDULED,0,0.0
2026-08-15T05:41:05Z,1025S27220C4a,1025S,,SCHEDULED,180,3.0
2026-08-15T05:41:05Z,1025S79235C7,1025S,,SCHEDULED,360,6.0
2026-08-15T05:41:05Z,1025S79238C7,1025S,,SCHEDULED,0,0.0
2026-08-15T05:41:05Z,1025S27223C4a,1025S,,SCHEDULED,0,0.0
2026-08-15T05:41:05Z,1025S27421C4b,1025S,,SCHEDULED,420,7.0
2026-08-15T05:41:05Z,1025S79513C2,1025S,,SCHEDULED,360,6.0
2026-08-15T05:41:05Z,1025S79953C8b,1025S,,SCHEDULED,180,3.0
2026-08-15T05:41:05Z,1025S27221C4a,1025S,,SCHEDULED,0,0.0
2026-08-15T05:41:05Z,1025S27222C4a,1025S,,SCHEDULED,0,0.0
2026-08-15T05:41:05Z,1025S79239C7,1025S,,SCHEDULED,-60,-1.0
2026-08-15T05:41:05Z,1025S79954C8b,1025S,,SCHEDULED,180,3.0
2026-08-15T05:41:05Z,1025S79957C8b,1025S,,SCHEDULED,0,0.0
2026-08-15T05:41:05Z,1025S79517C2,1025S,,SCHEDULED,0,0.0
2026-08-15T05:41:05Z,1025S79956C8b,1025S,,SCHEDULED,120,2.0
2026-08-15T05:41:05Z,1025S79105C7,1025S,,SCHEDULED,540,9.0
2026-08-15T05:41:05Z,1025S79108C7,1025S,,SCHEDULED,0,0.0
2026-08-15T05:41:05Z,1025S79702C10,1025S,,SCHEDULED,360,6.0
2026-08-15T05:41:05Z,1025S79107C7,1025S,,SCHEDULED,300,5.0
2026-08-15T05:41:05Z,1025S19816C1,1025S,,SCHEDULED,0,0.0
2026-08-15T05:41:05Z,1025S79704C10,1025S,,SCHEDULED,60,1.0
2026-08-15T05:41:05Z,1025S79109C7,1025S,,SCHEDULED,360,6.0
2026-08-15T05:41:05Z,1025S79706C10,1025S,,SCHEDULED,60,1.0
2026-08-15T05:41:05Z,1025S19817C1,1025S,,SCHEDULED,180,3.0
2026-08-15T05:41:05Z,1025S19812C1,1025S,,SCHEDULED,60,1.0
2026-08-15T05:41:05Z,1025S79509C2,1025S,,SCHEDULED,5820,97.0
2026-08-15T05:41:05Z,1025S19814C1,1025S,,SCHEDULED,0,0.0
2026-08-15T05:41:05Z,1025S77001C5,1025S,,SCHEDULED,0,0.0
2026-08-15T05:41:05Z,1025S79222C7,1025S,,SCHEDULED,300,5.0
2026-08-15T05:41:05Z,1025S79104C7,1025S,,SCHEDULED,3540,59.0
2026-08-15T05:41:05Z,1025S79423C2,1025S,,SCHEDULED,0,0.0
2026-08-15T05:41:05Z,1025S77002C5,1025S,,SCHEDULED,0,0.0
2026-08-15T05:41:05Z,1025S79225C7,1025S,,SCHEDULED,60,1.0
2026-08-15T05:41:05Z,1025S77003C5,1025S,,SCHEDULED,-60,-1.0
2026-08-15T05:41:05Z,1025S77004C5,1025S,,SCHEDULED,0,0.0
2026-08-15T05:41:05Z,1025S79106C7,1025S,,SCHEDULED,1560,26.0
2026-08-15T05:41:05Z,1025S19819C1,1025S,,SCHEDULED,0,0.0
2026-08-15T05:41:05Z,1025S27412C4b,1025S,,SCHEDULED,240,4.0
2026-08-15T05:41:05Z,1025S27215C4a,1025S,,SCHEDULED,1320,22.0
2026-08-15T05:41:05Z,1025S27419C4b,1025S,,SCHEDULED,480,8.0
2026-08-15T05:41:05Z,1025S79243C7,1025S,,SCHEDULED,0,0.0
2026-08-15T05:41:05Z,1025S27416C4b,1025S,,SCHEDULED,0,0.0
2026-08-15T05:41:05Z,1025S27218C4a,1025S,,SCHEDULED,60,1.0
2026-08-15T05:41:05Z,1025S27219C4a,1025S,,SCHEDULED,420,7.0
2026-08-15T05:41:05Z,1025S27417C4b,1025S,,SCHEDULED,960,16.0
2026-08-15T05:41:05Z,1025S27010C3,1025S,,SCHEDULED,60,1.0
2026-08-15T05:41:05Z,1025S76373C5,1025S,,SCHEDULED,120,2.0
2026-08-15T05:41:05Z,1025S27011C3,1025S,,SCHEDULED,60,1.0
2026-08-15T05:41:05Z,1025S76210C5,1025S,,SCHEDULED,0,0.0
2026-08-15T05:41:05Z,1025S76694C5,1025S,,SCHEDULED,180,3.0
2026-08-15T05:41:05Z,1025S76375C5,1025S,,SCHEDULED,60,1.0
2026-08-15T05:41:05Z,1025S76211C5,1025S,,SCHEDULED,0,0.0
2026-08-15T05:41:05Z,1025S79521C2,1025S,,SCHEDULED,180,3.0
2026-08-15T05:41:05Z,1025S76696C5,1025S,,SCHEDULED,0,0.0
2026-08-15T05:41:05Z,1025S76377C5,1025S,,SCHEDULED,60,1.0
2026-08-15T05:41:05Z,1025S27410C4b,1025S,,SCHEDULED,240,4.0
2026-08-15T05:41:05Z,1025S76379C5,1025S,,SCHEDULED,120,2.0
2026-08-15T05:41:05Z,1025S27012C3,1025S,,SCHEDULED,360,6.0
2026-08-15T05:41:05Z,1025S27013C3,1025S,,SCHEDULED,0,0.0
2026-08-15T05:41:05Z,1025S27007C3,1025S,,SCHEDULED,240,4.0
2026-08-15T05:41:05Z,1025S27008C3,1025S,,SCHEDULED,300,5.0
2026-08-15T05:41:05Z,1025S76380C5,1025S,,SCHEDULED,120,2.0
2026-08-15T05:41:05Z,1025S76381C5,1025S,,SCHEDULED,0,0.0
2026-08-15T05:41:05Z,1025S27408C4b,1025S,,SCHEDULED,300,5.0
2026-08-15T05:41:05Z,1025S76382C5,1025S,,SCHEDULED,120,2.0
2026-08-15T05:41:05Z,1025S27009C3,1025S,,SCHEDULED,0,0.0
2026-08-15T05:41:05Z,1025S76383C5,1025S,,SCHEDULED,0,0.0
2026-08-15T05:41:05Z,1025S76384C5,1025S,,SCHEDULED,420,7.0
2026-08-15T05:41:05Z,1025S79214C7,1025S,,SCHEDULED,3600,60.0
2026-08-15T05:41:05Z,1025S76386C5,1025S,,SCHEDULED,0,0.0
2026-08-15T05:41:05Z,1025S79610C10,1025S,,SCHEDULED,0,0.0
2026-08-15T05:41:05Z,1025S76388C5,1025S,,SCHEDULED,0,0.0
2026-08-15T05:41:05Z,1025S79812C8a,1025S,,SCHEDULED,0,0.0
2026-08-15T05:41:05Z,1025S79415C2,1025S,,SCHEDULED,60,1.0
2026-08-15T05:41:05Z,1025S76703C5,1025S,,SCHEDULED,420,7.0
2026-08-15T05:41:05Z,1025S79419C2,1025S,,SCHEDULED,120,2.0
2026-08-15T05:41:05Z,1025S76705C5,1025S,,SCHEDULED,0,0.0
2026-08-15T05:41:05Z,1025S27414C4b,1025S,,SCHEDULED,120,2.0
2026-08-15T05:41:05Z,1025S27216C4a,1025S,,SCHEDULED,180,3.0
2026-08-15T05:41:05Z,1025S27415C4b,1025S,,SCHEDULED,480,8.0
