timestamp_utc,trip_id,tren,fecha_tren,estado,retraso_seg,retraso_min
2026-09-12T00:36:04Z,1053S75108C10,1053S,,SCHEDULED,240,4.0
2026-09-12T00:36:04Z,1053S27606C8b,1053S,,SCHEDULED,420,7.0
2026-09-12T00:41:26Z,1053S75108C10,1053S,,SCHEDULED,600,10.0
2026-09-12T00:41:26Z,1053S27606C8b,1053S,,SCHEDULED,720,12.0
2026-09-12T00:46:09Z,1053S75108C10,1053S,,SCHEDULED,900,15.0
2026-09-12T00:46:09Z,1053S27606C8b,1053S,,SCHEDULED,1020,17.0
2026-09-12T01:41:13Z,6053S26578C3,6053S,,SCHEDULED,0,0.0
2026-09-12T01:46:13Z,6053S26578C3,6053S,,SCHEDULED,0,0.0
2026-09-12T01:51:13Z,6053S26578C3,6053S,,SCHEDULED,0,0.0
2026-09-12T01:56:05Z,6053S26578C3,6053S,,SCHEDULED,0,0.0
2026-09-12T02:01:42Z,6053S26578C3,6053S,,SCHEDULED,-60,-1.0
2026-09-12T02:06:19Z,6053S26578C3,6053S,,SCHEDULED,60,1.0
2026-09-12T02:06:19Z,2053S70237C4,2053S,,SCHEDULED,-7080,-118.0
2026-09-12T02:11:14Z,6053S26578C3,6053S,,SCHEDULED,180,3.0
2026-09-12T02:11:14Z,2053S70237C4,2053S,,SCHEDULED,-6780,-113.0
2026-09-12T02:16:12Z,6053S26578C3,6053S,,SCHEDULED,120,2.0
2026-09-12T02:16:12Z,6153S89680C1,6153S,,SCHEDULED,0,0.0
2026-09-12T02:16:12Z,2053S70237C4,2053S,,SCHEDULED,-6480,-108.0
2026-09-12T02:21:11Z,6053S26578C3,6053S,,SCHEDULED,120,2.0
2026-09-12T02:21:11Z,6153S89680C1,6153S,,SCHEDULED,0,0.0
2026-09-12T02:21:11Z,2053S70237C4,2053S,,SCHEDULED,-6180,-103.0
2026-09-12T02:26:05Z,6053S26578C3,6053S,,SCHEDULED,60,1.0
2026-09-12T02:26:05Z,6153S80716C1,6153S,,SCHEDULED,0,0.0
2026-09-12T02:26:05Z,6153S89680C1,6153S,,SCHEDULED,0,0.0
2026-09-12T02:31:39Z,5153S25400R2,5153S,,SCHEDULED,0,0.0
2026-09-12T02:31:39Z,6053S26578C3,6053S,,SCHEDULED,60,1.0
2026-09-12T02:31:39Z,6153S80716C1,6153S,,SCHEDULED,0,0.0
2026-09-12T02:31:39Z,6153S89680C1,6153S,,SCHEDULED,0,0.0
2026-09-12T02:31:39Z,1053S27203C4a,1053S,,SCHEDULED,0,0.0
2026-09-12T02:36:05Z,5153S25400R2,5153S,,SCHEDULED,0,0.0
2026-09-12T02:36:05Z,6053S26578C3,6053S,,SCHEDULED,120,2.0
2026-09-12T02:36:05Z,6153S80716C1,6153S,,SCHEDULED,0,0.0
2026-09-12T02:36:05Z,1053S27205C4a,1053S,,SCHEDULED,0,0.0
2026-09-12T02:36:05Z,1053S27203C4a,1053S,,SCHEDULED,0,0.0
2026-09-12T02:36:05Z,1053S27403C4b,1053S,,SCHEDULED,0,0.0
2026-09-12T02:41:13Z,6053S26578C3,6053S,,SCHEDULED,120,2.0
2026-09-12T02:41:13Z,6153S81700C1,6153S,,SCHEDULED,0,0.0
2026-09-12T02:41:13Z,6153S80716C1,6153S,,SCHEDULED,0,0.0
2026-09-12T02:41:13Z,1053S27205C4a,1053S,,SCHEDULED,0,0.0
2026-09-12T02:41:13Z,1053S27203C4a,1053S,,SCHEDULED,0,0.0
2026-09-12T02:41:13Z,1053S27403C4b,1053S,,SCHEDULED,0,0.0
2026-09-12T02:46:13Z,5153S25400R2,5153S,,SCHEDULED,60,1.0
2026-09-12T02:46:13Z,5153S77504R4,5153S,,SCHEDULED,0,0.0
2026-09-12T02:46:13Z,5153S25702R1,5153S,,SCHEDULED,0,0.0
2026-09-12T02:46:13Z,6053S26501C3,6053S,,SCHEDULED,0,0.0
2026-09-12T02:46:13Z,6053S26578C3,6053S,,SCHEDULED,120,2.0
2026-09-12T02:46:13Z,6053S26500C3,6053S,,SCHEDULED,0,0.0
2026-09-12T02:46:13Z,6153S35663C1,6153S,,SCHEDULED,0,0.0
2026-09-12T02:46:13Z,6153S81700C1,6153S,,SCHEDULED,0,0.0
2026-09-12T02:46:13Z,1053S27205C4a,1053S,,SCHEDULED,0,0.0
2026-09-12T02:46:13Z,1053S27704C5,1053S,,SCHEDULED,0,0.0
2026-09-12T02:46:13Z,1053S27203C4a,1053S,,SCHEDULED,0,0.0
2026-09-12T02:46:13Z,1053S19799C1,1053S,,SCHEDULED,0,0.0
2026-09-12T02:46:13Z,1053S27403C4b,1053S,,SCHEDULED,0,0.0
2026-09-12T02:46:13Z,1053S27000C3,1053S,,SCHEDULED,0,0.0
2026-09-12T02:51:13Z,5153S25400R2,5153S,,SCHEDULED,120,2.0
2026-09-12T02:51:13Z,5153S77504R4,5153S,,SCHEDULED,0,0.0
2026-09-12T02:51:13Z,5153S77600R4,5153S,,SCHEDULED,180,3.0
2026-09-12T02:51:13Z,6053S26501C3,6053S,,SCHEDULED,0,0.0
2026-09-12T02:51:13Z,6053S26578C3,6053S,,SCHEDULED,180,3.0
2026-09-12T02:51:13Z,6053S26500C3,6053S,,SCHEDULED,0,0.0
2026-09-12T02:51:13Z,6153S35688C1,6153S,,SCHEDULED,0,0.0
2026-09-12T02:51:13Z,6153S35663C1,6153S,,SCHEDULED,0,0.0
2026-09-12T02:51:13Z,6153S81700C1,6153S,,SCHEDULED,0,0.0
2026-09-12T02:51:13Z,2053S22101C1,2053S,,SCHEDULED,0,0.0
2026-09-12T02:51:13Z,1053S27205C4a,1053S,,SCHEDULED,0,0.0
2026-09-12T02:51:13Z,1053S27203C4a,1053S,,SCHEDULED,60,1.0
2026-09-12T02:51:13Z,1053S27704C5,1053S,,SCHEDULED,0,0.0
2026-09-12T02:51:13Z,1053S27405C4b,1053S,,SCHEDULED,0,0.0
2026-09-12T02:51:13Z,1053S27001C3,1053S,,SCHEDULED,0,0.0
2026-09-12T02:51:13Z,1053S27403C4b,1053S,,SCHEDULED,0,0.0
2026-09-12T02:51:13Z,1053S27000C3,1053S,,SCHEDULED,0,0.0
2026-09-12T02:51:13Z,1053S19799C1,1053S,,SCHEDULED,0,0.0
2026-09-12T02:56:03Z,5153S25400R2,5153S,,SCHEDULED,180,3.0
2026-09-12T02:56:03Z,5153S77600R4,5153S,,SCHEDULED,60,1.0
2026-09-12T02:56:03Z,6053S26578C3,6053S,,SCHEDULED,180,3.0
2026-09-12T02:56:03Z,6053S29606C1,6053S,,SCHEDULED,0,0.0
2026-09-12T02:56:03Z,6053S26501C3,6053S,,SCHEDULED,0,0.0
2026-09-12T02:56:03Z,6053S26500C3,6053S,,SCHEDULED,0,0.0
2026-09-12T02:56:03Z,6153S35688C1,6153S,,SCHEDULED,0,0.0
2026-09-12T02:56:03Z,6153S35663C1,6153S,,SCHEDULED,0,0.0
2026-09-12T02:56:03Z,6153S81700C1,6153S,,SCHEDULED,0,0.0
2026-09-12T02:56:03Z,2053S22101C1,2053S,,SCHEDULED,0,0.0
2026-09-12T02:56:03Z,1053S27205C4a,1053S,,SCHEDULED,0,0.0
2026-09-12T02:56:03Z,1053S27203C4a,1053S,,SCHEDULED,360,6.0
2026-09-12T02:56:03Z,1053S27704C5,1053S,,SCHEDULED,0,0.0
2026-09-12T02:56:03Z,1053S27405C4b,1053S,,SCHEDULED,0,0.0
2026-09-12T02:56:03Z,1053S27001C3,1053S,,SCHEDULED,0,0.0
2026-09-12T02:56:03Z,1053S27403C4b,1053S,,SCHEDULED,0,0.0
2026-09-12T02:56:03Z,1053S27000C3,1053S,,SCHEDULED,0,0.0
2026-09-12T02:56:03Z,1053S19799C1,1053S,,SCHEDULED,0,0.0
2026-09-12T03:01:43Z,5153S25400R2,5153S,,SCHEDULED,-60,-1.0
2026-09-12T03:01:43Z,5153S77504R4,5153S,,SCHEDULED,-60,-1.0
2026-09-12T03:01:43Z,5153S28250R2S,5153S,,SCHEDULED,0,0.0
2026-09-12T03:01:43Z,6053S26501C3,6053S,,SCHEDULED,0,0.0
2026-09-12T03:01:43Z,6053S29606C1,6053S,,SCHEDULED,0,0.0
2026-09-12T03:01:43Z,6053S26500C3,6053S,,SCHEDULED,120,2.0
2026-09-12T03:01:43Z,6153S35688C1,6153S,,SCHEDULED,0,0.0
2026-09-12T03:01:43Z,6153S35663C1,6153S,,SCHEDULED,0,0.0
2026-09-12T03:01:43Z,2053S22101C1,2053S,,SCHEDULED,0,0.0
2026-09-12T03:01:43Z,1053S27704C5,1053S,,SCHEDULED,0,0.0
2026-09-12T03:01:43Z,1053S27702C5,1053S,,SCHEDULED,0,0.0
2026-09-12T03:01:43Z,1053S27405C4b,1053S,,SCHEDULED,0,0.0
2026-09-12T03:01:43Z,1053S27403C4b,1053S,,SCHEDULED,0,0.0
2026-09-12T03:01:43Z,1053S27202C4,1053S,,SCHEDULED,0,0.0
2026-09-12T03:01:43Z,1053S27205C4a,1053S,,SCHEDULED,0,0.0
2026-09-12T03:01:43Z,1053S27203C4a,1053S,,SCHEDULED,60,1.0
2026-09-12T03:01:43Z,1053S27001C3,1053S,,SCHEDULED,0,0.0
2026-09-12T03:01:43Z,1053S19799C1,1053S,,SCHEDULED,0,0.0
2026-09-12T03:01:43Z,1053S75601C2,1053S,,SCHEDULED,0,0.0
2026-09-12T03:01:43Z,1053S27703C5,1053S,,SCHEDULED,0,0.0
2026-09-12T03:01:43Z,1053S75500C2,1053S,,SCHEDULED,0,0.0
2026-09-12T03:01:43Z,1053S27000C3,1053S,,SCHEDULED,0,0.0
2026-09-12T03:06:09Z,3053S23501C1,3053S,,SCHEDULED,0,0.0
2026-09-12T03:06:09Z,5153S25400R2,5153S,,SCHEDULED,0,0.0
2026-09-12T03:06:09Z,5153S77504R4,5153S,,SCHEDULED,-60,-1.0
2026-09-12T03:06:09Z,5153S77600R4,5153S,,SCHEDULED,0,0.0
2026-09-12T03:06:09Z,5153S25702R1,5153S,,SCHEDULED,120,2.0
2026-09-12T03:06:09Z,5153S28250R2S,5153S,,SCHEDULED,0,0.0
2026-09-12T03:06:09Z,5153S28400R2N,5153S,,SCHEDULED,360,6.0
2026-09-12T03:06:09Z,6053S26502C3,6053S,,SCHEDULED,0,0.0
2026-09-12T03:06:09Z,6053S29606C1,6053S,,SCHEDULED,0,0.0
2026-09-12T03:06:09Z,6053S26501C3,6053S,,SCHEDULED,0,0.0
2026-09-12T03:06:09Z,6053S26500C3,6053S,,SCHEDULED,-60,-1.0
2026-09-12T03:06:09Z,6053S29609C1,6053S,,SCHEDULED,0,0.0
2026-09-12T03:06:09Z,6153S35663C1,6153S,,SCHEDULED,180,3.0
2026-09-12T03:06:09Z,2053S22101C1,2053S,,SCHEDULED,0,0.0
2026-09-12T03:06:09Z,1053S27203C4a,1053S,,SCHEDULED,0,0.0
2026-09-12T03:06:09Z,1053S27704C5,1053S,,SCHEDULED,0,0.0
2026-09-12T03:06:09Z,1053S27702C5,1053S,,SCHEDULED,0,0.0
2026-09-12T03:06:09Z,1053S27405C4b,1053S,,SCHEDULED,0,0.0
2026-09-12T03:06:09Z,1053S27703C5,1053S,,SCHEDULED,0,0.0
2026-09-12T03:06:09Z,1053S27000C3,1053S,,SCHEDULED,0,0.0
2026-09-12T03:06:09Z,1053S27202C4,1053S,,SCHEDULED,0,0.0
2026-09-12T03:06:09Z,1053S27001C3,1053S,,SCHEDULED,0,0.0
2026-09-12T03:06:09Z,1053S75500C2,1053S,,SCHEDULED,0,0.0
2026-09-12T03:06:09Z,1053S27403C4b,1053S,,SCHEDULED,60,1.0
2026-09-12T03:06:09Z,1053S27205C4a,1053S,,SCHEDULED,180,3.0
2026-09-12T03:06:09Z,1053S27206C4,1053S,,SCHEDULED,0,0.0
2026-09-12T03:06:09Z,1053S27706C5,1053S,,SCHEDULED,0,0.0
2026-09-12T03:06:09Z,1053S27409C4b,1053S,,SCHEDULED,0,0.0
2026-09-12T03:06:09Z,1053S19799C1,1053S,,SCHEDULED,0,0.0
2026-09-12T03:06:09Z,1053S75601C2,1053S,,SCHEDULED,0,0.0
2026-09-12T03:11:16Z,3053S23501C1,3053S,,SCHEDULED,0,0.0
2026-09-12T03:11:16Z,5153S28557R2N,5153S,,SCHEDULED,720,12.0
2026-09-12T03:11:16Z,5153S25602R1,5153S,,SCHEDULED,0,0.0
2026-09-12T03:11:16Z,5153S25702R1,5153S,,SCHEDULED,180,3.0
2026-09-12T03:11:16Z,5153S77600R4,5153S,,SCHEDULED,0,0.0
2026-09-12T03:11:16Z,5153S77504R4,5153S,,SCHEDULED,0,0.0
2026-09-12T03:11:16Z,5153S25400R2,5153S,,SCHEDULED,60,1.0
2026-09-12T03:11:16Z,5153S28250R2S,5153S,,SCHEDULED,0,0.0
2026-09-12T03:11:16Z,5153S28400R2N,5153S,,SCHEDULED,480,8.0
2026-09-12T03:11:16Z,6053S26502C3,6053S,,SCHEDULED,0,0.0
2026-09-12T03:11:16Z,6053S29606C1,6053S,,SCHEDULED,120,2.0
2026-09-12T03:11:16Z,6053S26501C3,6053S,,SCHEDULED,60,1.0
2026-09-12T03:11:16Z,6053S26500C3,6053S,,SCHEDULED,60,1.0
2026-09-12T03:11:16Z,6053S29504C2,6053S,,SCHEDULED,0,0.0
2026-09-12T03:11:16Z,6053S29609C1,6053S,,SCHEDULED,0,0.0
2026-09-12T03:11:16Z,6153S35663C1,6153S,,SCHEDULED,120,2.0
2026-09-12T03:11:16Z,2053S22101C1,2053S,,SCHEDULED,0,0.0
2026-09-12T03:11:16Z,1053S27204C4,1053S,,SCHEDULED,0,0.0
2026-09-12T03:11:16Z,1053S27407C4b,1053S,,SCHEDULED,0,0.0
2026-09-12T03:11:16Z,1053S27704C5,1053S,,SCHEDULED,0,0.0
2026-09-12T03:11:16Z,1053S27702C5,1053S,,SCHEDULED,0,0.0
2026-09-12T03:11:16Z,1053S27000C3,1053S,,SCHEDULED,0,0.0
2026-09-12T03:11:16Z,1053S75500C2,1053S,,SCHEDULED,0,0.0
2026-09-12T03:11:16Z,1053S27403C4b,1053S,,SCHEDULED,120,2.0
2026-09-12T03:11:16Z,1053S27205C4a,1053S,,SCHEDULED,60,1.0
2026-09-12T03:11:16Z,1053S27202C4,1053S,,SCHEDULED,0,0.0
2026-09-12T03:11:16Z,1053S27206C4,1053S,,SCHEDULED,0,0.0
2026-09-12T03:11:16Z,1053S27203C4a,1053S,,SCHEDULED,0,0.0
2026-09-12T03:11:16Z,1053S27706C5,1053S,,SCHEDULED,0,0.0
2026-09-12T03:11:16Z,1053S27001C3,1053S,,SCHEDULED,0,0.0
2026-09-12T03:11:16Z,1053S27405C4b,1053S,,SCHEDULED,0,0.0
2026-09-12T03:11:16Z,1053S27409C4b,1053S,,SCHEDULED,0,0.0
2026-09-12T03:11:16Z,1053S19799C1,1053S,,SCHEDULED,0,0.0
2026-09-12T03:11:16Z,1053S75601C2,1053S,,SCHEDULED,0,0.0
2026-09-12T03:11:16Z,1053S27703C5,1053S,,SCHEDULED,0,0.0
2026-09-12T03:16:14Z,3053S23501C1,3053S,,SCHEDULED,0,0.0
2026-09-12T03:16:14Z,4053S80015C3,4053S,,SCHEDULED,0,0.0
2026-09-12T03:16:14Z,5153S28557R2N,5153S,,SCHEDULED,540,9.0
2026-09-12T03:16:14Z,5153S25602R1,5153S,,SCHEDULED,0,0.0
2026-09-12T03:16:14Z,5153S25702R1,5153S,,SCHEDULED,180,3.0
2026-09-12T03:16:14Z,5153S77600R4,5153S,,SCHEDULED,0,0.0
2026-09-12T03:16:14Z,5153S77504R4,5153S,,SCHEDULED,-60,-1.0
2026-09-12T03:16:14Z,5153S25400R2,5153S,,SCHEDULED,120,2.0
2026-09-12T03:16:14Z,5153S28250R2S,5153S,,SCHEDULED,60,1.0
2026-09-12T03:16:14Z,5153S28400R2N,5153S,,SCHEDULED,660,11.0
2026-09-12T03:16:14Z,6053S26501C3,6053S,,SCHEDULED,0,0.0
2026-09-12T03:16:14Z,6053S26502C3,6053S,,SCHEDULED,0,0.0
2026-09-12T03:16:14Z,6053S29606C1,6053S,,SCHEDULED,180,3.0
2026-09-12T03:16:14Z,6053S26503C3,6053S,,SCHEDULED,0,0.0
2026-09-12T03:16:14Z,6053S29504C2,6053S,,SCHEDULED,0,0.0
2026-09-12T03:16:14Z,6053S29609C1,6053S,,SCHEDULED,0,0.0
2026-09-12T03:16:14Z,6153S35663C1,6153S,,SCHEDULED,-60,-1.0
2026-09-12T03:16:14Z,2053S22101C1,2053S,,SCHEDULED,0,0.0
2026-09-12T03:16:14Z,2053S22200C2,2053S,,SCHEDULED,0,0.0
2026-09-12T03:16:14Z,1053S27209C4a,1053S,,SCHEDULED,0,0.0
2026-09-12T03:16:14Z,1053S27407C4b,1053S,,SCHEDULED,0,0.0
2026-09-12T03:16:14Z,1053S27704C5,1053S,,SCHEDULED,0,0.0
2026-09-12T03:16:14Z,1053S75000C8a,1053S,,SCHEDULED,0,0.0
2026-09-12T03:16:14Z,1053S27702C5,1053S,,SCHEDULED,0,0.0
2026-09-12T03:16:14Z,1053S27000C3,1053S,,SCHEDULED,60,1.0
2026-09-12T03:16:14Z,1053S27202C4,1053S,,SCHEDULED,0,0.0
2026-09-12T03:16:14Z,1053S27001C3,1053S,,SCHEDULED,0,0.0
2026-09-12T03:16:14Z,1053S27405C4b,1053S,,SCHEDULED,0,0.0
2026-09-12T03:16:14Z,1053S27901C5,1053S,,SCHEDULED,0,0.0
2026-09-12T03:16:14Z,1053S27703C5,1053S,,SCHEDULED,0,0.0
2026-09-12T03:16:14Z,1053S75500C2,1053S,,SCHEDULED,0,0.0
2026-09-12T03:16:14Z,1053S27403C4b,1053S,,SCHEDULED,120,2.0
2026-09-12T03:16:14Z,1053S27205C4a,1053S,,SCHEDULED,180,3.0
2026-09-12T03:16:14Z,1053S27206C4,1053S,,SCHEDULED,0,0.0
2026-09-12T03:16:14Z,1053S27203C4a,1053S,,SCHEDULED,0,0.0
2026-09-12T03:16:14Z,1053S27204C4,1053S,,SCHEDULED,0,0.0
2026-09-12T03:16:14Z,1053S27706C5,1053S,,SCHEDULED,0,0.0
2026-09-12T03:16:14Z,1053S27409C4b,1053S,,SCHEDULED,0,0.0
2026-09-12T03:16:14Z,1053S19799C1,1053S,,SCHEDULED,0,0.0
2026-09-12T03:16:14Z,1053S75800C7,1053S,,SCHEDULED,0,0.0
2026-09-12T03:16:14Z,1053S75601C2,1053S,,SCHEDULED,300,5.0
2026-09-12T03:21:13Z,3053S23501C1,3053S,,SCHEDULED,60,1.0
2026-09-12T03:21:13Z,4053S24001C2,4053S,,SCHEDULED,0,0.0
2026-09-12T03:21:13Z,4053S80015C3,4053S,,SCHEDULED,0,0.0
2026-09-12T03:21:13Z,4053S24103C2,4053S,,SCHEDULED,0,0.0
2026-09-12T03:21:13Z,5153S25400R2,5153S,,SCHEDULED,120,2.0
2026-09-12T03:21:13Z,5153S28557R2N,5153S,,SCHEDULED,660,11.0
2026-09-12T03:21:13Z,5153S25602R1,5153S,,SCHEDULED,0,0.0
2026-09-12T03:21:13Z,5153S25702R1,5153S,,SCHEDULED,180,3.0
2026-09-12T03:21:13Z,5153S77504R4,5153S,,SCHEDULED,60,1.0
2026-09-12T03:21:13Z,5153S28250R2S,5153S,,SCHEDULED,120,2.0
2026-09-12T03:21:13Z,5153S28400R2N,5153S,,SCHEDULED,540,9.0
2026-09-12T03:21:13Z,5153S15000R15,5153S,,SCHEDULED,0,0.0
2026-09-12T03:21:13Z,5153S77600R4,5153S,,SCHEDULED,0,0.0
2026-09-12T03:21:13Z,6053S26501C3,6053S,,SCHEDULED,120,2.0
2026-09-12T03:21:13Z,6053S26500C3,6053S,,SCHEDULED,120,2.0
2026-09-12T03:21:13Z,6053S26502C3,6053S,,SCHEDULED,0,0.0
2026-09-12T03:21:13Z,6053S29606C1,6053S,,SCHEDULED,180,3.0
2026-09-12T03:21:13Z,6053S26503C3,6053S,,SCHEDULED,0,0.0
2026-09-12T03:21:13Z,6053S29609C1,6053S,,SCHEDULED,60,1.0
2026-09-12T03:21:13Z,6053S29504C2,6053S,,SCHEDULED,0,0.0
2026-09-12T03:21:13Z,6153S35663C1,6153S,,SCHEDULED,0,0.0
2026-09-12T03:21:13Z,2053S22200C2,2053S,,SCHEDULED,0,0.0
2026-09-12T03:21:13Z,2053S22101C1,2053S,,SCHEDULED,120,2.0
2026-09-12T03:21:13Z,1053S27702C5,1053S,,SCHEDULED,0,0.0
2026-09-12T03:21:13Z,1053S27405C4b,1053S,,SCHEDULED,120,2.0
2026-09-12T03:21:13Z,1053S27901C5,1053S,,SCHEDULED,0,0.0
2026-09-12T03:21:13Z,1053S27703C5,1053S,,SCHEDULED,0,0.0
2026-09-12T03:21:13Z,1053S27704C5,1053S,,SCHEDULED,60,1.0
2026-09-12T03:21:13Z,1053S75000C8a,1053S,,SCHEDULED,0,0.0
2026-09-12T03:21:13Z,1053S27207C4a,1053S,,SCHEDULED,0,0.0
2026-09-12T03:21:13Z,1053S27001C3,1053S,,SCHEDULED,0,0.0
2026-09-12T03:21:13Z,1053S19800C1,1053S,,SCHEDULED,0,0.0
2026-09-12T03:21:13Z,1053S19799C1,1053S,,SCHEDULED,120,2.0
2026-09-12T03:21:13Z,1053S27403C4b,1053S,,SCHEDULED,240,4.0
2026-09-12T03:21:13Z,1053S27210C4a,1053S,,SCHEDULED,0,0.0
2026-09-12T03:21:13Z,1053S27205C4a,1053S,,SCHEDULED,120,2.0
2026-09-12T03:21:13Z,1053S27000C3,1053S,,SCHEDULED,0,0.0
2026-09-12T03:21:13Z,1053S27206C4,1053S,,SCHEDULED,180,3.0
2026-09-12T03:21:13Z,1053S27203C4a,1053S,,SCHEDULED,240,4.0
2026-09-12T03:21:13Z,1053S27204C4,1053S,,SCHEDULED,0,0.0
2026-09-12T03:21:13Z,1053S27209C4a,1053S,,SCHEDULED,0,0.0
2026-09-12T03:21:13Z,1053S27407C4b,1053S,,SCHEDULED,0,0.0
2026-09-12T03:21:13Z,1053S27708C5,1053S,,SCHEDULED,0,0.0
2026-09-12T03:21:13Z,1053S27706C5,1053S,,SCHEDULED,0,0.0
2026-09-12T03:21:13Z,1053S27409C4b,1053S,,SCHEDULED,0,0.0
2026-09-12T03:21:13Z,1053S75800C7,1053S,,SCHEDULED,0,0.0
2026-09-12T03:21:13Z,1053S75601C2,1053S,,SCHEDULED,600,10.0
2026-09-12T03:21:13Z,1053S75500C2,1053S,,SCHEDULED,0,0.0
2026-09-12T03:21:13Z,1053S27003C3,1053S,,SCHEDULED,0,0.0
2026-09-12T03:21:13Z,1053S27202C4,1053S,,SCHEDULED,0,0.0
2026-09-12T03:26:09Z,3053S23501C1,3053S,,SCHEDULED,60,1.0
2026-09-12T03:26:09Z,3253S23303C1,3253S,,SCHEDULED,0,0.0
2026-09-12T03:26:09Z,4053S24001C2,4053S,,SCHEDULED,0,0.0
2026-09-12T03:26:09Z,4053S80015C3,4053S,,SCHEDULED,0,0.0
2026-09-12T03:26:09Z,4053S24103C2,4053S,,SCHEDULED,0,0.0
2026-09-12T03:26:09Z,5153S25400R2,5153S,,SCHEDULED,120,2.0
2026-09-12T03:26:09Z,5153S28556R2N,5153S,,SCHEDULED,0,0.0
2026-09-12T03:26:09Z,5153S28557R2N,5153S,,SCHEDULED,660,11.0
2026-09-12T03:26:09Z,5153S25602R1,5153S,,SCHEDULED,120,2.0
2026-09-12T03:26:09Z,5153S25702R1,5153S,,SCHEDULED,240,4.0
2026-09-12T03:26:09Z,5153S25604R1,5153S,,SCHEDULED,0,0.0
2026-09-12T03:26:09Z,5153S77600R4,5153S,,SCHEDULED,-60,-1.0
2026-09-12T03:26:09Z,5153S15000R15,5153S,,SCHEDULED,0,0.0
2026-09-12T03:26:09Z,5153S77504R4,5153S,,SCHEDULED,-60,-1.0
2026-09-12T03:26:09Z,5153S28264R2S,5153S,,SCHEDULED,0,0.0
2026-09-12T03:26:09Z,5153S28250R2S,5153S,,SCHEDULED,180,3.0
2026-09-12T03:26:09Z,5153S28400R2N,5153S,,SCHEDULED,600,10.0
2026-09-12T03:26:09Z,6053S26500C3,6053S,,SCHEDULED,120,2.0
2026-09-12T03:26:09Z,6053S26502C3,6053S,,SCHEDULED,0,0.0
2026-09-12T03:26:09Z,6053S29606C1,6053S,,SCHEDULED,240,4.0
2026-09-12T03:26:09Z,6053S29504C2,6053S,,SCHEDULED,120,2.0
2026-09-12T03:26:09Z,6053S26503C3,6053S,,SCHEDULED,0,0.0
2026-09-12T03:26:09Z,6053S29609C1,6053S,,SCHEDULED,180,3.0
2026-09-12T03:26:09Z,2053S22101C1,2053S,,SCHEDULED,0,0.0
2026-09-12T03:26:09Z,2053S22200C2,2053S,,SCHEDULED,0,0.0
2026-09-12T03:26:09Z,1053S27705C5,1053S,,SCHEDULED,0,0.0
2026-09-12T03:26:09Z,1053S75000C8a,1053S,,SCHEDULED,0,0.0
2026-09-12T03:26:09Z,1053S27207C4a,1053S,,SCHEDULED,0,0.0
2026-09-12T03:26:09Z,1053S27702C5,1053S,,SCHEDULED,0,0.0
2026-09-12T03:26:09Z,1053S27405C4b,1053S,,SCHEDULED,60,1.0
2026-09-12T03:26:09Z,1053S27205C4a,1053S,,SCHEDULED,240,4.0
2026-09-12T03:26:09Z,1053S27901C5,1053S,,SCHEDULED,0,0.0
2026-09-12T03:26:09Z,1053S27703C5,1053S,,SCHEDULED,180,3.0
2026-09-12T03:26:09Z,1053S27404C4b,1053S,,SCHEDULED,0,0.0
2026-09-12T03:26:09Z,1053S27000C3,1053S,,SCHEDULED,60,1.0
2026-09-12T03:26:09Z,1053S27206C4,1053S,,SCHEDULED,480,8.0
2026-09-12T03:26:09Z,1053S27203C4a,1053S,,SCHEDULED,120,2.0
2026-09-12T03:26:09Z,1053S27003C3,1053S,,SCHEDULED,0,0.0
2026-09-12T03:26:09Z,1053S27204C4,1053S,,SCHEDULED,0,0.0
2026-09-12T03:26:09Z,1053S27209C4a,1053S,,SCHEDULED,0,0.0
2026-09-12T03:26:09Z,1053S27202C4,1053S,,SCHEDULED,0,0.0
2026-09-12T03:26:09Z,1053S27407C4b,1053S,,SCHEDULED,0,0.0
2026-09-12T03:26:09Z,1053S27704C5,1053S,,SCHEDULED,0,0.0
2026-09-12T03:26:09Z,1053S27001C3,1053S,,SCHEDULED,300,5.0
2026-09-12T03:26:09Z,1053S27708C5,1053S,,SCHEDULED,0,0.0
2026-09-12T03:26:09Z,1053S27706C5,1053S,,SCHEDULED,0,0.0
2026-09-12T03:26:09Z,1053S27002C3,1053S,,SCHEDULED,0,0.0
2026-09-12T03:26:09Z,1053S27409C4b,1053S,,SCHEDULED,0,0.0
2026-09-12T03:26:09Z,1053S75603C2,1053S,,SCHEDULED,0,0.0
2026-09-12T03:26:09Z,1053S75800C7,1053S,,SCHEDULED,0,0.0
2026-09-12T03:26:09Z,1053S75601C2,1053S,,SCHEDULED,900,15.0
2026-09-12T03:26:09Z,1053S19800C1,1053S,,SCHEDULED,0,0.0
2026-09-12T03:26:09Z,1053S19799C1,1053S,,SCHEDULED,0,0.0
2026-09-12T03:26:09Z,1053S27411C4b,1053S,,SCHEDULED,0,0.0
2026-09-12T03:26:09Z,1053S75500C2,1053S,,SCHEDULED,0,0.0
2026-09-12T03:26:09Z,1053S27210C4a,1053S,,SCHEDULED,0,0.0
2026-09-12T03:26:09Z,1053S27403C4b,1053S,,SCHEDULED,360,6.0
2026-09-12T03:31:29Z,3053S23501C1,3053S,,SCHEDULED,60,1.0
2026-09-12T03:31:29Z,3253S23303C1,3253S,,SCHEDULED,60,1.0
2026-09-12T03:31:29Z,4053S24001C2,4053S,,SCHEDULED,0,0.0
2026-09-12T03:31:29Z,4053S80015C3,4053S,,SCHEDULED,0,0.0
2026-09-12T03:31:29Z,4053S24103C2,4053S,,SCHEDULED,0,0.0
2026-09-12T03:31:29Z,5153S25400R2,5153S,,SCHEDULED,60,1.0
2026-09-12T03:31:29Z,5153S28556R2N,5153S,,SCHEDULED,0,0.0
2026-09-12T03:31:29Z,5153S25604R1,5153S,,SCHEDULED,0,0.0
2026-09-12T03:31:29Z,5153S28402R2N,5153S,,SCHEDULED,60,1.0
2026-09-12T03:31:29Z,5153S28557R2N,5153S,,SCHEDULED,540,9.0
2026-09-12T03:31:29Z,5153S25602R1,5153S,,SCHEDULED,240,4.0
2026-09-12T03:31:29Z,5153S25702R1,5153S,,SCHEDULED,360,6.0
2026-09-12T03:31:29Z,5153S18120R16,5153S,,SCHEDULED,0,0.0
2026-09-12T03:31:29Z,5153S77600R4,5153S,,SCHEDULED,-60,-1.0
2026-09-12T03:31:29Z,5153S77504R4,5153S,,SCHEDULED,60,1.0
2026-09-12T03:31:29Z,5153S15000R15,5153S,,SCHEDULED,0,0.0
2026-09-12T03:31:29Z,5153S28250R2S,5153S,,SCHEDULED,-60,-1.0
2026-09-12T03:31:29Z,5153S28264R2S,5153S,,SCHEDULED,0,0.0
2026-09-12T03:31:29Z,5153S28263R2S,5153S,,SCHEDULED,60,1.0
2026-09-12T03:31:29Z,5153S28400R2N,5153S,,SCHEDULED,780,13.0
2026-09-12T03:31:29Z,6053S26501C3,6053S,,SCHEDULED,-60,-1.0
2026-09-12T03:31:29Z,6053S26502C3,6053S,,SCHEDULED,60,1.0
2026-09-12T03:31:29Z,6053S29606C1,6053S,,SCHEDULED,300,5.0
2026-09-12T03:31:29Z,6053S26503C3,6053S,,SCHEDULED,0,0.0
2026-09-12T03:31:29Z,6053S26500C3,6053S,,SCHEDULED,60,1.0
2026-09-12T03:31:29Z,6053S29504C2,6053S,,SCHEDULED,120,2.0
2026-09-12T03:31:29Z,6053S29609C1,6053S,,SCHEDULED,240,4.0
2026-09-12T03:31:29Z,6153S35663C1,6153S,,SCHEDULED,0,0.0
2026-09-12T03:31:29Z,6253S71152C2,6253S,,SCHEDULED,0,0.0
2026-09-12T03:31:29Z,2053S22200C2,2053S,,SCHEDULED,0,0.0
2026-09-12T03:31:29Z,1053S27702C5,1053S,,SCHEDULED,120,2.0
2026-09-12T03:31:29Z,1053S27405C4b,1053S,,SCHEDULED,120,2.0
2026-09-12T03:31:29Z,1053S27901C5,1053S,,SCHEDULED,0,0.0
2026-09-12T03:31:29Z,1053S27703C5,1053S,,SCHEDULED,0,0.0
2026-09-12T03:31:29Z,1053S27000C3,1053S,,SCHEDULED,300,5.0
2026-09-12T03:31:29Z,1053S27704C5,1053S,,SCHEDULED,0,0.0
2026-09-12T03:31:29Z,1053S27705C5,1053S,,SCHEDULED,0,0.0
2026-09-12T03:31:29Z,1053S75000C8a,1053S,,SCHEDULED,0,0.0
2026-09-12T03:31:29Z,1053S27207C4a,1053S,,SCHEDULED,0,0.0
2026-09-12T03:31:29Z,1053S19800C1,1053S,,SCHEDULED,0,0.0
2026-09-12T03:31:29Z,1053S19803C1,1053S,,SCHEDULED,0,0.0
2026-09-12T03:31:29Z,1053S19799C1,1053S,,SCHEDULED,60,1.0
2026-09-12T03:31:29Z,1053S27411C4b,1053S,,SCHEDULED,0,0.0
2026-09-12T03:31:29Z,1053S27210C4a,1053S,,SCHEDULED,0,0.0
2026-09-12T03:31:29Z,1053S27003C3,1053S,,SCHEDULED,0,0.0
2026-09-12T03:31:29Z,1053S27202C4,1053S,,SCHEDULED,120,2.0
2026-09-12T03:31:29Z,1053S27001C3,1053S,,SCHEDULED,60,1.0
2026-09-12T03:31:29Z,1053S27002C3,1053S,,SCHEDULED,0,0.0
2026-09-12T03:31:29Z,1053S27403C4b,1053S,,SCHEDULED,660,11.0
2026-09-12T03:31:29Z,1053S27404C4b,1053S,,SCHEDULED,0,0.0
2026-09-12T03:31:29Z,1053S27206C4,1053S,,SCHEDULED,780,13.0
2026-09-12T03:31:29Z,1053S27203C4a,1053S,,SCHEDULED,240,4.0
2026-09-12T03:31:29Z,1053S27402C4,1053S,,SCHEDULED,0,0.0
2026-09-12T03:31:29Z,1053S27204C4,1053S,,SCHEDULED,0,0.0
2026-09-12T03:31:29Z,1053S27209C4a,1053S,,SCHEDULED,0,0.0
2026-09-12T03:31:29Z,1053S27407C4b,1053S,,SCHEDULED,0,0.0
2026-09-12T03:31:29Z,1053S27708C5,1053S,,SCHEDULED,0,0.0
2026-09-12T03:31:29Z,1053S27706C5,1053S,,SCHEDULED,0,0.0
2026-09-12T03:31:29Z,1053S27409C4b,1053S,,SCHEDULED,0,0.0
2026-09-12T03:31:29Z,1053S75603C2,1053S,,SCHEDULED,0,0.0
2026-09-12T03:31:29Z,1053S75800C7,1053S,,SCHEDULED,0,0.0
2026-09-12T03:31:29Z,1053S75502C2,1053S,,SCHEDULED,0,0.0
2026-09-12T03:31:29Z,1053S75601C2,1053S,,SCHEDULED,60,1.0
2026-09-12T03:31:29Z,1053S75500C2,1053S,,SCHEDULED,180,3.0
2026-09-12T03:36:08Z,3053S23501C1,3053S,,SCHEDULED,0,0.0
2026-09-12T03:36:08Z,4053S24001C2,4053S,,SCHEDULED,0,0.0
2026-09-12T03:36:08Z,4053S24103C2,4053S,,SCHEDULED,0,0.0
2026-09-12T03:36:08Z,4053S80015C3,4053S,,SCHEDULED,0,0.0
2026-09-12T03:36:08Z,5153S25400R2,5153S,,SCHEDULED,120,2.0
2026-09-12T03:36:08Z,5153S28556R2N,5153S,,SCHEDULED,0,0.0
2026-09-12T03:36:08Z,5153S28402R2N,5153S,,SCHEDULED,0,0.0
2026-09-12T03:36:08Z,5153S25702R1,5153S,,SCHEDULED,360,6.0
2026-09-12T03:36:08Z,5153S28557R2N,5153S,,SCHEDULED,660,11.0
2026-09-12T03:36:08Z,5153S77600R4,5153S,,SCHEDULED,-60,-1.0
2026-09-12T03:36:08Z,5153S77504R4,5153S,,SCHEDULED,120,2.0
2026-09-12T03:36:08Z,5153S18120R16,5153S,,SCHEDULED,0,0.0
2026-09-12T03:36:08Z,5153S28250R2S,5153S,,SCHEDULED,0,0.0
2026-09-12T03:36:08Z,5153S28264R2S,5153S,,SCHEDULED,-60,-1.0
2026-09-12T03:36:08Z,5153S15000R15,5153S,,SCHEDULED,0,0.0
2026-09-12T03:36:08Z,5153S28263R2S,5153S,,SCHEDULED,-180,-3.0
2026-09-12T03:36:08Z,5153S25602R1,5153S,,SCHEDULED,240,4.0
2026-09-12T03:36:08Z,5153S28400R2N,5153S,,SCHEDULED,780,13.0
2026-09-12T03:36:08Z,5153S25604R1,5153S,,SCHEDULED,0,0.0
2026-09-12T03:36:08Z,6053S26501C3,6053S,,SCHEDULED,-60,-1.0
2026-09-12T03:36:08Z,6053S26504C3,6053S,,SCHEDULED,0,0.0
2026-09-12T03:36:08Z,6053S26503C3,6053S,,SCHEDULED,0,0.0
2026-09-12T03:36:08Z,6053S29507C2,6053S,,SCHEDULED,0,0.0
2026-09-12T03:36:08Z,6053S29504C2,6053S,,SCHEDULED,180,3.0
2026-09-12T03:36:08Z,6053S26502C3,6053S,,SCHEDULED,-60,-1.0
2026-09-12T03:36:08Z,6053S29609C1,6053S,,SCHEDULED,240,4.0
2026-09-12T03:36:08Z,6053S26500C3,6053S,,SCHEDULED,120,2.0
2026-09-12T03:36:08Z,6153S81702C1,6153S,,SCHEDULED,0,0.0
2026-09-12T03:36:08Z,6153S35663C1,6153S,,SCHEDULED,0,0.0
2026-09-12T03:36:08Z,6253S71152C2,6253S,,SCHEDULED,0,0.0
2026-09-12T03:36:08Z,4753S71080C1,4753S,,SCHEDULED,0,0.0
2026-09-12T03:36:08Z,2053S22101C1,2053S,,SCHEDULED,180,3.0
2026-09-12T03:36:08Z,2053S22200C2,2053S,,SCHEDULED,0,0.0
2026-09-12T03:36:08Z,1053S27207C4a,1053S,,SCHEDULED,0,0.0
2026-09-12T03:36:08Z,1053S27702C5,1053S,,SCHEDULED,420,7.0
2026-09-12T03:36:08Z,1053S27405C4b,1053S,,SCHEDULED,60,1.0
2026-09-12T03:36:08Z,1053S27208C4,1053S,,SCHEDULED,0,0.0
2026-09-12T03:36:08Z,1053S27901C5,1053S,,SCHEDULED,0,0.0
2026-09-12T03:36:08Z,1053S27703C5,1053S,,SCHEDULED,60,1.0
2026-09-12T03:36:08Z,1053S27000C3,1053S,,SCHEDULED,60,1.0
2026-09-12T03:36:08Z,1053S27003C3,1053S,,SCHEDULED,0,0.0
2026-09-12T03:36:08Z,1053S27202C4,1053S,,SCHEDULED,420,7.0
2026-09-12T03:36:08Z,1053S27404C4b,1053S,,SCHEDULED,0,0.0
2026-09-12T03:36:08Z,1053S27206C4,1053S,,SCHEDULED,60,1.0
2026-09-12T03:36:08Z,1053S27402C4,1053S,,SCHEDULED,0,0.0
2026-09-12T03:36:08Z,1053S27204C4,1053S,,SCHEDULED,0,0.0
2026-09-12T03:36:08Z,1053S27209C4a,1053S,,SCHEDULED,0,0.0
2026-09-12T03:36:08Z,1053S27407C4b,1053S,,SCHEDULED,0,0.0
2026-09-12T03:36:08Z,1053S27704C5,1053S,,SCHEDULED,60,1.0
2026-09-12T03:36:08Z,1053S27705C5,1053S,,SCHEDULED,0,0.0
2026-09-12T03:36:08Z,1053S75000C8a,1053S,,SCHEDULED,0,0.0
2026-09-12T03:36:08Z,1053S27708C5,1053S,,SCHEDULED,0,0.0
2026-09-12T03:36:08Z,1053S27706C5,1053S,,SCHEDULED,0,0.0
2026-09-12T03:36:08Z,1053S27409C4b,1053S,,SCHEDULED,180,3.0
2026-09-12T03:36:08Z,1053S75603C2,1053S,,SCHEDULED,0,0.0
2026-09-12T03:36:08Z,1053S75800C7,1053S,,SCHEDULED,0,0.0
2026-09-12T03:36:08Z,1053S75502C2,1053S,,SCHEDULED,0,0.0
2026-09-12T03:36:08Z,1053S75601C2,1053S,,SCHEDULED,360,6.0
2026-09-12T03:36:08Z,1053S75500C2,1053S,,SCHEDULED,180,3.0
2026-09-12T03:36:08Z,1053S75811C7,1053S,,SCHEDULED,0,0.0
2026-09-12T03:36:08Z,1053S27710C5,1053S,,SCHEDULED,0,0.0
2026-09-12T03:36:08Z,1053S27411C4b,1053S,,SCHEDULED,0,0.0
2026-09-12T03:36:08Z,1053S27210C4a,1053S,,SCHEDULED,180,3.0
2026-09-12T03:36:08Z,1053S27211C4a,1053S,,SCHEDULED,0,0.0
2026-09-12T03:36:08Z,1053S27001C3,1053S,,SCHEDULED,60,1.0
2026-09-12T03:36:08Z,1053S27002C3,1053S,,SCHEDULED,0,0.0
2026-09-12T03:36:08Z,1053S19800C1,1053S,,SCHEDULED,0,0.0
2026-09-12T03:36:08Z,1053S19803C1,1053S,,SCHEDULED,0,0.0
2026-09-12T03:36:08Z,1053S19799C1,1053S,,SCHEDULED,60,1.0
2026-09-12T03:41:18Z,3053S23501C1,3053S,,SCHEDULED,0,0.0
2026-09-12T03:41:18Z,3053S23502C1,3053S,,SCHEDULED,0,0.0
2026-09-12T03:41:18Z,3253S23303C1,3253S,,SCHEDULED,0,0.0
2026-09-12T03:41:18Z,4053S24002C2,4053S,,SCHEDULED,0,0.0
2026-09-12T03:41:18Z,4053S24103C2,4053S,,SCHEDULED,0,0.0
2026-09-12T03:41:18Z,4053S24001C2,4053S,,SCHEDULED,240,4.0
2026-09-12T03:41:18Z,5153S25604R1,5153S,,SCHEDULED,0,0.0
2026-09-12T03:41:18Z,5153S25702R1,5153S,,SCHEDULED,360,6.0
2026-09-12T03:41:18Z,5153S28264R2S,5153S,,SCHEDULED,60,1.0
2026-09-12T03:41:18Z,5153S28263R2S,5153S,,SCHEDULED,0,0.0
2026-09-12T03:41:18Z,5153S28400R2N,5153S,,SCHEDULED,780,13.0
2026-09-12T03:41:18Z,5153S77600R4,5153S,,SCHEDULED,-60,-1.0
2026-09-12T03:41:18Z,5153S77504R4,5153S,,SCHEDULED,120,2.0
2026-09-12T03:41:18Z,5153S35518R3,5153S,,SCHEDULED,0,0.0
2026-09-12T03:41:18Z,5153S28250R2S,5153S,,SCHEDULED,60,1.0
2026-09-12T03:41:18Z,5153S28404R2N,5153S,,SCHEDULED,-60,-1.0
2026-09-12T03:41:18Z,5153S25400R2,5153S,,SCHEDULED,120,2.0
2026-09-12T03:41:18Z,5153S28556R2N,5153S,,SCHEDULED,0,0.0
2026-09-12T03:41:18Z,5153S28402R2N,5153S,,SCHEDULED,60,1.0
2026-09-12T03:41:18Z,5153S25602R1,5153S,,SCHEDULED,120,2.0
2026-09-12T03:41:18Z,5153S18120R16,5153S,,SCHEDULED,0,0.0
2026-09-12T03:41:18Z,5153S15772R11,5153S,,SCHEDULED,0,0.0
2026-09-12T03:41:18Z,5153S15000R15,5153S,,SCHEDULED,0,0.0
2026-09-12T03:41:18Z,6053S26501C3,6053S,,SCHEDULED,60,1.0
2026-09-12T03:41:18Z,6053S26504C3,6053S,,SCHEDULED,0,0.0
2026-09-12T03:41:18Z,6053S26503C3,6053S,,SCHEDULED,60,1.0
2026-09-12T03:41:18Z,6053S29507C2,6053S,,SCHEDULED,0,0.0
2026-09-12T03:41:18Z,6053S29504C2,6053S,,SCHEDULED,180,3.0
2026-09-12T03:41:18Z,6053S26502C3,6053S,,SCHEDULED,0,0.0
2026-09-12T03:41:18Z,6053S29609C1,6053S,,SCHEDULED,300,5.0
2026-09-12T03:41:18Z,6053S26500C3,6053S,,SCHEDULED,180,3.0
2026-09-12T03:41:18Z,6153S81702C1,6153S,,SCHEDULED,0,0.0
2026-09-12T03:41:18Z,6153S35663C1,6153S,,SCHEDULED,0,0.0
2026-09-12T03:41:18Z,6253S71152C2,6253S,,SCHEDULED,0,0.0
2026-09-12T03:41:18Z,4753S71080C1,4753S,,SCHEDULED,0,0.0
2026-09-12T03:41:18Z,2053S22004C1,2053S,,SCHEDULED,0,0.0
2026-09-12T03:41:18Z,2053S22200C2,2053S,,SCHEDULED,0,0.0
2026-09-12T03:41:18Z,1053S75000C8a,1053S,,SCHEDULED,0,0.0
2026-09-12T03:41:18Z,1053S27207C4a,1053S,,SCHEDULED,0,0.0
2026-09-12T03:41:18Z,1053S27702C5,1053S,,SCHEDULED,720,12.0
2026-09-12T03:41:18Z,1053S27405C4b,1053S,,SCHEDULED,60,1.0
2026-09-12T03:41:18Z,1053S27208C4,1053S,,SCHEDULED,0,0.0
2026-09-12T03:41:18Z,1053S27901C5,1053S,,SCHEDULED,0,0.0
2026-09-12T03:41:18Z,1053S27703C5,1053S,,SCHEDULED,0,0.0
2026-09-12T03:41:18Z,1053S27000C3,1053S,,SCHEDULED,180,3.0
2026-09-12T03:41:18Z,1053S27003C3,1053S,,SCHEDULED,0,0.0
2026-09-12T03:41:18Z,1053S27202C4,1053S,,SCHEDULED,720,12.0
2026-09-12T03:41:18Z,1053S27001C3,1053S,,SCHEDULED,60,1.0
2026-09-12T03:41:18Z,1053S27002C3,1053S,,SCHEDULED,0,0.0
2026-09-12T03:41:18Z,1053S19800C1,1053S,,SCHEDULED,0,0.0
2026-09-12T03:41:18Z,1053S19803C1,1053S,,SCHEDULED,0,0.0
2026-09-12T03:41:18Z,1053S19799C1,1053S,,SCHEDULED,60,1.0
2026-09-12T03:41:18Z,1053S75811C7,1053S,,SCHEDULED,0,0.0
2026-09-12T03:41:18Z,1053S27710C5,1053S,,SCHEDULED,0,0.0
2026-09-12T03:41:18Z,1053S27411C4b,1053S,,SCHEDULED,0,0.0
2026-09-12T03:41:18Z,1053S27210C4a,1053S,,SCHEDULED,480,8.0
2026-09-12T03:41:18Z,1053S27211C4a,1053S,,SCHEDULED,0,0.0
2026-09-12T03:41:18Z,1053S27205C4a,1053S,,SCHEDULED,540,9.0
2026-09-12T03:41:18Z,1053S27404C4b,1053S,,SCHEDULED,300,5.0
2026-09-12T03:41:18Z,1053S27206C4,1053S,,SCHEDULED,60,1.0
2026-09-12T03:41:18Z,1053S75002C8a,1053S,,SCHEDULED,0,0.0
2026-09-12T03:41:18Z,1053S27402C4,1053S,,SCHEDULED,0,0.0
2026-09-12T03:41:18Z,1053S27204C4,1053S,,SCHEDULED,180,3.0
2026-09-12T03:41:18Z,1053S27209C4a,1053S,,SCHEDULED,0,0.0
2026-09-12T03:41:18Z,1053S27407C4b,1053S,,SCHEDULED,0,0.0
2026-09-12T03:41:18Z,1053S27704C5,1053S,,SCHEDULED,0,0.0
2026-09-12T03:41:18Z,1053S27705C5,1053S,,SCHEDULED,0,0.0
2026-09-12T03:41:18Z,1053S27708C5,1053S,,SCHEDULED,0,0.0
2026-09-12T03:41:18Z,1053S75804C7,1053S,,SCHEDULED,0,0.0
2026-09-12T03:41:18Z,1053S27409C4b,1053S,,SCHEDULED,480,8.0
2026-09-12T03:41:18Z,1053S27706C5,1053S,,SCHEDULED,0,0.0
2026-09-12T03:41:18Z,1053S27707C5,1053S,,SCHEDULED,0,0.0
2026-09-12T03:41:18Z,1053S75603C2,1053S,,SCHEDULED,0,0.0
2026-09-12T03:41:18Z,1053S75800C7,1053S,,SCHEDULED,0,0.0
2026-09-12T03:41:18Z,1053S75502C2,1053S,,SCHEDULED,0,0.0
2026-09-12T03:41:18Z,1053S75601C2,1053S,,SCHEDULED,180,3.0
2026-09-12T03:41:18Z,1053S75500C2,1053S,,SCHEDULED,300,5.0
2026-09-12T03:46:19Z,3053S23502C1,3053S,,SCHEDULED,0,0.0
2026-09-12T03:46:19Z,3053S23501C1,3053S,,SCHEDULED,-60,-1.0
2026-09-12T03:46:19Z,3253S23303C1,3253S,,SCHEDULED,120,2.0
2026-09-12T03:46:19Z,4053S24001C2,4053S,,SCHEDULED,120,2.0
2026-09-12T03:46:19Z,4053S24103C2,4053S,,SCHEDULED,0,0.0
2026-09-12T03:46:19Z,4053S24002C2,4053S,,SCHEDULED,0,0.0
2026-09-12T03:46:19Z,5153S18120R16,5153S,,SCHEDULED,0,0.0
2026-09-12T03:46:19Z,5153S15772R11,5153S,,SCHEDULED,0,0.0
2026-09-12T03:46:19Z,5153S25604R1,5153S,,SCHEDULED,0,0.0
2026-09-12T03:46:19Z,5153S25702R1,5153S,,SCHEDULED,1020,17.0
2026-09-12T03:46:19Z,5153S28404R2N,5153S,,SCHEDULED,0,0.0
2026-09-12T03:46:19Z,5153S35518R3,5153S,,SCHEDULED,0,0.0
2026-09-12T03:46:19Z,5153S28402R2N,5153S,,SCHEDULED,120,2.0
2026-09-12T03:46:19Z,5153S28250R2S,5153S,,SCHEDULED,60,1.0
2026-09-12T03:46:19Z,5153S28264R2S,5153S,,SCHEDULED,120,2.0
2026-09-12T03:46:19Z,5153S25400R2,5153S,,SCHEDULED,120,2.0
2026-09-12T03:46:19Z,5153S77600R4,5153S,,SCHEDULED,0,0.0
2026-09-12T03:46:19Z,5153S25602R1,5153S,,SCHEDULED,180,3.0
2026-09-12T03:46:19Z,5153S28263R2S,5153S,,SCHEDULED,60,1.0
2026-09-12T03:46:19Z,5153S77504R4,5153S,,SCHEDULED,60,1.0
2026-09-12T03:46:19Z,5153S28400R2N,5153S,,SCHEDULED,540,9.0
2026-09-12T03:46:19Z,5153S77508R4,5153S,,SCHEDULED,0,0.0
2026-09-12T03:46:19Z,6053S26500C3,6053S,,SCHEDULED,240,4.0
2026-09-12T03:46:19Z,6053S26502C3,6053S,,SCHEDULED,-60,-1.0
2026-09-12T03:46:19Z,6053S26501C3,6053S,,SCHEDULED,60,1.0
2026-09-12T03:46:19Z,6053S26503C3,6053S,,SCHEDULED,0,0.0
2026-09-12T03:46:19Z,6053S29504C2,6053S,,SCHEDULED,180,3.0
2026-09-12T03:46:19Z,6053S29507C2,6053S,,SCHEDULED,0,0.0
2026-09-12T03:46:19Z,6053S26504C3,6053S,,SCHEDULED,0,0.0
2026-09-12T03:46:19Z,6053S71503C4,6053S,,SCHEDULED,0,0.0
2026-09-12T03:46:19Z,6053S71500C4,6053S,,SCHEDULED,0,0.0
2026-09-12T03:46:19Z,6153S35688C1,6153S,,SCHEDULED,0,0.0
2026-09-12T03:46:19Z,6153S35612C1,6153S,,SCHEDULED,0,0.0
2026-09-12T03:46:19Z,6153S81702C1,6153S,,SCHEDULED,0,0.0
2026-09-12T03:46:19Z,6153S35663C1,6153S,,SCHEDULED,60,1.0
2026-09-12T03:46:19Z,6253S71152C2,6253S,,SCHEDULED,0,0.0
2026-09-12T03:46:19Z,4753S71080C1,4753S,,SCHEDULED,0,0.0
2026-09-12T03:46:19Z,2053S22101C1,2053S,,SCHEDULED,480,8.0
2026-09-12T03:46:19Z,2053S22004C1,2053S,,SCHEDULED,0,0.0
2026-09-12T03:46:19Z,2053S22200C2,2053S,,SCHEDULED,60,1.0
2026-09-12T03:46:19Z,2053S22002C1,2053S,,SCHEDULED,0,0.0
2026-09-12T03:46:19Z,1053S27207C4a,1053S,,SCHEDULED,0,0.0
2026-09-12T03:46:19Z,1053S27702C5,1053S,,SCHEDULED,1020,17.0
2026-09-12T03:46:19Z,1053S27405C4b,1053S,,SCHEDULED,120,2.0
2026-09-12T03:46:19Z,1053S27406C4b,1053S,,SCHEDULED,0,0.0
2026-09-12T03:46:19Z,1053S27208C4,1053S,,SCHEDULED,0,0.0
2026-09-12T03:46:19Z,1053S27901C5,1053S,,SCHEDULED,60,1.0
2026-09-12T03:46:19Z,1053S27703C5,1053S,,SCHEDULED,0,0.0
2026-09-12T03:46:19Z,1053S27000C3,1053S,,SCHEDULED,120,2.0
2026-09-12T03:46:19Z,1053S27003C3,1053S,,SCHEDULED,0,0.0
2026-09-12T03:46:19Z,1053S27202C4,1053S,,SCHEDULED,1020,17.0
2026-09-12T03:46:19Z,1053S27001C3,1053S,,SCHEDULED,60,1.0
2026-09-12T03:46:19Z,1053S27710C5,1053S,,SCHEDULED,0,0.0
2026-09-12T03:46:19Z,1053S27212C4a,1053S,,SCHEDULED,0,0.0
2026-09-12T03:46:19Z,1053S27411C4b,1053S,,SCHEDULED,0,0.0
2026-09-12T03:46:19Z,1053S27210C4a,1053S,,SCHEDULED,780,13.0
2026-09-12T03:46:19Z,1053S27211C4a,1053S,,SCHEDULED,0,0.0
2026-09-12T03:46:19Z,1053S75809C7,1053S,,SCHEDULED,0,0.0
2026-09-12T03:46:19Z,1053S27002C3,1053S,,SCHEDULED,0,0.0
2026-09-12T03:46:19Z,1053S19805C1,1053S,,SCHEDULED,0,0.0
2026-09-12T03:46:19Z,1053S19800C1,1053S,,SCHEDULED,0,0.0
2026-09-12T03:46:19Z,1053S19803C1,1053S,,SCHEDULED,-60,-1.0
2026-09-12T03:46:19Z,1053S75811C7,1053S,,SCHEDULED,0,0.0
2026-09-12T03:46:19Z,1053S27413C4b,1053S,,SCHEDULED,0,0.0
2026-09-12T03:46:19Z,1053S75500C2,1053S,,SCHEDULED,240,4.0
2026-09-12T03:46:19Z,1053S27205C4a,1053S,,SCHEDULED,420,7.0
2026-09-12T03:46:19Z,1053S27404C4b,1053S,,SCHEDULED,600,10.0
2026-09-12T03:46:19Z,1053S27206C4,1053S,,SCHEDULED,180,3.0
2026-09-12T03:46:19Z,1053S75002C8a,1053S,,SCHEDULED,0,0.0
2026-09-12T03:46:19Z,1053S27402C4,1053S,,SCHEDULED,-60,-1.0
2026-09-12T03:46:19Z,1053S27204C4,1053S,,SCHEDULED,420,7.0
2026-09-12T03:46:19Z,1053S27209C4a,1053S,,SCHEDULED,180,3.0
2026-09-12T03:46:19Z,1053S27407C4b,1053S,,SCHEDULED,180,3.0
2026-09-12T03:46:19Z,1053S27704C5,1053S,,SCHEDULED,0,0.0
2026-09-12T03:46:19Z,1053S27705C5,1053S,,SCHEDULED,0,0.0
2026-09-12T03:46:19Z,1053S75000C8a,1053S,,SCHEDULED,300,5.0
2026-09-12T03:46:19Z,1053S27708C5,1053S,,SCHEDULED,0,0.0
2026-09-12T03:46:19Z,1053S75804C7,1053S,,SCHEDULED,60,1.0
2026-09-12T03:46:19Z,1053S27409C4b,1053S,,SCHEDULED,720,12.0
2026-09-12T03:46:19Z,1053S27706C5,1053S,,SCHEDULED,0,0.0
2026-09-12T03:46:19Z,1053S75802C7,1053S,,SCHEDULED,0,0.0
2026-09-12T03:46:19Z,1053S27707C5,1053S,,SCHEDULED,0,0.0
2026-09-12T03:46:19Z,1053S75603C2,1053S,,SCHEDULED,0,0.0
2026-09-12T03:46:19Z,1053S75800C7,1053S,,SCHEDULED,60,1.0
2026-09-12T03:46:19Z,1053S75502C2,1053S,,SCHEDULED,0,0.0
2026-09-12T03:46:19Z,1053S75601C2,1053S,,SCHEDULED,240,4.0
2026-09-12T03:46:19Z,1053S75104C10,1053S,,SCHEDULED,0,0.0
2026-09-12T03:51:13Z,3053S23501C1,3053S,,SCHEDULED,60,1.0
2026-09-12T03:51:13Z,3053S23502C1,3053S,,SCHEDULED,0,0.0
2026-09-12T03:51:13Z,3253S23303C1,3253S,,SCHEDULED,60,1.0
2026-09-12T03:51:13Z,4053S84004C2,4053S,,SCHEDULED,0,0.0
2026-09-12T03:51:13Z,4053S24001C2,4053S,,SCHEDULED,180,3.0
2026-09-12T03:51:13Z,4053S24002C2,4053S,,SCHEDULED,0,0.0
2026-09-12T03:51:13Z,4053S24103C2,4053S,,SCHEDULED,0,0.0
2026-09-12T03:51:13Z,5153S28404R2N,5153S,,SCHEDULED,60,1.0
2026-09-12T03:51:13Z,5153S28402R2N,5153S,,SCHEDULED,240,4.0
2026-09-12T03:51:13Z,5153S28264R2S,5153S,,SCHEDULED,0,0.0
2026-09-12T03:51:13Z,5153S28263R2S,5153S,,SCHEDULED,-60,-1.0
2026-09-12T03:51:13Z,5153S18120R16,5153S,,SCHEDULED,0,0.0
2026-09-12T03:51:13Z,5153S15772R11,5153S,,SCHEDULED,0,0.0
2026-09-12T03:51:13Z,5153S18121R16,5153S,,SCHEDULED,120,2.0
2026-09-12T03:51:13Z,5153S77600R4,5153S,,SCHEDULED,60,1.0
2026-09-12T03:51:13Z,5153S77504R4,5153S,,SCHEDULED,-60,-1.0
2026-09-12T03:51:13Z,5153S77508R4,5153S,,SCHEDULED,0,0.0
2026-09-12T03:51:13Z,5153S77400R4,5153S,,SCHEDULED,0,0.0
2026-09-12T03:51:13Z,5153S28400R2N,5153S,,SCHEDULED,600,10.0
2026-09-12T03:51:13Z,5153S25601R1,5153S,,SCHEDULED,60,1.0
2026-09-12T03:51:13Z,5153S25604R1,5153S,,SCHEDULED,180,3.0
2026-09-12T03:51:13Z,5153S25702R1,5153S,,SCHEDULED,1020,17.0
2026-09-12T03:51:13Z,5153S35518R3,5153S,,SCHEDULED,-180,-3.0
2026-09-12T03:51:13Z,5153S15000R15,5153S,,SCHEDULED,-60,-1.0
2026-09-12T03:51:13Z,5153S25400R2,5153S,,SCHEDULED,180,3.0
2026-09-12T03:51:13Z,5153S28556R2N,5153S,,SCHEDULED,480,8.0
2026-09-12T03:51:13Z,5153S25602R1,5153S,,SCHEDULED,240,4.0
2026-09-12T03:51:13Z,5153S28250R2S,5153S,,SCHEDULED,180,3.0
2026-09-12T03:51:13Z,6053S26502C3,6053S,,SCHEDULED,60,1.0
2026-09-12T03:51:13Z,6053S26501C3,6053S,,SCHEDULED,60,1.0
2026-09-12T03:51:13Z,6053S26503C3,6053S,,SCHEDULED,120,2.0
2026-09-12T03:51:13Z,6053S29507C2,6053S,,SCHEDULED,120,2.0
2026-09-12T03:51:13Z,6053S26504C3,6053S,,SCHEDULED,0,0.0
2026-09-12T03:51:13Z,6053S26500C3,6053S,,SCHEDULED,240,4.0
2026-09-12T03:51:13Z,6053S29504C2,6053S,,SCHEDULED,180,3.0
2026-09-12T03:51:13Z,6053S71503C4,6053S,,SCHEDULED,0,0.0
2026-09-12T03:51:13Z,6053S71500C4,6053S,,SCHEDULED,0,0.0
2026-09-12T03:51:13Z,6153S35663C1,6153S,,SCHEDULED,0,0.0
2026-09-12T03:51:13Z,6153S35688C1,6153S,,SCHEDULED,-60,-1.0
2026-09-12T03:51:13Z,6153S81769C1,6153S,,SCHEDULED,0,0.0
2026-09-12T03:51:13Z,6153S81702C1,6153S,,SCHEDULED,0,0.0
2026-09-12T03:51:13Z,6153S35612C1,6153S,,SCHEDULED,0,0.0
2026-09-12T03:51:13Z,6253S71152C2,6253S,,SCHEDULED,360,6.0
2026-09-12T03:51:13Z,4753S71080C1,4753S,,SCHEDULED,0,0.0
2026-09-12T03:51:13Z,2053S22101C1,2053S,,SCHEDULED,360,6.0
2026-09-12T03:51:13Z,2053S22004C1,2053S,,SCHEDULED,0,0.0
2026-09-12T03:51:13Z,2053S22202C2,2053S,,SCHEDULED,0,0.0
2026-09-12T03:51:13Z,2053S22002C1,2053S,,SCHEDULED,0,0.0
2026-09-12T03:51:13Z,2053S22200C2,2053S,,SCHEDULED,60,1.0
2026-09-12T03:51:13Z,2053S70508C7,2053S,,SCHEDULED,0,0.0
2026-09-12T03:51:13Z,1053S75811C7,1053S,,SCHEDULED,0,0.0
2026-09-12T03:51:13Z,1053S27413C4b,1053S,,SCHEDULED,0,0.0
2026-09-12T03:51:13Z,1053S27212C4a,1053S,,SCHEDULED,0,0.0
2026-09-12T03:51:13Z,1053S27411C4b,1053S,,SCHEDULED,0,0.0
2026-09-12T03:51:13Z,1053S27210C4a,1053S,,SCHEDULED,60,1.0
2026-09-12T03:51:13Z,1053S27211C4a,1053S,,SCHEDULED,0,0.0
2026-09-12T03:51:13Z,1053S75809C7,1053S,,SCHEDULED,0,0.0
2026-09-12T03:51:13Z,1053S27708C5,1053S,,SCHEDULED,60,1.0
2026-09-12T03:51:13Z,1053S27706C5,1053S,,SCHEDULED,0,0.0
2026-09-12T03:51:13Z,1053S27707C5,1053S,,SCHEDULED,0,0.0
2026-09-12T03:51:13Z,1053S75502C2,1053S,,SCHEDULED,0,0.0
2026-09-12T03:51:13Z,1053S75302C10,1053S,,SCHEDULED,0,0.0
2026-09-12T03:51:13Z,1053S27703C5,1053S,,SCHEDULED,0,0.0
2026-09-12T03:51:13Z,1053S19805C1,1053S,,SCHEDULED,0,0.0
2026-09-12T03:51:13Z,1053S19800C1,1053S,,SCHEDULED,60,1.0
2026-09-12T03:51:13Z,1053S19803C1,1053S,,SCHEDULED,240,4.0
2026-09-12T03:51:13Z,1053S19802C1,1053S,,SCHEDULED,0,0.0
2026-09-12T03:51:13Z,1053S27712C5,1053S,,SCHEDULED,0,0.0
2026-09-12T03:51:13Z,1053S27710C5,1053S,,SCHEDULED,0,0.0
2026-09-12T03:51:13Z,1053S75104C10,1053S,,SCHEDULED,60,1.0
2026-09-12T03:51:13Z,1053S27704C5,1053S,,SCHEDULED,300,5.0
2026-09-12T03:51:13Z,1053S27705C5,1053S,,SCHEDULED,0,0.0
2026-09-12T03:51:13Z,1053S27702C5,1053S,,SCHEDULED,1320,22.0
2026-09-12T03:51:13Z,1053S27901C5,1053S,,SCHEDULED,360,6.0
2026-09-12T03:51:13Z,1053S27204C4,1053S,,SCHEDULED,720,12.0
2026-09-12T03:51:13Z,1053S27209C4a,1053S,,SCHEDULED,420,7.0
2026-09-12T03:51:13Z,1053S27407C4b,1053S,,SCHEDULED,180,3.0
2026-09-12T03:51:13Z,1053S75000C8a,1053S,,SCHEDULED,420,7.0
2026-09-12T03:51:13Z,1053S27207C4a,1053S,,SCHEDULED,0,0.0
2026-09-12T03:51:13Z,1053S27405C4b,1053S,,SCHEDULED,240,4.0
2026-09-12T03:51:13Z,1053S27406C4b,1053S,,SCHEDULED,0,0.0
2026-09-12T03:51:13Z,1053S27208C4,1053S,,SCHEDULED,0,0.0
2026-09-12T03:51:13Z,1053S27000C3,1053S,,SCHEDULED,120,2.0
2026-09-12T03:51:13Z,1053S27003C3,1053S,,SCHEDULED,0,0.0
2026-09-12T03:51:13Z,1053S27202C4,1053S,,SCHEDULED,1260,21.0
2026-09-12T03:51:13Z,1053S27001C3,1053S,,SCHEDULED,240,4.0
2026-09-12T03:51:13Z,1053S27002C3,1053S,,SCHEDULED,0,0.0
2026-09-12T03:51:13Z,1053S75804C7,1053S,,SCHEDULED,360,6.0
2026-09-12T03:51:13Z,1053S27409C4b,1053S,,SCHEDULED,660,11.0
2026-09-12T03:51:13Z,1053S75802C7,1053S,,SCHEDULED,0,0.0
2026-09-12T03:51:13Z,1053S75603C2,1053S,,SCHEDULED,0,0.0
2026-09-12T03:51:13Z,1053S75800C7,1053S,,SCHEDULED,360,6.0
2026-09-12T03:51:13Z,1053S75601C2,1053S,,SCHEDULED,0,0.0
2026-09-12T03:51:13Z,1053S27205C4a,1053S,,SCHEDULED,240,4.0
2026-09-12T03:51:13Z,1053S27404C4b,1053S,,SCHEDULED,900,15.0
2026-09-12T03:51:13Z,1053S27206C4,1053S,,SCHEDULED,180,3.0
2026-09-12T03:51:13Z,1053S27005C3,1053S,,SCHEDULED,0,0.0
2026-09-12T03:51:13Z,1053S75002C8a,1053S,,SCHEDULED,0,0.0
2026-09-12T03:51:13Z,1053S27402C4,1053S,,SCHEDULED,240,4.0
2026-09-12T03:56:04Z,3053S23501C1,3053S,,SCHEDULED,120,2.0
2026-09-12T03:56:04Z,3053S23502C1,3053S,,SCHEDULED,0,0.0
2026-09-12T03:56:04Z,3253S23303C1,3253S,,SCHEDULED,0,0.0
2026-09-12T03:56:04Z,3253S23302C1,3253S,,SCHEDULED,0,0.0
2026-09-12T03:56:04Z,4053S24002C2,4053S,,SCHEDULED,60,1.0
2026-09-12T03:56:04Z,4053S24103C2,4053S,,SCHEDULED,0,0.0
2026-09-12T03:56:04Z,4053S24003C2,4053S,,SCHEDULED,0,0.0
2026-09-12T03:56:04Z,4053S84004C2,4053S,,SCHEDULED,0,0.0
2026-09-12T03:56:04Z,4053S24001C2,4053S,,SCHEDULED,180,3.0
2026-09-12T03:56:04Z,5153S35516R3,5153S,,SCHEDULED,60,1.0
2026-09-12T03:56:04Z,5153S18120R16,5153S,,SCHEDULED,0,0.0
2026-09-12T03:56:04Z,5153S15772R11,5153S,,SCHEDULED,0,0.0
2026-09-12T03:56:04Z,5153S18121R16,5153S,,SCHEDULED,-60,-1.0
2026-09-12T03:56:04Z,5153S28404R2N,5153S,,SCHEDULED,-60,-1.0
2026-09-12T03:56:04Z,5153S28402R2N,5153S,,SCHEDULED,300,5.0
2026-09-12T03:56:04Z,5153S77600R4,5153S,,SCHEDULED,180,3.0
2026-09-12T03:56:04Z,5153S77404R4,5153S,,SCHEDULED,0,0.0
2026-09-12T03:56:04Z,5153S77504R4,5153S,,SCHEDULED,-120,-2.0
2026-09-12T03:56:04Z,5153S77508R4,5153S,,SCHEDULED,0,0.0
2026-09-12T03:56:04Z,5153S28264R2S,5153S,,SCHEDULED,-60,-1.0
2026-09-12T03:56:04Z,5153S28263R2S,5153S,,SCHEDULED,120,2.0
2026-09-12T03:56:04Z,5153S77400R4,5153S,,SCHEDULED,60,1.0
2026-09-12T03:56:04Z,5153S25602R1,5153S,,SCHEDULED,420,7.0
2026-09-12T03:56:04Z,5153S28400R2N,5153S,,SCHEDULED,660,11.0
2026-09-12T03:56:04Z,5153S25601R1,5153S,,SCHEDULED,60,1.0
2026-09-12T03:56:04Z,5153S25606R1,5153S,,SCHEDULED,-60,-1.0
2026-09-12T03:56:04Z,5153S25604R1,5153S,,SCHEDULED,180,3.0
2026-09-12T03:56:04Z,5153S15000R15,5153S,,SCHEDULED,0,0.0
2026-09-12T03:56:04Z,5153S25400R2,5153S,,SCHEDULED,180,3.0
2026-09-12T03:56:04Z,5153S25402R2N,5153S,,SCHEDULED,0,0.0
2026-09-12T03:56:04Z,5153S25501R2S,5153S,,SCHEDULED,240,4.0
2026-09-12T03:56:04Z,5153S28250R2S,5153S,,SCHEDULED,300,5.0
2026-09-12T03:56:04Z,6053S26501C3,6053S,,SCHEDULED,60,1.0
2026-09-12T03:56:04Z,6053S29608C1,6053S,,SCHEDULED,0,0.0
2026-09-12T03:56:04Z,6053S26503C3,6053S,,SCHEDULED,-60,-1.0
2026-09-12T03:56:04Z,6053S29507C2,6053S,,SCHEDULED,120,2.0
2026-09-12T03:56:04Z,6053S26504C3,6053S,,SCHEDULED,60,1.0
2026-09-12T03:56:04Z,6053S26500C3,6053S,,SCHEDULED,300,5.0
2026-09-12T03:56:04Z,6053S29504C2,6053S,,SCHEDULED,240,4.0
2026-09-12T03:56:04Z,6053S26502C3,6053S,,SCHEDULED,-60,-1.0
2026-09-12T03:56:04Z,6053S71503C4,6053S,,SCHEDULED,0,0.0
2026-09-12T03:56:04Z,6053S71500C4,6053S,,SCHEDULED,0,0.0
2026-09-12T03:56:04Z,6153S35688C1,6153S,,SCHEDULED,-60,-1.0
2026-09-12T03:56:04Z,6153S35663C1,6153S,,SCHEDULED,-60,-1.0
2026-09-12T03:56:04Z,6153S35612C1,6153S,,SCHEDULED,0,0.0
2026-09-12T03:56:04Z,6153S81769C1,6153S,,SCHEDULED,0,0.0
2026-09-12T03:56:04Z,6153S35613C1,6153S,,SCHEDULED,0,0.0
2026-09-12T03:56:04Z,4753S71080C1,4753S,,SCHEDULED,0,0.0
2026-09-12T03:56:04Z,2053S22002C1,2053S,,SCHEDULED,120,2.0
2026-09-12T03:56:04Z,2053S22200C2,2053S,,SCHEDULED,0,0.0
2026-09-12T03:56:04Z,2053S70508C7,2053S,,SCHEDULED,0,0.0
2026-09-12T03:56:04Z,2053S22004C1,2053S,,SCHEDULED,0,0.0
2026-09-12T03:56:04Z,2053S22202C2,2053S,,SCHEDULED,0,0.0
2026-09-12T03:56:04Z,2053S22101C1,2053S,,SCHEDULED,360,6.0
2026-09-12T03:56:04Z,4553S71701C1,4553S,,SCHEDULED,0,0.0
2026-09-12T03:56:04Z,1053S27209C4a,1053S,,SCHEDULED,420,7.0
2026-09-12T03:56:04Z,1053S27407C4b,1053S,,SCHEDULED,60,1.0
2026-09-12T03:56:04Z,1053S75000C8a,1053S,,SCHEDULED,480,8.0
2026-09-12T03:56:04Z,1053S75811C7,1053S,,SCHEDULED,0,0.0
2026-09-12T03:56:04Z,1053S27413C4b,1053S,,SCHEDULED,0,0.0
2026-09-12T03:56:04Z,1053S27207C4a,1053S,,SCHEDULED,300,5.0
2026-09-12T03:56:04Z,1053S27405C4b,1053S,,SCHEDULED,540,9.0
2026-09-12T03:56:04Z,1053S27406C4b,1053S,,SCHEDULED,0,0.0
2026-09-12T03:56:04Z,1053S27212C4a,1053S,,SCHEDULED,0,0.0
2026-09-12T03:56:04Z,1053S27208C4,1053S,,SCHEDULED,0,0.0
2026-09-12T03:56:04Z,1053S27213C4a,1053S,,SCHEDULED,0,0.0
2026-09-12T03:56:04Z,1053S27411C4b,1053S,,SCHEDULED,120,2.0
2026-09-12T03:56:04Z,1053S27210C4a,1053S,,SCHEDULED,0,0.0
2026-09-12T03:56:04Z,1053S27000C3,1053S,,SCHEDULED,60,1.0
2026-09-12T03:56:04Z,1053S27211C4a,1053S,,SCHEDULED,0,0.0
2026-09-12T03:56:04Z,1053S27003C3,1053S,,SCHEDULED,300,5.0
2026-09-12T03:56:04Z,1053S75809C7,1053S,,SCHEDULED,0,0.0
2026-09-12T03:56:04Z,1053S27708C5,1053S,,SCHEDULED,0,0.0
2026-09-12T03:56:04Z,1053S27004C3,1053S,,SCHEDULED,0,0.0
2026-09-12T03:56:04Z,1053S27709C5,1053S,,SCHEDULED,0,0.0
2026-09-12T03:56:04Z,1053S27706C5,1053S,,SCHEDULED,0,0.0
2026-09-12T03:56:04Z,1053S27001C3,1053S,,SCHEDULED,0,0.0
2026-09-12T03:56:04Z,1053S27707C5,1053S,,SCHEDULED,0,0.0
2026-09-12T03:56:04Z,1053S27002C3,1053S,,SCHEDULED,60,1.0
2026-09-12T03:56:04Z,1053S75804C7,1053S,,SCHEDULED,600,10.0
2026-09-12T03:56:04Z,1053S75502C2,1053S,,SCHEDULED,0,0.0
2026-09-12T03:56:04Z,1053S27703C5,1053S,,SCHEDULED,0,0.0
2026-09-12T03:56:04Z,1053S27409C4b,1053S,,SCHEDULED,780,13.0
2026-09-12T03:56:04Z,1053S75802C7,1053S,,SCHEDULED,0,0.0
2026-09-12T03:56:04Z,1053S75603C2,1053S,,SCHEDULED,0,0.0
2026-09-12T03:56:04Z,1053S19805C1,1053S,,SCHEDULED,0,0.0
2026-09-12T03:56:04Z,1053S75800C7,1053S,,SCHEDULED,600,10.0
2026-09-12T03:56:04Z,1053S75601C2,1053S,,SCHEDULED,0,0.0
2026-09-12T03:56:04Z,1053S19800C1,1053S,,SCHEDULED,120,2.0
2026-09-12T03:56:04Z,1053S27205C4a,1053S,,SCHEDULED,300,5.0
2026-09-12T03:56:04Z,1053S19803C1,1053S,,SCHEDULED,480,8.0
2026-09-12T03:56:04Z,1053S27404C4b,1053S,,SCHEDULED,120,2.0
2026-09-12T03:56:04Z,1053S19802C1,1053S,,SCHEDULED,0,0.0
2026-09-12T03:56:04Z,1053S27712C5,1053S,,SCHEDULED,0,0.0
2026-09-12T03:56:04Z,1053S27206C4,1053S,,SCHEDULED,480,8.0
2026-09-12T03:56:04Z,1053S27710C5,1053S,,SCHEDULED,0,0.0
2026-09-12T03:56:04Z,1053S27005C3,1053S,,SCHEDULED,0,0.0
2026-09-12T03:56:04Z,1053S75302C10,1053S,,SCHEDULED,0,0.0
2026-09-12T03:56:04Z,1053S75002C8a,1053S,,SCHEDULED,0,0.0
2026-09-12T03:56:04Z,1053S75104C10,1053S,,SCHEDULED,360,6.0
2026-09-12T03:56:04Z,1053S27704C5,1053S,,SCHEDULED,0,0.0
2026-09-12T03:56:04Z,1053S27402C4,1053S,,SCHEDULED,540,9.0
2026-09-12T03:56:04Z,1053S27705C5,1053S,,SCHEDULED,60,1.0
2026-09-12T03:56:04Z,1053S27702C5,1053S,,SCHEDULED,0,0.0
2026-09-12T03:56:04Z,1053S27901C5,1053S,,SCHEDULED,60,1.0
2026-09-12T03:56:04Z,1053S27204C4,1053S,,SCHEDULED,1020,17.0
2026-09-12T04:01:43Z,3053S23501C1,3053S,,SCHEDULED,240,4.0
2026-09-12T04:01:43Z,3053S23506C1,3053S,,SCHEDULED,0,0.0
2026-09-12T04:01:43Z,3053S23502C1,3053S,,SCHEDULED,0,0.0
2026-09-12T04:01:43Z,3253S23303C1,3253S,,SCHEDULED,60,1.0
2026-09-12T04:01:43Z,3253S23305C1,3253S,,SCHEDULED,0,0.0
2026-09-12T04:01:43Z,3253S23302C1,3253S,,SCHEDULED,0,0.0
2026-09-12T04:01:43Z,4053S24002C2,4053S,,SCHEDULED,0,0.0
2026-09-12T04:01:43Z,4053S84004C2,4053S,,SCHEDULED,0,0.0
2026-09-12T04:01:43Z,4053S24001C2,4053S,,SCHEDULED,180,3.0
2026-09-12T04:01:43Z,4053S24003C2,4053S,,SCHEDULED,0,0.0
2026-09-12T04:01:43Z,5153S25602R1,5153S,,SCHEDULED,420,7.0
2026-09-12T04:01:43Z,5153S25502R2S,5153S,,SCHEDULED,-120,-2.0
2026-09-12T04:01:43Z,5153S18121R16,5153S,,SCHEDULED,-60,-1.0
2026-09-12T04:01:43Z,5153S25601R1,5153S,,SCHEDULED,0,0.0
2026-09-12T04:01:43Z,5153S28404R2N,5153S,,SCHEDULED,0,0.0
2026-09-12T04:01:43Z,5153S25604R1,5153S,,SCHEDULED,240,4.0
2026-09-12T04:01:43Z,5153S28402R2N,5153S,,SCHEDULED,240,4.0
2026-09-12T04:01:43Z,5153S25702R1,5153S,,SCHEDULED,1500,25.0
2026-09-12T04:01:43Z,5153S35516R3,5153S,,SCHEDULED,120,2.0
2026-09-12T04:01:43Z,5153S35518R3,5153S,,SCHEDULED,180,3.0
2026-09-12T04:01:43Z,5153S15772R11,5153S,,SCHEDULED,0,0.0
2026-09-12T04:01:43Z,5153S77600R4,5153S,,SCHEDULED,60,1.0
2026-09-12T04:01:43Z,5153S77404R4,5153S,,SCHEDULED,-60,-1.0
2026-09-12T04:01:43Z,5153S28250R2S,5153S,,SCHEDULED,180,3.0
2026-09-12T04:01:43Z,5153S77504R4,5153S,,SCHEDULED,60,1.0
2026-09-12T04:01:43Z,5153S25606R1,5153S,,SCHEDULED,-60,-1.0
2026-09-12T04:01:43Z,5153S15000R15,5153S,,SCHEDULED,60,1.0
2026-09-12T04:01:43Z,5153S25400R2,5153S,,SCHEDULED,180,3.0
2026-09-12T04:01:43Z,5153S25402R2N,5153S,,SCHEDULED,0,0.0
2026-09-12T04:01:43Z,5153S25501R2S,5153S,,SCHEDULED,0,0.0
2026-09-12T04:01:43Z,5153S28556R2N,5153S,,SCHEDULED,780,13.0
2026-09-12T04:01:43Z,5153S28264R2S,5153S,,SCHEDULED,60,1.0
2026-09-12T04:01:43Z,5153S28263R2S,5153S,,SCHEDULED,60,1.0
2026-09-12T04:01:43Z,5153S77400R4,5153S,,SCHEDULED,-60,-1.0
2026-09-12T04:01:43Z,5153S28400R2N,5153S,,SCHEDULED,660,11.0
2026-09-12T04:01:43Z,6053S29608C1,6053S,,SCHEDULED,0,0.0
2026-09-12T04:01:43Z,6053S26504C3,6053S,,SCHEDULED,60,1.0
2026-09-12T04:01:43Z,6053S26501C3,6053S,,SCHEDULED,0,0.0
2026-09-12T04:01:43Z,6053S29507C2,6053S,,SCHEDULED,180,3.0
2026-09-12T04:01:43Z,6053S26505C3,6053S,,SCHEDULED,0,0.0
2026-09-12T04:01:43Z,6053S26500C3,6053S,,SCHEDULED,300,5.0
2026-09-12T04:01:43Z,6053S29504C2,6053S,,SCHEDULED,360,6.0
2026-09-12T04:01:43Z,6053S26502C3,6053S,,SCHEDULED,60,1.0
2026-09-12T04:01:43Z,6053S71500C4,6053S,,SCHEDULED,0,0.0
2026-09-12T04:01:43Z,6153S35663C1,6153S,,SCHEDULED,180,3.0
2026-09-12T04:01:43Z,6153S35613C1,6153S,,SCHEDULED,0,0.0
2026-09-12T04:01:43Z,6153S35612C1,6153S,,SCHEDULED,0,0.0
2026-09-12T04:01:43Z,6153S81769C1,6153S,,SCHEDULED,0,0.0
2026-09-12T04:01:43Z,6253S71152C2,6253S,,SCHEDULED,300,5.0
2026-09-12T04:01:43Z,4753S71080C1,4753S,,SCHEDULED,0,0.0
2026-09-12T04:01:43Z,2053S22201C2,2053S,,SCHEDULED,0,0.0
2026-09-12T04:01:43Z,2053S22200C2,2053S,,SCHEDULED,0,0.0
2026-09-12T04:01:43Z,2053S22004C1,2053S,,SCHEDULED,120,2.0
2026-09-12T04:01:43Z,2053S22202C2,2053S,,SCHEDULED,0,0.0
2026-09-12T04:01:43Z,2053S70508C7,2053S,,SCHEDULED,0,0.0
2026-09-12T04:01:43Z,2053S22002C1,2053S,,SCHEDULED,480,8.0
2026-09-12T04:01:43Z,2053S70204C4,2053S,,SCHEDULED,0,0.0
2026-09-12T04:01:43Z,4153S24703C1,4153S,,SCHEDULED,0,0.0
2026-09-12T04:01:43Z,4553S71701C1,4553S,,SCHEDULED,0,0.0
2026-09-12T04:01:43Z,1053S27213C4a,1053S,,SCHEDULED,0,0.0
2026-09-12T04:01:43Z,1053S27411C4b,1053S,,SCHEDULED,480,8.0
2026-09-12T04:01:43Z,1053S27210C4a,1053S,,SCHEDULED,60,1.0
2026-09-12T04:01:43Z,1053S27211C4a,1053S,,SCHEDULED,0,0.0
2026-09-12T04:01:43Z,1053S75809C7,1053S,,SCHEDULED,0,0.0
2026-09-12T04:01:43Z,1053S27708C5,1053S,,SCHEDULED,60,1.0
2026-09-12T04:01:43Z,1053S27709C5,1053S,,SCHEDULED,0,0.0
2026-09-12T04:01:43Z,1053S27706C5,1053S,,SCHEDULED,0,0.0
2026-09-12T04:01:43Z,1053S27707C5,1053S,,SCHEDULED,0,0.0
2026-09-12T04:01:43Z,1053S75504C2,1053S,,SCHEDULED,0,0.0
2026-09-12T04:01:43Z,1053S75502C2,1053S,,SCHEDULED,0,0.0
2026-09-12T04:01:43Z,1053S75501C2,1053S,,SCHEDULED,0,0.0
2026-09-12T04:01:43Z,1053S75302C10,1053S,,SCHEDULED,0,0.0
2026-09-12T04:01:43Z,1053S75104C10,1053S,,SCHEDULED,720,12.0
2026-09-12T04:01:43Z,1053S75500C2,1053S,,SCHEDULED,300,5.0
2026-09-12T04:01:43Z,1053S75301C10,1053S,,SCHEDULED,0,0.0
2026-09-12T04:01:43Z,1053S27704C5,1053S,,SCHEDULED,0,0.0
2026-09-12T04:01:43Z,1053S27705C5,1053S,,SCHEDULED,0,0.0
2026-09-12T04:01:43Z,1053S27702C5,1053S,,SCHEDULED,0,0.0
2026-09-12T04:01:43Z,1053S27901C5,1053S,,SCHEDULED,0,0.0
2026-09-12T04:01:43Z,1053S27703C5,1053S,,SCHEDULED,60,1.0
2026-09-12T04:01:43Z,1053S19805C1,1053S,,SCHEDULED,0,0.0
2026-09-12T04:01:43Z,1053S19807C1,1053S,,SCHEDULED,0,0.0
2026-09-12T04:01:43Z,1053S19800C1,1053S,,SCHEDULED,60,1.0
2026-09-12T04:01:43Z,1053S19803C1,1053S,,SCHEDULED,120,2.0
2026-09-12T04:01:43Z,1053S19802C1,1053S,,SCHEDULED,0,0.0
2026-09-12T04:01:43Z,1053S27712C5,1053S,,SCHEDULED,0,0.0
2026-09-12T04:01:43Z,1053S27710C5,1053S,,SCHEDULED,60,1.0
2026-09-12T04:01:43Z,1053S27407C4b,1053S,,SCHEDULED,120,2.0
2026-09-12T04:01:43Z,1053S75000C8a,1053S,,SCHEDULED,240,4.0
2026-09-12T04:01:43Z,1053S27207C4a,1053S,,SCHEDULED,180,3.0
2026-09-12T04:01:43Z,1053S27208C4,1053S,,SCHEDULED,120,2.0
2026-09-12T04:01:43Z,1053S27406C4b,1053S,,SCHEDULED,180,3.0
2026-09-12T04:01:43Z,1053S27000C3,1053S,,SCHEDULED,120,2.0
2026-09-12T04:01:43Z,1053S27003C3,1053S,,SCHEDULED,60,1.0
2026-09-12T04:01:43Z,1053S27004C3,1053S,,SCHEDULED,0,0.0
2026-09-12T04:01:43Z,1053S27202C4,1053S,,SCHEDULED,1200,20.0
2026-09-12T04:01:43Z,1053S27002C3,1053S,,SCHEDULED,0,0.0
2026-09-12T04:01:43Z,1053S75811C7,1053S,,SCHEDULED,0,0.0
2026-09-12T04:01:43Z,1053S27413C4b,1053S,,SCHEDULED,0,0.0
2026-09-12T04:01:43Z,1053S27212C4a,1053S,,SCHEDULED,0,0.0
2026-09-12T04:01:43Z,1053S75804C7,1053S,,SCHEDULED,960,16.0
2026-09-12T04:01:43Z,1053S27409C4b,1053S,,SCHEDULED,780,13.0
2026-09-12T04:01:43Z,1053S75802C7,1053S,,SCHEDULED,0,0.0
2026-09-12T04:01:43Z,1053S75800C7,1053S,,SCHEDULED,480,8.0
2026-09-12T04:01:43Z,1053S75601C2,1053S,,SCHEDULED,120,2.0
2026-09-12T04:01:43Z,1053S27205C4a,1053S,,SCHEDULED,360,6.0
2026-09-12T04:01:43Z,1053S27602C8b,1053S,,SCHEDULED,0,0.0
2026-09-12T04:01:43Z,1053S27404C4b,1053S,,SCHEDULED,60,1.0
2026-09-12T04:01:43Z,1053S27206C4,1053S,,SCHEDULED,720,12.0
2026-09-12T04:01:43Z,1053S27005C3,1053S,,SCHEDULED,0,0.0
2026-09-12T04:01:43Z,1053S75002C8a,1053S,,SCHEDULED,0,0.0
2026-09-12T04:01:43Z,1053S27402C4,1053S,,SCHEDULED,900,15.0
2026-09-12T04:01:43Z,1053S27204C4,1053S,,SCHEDULED,960,16.0
2026-09-12T04:01:43Z,1053S27209C4a,1053S,,SCHEDULED,420,7.0
2026-09-12T04:06:04Z,3053S23501C1,3053S,,SCHEDULED,240,4.0
2026-09-12T04:06:04Z,3053S23506C1,3053S,,SCHEDULED,0,0.0
2026-09-12T04:06:04Z,3053S23502C1,3053S,,SCHEDULED,180,3.0
2026-09-12T04:06:04Z,3253S23305C1,3253S,,SCHEDULED,0,0.0
2026-09-12T04:06:04Z,3253S23302C1,3253S,,SCHEDULED,0,0.0
2026-09-12T04:06:04Z,4053S24001C2,4053S,,SCHEDULED,240,4.0
2026-09-12T04:06:04Z,4053S24002C2,4053S,,SCHEDULED,60,1.0
2026-09-12T04:06:04Z,4053S24003C2,4053S,,SCHEDULED,0,0.0
2026-09-12T04:06:04Z,4053S84004C2,4053S,,SCHEDULED,0,0.0
2026-09-12T04:06:04Z,4053S24302C6,4053S,,SCHEDULED,0,0.0
2026-09-12T04:06:04Z,4053S24303C6,4053S,,SCHEDULED,0,0.0
2026-09-12T04:06:04Z,5153S25602R1,5153S,,SCHEDULED,1020,17.0
2026-09-12T04:06:04Z,5153S35516R3,5153S,,SCHEDULED,60,1.0
2026-09-12T04:06:04Z,5153S25502R2S,5153S,,SCHEDULED,-60,-1.0
2026-09-12T04:06:04Z,5153S25601R1,5153S,,SCHEDULED,0,0.0
2026-09-12T04:06:04Z,5153S25604R1,5153S,,SCHEDULED,180,3.0
2026-09-12T04:06:04Z,5153S15772R11,5153S,,SCHEDULED,0,0.0
2026-09-12T04:06:04Z,5153S18121R16,5153S,,SCHEDULED,60,1.0
2026-09-12T04:06:04Z,5153S25702R1,5153S,,SCHEDULED,1440,24.0
2026-09-12T04:06:04Z,5153S28404R2N,5153S,,SCHEDULED,0,0.0
2026-09-12T04:06:04Z,5153S35518R3,5153S,,SCHEDULED,180,3.0
2026-09-12T04:06:04Z,5153S28402R2N,5153S,,SCHEDULED,240,4.0
2026-09-12T04:06:04Z,5153S28250R2S,5153S,,SCHEDULED,180,3.0
2026-09-12T04:06:04Z,5153S77600R4,5153S,,SCHEDULED,0,0.0
2026-09-12T04:06:04Z,5153S25606R1,5153S,,SCHEDULED,0,0.0
2026-09-12T04:06:04Z,5153S77404R4,5153S,,SCHEDULED,0,0.0
2026-09-12T04:06:04Z,5153S25608R1,5153S,,SCHEDULED,0,0.0
2026-09-12T04:06:04Z,5153S77504R4,5153S,,SCHEDULED,120,2.0
2026-09-12T04:06:04Z,5153S15000R15,5153S,,SCHEDULED,60,1.0
2026-09-12T04:06:04Z,5153S25400R2,5153S,,SCHEDULED,240,4.0
2026-09-12T04:06:04Z,5153S77508R4,5153S,,SCHEDULED,120,2.0
2026-09-12T04:06:04Z,5153S25402R2N,5153S,,SCHEDULED,0,0.0
2026-09-12T04:06:04Z,5153S25501R2S,5153S,,SCHEDULED,60,1.0
2026-09-12T04:06:04Z,5153S28556R2N,5153S,,SCHEDULED,660,11.0
2026-09-12T04:06:04Z,5153S28264R2S,5153S,,SCHEDULED,0,0.0
2026-09-12T04:06:04Z,5153S28263R2S,5153S,,SCHEDULED,120,2.0
2026-09-12T04:06:04Z,5153S77400R4,5153S,,SCHEDULED,0,0.0
2026-09-12T04:06:04Z,5153S28400R2N,5153S,,SCHEDULED,720,12.0
2026-09-12T04:06:04Z,6053S26504C3,6053S,,SCHEDULED,60,1.0
2026-09-12T04:06:04Z,6053S29608C1,6053S,,SCHEDULED,0,0.0
2026-09-12T04:06:04Z,6053S29507C2,6053S,,SCHEDULED,240,4.0
2026-09-12T04:06:04Z,6053S26505C3,6053S,,SCHEDULED,0,0.0
2026-09-12T04:06:04Z,6053S26506C3,6053S,,SCHEDULED,0,0.0
2026-09-12T04:06:04Z,6053S71500C4,6053S,,SCHEDULED,-60,-1.0
2026-09-12T04:06:04Z,6053S26500C3,6053S,,SCHEDULED,360,6.0
2026-09-12T04:06:04Z,6053S26502C3,6053S,,SCHEDULED,60,1.0
2026-09-12T04:06:04Z,6053S71503C4,6053S,,SCHEDULED,60,1.0
2026-09-12T04:06:04Z,6053S29611C1,6053S,,SCHEDULED,0,0.0
2026-09-12T04:06:04Z,6153S35688C1,6153S,,SCHEDULED,-60,-1.0
2026-09-12T04:06:04Z,6153S81769C1,6153S,,SCHEDULED,0,0.0
2026-09-12T04:06:04Z,6153S35613C1,6153S,,SCHEDULED,0,0.0
2026-09-12T04:06:04Z,6253S71152C2,6253S,,SCHEDULED,240,4.0
2026-09-12T04:06:04Z,4753S71080C1,4753S,,SCHEDULED,0,0.0
2026-09-12T04:06:04Z,2053S22201C2,2053S,,SCHEDULED,0,0.0
2026-09-12T04:06:04Z,2053S22200C2,2053S,,SCHEDULED,0,0.0
2026-09-12T04:06:04Z,2053S22004C1,2053S,,SCHEDULED,360,6.0
2026-09-12T04:06:04Z,2053S22202C2,2053S,,SCHEDULED,0,0.0
2026-09-12T04:06:04Z,2053S70508C7,2053S,,SCHEDULED,0,0.0
2026-09-12T04:06:04Z,2053S22002C1,2053S,,SCHEDULED,720,12.0
2026-09-12T04:06:04Z,2053S70204C4,2053S,,SCHEDULED,0,0.0
2026-09-12T04:06:04Z,4153S84904C2,4153S,,SCHEDULED,0,0.0
2026-09-12T04:06:04Z,4153S24703C1,4153S,,SCHEDULED,0,0.0
2026-09-12T04:06:04Z,4553S71701C1,4553S,,SCHEDULED,0,0.0
2026-09-12T04:06:04Z,1053S27407C4b,1053S,,SCHEDULED,120,2.0
2026-09-12T04:06:04Z,1053S75000C8a,1053S,,SCHEDULED,300,5.0
2026-09-12T04:06:04Z,1053S27212C4a,1053S,,SCHEDULED,0,0.0
2026-09-12T04:06:04Z,1053S27207C4a,1053S,,SCHEDULED,0,0.0
2026-09-12T04:06:04Z,1053S27213C4a,1053S,,SCHEDULED,0,0.0
2026-09-12T04:06:04Z,1053S27411C4b,1053S,,SCHEDULED,720,12.0
2026-09-12T04:06:04Z,1053S27208C4,1053S,,SCHEDULED,60,1.0
2026-09-12T04:06:04Z,1053S27406C4b,1053S,,SCHEDULED,420,7.0
2026-09-12T04:06:04Z,1053S27210C4a,1053S,,SCHEDULED,0,0.0
2026-09-12T04:06:04Z,1053S27211C4a,1053S,,SCHEDULED,120,2.0
2026-09-12T04:06:04Z,1053S75809C7,1053S,,SCHEDULED,0,0.0
2026-09-12T04:06:04Z,1053S27003C3,1053S,,SCHEDULED,0,0.0
2026-09-12T04:06:04Z,1053S27708C5,1053S,,SCHEDULED,0,0.0
2026-09-12T04:06:04Z,1053S27709C5,1053S,,SCHEDULED,0,0.0
2026-09-12T04:06:04Z,1053S27004C3,1053S,,SCHEDULED,0,0.0
2026-09-12T04:06:04Z,1053S27706C5,1053S,,SCHEDULED,60,1.0
2026-09-12T04:06:04Z,1053S27707C5,1053S,,SCHEDULED,0,0.0
2026-09-12T04:06:04Z,1053S27202C4,1053S,,SCHEDULED,1320,22.0
2026-09-12T04:06:04Z,1053S75504C2,1053S,,SCHEDULED,0,0.0
2026-09-12T04:06:04Z,1053S27002C3,1053S,,SCHEDULED,0,0.0
2026-09-12T04:06:04Z,1053S75811C7,1053S,,SCHEDULED,0,0.0
2026-09-12T04:06:04Z,1053S75502C2,1053S,,SCHEDULED,240,4.0
2026-09-12T04:06:04Z,1053S27415C4b,1053S,,SCHEDULED,0,0.0
2026-09-12T04:06:04Z,1053S75501C2,1053S,,SCHEDULED,0,0.0
2026-09-12T04:06:04Z,1053S27214C4a,1053S,,SCHEDULED,0,0.0
2026-09-12T04:06:04Z,1053S27413C4b,1053S,,SCHEDULED,120,2.0
2026-09-12T04:06:04Z,1053S75302C10,1053S,,SCHEDULED,0,0.0
2026-09-12T04:06:04Z,1053S75804C7,1053S,,SCHEDULED,0,0.0
2026-09-12T04:06:04Z,1053S75104C10,1053S,,SCHEDULED,960,16.0
2026-09-12T04:06:04Z,1053S19804C1,1053S,,SCHEDULED,0,0.0
2026-09-12T04:06:04Z,1053S75802C7,1053S,,SCHEDULED,0,0.0
2026-09-12T04:06:04Z,1053S75603C2,1053S,,SCHEDULED,120,2.0
2026-09-12T04:06:04Z,1053S75800C7,1053S,,SCHEDULED,360,6.0
2026-09-12T04:06:04Z,1053S19807C1,1053S,,SCHEDULED,0,0.0
2026-09-12T04:06:04Z,1053S75601C2,1053S,,SCHEDULED,180,3.0
2026-09-12T04:06:04Z,1053S27205C4a,1053S,,SCHEDULED,480,8.0
2026-09-12T04:06:04Z,1053S27602C8b,1053S,,SCHEDULED,0,0.0
2026-09-12T04:06:04Z,1053S19800C1,1053S,,SCHEDULED,60,1.0
2026-09-12T04:06:04Z,1053S19803C1,1053S,,SCHEDULED,0,0.0
2026-09-12T04:06:04Z,1053S27404C4b,1053S,,SCHEDULED,120,2.0
2026-09-12T04:06:04Z,1053S19802C1,1053S,,SCHEDULED,0,0.0
2026-09-12T04:06:04Z,1053S27206C4,1053S,,SCHEDULED,600,10.0
2026-09-12T04:06:04Z,1053S27711C5,1053S,,SCHEDULED,0,0.0
2026-09-12T04:06:04Z,1053S27005C3,1053S,,SCHEDULED,0,0.0
2026-09-12T04:06:04Z,1053S27712C5,1053S,,SCHEDULED,0,0.0
2026-09-12T04:06:04Z,1053S75002C8a,1053S,,SCHEDULED,0,0.0
2026-09-12T04:06:04Z,1053S27710C5,1053S,,SCHEDULED,360,6.0
2026-09-12T04:06:04Z,1053S27402C4,1053S,,SCHEDULED,300,5.0
2026-09-12T04:06:04Z,1053S75500C2,1053S,,SCHEDULED,420,7.0
2026-09-12T04:06:04Z,1053S27204C4,1053S,,SCHEDULED,960,16.0
2026-09-12T04:06:04Z,1053S27209C4a,1053S,,SCHEDULED,420,7.0
2026-09-12T04:06:04Z,1053S75301C10,1053S,,SCHEDULED,0,0.0
2026-09-12T04:06:04Z,1053S27704C5,1053S,,SCHEDULED,0,0.0
2026-09-12T04:06:04Z,1053S27705C5,1053S,,SCHEDULED,60,1.0
2026-09-12T04:06:04Z,1053S27702C5,1053S,,SCHEDULED,0,0.0
2026-09-12T04:06:04Z,1053S27901C5,1053S,,SCHEDULED,0,0.0
2026-09-12T04:06:04Z,1053S27703C5,1053S,,SCHEDULED,0,0.0
2026-09-12T04:06:04Z,1053S19805C1,1053S,,SCHEDULED,0,0.0
2026-09-12T04:11:13Z,3053S23502C1,3053S,,SCHEDULED,180,3.0
2026-09-12T04:11:13Z,3053S23506C1,3053S,,SCHEDULED,0,0.0
2026-09-12T04:11:13Z,3253S23302C1,3253S,,SCHEDULED,-60,-1.0
2026-09-12T04:11:13Z,4053S24001C2,4053S,,SCHEDULED,180,3.0
2026-09-12T04:11:13Z,4053S24002C2,4053S,,SCHEDULED,-120,-2.0
2026-09-12T04:11:13Z,4053S24003C2,4053S,,SCHEDULED,60,1.0
2026-09-12T04:11:13Z,4053S76656C3,4053S,,SCHEDULED,0,0.0
2026-09-12T04:11:13Z,4053S84004C2,4053S,,SCHEDULED,0,0.0
2026-09-12T04:11:13Z,4053S24302C6,4053S,,SCHEDULED,0,0.0
2026-09-12T04:11:13Z,4053S24303C6,4053S,,SCHEDULED,0,0.0
2026-09-12T04:11:13Z,5153S35516R3,5153S,,SCHEDULED,120,2.0
2026-09-12T04:11:13Z,5153S25602R1,5153S,,SCHEDULED,1020,17.0
2026-09-12T04:11:13Z,5153S25502R2S,5153S,,SCHEDULED,-60,-1.0
2026-09-12T04:11:13Z,5153S15772R11,5153S,,SCHEDULED,0,0.0
2026-09-12T04:11:13Z,5153S28404R2N,5153S,,SCHEDULED,-60,-1.0
2026-09-12T04:11:13Z,5153S25601R1,5153S,,SCHEDULED,60,1.0
2026-09-12T04:11:13Z,5153S25604R1,5153S,,SCHEDULED,240,4.0
2026-09-12T04:11:13Z,5153S28402R2N,5153S,,SCHEDULED,60,1.0
2026-09-12T04:11:13Z,5153S25702R1,5153S,,SCHEDULED,1440,24.0
2026-09-12T04:11:13Z,5153S28264R2S,5153S,,SCHEDULED,120,2.0
2026-09-12T04:11:13Z,5153S35518R3,5153S,,SCHEDULED,180,3.0
2026-09-12T04:11:13Z,5153S28263R2S,5153S,,SCHEDULED,180,3.0
2026-09-12T04:11:13Z,5153S77400R4,5153S,,SCHEDULED,60,1.0
2026-09-12T04:11:13Z,5153S25606R1,5153S,,SCHEDULED,0,0.0
2026-09-12T04:11:13Z,5153S77600R4,5153S,,SCHEDULED,-60,-1.0
2026-09-12T04:11:13Z,5153S77404R4,5153S,,SCHEDULED,60,1.0
2026-09-12T04:11:13Z,5153S77504R4,5153S,,SCHEDULED,-60,-1.0
2026-09-12T04:11:13Z,5153S15000R15,5153S,,SCHEDULED,120,2.0
2026-09-12T04:11:13Z,5153S25400R2,5153S,,SCHEDULED,-60,-1.0
2026-09-12T04:11:13Z,5153S25600R1,5153S,,SCHEDULED,-240,-4.0
2026-09-12T04:11:13Z,5153S77508R4,5153S,,SCHEDULED,0,0.0
2026-09-12T04:11:13Z,5153S25402R2N,5153S,,SCHEDULED,-120,-2.0
2026-09-12T04:11:13Z,5153S28556R2N,5153S,,SCHEDULED,660,11.0
2026-09-12T04:11:13Z,6053S26503C3,6053S,,SCHEDULED,0,0.0
2026-09-12T04:11:13Z,6053S26506C3,6053S,,SCHEDULED,0,0.0
2026-09-12T04:11:13Z,6053S26504C3,6053S,,SCHEDULED,60,1.0
2026-09-12T04:11:13Z,6053S71500C4,6053S,,SCHEDULED,0,0.0
2026-09-12T04:11:13Z,6053S29506C2,6053S,,SCHEDULED,0,0.0
2026-09-12T04:11:13Z,6053S26502C3,6053S,,SCHEDULED,60,1.0
2026-09-12T04:11:13Z,6053S26505C3,6053S,,SCHEDULED,0,0.0
2026-09-12T04:11:13Z,6053S29608C1,6053S,,SCHEDULED,120,2.0
2026-09-12T04:11:13Z,6053S29507C2,6053S,,SCHEDULED,240,4.0
2026-09-12T04:11:13Z,6053S71503C4,6053S,,SCHEDULED,120,2.0
2026-09-12T04:11:13Z,6053S29611C1,6053S,,SCHEDULED,0,0.0
2026-09-12T04:11:13Z,6153S35688C1,6153S,,SCHEDULED,60,1.0
2026-09-12T04:11:13Z,6153S35613C1,6153S,,SCHEDULED,-60,-1.0
2026-09-12T04:11:13Z,6153S81769C1,6153S,,SCHEDULED,0,0.0
2026-09-12T04:11:13Z,6153S35612C1,6153S,,SCHEDULED,-60,-1.0
2026-09-12T04:11:13Z,4753S71080C1,4753S,,SCHEDULED,0,0.0
2026-09-12T04:11:13Z,2053S22200C2,2053S,,SCHEDULED,0,0.0
2026-09-12T04:11:13Z,2053S22201C2,2053S,,SCHEDULED,0,0.0
2026-09-12T04:11:13Z,2053S22004C1,2053S,,SCHEDULED,660,11.0
2026-09-12T04:11:13Z,2053S22105C1,2053S,,CANCELED,,
2026-09-12T04:11:13Z,2053S22202C2,2053S,,SCHEDULED,300,5.0
2026-09-12T04:11:13Z,2053S70932C8,2053S,,SCHEDULED,0,0.0
2026-09-12T04:11:13Z,2053S70508C7,2053S,,SCHEDULED,0,0.0
2026-09-12T04:11:13Z,2053S22002C1,2053S,,SCHEDULED,1020,17.0
2026-09-12T04:11:13Z,2053S70402C5,2053S,,SCHEDULED,0,0.0
2026-09-12T04:11:13Z,2053S70204C4,2053S,,SCHEDULED,0,0.0
2026-09-12T04:11:13Z,4153S84904C2,4153S,,SCHEDULED,0,0.0
2026-09-12T04:11:13Z,4153S24703C1,4153S,,SCHEDULED,-60,-1.0
2026-09-12T04:11:13Z,4553S71701C1,4553S,,SCHEDULED,0,0.0
2026-09-12T04:11:13Z,1053S27212C4a,1053S,,SCHEDULED,60,1.0
2026-09-12T04:11:13Z,1053S27213C4a,1053S,,SCHEDULED,0,0.0
2026-09-12T04:11:13Z,1053S27411C4b,1053S,,SCHEDULED,1020,17.0
2026-09-12T04:11:13Z,1053S27210C4a,1053S,,SCHEDULED,0,0.0
2026-09-12T04:11:13Z,1053S27211C4a,1053S,,SCHEDULED,480,8.0
2026-09-12T04:11:13Z,1053S27408C4b,1053S,,SCHEDULED,0,0.0
2026-09-12T04:11:13Z,1053S75000C8a,1053S,,SCHEDULED,300,5.0
2026-09-12T04:11:13Z,1053S27207C4a,1053S,,SCHEDULED,60,1.0
2026-09-12T04:11:13Z,1053S27208C4,1053S,,SCHEDULED,0,0.0
2026-09-12T04:11:13Z,1053S27406C4b,1053S,,SCHEDULED,720,12.0
2026-09-12T04:11:13Z,1053S75809C7,1053S,,SCHEDULED,0,0.0
2026-09-12T04:11:13Z,1053S75806C7,1053S,,SCHEDULED,0,0.0
2026-09-12T04:11:13Z,1053S27000C3,1053S,,SCHEDULED,60,1.0
2026-09-12T04:11:13Z,1053S27708C5,1053S,,SCHEDULED,60,1.0
2026-09-12T04:11:13Z,1053S27709C5,1053S,,SCHEDULED,0,0.0
2026-09-12T04:11:13Z,1053S75506C2,1053S,,SCHEDULED,0,0.0
2026-09-12T04:11:13Z,1053S27003C3,1053S,,SCHEDULED,60,1.0
2026-09-12T04:11:13Z,1053S27706C5,1053S,,SCHEDULED,0,0.0
2026-09-12T04:11:13Z,1053S27707C5,1053S,,SCHEDULED,0,0.0
2026-09-12T04:11:13Z,1053S27004C3,1053S,,SCHEDULED,0,0.0
2026-09-12T04:11:13Z,1053S75504C2,1053S,,SCHEDULED,60,1.0
2026-09-12T04:11:13Z,1053S27202C4,1053S,,SCHEDULED,1500,25.0
2026-09-12T04:11:13Z,1053S27001C3,1053S,,SCHEDULED,300,5.0
2026-09-12T04:11:13Z,1053S27002C3,1053S,,SCHEDULED,180,3.0
2026-09-12T04:11:13Z,1053S75813C7,1053S,,SCHEDULED,0,0.0
2026-09-12T04:11:13Z,1053S75502C2,1053S,,SCHEDULED,360,6.0
2026-09-12T04:11:13Z,1053S75811C7,1053S,,SCHEDULED,300,5.0
2026-09-12T04:11:13Z,1053S75501C2,1053S,,SCHEDULED,0,0.0
2026-09-12T04:11:13Z,1053S27415C4b,1053S,,SCHEDULED,0,0.0
2026-09-12T04:11:13Z,1053S27214C4a,1053S,,SCHEDULED,0,0.0
2026-09-12T04:11:13Z,1053S27413C4b,1053S,,SCHEDULED,420,7.0
2026-09-12T04:11:13Z,1053S75302C10,1053S,,SCHEDULED,0,0.0
2026-09-12T04:11:13Z,1053S75804C7,1053S,,SCHEDULED,120,2.0
2026-09-12T04:11:13Z,1053S19805C1,1053S,,SCHEDULED,240,4.0
2026-09-12T04:11:13Z,1053S27409C4b,1053S,,SCHEDULED,540,9.0
2026-09-12T04:11:13Z,1053S75802C7,1053S,,SCHEDULED,0,0.0
2026-09-12T04:11:13Z,1053S75603C2,1053S,,SCHEDULED,120,2.0
2026-09-12T04:11:13Z,1053S19804C1,1053S,,SCHEDULED,0,0.0
2026-09-12T04:11:13Z,1053S75800C7,1053S,,SCHEDULED,420,7.0
2026-09-12T04:11:13Z,1053S75601C2,1053S,,SCHEDULED,180,3.0
2026-09-12T04:11:13Z,1053S27602C8b,1053S,,SCHEDULED,0,0.0
2026-09-12T04:11:13Z,1053S19807C1,1053S,,SCHEDULED,0,0.0
2026-09-12T04:11:13Z,1053S27404C4b,1053S,,SCHEDULED,180,3.0
2026-09-12T04:11:13Z,1053S19803C1,1053S,,SCHEDULED,360,6.0
2026-09-12T04:11:13Z,1053S27206C4,1053S,,SCHEDULED,660,11.0
2026-09-12T04:11:13Z,1053S19802C1,1053S,,SCHEDULED,0,0.0
2026-09-12T04:11:13Z,1053S27711C5,1053S,,SCHEDULED,0,0.0
2026-09-12T04:11:13Z,1053S27005C3,1053S,,SCHEDULED,0,0.0
2026-09-12T04:11:13Z,1053S27712C5,1053S,,SCHEDULED,0,0.0
2026-09-12T04:11:13Z,1053S27006C3,1053S,,SCHEDULED,0,0.0
2026-09-12T04:11:13Z,1053S75002C8a,1053S,,SCHEDULED,0,0.0
2026-09-12T04:11:13Z,1053S27710C5,1053S,,SCHEDULED,0,0.0
2026-09-12T04:11:13Z,1053S27402C4,1053S,,SCHEDULED,360,6.0
2026-09-12T04:11:13Z,1053S27714C5,1053S,,SCHEDULED,0,0.0
2026-09-12T04:11:13Z,1053S27204C4,1053S,,SCHEDULED,1080,18.0
2026-09-12T04:11:13Z,1053S75104C10,1053S,,SCHEDULED,0,0.0
2026-09-12T04:11:13Z,1053S27407C4b,1053S,,SCHEDULED,240,4.0
2026-09-12T04:11:13Z,1053S75500C2,1053S,,SCHEDULED,720,12.0
2026-09-12T04:11:13Z,1053S75301C10,1053S,,SCHEDULED,120,2.0
2026-09-12T04:11:13Z,1053S27704C5,1053S,,SCHEDULED,60,1.0
2026-09-12T04:11:13Z,1053S27705C5,1053S,,SCHEDULED,60,1.0
2026-09-12T04:11:13Z,1053S27702C5,1053S,,SCHEDULED,0,0.0
2026-09-12T04:11:13Z,1053S27901C5,1053S,,SCHEDULED,0,0.0
2026-09-12T04:11:13Z,1053S27703C5,1053S,,SCHEDULED,0,0.0
2026-09-12T04:16:15Z,3053S23506C1,3053S,,SCHEDULED,0,0.0
2026-09-12T04:16:15Z,3053S23507C1,3053S,,SCHEDULED,0,0.0
2026-09-12T04:16:15Z,3053S23502C1,3053S,,SCHEDULED,120,2.0
2026-09-12T04:16:15Z,3253S23302C1,3253S,,SCHEDULED,-60,-1.0
2026-09-12T04:16:15Z,3253S23305C1,3253S,,SCHEDULED,60,1.0
2026-09-12T04:16:15Z,4053S76656C3,4053S,,SCHEDULED,0,0.0
2026-09-12T04:16:15Z,4053S84006C2,4053S,,SCHEDULED,0,0.0
2026-09-12T04:16:15Z,4053S24002C2,4053S,,SCHEDULED,0,0.0
2026-09-12T04:16:15Z,4053S24001C2,4053S,,SCHEDULED,300,5.0
2026-09-12T04:16:15Z,4053S24003C2,4053S,,SCHEDULED,-60,-1.0
2026-09-12T04:16:15Z,4053S24204C1,4053S,,SCHEDULED,0,0.0
2026-09-12T04:16:15Z,4053S84004C2,4053S,,SCHEDULED,0,0.0
2026-09-12T04:16:15Z,4053S24303C6,4053S,,SCHEDULED,0,0.0
2026-09-12T04:16:15Z,4053S24302C6,4053S,,SCHEDULED,0,0.0
2026-09-12T04:16:15Z,5153S35516R3,5153S,,SCHEDULED,240,4.0
2026-09-12T04:16:15Z,5153S30530R15,5153S,,SCHEDULED,0,0.0
2026-09-12T04:16:15Z,5153S28404R2N,5153S,,SCHEDULED,60,1.0
2026-09-12T04:16:15Z,5153S28402R2N,5153S,,SCHEDULED,60,1.0
2026-09-12T04:16:15Z,5153S77600R4,5153S,,SCHEDULED,0,0.0
2026-09-12T04:16:15Z,5153S77404R4,5153S,,SCHEDULED,-120,-2.0
2026-09-12T04:16:15Z,5153S77504R4,5153S,,SCHEDULED,300,5.0
2026-09-12T04:16:15Z,5153S77508R4,5153S,,SCHEDULED,60,1.0
2026-09-12T04:16:15Z,5153S25502R2S,5153S,,SCHEDULED,240,4.0
2026-09-12T04:16:15Z,5153S28406R2N,5153S,,SCHEDULED,240,4.0
2026-09-12T04:16:15Z,5153S25601R1,5153S,,SCHEDULED,60,1.0
2026-09-12T04:16:15Z,5153S25604R1,5153S,,SCHEDULED,300,5.0
2026-09-12T04:16:15Z,5153S28264R2S,5153S,,SCHEDULED,120,2.0
2026-09-12T04:16:15Z,5153S28263R2S,5153S,,SCHEDULED,180,3.0
2026-09-12T04:16:15Z,5153S25702R1,5153S,,SCHEDULED,1500,25.0
2026-09-12T04:16:15Z,5153S77400R4,5153S,,SCHEDULED,300,5.0
2026-09-12T04:16:15Z,5153S77510R4,5153S,,SCHEDULED,0,0.0
2026-09-12T04:16:15Z,5153S25606R1,5153S,,SCHEDULED,60,1.0
2026-09-12T04:16:15Z,5153S25608R1,5153S,,SCHEDULED,0,0.0
2026-09-12T04:16:15Z,5153S35518R3,5153S,,SCHEDULED,180,3.0
2026-09-12T04:16:15Z,5153S15000R15,5153S,,SCHEDULED,180,3.0
2026-09-12T04:16:15Z,5153S25400R2,5153S,,SCHEDULED,0,0.0
2026-09-12T04:16:15Z,5153S25402R2N,5153S,,SCHEDULED,420,7.0
2026-09-12T04:16:15Z,5153S25602R1,5153S,,SCHEDULED,840,14.0
2026-09-12T04:16:15Z,5153S28250R2S,5153S,,SCHEDULED,60,1.0
2026-09-12T04:16:15Z,6053S26503C3,6053S,,SCHEDULED,60,1.0
2026-09-12T04:16:15Z,6053S26506C3,6053S,,SCHEDULED,0,0.0
2026-09-12T04:16:15Z,6053S26504C3,6053S,,SCHEDULED,60,1.0
2026-09-12T04:16:15Z,6053S29506C2,6053S,,SCHEDULED,0,0.0
2026-09-12T04:16:15Z,6053S26505C3,6053S,,SCHEDULED,120,2.0
2026-09-12T04:16:15Z,6053S29507C2,6053S,,SCHEDULED,180,3.0
2026-09-12T04:16:15Z,6053S71500C4,6053S,,SCHEDULED,120,2.0
2026-09-12T04:16:15Z,6053S26502C3,6053S,,SCHEDULED,0,0.0
2026-09-12T04:16:15Z,6053S29608C1,6053S,,SCHEDULED,180,3.0
2026-09-12T04:16:15Z,6053S71503C4,6053S,,SCHEDULED,120,2.0
2026-09-12T04:16:15Z,6053S29611C1,6053S,,SCHEDULED,0,0.0
2026-09-12T04:16:15Z,6153S35688C1,6153S,,SCHEDULED,120,2.0
2026-09-12T04:16:15Z,6153S81769C1,6153S,,SCHEDULED,0,0.0
2026-09-12T04:16:15Z,6153S35613C1,6153S,,SCHEDULED,0,0.0
2026-09-12T04:16:15Z,6153S35612C1,6153S,,SCHEDULED,-60,-1.0
2026-09-12T04:16:15Z,6253S71152C2,6253S,,SCHEDULED,240,4.0
2026-09-12T04:16:15Z,6253S71154C2,6253S,,SCHEDULED,0,0.0
2026-09-12T04:16:15Z,4753S71080C1,4753S,,SCHEDULED,0,0.0
2026-09-12T04:16:15Z,2053S22200C2,2053S,,SCHEDULED,60,1.0
2026-09-12T04:16:15Z,2053S22201C2,2053S,,SCHEDULED,0,0.0
2026-09-12T04:16:15Z,2053S22002C1,2053S,,SCHEDULED,60,1.0
2026-09-12T04:16:15Z,2053S22004C1,2053S,,SCHEDULED,0,0.0
2026-09-12T04:16:15Z,2053S22105C1,2053S,,CANCELED,,
2026-09-12T04:16:15Z,2053S22202C2,2053S,,SCHEDULED,600,10.0
2026-09-12T04:16:15Z,2053S70204C4,2053S,,SCHEDULED,0,0.0
2026-09-12T04:16:15Z,2053S70932C8,2053S,,SCHEDULED,0,0.0
2026-09-12T04:16:15Z,2053S70508C7,2053S,,CANCELED,,
2026-09-12T04:16:15Z,2053S70853C6,2053S,,SCHEDULED,0,0.0
2026-09-12T04:16:15Z,2053S70402C5,2053S,,SCHEDULED,0,0.0
2026-09-12T04:16:15Z,4153S24702C1,4153S,,SCHEDULED,0,0.0
2026-09-12T04:16:15Z,4153S84904C2,4153S,,SCHEDULED,0,0.0
2026-09-12T04:16:15Z,4153S24703C1,4153S,,SCHEDULED,240,4.0
2026-09-12T04:16:15Z,4553S71701C1,4553S,,SCHEDULED,0,0.0
2026-09-12T04:16:15Z,1053S27213C4a,1053S,,SCHEDULED,0,0.0
2026-09-12T04:16:15Z,1053S27411C4b,1053S,,SCHEDULED,780,13.0
2026-09-12T04:16:15Z,1053S27210C4a,1053S,,SCHEDULED,60,1.0
2026-09-12T04:16:15Z,1053S27211C4a,1053S,,SCHEDULED,780,13.0
2026-09-12T04:16:15Z,1053S75809C7,1053S,,SCHEDULED,0,0.0
2026-09-12T04:16:15Z,1053S75806C7,1053S,,SCHEDULED,0,0.0
2026-09-12T04:16:15Z,1053S27708C5,1053S,,SCHEDULED,60,1.0
2026-09-12T04:16:15Z,1053S27709C5,1053S,,SCHEDULED,0,0.0
2026-09-12T04:16:15Z,1053S75506C2,1053S,,SCHEDULED,0,0.0
2026-09-12T04:16:15Z,1053S27706C5,1053S,,SCHEDULED,0,0.0
2026-09-12T04:16:15Z,1053S27707C5,1053S,,SCHEDULED,300,5.0
2026-09-12T04:16:15Z,1053S75504C2,1053S,,SCHEDULED,360,6.0
2026-09-12T04:16:15Z,1053S75106C10,1053S,,SCHEDULED,0,0.0
2026-09-12T04:16:15Z,1053S75502C2,1053S,,SCHEDULED,60,1.0
2026-09-12T04:16:15Z,1053S75501C2,1053S,,SCHEDULED,0,0.0
2026-09-12T04:16:15Z,1053S75302C10,1053S,,SCHEDULED,0,0.0
2026-09-12T04:16:15Z,1053S19809C1,1053S,,SCHEDULED,0,0.0
2026-09-12T04:16:15Z,1053S19805C1,1053S,,SCHEDULED,240,4.0
2026-09-12T04:16:15Z,1053S19804C1,1053S,,SCHEDULED,0,0.0
2026-09-12T04:16:15Z,1053S19807C1,1053S,,SCHEDULED,0,0.0
2026-09-12T04:16:15Z,1053S19802C1,1053S,,SCHEDULED,0,0.0
2026-09-12T04:16:15Z,1053S27711C5,1053S,,SCHEDULED,0,0.0
2026-09-12T04:16:15Z,1053S27712C5,1053S,,SCHEDULED,0,0.0
2026-09-12T04:16:15Z,1053S27710C5,1053S,,SCHEDULED,120,2.0
2026-09-12T04:16:15Z,1053S27714C5,1053S,,SCHEDULED,0,0.0
2026-09-12T04:16:15Z,1053S27408C4b,1053S,,SCHEDULED,0,0.0
2026-09-12T04:16:15Z,1053S75000C8a,1053S,,SCHEDULED,300,5.0
2026-09-12T04:16:15Z,1053S27207C4a,1053S,,SCHEDULED,60,1.0
2026-09-12T04:16:15Z,1053S27208C4,1053S,,SCHEDULED,60,1.0
2026-09-12T04:16:15Z,1053S27406C4b,1053S,,SCHEDULED,1020,17.0
2026-09-12T04:16:15Z,1053S27003C3,1053S,,SCHEDULED,60,1.0
2026-09-12T04:16:15Z,1053S27004C3,1053S,,SCHEDULED,0,0.0
2026-09-12T04:16:15Z,1053S27202C4,1053S,,SCHEDULED,1620,27.0
2026-09-12T04:16:15Z,1053S27001C3,1053S,,SCHEDULED,120,2.0
2026-09-12T04:16:15Z,1053S75813C7,1053S,,SCHEDULED,0,0.0
2026-09-12T04:16:15Z,1053S75811C7,1053S,,SCHEDULED,600,10.0
2026-09-12T04:16:15Z,1053S27415C4b,1053S,,SCHEDULED,0,0.0
2026-09-12T04:16:15Z,1053S27214C4a,1053S,,SCHEDULED,0,0.0
2026-09-12T04:16:15Z,1053S27215C4a,1053S,,SCHEDULED,0,0.0
2026-09-12T04:16:15Z,1053S27413C4b,1053S,,SCHEDULED,180,3.0
2026-09-12T04:16:15Z,1053S27212C4a,1053S,,SCHEDULED,120,2.0
2026-09-12T04:16:15Z,1053S75804C7,1053S,,SCHEDULED,60,1.0
2026-09-12T04:16:15Z,1053S27409C4b,1053S,,SCHEDULED,720,12.0
2026-09-12T04:16:15Z,1053S75802C7,1053S,,SCHEDULED,180,3.0
2026-09-12T04:16:15Z,1053S75603C2,1053S,,SCHEDULED,240,4.0
2026-09-12T04:16:15Z,1053S75601C2,1053S,,SCHEDULED,240,4.0
2026-09-12T04:16:15Z,1053S27602C8b,1053S,,SCHEDULED,0,0.0
2026-09-12T04:16:15Z,1053S27404C4b,1053S,,SCHEDULED,180,3.0
2026-09-12T04:16:15Z,1053S27206C4,1053S,,SCHEDULED,720,12.0
2026-09-12T04:16:15Z,1053S27005C3,1053S,,SCHEDULED,0,0.0
2026-09-12T04:16:15Z,1053S27006C3,1053S,,SCHEDULED,0,0.0
2026-09-12T04:16:15Z,1053S75002C8a,1053S,,SCHEDULED,240,4.0
2026-09-12T04:16:15Z,1053S27402C4,1053S,,SCHEDULED,300,5.0
2026-09-12T04:16:15Z,1053S27204C4,1053S,,SCHEDULED,1260,21.0
2026-09-12T04:16:15Z,1053S27209C4a,1053S,,SCHEDULED,180,3.0
2026-09-12T04:16:15Z,1053S27407C4b,1053S,,SCHEDULED,240,4.0
2026-09-12T04:16:15Z,1053S75104C10,1053S,,SCHEDULED,60,1.0
2026-09-12T04:16:15Z,1053S75500C2,1053S,,SCHEDULED,720,12.0
2026-09-12T04:16:15Z,1053S75301C10,1053S,,SCHEDULED,420,7.0
2026-09-12T04:16:15Z,1053S27704C5,1053S,,SCHEDULED,0,0.0
2026-09-12T04:16:15Z,1053S27705C5,1053S,,SCHEDULED,0,0.0
2026-09-12T04:16:15Z,1053S27702C5,1053S,,SCHEDULED,0,0.0
2026-09-12T04:16:15Z,1053S27901C5,1053S,,SCHEDULED,0,0.0
2026-09-12T04:16:15Z,1053S27703C5,1053S,,SCHEDULED,0,0.0
2026-09-12T04:21:21Z,3053S23507C1,3053S,,SCHEDULED,0,0.0
2026-09-12T04:21:21Z,3053S23506C1,3053S,,SCHEDULED,180,3.0
2026-09-12T04:21:21Z,3053S23502C1,3053S,,SCHEDULED,240,4.0
2026-09-12T04:21:21Z,3253S23302C1,3253S,,SCHEDULED,60,1.0
2026-09-12T04:21:21Z,3253S23305C1,3253S,,SCHEDULED,60,1.0
2026-09-12T04:21:21Z,4053S76656C3,4053S,,SCHEDULED,0,0.0
2026-09-12T04:21:21Z,4053S24204C1,4053S,,SCHEDULED,0,0.0
2026-09-12T04:21:21Z,4053S24303C6,4053S,,SCHEDULED,0,0.0
2026-09-12T04:21:21Z,4053S24302C6,4053S,,SCHEDULED,0,0.0
2026-09-12T04:21:21Z,4053S84006C2,4053S,,SCHEDULED,0,0.0
2026-09-12T04:21:21Z,4053S24001C2,4053S,,SCHEDULED,420,7.0
2026-09-12T04:21:21Z,5153S35516R3,5153S,,SCHEDULED,420,7.0
2026-09-12T04:21:21Z,5153S30530R15,5153S,,SCHEDULED,0,0.0
2026-09-12T04:21:21Z,5153S28404R2N,5153S,,SCHEDULED,60,1.0
2026-09-12T04:21:21Z,5153S28402R2N,5153S,,SCHEDULED,120,2.0
2026-09-12T04:21:21Z,5153S28408R2N,5153S,,SCHEDULED,-60,-1.0
2026-09-12T04:21:21Z,5153S77404R4,5153S,,SCHEDULED,-60,-1.0
2026-09-12T04:21:21Z,5153S77504R4,5153S,,SCHEDULED,120,2.0
2026-09-12T04:21:21Z,5153S77508R4,5153S,,SCHEDULED,60,1.0
2026-09-12T04:21:21Z,5153S28406R2N,5153S,,SCHEDULED,240,4.0
2026-09-12T04:21:21Z,5153S28264R2S,5153S,,SCHEDULED,120,2.0
2026-09-12T04:21:21Z,5153S28263R2S,5153S,,SCHEDULED,240,4.0
2026-09-12T04:21:21Z,5153S77400R4,5153S,,SCHEDULED,240,4.0
2026-09-12T04:21:21Z,5153S25602R1,5153S,,SCHEDULED,780,13.0
2026-09-12T04:21:21Z,5153S25502R2S,5153S,,SCHEDULED,240,4.0
2026-09-12T04:21:21Z,5153S25601R1,5153S,,SCHEDULED,360,6.0
2026-09-12T04:21:21Z,5153S25604R1,5153S,,SCHEDULED,300,5.0
2026-09-12T04:21:21Z,5153S77314R3,5153S,,SCHEDULED,120,2.0
2026-09-12T04:21:21Z,5153S35518R3,5153S,,SCHEDULED,180,3.0
2026-09-12T04:21:21Z,5153S30531R15,5153S,,SCHEDULED,180,3.0
2026-09-12T04:21:21Z,5153S25606R1,5153S,,SCHEDULED,180,3.0
2026-09-12T04:21:21Z,5153S25608R1,5153S,,SCHEDULED,0,0.0
2026-09-12T04:21:21Z,5153S15000R15,5153S,,SCHEDULED,60,1.0
2026-09-12T04:21:21Z,5153S25400R2,5153S,,SCHEDULED,60,1.0
2026-09-12T04:21:21Z,5153S25402R2N,5153S,,SCHEDULED,420,7.0
2026-09-12T04:21:21Z,5153S25501R2S,5153S,,SCHEDULED,0,0.0
2026-09-12T04:21:21Z,6053S26503C3,6053S,,SCHEDULED,0,0.0
2026-09-12T04:21:21Z,6053S26506C3,6053S,,SCHEDULED,0,0.0
2026-09-12T04:21:21Z,6053S29506C2,6053S,,SCHEDULED,0,0.0
2026-09-12T04:21:21Z,6053S26505C3,6053S,,SCHEDULED,120,2.0
2026-09-12T04:21:21Z,6053S29507C2,6053S,,SCHEDULED,300,5.0
2026-09-12T04:21:21Z,6053S29611C1,6053S,,SCHEDULED,120,2.0
2026-09-12T04:21:21Z,6053S71500C4,6053S,,SCHEDULED,120,2.0
2026-09-12T04:21:21Z,6053S29608C1,6053S,,SCHEDULED,180,3.0
2026-09-12T04:21:21Z,6053S71503C4,6053S,,SCHEDULED,60,1.0
2026-09-12T04:21:21Z,6053S26507C3,6053S,,SCHEDULED,0,0.0
2026-09-12T04:21:21Z,6153S35688C1,6153S,,SCHEDULED,0,0.0
2026-09-12T04:21:21Z,6153S35613C1,6153S,,SCHEDULED,60,1.0
2026-09-12T04:21:21Z,6153S35612C1,6153S,,SCHEDULED,0,0.0
2026-09-12T04:21:21Z,6253S71154C2,6253S,,SCHEDULED,0,0.0
2026-09-12T04:21:21Z,6253S26903C1,6253S,,SCHEDULED,0,0.0
2026-09-12T04:21:21Z,4753S71080C1,4753S,,SCHEDULED,0,0.0
2026-09-12T04:21:21Z,2053S22002C1,2053S,,SCHEDULED,240,4.0
2026-09-12T04:21:21Z,2053S22200C2,2053S,,SCHEDULED,180,3.0
2026-09-12T04:21:21Z,2053S22201C2,2053S,,SCHEDULED,0,0.0
2026-09-12T04:21:21Z,2053S22004C1,2053S,,SCHEDULED,60,1.0
2026-09-12T04:21:21Z,2053S22105C1,2053S,,CANCELED,,
2026-09-12T04:21:21Z,2053S70505C7,2053S,,SCHEDULED,0,0.0
2026-09-12T04:21:21Z,2053S22202C2,2053S,,SCHEDULED,900,15.0
2026-09-12T04:21:21Z,2053S70756C6,2053S,,SCHEDULED,0,0.0
2026-09-12T04:21:21Z,2053S70932C8,2053S,,SCHEDULED,120,2.0
2026-09-12T04:21:21Z,2053S70508C7,2053S,,SCHEDULED,120,2.0
2026-09-12T04:21:21Z,2053S70853C6,2053S,,SCHEDULED,0,0.0
2026-09-12T04:21:21Z,2053S70402C5,2053S,,SCHEDULED,0,0.0
2026-09-12T04:21:21Z,2053S70204C4,2053S,,SCHEDULED,0,0.0
2026-09-12T04:21:21Z,4153S24702C1,4153S,,SCHEDULED,0,0.0
2026-09-12T04:21:21Z,4153S24703C1,4153S,,SCHEDULED,540,9.0
2026-09-12T04:21:21Z,4153S84904C2,4153S,,SCHEDULED,0,0.0
2026-09-12T04:21:21Z,4553S71701C1,4553S,,SCHEDULED,0,0.0
2026-09-12T04:21:21Z,1053S27411C4b,1053S,,SCHEDULED,960,16.0
2026-09-12T04:21:21Z,1053S27210C4a,1053S,,SCHEDULED,60,1.0
2026-09-12T04:21:21Z,1053S27211C4a,1053S,,SCHEDULED,1080,18.0
2026-09-12T04:21:21Z,1053S75809C7,1053S,,SCHEDULED,300,5.0
2026-09-12T04:21:21Z,1053S75806C7,1053S,,SCHEDULED,0,0.0
2026-09-12T04:21:21Z,1053S27708C5,1053S,,SCHEDULED,0,0.0
2026-09-12T04:21:21Z,1053S27709C5,1053S,,SCHEDULED,0,0.0
2026-09-12T04:21:21Z,1053S75506C2,1053S,,SCHEDULED,0,0.0
2026-09-12T04:21:21Z,1053S27706C5,1053S,,SCHEDULED,60,1.0
2026-09-12T04:21:21Z,1053S27707C5,1053S,,SCHEDULED,600,10.0
2026-09-12T04:21:21Z,1053S75504C2,1053S,,SCHEDULED,660,11.0
2026-09-12T04:21:21Z,1053S75304C10,1053S,,SCHEDULED,0,0.0
2026-09-12T04:21:21Z,1053S75106C10,1053S,,SCHEDULED,0,0.0
2026-09-12T04:21:21Z,1053S75502C2,1053S,,SCHEDULED,120,2.0
2026-09-12T04:21:21Z,1053S75501C2,1053S,,SCHEDULED,0,0.0
2026-09-12T04:21:21Z,1053S75302C10,1053S,,SCHEDULED,180,3.0
2026-09-12T04:21:21Z,1053S75104C10,1053S,,SCHEDULED,60,1.0
2026-09-12T04:21:21Z,1053S75500C2,1053S,,SCHEDULED,780,13.0
2026-09-12T04:21:21Z,1053S27408C4b,1053S,,SCHEDULED,-60,-1.0
2026-09-12T04:21:21Z,1053S75000C8a,1053S,,SCHEDULED,360,6.0
2026-09-12T04:21:21Z,1053S27207C4a,1053S,,SCHEDULED,240,4.0
2026-09-12T04:21:21Z,1053S27208C4,1053S,,SCHEDULED,300,5.0
2026-09-12T04:21:21Z,1053S27406C4b,1053S,,SCHEDULED,240,4.0
2026-09-12T04:21:21Z,1053S27003C3,1053S,,SCHEDULED,60,1.0
2026-09-12T04:21:21Z,1053S27004C3,1053S,,SCHEDULED,0,0.0
2026-09-12T04:21:21Z,1053S27202C4,1053S,,SCHEDULED,1500,25.0
2026-09-12T04:21:21Z,1053S27001C3,1053S,,SCHEDULED,60,1.0
2026-09-12T04:21:21Z,1053S27002C3,1053S,,SCHEDULED,360,6.0
2026-09-12T04:21:21Z,1053S75813C7,1053S,,SCHEDULED,0,0.0
2026-09-12T04:21:21Z,1053S75811C7,1053S,,SCHEDULED,900,15.0
2026-09-12T04:21:21Z,1053S27415C4b,1053S,,SCHEDULED,0,0.0
2026-09-12T04:21:21Z,1053S27214C4a,1053S,,SCHEDULED,0,0.0
2026-09-12T04:21:21Z,1053S27215C4a,1053S,,SCHEDULED,0,0.0
2026-09-12T04:21:21Z,1053S27413C4b,1053S,,SCHEDULED,120,2.0
2026-09-12T04:21:21Z,1053S27212C4a,1053S,,SCHEDULED,180,3.0
2026-09-12T04:21:21Z,1053S27213C4a,1053S,,SCHEDULED,0,0.0
2026-09-12T04:21:21Z,1053S75804C7,1053S,,SCHEDULED,0,0.0
2026-09-12T04:21:21Z,1053S27409C4b,1053S,,SCHEDULED,660,11.0
2026-09-12T04:21:21Z,1053S75802C7,1053S,,SCHEDULED,180,3.0
2026-09-12T04:21:21Z,1053S75603C2,1053S,,SCHEDULED,60,1.0
2026-09-12T04:21:21Z,1053S75800C7,1053S,,SCHEDULED,660,11.0
2026-09-12T04:21:21Z,1053S27007C3,1053S,,SCHEDULED,0,0.0
2026-09-12T04:21:21Z,1053S75202C10,1053S,,SCHEDULED,0,0.0
2026-09-12T04:21:21Z,1053S27602C8b,1053S,,SCHEDULED,0,0.0
2026-09-12T04:21:21Z,1053S27404C4b,1053S,,SCHEDULED,120,2.0
2026-09-12T04:21:21Z,1053S27206C4,1053S,,SCHEDULED,900,15.0
2026-09-12T04:21:21Z,1053S27005C3,1053S,,SCHEDULED,0,0.0
2026-09-12T04:21:21Z,1053S27006C3,1053S,,SCHEDULED,0,0.0
2026-09-12T04:21:21Z,1053S75002C8a,1053S,,SCHEDULED,60,1.0
2026-09-12T04:21:21Z,1053S27204C4,1053S,,SCHEDULED,1380,23.0
2026-09-12T04:21:21Z,1053S75001C8a,1053S,,SCHEDULED,240,4.0
2026-09-12T04:21:21Z,1053S27209C4a,1053S,,SCHEDULED,420,7.0
2026-09-12T04:21:21Z,1053S75301C10,1053S,,SCHEDULED,60,1.0
2026-09-12T04:21:21Z,1053S27704C5,1053S,,SCHEDULED,0,0.0
2026-09-12T04:21:21Z,1053S27903C5,1053S,,SCHEDULED,0,0.0
2026-09-12T04:21:21Z,1053S27705C5,1053S,,SCHEDULED,60,1.0
2026-09-12T04:21:21Z,1053S27702C5,1053S,,SCHEDULED,60,1.0
2026-09-12T04:21:21Z,1053S27901C5,1053S,,SCHEDULED,0,0.0
2026-09-12T04:21:21Z,1053S27703C5,1053S,,SCHEDULED,0,0.0
2026-09-12T04:21:21Z,1053S19809C1,1053S,,SCHEDULED,0,0.0
2026-09-12T04:21:21Z,1053S19805C1,1053S,,SCHEDULED,420,7.0
2026-09-12T04:21:21Z,1053S19804C1,1053S,,SCHEDULED,0,0.0
2026-09-12T04:21:21Z,1053S19807C1,1053S,,SCHEDULED,0,0.0
2026-09-12T04:21:21Z,1053S19806C1,1053S,,SCHEDULED,0,0.0
2026-09-12T04:21:21Z,1053S19802C1,1053S,,SCHEDULED,60,1.0
2026-09-12T04:21:21Z,1053S27711C5,1053S,,SCHEDULED,0,0.0
2026-09-12T04:21:21Z,1053S27712C5,1053S,,SCHEDULED,0,0.0
2026-09-12T04:21:21Z,1053S27710C5,1053S,,SCHEDULED,120,2.0
2026-09-12T04:21:21Z,1053S27716C5,1053S,,SCHEDULED,0,0.0
2026-09-12T04:21:21Z,1053S27714C5,1053S,,SCHEDULED,0,0.0
2026-09-12T04:26:06Z,3053S23507C1,3053S,,SCHEDULED,0,0.0
2026-09-12T04:26:06Z,3053S23506C1,3053S,,SCHEDULED,180,3.0
2026-09-12T04:26:06Z,3053S23502C1,3053S,,SCHEDULED,240,4.0
2026-09-12T04:26:06Z,3053S23703C5,3053S,,SCHEDULED,0,0.0
2026-09-12T04:26:06Z,3253S23302C1,3253S,,SCHEDULED,-120,-2.0
2026-09-12T04:26:06Z,3253S23305C1,3253S,,SCHEDULED,180,3.0
2026-09-12T04:26:06Z,4053S84006C2,4053S,,SCHEDULED,0,0.0
2026-09-12T04:26:06Z,4053S76656C3,4053S,,SCHEDULED,0,0.0
2026-09-12T04:26:06Z,4053S76602C3,4053S,,SCHEDULED,0,0.0
2026-09-12T04:26:06Z,4053S24001C2,4053S,,SCHEDULED,480,8.0
2026-09-12T04:26:06Z,4053S24302C6,4053S,,SCHEDULED,0,0.0
2026-09-12T04:26:06Z,4053S24204C1,4053S,,SCHEDULED,0,0.0
2026-09-12T04:26:06Z,4053S24303C6,4053S,,SCHEDULED,0,0.0
2026-09-12T04:26:06Z,4053S24002C2,4053S,,SCHEDULED,240,4.0
2026-09-12T04:26:06Z,4053S24003C2,4053S,,SCHEDULED,-60,-1.0
2026-09-12T04:26:06Z,5153S28404R2N,5153S,,SCHEDULED,60,1.0
2026-09-12T04:26:06Z,5153S28402R2N,5153S,,SCHEDULED,180,3.0
2026-09-12T04:26:06Z,5153S28408R2N,5153S,,SCHEDULED,-60,-1.0
2026-09-12T04:26:06Z,5153S25404R2N,5153S,,SCHEDULED,0,0.0
2026-09-12T04:26:06Z,5153S30531R15,5153S,,SCHEDULED,-60,-1.0
2026-09-12T04:26:06Z,5153S25602R1,5153S,,SCHEDULED,840,14.0
2026-09-12T04:26:06Z,5153S35516R3,5153S,,SCHEDULED,480,8.0
2026-09-12T04:26:06Z,5153S25502R2S,5153S,,SCHEDULED,180,3.0
2026-09-12T04:26:06Z,5153S30530R15,5153S,,SCHEDULED,0,0.0
2026-09-12T04:26:06Z,5153S25601R1,5153S,,SCHEDULED,360,6.0
2026-09-12T04:26:06Z,5153S25604R1,5153S,,SCHEDULED,300,5.0
2026-09-12T04:26:06Z,5153S77500R4,5153S,,SCHEDULED,60,1.0
2026-09-12T04:26:06Z,5153S77404R4,5153S,,SCHEDULED,-120,-2.0
2026-09-12T04:26:06Z,5153S35518R3,5153S,,SCHEDULED,180,3.0
2026-09-12T04:26:06Z,5153S25606R1,5153S,,SCHEDULED,180,3.0
2026-09-12T04:26:06Z,5153S77504R4,5153S,,SCHEDULED,240,4.0
2026-09-12T04:26:06Z,5153S25608R1,5153S,,SCHEDULED,0,0.0
2026-09-12T04:26:06Z,5153S25400R2,5153S,,SCHEDULED,-60,-1.0
2026-09-12T04:26:06Z,5153S25402R2N,5153S,,SCHEDULED,540,9.0
2026-09-12T04:26:06Z,5153S77508R4,5153S,,SCHEDULED,120,2.0
2026-09-12T04:26:06Z,5153S25600R1,5153S,,SCHEDULED,300,5.0
2026-09-12T04:26:06Z,5153S25501R2S,5153S,,SCHEDULED,120,2.0
2026-09-12T04:26:06Z,5153S28556R2N,5153S,,SCHEDULED,780,13.0
2026-09-12T04:26:06Z,5153S28406R2N,5153S,,SCHEDULED,120,2.0
2026-09-12T04:26:06Z,5153S28264R2S,5153S,,SCHEDULED,-60,-1.0
2026-09-12T04:26:06Z,5153S28263R2S,5153S,,SCHEDULED,240,4.0
2026-09-12T04:26:06Z,5153S77400R4,5153S,,SCHEDULED,240,4.0
2026-09-12T04:26:06Z,6053S26503C3,6053S,,SCHEDULED,60,1.0
2026-09-12T04:26:06Z,6053S26506C3,6053S,,SCHEDULED,-60,-1.0
2026-09-12T04:26:06Z,6053S26504C3,6053S,,SCHEDULED,0,0.0
2026-09-12T04:26:06Z,6053S29506C2,6053S,,SCHEDULED,0,0.0
2026-09-12T04:26:06Z,6053S26505C3,6053S,,SCHEDULED,60,1.0
2026-09-12T04:26:06Z,6053S29507C2,6053S,,SCHEDULED,360,6.0
2026-09-12T04:26:06Z,6053S29611C1,6053S,,SCHEDULED,120,2.0
2026-09-12T04:26:06Z,6053S71500C4,6053S,,SCHEDULED,-60,-1.0
2026-09-12T04:26:06Z,6053S29608C1,6053S,,SCHEDULED,180,3.0
2026-09-12T04:26:06Z,6053S71503C4,6053S,,SCHEDULED,0,0.0
2026-09-12T04:26:06Z,6053S26507C3,6053S,,SCHEDULED,0,0.0
2026-09-12T04:26:06Z,6153S35613C1,6153S,,SCHEDULED,60,1.0
2026-09-12T04:26:06Z,6153S35612C1,6153S,,SCHEDULED,-60,-1.0
2026-09-12T04:26:06Z,6153S35688C1,6153S,,SCHEDULED,-60,-1.0
2026-09-12T04:26:06Z,6253S26903C1,6253S,,SCHEDULED,0,0.0
2026-09-12T04:26:06Z,6253S71154C2,6253S,,SCHEDULED,0,0.0
2026-09-12T04:26:06Z,6253S71152C2,6253S,,SCHEDULED,420,7.0
2026-09-12T04:26:06Z,4753S71080C1,4753S,,SCHEDULED,0,0.0
2026-09-12T04:26:06Z,2053S70503C7,2053S,,SCHEDULED,0,0.0
2026-09-12T04:26:06Z,2053S22201C2,2053S,,SCHEDULED,0,0.0
2026-09-12T04:26:06Z,2053S22202C2,2053S,,SCHEDULED,180,3.0
2026-09-12T04:26:06Z,2053S22002C1,2053S,,SCHEDULED,180,3.0
2026-09-12T04:26:06Z,2053S22200C2,2053S,,SCHEDULED,360,6.0
2026-09-12T04:26:06Z,2053S70508C7,2053S,,SCHEDULED,120,2.0
2026-09-12T04:26:06Z,2053S70505C7,2053S,,SCHEDULED,0,0.0
2026-09-12T04:26:06Z,2053S22004C1,2053S,,SCHEDULED,120,2.0
2026-09-12T04:26:06Z,2053S70756C6,2053S,,SCHEDULED,0,0.0
2026-09-12T04:26:06Z,2053S22105C1,2053S,,CANCELED,,
2026-09-12T04:26:06Z,2053S70932C8,2053S,,SCHEDULED,360,6.0
2026-09-12T04:26:06Z,2053S70251C4,2053S,,SCHEDULED,0,0.0
2026-09-12T04:26:06Z,2053S70402C5,2053S,,SCHEDULED,0,0.0
2026-09-12T04:26:06Z,2053S70204C4,2053S,,SCHEDULED,0,0.0
2026-09-12T04:26:06Z,2053S70853C6,2053S,,SCHEDULED,0,0.0
2026-09-12T04:26:06Z,4153S24702C1,4153S,,SCHEDULED,0,0.0
2026-09-12T04:26:06Z,4153S24703C1,4153S,,SCHEDULED,840,14.0
2026-09-12T04:26:06Z,4153S84904C2,4153S,,SCHEDULED,0,0.0
2026-09-12T04:26:06Z,4553S71701C1,4553S,,SCHEDULED,0,0.0
2026-09-12T04:26:06Z,1053S27209C4a,1053S,,SCHEDULED,360,6.0
2026-09-12T04:26:06Z,1053S27411C4b,1053S,,SCHEDULED,780,13.0
2026-09-12T04:26:06Z,1053S27408C4b,1053S,,SCHEDULED,180,3.0
2026-09-12T04:26:06Z,1053S27210C4a,1053S,,SCHEDULED,240,4.0
2026-09-12T04:26:06Z,1053S75000C8a,1053S,,SCHEDULED,660,11.0
2026-09-12T04:26:06Z,1053S27208C4,1053S,,SCHEDULED,420,7.0
2026-09-12T04:26:06Z,1053S27211C4a,1053S,,SCHEDULED,1320,22.0
2026-09-12T04:26:06Z,1053S27406C4b,1053S,,SCHEDULED,180,3.0
2026-09-12T04:26:06Z,1053S75809C7,1053S,,SCHEDULED,540,9.0
2026-09-12T04:26:06Z,1053S75806C7,1053S,,SCHEDULED,0,0.0
2026-09-12T04:26:06Z,1053S27708C5,1053S,,SCHEDULED,60,1.0
2026-09-12T04:26:06Z,1053S27003C3,1053S,,SCHEDULED,0,0.0
2026-09-12T04:26:06Z,1053S27709C5,1053S,,SCHEDULED,60,1.0
2026-09-12T04:26:06Z,1053S75506C2,1053S,,SCHEDULED,0,0.0
2026-09-12T04:26:06Z,1053S27004C3,1053S,,SCHEDULED,180,3.0
2026-09-12T04:26:06Z,1053S27706C5,1053S,,SCHEDULED,0,0.0
2026-09-12T04:26:06Z,1053S27002C3,1053S,,SCHEDULED,180,3.0
2026-09-12T04:26:06Z,1053S27707C5,1053S,,SCHEDULED,840,14.0
2026-09-12T04:26:06Z,1053S75813C7,1053S,,SCHEDULED,-60,-1.0
2026-09-12T04:26:06Z,1053S75504C2,1053S,,SCHEDULED,900,15.0
2026-09-12T04:26:06Z,1053S75304C10,1053S,,SCHEDULED,0,0.0
2026-09-12T04:26:06Z,1053S75811C7,1053S,,SCHEDULED,60,1.0
2026-09-12T04:26:06Z,1053S27216C4a,1053S,,SCHEDULED,0,0.0
2026-09-12T04:26:06Z,1053S75106C10,1053S,,SCHEDULED,0,0.0
2026-09-12T04:26:06Z,1053S27415C4b,1053S,,SCHEDULED,0,0.0
2026-09-12T04:26:06Z,1053S27214C4a,1053S,,SCHEDULED,0,0.0
2026-09-12T04:26:06Z,1053S27215C4a,1053S,,SCHEDULED,0,0.0
2026-09-12T04:26:06Z,1053S27413C4b,1053S,,SCHEDULED,60,1.0
2026-09-12T04:26:06Z,1053S75501C2,1053S,,SCHEDULED,0,0.0
2026-09-12T04:26:06Z,1053S27417C4b,1053S,,SCHEDULED,0,0.0
2026-09-12T04:26:06Z,1053S75302C10,1053S,,SCHEDULED,420,7.0
2026-09-12T04:26:06Z,1053S27212C4a,1053S,,SCHEDULED,0,0.0
2026-09-12T04:26:06Z,1053S75104C10,1053S,,SCHEDULED,0,0.0
2026-09-12T04:26:06Z,1053S27213C4a,1053S,,SCHEDULED,120,2.0
2026-09-12T04:26:06Z,1053S19807C1,1053S,,SCHEDULED,180,3.0
2026-09-12T04:26:06Z,1053S75804C7,1053S,,SCHEDULED,60,1.0
2026-09-12T04:26:06Z,1053S75605C2,1053S,,SCHEDULED,0,0.0
2026-09-12T04:26:06Z,1053S19806C1,1053S,,SCHEDULED,0,0.0
2026-09-12T04:26:06Z,1053S27409C4b,1053S,,SCHEDULED,540,9.0
2026-09-12T04:26:06Z,1053S75802C7,1053S,,SCHEDULED,0,0.0
2026-09-12T04:26:06Z,1053S19802C1,1053S,,SCHEDULED,120,2.0
2026-09-12T04:26:06Z,1053S75603C2,1053S,,SCHEDULED,0,0.0
2026-09-12T04:26:06Z,1053S27711C5,1053S,,SCHEDULED,0,0.0
2026-09-12T04:26:06Z,1053S75800C7,1053S,,SCHEDULED,600,10.0
2026-09-12T04:26:06Z,1053S75601C2,1053S,,SCHEDULED,120,2.0
2026-09-12T04:26:06Z,1053S27712C5,1053S,,SCHEDULED,0,0.0
2026-09-12T04:26:06Z,1053S27710C5,1053S,,SCHEDULED,120,2.0
2026-09-12T04:26:06Z,1053S27007C3,1053S,,SCHEDULED,0,0.0
2026-09-12T04:26:06Z,1053S27716C5,1053S,,SCHEDULED,0,0.0
2026-09-12T04:26:06Z,1053S75202C10,1053S,,SCHEDULED,0,0.0
2026-09-12T04:26:06Z,1053S27602C8b,1053S,,SCHEDULED,0,0.0
2026-09-12T04:26:06Z,1053S27713C5,1053S,,SCHEDULED,0,0.0
2026-09-12T04:26:06Z,1053S27714C5,1053S,,SCHEDULED,-60,-1.0
2026-09-12T04:26:06Z,1053S27404C4b,1053S,,SCHEDULED,120,2.0
2026-09-12T04:26:06Z,1053S75500C2,1053S,,SCHEDULED,780,13.0
2026-09-12T04:26:06Z,1053S27206C4,1053S,,SCHEDULED,960,16.0
2026-09-12T04:26:06Z,1053S75301C10,1053S,,SCHEDULED,360,6.0
2026-09-12T04:26:06Z,1053S27704C5,1053S,,SCHEDULED,60,1.0
2026-09-12T04:26:06Z,1053S27006C3,1053S,,SCHEDULED,0,0.0
2026-09-12T04:26:06Z,1053S75002C8a,1053S,,SCHEDULED,60,1.0
2026-09-12T04:26:06Z,1053S27903C5,1053S,,SCHEDULED,0,0.0
2026-09-12T04:26:06Z,1053S27705C5,1053S,,SCHEDULED,60,1.0
2026-09-12T04:26:06Z,1053S27901C5,1053S,,SCHEDULED,120,2.0
2026-09-12T04:26:06Z,1053S27402C4,1053S,,SCHEDULED,420,7.0
2026-09-12T04:26:06Z,1053S75001C8a,1053S,,SCHEDULED,240,4.0
2026-09-12T04:26:06Z,1053S19809C1,1053S,,SCHEDULED,0,0.0
2026-09-12T04:26:06Z,1053S19805C1,1053S,,SCHEDULED,300,5.0
2026-09-12T04:26:06Z,1053S19804C1,1053S,,SCHEDULED,0,0.0
2026-09-12T04:31:31Z,3053S23506C1,3053S,,SCHEDULED,360,6.0
2026-09-12T04:31:31Z,3053S23507C1,3053S,,SCHEDULED,0,0.0
2026-09-12T04:31:31Z,3053S23502C1,3053S,,SCHEDULED,300,5.0
2026-09-12T04:31:31Z,3053S23703C5,3053S,,SCHEDULED,0,0.0
2026-09-12T04:31:31Z,3153S23424T1,3153S,,SCHEDULED,0,0.0
2026-09-12T04:31:31Z,3253S23304C1,3253S,,SCHEDULED,0,0.0
2026-09-12T04:31:31Z,3253S23302C1,3253S,,SCHEDULED,-60,-1.0
2026-09-12T04:31:31Z,3253S23305C1,3253S,,SCHEDULED,120,2.0
2026-09-12T04:31:31Z,4053S80017C3,4053S,,SCHEDULED,0,0.0
2026-09-12T04:31:31Z,4053S24302C6,4053S,,SCHEDULED,60,1.0
2026-09-12T04:31:31Z,4053S24204C1,4053S,,SCHEDULED,60,1.0
2026-09-12T04:31:31Z,4053S84006C2,4053S,,SCHEDULED,0,0.0
2026-09-12T04:31:31Z,4053S24001C2,4053S,,SCHEDULED,420,7.0
2026-09-12T04:31:31Z,4053S76656C3,4053S,,SCHEDULED,0,0.0
2026-09-12T04:31:31Z,4053S76602C3,4053S,,SCHEDULED,0,0.0
2026-09-12T04:31:31Z,4053S24303C6,4053S,,SCHEDULED,0,0.0
2026-09-12T04:31:31Z,4053S24002C2,4053S,,SCHEDULED,240,4.0
2026-09-12T04:31:31Z,4053S84003C2,4053S,,SCHEDULED,0,0.0
2026-09-12T04:31:31Z,4053S24003C2,4053S,,SCHEDULED,120,2.0
2026-09-12T04:31:31Z,5153S30531R15,5153S,,SCHEDULED,-120,-2.0
2026-09-12T04:31:31Z,5153S30530R15,5153S,,SCHEDULED,0,0.0
2026-09-12T04:31:31Z,5153S15850R11,5153S,,SCHEDULED,0,0.0
2026-09-12T04:31:31Z,5153S28404R2N,5153S,,SCHEDULED,60,1.0
2026-09-12T04:31:31Z,5153S28408R2N,5153S,,SCHEDULED,60,1.0
2026-09-12T04:31:31Z,5153S77500R4,5153S,,SCHEDULED,-60,-1.0
2026-09-12T04:31:31Z,5153S77404R4,5153S,,SCHEDULED,0,0.0
2026-09-12T04:31:31Z,5153S77801R7,5153S,,SCHEDULED,-60,-1.0
2026-09-12T04:31:31Z,5153S77504R4,5153S,,SCHEDULED,240,4.0
2026-09-12T04:31:31Z,5153S77508R4,5153S,,SCHEDULED,60,1.0
2026-09-12T04:31:31Z,5153S28406R2N,5153S,,SCHEDULED,120,2.0
2026-09-12T04:31:31Z,5153S28264R2S,5153S,,SCHEDULED,0,0.0
2026-09-12T04:31:31Z,5153S28263R2S,5153S,,SCHEDULED,240,4.0
2026-09-12T04:31:31Z,5153S77400R4,5153S,,SCHEDULED,240,4.0
2026-09-12T04:31:31Z,5153S25604R1,5153S,,SCHEDULED,900,15.0
2026-09-12T04:31:31Z,5153S25603R1,5153S,,SCHEDULED,660,11.0
2026-09-12T04:31:31Z,5153S77510R4,5153S,,SCHEDULED,60,1.0
2026-09-12T04:31:31Z,5153S78600R8,5153S,,SCHEDULED,60,1.0
2026-09-12T04:31:31Z,5153S77312R3,5153S,,SCHEDULED,-240,-4.0
2026-09-12T04:31:31Z,5153S15902R11,5153S,,SCHEDULED,0,0.0
2026-09-12T04:31:31Z,5153S35518R3,5153S,,SCHEDULED,180,3.0
2026-09-12T04:31:31Z,5153S25606R1,5153S,,SCHEDULED,180,3.0
2026-09-12T04:31:31Z,5153S25608R1,5153S,,SCHEDULED,0,0.0
2026-09-12T04:31:31Z,5153S15040R13,5153S,,SCHEDULED,-240,-4.0
2026-09-12T04:31:31Z,5153S15000R15,5153S,,SCHEDULED,240,4.0
2026-09-12T04:31:31Z,5153S25402R2N,5153S,,SCHEDULED,300,5.0
2026-09-12T04:31:31Z,5153S25600R1,5153S,,SCHEDULED,180,3.0
2026-09-12T04:31:31Z,5153S25502R2S,5153S,,SCHEDULED,60,1.0
2026-09-12T04:31:31Z,5153S25601R1,5153S,,SCHEDULED,660,11.0
2026-09-12T04:31:31Z,6053S26504C3,6053S,,SCHEDULED,60,1.0
2026-09-12T04:31:31Z,6053S26503C3,6053S,,SCHEDULED,60,1.0
2026-09-12T04:31:31Z,6053S29608C1,6053S,,SCHEDULED,300,5.0
2026-09-12T04:31:31Z,6053S26505C3,6053S,,SCHEDULED,180,3.0
2026-09-12T04:31:31Z,6053S26506C3,6053S,,SCHEDULED,60,1.0
2026-09-12T04:31:31Z,6053S26507C3,6053S,,SCHEDULED,0,0.0
2026-09-12T04:31:31Z,6053S29611C1,6053S,,SCHEDULED,240,4.0
2026-09-12T04:31:31Z,6053S71500C4,6053S,,SCHEDULED,0,0.0
2026-09-12T04:31:31Z,6053S26508C3,6053S,,SCHEDULED,0,0.0
2026-09-12T04:31:31Z,6053S71503C4,6053S,,SCHEDULED,0,0.0
2026-09-12T04:31:31Z,6153S35665C1,6153S,,SCHEDULED,0,0.0
2026-09-12T04:31:31Z,6153S35612C1,6153S,,SCHEDULED,60,1.0
2026-09-12T04:31:31Z,6153S35688C1,6153S,,SCHEDULED,-120,-2.0
2026-09-12T04:31:31Z,6153S35613C1,6153S,,SCHEDULED,60,1.0
2026-09-12T04:31:31Z,6253S71154C2,6253S,,SCHEDULED,0,0.0
2026-09-12T04:31:31Z,6253S71152C2,6253S,,SCHEDULED,360,6.0
2026-09-12T04:31:31Z,6253S26903C1,6253S,,SCHEDULED,0,0.0
2026-09-12T04:31:31Z,4753S71080C1,4753S,,SCHEDULED,0,0.0
2026-09-12T04:31:31Z,2053S22002C1,2053S,,SCHEDULED,120,2.0
2026-09-12T04:31:31Z,2053S22201C2,2053S,,SCHEDULED,300,5.0
2026-09-12T04:31:31Z,2053S22202C2,2053S,,SCHEDULED,180,3.0
2026-09-12T04:31:31Z,2053S22004C1,2053S,,SCHEDULED,120,2.0
2026-09-12T04:31:31Z,2053S22105C1,2053S,,CANCELED,,
2026-09-12T04:31:31Z,2053S70508C7,2053S,,SCHEDULED,240,4.0
2026-09-12T04:31:31Z,2053S70901C8,2053S,,SCHEDULED,0,0.0
2026-09-12T04:31:31Z,2053S70505C7,2053S,,SCHEDULED,0,0.0
2026-09-12T04:31:31Z,2053S70756C6,2053S,,SCHEDULED,0,0.0
2026-09-12T04:31:31Z,2053S70932C8,2053S,,SCHEDULED,720,12.0
2026-09-12T04:31:31Z,2053S70251C4,2053S,,SCHEDULED,0,0.0
2026-09-12T04:31:31Z,2053S70250C4,2053S,,SCHEDULED,0,0.0
2026-09-12T04:31:31Z,2053S70402C5,2053S,,SCHEDULED,0,0.0
2026-09-12T04:31:31Z,2053S70204C4,2053S,,SCHEDULED,0,0.0
2026-09-12T04:31:31Z,2053S70853C6,2053S,,SCHEDULED,300,5.0
2026-09-12T04:31:31Z,2053S70503C7,2053S,,SCHEDULED,0,0.0
2026-09-12T04:31:31Z,4153S24702C1,4153S,,SCHEDULED,0,0.0
2026-09-12T04:31:31Z,4153S84904C2,4153S,,SCHEDULED,0,0.0
2026-09-12T04:31:31Z,4153S24703C1,4153S,,SCHEDULED,60,1.0
2026-09-12T04:31:31Z,4553S71701C1,4553S,,SCHEDULED,120,2.0
2026-09-12T04:31:31Z,1053S27213C4a,1053S,,SCHEDULED,480,8.0
2026-09-12T04:31:31Z,1053S27210C4a,1053S,,SCHEDULED,120,2.0
2026-09-12T04:31:31Z,1053S27209C4a,1053S,,SCHEDULED,300,5.0
2026-09-12T04:31:31Z,1053S27408C4b,1053S,,SCHEDULED,540,9.0
2026-09-12T04:31:31Z,1053S75000C8a,1053S,,SCHEDULED,300,5.0
2026-09-12T04:31:31Z,1053S27211C4a,1053S,,SCHEDULED,1680,28.0
2026-09-12T04:31:31Z,1053S75809C7,1053S,,SCHEDULED,900,15.0
2026-09-12T04:31:31Z,1053S75806C7,1053S,,SCHEDULED,0,0.0
2026-09-12T04:31:31Z,1053S27708C5,1053S,,SCHEDULED,0,0.0
2026-09-12T04:31:31Z,1053S27208C4,1053S,,SCHEDULED,420,7.0
2026-09-12T04:31:31Z,1053S27709C5,1053S,,SCHEDULED,420,7.0
2026-09-12T04:31:31Z,1053S27406C4b,1053S,,SCHEDULED,60,1.0
2026-09-12T04:31:31Z,1053S75506C2,1053S,,SCHEDULED,0,0.0
2026-09-12T04:31:31Z,1053S27706C5,1053S,,SCHEDULED,0,0.0
2026-09-12T04:31:31Z,1053S27004C3,1053S,,SCHEDULED,300,5.0
2026-09-12T04:31:31Z,1053S27707C5,1053S,,SCHEDULED,1200,20.0
2026-09-12T04:31:31Z,1053S27002C3,1053S,,SCHEDULED,360,6.0
2026-09-12T04:31:31Z,1053S75504C2,1053S,,SCHEDULED,0,0.0
2026-09-12T04:31:31Z,1053S75304C10,1053S,,SCHEDULED,0,0.0
2026-09-12T04:31:31Z,1053S75813C7,1053S,,SCHEDULED,300,5.0
2026-09-12T04:31:31Z,1053S75106C10,1053S,,SCHEDULED,0,0.0
2026-09-12T04:31:31Z,1053S27216C4a,1053S,,SCHEDULED,0,0.0
2026-09-12T04:31:31Z,1053S75502C2,1053S,,SCHEDULED,300,5.0
2026-09-12T04:31:31Z,1053S27415C4b,1053S,,SCHEDULED,0,0.0
2026-09-12T04:31:31Z,1053S27214C4a,1053S,,SCHEDULED,360,6.0
2026-09-12T04:31:31Z,1053S27215C4a,1053S,,SCHEDULED,0,0.0
2026-09-12T04:31:31Z,1053S27413C4b,1053S,,SCHEDULED,0,0.0
2026-09-12T04:31:31Z,1053S75501C2,1053S,,SCHEDULED,300,5.0
2026-09-12T04:31:31Z,1053S75104C10,1053S,,SCHEDULED,120,2.0
2026-09-12T04:31:31Z,1053S27417C4b,1053S,,SCHEDULED,0,0.0
2026-09-12T04:31:31Z,1053S27410C4b,1053S,,SCHEDULED,0,0.0
2026-09-12T04:31:31Z,1053S19806C1,1053S,,SCHEDULED,0,0.0
2026-09-12T04:31:31Z,1053S27212C4a,1053S,,SCHEDULED,0,0.0
2026-09-12T04:31:31Z,1053S75804C7,1053S,,SCHEDULED,240,4.0
2026-09-12T04:31:31Z,1053S75605C2,1053S,,SCHEDULED,0,0.0
2026-09-12T04:31:31Z,1053S19802C1,1053S,,SCHEDULED,60,1.0
2026-09-12T04:31:31Z,1053S27409C4b,1053S,,SCHEDULED,360,6.0
2026-09-12T04:31:31Z,1053S27711C5,1053S,,SCHEDULED,0,0.0
2026-09-12T04:31:31Z,1053S75802C7,1053S,,SCHEDULED,0,0.0
2026-09-12T04:31:31Z,1053S75603C2,1053S,,SCHEDULED,180,3.0
2026-09-12T04:31:31Z,1053S75800C7,1053S,,SCHEDULED,360,6.0
2026-09-12T04:31:31Z,1053S27712C5,1053S,,SCHEDULED,0,0.0
2026-09-12T04:31:31Z,1053S75601C2,1053S,,SCHEDULED,300,5.0
2026-09-12T04:31:31Z,1053S27710C5,1053S,,SCHEDULED,240,4.0
2026-09-12T04:31:31Z,1053S27007C3,1053S,,SCHEDULED,0,0.0
2026-09-12T04:31:31Z,1053S27716C5,1053S,,SCHEDULED,0,0.0
2026-09-12T04:31:31Z,1053S75202C10,1053S,,SCHEDULED,0,0.0
2026-09-12T04:31:31Z,1053S27602C8b,1053S,,SCHEDULED,0,0.0
2026-09-12T04:31:31Z,1053S27713C5,1053S,,SCHEDULED,0,0.0
2026-09-12T04:31:31Z,1053S27714C5,1053S,,SCHEDULED,240,4.0
2026-09-12T04:31:31Z,1053S27404C4b,1053S,,SCHEDULED,240,4.0
2026-09-12T04:31:31Z,1053S19811C1,1053S,,SCHEDULED,0,0.0
2026-09-12T04:31:31Z,1053S27206C4,1053S,,SCHEDULED,900,15.0
2026-09-12T04:31:31Z,1053S27005C3,1053S,,SCHEDULED,60,1.0
2026-09-12T04:31:31Z,1053S75302C10,1053S,,SCHEDULED,0,0.0
2026-09-12T04:31:31Z,1053S75500C2,1053S,,SCHEDULED,540,9.0
2026-09-12T04:31:31Z,1053S27006C3,1053S,,SCHEDULED,0,0.0
2026-09-12T04:31:31Z,1053S75002C8a,1053S,,SCHEDULED,180,3.0
2026-09-12T04:31:31Z,1053S75301C10,1053S,,SCHEDULED,60,1.0
2026-09-12T04:31:31Z,1053S27903C5,1053S,,SCHEDULED,0,0.0
2026-09-12T04:31:31Z,1053S27402C4,1053S,,SCHEDULED,360,6.0
2026-09-12T04:31:31Z,1053S75001C8a,1053S,,SCHEDULED,240,4.0
2026-09-12T04:31:31Z,1053S27705C5,1053S,,SCHEDULED,0,0.0
2026-09-12T04:31:31Z,1053S27901C5,1053S,,SCHEDULED,0,0.0
2026-09-12T04:31:31Z,1053S19809C1,1053S,,SCHEDULED,0,0.0
2026-09-12T04:31:31Z,1053S19804C1,1053S,,SCHEDULED,0,0.0
2026-09-12T04:31:31Z,1053S19807C1,1053S,,SCHEDULED,120,2.0
2026-09-12T04:36:12Z,3053S23507C1,3053S,,SCHEDULED,0,0.0
2026-09-12T04:36:12Z,3053S23506C1,3053S,,SCHEDULED,480,8.0
2026-09-12T04:36:12Z,3053S23703C5,3053S,,SCHEDULED,0,0.0
2026-09-12T04:36:12Z,3153S23424T1,3153S,,SCHEDULED,0,0.0
2026-09-12T04:36:12Z,3253S23304C1,3253S,,SCHEDULED,0,0.0
2026-09-12T04:36:12Z,3253S23307C1,3253S,,SCHEDULED,0,0.0
2026-09-12T04:36:12Z,3253S23305C1,3253S,,SCHEDULED,180,3.0
2026-09-12T04:36:12Z,4053S80017C3,4053S,,SCHEDULED,0,0.0
2026-09-12T04:36:12Z,4053S76656C3,4053S,,SCHEDULED,-60,-1.0
2026-09-12T04:36:12Z,4053S24302C6,4053S,,SCHEDULED,60,1.0
2026-09-12T04:36:12Z,4053S76602C3,4053S,,SCHEDULED,0,0.0
2026-09-12T04:36:12Z,4053S24204C1,4053S,,SCHEDULED,0,0.0
2026-09-12T04:36:12Z,4053S84003C2,4053S,,SCHEDULED,0,0.0
2026-09-12T04:36:12Z,4053S84006C2,4053S,,SCHEDULED,0,0.0
2026-09-12T04:36:12Z,4053S24303C6,4053S,,SCHEDULED,0,0.0
2026-09-12T04:36:12Z,4053S24001C2,4053S,,SCHEDULED,300,5.0
2026-09-12T04:36:12Z,4053S24002C2,4053S,,SCHEDULED,0,0.0
2026-09-12T04:36:12Z,4053S24205C1,4053S,,SCHEDULED,0,0.0
2026-09-12T04:36:12Z,4053S24003C2,4053S,,SCHEDULED,60,1.0
2026-09-12T04:36:12Z,5153S30530R15,5153S,,SCHEDULED,0,0.0
2026-09-12T04:36:12Z,5153S15850R11,5153S,,SCHEDULED,0,0.0
2026-09-12T04:36:12Z,5153S28404R2N,5153S,,SCHEDULED,-120,-2.0
2026-09-12T04:36:12Z,5153S28408R2N,5153S,,SCHEDULED,0,0.0
2026-09-12T04:36:12Z,5153S28406R2N,5153S,,SCHEDULED,120,2.0
2026-09-12T04:36:12Z,5153S25604R1,5153S,,SCHEDULED,1380,23.0
2026-09-12T04:36:12Z,5153S25603R1,5153S,,SCHEDULED,600,10.0
2026-09-12T04:36:12Z,5153S77510R4,5153S,,SCHEDULED,-60,-1.0
2026-09-12T04:36:12Z,5153S78600R8,5153S,,SCHEDULED,60,1.0
2026-09-12T04:36:12Z,5153S77312R3,5153S,,SCHEDULED,-240,-4.0
2026-09-12T04:36:12Z,5153S25562R2S,5153S,,SCHEDULED,-60,-1.0
2026-09-12T04:36:12Z,5153S15902R11,5153S,,SCHEDULED,0,0.0
2026-09-12T04:36:12Z,5153S35518R3,5153S,,SCHEDULED,180,3.0
2026-09-12T04:36:12Z,5153S30531R15,5153S,,SCHEDULED,60,1.0
2026-09-12T04:36:12Z,5153S25606R1,5153S,,SCHEDULED,120,2.0
2026-09-12T04:36:12Z,5153S25608R1,5153S,,SCHEDULED,-60,-1.0
2026-09-12T04:36:12Z,5153S15040R13,5153S,,SCHEDULED,-240,-4.0
2026-09-12T04:36:12Z,5153S15000R15,5153S,,SCHEDULED,240,4.0
2026-09-12T04:36:12Z,5153S25402R2N,5153S,,SCHEDULED,240,4.0
2026-09-12T04:36:12Z,5153S25600R1,5153S,,SCHEDULED,180,3.0
2026-09-12T04:36:12Z,5153S25502R2S,5153S,,SCHEDULED,60,1.0
2026-09-12T04:36:12Z,5153S25601R1,5153S,,SCHEDULED,720,12.0
2026-09-12T04:36:12Z,5153S77800R7,5153S,,SCHEDULED,0,0.0
2026-09-12T04:36:12Z,5153S77404R4,5153S,,SCHEDULED,0,0.0
2026-09-12T04:36:12Z,5153S77801R7,5153S,,SCHEDULED,0,0.0
2026-09-12T04:36:12Z,5153S77508R4,5153S,,SCHEDULED,120,2.0
2026-09-12T04:36:12Z,5153S77400R4,5153S,,SCHEDULED,240,4.0
2026-09-12T04:36:12Z,5153S78632R8,5153S,,SCHEDULED,120,2.0
2026-09-12T04:36:12Z,5153S77500R4,5153S,,SCHEDULED,60,1.0
2026-09-12T04:36:12Z,6053S29509C2,6053S,,SCHEDULED,0,0.0
2026-09-12T04:36:12Z,6053S26504C3,6053S,,SCHEDULED,60,1.0
2026-09-12T04:36:12Z,6053S29506C2,6053S,,SCHEDULED,540,9.0
2026-09-12T04:36:12Z,6053S26505C3,6053S,,SCHEDULED,60,1.0
2026-09-12T04:36:12Z,6053S26506C3,6053S,,SCHEDULED,0,0.0
2026-09-12T04:36:12Z,6053S26507C3,6053S,,SCHEDULED,120,2.0
2026-09-12T04:36:12Z,6053S29611C1,6053S,,SCHEDULED,240,4.0
2026-09-12T04:36:12Z,6053S26508C3,6053S,,SCHEDULED,0,0.0
2026-09-12T04:36:12Z,6053S71503C4,6053S,,SCHEDULED,60,1.0
2026-09-12T04:36:12Z,6153S35665C1,6153S,,SCHEDULED,0,0.0
2026-09-12T04:36:12Z,6153S35612C1,6153S,,SCHEDULED,120,2.0
2026-09-12T04:36:12Z,6153S35688C1,6153S,,SCHEDULED,0,0.0
2026-09-12T04:36:12Z,6153S30600C1,6153S,,SCHEDULED,0,0.0
2026-09-12T04:36:12Z,6153S35613C1,6153S,,SCHEDULED,60,1.0
2026-09-12T04:36:12Z,6253S71152C2,6253S,,SCHEDULED,360,6.0
2026-09-12T04:36:12Z,4753S71080C1,4753S,,SCHEDULED,0,0.0
2026-09-12T04:36:12Z,2053S70250C4,2053S,,SCHEDULED,0,0.0
2026-09-12T04:36:12Z,2053S22002C1,2053S,,SCHEDULED,120,2.0
2026-09-12T04:36:12Z,2053S22201C2,2053S,,SCHEDULED,120,2.0
2026-09-12T04:36:12Z,2053S22202C2,2053S,,SCHEDULED,60,1.0
2026-09-12T04:36:12Z,2053S70508C7,2053S,,SCHEDULED,180,3.0
2026-09-12T04:36:12Z,2053S70901C8,2053S,,SCHEDULED,0,0.0
2026-09-12T04:36:12Z,2053S70505C7,2053S,,SCHEDULED,0,0.0
2026-09-12T04:36:12Z,2053S22105C1,2053S,,CANCELED,,
2026-09-12T04:36:12Z,2053S70756C6,2053S,,SCHEDULED,0,0.0
2026-09-12T04:36:12Z,2053S70932C8,2053S,,SCHEDULED,1020,17.0
2026-09-12T04:36:12Z,2053S70403C5,2053S,,SCHEDULED,0,0.0
2026-09-12T04:36:12Z,2053S70251C4,2053S,,SCHEDULED,0,0.0
2026-09-12T04:36:12Z,2053S70402C5,2053S,,SCHEDULED,0,0.0
2026-09-12T04:36:12Z,2053S70204C4,2053S,,SCHEDULED,180,3.0
2026-09-12T04:36:12Z,2053S70853C6,2053S,,SCHEDULED,600,10.0
2026-09-12T04:36:12Z,2053S70503C7,2053S,,SCHEDULED,0,0.0
2026-09-12T04:36:12Z,4153S24702C1,4153S,,SCHEDULED,0,0.0
2026-09-12T04:36:12Z,4153S84904C2,4153S,,SCHEDULED,60,1.0
2026-09-12T04:36:12Z,4153S24703C1,4153S,,SCHEDULED,360,6.0
2026-09-12T04:36:12Z,4553S71700C1,4553S,,SCHEDULED,0,0.0
2026-09-12T04:36:12Z,4553S71701C1,4553S,,SCHEDULED,60,1.0
2026-09-12T04:36:12Z,1053S27212C4a,1053S,,SCHEDULED,0,0.0
2026-09-12T04:36:12Z,1053S27213C4a,1053S,,SCHEDULED,780,13.0
2026-09-12T04:36:12Z,1053S27411C4b,1053S,,SCHEDULED,780,13.0
2026-09-12T04:36:12Z,1053S27210C4a,1053S,,SCHEDULED,60,1.0
2026-09-12T04:36:12Z,1053S27211C4a,1053S,,SCHEDULED,1560,26.0
2026-09-12T04:36:12Z,1053S75809C7,1053S,,SCHEDULED,1200,20.0
2026-09-12T04:36:12Z,1053S75806C7,1053S,,SCHEDULED,0,0.0
2026-09-12T04:36:12Z,1053S27708C5,1053S,,SCHEDULED,0,0.0
2026-09-12T04:36:12Z,1053S27709C5,1053S,,SCHEDULED,480,8.0
2026-09-12T04:36:12Z,1053S75506C2,1053S,,SCHEDULED,0,0.0
2026-09-12T04:36:12Z,1053S27707C5,1053S,,SCHEDULED,1260,21.0
2026-09-12T04:36:12Z,1053S75504C2,1053S,,SCHEDULED,180,3.0
2026-09-12T04:36:12Z,1053S75304C10,1053S,,SCHEDULED,0,0.0
2026-09-12T04:36:12Z,1053S75106C10,1053S,,SCHEDULED,0,0.0
2026-09-12T04:36:12Z,1053S75502C2,1053S,,SCHEDULED,420,7.0
2026-09-12T04:36:12Z,1053S75501C2,1053S,,SCHEDULED,60,1.0
2026-09-12T04:36:12Z,1053S75104C10,1053S,,SCHEDULED,240,4.0
2026-09-12T04:36:12Z,1053S75302C10,1053S,,SCHEDULED,120,2.0
2026-09-12T04:36:12Z,1053S19807C1,1053S,,SCHEDULED,60,1.0
2026-09-12T04:36:12Z,1053S19806C1,1053S,,SCHEDULED,0,0.0
2026-09-12T04:36:12Z,1053S27711C5,1053S,,SCHEDULED,120,2.0
2026-09-12T04:36:12Z,1053S27712C5,1053S,,SCHEDULED,120,2.0
2026-09-12T04:36:12Z,1053S27710C5,1053S,,SCHEDULED,60,1.0
2026-09-12T04:36:12Z,1053S27715C5,1053S,,SCHEDULED,0,0.0
2026-09-12T04:36:12Z,1053S27716C5,1053S,,SCHEDULED,0,0.0
2026-09-12T04:36:12Z,1053S27713C5,1053S,,SCHEDULED,0,0.0
2026-09-12T04:36:12Z,1053S27714C5,1053S,,SCHEDULED,540,9.0
2026-09-12T04:36:12Z,1053S19811C1,1053S,,SCHEDULED,0,0.0
2026-09-12T04:36:12Z,1053S75500C2,1053S,,SCHEDULED,840,14.0
2026-09-12T04:36:12Z,1053S75301C10,1053S,,SCHEDULED,60,1.0
2026-09-12T04:36:12Z,1053S27902C5,1053S,,SCHEDULED,0,0.0
2026-09-12T04:36:12Z,1053S27903C5,1053S,,SCHEDULED,0,0.0
2026-09-12T04:36:12Z,1053S27705C5,1053S,,SCHEDULED,0,0.0
2026-09-12T04:36:12Z,1053S27901C5,1053S,,SCHEDULED,0,0.0
2026-09-12T04:36:12Z,1053S19809C1,1053S,,SCHEDULED,0,0.0
2026-09-12T04:36:12Z,1053S19808C1,1053S,,SCHEDULED,0,0.0
2026-09-12T04:36:12Z,1053S19804C1,1053S,,SCHEDULED,60,1.0
2026-09-12T04:36:12Z,1053S27408C4b,1053S,,SCHEDULED,840,14.0
2026-09-12T04:36:12Z,1053S75000C8a,1053S,,SCHEDULED,420,7.0
2026-09-12T04:36:12Z,1053S75804C7,1053S,,SCHEDULED,480,8.0
2026-09-12T04:36:12Z,1053S27208C4,1053S,,SCHEDULED,660,11.0
2026-09-12T04:36:12Z,1053S75605C2,1053S,,SCHEDULED,0,0.0
2026-09-12T04:36:12Z,1053S27406C4b,1053S,,SCHEDULED,60,1.0
2026-09-12T04:36:12Z,1053S27409C4b,1053S,,SCHEDULED,420,7.0
2026-09-12T04:36:12Z,1053S27004C3,1053S,,SCHEDULED,300,5.0
2026-09-12T04:36:12Z,1053S75603C2,1053S,,SCHEDULED,180,3.0
2026-09-12T04:36:12Z,1053S75800C7,1053S,,SCHEDULED,360,6.0
2026-09-12T04:36:12Z,1053S75601C2,1053S,,SCHEDULED,600,10.0
2026-09-12T04:36:12Z,1053S27002C3,1053S,,SCHEDULED,300,5.0
2026-09-12T04:36:12Z,1053S75204C10,1053S,,SCHEDULED,0,0.0
2026-09-12T04:36:12Z,1053S75815C7,1053S,,SCHEDULED,0,0.0
2026-09-12T04:36:12Z,1053S75813C7,1053S,,SCHEDULED,540,9.0
2026-09-12T04:36:12Z,1053S27007C3,1053S,,SCHEDULED,0,0.0
2026-09-12T04:36:12Z,1053S27216C4a,1053S,,SCHEDULED,0,0.0
2026-09-12T04:36:12Z,1053S75202C10,1053S,,SCHEDULED,0,0.0
2026-09-12T04:36:12Z,1053S27602C8b,1053S,,SCHEDULED,0,0.0
2026-09-12T04:36:12Z,1053S27217C4a,1053S,,SCHEDULED,0,0.0
2026-09-12T04:36:12Z,1053S27415C4b,1053S,,SCHEDULED,180,3.0
2026-09-12T04:36:12Z,1053S27404C4b,1053S,,SCHEDULED,120,2.0
2026-09-12T04:36:12Z,1053S27214C4a,1053S,,SCHEDULED,60,1.0
2026-09-12T04:36:12Z,1053S27215C4a,1053S,,SCHEDULED,0,0.0
2026-09-12T04:36:12Z,1053S27005C3,1053S,,SCHEDULED,60,1.0
2026-09-12T04:36:12Z,1053S27417C4b,1053S,,SCHEDULED,0,0.0
2026-09-12T04:36:12Z,1053S27410C4b,1053S,,SCHEDULED,0,0.0
2026-09-12T04:36:12Z,1053S27006C3,1053S,,SCHEDULED,0,0.0
2026-09-12T04:36:12Z,1053S75002C8a,1053S,,SCHEDULED,180,3.0
2026-09-12T04:36:12Z,1053S27402C4,1053S,,SCHEDULED,420,7.0
2026-09-12T04:36:12Z,1053S75001C8a,1053S,,SCHEDULED,240,4.0
2026-09-12T04:36:12Z,1053S27209C4a,1053S,,SCHEDULED,360,6.0
2026-09-12T04:41:13Z,3053S23507C1,3053S,,SCHEDULED,480,8.0
2026-09-12T04:41:13Z,3053S23506C1,3053S,,SCHEDULED,420,7.0
2026-09-12T04:41:13Z,3053S23703C5,3053S,,SCHEDULED,60,1.0
2026-09-12T04:41:13Z,3053S23605C4,3053S,,SCHEDULED,0,0.0
2026-09-12T04:41:13Z,3153S23424T1,3153S,,SCHEDULED,0,0.0
2026-09-12T04:41:13Z,3253S23304C1,3253S,,SCHEDULED,0,0.0
2026-09-12T04:41:13Z,3253S23305C1,3253S,,SCHEDULED,60,1.0
2026-09-12T04:41:13Z,3253S23302C1,3253S,,SCHEDULED,60,1.0
2026-09-12T04:41:13Z,3253S23307C1,3253S,,SCHEDULED,0,0.0
2026-09-12T04:41:13Z,4053S24204C1,4053S,,SCHEDULED,0,0.0
2026-09-12T04:41:13Z,4053S80017C3,4053S,,SCHEDULED,0,0.0
2026-09-12T04:41:13Z,4053S24303C6,4053S,,SCHEDULED,0,0.0
2026-09-12T04:41:13Z,4053S24007C2,4053S,,SCHEDULED,0,0.0
2026-09-12T04:41:13Z,4053S24205C1,4053S,,SCHEDULED,0,0.0
2026-09-12T04:41:13Z,4053S24002C2,4053S,,SCHEDULED,-60,-1.0
2026-09-12T04:41:13Z,4053S76602C3,4053S,,SCHEDULED,60,1.0
2026-09-12T04:41:13Z,4053S24003C2,4053S,,SCHEDULED,0,0.0
2026-09-12T04:41:13Z,4053S84003C2,4053S,,SCHEDULED,0,0.0
2026-09-12T04:41:13Z,4053S24302C6,4053S,,SCHEDULED,-120,-2.0
2026-09-12T04:41:13Z,4053S84006C2,4053S,,SCHEDULED,0,0.0
2026-09-12T04:41:13Z,4053S24001C2,4053S,,SCHEDULED,360,6.0
2026-09-12T04:41:13Z,5153S30530R15,5153S,,SCHEDULED,0,0.0
2026-09-12T04:41:13Z,5153S15850R11,5153S,,SCHEDULED,0,0.0
2026-09-12T04:41:13Z,5153S25604R1,5153S,,SCHEDULED,1380,23.0
2026-09-12T04:41:13Z,5153S25603R1,5153S,,SCHEDULED,660,11.0
2026-09-12T04:41:13Z,5153S28404R2N,5153S,,SCHEDULED,0,0.0
2026-09-12T04:41:13Z,5153S28408R2N,5153S,,SCHEDULED,-120,-2.0
2026-09-12T04:41:13Z,5153S25612R1,5153S,,SCHEDULED,120,2.0
2026-09-12T04:41:13Z,5153S78600R8,5153S,,SCHEDULED,0,0.0
2026-09-12T04:41:13Z,5153S77312R3,5153S,,SCHEDULED,-120,-2.0
2026-09-12T04:41:13Z,5153S77800R7,5153S,,SCHEDULED,0,0.0
2026-09-12T04:41:13Z,5153S77404R4,5153S,,SCHEDULED,60,1.0
2026-09-12T04:41:13Z,5153S77314R3,5153S,,SCHEDULED,240,4.0
2026-09-12T04:41:13Z,5153S25562R2S,5153S,,SCHEDULED,0,0.0
2026-09-12T04:41:13Z,5153S77801R7,5153S,,SCHEDULED,60,1.0
2026-09-12T04:41:13Z,5153S15902R11,5153S,,SCHEDULED,0,0.0
2026-09-12T04:41:13Z,5153S77504R4,5153S,,SCHEDULED,600,10.0
2026-09-12T04:41:13Z,5153S35518R3,5153S,,SCHEDULED,180,3.0
2026-09-12T04:41:13Z,5153S25606R1,5153S,,SCHEDULED,240,4.0
2026-09-12T04:41:13Z,5153S77508R4,5153S,,SCHEDULED,180,3.0
2026-09-12T04:41:13Z,5153S25608R1,5153S,,SCHEDULED,120,2.0
2026-09-12T04:41:13Z,5153S28406R2N,5153S,,SCHEDULED,240,4.0
2026-09-12T04:41:13Z,5153S77400R4,5153S,,SCHEDULED,300,5.0
2026-09-12T04:41:13Z,5153S15040R13,5153S,,SCHEDULED,-240,-4.0
2026-09-12T04:41:13Z,5153S78632R8,5153S,,SCHEDULED,180,3.0
2026-09-12T04:41:13Z,5153S25600R1,5153S,,SCHEDULED,120,2.0
2026-09-12T04:41:13Z,5153S77500R4,5153S,,SCHEDULED,0,0.0
2026-09-12T04:41:13Z,5153S25501R2S,5153S,,SCHEDULED,120,2.0
2026-09-12T04:41:13Z,5153S25404R2N,5153S,,SCHEDULED,60,1.0
2026-09-12T04:41:13Z,5153S25502R2S,5153S,,SCHEDULED,60,1.0
2026-09-12T04:41:13Z,5153S25601R1,5153S,,SCHEDULED,660,11.0
2026-09-12T04:41:13Z,6053S29509C2,6053S,,SCHEDULED,0,0.0
2026-09-12T04:41:13Z,6053S29611C1,6053S,,SCHEDULED,300,5.0
2026-09-12T04:41:13Z,6053S29506C2,6053S,,SCHEDULED,540,9.0
2026-09-12T04:41:13Z,6053S26504C3,6053S,,SCHEDULED,60,1.0
2026-09-12T04:41:13Z,6053S29610C1,6053S,,SCHEDULED,0,0.0
2026-09-12T04:41:13Z,6053S26506C3,6053S,,SCHEDULED,0,0.0
2026-09-12T04:41:13Z,6053S26508C3,6053S,,SCHEDULED,0,0.0
2026-09-12T04:41:13Z,6053S71503C4,6053S,,SCHEDULED,60,1.0
2026-09-12T04:41:13Z,6053S26507C3,6053S,,SCHEDULED,60,1.0
2026-09-12T04:41:13Z,6153S35665C1,6153S,,SCHEDULED,0,0.0
2026-09-12T04:41:13Z,6153S35613C1,6153S,,SCHEDULED,120,2.0
2026-09-12T04:41:13Z,6253S71154C2,6253S,,SCHEDULED,60,1.0
2026-09-12T04:41:13Z,6253S71152C2,6253S,,SCHEDULED,240,4.0
2026-09-12T04:41:13Z,4753S71080C1,4753S,,SCHEDULED,0,0.0
2026-09-12T04:41:13Z,2053S22003C1,2053S,,SCHEDULED,0,0.0
2026-09-12T04:41:13Z,2053S22201C2,2053S,,SCHEDULED,180,3.0
2026-09-12T04:41:13Z,2053S22202C2,2053S,,SCHEDULED,360,6.0
2026-09-12T04:41:13Z,2053S70250C4,2053S,,SCHEDULED,0,0.0
2026-09-12T04:41:13Z,2053S22002C1,2053S,,SCHEDULED,60,1.0
2026-09-12T04:41:13Z,2053S70901C8,2053S,,SCHEDULED,0,0.0
2026-09-12T04:41:13Z,2053S70505C7,2053S,,SCHEDULED,0,0.0
2026-09-12T04:41:13Z,2053S70803C6,2053S,,SCHEDULED,0,0.0
2026-09-12T04:41:13Z,2053S22004C1,2053S,,SCHEDULED,180,3.0
2026-09-12T04:41:13Z,2053S22105C1,2053S,,SCHEDULED,120,2.0
2026-09-12T04:41:13Z,2053S70503C7,2053S,,SCHEDULED,0,0.0
2026-09-12T04:41:13Z,2053S70756C6,2053S,,SCHEDULED,300,5.0
2026-09-12T04:41:13Z,2053S70402C5,2053S,,SCHEDULED,0,0.0
2026-09-12T04:41:13Z,2053S70204C4,2053S,,SCHEDULED,0,0.0
2026-09-12T04:41:13Z,2053S70853C6,2053S,,SCHEDULED,900,15.0
2026-09-12T04:41:13Z,2053S70932C8,2053S,,SCHEDULED,60,1.0
2026-09-12T04:41:13Z,2053S70403C5,2053S,,SCHEDULED,0,0.0
2026-09-12T04:41:13Z,2053S70563C5a,2053S,,SCHEDULED,0,0.0
2026-09-12T04:41:13Z,2053S70251C4,2053S,,SCHEDULED,0,0.0
2026-09-12T04:41:13Z,4153S84904C2,4153S,,SCHEDULED,360,6.0
2026-09-12T04:41:13Z,4153S24702C1,4153S,,SCHEDULED,300,5.0
2026-09-12T04:41:13Z,4153S24703C1,4153S,,SCHEDULED,120,2.0
2026-09-12T04:41:13Z,4553S71700C1,4553S,,SCHEDULED,0,0.0
2026-09-12T04:41:13Z,4553S71701C1,4553S,,SCHEDULED,120,2.0
2026-09-12T04:41:13Z,1053S27410C4b,1053S,,SCHEDULED,0,0.0
2026-09-12T04:41:13Z,1053S27212C4a,1053S,,SCHEDULED,0,0.0
2026-09-12T04:41:13Z,1053S27213C4a,1053S,,SCHEDULED,1080,18.0
2026-09-12T04:41:13Z,1053S27411C4b,1053S,,SCHEDULED,720,12.0
2026-09-12T04:41:13Z,1053S27210C4a,1053S,,SCHEDULED,180,3.0
2026-09-12T04:41:13Z,1053S27211C4a,1053S,,SCHEDULED,1920,32.0
2026-09-12T04:41:13Z,1053S75809C7,1053S,,SCHEDULED,1500,25.0
2026-09-12T04:41:13Z,1053S75808C7,1053S,,SCHEDULED,0,0.0
2026-09-12T04:41:13Z,1053S75806C7,1053S,,SCHEDULED,0,0.0
2026-09-12T04:41:13Z,1053S27708C5,1053S,,SCHEDULED,0,0.0
2026-09-12T04:41:13Z,1053S27709C5,1053S,,SCHEDULED,720,12.0
2026-09-12T04:41:13Z,1053S75506C2,1053S,,SCHEDULED,120,2.0
2026-09-12T04:41:13Z,1053S27707C5,1053S,,SCHEDULED,1380,23.0
2026-09-12T04:41:13Z,1053S75504C2,1053S,,SCHEDULED,60,1.0
2026-09-12T04:41:13Z,1053S75304C10,1053S,,SCHEDULED,0,0.0
2026-09-12T04:41:13Z,1053S75106C10,1053S,,SCHEDULED,0,0.0
2026-09-12T04:41:13Z,1053S75502C2,1053S,,SCHEDULED,300,5.0
2026-09-12T04:41:13Z,1053S75501C2,1053S,,SCHEDULED,180,3.0
2026-09-12T04:41:13Z,1053S75104C10,1053S,,SCHEDULED,120,2.0
2026-09-12T04:41:13Z,1053S19807C1,1053S,,SCHEDULED,0,0.0
2026-09-12T04:41:13Z,1053S19806C1,1053S,,SCHEDULED,0,0.0
2026-09-12T04:41:13Z,1053S27711C5,1053S,,SCHEDULED,180,3.0
2026-09-12T04:41:13Z,1053S27712C5,1053S,,SCHEDULED,120,2.0
2026-09-12T04:41:13Z,1053S27710C5,1053S,,SCHEDULED,0,0.0
2026-09-12T04:41:13Z,1053S27715C5,1053S,,SCHEDULED,0,0.0
2026-09-12T04:41:13Z,1053S27716C5,1053S,,SCHEDULED,0,0.0
2026-09-12T04:41:13Z,1053S27713C5,1053S,,SCHEDULED,0,0.0
2026-09-12T04:41:13Z,1053S27714C5,1053S,,SCHEDULED,0,0.0
2026-09-12T04:41:13Z,1053S19811C1,1053S,,SCHEDULED,0,0.0
2026-09-12T04:41:13Z,1053S75001C8a,1053S,,SCHEDULED,240,4.0
2026-09-12T04:41:13Z,1053S27209C4a,1053S,,SCHEDULED,180,3.0
2026-09-12T04:41:13Z,1053S27408C4b,1053S,,SCHEDULED,300,5.0
2026-09-12T04:41:13Z,1053S75000C8a,1053S,,SCHEDULED,540,9.0
2026-09-12T04:41:13Z,1053S75302C10,1053S,,SCHEDULED,240,4.0
2026-09-12T04:41:13Z,1053S27009C3,1053S,,SCHEDULED,0,0.0
2026-09-12T04:41:13Z,1053S75500C2,1053S,,SCHEDULED,1020,17.0
2026-09-12T04:41:13Z,1053S27208C4,1053S,,SCHEDULED,600,10.0
2026-09-12T04:41:13Z,1053S75301C10,1053S,,SCHEDULED,120,2.0
2026-09-12T04:41:13Z,1053S27406C4b,1053S,,SCHEDULED,240,4.0
2026-09-12T04:41:13Z,1053S27902C5,1053S,,SCHEDULED,0,0.0
2026-09-12T04:41:13Z,1053S27003C3,1053S,,SCHEDULED,180,3.0
2026-09-12T04:41:13Z,1053S27903C5,1053S,,SCHEDULED,0,0.0
2026-09-12T04:41:13Z,1053S27705C5,1053S,,SCHEDULED,60,1.0
2026-09-12T04:41:13Z,1053S27004C3,1053S,,SCHEDULED,300,5.0
2026-09-12T04:41:13Z,1053S27901C5,1053S,,SCHEDULED,0,0.0
2026-09-12T04:41:13Z,1053S27002C3,1053S,,SCHEDULED,300,5.0
2026-09-12T04:41:13Z,1053S75815C7,1053S,,SCHEDULED,0,0.0
2026-09-12T04:41:13Z,1053S19809C1,1053S,,SCHEDULED,300,5.0
2026-09-12T04:41:13Z,1053S75813C7,1053S,,SCHEDULED,180,3.0
2026-09-12T04:41:13Z,1053S75811C7,1053S,,SCHEDULED,120,2.0
2026-09-12T04:41:13Z,1053S19808C1,1053S,,SCHEDULED,0,0.0
2026-09-12T04:41:13Z,1053S27216C4a,1053S,,SCHEDULED,0,0.0
2026-09-12T04:41:13Z,1053S27217C4a,1053S,,SCHEDULED,0,0.0
2026-09-12T04:41:13Z,1053S19804C1,1053S,,SCHEDULED,120,2.0
2026-09-12T04:41:13Z,1053S27415C4b,1053S,,SCHEDULED,480,8.0
2026-09-12T04:41:13Z,1053S75804C7,1053S,,SCHEDULED,0,0.0
2026-09-12T04:41:13Z,1053S27214C4a,1053S,,SCHEDULED,60,1.0
2026-09-12T04:41:13Z,1053S27215C4a,1053S,,SCHEDULED,0,0.0
2026-09-12T04:41:13Z,1053S75605C2,1053S,,SCHEDULED,0,0.0
2026-09-12T04:41:13Z,1053S27413C4b,1053S,,SCHEDULED,0,0.0
2026-09-12T04:41:13Z,1053S27409C4b,1053S,,SCHEDULED,480,8.0
2026-09-12T04:41:13Z,1053S75802C7,1053S,,SCHEDULED,180,3.0
2026-09-12T04:41:13Z,1053S27417C4b,1053S,,SCHEDULED,0,0.0
2026-09-12T04:41:13Z,1053S75603C2,1053S,,SCHEDULED,240,4.0
2026-09-12T04:41:13Z,1053S75800C7,1053S,,SCHEDULED,180,3.0
2026-09-12T04:41:13Z,1053S75601C2,1053S,,SCHEDULED,360,6.0
2026-09-12T04:41:13Z,1053S75600C2,1053S,,SCHEDULED,0,0.0
2026-09-12T04:41:13Z,1053S75204C10,1053S,,SCHEDULED,0,0.0
2026-09-12T04:41:13Z,1053S27007C3,1053S,,SCHEDULED,0,0.0
2026-09-12T04:41:13Z,1053S75004C8a,1053S,,SCHEDULED,0,0.0
2026-09-12T04:41:13Z,1053S27008C3,1053S,,SCHEDULED,0,0.0
2026-09-12T04:41:13Z,1053S75202C10,1053S,,SCHEDULED,0,0.0
2026-09-12T04:41:13Z,1053S27602C8b,1053S,,SCHEDULED,180,3.0
2026-09-12T04:41:13Z,1053S27404C4b,1053S,,SCHEDULED,420,7.0
2026-09-12T04:41:13Z,1053S27005C3,1053S,,SCHEDULED,60,1.0
2026-09-12T04:41:13Z,1053S27006C3,1053S,,SCHEDULED,120,2.0
2026-09-12T04:41:13Z,1053S75002C8a,1053S,,SCHEDULED,60,1.0
2026-09-12T04:41:13Z,1053S27402C4,1053S,,SCHEDULED,600,10.0
